timestamp,feedback,magnitude,reward,cart_position,cart_velocity,pole_angle,pole_velocity,episode,timestep
0.0006163120269775391,positive,10.0,10.0,-0.006019119638949633,-0.17264318466186523,-0.019172130152583122,0.2817889153957367,0,1
0.0007061958312988281,positive,10.0,10.0,-0.016821714118123055,-0.5624160170555115,-0.002169074025005102,0.8567517995834351,0,3
0.0007491111755371094,positive,10.0,10.0,-0.028070032596588135,-0.7575083374977112,0.014965961687266827,1.1487518548965454,0,4
0.0008521080017089844,positive,10.0,10.0,-0.06963595002889633,-0.5638401508331299,0.07846031337976456,0.8902742862701416,0,7
0.0010156631469726562,negative,10.0,-10.0,-0.11847417801618576,-0.3763449788093567,0.16174301505088806,0.772820770740509,0,12
0.001056671142578125,negative,10.0,-10.0,-0.12600107491016388,-0.18377399444580078,0.17719942331314087,0.5350797772407532,0,13
0.0010945796966552734,negative,10.0,-10.0,-0.12967656552791595,-0.3808870017528534,0.18790102005004883,0.8779438734054565,0,14
0.00026106834411621094,positive,10.0,10.0,0.009322486817836761,-0.3703230619430542,-0.035993654280900955,0.5914510488510132,1,2
0.0003108978271484375,positive,10.0,10.0,0.001916025299578905,-0.564923107624054,-0.024164633825421333,0.872582197189331,1,3
0.00040149688720703125,positive,10.0,10.0,-0.024576600641012192,-0.5644994378089905,0.016438426449894905,0.8627907037734985,1,5
0.0004425048828125,positive,10.0,10.0,-0.035866592079401016,-0.7598413228988647,0.03369424119591713,1.1605966091156006,1,6
0.0005278587341308594,positive,10.0,10.0,-0.062366899102926254,-0.7610211968421936,0.07447949051856995,1.1886823177337646,1,8
0.0006856918334960938,negative,10.0,-10.0,-0.10419096052646637,-0.9596522450447083,0.1415003538131714,1.5689496994018555,1,11
0.0005974769592285156,positive,10.0,10.0,0.040269795805215836,-0.2067183256149292,0.006308751180768013,0.33246979117393494,2,1
0.0008366107940673828,positive,10.0,10.0,0.0239570215344429,-0.012240814976394176,0.0322720892727375,0.05402802303433418,2,4
0.0012793540954589844,positive,10.0,10.0,0.0028405857738107443,-0.7956371903419495,0.07103101909160614,1.2911224365234375,2,10
0.0015361309051513672,negative,10.0,-10.0,-0.04105701297521591,-0.9941421151161194,0.14414243400096893,1.669909119606018,2,13
0.0003139972686767578,positive,10.0,10.0,0.023434706032276154,0.037943385541439056,-0.012110423296689987,0.04447204992175102,3,0
0.00042557716369628906,positive,10.0,10.0,0.024193573743104935,-0.15700283646583557,-0.011220982298254967,0.3333095610141754,3,1
0.0006568431854248047,positive,10.0,10.0,0.01401425153017044,-0.15677803754806519,0.007893867790699005,0.3283189833164215,3,3
0.0011484622955322266,positive,10.0,10.0,-0.03220634534955025,-0.5501176714897156,0.0903252437710762,0.9851910471916199,3,9
0.00015163421630859375,positive,10.0,10.0,0.03482148423790932,0.034984786063432693,0.04401617497205734,0.011237542144954205,4,0
0.0003364086151123047,positive,10.0,10.0,0.0251771192997694,-0.5522535443305969,0.06306599825620651,0.9319540858268738,4,3
0.0005578994750976562,negative,10.0,-10.0,-0.022461267188191414,-0.7535442113876343,0.1495899260044098,1.3721290826797485,4,8
0.0006005764007568359,negative,10.0,-10.0,-0.037532150745391846,-0.9501863121986389,0.1770325005054474,1.7076138257980347,4,9
0.00040984153747558594,positive,10.0,10.0,0.037467192858457565,-0.16797243058681488,-0.03276768699288368,0.2665901482105255,5,1
0.0008375644683837891,positive,10.0,10.0,-0.02049381658434868,-0.5581069588661194,0.053754933178424835,0.8502598404884338,5,9
0.0009250640869140625,positive,10.0,10.0,-0.03893110901117325,-0.5597964525222778,0.08225919306278229,0.8890617489814758,5,11
0.0010516643524169922,negative,10.0,-10.0,-0.08428958058357239,-1.1485763788223267,0.1547432243824005,1.8574285507202148,5,14
0.0010919570922851562,negative,10.0,-10.0,-0.10726110637187958,-0.9554552435874939,0.19189180433750153,1.6165215969085693,5,15
0.0002110004425048828,positive,10.0,10.0,0.023794008418917656,-0.21844421327114105,0.014074188657104969,0.33484122157096863,6,1
0.0002617835998535156,positive,10.0,10.0,0.019425123929977417,-0.4137636125087738,0.02077101357281208,0.6319289803504944,6,2
0.00030517578125,positive,10.0,10.0,0.011149851605296135,-0.6091691255569458,0.033409591764211655,0.9310802221298218,6,3
0.00040459632873535156,positive,10.0,10.0,-0.009323802776634693,-0.6103202700614929,0.06501280516386032,0.957683265209198,6,5
0.00015664100646972656,positive,10.0,10.0,0.014580236747860909,0.03760864958167076,0.026589564979076385,0.03165232017636299,7,0
0.0003426074981689453,positive,10.0,10.0,0.005107064265757799,-0.1587495058774948,0.04654962569475174,0.35192087292671204,7,3
0.00039076805114746094,positive,10.0,10.0,0.001932073850184679,0.035680633038282394,0.05358804389834404,0.07427222281694412,7,4
0.0005259513854980469,positive,10.0,10.0,-0.007678169757127762,-0.5519595146179199,0.07659878581762314,1.0046515464782715,7,7
0.0006613731384277344,negative,10.0,-10.0,-0.05256205424666405,-1.1405484676361084,0.1559329479932785,1.9700504541397095,7,10
0.0007042884826660156,negative,10.0,-10.0,-0.07537302374839783,-1.336936116218567,0.19533395767211914,2.3067164421081543,7,11
0.0003159046173095703,positive,10.0,10.0,0.010068513453006744,-0.4390682578086853,0.044770073145627975,0.6220417022705078,8,4
0.00036072731018066406,positive,10.0,10.0,0.0012871483340859413,-0.2445991337299347,0.057210907340049744,0.3437882661819458,8,5
0.00044798851013183594,positive,10.0,10.0,-0.004611549433320761,-0.24631516635417938,0.06548028439283371,0.38187503814697266,8,7
0.0005345344543457031,positive,10.0,10.0,-0.01838390901684761,-0.24826714396476746,0.0870070680975914,0.42566555738449097,8,9
0.0007951259613037109,negative,10.0,-10.0,-0.04468439891934395,0.13241620361804962,0.14141884446144104,0.050164587795734406,8,15
0.0008363723754882812,negative,10.0,-10.0,-0.04203607514500618,0.32525697350502014,0.1424221396446228,-0.19477015733718872,8,16
0.0008754730224609375,negative,10.0,-10.0,-0.035530935972929,0.12841542065143585,0.13852673768997192,0.13923335075378418,8,17
0.0009160041809082031,negative,10.0,-10.0,-0.032962627708911896,0.32130950689315796,0.1413114070892334,-0.10673930495977402,8,18
0.0009558200836181641,negative,10.0,-10.0,-0.02653643861413002,0.12447506934404373,0.1391766220331192,0.22697673738002777,8,19
0.0009953975677490234,negative,10.0,-10.0,-0.024046937003731728,-0.07233309000730515,0.14371615648269653,0.5601204037666321,8,20
0.001033782958984375,negative,10.0,-10.0,-0.025493599474430084,-0.26914864778518677,0.15491856634616852,0.8944073915481567,8,21
0.001115560531616211,negative,10.0,-10.0,-0.03240513801574707,-0.27348148822784424,0.18588976562023163,0.9958831071853638,8,23
0.0002231597900390625,positive,10.0,10.0,0.002888970309868455,0.003363810246810317,-0.03928547725081444,0.034523412585258484,9,0
0.0003361701965332031,positive,10.0,10.0,0.002956246491521597,-0.19117340445518494,-0.038595009595155716,0.31455710530281067,9,1
0.0006363391876220703,positive,10.0,10.0,-0.020189324393868446,-0.384986937046051,-0.0028642506804317236,0.5781296491622925,9,4
0.0008022785186767578,positive,10.0,10.0,-0.039490435272455215,-0.38506606221199036,0.026096519082784653,0.5799733996391296,9,6
0.0008761882781982422,positive,10.0,10.0,-0.04719175770878792,-0.19031934440135956,0.0376959852874279,0.2956242859363556,9,7
0.0011169910430908203,positive,10.0,10.0,-0.054742708802223206,-0.3871926963329315,0.050333380699157715,0.6273817420005798,9,10
0.0012714862823486328,positive,10.0,10.0,-0.06634272634983063,-0.38876527547836304,0.06990033388137817,0.6627955436706543,9,12
0.001542806625366211,positive,10.0,10.0,-0.07802831381559372,0.19287584722042084,0.09356585890054703,-0.1350727528333664,9,15
0.0016198158264160156,positive,10.0,10.0,-0.0741707980632782,-0.003453096840530634,0.0908644050359726,0.18560077250003815,9,16
0.002031564712524414,positive,10.0,10.0,-0.05918065086007118,0.5747922658920288,0.09198363870382309,-0.5387282967567444,9,21
0.0023279190063476562,positive,10.0,10.0,-0.02114189602434635,0.1802455335855484,0.0637742429971695,0.14442402124404907,9,25
0.002582550048828125,positive,10.0,10.0,-0.00648123724386096,0.3725372850894928,0.06782258301973343,-0.08631869405508041,9,28
0.0026514530181884766,positive,10.0,10.0,0.0009695088374428451,0.17651201784610748,0.06609620898962021,0.22696776688098907,9,29
0.002801179885864258,positive,10.0,10.0,0.004109965171664953,-0.21552929282188416,0.08143047988414764,0.8538222312927246,9,31
0.0033202171325683594,positive,10.0,10.0,0.05523233115673065,0.7488299012184143,0.0921209529042244,-0.3654968738555908,9,38
0.003393411636352539,positive,10.0,10.0,0.07020892947912216,0.5525277853012085,0.0848110169172287,-0.04524698480963707,9,39
0.0035309791564941406,positive,10.0,10.0,0.08125948160886765,0.3562985360622406,0.08390607684850693,0.2729434669017792,9,40
0.004811525344848633,negative,10.0,-10.0,0.22134807705879211,0.33462899923324585,0.1535179615020752,0.7581830024719238,9,54
0.004884004592895508,negative,10.0,-10.0,0.2280406653881073,0.5273397564888,0.16868162155151367,0.5174736976623535,9,55
0.005110740661621094,negative,10.0,-10.0,0.2712204158306122,0.7146884799003601,0.18569839000701904,0.3958226144313812,9,58
0.005252361297607422,negative,10.0,-10.0,0.2958638668060303,0.7094812989234924,0.20843134820461273,0.5147787928581238,9,60
0.0005335807800292969,positive,10.0,10.0,-0.03319013491272926,-0.19903410971164703,-0.01811329275369644,0.2516986131668091,10,1
0.0007376670837402344,positive,10.0,10.0,-0.03717081993818283,-0.3938927948474884,-0.013079321011900902,0.5386136770248413,10,2
0.0009217262268066406,positive,10.0,10.0,-0.04504867270588875,-0.19858942925930023,-0.0023070480674505234,0.2418384701013565,10,3
0.0018587112426757812,positive,10.0,10.0,-0.07654868066310883,-0.5894241333007812,0.040526438504457474,0.8406778573989868,10,7
0.002051830291748047,positive,10.0,10.0,-0.09623473137617111,-0.20060588419437408,0.06856019794940948,0.2869292199611664,10,9
0.0022253990173339844,positive,10.0,10.0,-0.10037735104560852,-0.20262975990772247,0.07463144510984421,0.3318020701408386,10,11
0.0023822784423828125,positive,10.0,10.0,-0.10460285097360611,0.18522335588932037,0.08253861218690872,-0.20242023468017578,10,13
0.002610921859741211,positive,10.0,10.0,-0.08185682445764542,0.3769988417625427,0.05443256348371506,-0.4213006794452667,10,16
0.0027573108673095703,positive,10.0,10.0,-0.07069385051727295,-0.014600332826375961,0.04376721382141113,0.19486871361732483,10,18
0.002977609634399414,positive,10.0,10.0,-0.07551028579473495,0.17835071682929993,0.06216004118323326,-0.05020154267549515,10,21
0.003065824508666992,positive,10.0,10.0,-0.07194327563047409,-0.017604926601052284,0.0611560121178627,0.26142752170562744,10,22
0.003143787384033203,positive,10.0,10.0,-0.07229537516832352,-0.21354413032531738,0.06638456135988235,0.5727555155754089,10,23
0.003536224365234375,positive,10.0,10.0,-0.054854024201631546,0.3660088777542114,0.070046067237854,-0.17862246930599213,10,28
0.0036928653717041016,positive,10.0,10.0,-0.04413468390703201,-0.026049908250570297,0.06917980313301086,0.4482007920742035,10,30
0.0053558349609375,negative,10.0,-10.0,0.07768628001213074,0.5301560163497925,0.14191941916942596,0.21449390053749084,10,49
0.005467891693115234,negative,10.0,-10.0,0.08828940242528915,0.7229939103126526,0.14620929956436157,-0.030270466580986977,10,50
0.005645036697387695,negative,10.0,-10.0,0.11327149718999863,0.7188901305198669,0.15169860422611237,0.06128306686878204,10,52
0.00574946403503418,negative,10.0,-10.0,0.12764929234981537,0.9115483164787292,0.15292426943778992,-0.17995695769786835,10,53
0.00583958625793457,negative,10.0,-10.0,0.14588026702404022,0.7146064639091492,0.14932513236999512,0.15679305791854858,10,54
0.006159543991088867,negative,10.0,-10.0,0.20279096066951752,1.0952301025390625,0.16762863099575043,-0.22138115763664246,10,58
0.0062334537506103516,negative,10.0,-10.0,0.22469556331634521,0.8981582522392273,0.1632010042667389,0.11913543939590454,10,59
0.006341457366943359,negative,10.0,-10.0,0.24265871942043304,1.090611457824707,0.16558371484279633,-0.11794014275074005,10,60
0.006417751312255859,negative,10.0,-10.0,0.2644709646701813,1.2830216884613037,0.16322492063045502,-0.35414832830429077,10,61
0.006510496139526367,negative,10.0,-10.0,0.2901313900947571,1.0860008001327515,0.1561419516801834,-0.0147697189822793,10,62
0.0065860748291015625,negative,10.0,-10.0,0.3118514120578766,1.2785788774490356,0.15584655106067657,-0.25440332293510437,10,63
0.006659507751464844,negative,10.0,-10.0,0.3374229669570923,1.0816148519515991,0.15075848996639252,0.08309564739465714,10,64
0.00021219253540039062,positive,10.0,10.0,-0.045896247029304504,0.006029176991432905,-0.030461393296718597,0.048753660172224045,11,0
0.0004296302795410156,positive,10.0,10.0,-0.049548521637916565,0.006885942537337542,-0.02285287342965603,0.029838550835847855,11,2
0.0005075931549072266,positive,10.0,10.0,-0.049410805106163025,-0.18790096044540405,-0.02225610241293907,0.31522443890571594,11,3
0.0006618499755859375,positive,10.0,10.0,-0.060822803527116776,-0.18735750019550323,-0.003935488872230053,0.30314183235168457,11,5
0.0007302761077880859,positive,10.0,10.0,-0.06456995010375977,0.007820318453013897,0.0021273482125252485,0.00922035425901413,11,6
0.0008742809295654297,positive,10.0,10.0,-0.06035531312227249,0.0077568478882312775,-0.0033440568950027227,0.010620535351336002,11,8
0.0009372234344482422,positive,10.0,10.0,-0.060200173407793045,-0.18731698393821716,-0.0031316461972892284,0.3022465109825134,11,9
0.0010004043579101562,positive,10.0,10.0,-0.06394651532173157,0.00784945860505104,0.002913283882662654,0.008577565662562847,11,10
0.0013549327850341797,positive,10.0,10.0,-0.09439793974161148,-0.5785415768623352,0.05098024010658264,0.9100518822669983,11,15
0.0014941692352294922,positive,10.0,10.0,-0.11365167796611786,-0.1900530755519867,0.08185763657093048,0.36369919776916504,11,17
0.0023708343505859375,positive,10.0,10.0,-0.06730927526950836,-0.009667417965829372,0.06217748299241066,0.39556464552879333,11,28
0.002514362335205078,positive,10.0,10.0,-0.07161490619182587,-0.011529359966516495,0.08423247188329697,0.43736201524734497,11,30
0.0027837753295898438,negative,10.0,-10.0,-0.08828973770141602,-0.017335178330540657,0.1459808647632599,0.5696235299110413,11,34
0.002847433090209961,negative,10.0,-10.0,-0.08863644301891327,-0.21417029201984406,0.1573733389377594,0.9045019149780273,11,35
0.003047943115234375,negative,10.0,-10.0,-0.09772087633609772,-0.4156334102153778,0.20891636610031128,1.3530454635620117,11,38
0.0003788471221923828,positive,10.0,10.0,0.04691895470023155,-0.19623316824436188,-0.01783972978591919,0.29687103629112244,12,1
0.0005743503570556641,positive,10.0,10.0,0.04297706112265587,0.19442909955978394,-0.01192999817430973,-0.2977987825870514,12,3
0.0006530284881591797,positive,10.0,10.0,0.046865642070770264,-0.0005207709618844092,-0.017885973677039146,-0.008902120403945446,12,4
0.0007317066192626953,positive,10.0,10.0,0.046855226159095764,-0.19538170099258423,-0.018064016476273537,0.27808433771133423,12,5
0.0008075237274169922,positive,10.0,10.0,0.042947594076395035,-6.774220310035162e-06,-0.012502330355346203,-0.0202407818287611,12,6
0.0010530948638916016,positive,10.0,10.0,0.03905564546585083,-0.19465652108192444,-0.00810280442237854,0.2620408236980438,12,9
0.0012097358703613281,positive,10.0,10.0,0.03517411649227142,-0.1945006400346756,-0.003525723470374942,0.25859180092811584,12,11
0.00128173828125,positive,10.0,10.0,0.03128410503268242,-0.3895720839500427,0.0016461123013868928,0.5501605868339539,12,12
0.0013890266418457031,positive,10.0,10.0,0.023492662236094475,-0.1944732815027237,0.012649323791265488,0.25799673795700073,12,13
0.0014712810516357422,positive,10.0,10.0,0.019603196531534195,-0.38977351784706116,0.01780925877392292,0.5546424388885498,12,14
0.0015463829040527344,positive,10.0,10.0,0.011807726696133614,-0.5851409435272217,0.02890210784971714,0.8528828024864197,12,15
0.0017168521881103516,positive,10.0,10.0,-0.007703585550189018,-0.1959764063358307,0.05734828859567642,0.29156938195228577,12,17
0.0017924308776855469,positive,10.0,10.0,-0.011623113416135311,-0.39186716079711914,0.06317967921495438,0.6017736196517944,12,18
0.0019481182098388672,positive,10.0,10.0,-0.023414121940732002,-0.003708093659952283,0.08180797845125198,0.061593689024448395,12,20
0.0020220279693603516,positive,10.0,10.0,-0.023488283157348633,0.1901514232158661,0.08303984999656677,-0.20419833064079285,12,21
0.002186298370361328,positive,10.0,10.0,-0.012005381286144257,0.5779167413711548,0.06956440210342407,-0.7363635897636414,12,23
0.0025098323822021484,positive,10.0,10.0,0.02632482536137104,0.18490999937057495,0.024621887132525444,-0.08788091689348221,12,27
0.0025856494903564453,positive,10.0,10.0,0.03002302534878254,-0.010556072928011417,0.022864269092679024,0.21246741712093353,12,28
0.0029709339141845703,positive,10.0,10.0,0.02108064852654934,0.18193842470645905,0.057640042155981064,-0.022344516590237617,12,33
0.003041505813598633,positive,10.0,10.0,0.024719417095184326,-0.013960739597678185,0.057193152606487274,0.2879530191421509,12,34
0.0031096935272216797,positive,10.0,10.0,0.024440202862024307,0.18030095100402832,0.06295221298933029,0.01384256687015295,12,35
0.0032579898834228516,positive,10.0,10.0,0.027732927352190018,0.17850269377231598,0.06974315643310547,0.053612370043992996,12,37
0.0033257007598876953,positive,10.0,10.0,0.031302981078624725,-0.01754637621343136,0.07081539928913116,0.36745893955230713,12,38
0.0034210681915283203,positive,10.0,10.0,0.030952053144574165,-0.21359938383102417,0.07816457748413086,0.681603729724884,12,39
0.0038137435913085938,positive,10.0,10.0,0.04834337905049324,0.36472439765930176,0.09366545081138611,-0.04308750107884407,12,44
0.0038878917694091797,positive,10.0,10.0,0.055637866258621216,0.5583871006965637,0.0928037017583847,-0.3048108220100403,12,45
0.0039556026458740234,positive,10.0,10.0,0.06680560857057571,0.3620736002922058,0.08670748025178909,0.01563742384314537,12,46
0.004100799560546875,positive,10.0,10.0,0.08516412228345871,0.749630331993103,0.08205067366361618,-0.5124941468238831,12,48
0.004168033599853516,positive,10.0,10.0,0.10015673190355301,0.5534543395042419,0.07180079072713852,-0.1951242983341217,12,49
0.004389047622680664,positive,10.0,10.0,0.13720475137233734,0.3555571734905243,0.05559121444821358,0.15954937040805817,12,52
0.004456758499145508,positive,10.0,10.0,0.1443158984184265,0.15968522429466248,0.05878220126032829,0.469238817691803,12,53
0.00452423095703125,positive,10.0,10.0,0.1475096046924591,0.35392966866493225,0.06816697865724564,0.19564741849899292,12,54
0.0045909881591796875,positive,10.0,10.0,0.15458819270133972,0.15790221095085144,0.07207992672920227,0.5090312361717224,12,55
0.004656553268432617,positive,10.0,10.0,0.15774624049663544,-0.038157280534505844,0.08226054906845093,0.8235300183296204,12,56
0.0052225589752197266,negative,10.0,-10.0,0.21320392191410065,0.7283627986907959,0.1396186798810959,-0.04187162593007088,12,64
0.005289793014526367,negative,10.0,-10.0,0.22777117788791656,0.9212352633476257,0.13878124952316284,-0.2874504327774048,12,65
0.006597042083740234,negative,10.0,-10.0,0.5758986473083496,0.6943507194519043,0.1537114381790161,0.716487467288971,12,84
0.006657600402832031,negative,10.0,-10.0,0.5897856950759888,0.8870489597320557,0.1680411845445633,0.4758615493774414,12,85
0.006716489791870117,negative,10.0,-10.0,0.6075266599655151,1.07944917678833,0.17755840718746185,0.24049822986125946,12,86
0.0067729949951171875,negative,10.0,-10.0,0.629115641117096,0.8822939991950989,0.18236838281154633,0.5835098028182983,12,87
0.006895542144775391,negative,10.0,-10.0,0.6682506799697876,1.2663657665252686,0.20110590755939484,0.12759393453598022,12,89
0.006949424743652344,negative,10.0,-10.0,0.6935779452323914,1.458124041557312,0.20365777611732483,-0.09551907330751419,12,90
0.0070040225982666016,negative,10.0,-10.0,0.7227404713630676,1.2607539892196655,0.20174740254878998,0.2538798749446869,12,91
0.0070590972900390625,negative,10.0,-10.0,0.7479555010795593,1.0634089708328247,0.20682500302791595,0.6028057336807251,12,92
0.00022554397583007812,positive,10.0,10.0,0.0376584529876709,0.02600221335887909,-0.035010796040296555,-0.006800851784646511,13,0
0.0003390312194824219,positive,10.0,10.0,0.03817849978804588,-0.16860060393810272,-0.035146813839673996,0.27463340759277344,13,1
0.0006835460662841797,positive,10.0,10.0,0.040354568511247635,-0.16671444475650787,-0.03780524060130119,0.23301652073860168,13,5
0.0007526874542236328,positive,10.0,10.0,0.037020280957221985,-0.36127638816833496,-0.033144909888505936,0.5135388374328613,13,6
0.0008974075317382812,positive,10.0,10.0,0.026480678468942642,-0.36049124598503113,-0.01866217330098152,0.49597853422164917,13,8
0.0012357234954833984,positive,10.0,10.0,-0.0023367286194115877,-0.7503507137298584,0.020525643602013588,1.0727914571762085,13,12
0.0013055801391601562,positive,10.0,10.0,-0.01734374277293682,-0.5555059909820557,0.041981473565101624,0.7866200804710388,13,13
0.0015268325805664062,positive,10.0,10.0,-0.0390080027282238,-0.3627445101737976,0.07253224402666092,0.5467770099639893,13,16
0.0016682147979736328,positive,10.0,10.0,-0.049637146294116974,0.025125578045845032,0.08902378380298615,0.012566163204610348,13,18
0.0017323493957519531,positive,10.0,10.0,-0.04913463443517685,0.2188654989004135,0.08927510678768158,-0.2507544755935669,13,19
0.0017962455749511719,positive,10.0,10.0,-0.04475732520222664,0.41260668635368347,0.0842600166797638,-0.5139968991279602,13,20
0.001932382583618164,positive,10.0,10.0,-0.03217708319425583,0.41039547324180603,0.07006015628576279,-0.4644547998905182,13,22
0.0019979476928710938,positive,10.0,10.0,-0.023969171568751335,0.21435706317424774,0.06077106297016144,-0.15053774416446686,13,23
0.002136707305908203,positive,10.0,10.0,-0.0193136315792799,-0.1774793118238449,0.06097393110394478,0.47101202607154846,13,25
0.002273082733154297,positive,10.0,10.0,-0.030331360176205635,-0.17931966483592987,0.08603962510824203,0.5125414729118347,13,27
0.0028295516967773438,positive,10.0,10.0,0.02603394351899624,0.5905463099479675,0.05644834786653519,-0.4264269471168518,13,35
0.0028946399688720703,positive,10.0,10.0,0.03784487023949623,0.394672155380249,0.04791980981826782,-0.11649669706821442,13,36
0.0029582977294921875,positive,10.0,10.0,0.04573831334710121,0.5890759229660034,0.0455898754298687,-0.3936845660209656,13,37
0.003179311752319336,positive,10.0,10.0,0.09275227785110474,0.7826600670814514,0.0052386256866157055,-0.6520133018493652,13,40
0.0032553672790527344,positive,10.0,10.0,0.10840547829866409,0.5874655246734619,-0.007801640313118696,-0.357685387134552,13,41
0.003402233123779297,positive,10.0,10.0,0.12800389528274536,0.197550967335701,-0.016304802149534225,0.22045446932315826,13,43
0.003821849822998047,positive,10.0,10.0,0.14003616571426392,0.19752484560012817,0.026971308514475822,0.2210608869791031,13,49
0.003889322280883789,positive,10.0,10.0,0.14398665726184845,0.3922511041164398,0.031392525881528854,-0.06299366056919098,13,50
0.004098176956176758,positive,10.0,10.0,0.16359299421310425,0.5859765410423279,0.0340491384267807,-0.3250654935836792,13,53
0.004162788391113281,positive,10.0,10.0,0.17531251907348633,0.3903867304325104,0.02754783071577549,-0.021842340007424355,13,54
0.004225492477416992,positive,10.0,10.0,0.1831202507019043,0.5851029753684998,0.027110982686281204,-0.3057079017162323,13,55
0.004294157028198242,positive,10.0,10.0,0.1948223114013672,0.38960540294647217,0.020996825769543648,-0.004599627573043108,13,56
0.004609584808349609,positive,10.0,10.0,0.22595301270484924,0.7784610986709595,0.021459966897964478,-0.5595489144325256,13,60
0.004677295684814453,positive,10.0,10.0,0.24152223765850067,0.5830445885658264,0.010268989019095898,-0.2601829469203949,13,61
0.004741191864013672,positive,10.0,10.0,0.25318312644958496,0.38777756690979004,0.005065330304205418,0.03572118654847145,13,62
0.004951000213623047,positive,10.0,10.0,0.26473793387413025,0.19232654571533203,0.02486967109143734,0.33573946356773376,13,65
0.005242109298706055,positive,10.0,10.0,0.2878800928592682,0.5807005167007446,0.041099175810813904,-0.2086523175239563,13,69
0.0053806304931640625,positive,10.0,10.0,0.3149983286857605,0.5795884728431702,0.02716427855193615,-0.18400432169437408,13,71
0.005444049835205078,positive,10.0,10.0,0.32659009099006653,0.3840886056423187,0.02348419278860092,0.11712262779474258,13,72
0.005505084991455078,positive,10.0,10.0,0.3342718482017517,0.18863816559314728,0.025826644152402878,0.41712114214897156,13,73
0.0055637359619140625,positive,10.0,10.0,0.3380446135997772,0.3833847641944885,0.034169066697359085,0.13269084692001343,13,74
0.0056934356689453125,positive,10.0,10.0,0.3494681417942047,0.38237231969833374,0.04554197937250137,0.15510335564613342,13,76
0.0060842037200927734,positive,10.0,10.0,0.3799743354320526,0.3793308436870575,0.05979594588279724,0.2224167436361313,13,80
0.006150484085083008,positive,10.0,10.0,0.38756096363067627,0.18340744078159332,0.06424428522586823,0.5333461165428162,13,81
0.0064885616302490234,negative,10.0,-10.0,0.39008763432502747,-0.4076310992240906,0.14573465287685394,1.548888087272644,13,86
0.0008618831634521484,positive,10.0,10.0,0.007662022486329079,-0.18443624675273895,0.0279863178730011,0.2611750662326813,14,1
0.001211404800415039,positive,10.0,10.0,0.00047266657929867506,-0.3808803856372833,0.038367245346307755,0.5832546353340149,14,4
0.0013968944549560547,positive,10.0,10.0,-0.01867530681192875,-0.7722822427749634,0.06778779625892639,1.1957546472549438,14,6
0.0022437572479248047,positive,10.0,10.0,-0.006798940245062113,0.3815822899341583,0.08719640225172043,-0.19110271334648132,14,16
0.0023674964904785156,positive,10.0,10.0,0.0008327055256813765,0.5753556489944458,0.08337435126304626,-0.4550551474094391,14,17
0.002451181411743164,positive,10.0,10.0,0.0123398182913661,0.3791598677635193,0.0742732435464859,-0.13730013370513916,14,18
0.002535581588745117,positive,10.0,10.0,0.01992301642894745,0.5731437802314758,0.07152724266052246,-0.40565747022628784,14,19
0.002707958221435547,positive,10.0,10.0,0.038927577435970306,0.18111339211463928,0.06158791109919548,0.22068758308887482,14,21
0.0028738975524902344,positive,10.0,10.0,0.042253196239471436,0.17930221557617188,0.07664454728364944,0.260966956615448,14,23
0.002947568893432617,positive,10.0,10.0,0.04583924263715744,0.37325114011764526,0.0818638876080513,-0.006590946111828089,14,24
0.0030193328857421875,positive,10.0,10.0,0.05330426245927811,0.17705638706684113,0.08173207193613052,0.31075674295425415,14,25
0.0031728744506835938,positive,10.0,10.0,0.06426388025283813,0.5646824836730957,0.08884575963020325,-0.21876274049282074,14,27
0.0032444000244140625,positive,10.0,10.0,0.07555752992630005,0.7584294676780701,0.08447050303220749,-0.482150673866272,14,28
0.003398895263671875,positive,10.0,10.0,0.10197058320045471,0.3661142587661743,0.07154577970504761,0.15123321115970612,14,30
0.0038688182830810547,positive,10.0,10.0,0.15730267763137817,0.36021164059638977,0.07890811562538147,0.2818843126296997,14,36
0.0049054622650146484,positive,10.0,10.0,0.31996244192123413,1.1236125230789185,0.0697772428393364,-0.5142771601676941,14,48
0.004983663558959961,positive,10.0,10.0,0.34243470430374146,0.9275808334350586,0.05949169769883156,-0.20044730603694916,14,49
0.0050580501556396484,positive,10.0,10.0,0.3609863221645355,0.7316607236862183,0.05548275262117386,0.110393226146698,14,50
0.005227565765380859,positive,10.0,10.0,0.3863353133201599,0.33989953994750977,0.06609164923429489,0.7303493022918701,14,52
0.006257295608520508,positive,10.0,10.0,0.6361569762229919,0.9056788682937622,0.06372296810150146,0.28344935178756714,14,65
0.0063626766204833984,positive,10.0,10.0,0.654270589351654,0.7097086310386658,0.06939195096492767,0.5955299139022827,14,66
0.007682085037231445,positive,10.0,10.0,1.0569428205490112,1.853524923324585,0.07717539370059967,-0.5702175498008728,14,82
0.00799870491027832,positive,10.0,10.0,1.2207143306732178,1.8504393100738525,0.010814778506755829,-0.5002662539482117,14,86
0.00814676284790039,positive,10.0,10.0,1.2986313104629517,1.8502740859985352,-0.014980974607169628,-0.4965839087963104,14,88
0.008476734161376953,positive,10.0,10.0,1.4388835430145264,1.8517959117889404,-0.04378214478492737,-0.530525267124176,14,92
0.008991241455078125,positive,10.0,10.0,1.663405179977417,0.8839074373245239,-0.07397863268852234,0.7655936479568481,14,99
0.009058952331542969,positive,10.0,10.0,1.68108332157135,0.6898778676986694,-0.05866675823926926,1.0341120958328247,14,100
0.009284734725952148,positive,10.0,10.0,1.7264184951782227,0.886580228805542,-0.0034306084271520376,0.7041195034980774,14,103
0.009568929672241211,positive,10.0,10.0,1.8129462003707886,0.8859149813652039,0.029672518372535706,0.718940258026123,14,107
0.009703397750854492,positive,10.0,10.0,1.8522766828536987,1.2750855684280396,0.05276617407798767,0.15726515650749207,14,109
0.009830713272094727,positive,10.0,10.0,1.899363398551941,1.2735387086868286,0.06523381173610687,0.1915675848722458,14,111
0.009958744049072266,negative,10.0,-10.0,1.946385145187378,1.271631121635437,0.07914705574512482,0.23395174741744995,14,113
0.010087251663208008,negative,10.0,-10.0,1.993327260017395,0.8792796730995178,0.09483635425567627,0.8683854937553406,14,115
0.010276317596435547,negative,10.0,-10.0,2.0343053340911865,0.2901407480239868,0.16628950834274292,1.846814513206482,14,118
0.0005495548248291016,positive,10.0,10.0,0.00806346908211708,-0.42002469301223755,0.03417603671550751,0.599348247051239,15,2
0.0006358623504638672,positive,10.0,10.0,-0.0003370251215528697,-0.22539715468883514,0.04616300016641617,0.31762319803237915,15,3
0.0008931159973144531,positive,10.0,10.0,-0.010649562813341618,0.16173675656318665,0.06174938380718231,-0.19984956085681915,15,7
0.0010123252868652344,positive,10.0,10.0,-0.008099057711660862,-0.23011142015457153,0.05998549982905388,0.4219851791858673,15,9
0.0011284351348876953,positive,10.0,10.0,-0.013419053517282009,0.15819042921066284,0.0714012011885643,-0.12153591215610504,15,11
0.0012438297271728516,positive,10.0,10.0,-0.011012803763151169,-0.2339153289794922,0.0728263109922409,0.5064095854759216,15,13
0.0014121532440185547,positive,10.0,10.0,-0.013409855775535107,0.34771567583084106,0.08714783191680908,-0.2916434705257416,15,16
0.0014638900756835938,positive,10.0,10.0,-0.006455542519688606,0.1514662206172943,0.08131496608257294,0.027202606201171875,15,17
0.0015158653259277344,positive,10.0,10.0,-0.0034262179397046566,0.34533360600471497,0.08185901492834091,-0.23875732719898224,15,18
0.0016689300537109375,positive,10.0,10.0,0.014264384284615517,0.7331523299217224,0.0669931024312973,-0.7719678282737732,15,20
0.0018761157989501953,positive,10.0,10.0,0.05430158972740173,0.5358514785766602,0.027674555778503418,-0.4292665123939514,15,23
0.001932382583618164,positive,10.0,10.0,0.06501861661672592,0.3403487503528595,0.019089225679636,-0.12798944115638733,15,24
0.002051830291748047,positive,10.0,10.0,0.07472476363182068,-0.050395987927913666,0.019942522048950195,0.4685055613517761,15,26
0.0022950172424316406,positive,10.0,10.0,0.0706467479467392,0.3376810848712921,0.058458756655454636,-0.06924761086702347,15,30
0.0024132728576660156,positive,10.0,10.0,0.08803873509168625,0.7261838316917419,0.050215233117341995,-0.617081880569458,15,32
0.0024695396423339844,positive,10.0,10.0,0.10256241261959076,0.5303976535797119,0.03787359595298767,-0.3090157210826874,15,33
0.0028374195098876953,positive,10.0,10.0,0.1387462466955185,0.13704805076122284,0.04503938928246498,0.3454253375530243,15,39
0.003030061721801758,positive,10.0,10.0,0.1508307307958603,0.3300006687641144,0.06081122159957886,0.1004735678434372,15,42
0.0032243728637695312,positive,10.0,10.0,0.17447952926158905,0.13231873512268066,0.06216027960181236,0.45020708441734314,15,45
0.0032835006713867188,positive,10.0,10.0,0.17712590098381042,0.3265089690685272,0.07116442173719406,0.1777476668357849,15,46
0.0033419132232666016,positive,10.0,10.0,0.18365608155727386,0.13044457137584686,0.0747193768620491,0.49200454354286194,15,47
0.003401041030883789,positive,10.0,10.0,0.1862649768590927,0.3244374394416809,0.08455946296453476,0.22377420961856842,15,48
0.003592967987060547,positive,10.0,10.0,0.21735873818397522,0.5157341957092285,0.08212528377771378,0.014747921377420425,15,51
0.0037567615509033203,positive,10.0,10.0,0.24186518788337708,0.9034423828125,0.0774015337228775,-0.516525387763977,15,53
0.003910541534423828,positive,10.0,10.0,0.27408045530319214,0.9014225602149963,0.06306122243404388,-0.47128430008888245,15,55
0.004054069519042969,positive,10.0,10.0,0.30621829628944397,0.5096220374107361,0.05044731870293617,0.14969877898693085,15,57
0.004259347915649414,positive,10.0,10.0,0.3328498899936676,0.3121834695339203,0.06624829769134521,0.4942448139190674,15,60
0.004464626312255859,positive,10.0,10.0,0.36322513222694397,0.8941468000411987,0.07970476150512695,-0.31078070402145386,15,63
0.004530668258666992,positive,10.0,10.0,0.3811080753803253,0.6979851126670837,0.07348915189504623,0.005936112720519304,15,64
0.0045928955078125,positive,10.0,10.0,0.3950677812099457,0.5018903613090515,0.07360786944627762,0.32087066769599915,15,65
0.00473475456237793,positive,10.0,10.0,0.41902339458465576,0.4997182786464691,0.08107086271047592,0.3690985441207886,15,67
0.004800319671630859,positive,10.0,10.0,0.4290177524089813,0.6936003565788269,0.08845283091068268,0.10303933918476105,15,68
0.00486445426940918,positive,10.0,10.0,0.4428897798061371,0.4973294734954834,0.09051361680030823,0.4222659766674042,15,69
0.005490541458129883,negative,10.0,-10.0,0.5450379848480225,0.8743361234664917,0.1415150910615921,0.12854093313217163,15,77
0.005841732025146484,negative,10.0,-10.0,0.6069487929344177,0.86597740650177,0.16880062222480774,0.3159995377063751,15,81
0.006005048751831055,negative,10.0,-10.0,0.6454351544380188,0.8611999154090881,0.17673949897289276,0.42335888743400574,15,83
0.0004343986511230469,positive,10.0,10.0,-0.022962557151913643,-0.36767175793647766,0.02112750895321369,0.5830289125442505,16,2
0.0008985996246337891,positive,10.0,10.0,-0.047716815024614334,-0.37129130959510803,0.0650610625743866,0.6639508008956909,16,8
0.0015349388122558594,negative,10.0,-10.0,-0.09199348837137222,-0.1888658106327057,0.16876572370529175,0.6588429808616638,16,17
0.0016047954559326172,negative,10.0,-10.0,-0.09577080607414246,0.0035554063506424427,0.18194258213043213,0.4236937165260315,16,18
0.0020112991333007812,negative,10.0,-10.0,-0.07258009910583496,0.5740487575531006,0.20163309574127197,-0.1360025554895401,16,23
0.0020813941955566406,negative,10.0,-10.0,-0.06109912693500519,0.7657976150512695,0.19891303777694702,-0.35891959071159363,16,24
0.0023648738861083984,negative,10.0,-10.0,-0.00015830917982384562,0.36607974767684937,0.17749176919460297,0.44965898990631104,16,28
0.0006783008575439453,positive,10.0,10.0,-0.014409736730158329,-0.3867134153842926,-0.031677886843681335,0.5604877471923828,17,2
0.0008397102355957031,positive,10.0,10.0,-0.02596723660826683,-0.3859853744506836,-0.015308222733438015,0.5441526770591736,17,4
0.0009136199951171875,positive,10.0,10.0,-0.03368694335222244,-0.19065168499946594,-0.004425169434398413,0.24668604135513306,17,5
0.0010585784912109375,positive,10.0,10.0,-0.045214179903268814,-0.1905953586101532,0.011267948895692825,0.24544724822044373,17,7
0.0011255741119384766,positive,10.0,10.0,-0.049026086926460266,-0.3858764171600342,0.016176894307136536,0.5416629314422607,17,8
0.001191854476928711,positive,10.0,10.0,-0.05674361437559128,-0.1909855306148529,0.027010153979063034,0.2541206479072571,17,9
0.001329660415649414,positive,10.0,10.0,-0.06829297542572021,-0.1918255239725113,0.043196551501750946,0.2727976441383362,17,11
0.0013935565948486328,positive,10.0,10.0,-0.07212948799133301,-0.3875363767147064,0.04865250363945961,0.5787858963012695,17,12
0.0015285015106201172,positive,10.0,10.0,-0.08374278992414474,0.0010853238636627793,0.0662645772099495,0.028721239417791367,17,14
0.0015916824340820312,positive,10.0,10.0,-0.0837210863828659,-0.19492124021053314,0.06683900207281113,0.34155336022377014,17,15
0.0016558170318603516,positive,10.0,10.0,-0.08761951327323914,-0.000810764089692384,0.07367007434368134,0.07067382335662842,17,16
0.001718759536743164,positive,10.0,10.0,-0.08763572573661804,0.19318193197250366,0.07508354634046555,-0.19788652658462524,17,17
0.0019261837005615234,positive,10.0,10.0,-0.08781055361032486,-0.39507558941841125,0.08211097121238708,0.7466634511947632,17,20
0.0022559165954589844,negative,10.0,-10.0,-0.12736783921718597,-0.4009130299091339,0.15700528025627136,0.883044421672821,17,24
0.00035953521728515625,positive,10.0,10.0,-0.007809573784470558,-0.1599787026643753,0.007650601211935282,0.28950121998786926,18,1
0.0005397796630859375,positive,10.0,10.0,-0.010308480821549892,-0.160278782248497,0.01342544611543417,0.2961341440677643,18,3
0.0006492137908935547,positive,10.0,10.0,-0.01351405680179596,0.034649234265089035,0.019348127767443657,0.0077154263854026794,18,4
0.0008168220520019531,positive,10.0,10.0,-0.00823130365461111,0.03409377858042717,0.013926423154771328,0.019968919456005096,18,6
0.0008904933929443359,positive,10.0,10.0,-0.007549427915364504,-0.1612250953912735,0.014325802214443684,0.31701305508613586,18,7
0.0010437965393066406,positive,10.0,10.0,-0.017904892563819885,-0.5519526600837708,0.032949645072221756,0.9132987856864929,18,9
0.0011920928955078125,positive,10.0,10.0,-0.03608977794647217,-0.16292022168636322,0.0638386458158493,0.3550271689891815,18,11
0.0012645721435546875,positive,10.0,10.0,-0.03934818133711815,-0.35888901352882385,0.07093919068574905,0.6671373844146729,18,12
0.0013384819030761719,positive,10.0,10.0,-0.04652596265077591,-0.164821594953537,0.08428193628787994,0.39760705828666687,18,13
0.0014085769653320312,positive,10.0,10.0,-0.04982239380478859,0.02900981716811657,0.09223407506942749,0.13264153897762299,18,14
0.0015609264373779297,positive,10.0,10.0,-0.044788241386413574,0.02635374292731285,0.09229536354541779,0.19146902859210968,18,16
0.0028967857360839844,positive,10.0,10.0,0.06902405619621277,0.5845731496810913,0.09055440872907639,-0.08899512141942978,18,33
0.0029718875885009766,positive,10.0,10.0,0.08071552217006683,0.7782883048057556,0.08877450972795486,-0.3517906665802002,18,34
0.0030431747436523438,positive,10.0,10.0,0.09628129005432129,0.5820234417915344,0.08173869550228119,-0.03248725086450577,18,35
0.0031135082244873047,positive,10.0,10.0,0.10792175680398941,0.7758839130401611,0.08108894526958466,-0.2983025908470154,18,36
0.003267526626586914,positive,10.0,10.0,0.13503354787826538,0.7736740112304688,0.07549914717674255,-0.2492547333240509,18,38
0.003641366958618164,positive,10.0,10.0,0.2044011652469635,0.18389597535133362,0.06661906838417053,0.7281934022903442,18,43
0.003710508346557617,positive,10.0,10.0,0.20807908475399017,0.37803682684898376,0.08118293434381485,0.4571996033191681,18,44
0.0038557052612304688,positive,10.0,10.0,0.22707828879356384,0.7656443119049072,0.09415032714605331,-0.07170751690864563,18,46
0.004148721694946289,positive,10.0,10.0,0.28817179799079895,0.37051132321357727,0.09190806746482849,0.6241609454154968,18,50
0.004517793655395508,negative,10.0,-10.0,0.33273807168006897,0.5576030015945435,0.14912109076976776,0.5116109848022461,18,55
0.004775285720825195,negative,10.0,-10.0,0.3543814420700073,-0.033079586923122406,0.2000112682580948,1.5279322862625122,18,58
0.00031566619873046875,positive,10.0,10.0,-0.04767744988203049,-0.03076668456196785,-0.032480087131261826,0.034851592034101486,19,0
0.00045108795166015625,positive,10.0,10.0,-0.04829278588294983,-0.2254081666469574,-0.031783051788806915,0.31711235642433167,19,1
0.0006825923919677734,positive,10.0,10.0,-0.05339791253209114,-0.224596306681633,-0.02514924667775631,0.2991267442703247,19,3
0.0008671283721923828,positive,10.0,10.0,-0.058472342789173126,0.16626644134521484,-0.01919431984424591,-0.3000485897064209,19,5
0.0009493827819824219,positive,10.0,10.0,-0.05514701455831528,-0.028576744720339775,-0.0251952912658453,-0.013480429537594318,19,6
0.0011184215545654297,positive,10.0,10.0,-0.052380602806806564,-0.027852805331349373,-0.031745001673698425,-0.029460489749908447,19,8
0.0011973381042480469,positive,10.0,10.0,-0.05293765664100647,-0.22250546514987946,-0.032334212213754654,0.2530399262905121,19,9
0.001272439956665039,positive,10.0,10.0,-0.05738776922225952,-0.41715115308761597,-0.02727341279387474,0.5353512763977051,19,10
0.0015799999237060547,positive,10.0,10.0,-0.08629906177520752,-0.22140999138355255,0.010249360464513302,0.2287304550409317,19,13
0.0016629695892333984,positive,10.0,10.0,-0.09072726219892502,-0.41667690873146057,0.014823969453573227,0.5246286988258362,19,14
0.0019156932830810547,positive,10.0,10.0,-0.11964564025402069,-0.2227269411087036,0.052502091974020004,0.25809240341186523,19,17
0.0019931793212890625,positive,10.0,10.0,-0.12410017848014832,-0.4185575842857361,0.0576639398932457,0.566862165927887,19,18
0.002063751220703125,positive,10.0,10.0,-0.13247133791446686,-0.2242899388074875,0.06900118291378021,0.2928888201713562,19,19
0.002131938934326172,positive,10.0,10.0,-0.13695712387561798,-0.030216161161661148,0.07485895603895187,0.022741133347153664,19,20
0.0022907257080078125,positive,10.0,10.0,-0.1342863142490387,0.3577268421649933,0.07040546834468842,-0.5134243965148926,19,22
0.0024459362030029297,positive,10.0,10.0,-0.12389802932739258,-0.03424061834812164,0.05614874139428139,0.11161872744560242,19,24
0.0025968551635742188,positive,10.0,10.0,-0.12138216942548752,-0.035873327404260635,0.0551244281232357,0.14767974615097046,19,26
0.0028264522552490234,positive,10.0,10.0,-0.12748411297798157,-0.2335009127855301,0.07089076191186905,0.49651435017585754,19,29
0.004245758056640625,positive,10.0,10.0,-0.05467671900987625,0.32718145847320557,0.09118960052728653,0.16245891153812408,19,46
0.004796504974365234,positive,10.0,10.0,0.0011807845439761877,0.9058601260185242,0.07826263457536697,-0.5707933902740479,19,51
0.004874706268310547,positive,10.0,10.0,0.01929798722267151,0.7097328901290894,0.06684677302837372,-0.2545173466205597,19,52
0.004949092864990234,positive,10.0,10.0,0.033492643386125565,0.5137233138084412,0.061756424605846405,0.058478664606809616,19,53
0.005022525787353516,positive,10.0,10.0,0.043767109513282776,0.317772775888443,0.06292599439620972,0.3699890375137329,19,54
0.005095243453979492,positive,10.0,10.0,0.050122566521167755,0.5119468569755554,0.07032577693462372,0.09779239445924759,19,55
0.0054247379302978516,positive,10.0,10.0,0.09095368534326553,0.8976346850395203,0.08090349286794662,-0.3887331783771515,19,59
0.00549769401550293,positive,10.0,10.0,0.10890638083219528,0.7014631628990173,0.0731288269162178,-0.07167872786521912,19,60
0.005570650100708008,positive,10.0,10.0,0.12293564528226852,0.8954646587371826,0.0716952532529831,-0.34042248129844666,19,61
0.005642890930175781,positive,10.0,10.0,0.1408449411392212,0.6993997693061829,0.06488680094480515,-0.02602028287947178,19,62
0.00571131706237793,positive,10.0,10.0,0.15483292937278748,0.8935340642929077,0.06436639279127121,-0.2975456118583679,19,63
0.005778312683105469,positive,10.0,10.0,0.1727036088705063,0.6975564360618591,0.0584154836833477,0.014722747728228569,19,64
0.005845069885253906,positive,10.0,10.0,0.18665474653244019,0.5016474723815918,0.05870993807911873,0.3252492845058441,19,65
0.005911350250244141,positive,10.0,10.0,0.1966876983642578,0.3057408928871155,0.06521492451429367,0.6358537077903748,19,66
0.005976438522338867,positive,10.0,10.0,0.20280250906944275,0.4998955726623535,0.07793200016021729,0.36440032720565796,19,67
0.006043195724487305,positive,10.0,10.0,0.21280042827129364,0.30375757813453674,0.08522000163793564,0.6806032061576843,19,68
0.0064165592193603516,negative,10.0,-10.0,0.2507084906101227,0.4912025034427643,0.14771808683872223,0.5608184933662415,19,73
0.006486177444458008,negative,10.0,-10.0,0.26053252816200256,0.29434990882873535,0.15893445909023285,0.8961529731750488,19,74
0.006552219390869141,negative,10.0,-10.0,0.26641952991485596,0.4870016276836395,0.17685751616954803,0.6573477983474731,19,75
0.00024700164794921875,positive,10.0,10.0,0.011563426814973354,-0.20161958038806915,-0.04202231764793396,0.3128734827041626,20,1
0.0002982616424560547,positive,10.0,10.0,0.007531035225838423,-0.3961184620857239,-0.03576485067605972,0.5920133590698242,20,2
0.0003418922424316406,positive,10.0,10.0,-0.0003913345281034708,-0.20051456987857819,-0.023924581706523895,0.28828248381614685,20,3
0.00038170814514160156,positive,10.0,10.0,-0.004401626065373421,-0.005059759132564068,-0.018158933147788048,-0.011848978698253632,20,4
0.0004470348358154297,positive,10.0,10.0,-0.004502821248024702,-0.19991664588451385,-0.018395911902189255,0.27504971623420715,20,5
0.0004987716674804688,positive,10.0,10.0,-0.008501154370605946,-0.39477136731147766,-0.012894917279481888,0.561874270439148,20,6
0.0005953311920166016,positive,10.0,10.0,-0.020385997369885445,-0.004325279500335455,0.0036457041278481483,-0.02804839424788952,20,8
0.0006499290466308594,positive,10.0,10.0,-0.020472504198551178,-0.19949932396411896,0.0030847364105284214,0.26578256487846375,20,9
0.00074005126953125,positive,10.0,10.0,-0.032355792820453644,-0.19966211915016174,0.019589124247431755,0.2694122791290283,20,11
0.0007803440093994141,positive,10.0,10.0,-0.036349035799503326,-0.3950580656528473,0.024977369233965874,0.5682088136672974,20,12
0.0008177757263183594,positive,10.0,10.0,-0.04425019770860672,-0.20029519498348236,0.03634154424071312,0.28349819779396057,20,13
0.0009431838989257812,positive,10.0,10.0,-0.06020256131887436,-0.007090582977980375,0.059925056993961334,0.03300367295742035,20,16
0.001064300537109375,positive,10.0,10.0,-0.06458090990781784,-0.2048293650150299,0.06888455152511597,0.3841780424118042,20,19
0.0011429786682128906,positive,10.0,10.0,-0.06889248639345169,0.1831965148448944,0.07884781062602997,-0.15359291434288025,20,21
0.0011806488037109375,positive,10.0,10.0,-0.06522855907678604,0.3771061301231384,0.07577595114707947,-0.4203964173793793,20,22
0.0013439655303955078,positive,10.0,10.0,-0.05858723074197769,-0.40704137086868286,0.07985571771860123,0.8346018195152283,20,26
0.0019097328186035156,positive,10.0,10.0,0.02372167631983757,0.7432874441146851,0.07482774555683136,-0.4751944839954376,20,40
0.001990079879760742,positive,10.0,10.0,0.04953128471970558,0.35119959712028503,0.06212591379880905,0.15265752375125885,20,42
0.002027273178100586,positive,10.0,10.0,0.05655527859926224,0.15524564683437347,0.06517906486988068,0.46427467465400696,20,43
0.0021886825561523438,positive,10.0,10.0,0.09226114302873611,0.5411619544029236,0.06996279954910278,-0.026566071435809135,20,47
0.0022263526916503906,positive,10.0,10.0,0.10308438539505005,0.34511005878448486,0.06943147629499435,0.28734463453292847,20,48
0.002263784408569336,positive,10.0,10.0,0.10998658835887909,0.5391767024993896,0.0751783698797226,0.017342498525977135,20,49
0.0024251937866210938,positive,10.0,10.0,0.16859665513038635,0.9252837896347046,0.05604622885584831,-0.47772297263145447,20,53
0.002461671829223633,positive,10.0,10.0,0.1871023327112198,0.7294171452522278,0.04649176821112633,-0.16791540384292603,20,54
0.002541065216064453,positive,10.0,10.0,0.21236391365528107,0.33794930577278137,0.045914746820926666,0.44503703713417053,20,56
0.0027060508728027344,positive,10.0,10.0,0.25492018461227417,0.3349074125289917,0.060058947652578354,0.5125351548194885,20,60
0.002747058868408203,positive,10.0,10.0,0.26161834597587585,0.5291342735290527,0.07030965387821198,0.23936687409877777,20,61
0.0027837753295898438,positive,10.0,10.0,0.2722010314464569,0.33308202028274536,0.0750969871878624,0.5533726811408997,20,62
0.0029058456420898438,positive,10.0,10.0,0.30382150411605835,0.9145602583885193,0.09228873997926712,-0.2413903921842575,20,65
0.002942323684692383,positive,10.0,10.0,0.32211270928382874,1.1082509756088257,0.08746093511581421,-0.503595769405365,20,66
0.0030198097229003906,positive,10.0,10.0,0.36251795291900635,0.7158733010292053,0.07369537651538849,0.13137559592723846,20,68
0.0030977725982666016,positive,10.0,10.0,0.3872309923171997,0.7137411832809448,0.08525025099515915,0.17868630588054657,20,70
0.0031588077545166016,positive,10.0,10.0,0.40150579810142517,0.9075462818145752,0.08882397413253784,-0.08593237400054932,20,71
0.0031991004943847656,positive,10.0,10.0,0.4196567237377167,1.1012901067733765,0.08710532635450363,-0.3493225574493408,20,72
0.003423452377319336,positive,10.0,10.0,0.5217527747154236,1.290757179260254,0.06899194419384003,-0.5172582864761353,20,77
0.0035483837127685547,positive,10.0,10.0,0.5952420234680176,1.093123197555542,0.04502806439995766,-0.16790665686130524,20,80
0.003587484359741211,positive,10.0,10.0,0.6171045303344727,0.8973865509033203,0.04166993126273155,0.13863441348075867,20,81
0.003625154495239258,positive,10.0,10.0,0.6350522637367249,0.7016933560371399,0.04444262012839317,0.4441668689250946,20,82
0.003705739974975586,positive,10.0,10.0,0.6670092940330505,0.7003160715103149,0.0566423162817955,0.47483542561531067,20,84
0.003786802291870117,positive,10.0,10.0,0.6989074945449829,0.6985918283462524,0.07014961540699005,0.5133209824562073,20,86
0.0038406848907470703,positive,10.0,10.0,0.7128793597221375,0.5025556087493896,0.08041603118181229,0.8272591233253479,20,87
0.004026889801025391,negative,10.0,-10.0,0.729539155960083,-0.28262826800346375,0.18501758575439453,2.128234624862671,20,91
0.0006060600280761719,positive,10.0,10.0,-0.015091137029230595,-0.3505593240261078,-0.031281016767024994,0.564337432384491,21,2
0.0009362697601318359,positive,10.0,10.0,-0.03219945356249809,-0.15451759099960327,-0.0037894316483289003,0.250980943441391,21,5
0.0011203289031982422,positive,10.0,10.0,-0.042281508445739746,-0.15448059141635895,0.01207951083779335,0.25017115473747253,21,7
0.001201629638671875,positive,10.0,10.0,-0.04537111893296242,-0.34977293014526367,0.017082933336496353,0.5466395616531372,21,8
0.0012843608856201172,positive,10.0,10.0,-0.052366580814123154,-0.1548951119184494,0.028015725314617157,0.25938764214515686,21,9
0.0013649463653564453,positive,10.0,10.0,-0.0554644800722599,0.03981592506170273,0.033203478902578354,-0.02432875521481037,21,10
0.0015766620635986328,positive,10.0,10.0,-0.05778348445892334,0.03887424245476723,0.03828975558280945,-0.0035446113906800747,21,12
0.001753091812133789,positive,10.0,10.0,-0.06014150753617287,0.03778163716197014,0.044238243252038956,0.0205803494900465,21,14
0.0020189285278320312,positive,10.0,10.0,-0.06181453540921211,-0.15930427610874176,0.05215980485081673,0.3569950461387634,21,17
0.002101421356201172,positive,10.0,10.0,-0.06500061601400375,-0.3551274836063385,0.05929970741271973,0.6656584143638611,21,18
0.00228118896484375,positive,10.0,10.0,-0.07532073557376862,-0.3569515645503998,0.08045728504657745,0.7068849802017212,21,20
0.0030405521392822266,positive,10.0,10.0,-0.04697169363498688,0.6051309108734131,0.09019075334072113,-0.4622212052345276,21,29
0.0032851696014404297,positive,10.0,10.0,-0.014637266285717487,0.406595379114151,0.06992344558238983,-0.09236983209848404,21,32
0.003361940383911133,positive,10.0,10.0,-0.006505358032882214,0.21054451167583466,0.06807605177164078,0.22152861952781677,21,33
0.00356292724609375,positive,10.0,10.0,-0.002004090463742614,-0.18154376745224,0.08320432156324387,0.8495044112205505,21,35
0.004687070846557617,positive,10.0,10.0,0.15123610198497772,1.164289951324463,0.053662799298763275,-0.7616425156593323,21,48
0.004843711853027344,positive,10.0,10.0,0.19389133155345917,1.163029432296753,0.029378583654761314,-0.7328941822052002,21,50
0.0049190521240234375,positive,10.0,10.0,0.21715191006660461,1.3577333688735962,0.01472069974988699,-1.0161880254745483,21,51
0.004990100860595703,positive,10.0,10.0,0.24430657923221588,1.162418246269226,-0.005603061057627201,-0.7189193964004517,21,52
0.005064487457275391,positive,10.0,10.0,0.2675549387931824,0.967374324798584,-0.019981449469923973,-0.42800530791282654,21,53
0.00514531135559082,positive,10.0,10.0,0.28690242767333984,0.7725409865379333,-0.028541555628180504,-0.1416877955198288,21,54
0.005220890045166016,positive,10.0,10.0,0.30235326290130615,0.577839195728302,-0.03137531131505966,0.1418558806180954,21,55
0.0053806304931640625,positive,10.0,10.0,0.3215736448764801,0.5786946415901184,-0.02004864066839218,0.12293647974729538,21,57
0.005568981170654297,positive,10.0,10.0,0.34082484245300293,0.5792324542999268,-0.009405361488461494,0.11105130612850189,21,59
0.005646228790283203,positive,10.0,10.0,0.3524095118045807,0.38424649834632874,-0.007184335496276617,0.40075212717056274,21,60
0.0058133602142333984,positive,10.0,10.0,0.3638789653778076,-0.005906264763325453,0.01465393416583538,0.9841057062149048,21,62
0.005969524383544922,positive,10.0,10.0,0.3597364127635956,-0.39676356315612793,0.05996314808726311,1.5845881700515747,21,64
0.0004062652587890625,positive,10.0,10.0,0.005425982642918825,-0.15577439963817596,-0.04733864963054657,0.23638373613357544,22,1
0.0006165504455566406,positive,10.0,10.0,-0.004693288821727037,-0.15449382364749908,-0.032335638999938965,0.20796643197536469,22,3
0.0007035732269287109,positive,10.0,10.0,-0.007783165201544762,-0.3491388261318207,-0.028176309540867805,0.4902763068675995,22,4
0.0008704662322998047,positive,10.0,10.0,-0.01783856190741062,0.04174892604351044,-0.014593820087611675,-0.10957292467355728,22,6
0.0011055469512939453,positive,10.0,10.0,-0.012262044474482536,0.04219696670770645,-0.024921761825680733,-0.11948003619909286,22,8
0.0011870861053466797,positive,10.0,10.0,-0.011418105103075504,-0.15255922079086304,-0.027311362326145172,0.16523727774620056,22,9
0.0012633800506591797,positive,10.0,10.0,-0.014469289220869541,-0.34727978706359863,-0.024006616324186325,0.4491806626319885,22,10
0.001434326171875,positive,10.0,10.0,-0.024451417848467827,-0.3467302620410919,-0.012042440474033356,0.4369340240955353,22,12
0.0016849040985107422,positive,10.0,10.0,-0.04134511202573776,-0.15138548612594604,0.008148192428052425,0.1392795294523239,22,15
0.001758575439453125,positive,10.0,10.0,-0.04437281936407089,-0.34662318229675293,0.010933782905340195,0.4345219135284424,22,16
0.0020761489868164062,positive,10.0,10.0,-0.06432472169399261,-0.3478163480758667,0.03458498418331146,0.4610429108142853,22,20
0.0022335052490234375,positive,10.0,10.0,-0.07434504479169846,-0.34892040491104126,0.0473950132727623,0.48563268780708313,22,22
0.0023071765899658203,positive,10.0,10.0,-0.08132345229387283,-0.5446780323982239,0.05710766837000847,0.7928682565689087,22,23
0.002378225326538086,positive,10.0,10.0,-0.09221701323986053,-0.35038459300994873,0.07296503335237503,0.5186837911605835,22,24
0.0024509429931640625,positive,10.0,10.0,-0.09922470897436142,-0.1563616693019867,0.08333870768547058,0.24985647201538086,22,25
0.002520322799682617,positive,10.0,10.0,-0.10235194116830826,0.03747739642858505,0.08833584189414978,-0.015419778414070606,22,26
0.0027675628662109375,positive,10.0,10.0,-0.0884779840707779,0.6188641786575317,0.07159492373466492,-0.8082576990127563,22,29
0.0028486251831054688,positive,10.0,10.0,-0.07610069960355759,0.4228379428386688,0.05542977154254913,-0.49394071102142334,22,30
0.0031194686889648438,positive,10.0,10.0,-0.04687286168336868,0.22588258981704712,0.020938068628311157,-0.1599518060684204,22,33
0.0031995773315429688,positive,10.0,10.0,-0.04235520958900452,0.030467234551906586,0.017739033326506615,0.13926231861114502,22,34
0.004056453704833984,positive,10.0,10.0,-0.040560051798820496,0.02487204223871231,0.060197047889232635,0.2631087899208069,22,44
0.00421905517578125,positive,10.0,10.0,-0.043483711779117584,0.023090913891792297,0.0769423171877861,0.3027903735637665,22,46
0.004693508148193359,positive,10.0,10.0,-0.02158699743449688,0.7950380444526672,0.09245728701353073,-0.6838382482528687,22,52
0.005033731460571289,positive,10.0,10.0,0.026274124160408974,0.400589257478714,0.06424027681350708,-0.0023062315303832293,22,56
0.005197048187255859,positive,10.0,10.0,0.03837806358933449,0.39875903725624084,0.07039282470941544,0.03816636651754379,22,58
0.005280733108520508,positive,10.0,10.0,0.04635324329137802,0.20270195603370667,0.07115615159273148,0.35220208764076233,22,59
0.005374908447265625,positive,10.0,10.0,0.0504072830080986,0.39674368500709534,0.07820019125938416,0.08277826756238937,22,60
0.005612373352050781,positive,10.0,10.0,0.0702439472079277,0.5882577300071716,0.09048914909362793,-0.13113351166248322,22,63
0.005930662155151367,positive,10.0,10.0,0.12495530396699905,0.5834667086601257,0.07166270911693573,-0.02495938539505005,22,67
0.006003618240356445,positive,10.0,10.0,0.13662464916706085,0.7774916887283325,0.07116352021694183,-0.29419904947280884,22,68
0.006233692169189453,positive,10.0,10.0,0.17151182889938354,0.5795652866363525,0.07233249396085739,0.06132708117365837,22,71
0.006545543670654297,positive,10.0,10.0,0.23335720598697662,0.5756213068962097,0.05662829056382179,0.14839327335357666,22,75
0.006617307662963867,positive,10.0,10.0,0.2448696345090866,0.379736065864563,0.05959615483880043,0.45838993787765503,22,76
0.006767988204956055,positive,10.0,10.0,0.26394370198249817,0.3779321312904358,0.07246538251638412,0.49862968921661377,22,78
0.0068395137786865234,positive,10.0,10.0,0.2715023458003998,0.5719615817070007,0.08243797719478607,0.22963552176952362,22,79
0.0069081783294677734,positive,10.0,10.0,0.2829415798187256,0.37576428055763245,0.08703068643808365,0.5471413731575012,22,80
0.007412433624267578,negative,10.0,-10.0,0.3393171727657318,0.36662089824676514,0.14457543194293976,0.7541295289993286,22,86
0.00748443603515625,negative,10.0,-10.0,0.3466495871543884,0.16983310878276825,0.1596580147743225,1.0885889530181885,22,87
0.00035500526428222656,positive,10.0,10.0,0.02607962302863598,-0.21189472079277039,0.012952163815498352,0.2791173756122589,23,1
0.00045108795166015625,positive,10.0,10.0,0.021841729059815407,-0.40719902515411377,0.01853451132774353,0.5758571028709412,23,2
0.0008361339569091797,negative,10.0,-10.0,-0.05798586457967758,-1.3858071565628052,0.13668397068977356,2.1197166442871094,23,7
0.00046706199645996094,positive,10.0,10.0,-0.025004487484693527,-0.3689635694026947,0.03194498270750046,0.6351158618927002,24,2
0.0005528926849365234,positive,10.0,10.0,-0.0323837585747242,-0.174301415681839,0.044647302478551865,0.3526618182659149,24,3
0.0006282329559326172,positive,10.0,10.0,-0.0358697883784771,0.02015814557671547,0.05170053616166115,0.07438509911298752,24,4
0.0007269382476806641,positive,10.0,10.0,-0.03546662628650665,0.2145022600889206,0.05318823829293251,-0.20154836773872375,24,5
0.0007998943328857422,positive,10.0,10.0,-0.031176580116152763,0.018661554902791977,0.0491572730243206,0.10742723196744919,24,6
0.0008709430694580078,positive,10.0,10.0,-0.030803348869085312,0.2130458652973175,0.05130581557750702,-0.16935059428215027,24,7
0.0010275840759277344,positive,10.0,10.0,-0.02619786001741886,-0.17854583263397217,0.05070012807846069,0.4464733898639679,24,9
0.0016427040100097656,positive,10.0,10.0,-0.03203793987631798,0.010076791979372501,0.0918029248714447,0.29785460233688354,24,16
0.0027627944946289062,positive,10.0,10.0,0.0038830116391181946,0.5850775241851807,0.09413868933916092,-0.3544793128967285,24,23
0.002919912338256836,positive,10.0,10.0,0.023359600454568863,0.5825246572494507,0.08637592941522598,-0.2976573705673218,24,25
0.002985715866088867,positive,10.0,10.0,0.035010091960430145,0.38628441095352173,0.0804227814078331,0.020968547090888023,24,26
0.0031921863555908203,positive,10.0,10.0,0.06982003897428513,0.5779414176940918,0.06570775806903839,-0.1958104819059372,24,29
0.0037419795989990234,positive,10.0,10.0,0.13050614297389984,0.5686114430427551,0.09379763156175613,0.010476142168045044,24,37
0.0038106441497802734,positive,10.0,10.0,0.1418783813714981,0.37227821350097656,0.09400715678930283,0.33121752738952637,24,38
0.00430607795715332,negative,10.0,-10.0,0.18220849335193634,0.36266809701919556,0.1495133936405182,0.5475325584411621,24,44
0.0005519390106201172,positive,10.0,10.0,-0.029379209503531456,0.03941423073410988,0.052371155470609665,0.0692218542098999,25,2
0.0009050369262695312,positive,10.0,10.0,-0.04192530736327171,0.035941530019044876,0.08334314078092575,0.14621828496456146,25,6
0.000978231430053711,positive,10.0,10.0,-0.0412064790725708,-0.16026893258094788,0.08626750856637955,0.46398690342903137,25,7
0.0015249252319335938,negative,10.0,-10.0,-0.07594870775938034,-0.7561342120170593,0.18244187533855438,1.5944081544876099,25,14
0.00024437904357910156,positive,10.0,10.0,0.006728776730597019,-0.044625431299209595,-0.04567059502005577,-0.041128456592559814,26,0
0.0004763603210449219,positive,10.0,10.0,0.001054993481375277,-0.43349167704582214,-0.041757114231586456,0.5144650936126709,26,2
0.0005543231964111328,positive,10.0,10.0,-0.007614839822053909,-0.2378072887659073,-0.03146781399846077,0.20892135798931122,26,3
0.0007283687591552734,positive,10.0,10.0,-0.021020295098423958,-0.23696944117546082,-0.01745910570025444,0.19035711884498596,26,5
0.001157522201538086,positive,10.0,10.0,-0.036878153681755066,-0.04129859432578087,-0.010886414907872677,-0.11447359621524811,26,10
0.0015332698822021484,positive,10.0,10.0,-0.06439303606748581,-0.23597204685211182,0.012136649340391159,0.16832922399044037,26,15
0.001684427261352539,positive,10.0,10.0,-0.07773778587579727,-0.6266031265258789,0.02479955554008484,0.7623449563980103,26,17
0.0017533302307128906,positive,10.0,10.0,-0.09026984870433807,-0.431831419467926,0.04004645347595215,0.47756752371788025,26,18
0.0019042491912841797,positive,10.0,10.0,-0.11145638674497604,-0.4330887496471405,0.06524977087974548,0.5059230923652649,26,20
0.0019719600677490234,positive,10.0,10.0,-0.1201181560754776,-0.6290665864944458,0.075368233025074,0.8184340596199036,26,21
0.0020384788513183594,positive,10.0,10.0,-0.13269948959350586,-0.4350527226924896,0.09173691272735596,0.5503767132759094,26,22
0.003139495849609375,positive,10.0,10.0,-0.11300349980592728,0.32304057478904724,0.09213212877511978,-0.12906289100646973,26,36
0.0032126903533935547,positive,10.0,10.0,-0.1065426841378212,0.5167301893234253,0.08955086767673492,-0.39131662249565125,26,37
0.0034341812133789062,positive,10.0,10.0,-0.07951249927282333,0.3181528151035309,0.07353625446557999,-0.02073501981794834,26,40
0.0035076141357421875,positive,10.0,10.0,-0.07314944267272949,0.5121473670005798,0.0731215551495552,-0.28934022784233093,26,41
0.0036537647247314453,positive,10.0,10.0,-0.048783402889966965,0.9002699255943298,0.05617285147309303,-0.8288265466690063,26,43
0.003797769546508789,positive,10.0,10.0,-0.00888639036566019,0.8989610075950623,0.01752978004515171,-0.7984890341758728,26,45
0.0038652420043945312,positive,10.0,10.0,0.009092829190194607,0.7036029696464539,0.0015600002370774746,-0.5003435611724854,26,46
0.003930568695068359,positive,10.0,10.0,0.023164888843894005,0.5084590911865234,-0.008446870371699333,-0.20716938376426697,26,47
0.003992319107055664,positive,10.0,10.0,0.033334068953990936,0.7037007808685303,-0.0125902583822608,-0.5025048851966858,26,48
0.004193782806396484,positive,10.0,10.0,0.06386260688304901,0.11924153566360474,-0.025483878329396248,0.3557104766368866,26,51
0.0045337677001953125,positive,10.0,10.0,0.09145677834749222,0.3158460557460785,-0.014666981995105743,0.03017529472708702,26,56
0.004598379135131836,positive,10.0,10.0,0.09777370095252991,0.12093747407197952,-0.014063475653529167,0.31819477677345276,26,57
0.004660367965698242,positive,10.0,10.0,0.10019244998693466,0.31625688076019287,-0.007699580397456884,0.021110128611326218,26,58
0.004889965057373047,positive,10.0,10.0,0.11527193337678909,0.12136418372392654,-0.0007226059678941965,0.308736115694046,26,61
0.005106210708618164,positive,10.0,10.0,0.12645508348941803,-0.07390695810317993,0.011973094195127487,0.6047201156616211,26,64
0.005249500274658203,positive,10.0,10.0,0.1195930540561676,-0.46463391184806824,0.04209049791097641,1.201299786567688,26,66
0.005385637283325195,positive,10.0,10.0,0.10489875823259354,-0.46603086590766907,0.08455848693847656,1.2348065376281738,26,68
0.0002231597900390625,positive,10.0,10.0,-0.0497598759829998,0.01739431358873844,0.040406733751297,0.00864956434816122,27,0
0.00044608116149902344,positive,10.0,10.0,-0.05297765135765076,0.016237957403063774,0.04685577377676964,0.03418823704123497,27,2
0.0006232261657714844,positive,10.0,10.0,-0.05624336376786232,-0.3752884864807129,0.054365113377571106,0.6485657691955566,27,4
0.0012068748474121094,negative,10.0,-10.0,-0.09750448167324066,-0.578628659248352,0.13725005090236664,1.1308422088623047,27,11
0.00026297569274902344,positive,10.0,10.0,-0.018297282978892326,-0.041714154183864594,0.005832921713590622,-0.04413925111293793,28,0
0.00038743019104003906,positive,10.0,10.0,-0.01913156546652317,-0.23691925406455994,0.004950136411935091,0.2503783106803894,28,1
0.00047469139099121094,positive,10.0,10.0,-0.02386995032429695,-0.04186834767460823,0.009957702830433846,-0.04073915630578995,28,2
0.0007548332214355469,positive,10.0,10.0,-0.03809760883450508,-0.6277020573616028,0.025256725028157234,0.8477581143379211,28,5
0.0009100437164306641,positive,10.0,10.0,-0.059310320764780045,-0.6286215782165527,0.05347435176372528,0.8688004016876221,28,7
0.0009829998016357422,positive,10.0,10.0,-0.07188275456428528,-0.8244286775588989,0.07085035741329193,1.1778051853179932,28,8
0.0014464855194091797,negative,10.0,-10.0,-0.12050899118185043,-0.4435524344444275,0.14558826386928558,0.804617166519165,28,14
0.0015184879302978516,negative,10.0,-10.0,-0.12938004732131958,-0.2506944239139557,0.16168060898780823,0.5610424876213074,28,15
0.0015864372253417969,negative,10.0,-10.0,-0.13439393043518066,-0.05816664174199104,0.1729014664888382,0.3233444392681122,28,16
0.0016510486602783203,negative,10.0,-10.0,-0.13555726408958435,0.13412587344646454,0.17936834692955017,0.08978649973869324,28,17
0.0017592906951904297,negative,10.0,-10.0,-0.1328747421503067,0.32628411054611206,0.18116408586502075,-0.14137455821037292,28,18
0.0019197463989257812,negative,10.0,-10.0,-0.1159808337688446,0.32126373052597046,0.17089903354644775,-0.02869288995862007,28,20
0.002144336700439453,negative,10.0,-10.0,-0.09295438230037689,0.5089016556739807,0.16663073003292084,-0.1581590324640274,28,23
0.002447843551635742,negative,10.0,-10.0,-0.0447276346385479,0.8894854187965393,0.14860889315605164,-0.534637451171875,28,27
0.0032804012298583984,positive,10.0,10.0,0.13734599947929382,1.0664997100830078,0.09148860722780228,-0.4234928488731384,28,38
0.003352642059326172,positive,10.0,10.0,0.15867598354816437,0.8702087998390198,0.08301874995231628,-0.10342779755592346,28,39
0.0034246444702148438,positive,10.0,10.0,0.17608016729354858,1.0640488862991333,0.08095019310712814,-0.3688071370124817,28,40
0.0035817623138427734,positive,10.0,10.0,0.22251980006694794,1.0618661642074585,0.06087590008974075,-0.3199915289878845,28,42
0.003773212432861328,positive,10.0,10.0,0.2610757648944855,0.6700732111930847,0.05430109053850174,0.30061209201812744,28,44
0.003930330276489258,positive,10.0,10.0,0.2839616537094116,0.2783101499080658,0.07251161336898804,0.9209673404693604,28,46
0.003998994827270508,positive,10.0,10.0,0.28952786326408386,0.08228716254234314,0.09093096107244492,1.2355289459228516,28,47
0.004147529602050781,negative,10.0,-10.0,0.2888960540294647,0.07968385517597198,0.1467466950416565,1.3007771968841553,28,49
0.004217863082885742,negative,10.0,-10.0,0.29048973321914673,0.27267077565193176,0.17276224493980408,1.0573970079421997,28,50
0.004281044006347656,negative,10.0,-10.0,0.29594314098358154,0.07573352754116058,0.19391018152236938,1.3989452123641968,28,51
0.0003941059112548828,positive,10.0,10.0,-0.02635790780186653,-0.16157764196395874,0.015552781522274017,0.331582248210907,29,1
0.0004973411560058594,positive,10.0,10.0,-0.029589461162686348,0.03331951051950455,0.022184425964951515,0.04384421184659004,29,2
0.0007557868957519531,positive,10.0,10.0,-0.023707285523414612,-0.1627056896686554,0.019388346001505852,0.35648658871650696,29,5
0.0009152889251708984,positive,10.0,10.0,-0.03412335738539696,-0.16335493326187134,0.0396224670112133,0.37100329995155334,29,7
0.001226186752319336,positive,10.0,10.0,-0.0394621379673481,-0.16607345640659332,0.059255000203847885,0.4313891530036926,29,11
0.0013034343719482422,positive,10.0,10.0,-0.04278360679745674,0.02816159464418888,0.06788278371095657,0.15795870125293732,29,12
0.0013763904571533203,positive,10.0,10.0,-0.042220376431941986,0.22224929928779602,0.07104195654392242,-0.11256013065576553,29,13
0.0014846324920654297,positive,10.0,10.0,-0.03777538985013962,0.026185091584920883,0.06879075616598129,0.20166312158107758,29,14
0.0020453929901123047,positive,10.0,10.0,-0.022875767201185226,0.6028375625610352,0.08989688009023666,-0.48686760663986206,29,21
0.0025262832641601562,positive,10.0,10.0,0.037425294518470764,0.20652563869953156,0.05651372671127319,0.2349151074886322,29,27
0.0026862621307373047,positive,10.0,10.0,0.04176868125796318,0.20485450327396393,0.07210952788591385,0.2720896303653717,29,29
0.0027608871459960938,positive,10.0,10.0,0.04586577042937279,0.3988773822784424,0.07755132019519806,0.002993449103087187,29,30
0.002918243408203125,positive,10.0,10.0,0.06569945067167282,0.7867397665977478,0.07232622057199478,-0.5314781069755554,29,32
0.003156423568725586,positive,10.0,10.0,0.10114245861768723,0.19883665442466736,0.05925001949071884,0.40479207038879395,29,35
0.0033147335052490234,positive,10.0,10.0,0.11298060417175293,0.19705170392990112,0.06997309625148773,0.44450825452804565,29,37
0.0035164356231689453,positive,10.0,10.0,0.1247439831495285,0.5850273966789246,0.08235681056976318,-0.09212179481983185,29,39
0.003610372543334961,positive,10.0,10.0,0.13644453883171082,0.7788782715797424,0.08051437139511108,-0.3577269911766052,29,40
0.004163503646850586,positive,10.0,10.0,0.18701153993606567,0.5807692408561707,0.05469794571399689,0.0021250753197818995,29,43
0.004404783248901367,positive,10.0,10.0,0.21790923178195953,0.38326743245124817,0.06170393526554108,0.34790217876434326,29,46
0.004556894302368164,positive,10.0,10.0,0.2371237874031067,0.38142427802085876,0.0701679214835167,0.3888285756111145,29,48
0.004630327224731445,positive,10.0,10.0,0.24475227296352386,0.5754837393760681,0.07794449478387833,0.11906810104846954,29,49
0.005095720291137695,negative,10.0,-10.0,0.27054110169410706,0.17696599662303925,0.16462045907974243,0.897502064704895,29,55
0.005326271057128906,negative,10.0,-10.0,0.2927047312259674,0.36441799998283386,0.20439885556697845,0.778118371963501,29,58
0.0003402233123779297,positive,10.0,10.0,0.00776766799390316,-0.40892666578292847,0.00905334297567606,0.571133553981781,30,2
0.0004074573516845703,positive,10.0,10.0,-0.00041086538112722337,-0.2139328271150589,0.02047601528465748,0.28131645917892456,30,3
0.00045943260192871094,positive,10.0,10.0,-0.004689522087574005,-0.01910884492099285,0.026102343574166298,-0.004838717170059681,30,4
0.0005633831024169922,positive,10.0,10.0,-0.00936360377818346,-0.01985347829759121,0.03192485496401787,0.011595110408961773,30,6
0.0007803440093994141,positive,10.0,10.0,-0.01881282776594162,-0.021875737234950066,0.0458037443459034,0.056256916373968124,30,10
0.0009462833404541016,positive,10.0,10.0,-0.02406678907573223,-0.21905401349067688,0.05589969456195831,0.39478376507759094,30,13
0.0009937286376953125,positive,10.0,10.0,-0.028447870165109634,-0.4149227440357208,0.06379537284374237,0.7045539021492004,30,14
0.0010399818420410156,positive,10.0,10.0,-0.036746323108673096,-0.22074010968208313,0.07788644731044769,0.43261557817459106,30,15
0.0012211799621582031,positive,10.0,10.0,-0.03835755214095116,0.3607081174850464,0.08787387609481812,-0.3617490231990814,30,18
0.001373291015625,positive,10.0,10.0,-0.02068765088915825,0.16217005252838135,0.07360699027776718,0.007846933789551258,30,21
0.0014195442199707031,positive,10.0,10.0,-0.017444249242544174,0.3561634123325348,0.07376392930746078,-0.2607342600822449,30,22
0.0014650821685791016,positive,10.0,10.0,-0.010320981033146381,0.5501590967178345,0.068549245595932,-0.5292695760726929,30,23
0.001561880111694336,positive,10.0,10.0,0.007765064015984535,0.15824250876903534,0.053647883236408234,0.09459082782268524,30,25
0.0018451213836669922,positive,10.0,10.0,0.02259882539510727,0.542727530002594,0.07645374536514282,-0.36506780982017517,30,31
0.0018885135650634766,positive,10.0,10.0,0.03345337510108948,0.7366844415664673,0.06915238499641418,-0.6326977610588074,30,32
0.0020258426666259766,positive,10.0,10.0,0.06589625775814056,0.14898662269115448,0.049934931099414825,0.29895317554473877,30,35
0.0020685195922851562,positive,10.0,10.0,0.0688759908080101,0.3433625400066376,0.05591399595141411,0.022427493706345558,30,36
0.002109050750732422,positive,10.0,10.0,0.07574323564767838,0.14748515188694,0.056362543255090714,0.3322145342826843,30,37
0.002151012420654297,positive,10.0,10.0,0.07869294285774231,0.34176144003868103,0.06300683319568634,0.057824667543172836,30,38
0.0023343563079833984,positive,10.0,10.0,0.10592261701822281,0.727973997592926,0.070088692009449,-0.4399704337120056,30,42
0.0023767948150634766,positive,10.0,10.0,0.12048209458589554,0.5319337844848633,0.061289284378290176,-0.12604279816150665,30,43
0.0024640560150146484,positive,10.0,10.0,0.13784056901931763,0.1400783509016037,0.06247501075267792,0.4959568679332733,30,45
0.0025033950805664062,positive,10.0,10.0,0.14064213633537292,0.3342662453651428,0.07239414751529694,0.22359901666641235,30,46
0.0025436878204345703,positive,10.0,10.0,0.1473274528980255,0.5282828211784363,0.07686612755060196,-0.0453982949256897,30,47
0.002675771713256836,positive,10.0,10.0,0.18285970389842987,0.3300572335720062,0.06975597888231277,0.3165988326072693,30,50
0.002804994583129883,positive,10.0,10.0,0.21430470049381256,0.9120143055915833,0.07260134071111679,-0.4884626269340515,30,53
0.0028896331787109375,positive,10.0,10.0,0.2546657919883728,0.9101119041442871,0.047683894634246826,-0.44563567638397217,30,55
0.002927064895629883,positive,10.0,10.0,0.2728680372238159,0.7143489122390747,0.03877118229866028,-0.1383112072944641,30,56
0.003011941909790039,positive,10.0,10.0,0.2975288927555084,0.3230753540992737,0.03933189436793327,0.4701674282550812,30,58
0.0030930042266845703,positive,10.0,10.0,0.31434279680252075,0.7120123505592346,0.05253797024488449,-0.08678310364484787,30,60
0.003132343292236328,positive,10.0,10.0,0.3285830616950989,0.5161782503128052,0.050802309066057205,0.2220018357038498,30,61
0.003180980682373047,positive,10.0,10.0,0.3389066159725189,0.32036831974983215,0.05524234473705292,0.5302671790122986,30,62
0.003483295440673828,negative,10.0,-10.0,0.3716427981853485,-0.272793173789978,0.1563795506954193,1.5955208539962769,30,69
0.003521442413330078,negative,10.0,-10.0,0.3661869466304779,-0.07983322441577911,0.18828997015953064,1.3554011583328247,30,70
0.0005321502685546875,positive,10.0,10.0,0.03192037343978882,-0.16715316474437714,0.04379492625594139,0.31783002614974976,31,3
0.0006132125854492188,positive,10.0,10.0,0.02857731096446514,0.02731853909790516,0.050151526927948,0.03927375748753548,31,4
0.0006849765777587891,positive,10.0,10.0,0.029123682528734207,-0.1684853732585907,0.050937000662088394,0.34734871983528137,31,5
0.0007522106170654297,positive,10.0,10.0,0.02575397491455078,0.02587645687162876,0.05788397416472435,0.07115310430526733,31,6
0.0010466575622558594,positive,10.0,10.0,0.01991896517574787,0.022270582616329193,0.07752254605293274,0.15101680159568787,31,10
0.0012359619140625,positive,10.0,10.0,0.024688413366675377,0.4100828766822815,0.07821813225746155,-0.38246235251426697,31,12
0.0013074874877929688,positive,10.0,10.0,0.03289007022976875,0.2139425128698349,0.07056888937950134,-0.06617865711450577,31,13
0.0015301704406738281,positive,10.0,10.0,0.04176562279462814,0.4059353768825531,0.07376037538051605,-0.2905339002609253,31,16
0.0015957355499267578,positive,10.0,10.0,0.04988433048129082,0.20984342694282532,0.06794969737529755,0.024470150470733643,31,17
0.0018079280853271484,positive,10.0,10.0,0.05851554125547409,0.40186867117881775,0.07654406875371933,-0.20058882236480713,31,20
0.0018737316131591797,positive,10.0,10.0,0.06655291467905045,0.20574016869068146,0.0725322961807251,0.11522449553012848,31,21
0.001936197280883789,positive,10.0,10.0,0.07066771388053894,0.3997519314289093,0.07483678311109543,-0.15372216701507568,31,22
0.001999378204345703,positive,10.0,10.0,0.07866275310516357,0.5937269926071167,0.07176234573125839,-0.42188888788223267,31,23
0.0020623207092285156,positive,10.0,10.0,0.09053729474544525,0.3976655900478363,0.06332456320524216,-0.1074737086892128,31,24
0.0022008419036865234,positive,10.0,10.0,0.1025245264172554,0.3958922326564789,0.06526502221822739,-0.06827868521213531,31,26
0.002404451370239258,positive,10.0,10.0,0.11451882869005203,0.19801680743694305,0.07991255819797516,0.2861517667770386,31,29
0.002470254898071289,positive,10.0,10.0,0.1184791624546051,0.3919135332107544,0.08563559502363205,0.019704138860106468,31,30
0.0025343894958496094,positive,10.0,10.0,0.12631744146347046,0.19567452371120453,0.08602967858314514,0.33813008666038513,31,31
0.0026748180389404297,positive,10.0,10.0,0.13802039623260498,0.5831512808799744,0.09426763653755188,-0.18825677037239075,31,33
0.0027382373809814453,positive,10.0,10.0,0.14968343079090118,0.7768070101737976,0.09050250053405762,-0.4497769773006439,31,34
0.0030133724212646484,positive,10.0,10.0,0.20388299226760864,0.38218313455581665,0.0694010853767395,0.23479895293712616,31,38
0.003153562545776367,positive,10.0,10.0,0.21524949371814728,0.38014888763427734,0.08506787568330765,0.28009310364723206,31,40
0.0032508373260498047,positive,10.0,10.0,0.22285246849060059,0.5739608407020569,0.09066973626613617,0.01540623139590025,31,41
0.0033218860626220703,positive,10.0,10.0,0.23433168232440948,0.7676733732223511,0.09097786247730255,-0.2473486214876175,31,42
0.003388643264770508,positive,10.0,10.0,0.2496851533651352,0.5713778734207153,0.08603089302778244,0.07258758693933487,31,43
0.003747701644897461,positive,10.0,10.0,0.3299838900566101,0.7606546878814697,0.06365849822759628,-0.0916287750005722,31,48
0.003886699676513672,positive,10.0,10.0,0.3642931580543518,0.7588655352592468,0.054554570466279984,-0.0520484633743763,31,50
0.0039522647857666016,positive,10.0,10.0,0.37947046756744385,0.5630055069923401,0.053513601422309875,0.2573356032371521,31,51
0.0041582584381103516,positive,10.0,10.0,0.40930211544036865,0.7554720044136047,0.07584372907876968,0.02295066975057125,31,54
0.004221200942993164,positive,10.0,10.0,0.4244115352630615,0.9494289755821228,0.07630274444818497,-0.24487172067165375,31,55
0.004357814788818359,positive,10.0,10.0,0.46626779437065125,0.9473316073417664,0.06115441396832466,-0.19824203848838806,31,57
0.0044214725494384766,positive,10.0,10.0,0.4852144122123718,0.7513906955718994,0.05718957260251045,0.11308810114860535,31,58
0.004555225372314453,positive,10.0,10.0,0.5113521814346313,0.7497294545173645,0.06791636347770691,0.14988727867603302,31,60
0.004690647125244141,positive,10.0,10.0,0.5374208688735962,0.7477558851242065,0.08017810434103012,0.1936846375465393,31,62
0.004753589630126953,positive,10.0,10.0,0.5523759722709656,0.9416448473930359,0.08405179530382156,-0.07266733050346375,31,63
0.004957675933837891,positive,10.0,10.0,0.6127036809921265,1.133230209350586,0.0754416212439537,-0.28797051310539246,31,66
0.0051631927490234375,positive,10.0,10.0,0.6689320206642151,0.9351256489753723,0.07705958932638168,0.07161378115415573,31,69
0.005254507064819336,positive,10.0,10.0,0.6876345276832581,0.7389883399009705,0.07849185913801193,0.3875797390937805,31,70
0.005623579025268555,negative,10.0,-10.0,0.7456871867179871,0.5371245741844177,0.14609898626804352,0.8358607292175293,31,75
0.005688905715942383,negative,10.0,-10.0,0.7564297318458557,0.7299811244010925,0.16281619668006897,0.5924583077430725,31,76
0.005751371383666992,negative,10.0,-10.0,0.7710293531417847,0.9224944710731506,0.17466536164283752,0.3551640808582306,31,77
0.005892515182495117,negative,10.0,-10.0,0.8117743730545044,0.9175610542297363,0.1842135787010193,0.46631622314453125,31,79
0.00021457672119140625,positive,10.0,10.0,0.03586236387491226,0.027821160852909088,-0.033790912479162216,-0.04143639653921127,32,0
0.0004456043243408203,positive,10.0,10.0,0.03308277949690819,0.028798602521419525,-0.029811710119247437,-0.06300218403339386,32,2
0.0006132125854492188,positive,10.0,10.0,0.03034108132123947,0.029668482020497322,-0.026669196784496307,-0.08219214528799057,32,4
0.0007693767547607422,positive,10.0,10.0,0.027633225545287132,-0.35976704955101013,-0.024273864924907684,0.4855774939060211,32,6
0.0008406639099121094,positive,10.0,10.0,0.02043788507580757,-0.16431111097335815,-0.014562315307557583,0.1853441447019577,32,7
0.0009090900421142578,positive,10.0,10.0,0.017151663079857826,-0.3592217266559601,-0.010855432599782944,0.4733978807926178,32,8
0.0009758472442626953,positive,10.0,10.0,0.009967228397727013,-0.1639481484889984,-0.001387474942021072,0.17731335759162903,32,9
0.0010409355163574219,positive,10.0,10.0,0.006688265595585108,-0.3590502142906189,0.0021587919909507036,0.4695582687854767,32,10
0.0011057853698730469,positive,10.0,10.0,-0.0004927389672957361,-0.1639588326215744,0.01154995709657669,0.17755654454231262,32,11
0.0015995502471923828,positive,10.0,10.0,-0.024741483852267265,-0.36073657870292664,0.04207753762602806,0.5071085095405579,32,16
0.0018172264099121094,positive,10.0,10.0,-0.035280853509902954,-0.3620598316192627,0.056779250502586365,0.5366639494895935,32,18
0.0019698143005371094,positive,10.0,10.0,-0.053680695593357086,-0.3637930154800415,0.08444619178771973,0.5759714245796204,32,20
0.002323627471923828,positive,10.0,10.0,-0.05132365971803665,0.6043031215667725,0.08967269212007523,-0.7270144820213318,32,25
0.002389669418334961,positive,10.0,10.0,-0.03923759609460831,0.4080633223056793,0.07513239979743958,-0.40750908851623535,32,26
0.002596139907836914,positive,10.0,10.0,-0.026518190279603004,0.2100793421268463,0.06955835223197937,-0.050520896911621094,32,29
0.0028009414672851562,positive,10.0,10.0,-0.010071619413793087,0.012155195698142052,0.061998818069696426,0.3046393394470215,32,32
0.002936840057373047,positive,10.0,10.0,-0.0057016885839402676,0.010312333703041077,0.0687343180179596,0.3455013036727905,32,34
0.003151416778564453,positive,10.0,10.0,0.006559476256370544,0.20221728086471558,0.0732969418168068,0.1233578622341156,32,37
0.0032873153686523438,positive,10.0,10.0,0.018528157845139503,0.5901765823364258,0.07285749912261963,-0.41318172216415405,32,39
0.003351449966430664,positive,10.0,10.0,0.0303316880017519,0.3941015601158142,0.06459386646747589,-0.09844834357500076,32,40
0.003484487533569336,positive,10.0,10.0,0.04217604175209999,0.002157393377274275,0.0669027790427208,0.5256556868553162,32,42
0.003804445266723633,positive,10.0,10.0,0.0656302273273468,0.7779189944267273,0.07669997215270996,-0.5437107086181641,32,46
0.0038547515869140625,positive,10.0,10.0,0.08118860423564911,0.5818077325820923,0.06582576036453247,-0.22788096964359283,32,47
0.0038917064666748047,positive,10.0,10.0,0.09282475709915161,0.38580983877182007,0.06126813963055611,0.08481793850660324,32,48
0.003927946090698242,positive,10.0,10.0,0.10054095834493637,0.58000248670578,0.06296449899673462,-0.1879228949546814,32,49
0.0040051937103271484,positive,10.0,10.0,0.11982177942991257,0.18812084197998047,0.061684828251600266,0.43469786643981934,32,51
0.004042148590087891,positive,10.0,10.0,0.12358420342206955,0.38231775164604187,0.07037878781557083,0.16208036243915558,32,52
0.00428009033203125,negative,10.0,-10.0,0.13401412963867188,0.3739418685436249,0.15003737807273865,0.350170761346817,32,58
0.004356861114501953,negative,10.0,-10.0,0.14503377676010132,0.3696737587451935,0.17076382040977478,0.446736603975296,32,60
0.004392385482788086,negative,10.0,-10.0,0.15242725610733032,0.5620207190513611,0.17969855666160583,0.21237356960773468,32,61
0.004426717758178711,negative,10.0,-10.0,0.16366766393184662,0.7541793584823608,0.18394601345062256,-0.018675556406378746,32,62
0.0044612884521484375,negative,10.0,-10.0,0.17875124514102936,0.9462522268295288,0.18357251584529877,-0.24814866483211517,32,63
0.004495859146118164,negative,10.0,-10.0,0.19767630100250244,1.1383428573608398,0.17860953509807587,-0.47777557373046875,32,64
0.004570960998535156,negative,10.0,-10.0,0.23926731944084167,1.1335562467575073,0.16636312007904053,-0.3694888949394226,32,66
0.004606008529663086,negative,10.0,-10.0,0.2619384527206421,0.9365096688270569,0.1589733362197876,-0.029314270243048668,32,67
0.0046427249908447266,negative,10.0,-10.0,0.2806686460971832,1.1290370225906372,0.15838705003261566,-0.26792219281196594,32,68
0.004679679870605469,negative,10.0,-10.0,0.30324938893318176,0.9320510029792786,0.15302860736846924,0.070229671895504,32,69
0.004714250564575195,negative,10.0,-10.0,0.32189038395881653,0.7351040244102478,0.1544332057237625,0.40701279044151306,32,70
0.00474858283996582,negative,10.0,-10.0,0.3365924656391144,0.5381681323051453,0.1625734567642212,0.7441241145133972,32,71
0.0002949237823486328,positive,10.0,10.0,0.04654363915324211,-0.1998796910047531,-0.014407921582460403,0.25990208983421326,33,1
0.0004258155822753906,positive,10.0,10.0,0.04245494678616524,0.19069775938987732,-0.00995568372309208,-0.3328646719455719,33,3
0.0004830360412597656,positive,10.0,10.0,0.046268902719020844,-0.004281089175492525,-0.016612976789474487,-0.043337833136320114,33,4
0.0005352497100830078,positive,10.0,10.0,0.046183280646800995,-0.19916091859340668,-0.017479734495282173,0.24405759572982788,33,5
0.0005872249603271484,positive,10.0,10.0,0.04220006242394447,-0.394028902053833,-0.012598582543432713,0.5311761498451233,33,6
0.0006387233734130859,positive,10.0,10.0,0.03431948274374008,-0.19873201847076416,-0.0019750597421079874,0.23455017805099487,33,7
0.0008721351623535156,positive,10.0,10.0,0.0028076611924916506,-0.19935497641563416,0.04028427600860596,0.24846577644348145,33,11
0.0010802745819091797,positive,10.0,10.0,-0.02882400155067444,-0.20242495834827423,0.08524280786514282,0.31706976890563965,33,15
0.001127481460571289,positive,10.0,10.0,-0.03287250176072121,-0.3986510932445526,0.0915842056274414,0.6353712677955627,33,16
0.0017638206481933594,positive,10.0,10.0,0.0020391119178384542,0.3631216883659363,0.09064893424510956,-0.12545250356197357,33,28
0.0018107891082763672,positive,10.0,10.0,0.009301546029746532,0.556835949420929,0.08813988417387009,-0.3882165551185608,33,29
0.0018558502197265625,positive,10.0,10.0,0.020438265055418015,0.3605806827545166,0.0803755521774292,-0.06909682601690292,33,30
0.0024983882904052734,negative,10.0,-10.0,0.09970127046108246,0.7308731079101562,0.13891322910785675,-0.21636340022087097,33,44
0.0028624534606933594,negative,10.0,-10.0,0.20001626014709473,0.3263901174068451,0.15052060782909393,0.6924946308135986,33,52
0.0004961490631103516,positive,10.0,10.0,0.003246149979531765,-0.0013356968993321061,0.05738149210810661,0.07130608707666397,34,2
0.0006709098815917969,positive,10.0,10.0,0.007077809423208237,-0.002992860274389386,0.05475291237235069,0.10790377855300903,34,4
0.0007483959197998047,positive,10.0,10.0,0.007017951924353838,0.19130346179008484,0.05691098794341087,-0.16701464354991913,34,5
0.0011720657348632812,positive,10.0,10.0,0.0025777434930205345,-0.39817047119140625,0.07883833348751068,0.80399489402771,34,10
0.0018055438995361328,positive,10.0,10.0,0.02036065235733986,0.1768370121717453,0.09356041997671127,0.15300430357456207,34,17
0.002043485641479492,positive,10.0,10.0,0.042589813470840454,0.36778950691223145,0.08705608546733856,-0.04855722934007645,34,20
0.002119779586791992,positive,10.0,10.0,0.04994560405611992,0.5615622401237488,0.08608494699001312,-0.3125534653663635,34,21
0.0023474693298339844,positive,10.0,10.0,0.0718664824962616,-0.02700861729681492,0.08640871196985245,0.63954097032547,34,24
0.002778768539428711,positive,10.0,10.0,0.1267061084508896,0.7443677186965942,0.085103839635849,-0.3336493670940399,34,30
0.002918243408203125,positive,10.0,10.0,0.15255634486675262,0.7420588135719299,0.0781230702996254,-0.282331645488739,34,32
0.003002166748046875,positive,10.0,10.0,0.16739751398563385,0.5459144711494446,0.07247643917798996,0.033932287245988846,34,33
0.003161191940307617,positive,10.0,10.0,0.19311432540416718,0.5438395142555237,0.06845444440841675,0.07979988306760788,34,35
0.005354404449462891,positive,10.0,10.0,0.692156970500946,1.6746097803115845,0.07648087292909622,-0.7979620695114136,34,65
0.0055179595947265625,positive,10.0,10.0,0.7630212306976318,2.0628747940063477,0.03920885547995567,-1.3387296199798584,34,67
0.0055882930755615234,positive,10.0,10.0,0.8042787313461304,1.8672816753387451,0.012434263713657856,-1.034040927886963,34,68
0.0056531429290771484,positive,10.0,10.0,0.84162437915802,2.0622360706329346,-0.008246553130447865,-1.3227943181991577,34,69
0.007168769836425781,positive,10.0,10.0,1.1611363887786865,0.32509663701057434,-0.06529111415147781,0.8959499597549438,34,82
0.007245540618896484,positive,10.0,10.0,1.1676383018493652,0.13091778755187988,-0.04737211391329765,1.1674156188964844,34,83
0.007391691207885742,positive,10.0,10.0,1.1767891645431519,0.13183636963367462,-0.006818500813096762,1.1452982425689697,34,85
0.007455587387084961,positive,10.0,10.0,1.179425835609436,0.3270467221736908,0.01608746498823166,0.8504849672317505,34,86
0.007521390914916992,positive,10.0,10.0,1.1859668493270874,0.13170912861824036,0.03309716284275055,1.1481828689575195,34,87
0.00019359588623046875,positive,10.0,10.0,0.029299017041921616,-0.03664298355579376,-0.01751643978059292,0.03002898208796978,35,0
0.0004267692565917969,positive,10.0,10.0,0.02321295626461506,-0.23111939430236816,-0.010189875960350037,0.3084932863712311,35,3
0.000484466552734375,positive,10.0,10.0,0.018590567633509636,-0.03585375100374222,-0.004020010586827993,0.012614250183105469,35,4
0.0006079673767089844,positive,10.0,10.0,0.013255136087536812,-0.4259858727455139,0.0023127966560423374,0.5955184102058411,35,6
0.0006604194641113281,positive,10.0,10.0,0.0047354185953736305,-0.23089636862277985,0.01422316487878561,0.3035648763179779,35,7
0.0007135868072509766,positive,10.0,10.0,0.00011749143595807254,-0.035979975014925,0.020294463261961937,0.015401344746351242,35,8
0.0007643699645996094,positive,10.0,10.0,-0.0006021080771461129,-0.23138700425624847,0.02060248889029026,0.31441769003868103,35,9
0.0008118152618408203,positive,10.0,10.0,-0.005229848437011242,-0.036564506590366364,0.026890844106674194,0.028302663937211037,35,10
0.000858306884765625,positive,10.0,10.0,-0.005961138289421797,-0.23206156492233276,0.027456896379590034,0.3293471932411194,35,11
0.0009076595306396484,positive,10.0,10.0,-0.010602369904518127,-0.03734101727604866,0.03404384106397629,0.04544777423143387,35,12
0.001112222671508789,positive,10.0,10.0,-0.024578580632805824,-0.2340216189622879,0.054969705641269684,0.3729795813560486,35,15
0.0012793540954589844,positive,10.0,10.0,-0.03476706147193909,-0.04152768850326538,0.07258837670087814,0.13812318444252014,35,18
0.0013294219970703125,positive,10.0,10.0,-0.03559761494398117,0.15248356759548187,0.07535083591938019,-0.130805104970932,35,19
0.0013778209686279297,positive,10.0,10.0,-0.03254794329404831,0.3464497923851013,0.07273473590612411,-0.3987966775894165,35,20
0.0014808177947998047,positive,10.0,10.0,-0.022611437365412712,-0.0456121526658535,0.06307685375213623,0.22829334437847137,35,22
0.0019371509552001953,positive,10.0,10.0,-0.008237618952989578,0.5282593965530396,0.08732309192419052,-0.3983471691608429,35,31
0.0020380020141601562,positive,10.0,10.0,0.008967853151261806,0.5259141325950623,0.07776693999767303,-0.3460889756679535,35,33
0.002474069595336914,negative,10.0,-10.0,0.03260292485356331,0.31903719902038574,0.13866527378559113,0.2089787870645523,35,42
0.002615690231323242,negative,10.0,-10.0,0.06331726163625717,0.8975866436958313,0.13647840917110443,-0.5260772109031677,35,45
0.002895355224609375,positive,10.0,10.0,0.1900186985731125,0.8887272477149963,0.05569615960121155,-0.32594606280326843,35,51
0.002999544143676758,positive,10.0,10.0,0.22945351898670197,0.8872395753860474,0.03716608136892319,-0.2927992641925812,35,53
0.0032384395599365234,positive,10.0,10.0,0.2868627607822418,0.2992701828479767,0.05685100331902504,0.6437491178512573,35,58
0.003329038619995117,positive,10.0,10.0,0.3027192950248718,0.297515869140625,0.07711592316627502,0.683324933052063,35,60
0.003594636917114258,positive,10.0,10.0,0.3887438178062439,1.0695953369140625,0.09185876697301865,-0.30506518483161926,35,66
0.003678560256958008,positive,10.0,10.0,0.43540164828300476,1.4571173191070557,0.07440900057554245,-0.8319044709205627,35,68
0.003933429718017578,positive,10.0,10.0,0.6139516830444336,1.064566969871521,-0.026512756943702698,-0.1928652673959732,35,74
0.003974437713623047,positive,10.0,10.0,0.6352430582046509,0.8698341250419617,-0.030370062217116356,0.09133750945329666,35,75
0.0040569305419921875,positive,10.0,10.0,0.6661429405212402,0.8706759214401245,-0.02105758897960186,0.07274167239665985,35,77
0.004139423370361328,positive,10.0,10.0,0.6970736980438232,0.4810241758823395,-0.012428613379597664,0.6451449990272522,35,79
0.0042192935943603516,positive,10.0,10.0,0.7202205061912537,0.8714323043823242,0.007445772644132376,0.05604097247123718,35,81
0.0042572021484375,positive,10.0,10.0,0.737649142742157,1.0664466619491577,0.008566591888666153,-0.23428349196910858,35,82
0.004338264465332031,positive,10.0,10.0,0.7842069864273071,1.0662689208984375,-0.006604117341339588,-0.23034866154193878,35,84
0.0043756961822509766,positive,10.0,10.0,0.8055323958396912,0.8712419271469116,-0.011211090721189976,0.06024380400776863,35,85
0.0044138431549072266,positive,10.0,10.0,0.8229572176933289,0.6762824654579163,-0.010006214492022991,0.3493685722351074,35,86
0.004570722579956055,positive,10.0,10.0,0.8848754167556763,0.6764236688613892,0.005997217260301113,0.34622257947921753,35,90
0.004647016525268555,positive,10.0,10.0,0.9158331155776978,0.6761550307273865,0.014030405320227146,0.352168470621109,35,92
0.004683732986450195,positive,10.0,10.0,0.9293562173843384,0.8710746765136719,0.021073775365948677,0.0639425665140152,35,93
0.0048007965087890625,positive,10.0,10.0,0.9776999354362488,0.6749204993247986,0.031169559806585312,0.37952542304992676,35,96
0.004835844039916992,positive,10.0,10.0,0.9911983609199524,0.4793701171875,0.03876006603240967,0.6818709373474121,35,97
0.004913330078125,positive,10.0,10.0,1.0142643451690674,0.8682740330696106,0.06043025478720665,0.1259247064590454,35,99
0.0050089359283447266,positive,10.0,10.0,1.0450767278671265,0.4763869047164917,0.07168962806463242,0.7488871812820435,35,101
0.005051851272583008,positive,10.0,10.0,1.054604411125183,0.6704505681991577,0.08666737377643585,0.47959810495376587,35,102
0.005342245101928711,negative,10.0,-10.0,1.1673763990402222,0.8545518517494202,0.13790470361709595,0.43226158618927,35,109
0.005381107330322266,negative,10.0,-10.0,1.1844674348831177,1.047479271888733,0.14654994010925293,0.18603339791297913,35,110
0.005421161651611328,negative,10.0,-10.0,1.2054170370101929,0.8505976796150208,0.15027061104774475,0.5211217999458313,35,111
0.0054988861083984375,negative,10.0,-10.0,1.2432953119277954,1.2358288764953613,0.16627921164035797,0.0413072369992733,35,113
0.005693674087524414,negative,10.0,-10.0,1.3819934129714966,1.029702067375183,0.15771251916885376,0.5829569697380066,35,118
0.00572967529296875,negative,10.0,-10.0,1.4025874137878418,0.8327631950378418,0.16937166452407837,0.9208745956420898,35,119
0.005765676498413086,negative,10.0,-10.0,1.4192427396774292,0.6358072757720947,0.1877891570329666,1.2616385221481323,35,120
0.0006356239318847656,positive,10.0,10.0,-0.036353547126054764,-0.3506089150905609,0.01072581298649311,0.551701009273529,36,4
0.0009162425994873047,positive,10.0,10.0,-0.05349980667233467,-0.15633217990398407,0.03824581950902939,0.27782952785491943,36,7
0.0011434555053710938,positive,10.0,10.0,-0.06681594997644424,0.03679316118359566,0.061524052172899246,0.029063573107123375,36,10
0.0012183189392089844,positive,10.0,10.0,-0.06608008593320847,-0.15915465354919434,0.06210532411932945,0.3405058681964874,36,11
0.0012912750244140625,positive,10.0,10.0,-0.06926317512989044,0.035031188279390335,0.06891544163227081,0.06803588569164276,36,12
0.00153350830078125,positive,10.0,10.0,-0.0711217150092125,-0.16309715807437897,0.08014734089374542,0.42812779545783997,36,15
0.0018398761749267578,positive,10.0,10.0,-0.060911696404218674,0.22196614742279053,0.0826311782002449,-0.04437614232301712,36,19
0.0019087791442871094,positive,10.0,10.0,-0.056472375988960266,0.025762490928173065,0.08174365758895874,0.27319109439849854,36,20
0.0020551681518554688,positive,10.0,10.0,-0.05156455188989639,0.41339874267578125,0.08735485374927521,-0.256575345993042,36,22
0.002344369888305664,positive,10.0,10.0,-0.018637048080563545,0.40868452191352844,0.07003268599510193,-0.15193089842796326,36,26
0.0024144649505615234,positive,10.0,10.0,-0.010463357903063297,0.21263328194618225,0.0669940635561943,0.16199785470962524,36,27
0.002630949020385742,positive,10.0,10.0,0.006137634161859751,0.014655081555247307,0.07216096669435501,0.518519401550293,36,30
0.0027196407318115234,positive,10.0,10.0,0.006430735811591148,0.2086908370256424,0.08253135532140732,0.249420166015625,36,31
0.0028772354125976562,positive,10.0,10.0,0.01865541562438011,0.20628216862678528,0.08719712495803833,0.3028308153152466,36,33
0.003023386001586914,positive,10.0,10.0,0.030782261863350868,0.5937297344207764,0.09403117001056671,-0.2229936122894287,36,35
0.0034639835357666016,positive,10.0,10.0,0.12116681784391403,0.5871385335922241,0.04624735936522484,-0.07665617763996124,36,41
0.003608226776123047,positive,10.0,10.0,0.14073729515075684,0.19565369188785553,0.04931927099823952,0.5366971492767334,36,43
0.0036773681640625,positive,10.0,10.0,0.14465036988258362,0.3900487720966339,0.06005321443080902,0.2599530816078186,36,44
0.0037453174591064453,positive,10.0,10.0,0.15245133638381958,0.19412322342395782,0.06525227427482605,0.5709566473960876,36,45
0.003813505172729492,positive,10.0,10.0,0.1563338041305542,0.38827234506607056,0.07667140662670135,0.299523264169693,36,46
0.004091501235961914,positive,10.0,10.0,0.1912650614976883,0.969906747341156,0.07863075286149979,-0.4988160729408264,36,49
0.004351139068603516,positive,10.0,10.0,0.23769329488277435,0.3817456364631653,0.06762794405221939,0.4435633420944214,36,52
0.0044155120849609375,positive,10.0,10.0,0.24532820284366608,0.5758487582206726,0.07649920880794525,0.1729416698217392,36,53
0.0046274662017822266,positive,10.0,10.0,0.29151487350463867,0.7675477862358093,0.07084311544895172,-0.04484358802437782,36,56
0.0006067752838134766,positive,10.0,10.0,0.03740539029240608,-0.2121128886938095,0.02192753367125988,0.34395739436149597,37,3
0.0007369518280029297,positive,10.0,10.0,0.03316313028335571,-0.017309630289673805,0.02880668081343174,0.058268941938877106,37,4
0.0008227825164794922,positive,10.0,10.0,0.03281693905591965,0.17738769948482513,0.029972059652209282,-0.22518788278102875,37,5
0.0013976097106933594,positive,10.0,10.0,0.022338731214404106,-0.02172156050801277,0.05535926669836044,0.15579287707805634,37,12
0.00189971923828125,positive,10.0,10.0,0.015562828630208969,0.36232709884643555,0.0858294889330864,-0.29432833194732666,37,18
0.0019757747650146484,positive,10.0,10.0,0.02280937135219574,0.16609302163124084,0.07994292676448822,0.024142153561115265,37,19
0.002048015594482422,positive,10.0,10.0,0.02613123133778572,0.3599829375743866,0.08042576909065247,-0.24228565394878387,37,20
0.002117156982421875,positive,10.0,10.0,0.03333089128136635,0.5538694858551025,0.07558005303144455,-0.5085556507110596,37,21
0.0021855831146240234,positive,10.0,10.0,0.04440828040242195,0.35776856541633606,0.06540894508361816,-0.19304469227790833,37,22
0.0022547245025634766,positive,10.0,10.0,0.051563650369644165,0.1617748737335205,0.06154804676771164,0.11953369528055191,37,23
0.0024840831756591797,positive,10.0,10.0,0.05731547251343727,0.3540008068084717,0.0757407695055008,-0.10981856286525726,37,26
0.002651214599609375,positive,10.0,10.0,0.0753546953201294,0.35187509655952454,0.0659908577799797,-0.06274191290140152,37,28
0.0027403831481933594,positive,10.0,10.0,0.08239219337701797,0.15587210655212402,0.0647360160946846,0.2500098943710327,37,29
0.002816438674926758,positive,10.0,10.0,0.08550963550806046,-0.04011170193552971,0.06973621249198914,0.5623888969421387,37,30
0.0029823780059814453,positive,10.0,10.0,0.0877867192029953,0.3478454351425171,0.08683331310749054,0.02638305351138115,37,32
0.003446340560913086,positive,10.0,10.0,0.1642802357673645,0.7317355871200562,0.045334719121456146,-0.41947075724601746,37,38
0.0035958290100097656,positive,10.0,10.0,0.18963497877120972,0.340370237827301,0.034688349813222885,0.19125866889953613,37,40
0.0037431716918945312,positive,10.0,10.0,0.2071419656276703,0.33932700753211975,0.03670786693692207,0.21429800987243652,37,42
0.004009246826171875,positive,10.0,10.0,0.22460660338401794,0.338220477104187,0.039662159979343414,0.23874633014202118,37,44
0.004401206970214844,positive,10.0,10.0,0.25829651951789856,0.529590368270874,0.06646337360143661,0.028722606599330902,37,49
0.004548549652099609,positive,10.0,10.0,0.2755599617958069,0.5276886224746704,0.07387008517980576,0.07080024480819702,37,51
0.004618167877197266,positive,10.0,10.0,0.2861137390136719,0.7216780781745911,0.07528609037399292,-0.19769230484962463,37,52
0.0047113895416259766,positive,10.0,10.0,0.3005473017692566,0.9156469702720642,0.07133224606513977,-0.46570825576782227,37,53
0.004872322082519531,positive,10.0,10.0,0.33325210213661194,0.5236408114433289,0.058989640325307846,0.16016359627246857,37,55
0.0049512386322021484,positive,10.0,10.0,0.34372493624687195,0.3277260959148407,0.06219291314482689,0.4708573818206787,37,56
0.005029439926147461,positive,10.0,10.0,0.35027945041656494,0.5219169855117798,0.07161006331443787,0.1984071582555771,37,57
0.005259037017822266,positive,10.0,10.0,0.3776313066482544,0.7136261463165283,0.09073107689619064,-0.01957108825445175,37,60
0.0053293704986572266,positive,10.0,10.0,0.391903817653656,0.5173280239105225,0.09033966064453125,0.30030325055122375,37,61
0.005724430084228516,negative,10.0,-10.0,0.43556031584739685,0.3148512542247772,0.1382138431072235,0.7606169581413269,37,66
0.00041484832763671875,positive,10.0,10.0,-0.02731877937912941,0.02877364121377468,-0.02840578556060791,0.049182210117578506,38,0
0.0008661746978759766,positive,10.0,10.0,-0.030061902478337288,0.029571589082479477,-0.02076675556600094,0.03156644478440285,38,2
0.0014369487762451172,positive,10.0,10.0,-0.032172273844480515,-0.16476523876190186,-0.013409690000116825,0.30696386098861694,38,5
0.0016031265258789062,positive,10.0,10.0,-0.03546757623553276,0.030545206740498543,-0.007270412519574165,0.010082208551466465,38,6
0.0019261837005615234,positive,10.0,10.0,-0.03814610838890076,0.03075026161968708,-0.0010595206404104829,0.005558528006076813,38,8
0.002075672149658203,positive,10.0,10.0,-0.03753110393881798,-0.16435648500919342,-0.0009483500616624951,0.2979069650173187,38,9
0.0022192001342773438,positive,10.0,10.0,-0.0408182330429554,0.030778978019952774,0.005009789485484362,0.004925106186419725,38,10
0.002361774444580078,positive,10.0,10.0,-0.04020265117287636,-0.16441446542739868,0.005108291748911142,0.2991844713687897,38,11
0.0030226707458496094,positive,10.0,10.0,-0.04556485638022423,-0.16505146026611328,0.017643222585320473,0.31326940655708313,38,15
0.0033364295959472656,positive,10.0,10.0,-0.056074291467666626,-0.1656404733657837,0.036137886345386505,0.3264061212539673,38,17
0.0037124156951904297,positive,10.0,10.0,-0.05880812555551529,-0.16675813496112823,0.04357270896434784,0.3511682450771332,38,19
0.004031658172607422,positive,10.0,10.0,-0.06158892810344696,-0.16809147596359253,0.052046820521354675,0.3807445168495178,38,21
0.004383563995361328,positive,10.0,10.0,-0.06442566961050034,-0.16966968774795532,0.06176002323627472,0.41580867767333984,38,23
0.004533529281616211,positive,10.0,10.0,-0.06781906634569168,-0.3656100928783417,0.07007619738578796,0.7273048162460327,38,24
0.0053558349609375,negative,10.0,-10.0,-0.09682169556617737,0.2120571732521057,0.13666580617427826,0.017707955092191696,38,29
0.0065457820892333984,negative,10.0,-10.0,-0.05622774735093117,0.39408382773399353,0.13922566175460815,0.013819564133882523,38,36
0.00841522216796875,positive,10.0,10.0,0.09475350379943848,0.9605720639228821,0.08774282783269882,-0.4499411880970001,38,47
0.008738517761230469,positive,10.0,10.0,0.12925146520137787,0.958236575126648,0.07612518221139908,-0.3977789878845215,38,49
0.009377241134643555,positive,10.0,10.0,0.18238219618797302,0.5641396045684814,0.08203721791505814,0.27474939823150635,38,53
0.009766578674316406,positive,10.0,10.0,0.2088250070810318,0.9517657160758972,0.08771274238824844,-0.2548055648803711,38,55
0.009917020797729492,positive,10.0,10.0,0.22786031663417816,1.1455329656600952,0.08261663466691971,-0.5185845494270325,38,56
0.010069847106933594,positive,10.0,10.0,0.2507709860801697,0.9493509531021118,0.07224494218826294,-0.20105357468128204,38,57
0.010724306106567383,positive,10.0,10.0,0.3187965750694275,0.5552803874015808,0.07049998641014099,0.47032496333122253,38,61
0.012143611907958984,negative,10.0,-10.0,0.39130619168281555,0.5425248742103577,0.18579994142055511,0.7627775073051453,38,69
0.012300491333007812,negative,10.0,-10.0,0.40215668082237244,0.3453963100910187,0.20105549693107605,1.1076925992965698,38,70
0.0003857612609863281,positive,10.0,10.0,0.025267401710152626,-0.20752424001693726,0.016650723293423653,0.28530240058898926,39,1
0.0006475448608398438,positive,10.0,10.0,0.00889776460826397,-0.013457047753036022,0.03997322544455528,0.015870478004217148,39,4
0.0007593631744384766,positive,10.0,10.0,0.008628623560070992,0.1810695230960846,0.04029063507914543,-0.2639372944831848,39,5
0.0009219646453857422,positive,10.0,10.0,0.011957940645515919,-0.21020974218845367,0.03583541885018349,0.3446972072124481,39,7
0.0009999275207519531,positive,10.0,10.0,0.007753745652735233,-0.015615399926900864,0.04272936284542084,0.0635264664888382,39,8
0.001230478286743164,positive,10.0,10.0,0.0028779145795851946,-0.21267245709896088,0.0532052218914032,0.39933034777641296,39,11
0.0017502307891845703,positive,10.0,10.0,0.007839798927307129,-0.024233926087617874,0.06487900763750076,0.25408193469047546,39,18
0.001970529556274414,positive,10.0,10.0,0.01803235337138176,0.558020830154419,0.0638662651181221,-0.5572084188461304,39,21
0.002107858657836914,positive,10.0,10.0,0.03643403202295303,0.16622936725616455,0.04781994968652725,0.06372833251953125,39,23
0.0021736621856689453,positive,10.0,10.0,0.03975861892104149,-0.029544422402977943,0.04909451678395271,0.3711070418357849,39,24
0.0022351741790771484,positive,10.0,10.0,0.03916773200035095,0.16484691202640533,0.056516654789447784,0.09429934620857239,39,25
0.002440929412841797,positive,10.0,10.0,0.04510810598731041,-0.032798733562231064,0.06909894198179245,0.443446546792984,39,28
0.0025055408477783203,positive,10.0,10.0,0.044452134519815445,-0.22882689535617828,0.07796786725521088,0.7570860385894775,39,29
0.0025703907012939453,positive,10.0,10.0,0.03987559676170349,-0.03486113250255585,0.09310959279537201,0.48992061614990234,39,30
0.002964496612548828,negative,10.0,-10.0,0.028299259021878242,0.15175384283065796,0.16035205125808716,0.38767966628074646,39,35
0.003110170364379883,negative,10.0,-10.0,0.03821992874145508,0.14719928801059723,0.17109639942646027,0.49018144607543945,39,37
0.0031774044036865234,negative,10.0,-10.0,0.041163913905620575,0.33954697847366333,0.18090003728866577,0.25592997670173645,39,38
0.0032417774200439453,negative,10.0,-10.0,0.047954853624105453,0.14236541092395782,0.18601863086223602,0.5997709631919861,39,39
0.003378629684448242,negative,10.0,-10.0,0.05749145895242691,0.526303768157959,0.20543339848518372,0.14666853845119476,39,41
0.0034422874450683594,negative,10.0,-10.0,0.06801753491163254,0.7179823517799377,0.2083667665719986,-0.07483011484146118,39,42
0.0035042762756347656,negative,10.0,-10.0,0.08237718045711517,0.90960294008255,0.2068701684474945,-0.2952263355255127,39,43
0.003727436065673828,negative,10.0,-10.0,0.1406739503145218,1.0959223508834839,0.1872909814119339,-0.39453160762786865,39,46
0.0038673877716064453,negative,10.0,-10.0,0.18056650459766388,1.0908619165420532,0.1784176081418991,-0.2802850604057312,39,48
0.003929615020751953,negative,10.0,-10.0,0.20238374173641205,1.2830498218536377,0.17281191051006317,-0.5118135809898376,39,49
0.004269123077392578,negative,10.0,-10.0,0.32244622707366943,1.0776392221450806,0.1433660238981247,0.01614369824528694,39,54
0.004721641540527344,positive,10.0,10.0,0.5096352696418762,1.8464571237564087,0.07154566794633865,-0.9004350900650024,39,60
0.004800558090209961,positive,10.0,10.0,0.5465644001960754,2.0405404567718506,0.05353696644306183,-1.1697988510131836,39,61
0.004869937896728516,positive,10.0,10.0,0.5873752236366272,1.8447645902633667,0.030140990391373634,-0.8608235120773315,39,62
0.005016803741455078,positive,10.0,10.0,0.6572554111480713,1.8441836833953857,0.0017481622053310275,-0.8474010229110718,39,64
0.0052280426025390625,positive,10.0,10.0,0.7718119621276855,2.039980411529541,-0.05502365529537201,-1.1560389995574951,39,67
0.0052945613861083984,positive,10.0,10.0,0.8126115798950195,2.2357749938964844,-0.07814443111419678,-1.4654550552368164,39,68
0.0055065155029296875,negative,10.0,-10.0,0.9351231455802917,1.6549826860427856,-0.1502370536327362,-0.6923348903656006,39,71
0.005643606185913086,negative,10.0,-10.0,0.9974673986434937,1.2697616815567017,-0.1730930507183075,-0.2136661559343338,39,73
0.005706071853637695,negative,10.0,-10.0,1.0228625535964966,1.0774824619293213,-0.17736637592315674,0.019807057455182076,39,74
0.00584101676940918,negative,10.0,-10.0,1.0621180534362793,1.082438349723816,-0.17193619906902313,-0.09116146713495255,39,76
0.005976200103759766,negative,10.0,-10.0,1.101569652557373,1.0872738361358643,-0.17090490460395813,-0.1993442326784134,39,78
0.006040096282958984,negative,10.0,-10.0,1.1233152151107788,1.284375548362732,-0.17489178478717804,-0.5406913757324219,39,79
0.006175518035888672,negative,10.0,-10.0,1.1786320209503174,1.2892881631851196,-0.20336516201496124,-0.6539474725723267,39,81
