timestamp,feedback,magnitude,reward,cart_position,cart_velocity,pole_angle,pole_velocity,episode,timestep
0.00060272216796875,positive,10.0,10.0,-0.04340943321585655,-0.36598822474479675,0.0061739347875118256,0.5920087695121765,0,2
0.000667572021484375,positive,10.0,10.0,-0.05072919651865959,-0.5611960291862488,0.01801411062479019,0.886630117893219,0,3
0.0007860660552978516,positive,10.0,10.0,-0.07708427309989929,-0.9521247744560242,0.05944513529539108,1.4885914325714111,0,5
0.0008475780487060547,positive,10.0,10.0,-0.09612677246332169,-1.1479182243347168,0.08921696245670319,1.799229383468628,0,6
0.0009653568267822266,negative,10.0,-10.0,-0.14596349000930786,-1.5400460958480835,0.16756664216518402,2.446857213973999,0,8
0.00015592575073242188,positive,10.0,10.0,-0.04282822087407112,0.040903616696596146,-0.009631424210965633,-0.03333676978945732,1,0
0.0004291534423828125,positive,10.0,10.0,-0.05207277089357376,-0.5441012382507324,0.005741854198276997,0.8367576599121094,1,3
0.00025200843811035156,positive,10.0,10.0,0.04610714688897133,-0.23504608869552612,0.023347772657871246,0.32263845205307007,2,1
0.0004916191101074219,positive,10.0,10.0,0.0202760212123394,-0.8216841220855713,0.0607425682246685,1.2301656007766724,2,4
0.00014710426330566406,positive,10.0,10.0,0.026161478832364082,0.017469502985477448,0.016446726396679878,-0.041007451713085175,3,0
0.0003266334533691406,positive,10.0,10.0,0.022953180596232414,0.017011020332574844,0.020762953907251358,-0.03089452162384987,3,2
0.0003941059112548828,positive,10.0,10.0,0.023293402045965195,-0.17840243875980377,0.02014506421983242,0.26826635003089905,3,3
0.0006544589996337891,positive,10.0,10.0,0.024277346208691597,0.015702102333307266,0.01910005882382393,-0.002013883786275983,3,6
0.0007266998291015625,positive,10.0,10.0,0.024591388180851936,-0.1796884834766388,0.01905978098511696,0.29663363099098206,3,7
0.0008733272552490234,positive,10.0,10.0,0.021300749853253365,-0.18031466007232666,0.025192897766828537,0.3104846477508545,3,9
0.0010173320770263672,positive,10.0,10.0,0.010178730823099613,-0.5713328123092651,0.0436226911842823,0.9134109616279602,3,11
0.001081228256225586,positive,10.0,10.0,-0.0012479247525334358,-0.7670168280601501,0.06189091131091118,1.2194788455963135,3,12
0.0011432170867919922,positive,10.0,10.0,-0.016588261350989342,-0.9628795385360718,0.08628048747777939,1.5308946371078491,3,13
0.0012936592102050781,negative,10.0,-10.0,-0.05902443826198578,-1.3551280498504639,0.15388257801532745,2.1757898330688477,3,15
0.00036215782165527344,positive,10.0,10.0,0.044760361313819885,-0.4016803503036499,-0.017459195107221603,0.5450562238693237,4,2
0.0004303455352783203,positive,10.0,10.0,0.036726754158735275,-0.5965526700019836,-0.00655807089060545,0.8321874141693115,4,3
0.0006022453308105469,positive,10.0,10.0,0.008964012376964092,-0.9868370890617371,0.03254169225692749,1.4186300039291382,4,5
0.0009438991546630859,negative,10.0,-10.0,-0.08566372841596603,-0.9907426238059998,0.17139817774295807,1.5230953693389893,4,9
0.0010082721710205078,negative,10.0,-10.0,-0.10547858476638794,-1.1874700784683228,0.20186008512973785,1.8640072345733643,4,10
0.00016760826110839844,positive,10.0,10.0,0.008008946664631367,-0.037212174385786057,-0.020636245608329773,-0.041017454117536545,5,0
0.0006203651428222656,positive,10.0,10.0,-0.011268256232142448,0.1588560938835144,-0.002504695439711213,-0.354565292596817,5,5
0.0006909370422363281,positive,10.0,10.0,-0.008091134019196033,0.3540135622024536,-0.009596001356840134,-0.6480369567871094,5,6
0.0009372234344482422,positive,10.0,10.0,0.01706363447010517,0.5501303672790527,-0.05459556728601456,-0.9636507630348206,5,9
0.0010030269622802734,positive,10.0,10.0,0.02806624211370945,0.7459416389465332,-0.07386858016252518,-1.2729731798171997,5,10
0.001547098159790039,negative,10.0,-10.0,0.05122976005077362,-0.21672050654888153,-0.1441716104745865,-0.09357404708862305,5,17
0.0016129016876220703,negative,10.0,-10.0,0.0468953512609005,-0.409513384103775,-0.1460430920124054,0.15037524700164795,5,18
0.0016775131225585938,negative,10.0,-10.0,0.03870508074760437,-0.21263490617275238,-0.14303559064865112,-0.18458291888237,5,19
0.001741170883178711,negative,10.0,-10.0,0.03445238247513771,-0.015786902979016304,-0.14672724902629852,-0.5187487602233887,5,20
0.0018832683563232422,negative,10.0,-10.0,0.037757907062768936,0.3779372274875641,-0.17417891323566437,-1.1915068626403809,5,22
0.00017213821411132812,positive,10.0,10.0,0.043579667806625366,-0.018333520740270615,0.01710887998342514,-0.039414580911397934,6,0
0.0002617835998535156,positive,10.0,10.0,0.04321299493312836,-0.21369658410549164,0.016320589929819107,0.2586168944835663,6,1
0.000865936279296875,negative,10.0,-10.0,-0.05323585867881775,-0.8044862151145935,0.15658687055110931,1.2694597244262695,6,8
0.0009312629699707031,negative,10.0,-10.0,-0.06932558119297028,-1.001222014427185,0.1819760650396347,1.6068016290664673,6,9
0.0004475116729736328,positive,10.0,10.0,0.0027201701886951923,-0.20373494923114777,-0.04372311383485794,0.2581280469894409,7,3
0.0006866455078125,positive,10.0,10.0,-0.021173963323235512,-0.7874956130981445,-0.011486565694212914,1.100795865058899,7,6
0.0011518001556396484,negative,10.0,-10.0,-0.14306052029132843,-1.1812539100646973,0.16344593465328217,1.7823933362960815,7,12
0.0004558563232421875,positive,10.0,10.0,-0.0073276087641716,-0.20123465359210968,0.03823881223797798,0.3028572201728821,8,3
0.0005271434783935547,positive,10.0,10.0,-0.011352301575243473,-0.3968801200389862,0.04429595544934273,0.6073504090309143,8,4
0.0006010532379150391,positive,10.0,10.0,-0.019289903342723846,-0.5925924777984619,0.05644296482205391,0.9136497378349304,8,5
0.0006730556488037109,positive,10.0,10.0,-0.031141754239797592,-0.7884306311607361,0.07471595704555511,1.223524570465088,8,6
0.0009233951568603516,negative,10.0,-10.0,-0.07461034506559372,-0.9870671033859253,0.14383520185947418,1.6045405864715576,8,9
0.0009875297546386719,negative,10.0,-10.0,-0.09435168653726578,-1.1835681200027466,0.17592601478099823,1.9383902549743652,8,10
0.00015974044799804688,positive,10.0,10.0,0.03575849533081055,-0.022095289081335068,0.0064789666794240475,-0.041390080004930496,9,0
0.0002346038818359375,positive,10.0,10.0,0.0353165864944458,-0.21730954945087433,0.005651164799928665,0.25332996249198914,9,1
0.00029850006103515625,positive,10.0,10.0,0.030970396474003792,-0.4125117361545563,0.010717764496803284,0.547789990901947,9,2
0.0003528594970703125,positive,10.0,10.0,0.022720161825418472,-0.6077826023101807,0.02167356386780739,0.8438304662704468,9,3
0.0004930496215820312,positive,10.0,10.0,-0.005499360151588917,-0.9987973570823669,0.061415161937475204,1.447768211364746,9,5
0.0005452632904052734,positive,10.0,10.0,-0.025475308299064636,-0.8044820427894592,0.0903705283999443,1.1748894453048706,9,6
0.0007479190826416016,negative,10.0,-10.0,-0.06991993635892868,-0.6139051914215088,0.1568661481142044,0.9894912242889404,9,9
0.000804901123046875,negative,10.0,-10.0,-0.08219803869724274,-0.42119115591049194,0.17665597796440125,0.74989914894104,9,10
0.000270843505859375,positive,10.0,10.0,-0.048954762518405914,-0.40166032314300537,0.03224850445985794,0.6471807360649109,10,2
0.0003223419189453125,positive,10.0,10.0,-0.05698796734213829,-0.2070021778345108,0.04519211873412132,0.36482474207878113,10,3
0.0004978179931640625,positive,10.0,10.0,-0.08115367591381073,-0.794487714767456,0.08551966398954391,1.2927825450897217,10,6
0.0008199214935302734,negative,10.0,-10.0,-0.12189999222755432,-0.21819552779197693,0.16348066926002502,0.619041383266449,10,11
0.0009400844573974609,negative,10.0,-10.0,-0.12677767872810364,-0.22281481325626373,0.18350112438201904,0.724546492099762,10,13
0.0010461807250976562,negative,10.0,-10.0,-0.13184678554534912,-0.22792291641235352,0.20788748562335968,0.8427441716194153,10,15
9.655952453613281e-05,positive,10.0,10.0,-0.03847042843699455,0.03564419969916344,0.02938321977853775,-0.023422133177518845,11,0
0.00015687942504882812,positive,10.0,10.0,-0.037757545709609985,-0.15988653898239136,0.02891477569937706,0.278384804725647,11,1
0.00020813941955566406,positive,10.0,10.0,-0.04095527529716492,0.03481123596429825,0.03448247164487839,-0.005040032789111137,11,2
0.00025725364685058594,positive,10.0,10.0,-0.04025905206799507,-0.16078783571720123,0.034381672739982605,0.2983199954032898,11,3
0.00030517578125,positive,10.0,10.0,-0.04347480833530426,-0.3563825786113739,0.04034807160496712,0.6016449332237244,11,4
0.00042366981506347656,positive,10.0,10.0,-0.06164335831999779,-0.7478355765342712,0.07051614671945572,1.2154347896575928,11,6
0.0006768703460693359,negative,10.0,-10.0,-0.13720202445983887,-0.7535157799720764,0.19438941776752472,1.3608559370040894,11,10
0.0003421306610107422,positive,10.0,10.0,0.02314045839011669,-0.7484002113342285,-0.007786714471876621,1.1277862787246704,12,4
0.0003910064697265625,positive,10.0,10.0,0.008172455243766308,-0.9434192776679993,0.014769010245800018,1.4180166721343994,12,5
0.0005011558532714844,positive,10.0,10.0,-0.03347035124897957,-1.3343102931976318,0.07743492722511292,2.021066427230835,12,7
0.0006930828094482422,negative,10.0,-10.0,-0.10188732296228409,-1.1430801153182983,0.18291278183460236,1.8357641696929932,12,10
0.00023627281188964844,positive,10.0,10.0,0.027684494853019714,-0.34182465076446533,-0.04140100255608559,0.5896221399307251,13,2
0.0002865791320800781,positive,10.0,10.0,0.020848002284765244,-0.5363432168960571,-0.029608558863401413,0.8689814805984497,13,3
0.0005276203155517578,positive,10.0,10.0,-0.04544534906744957,-1.3168145418167114,0.07437746971845627,2.0418217182159424,13,7
0.0006492137908935547,negative,10.0,-10.0,-0.10203399509191513,-1.3186984062194824,0.16234514117240906,2.1014087200164795,13,9
0.0007021427154541016,negative,10.0,-10.0,-0.12840797007083893,-1.1255369186401367,0.2043733149766922,1.8629965782165527,13,10
0.0001480579376220703,positive,10.0,10.0,0.018067440018057823,-0.20553083717823029,-0.023300660774111748,0.2520819902420044,14,1
0.00020170211791992188,positive,10.0,10.0,0.013956823386251926,-0.4003124535083771,-0.018259020522236824,0.5373253226280212,14,2
0.0002512931823730469,positive,10.0,10.0,0.005950574297457933,-0.5951730012893677,-0.007512514013797045,0.8241995573043823,14,3
0.0004229545593261719,positive,10.0,10.0,-0.03366047888994217,-0.7907236218452454,0.04775478318333626,1.1270041465759277,14,6
0.0004718303680419922,positive,10.0,10.0,-0.04947495087981224,-0.9864376187324524,0.07029486447572708,1.4342749118804932,14,7
0.0006496906280517578,negative,10.0,-10.0,-0.11262045800685883,-0.7952248454093933,0.16369670629501343,1.2397135496139526,14,10
0.00015497207641601562,positive,10.0,10.0,-0.030166195705533028,-0.22427399456501007,-0.05036626756191254,0.2426827996969223,15,1
0.0002715587615966797,positive,10.0,10.0,-0.04302451014518738,-0.6130943298339844,-0.03513135015964508,0.7970640063285828,15,3
0.00032019615173339844,positive,10.0,10.0,-0.05528639629483223,-0.8077170848846436,-0.019190069288015366,1.078491449356079,15,4
0.0003669261932373047,positive,10.0,10.0,-0.07144073396921158,-1.0025804042816162,0.002379761077463627,1.36509108543396,15,5
0.0006070137023925781,negative,10.0,-10.0,-0.1750890463590622,-1.78482985496521,0.147493377327919,2.5940706729888916,15,9
0.0003151893615722656,positive,10.0,10.0,0.044541001319885254,-0.22485925257205963,-0.019597597420215607,0.3246450424194336,16,1
0.00046634674072265625,positive,10.0,10.0,0.0316498838365078,-0.6146330833435059,-0.0008830195874907076,0.8996105790138245,16,3
0.0005848407745361328,positive,10.0,10.0,0.0031623586546629667,-1.0050824880599976,0.0409495085477829,1.4900119304656982,16,5
0.0007765293121337891,negative,10.0,-10.0,-0.06888321042060852,-1.2026126384735107,0.1488337218761444,1.8510946035385132,16,8
0.0006260871887207031,positive,10.0,10.0,0.013367491774260998,-0.23957227170467377,0.08355677127838135,0.40927839279174805,17,5
0.0006837844848632812,positive,10.0,10.0,0.008576045744121075,-0.04572824016213417,0.09174233675003052,0.14406387507915497,17,6
0.00033974647521972656,positive,10.0,10.0,-0.030609184876084328,-0.04661976173520088,-0.03508610650897026,-0.04432718828320503,18,0
0.0004684925079345703,positive,10.0,10.0,-0.03154158219695091,-0.24122148752212524,-0.03597265109419823,0.23708254098892212,18,1
0.0005867481231689453,positive,10.0,10.0,-0.03636601194739342,-0.4358115494251251,-0.031231001019477844,0.5182051062583923,18,2
0.0008080005645751953,positive,10.0,10.0,-0.057691846042871475,-0.8253098130226135,-0.0048491936177015305,1.086931586265564,18,4
0.0008873939514160156,positive,10.0,10.0,-0.07419803738594055,-1.0203675031661987,0.016889439895749092,1.3780890703201294,18,5
0.0009682178497314453,positive,10.0,10.0,-0.09460538625717163,-1.2156962156295776,0.04445121809840202,1.6760056018829346,18,6
0.0012507438659667969,negative,10.0,-10.0,-0.17928850650787354,-1.413295030593872,0.1635747104883194,2.043694257736206,18,9
0.0013325214385986328,negative,10.0,-10.0,-0.2075544148683548,-1.2201884984970093,0.20444859564304352,1.8057777881622314,18,10
0.0003440380096435547,positive,10.0,10.0,0.04877717047929764,-0.0377846397459507,-0.015525140799582005,0.03966217488050461,19,0
0.0004763603210449219,positive,10.0,10.0,0.048021476715803146,-0.2326805591583252,-0.014731897041201591,0.3274066150188446,19,1
0.0007991790771484375,positive,10.0,10.0,0.022364143282175064,-0.8177739381790161,0.022234423086047173,1.1994781494140625,19,4
0.0002810955047607422,positive,10.0,10.0,0.010659778490662575,0.03791750967502594,-0.024983519688248634,0.03482522442936897,20,0
0.0004534721374511719,positive,10.0,10.0,0.008281380869448185,-0.35160520672798157,-0.01789657399058342,0.6044479012489319,20,2
0.0005764961242675781,positive,10.0,10.0,-0.0018754762131720781,-0.35127633810043335,0.00031602755188941956,0.5970278382301331,20,4
0.0006299018859863281,positive,10.0,10.0,-0.008901002816855907,-0.5464026927947998,0.012256584130227566,0.88981032371521,20,5
0.0006802082061767578,positive,10.0,10.0,-0.019829057157039642,-0.7416887879371643,0.03005279041826725,1.1863207817077637,20,6
0.0007865428924560547,positive,10.0,10.0,-0.05340657755732536,-1.132921576499939,0.08354461193084717,1.7972506284713745,20,8
0.0008897781372070312,negative,10.0,-10.0,-0.09484156966209412,-0.745331883430481,0.15012282133102417,1.2785310745239258,20,10
0.0002589225769042969,positive,10.0,10.0,0.011456148698925972,0.039465248584747314,-0.04030371084809303,0.010756068862974644,21,0
0.0007004737854003906,positive,10.0,10.0,-0.04219291731715202,-0.739147961139679,0.04547335207462311,1.1408189535140991,21,6
0.0007562637329101562,positive,10.0,10.0,-0.05697587504982948,-0.5446489453315735,0.06828972697257996,0.8627365827560425,21,7
0.0010030269622802734,negative,10.0,-10.0,-0.1006803885102272,-0.16008611023426056,0.1403919756412506,0.4048457145690918,21,11
0.0011446475982666016,negative,10.0,-10.0,-0.10322621464729309,-0.16410651803016663,0.1516791135072708,0.49510806798934937,21,13
0.0012102127075195312,negative,10.0,-10.0,-0.10650834441184998,-0.3610055148601532,0.16158126294612885,0.8314884305000305,21,14
0.0016164779663085938,negative,10.0,-10.0,-0.10415155440568924,0.5994114279747009,0.19822390377521515,-0.3132847845554352,21,19
0.0017642974853515625,negative,10.0,-10.0,-0.08412133902311325,0.20481714606285095,0.19265390932559967,0.38136228919029236,21,21
0.00025773048400878906,positive,10.0,10.0,-0.04799289628863335,0.03919397294521332,-0.004758201073855162,-0.04838750138878822,22,0
0.00043702125549316406,positive,10.0,10.0,-0.05032620579004288,-0.3508991301059723,-0.0008701432379893959,0.5336617231369019,22,2
0.0006227493286132812,positive,10.0,10.0,-0.08308963477611542,-0.9367205500602722,0.048760902136564255,1.4226428270339966,22,5
0.0008840560913085938,negative,10.0,-10.0,-0.1425233632326126,-0.5511109828948975,0.14169713854789734,0.9468907117843628,22,9
0.0010502338409423828,negative,10.0,-10.0,-0.16402019560337067,0.026700954884290695,0.18394750356674194,0.23081760108470917,22,12
0.0010976791381835938,negative,10.0,-10.0,-0.16348616778850555,-0.17050768435001373,0.18856386840343475,0.575416088104248,22,13
0.0011463165283203125,negative,10.0,-10.0,-0.16689632833003998,0.021540435031056404,0.20007218420505524,0.34755998849868774,22,14
0.0011937618255615234,negative,10.0,-10.0,-0.16646552085876465,0.21333813667297363,0.20702338218688965,0.1240319237112999,22,15
0.00043392181396484375,positive,10.0,10.0,-0.013191111385822296,-0.4205436110496521,0.016159353777766228,0.5647684335708618,23,2
0.0005502700805664062,positive,10.0,10.0,-0.03391975536942482,-0.8113732933998108,0.044704683125019073,1.1636855602264404,23,4
0.0006043910980224609,positive,10.0,10.0,-0.050147220492362976,-1.0070478916168213,0.0679783970117569,1.4700429439544678,23,5
0.0005009174346923828,positive,10.0,10.0,-0.003824027953669429,-0.15996955335140228,0.048254262655973434,0.33747223019599915,24,1
0.0007045269012451172,positive,10.0,10.0,-0.014138294383883476,-0.1614297330379486,0.06790316849946976,0.37010565400123596,24,3
0.0013484954833984375,negative,10.0,-10.0,-0.041139937937259674,0.023840516805648804,0.1367751508951187,0.29660624265670776,24,10
0.0015175342559814453,negative,10.0,-10.0,-0.03632763400673866,0.019925320520997047,0.14370715618133545,0.38408052921295166,24,12
0.0016896724700927734,negative,10.0,-10.0,-0.03167421370744705,0.40541186928749084,0.15418748557567596,-0.1014193668961525,24,14
0.0017652511596679688,negative,10.0,-10.0,-0.023565975949168205,0.20845498144626617,0.15215910971164703,0.23566283285617828,24,15
0.0019516944885253906,negative,10.0,-10.0,-0.019166402518749237,0.20413844287395477,0.1683165431022644,0.3327663242816925,24,17
0.002027273178100586,negative,10.0,-10.0,-0.015083633363246918,0.007070695515722036,0.17497187852859497,0.6734423041343689,24,18
0.0021991729736328125,negative,10.0,-10.0,-0.010954523459076881,0.3914101719856262,0.1972518265247345,0.212690532207489,24,20
0.002274036407470703,negative,10.0,-10.0,-0.00312632042914629,0.19409528374671936,0.2015056312084198,0.5605403184890747,24,21
0.0004248619079589844,positive,10.0,10.0,0.04284107685089111,-0.1994749903678894,-0.03227859362959862,0.28196027874946594,25,1
0.00048041343688964844,positive,10.0,10.0,0.038851577788591385,-0.39412200450897217,-0.026639387011528015,0.564290463924408,25,2
0.0006132125854492188,positive,10.0,10.0,0.019191931933164597,-0.7837694883346558,0.0016156837809830904,1.136278748512268,25,4
0.0009586811065673828,negative,10.0,-10.0,-0.08669773489236832,-1.1784969568252563,0.15876802802085876,1.8387669324874878,25,10
0.0003676414489746094,positive,10.0,10.0,-0.020850451663136482,-0.16909360885620117,-0.038140226155519485,0.2955532670021057,26,1
0.00043654441833496094,positive,10.0,10.0,-0.024232324212789536,-0.36365166306495667,-0.03222915902733803,0.5759676098823547,26,2
0.0006747245788574219,positive,10.0,10.0,-0.05328185483813286,-0.7528846263885498,0.012888714671134949,1.138634443283081,26,6
0.0007865428924560547,positive,10.0,10.0,-0.08730299770832062,-1.1437158584594727,0.06436803191900253,1.7389419078826904,26,8
0.0009541511535644531,negative,10.0,-10.0,-0.15987816452980042,-0.9522339105606079,0.17597559094429016,1.5444698333740234,26,11
0.00028896331787109375,positive,10.0,10.0,0.019924771040678024,-3.886657395923976e-06,0.04876148700714111,0.007349820341914892,27,0
0.0005192756652832031,positive,10.0,10.0,0.00817742757499218,-0.5874208807945251,0.06766282767057419,0.9322541356086731,27,3
0.0007753372192382812,negative,10.0,-10.0,-0.03894822299480438,-0.592667281627655,0.14533892273902893,1.0560123920440674,27,7
0.0008974075317382812,negative,10.0,-10.0,-0.05879634991288185,-0.2072405368089676,0.18270418047904968,0.576207160949707,27,9
0.0002472400665283203,positive,10.0,10.0,0.006727266125380993,-0.00805674772709608,-0.03128787875175476,0.0050474852323532104,28,0
0.0003209114074707031,positive,10.0,10.0,0.006566131021827459,-0.20271633565425873,-0.03118692710995674,0.28769683837890625,28,1
0.0003807544708251953,positive,10.0,10.0,0.002511804224923253,-0.397379994392395,-0.025432990863919258,0.570382833480835,28,2
0.0004296302795410156,positive,10.0,10.0,-0.005435795523226261,-0.20191076397895813,-0.014025334268808365,0.26979732513427734,28,3
0.00047898292541503906,positive,10.0,10.0,-0.00947401113808155,-0.3968297839164734,-0.00862938817590475,0.5580238103866577,28,4
0.0005288124084472656,positive,10.0,10.0,-0.017410606145858765,-0.2015877664089203,0.002531088190153241,0.26263466477394104,28,5
0.0005784034729003906,positive,10.0,10.0,-0.021442361176013947,-0.006502040196210146,0.007783781737089157,-0.02924884669482708,28,6
0.0008134841918945312,positive,10.0,10.0,0.001441003056243062,0.7739111185073853,-0.029433859512209892,-1.1985381841659546,28,10
0.0008597373962402344,positive,10.0,10.0,0.016919225454330444,0.9694012999534607,-0.05340462177991867,-1.5002987384796143,28,11
0.0009067058563232422,positive,10.0,10.0,0.03630725294351578,0.7749671339988708,-0.0834105983376503,-1.2247568368911743,28,12
0.0011813640594482422,negative,10.0,-10.0,0.0828864723443985,0.19837239384651184,-0.16590406000614166,-0.5439889430999756,28,17
0.0012280941009521484,negative,10.0,-10.0,0.08685392141342163,0.3953893780708313,-0.17678384482860565,-0.884009063243866,28,18
0.0012955665588378906,negative,10.0,-10.0,0.09476170688867569,0.20305147767066956,-0.19446402788162231,-0.6517029404640198,28,19
0.0013685226440429688,negative,10.0,-10.0,0.09882273524999619,0.011093064211308956,-0.20749808847904205,-0.4260053038597107,28,20
0.0002808570861816406,positive,10.0,10.0,0.012546278536319733,-0.01885925978422165,-0.03465886041522026,0.034736745059490204,29,0
0.0003566741943359375,positive,10.0,10.0,0.012169092893600464,-0.21346749365329742,-0.0339641235768795,0.3162861168384552,29,1
0.0004086494445800781,positive,10.0,10.0,0.007899743504822254,-0.40808960795402527,-0.027638401836156845,0.5980674028396606,29,2
0.0005507469177246094,positive,10.0,10.0,-0.012318332679569721,-0.7977197170257568,0.001961306668817997,1.1696314811706543,29,4
0.0006644725799560547,positive,10.0,10.0,-0.04813006892800331,-1.1882903575897217,0.05461250990629196,1.7634227275848389,29,6
0.0003769397735595703,positive,10.0,10.0,-0.004465132486075163,-0.23494456708431244,0.03138082101941109,0.34531721472740173,30,1
0.0007798671722412109,positive,10.0,10.0,-0.02893907204270363,-0.2393001914024353,0.07102573662996292,0.44225260615348816,30,7
0.0010600090026855469,negative,10.0,-10.0,-0.07650109380483627,-0.44107872247695923,0.15547122061252594,0.8903725743293762,30,12
0.0011067390441894531,negative,10.0,-10.0,-0.08532267063856125,-0.2483690232038498,0.17327867448329926,0.6503191590309143,30,13
0.001154184341430664,negative,10.0,-10.0,-0.09029005467891693,-0.4454268515110016,0.18628504872322083,0.9921687841415405,30,14
0.0012009143829345703,negative,10.0,-10.0,-0.0991985872387886,-0.2532196640968323,0.20612843334674835,0.7632976770401001,30,15
0.0003783702850341797,positive,10.0,10.0,-0.025667160749435425,-0.14768339693546295,0.012047060765326023,0.3311487138271332,31,1
0.0005080699920654297,positive,10.0,10.0,-0.0354803241789341,-0.5383522510528564,0.031222159042954445,0.9261100888252258,31,3
0.0009448528289794922,negative,10.0,-10.0,-0.11515360325574875,0.036553628742694855,0.1761743426322937,0.28264278173446655,31,10
0.0009911060333251953,negative,10.0,-10.0,-0.11442252993583679,-0.16058620810508728,0.18182720243930817,0.6253030896186829,31,11
0.0010368824005126953,negative,10.0,-10.0,-0.11763425171375275,0.03159434720873833,0.1943332552909851,0.3949475586414337,31,12
0.0003993511199951172,positive,10.0,10.0,-0.03291670233011246,-0.1514350026845932,0.03567562252283096,0.3020506501197815,32,1
0.0005269050598144531,positive,10.0,10.0,-0.03508218750357628,-0.15253379940986633,0.04213321581482887,0.326376736164093,32,3
0.0008542537689208984,negative,10.0,-10.0,-0.08949390053749084,-0.7422183752059937,0.136465385556221,1.309469223022461,32,8
0.0009624958038330078,negative,10.0,-10.0,-0.12311386317014694,-0.7458937168121338,0.19548609852790833,1.4036662578582764,32,10
0.00028395652770996094,positive,10.0,10.0,0.03550593927502632,-0.016199912875890732,-0.019114719703793526,-0.03262929990887642,33,0
0.000438690185546875,positive,10.0,10.0,0.030961088836193085,-0.4058768153190613,-0.014688067138195038,0.5403449535369873,33,2
0.0004885196685791016,positive,10.0,10.0,0.022843552753329277,-0.6007892489433289,-0.003881167620420456,0.8283639550209045,33,3
0.0005512237548828125,positive,10.0,10.0,0.010827767662703991,-0.7958579063415527,0.012686111964285374,1.119823694229126,33,4
0.0007402896881103516,positive,10.0,10.0,-0.03303724527359009,-0.9922471046447754,0.07439859956502914,1.4430944919586182,33,7
0.0008611679077148438,negative,10.0,-10.0,-0.07664622366428375,-0.9943901896476746,0.13842181861400604,1.4992021322250366,33,9
0.0004317760467529297,positive,10.0,10.0,0.008161662146449089,-0.013785216957330704,-0.01595848985016346,-0.04328927770256996,34,2
0.0004858970642089844,positive,10.0,10.0,0.007885957136750221,-0.20867474377155304,-0.016824275255203247,0.24431617558002472,34,3
0.000606536865234375,positive,10.0,10.0,0.003446131246164441,-0.20826533436775208,-0.013010465539991856,0.23526693880558014,34,5
0.0006601810455322266,positive,10.0,10.0,-0.0007191754993982613,-0.4031990170478821,-0.008305126801133156,0.5238177180290222,34,6
0.0008466243743896484,positive,10.0,10.0,-0.0366143099963665,-0.9887142777442932,0.04059341177344322,1.40565025806427,34,9
0.0008947849273681641,positive,10.0,10.0,-0.056388597935438156,-1.1843159198760986,0.06870641559362411,1.7107422351837158,34,10
0.0010571479797363281,negative,10.0,-10.0,-0.13920168578624725,-1.3826102018356323,0.1903347671031952,2.1013197898864746,34,13
0.000347137451171875,positive,10.0,10.0,0.021511157974600792,-0.20210176706314087,-0.012919134460389614,0.24381761252880096,35,1
0.0003998279571533203,positive,10.0,10.0,0.017469123005867004,-0.3970368206501007,-0.008042782545089722,0.5323976874351501,35,2
0.0008106231689453125,negative,10.0,-10.0,-0.08875202387571335,-1.1801198720932007,0.14473822712898254,1.774740219116211,35,8
0.0004382133483886719,positive,10.0,10.0,-0.003381001064553857,-0.37013083696365356,-0.019149063155055046,0.5898993611335754,36,2
0.0006206035614013672,positive,10.0,10.0,-0.03728322312235832,-0.9552536606788635,0.03351575508713722,1.462708830833435,36,5
0.0006685256958007812,positive,10.0,10.0,-0.05638829618692398,-1.1507699489593506,0.06276992708444595,1.7656702995300293,36,6
0.0007715225219726562,negative,10.0,-10.0,-0.10633454471826553,-1.152542233467102,0.13962720334529877,1.8163814544677734,36,8
0.0008165836334228516,negative,10.0,-10.0,-0.12938539683818817,-1.348914384841919,0.17595483362674713,2.1489901542663574,36,9
0.0003955364227294922,positive,10.0,10.0,0.02637655660510063,-0.23057405650615692,0.04017797112464905,0.2688053548336029,37,1
0.00044989585876464844,positive,10.0,10.0,0.021765075623989105,-0.42624565958976746,0.04555407911539078,0.5738850831985474,37,2
0.0008289813995361328,negative,10.0,-10.0,-0.04916471242904663,-0.433456152677536,0.14992348849773407,0.739988386631012,37,8
0.0008797645568847656,negative,10.0,-10.0,-0.05783383548259735,-0.24068713188171387,0.1647232621908188,0.49799102544784546,37,9
0.0010993480682373047,negative,10.0,-10.0,-0.06179455295205116,0.13900595903396606,0.1879243105649948,0.14134477078914642,37,13
0.0013208389282226562,negative,10.0,-10.0,-0.043204911053180695,0.12842950224876404,0.19485026597976685,0.3791254460811615,37,17
0.0002617835998535156,positive,10.0,10.0,0.03593854978680611,-0.024911580607295036,0.021449090912938118,-3.10661707771942e-05,38,0
0.00033855438232421875,positive,10.0,10.0,0.035440318286418915,-0.2203344702720642,0.021448468789458275,0.2993413805961609,38,1
0.00039124488830566406,positive,10.0,10.0,0.031033627688884735,-0.4157554805278778,0.027435297146439552,0.598710834980011,38,2
0.0005238056182861328,positive,10.0,10.0,0.010493511334061623,-0.8068835735321045,0.057407669723033905,1.2047131061553955,38,4
0.0007054805755615234,negative,10.0,-10.0,-0.04967226833105087,-1.3948750495910645,0.14843417704105377,2.1570074558258057,38,7
0.0007541179656982422,negative,10.0,-10.0,-0.07756976783275604,-1.591109275817871,0.1915743201971054,2.4916017055511475,38,8
0.0002777576446533203,positive,10.0,10.0,0.006624036934226751,-0.03875423222780228,-0.018716521561145782,-0.04391292855143547,39,0
0.00044417381286621094,positive,10.0,10.0,0.001176894991658628,-0.03820658475160599,-0.014738650061190128,-0.055992159992456436,39,2
0.0004985332489013672,positive,10.0,10.0,0.00041276327101513743,-0.23311413824558258,-0.015858493745326996,0.23200441896915436,39,3
0.0006103515625,positive,10.0,10.0,-0.012809637933969498,-0.6229681968688965,-0.0008255417924374342,0.808769941329956,39,5
0.0007219314575195312,positive,10.0,10.0,-0.0416305772960186,-1.013399362564087,0.03737371787428856,1.3986520767211914,39,7
0.0007736682891845703,positive,10.0,10.0,-0.06189856305718422,-1.208965539932251,0.06534676253795624,1.7027817964553833,39,8
0.0009431838989257812,negative,10.0,-10.0,-0.13058799505233765,-1.4071733951568604,0.16308821737766266,2.082764148712158,39,11
0.0009894371032714844,negative,10.0,-10.0,-0.15873147547245026,-1.6035271883010864,0.20474348962306976,2.4211220741271973,39,12
0.0004620552062988281,positive,10.0,10.0,-0.0015338361263275146,0.030804280191659927,0.00990693923085928,0.04908998683094978,40,2
0.0006482601165771484,positive,10.0,10.0,-0.01140158623456955,-0.5550987720489502,0.03060595504939556,0.9392092227935791,40,5
0.000766754150390625,positive,10.0,10.0,-0.029711611568927765,-0.556175947189331,0.06251610815525055,0.9641152024269104,40,7
0.0008130073547363281,positive,10.0,10.0,-0.04083513095974922,-0.36194705963134766,0.08179841190576553,0.6917088031768799,40,8
0.0010318756103515625,negative,10.0,-10.0,-0.07774153351783752,-0.3677171766757965,0.15225934982299805,0.825611412525177,40,12
0.0002627372741699219,positive,10.0,10.0,-0.03160952031612396,-0.04483940079808235,-0.038288433104753494,-0.012522367760539055,41,0
0.0005548000335693359,positive,10.0,10.0,-0.05854468792676926,-0.8233950734138489,-0.005616338457912207,1.115780234336853,41,4
0.0006768703460693359,positive,10.0,10.0,-0.08757658302783966,-0.8235462307929993,0.03312608227133751,1.1192289590835571,41,6
0.0007991790771484375,positive,10.0,10.0,-0.12442924827337265,-1.214849591255188,0.08395297825336456,1.7316198348999023,41,8
0.0009100437164306641,negative,10.0,-10.0,-0.16914184391498566,-1.2171380519866943,0.1479092687368393,1.7934448719024658,41,10
0.0009553432464599609,negative,10.0,-10.0,-0.1934846043586731,-1.4135758876800537,0.18377816677093506,2.128211259841919,41,11
0.0005102157592773438,positive,10.0,10.0,-0.044637251645326614,-0.15716105699539185,0.019069602712988853,0.28839606046676636,42,3
0.0005669593811035156,positive,10.0,10.0,-0.04778047278523445,-0.35254967212677,0.024837523698806763,0.5870318412780762,42,4
0.0009164810180664062,positive,10.0,10.0,-0.07073657214641571,-0.35650044679641724,0.06961783021688461,0.6754257082939148,42,10
0.0011904239654541016,negative,10.0,-10.0,-0.114420585334301,-0.558320939540863,0.15418969094753265,1.1261017322540283,42,15
0.0012364387512207031,negative,10.0,-10.0,-0.12558700144290924,-0.36551815271377563,0.17671173810958862,0.8854809403419495,42,16
0.0012810230255126953,negative,10.0,-10.0,-0.13289736211299896,-0.1731785088777542,0.19442135095596313,0.6531476974487305,42,17
0.0013263225555419922,negative,10.0,-10.0,-0.13636092841625214,0.0187810231000185,0.20748430490493774,0.42743372917175293,42,18
0.0002727508544921875,positive,10.0,10.0,-0.03256446123123169,0.009525183588266373,0.04346476122736931,-0.021348649635910988,43,0
0.0003502368927001953,positive,10.0,10.0,-0.032373957335948944,-0.18619227409362793,0.043037787079811096,0.2847248911857605,43,1
0.0004029273986816406,positive,10.0,10.0,-0.036097802221775055,-0.3819007873535156,0.04873228445649147,0.5906649827957153,43,2
0.0004563331604003906,positive,10.0,10.0,-0.043735817074775696,-0.5776699185371399,0.06054558604955673,0.8982917666435242,43,3
0.0005052089691162109,positive,10.0,10.0,-0.055289216339588165,-0.7735579609870911,0.07851141691207886,1.2093749046325684,43,4
0.0007886886596679688,negative,10.0,-10.0,-0.10171999037265778,-0.389430433511734,0.15545417368412018,0.7645562887191772,43,8
0.0008406639099121094,negative,10.0,-10.0,-0.10950860381126404,-0.586312472820282,0.17074529826641083,1.1018377542495728,43,9
0.0004639625549316406,positive,10.0,10.0,0.018934668973088264,0.03989804536104202,0.010810392908751965,0.0024602615740150213,44,2
0.0006544589996337891,positive,10.0,10.0,0.009612037800252438,-0.5460057258605957,0.02872272953391075,0.892558753490448,44,5
0.0007102489471435547,positive,10.0,10.0,-0.0013080771313980222,-0.7415052652359009,0.046573903411626816,1.1941304206848145,44,6
0.0007643699645996094,positive,10.0,10.0,-0.01613818295300007,-0.9371984004974365,0.07045651227235794,1.5010396242141724,44,7
0.0008778572082519531,negative,10.0,-10.0,-0.05754418298602104,-1.3291882276535034,0.13677455484867096,2.1369996070861816,44,9
0.0004680156707763672,positive,10.0,10.0,-0.0061948103830218315,-0.3943421542644501,0.012346336618065834,0.5407611727714539,45,2
0.0005218982696533203,positive,10.0,10.0,-0.014081654138863087,-0.58963543176651,0.02316156029701233,0.8373085260391235,45,3
0.0007009506225585938,positive,10.0,10.0,-0.06118941307067871,-1.1765214204788208,0.0914936512708664,1.753695011138916,45,6
0.000804901123046875,negative,10.0,-10.0,-0.11217092722654343,-1.178924560546875,0.16803507506847382,1.8223662376403809,45,8
0.0008497238159179688,negative,10.0,-10.0,-0.13574941456317902,-1.3754671812057495,0.20448239147663116,2.1621978282928467,45,9
0.00039768218994140625,positive,10.0,10.0,-0.014597559347748756,0.02827085554599762,0.02647939696907997,-0.04328204318881035,46,0
0.0008749961853027344,positive,10.0,10.0,-0.02799096517264843,-0.36371615529060364,0.04744129627943039,0.5810617208480835,46,4
0.00095367431640625,positive,10.0,10.0,-0.03526528924703598,-0.5594696402549744,0.05906253308057785,0.8883040547370911,46,5
0.0014066696166992188,negative,10.0,-10.0,-0.0992240235209465,-0.3712867498397827,0.16452902555465698,0.7568398714065552,46,10
0.00157928466796875,negative,10.0,-10.0,-0.11801471561193466,-0.37588730454444885,0.20159472525119781,0.86508709192276,46,12
0.0003151893615722656,positive,10.0,10.0,0.03731891140341759,-0.037801593542099,0.010575911961495876,0.038476623594760895,47,0
0.0003979206085205078,positive,10.0,10.0,0.036562882363796234,-0.23307359218597412,0.01134544424712658,0.3344775140285492,47,1
0.00046253204345703125,positive,10.0,10.0,0.03190140798687935,-0.4283551573753357,0.01803499460220337,0.6307165026664734,47,2
0.0005133152008056641,positive,10.0,10.0,0.023334305733442307,-0.6237240433692932,0.030649324879050255,0.9290241599082947,47,3
0.0006470680236816406,positive,10.0,10.0,-0.005525096319615841,-1.0149654150009155,0.07385338842868805,1.5388699769973755,47,5
0.0007731914520263672,negative,10.0,-10.0,-0.0500422902405262,-1.406999111175537,0.14170388877391815,2.1769092082977295,47,7
0.0008270740509033203,negative,10.0,-10.0,-0.07818227261304855,-1.6031869649887085,0.18524207174777985,2.50976300239563,47,8
0.0003514289855957031,positive,10.0,10.0,0.028442442417144775,-0.04765975475311279,0.002934215124696493,0.03824566677212715,48,0
0.0004892349243164062,positive,10.0,10.0,0.027489246800541878,-0.24282366037368774,0.0036991285160183907,0.33185291290283203,48,1
0.0005717277526855469,positive,10.0,10.0,0.022632773965597153,-0.04775455594062805,0.010336186736822128,0.04033881053328514,48,2
0.0007538795471191406,positive,10.0,10.0,0.01681721955537796,-0.4383019208908081,0.01786826178431511,0.6324408054351807,48,4
0.0009400844573974609,positive,10.0,10.0,-0.021205967292189598,-1.024906873703003,0.07378724217414856,1.5404728651046753,48,7
0.0003905296325683594,positive,10.0,10.0,0.036550603806972504,0.029218677431344986,-0.042994190007448196,-0.047158192843198776,49,0
0.0005123615264892578,positive,10.0,10.0,0.03713497892022133,-0.16526123881340027,-0.043937355279922485,0.23165570199489594,49,1
0.0009205341339111328,positive,10.0,10.0,0.016178268939256668,-0.5535302758216858,-0.015219475142657757,0.7734217047691345,49,5
0.0009982585906982422,positive,10.0,10.0,0.00510766264051199,-0.748439610004425,0.0002489591424819082,1.0612775087356567,49,6
0.001173257827758789,positive,10.0,10.0,-0.028732426464557648,-1.1389496326446533,0.04855527728796005,1.653361201286316,49,8
0.0014443397521972656,negative,10.0,-10.0,-0.1010122075676918,-1.336727499961853,0.15472690761089325,2.0221846103668213,49,11
0.0005273818969726562,positive,10.0,10.0,0.007025226950645447,-0.34545227885246277,0.022771306335926056,0.5468848943710327,50,2
0.0006034374237060547,positive,10.0,10.0,0.00011618114513112232,-0.540886640548706,0.033709004521369934,0.8466545939445496,50,3
0.0007386207580566406,positive,10.0,10.0,-0.02543058805167675,-0.932196855545044,0.0736369863152504,1.4578678607940674,50,5
0.0009601116180419922,negative,10.0,-10.0,-0.07752244174480438,-0.7409623861312866,0.15681816637516022,1.2614836692810059,50,8
0.0010120868682861328,negative,10.0,-10.0,-0.09234169125556946,-0.9377030730247498,0.18204782903194427,1.5988893508911133,50,9
0.0002791881561279297,positive,10.0,10.0,0.0057481504045426846,-0.006135828793048859,0.027267202734947205,-0.01724502444267273,51,0
0.0003619194030761719,positive,10.0,10.0,0.005625433754175901,-0.20163799822330475,0.026922302320599556,0.2839147746562958,51,1
0.0005028247833251953,positive,10.0,10.0,-0.006349993869662285,-0.592696487903595,0.044299911707639694,0.8877373933792114,51,3
0.0005598068237304688,positive,10.0,10.0,-0.018203923478722572,-0.7883907556533813,0.06205466017127037,1.194010853767395,51,4
0.0006136894226074219,positive,10.0,10.0,-0.03397173807024956,-0.5941249132156372,0.08593487739562988,0.9214052557945251,51,5
0.0008790493011474609,negative,10.0,-10.0,-0.07385896146297455,-0.600027322769165,0.15165184438228607,1.0594712495803833,51,9
0.0009284019470214844,negative,10.0,-10.0,-0.085859514772892,-0.796796977519989,0.17284126579761505,1.3956531286239624,51,10
0.0009753704071044922,negative,10.0,-10.0,-0.10179544985294342,-0.6041947603225708,0.2007543295621872,1.1616171598434448,51,11
0.00041484832763671875,positive,10.0,10.0,-0.0469314269721508,-0.19090192019939423,-0.028041059151291847,0.2681066691875458,52,1
0.0009906291961669922,negative,10.0,-10.0,-0.16715943813323975,-1.1701271533966064,0.14957159757614136,1.8270765542984009,52,10
0.0010364055633544922,negative,10.0,-10.0,-0.19056198000907898,-1.3665578365325928,0.1861131340265274,2.162243127822876,52,11
0.0003857612609863281,positive,10.0,10.0,-0.046516142785549164,-0.15083390474319458,0.01584761030972004,0.3054947853088379,53,1
0.0005009174346923828,positive,10.0,10.0,-0.05645638331770897,-0.5416001081466675,0.03402017056941986,0.9026506543159485,53,3
0.0005688667297363281,positive,10.0,10.0,-0.06728838384151459,-0.7371659874916077,0.05207318440079689,1.2058297395706177,53,4
0.0006220340728759766,positive,10.0,10.0,-0.08203170448541641,-0.9329207539558411,0.07618977874517441,1.5143665075302124,53,5
0.0008122920989990234,negative,10.0,-10.0,-0.14976780116558075,-1.131550669670105,0.1861456334590912,1.9083011150360107,53,8
0.0002884864807128906,positive,10.0,10.0,-0.04419272765517235,-0.00692676892504096,-0.0007853220449760556,-0.03199278935790062,54,0
0.0003674030303955078,positive,10.0,10.0,-0.04433126375079155,-0.20203745365142822,-0.001425177906639874,0.26044225692749023,54,1
0.00043082237243652344,positive,10.0,10.0,-0.04837201163172722,-0.3971390128135681,0.003783667227253318,0.5526753067970276,54,2
0.0005581378936767578,positive,10.0,10.0,-0.060356199741363525,-0.39740097522735596,0.020060911774635315,0.5585124492645264,54,4
0.0009932518005371094,negative,10.0,-10.0,-0.16698290407657623,-0.9894609451293945,0.18066155910491943,1.606042504310608,54,11
0.00029778480529785156,positive,10.0,10.0,-0.02516949363052845,-0.0477745421230793,0.0484018512070179,-0.022243868559598923,55,0
0.0003769397735595703,positive,10.0,10.0,-0.02612498588860035,-0.24355600774288177,0.04795697703957558,0.28530898690223694,55,1
0.0005009174346923828,positive,10.0,10.0,-0.03978266566991806,-0.6351584196090698,0.0655176192522049,0.9018154740333557,55,3
0.0007035732269287109,negative,10.0,-10.0,-0.08965188264846802,-1.2234423160552979,0.1384810358285904,1.856303095817566,55,6
0.0007529258728027344,negative,10.0,-10.0,-0.1141207292675972,-1.030086636543274,0.1756071001291275,1.609629511833191,55,7
0.00030803680419921875,positive,10.0,10.0,-0.0013793797697871923,0.010789022780954838,0.006760202348232269,0.04054458439350128,56,0
0.0006136894226074219,positive,10.0,10.0,-0.008335291408002377,-0.3800741732120514,0.022023893892765045,0.6396510601043701,56,4
0.0007262229919433594,positive,10.0,10.0,-0.027446698397397995,-0.7710697054862976,0.05360066145658493,1.24260413646698,56,6
0.0007724761962890625,positive,10.0,10.0,-0.04286809265613556,-0.9668371081352234,0.07845274358987808,1.5515844821929932,56,7
0.0009317398071289062,negative,10.0,-10.0,-0.09704103320837021,-0.7757804989814758,0.16735658049583435,1.3615617752075195,56,10
0.00032067298889160156,positive,10.0,10.0,-0.0074713039211928844,0.009319644421339035,0.021102378144860268,-0.01885133609175682,57,0
0.00040721893310546875,positive,10.0,10.0,-0.007284910883754492,-0.18609848618507385,0.020725350826978683,0.2804142236709595,57,1
0.000614166259765625,positive,10.0,10.0,-0.02237240970134735,-0.38240817189216614,0.04383063316345215,0.5996872782707214,57,4
0.0006673336029052734,positive,10.0,10.0,-0.03002057410776615,-0.5781150460243225,0.05582438036799431,0.9058477878570557,57,5
0.0009183883666992188,negative,10.0,-10.0,-0.09978261590003967,-1.3623825311660767,0.1659032702445984,2.181870698928833,57,9
0.00029468536376953125,positive,10.0,10.0,-0.03381941094994545,-0.025690490379929543,0.027504339814186096,-0.04760221019387245,58,0
0.0003762245178222656,positive,10.0,10.0,-0.03433322161436081,-0.22119581699371338,0.026552295312285423,0.2536301016807556,58,1
0.0007658004760742188,negative,10.0,-10.0,-0.11956513673067093,-1.3959871530532837,0.14841023087501526,2.1165771484375,58,7
0.0008130073547363281,negative,10.0,-10.0,-0.1474848836660385,-1.2026256322860718,0.19074177742004395,1.873195767402649,58,8
0.0005862712860107422,positive,10.0,10.0,-0.020194483920931816,-0.35546374320983887,-0.019393643364310265,0.5441316366195679,59,4
0.0008325576782226562,positive,10.0,10.0,-0.07202696055173874,-1.1360260248184204,0.058831509202718735,1.717911720275879,59,8
0.0008809566497802734,positive,10.0,10.0,-0.09474747627973557,-1.3317710161209106,0.09318974614143372,2.0283076763153076,59,9
0.0010442733764648438,negative,10.0,-10.0,-0.16302438080310822,-0.7516247034072876,0.19942495226860046,1.2821003198623657,59,12
0.00033974647521972656,positive,10.0,10.0,0.039670974016189575,0.03292937949299812,0.011622637510299683,-0.04914853721857071,60,0
0.0006999969482421875,positive,10.0,10.0,0.0039016874507069588,-0.9440996646881104,0.06609485298395157,1.4475619792938232,60,5
0.0008766651153564453,negative,10.0,-10.0,-0.05670055374503136,-0.7527222037315369,0.16021829843521118,1.2491276264190674,60,8
0.0009202957153320312,negative,10.0,-10.0,-0.07175499945878983,-0.5599749684333801,0.18520084023475647,1.0106126070022583,60,9
0.0009653568267822266,negative,10.0,-10.0,-0.08295449614524841,-0.36774224042892456,0.2054131031036377,0.781332790851593,60,10
0.00022530555725097656,positive,10.0,10.0,-0.005139848217368126,-0.01395522989332676,0.01587817631661892,0.041568558663129807,61,0
0.0002989768981933594,positive,10.0,10.0,-0.0054189530201256275,-0.20930123329162598,0.016709547489881516,0.3392186164855957,61,1
0.00036215782165527344,positive,10.0,10.0,-0.009604977443814278,-0.40465691685676575,0.023493919521570206,0.6371235847473145,61,2
0.0004811286926269531,positive,10.0,10.0,-0.021895522251725197,-0.40548834204673767,0.04327500984072685,0.6558164954185486,61,4
0.0005326271057128906,positive,10.0,10.0,-0.030005289241671562,-0.6011852025985718,0.056391339749097824,0.9618058204650879,61,5
0.0008385181427001953,negative,10.0,-10.0,-0.08253493160009384,-0.02307267300784588,0.14585833251476288,0.24511857330799103,61,10
0.0008842945098876953,negative,10.0,-10.0,-0.08299639075994492,-0.2199440896511078,0.1507607102394104,0.5800204277038574,61,11
0.000926971435546875,negative,10.0,-10.0,-0.08739527314901352,-0.02722044847905636,0.16236111521720886,0.3383699655532837,61,12
0.0009734630584716797,negative,10.0,-10.0,-0.08793967962265015,0.16526374220848083,0.16912852227687836,0.10096563398838043,61,13
0.0010180473327636719,negative,10.0,-10.0,-0.08463440090417862,-0.031827498227357864,0.17114782333374023,0.44187137484550476,61,14
0.0010645389556884766,negative,10.0,-10.0,-0.085270956158638,-0.2289055734872818,0.17998525500297546,0.7832416892051697,61,15
0.001112222671508789,negative,10.0,-10.0,-0.0898490622639656,-0.42598414421081543,0.19565008580684662,1.1267145872116089,61,16
0.00021791458129882812,positive,10.0,10.0,-0.03654486685991287,-0.016625795513391495,-0.022635167464613914,0.038100890815258026,62,0
0.00029850006103515625,positive,10.0,10.0,-0.036877382546663284,-0.21141596138477325,-0.021873150020837784,0.32355713844299316,62,1
0.0003571510314941406,positive,10.0,10.0,-0.04110569879412651,-0.4062197506427765,-0.015402007848024368,0.6092627048492432,62,2
0.0004956722259521484,positive,10.0,10.0,-0.06125255674123764,-0.796201229095459,0.014724344946444035,1.1887249946594238,62,4
0.0005514621734619141,positive,10.0,10.0,-0.07717657834291458,-0.9915109276771545,0.03849884495139122,1.485986590385437,62,5
0.0009307861328125,negative,10.0,-10.0,-0.1691441833972931,-0.22023294866085052,0.18315503001213074,0.526128888130188,62,11
0.000986337661743164,negative,10.0,-10.0,-0.1735488325357437,-0.028096528723835945,0.1936776041984558,0.2962918281555176,62,12
0.0002238750457763672,positive,10.0,10.0,-0.03533187508583069,0.030923502519726753,0.005722451955080032,0.029295282438397408,63,0
0.00038170814514160156,positive,10.0,10.0,-0.03799900785088539,-0.3594912588596344,0.01278392132371664,0.6184438467025757,63,2
0.0005621910095214844,positive,10.0,10.0,-0.07128946483135223,-0.945897102355957,0.067767433822155,1.5215831995010376,63,5
0.0007543563842773438,negative,10.0,-10.0,-0.11639893800020218,-0.36464351415634155,0.14302346110343933,0.7388357520103455,63,8
0.0009179115295410156,negative,10.0,-10.0,-0.12671032547950745,0.21321040391921997,0.1727929711341858,0.019822021946310997,63,11
0.0010325908660888672,negative,10.0,-10.0,-0.11433636397123337,0.20836707949638367,0.16891440749168396,0.1281708925962448,63,13
0.0011363029479980469,negative,10.0,-10.0,-0.1021546795964241,0.5930201411247253,0.16934137046337128,-0.340878963470459,63,15
0.001257181167602539,negative,10.0,-10.0,-0.07458669692277908,0.5883967280387878,0.1510089635848999,-0.23658965528011322,63,17
0.0013632774353027344,negative,10.0,-10.0,-0.05498923733830452,0.1945936232805252,0.14827032387256622,0.43467995524406433,63,19
0.001581430435180664,negative,10.0,-10.0,-0.03188536688685417,0.5752155780792236,0.17724542319774628,0.05785127729177475,63,23
0.00168609619140625,negative,10.0,-10.0,-0.005032816901803017,0.5702448487281799,0.1749206781387329,0.1691402941942215,63,25
0.0017325878143310547,negative,10.0,-10.0,0.006372080184519291,0.7624878883361816,0.17830348014831543,-0.06365907192230225,63,26
0.0019502639770507812,negative,10.0,-10.0,0.0670713409781456,1.1417133808135986,0.1799226701259613,-0.41206780076026917,63,30
0.002053976058959961,negative,10.0,-10.0,0.11658339947462082,1.1368433237075806,0.15881997346878052,-0.3016155958175659,63,32
0.002156496047973633,negative,10.0,-10.0,0.1581173986196518,0.7429111003875732,0.15352052450180054,0.3733645975589752,63,34
0.0022008419036865234,negative,10.0,-10.0,0.17297561466693878,0.5459796190261841,0.16098782420158386,0.7102455496788025,63,35
0.0022470951080322266,negative,10.0,-10.0,0.18389521539211273,0.3490377366542816,0.175192728638649,1.0489648580551147,63,36
0.00021266937255859375,positive,10.0,10.0,0.012344777584075928,-0.023468010127544403,0.03901412710547447,0.01989348791539669,64,0
0.0002963542938232422,positive,10.0,10.0,0.01187541801482439,-0.2191271185874939,0.0394119955599308,0.32462605834007263,64,1
0.00075531005859375,negative,10.0,-10.0,-0.06986604630947113,-0.42238837480545044,0.16877852380275726,0.8070262670516968,64,8
0.0010640621185302734,negative,10.0,-10.0,-0.07367255538702011,0.5374399423599243,0.2034704089164734,-0.32605621218681335,64,13
0.0011131763458251953,negative,10.0,-10.0,-0.06292375922203064,0.729171872138977,0.1969492882490158,-0.5483128428459167,64,14
0.0012171268463134766,negative,10.0,-10.0,-0.0299190916121006,0.7239343523979187,0.17052195966243744,-0.428097665309906,64,16
0.0015099048614501953,negative,10.0,-10.0,0.026435529813170433,0.9071761965751648,0.16110123693943024,-0.4585188627243042,64,21
0.001733541488647461,negative,10.0,-10.0,0.07537472248077393,0.5090083479881287,0.16492587327957153,0.3121378719806671,64,25
0.001779794692993164,negative,10.0,-10.0,0.08555489033460617,0.7014437317848206,0.17116862535476685,0.07567032426595688,64,26
0.0019378662109375,negative,10.0,-10.0,0.13917948305606842,1.2783963680267334,0.1616697758436203,-0.6269249320030212,64,29
0.0022192001342773438,positive,10.0,10.0,0.28220123052597046,1.8540115356445312,0.08511591702699661,-1.287358283996582,64,34
0.0022673606872558594,positive,10.0,10.0,0.3192814886569977,2.0479536056518555,0.05936875194311142,-1.5522242784500122,64,35
0.0024917125701904297,positive,10.0,10.0,0.4674534201622009,2.047088384628296,-0.03994814679026604,-1.5292301177978516,64,39
0.002536296844482422,positive,10.0,10.0,0.5083951950073242,1.8524703979492188,-0.07053275406360626,-1.2492775917053223,64,40
0.0027551651000976562,negative,10.0,-10.0,0.6567294597625732,1.4684557914733887,-0.1738438606262207,-0.8102349042892456,64,44
0.0028002262115478516,negative,10.0,-10.0,0.686098575592041,1.2760874032974243,-0.19004854559898376,-0.5768846869468689,64,45
0.0028464794158935547,negative,10.0,-10.0,0.7116203308105469,1.0840659141540527,-0.20158624649047852,-0.34957700967788696,64,46
0.00031375885009765625,positive,10.0,10.0,-0.008468889631330967,-0.14746861159801483,0.03065846860408783,0.3099617660045624,65,1
0.00037169456481933594,positive,10.0,10.0,-0.01141826156526804,-0.3430136442184448,0.03685770556330681,0.6121536493301392,65,2
0.0004220008850097656,positive,10.0,10.0,-0.018278535455465317,-0.5386307835578918,0.04910077899694443,0.9162138104438782,65,3
0.0006806850433349609,negative,10.0,-10.0,-0.07707285135984421,-0.9328545331954956,0.14812800288200378,1.6027276515960693,65,7
0.0007863044738769531,negative,10.0,-10.0,-0.1105252206325531,-0.5472995042800903,0.207375630736351,1.1283186674118042,65,9
0.00037479400634765625,positive,10.0,10.0,0.042775753885507584,-0.34928980469703674,0.0007607954903505743,0.5788442492485046,66,2
0.0005757808685302734,positive,10.0,10.0,0.024901511147618294,-0.7397099733352661,0.029773015528917313,1.1683030128479004,66,4
0.0007047653198242188,positive,10.0,10.0,-0.008596814237535,-0.7407731413841248,0.08254246413707733,1.1945470571517944,66,6
0.000827789306640625,negative,10.0,-10.0,-0.04214950278401375,-0.7431771755218506,0.1366717666387558,1.254267930984497,66,8
0.0008749961853027344,negative,10.0,-10.0,-0.057013045996427536,-0.5500442385673523,0.16175711154937744,1.0073264837265015,66,9
0.0009784698486328125,negative,10.0,-10.0,-0.08295218646526337,-0.9437949657440186,0.20882612466812134,1.6897598505020142,66,11
0.0003771781921386719,positive,10.0,10.0,-0.02641509659588337,-0.3444269895553589,-0.038055580109357834,0.5451691746711731,67,2
0.0005609989166259766,positive,10.0,10.0,-0.0587582066655159,-0.9287149310112,0.011553141288459301,1.398970127105713,67,5
0.0006802082061767578,positive,10.0,10.0,-0.09981207549571991,-0.9293344616889954,0.07343740016222,1.4151240587234497,67,7
0.0008008480072021484,negative,10.0,-10.0,-0.1409044712781906,-0.9314621686935425,0.13633646070957184,1.4704580307006836,67,9
0.0008528232574462891,negative,10.0,-10.0,-0.15953372418880463,-0.7382457852363586,0.16574563086032867,1.223281741142273,67,10
0.0002377033233642578,positive,10.0,10.0,0.030117779970169067,0.007448588497936726,0.02762342430651188,-0.02470216527581215,68,0
0.0004107952117919922,positive,10.0,10.0,0.02650558389723301,-0.38355666399002075,0.03266071528196335,0.5776812434196472,68,2
0.0004630088806152344,positive,10.0,10.0,0.018834449350833893,-0.5791208148002625,0.044214341789484024,0.8804715275764465,68,3
0.0005855560302734375,positive,10.0,10.0,-0.008244259282946587,-0.970681369304657,0.08555817604064941,1.4981236457824707,68,5
0.00019478797912597656,positive,10.0,10.0,-0.00010325872426619753,0.01716034673154354,0.02686839923262596,0.03797313570976257,69,0
0.0004107952117919922,positive,10.0,10.0,-0.010803586803376675,-0.5694246888160706,0.0472136028110981,0.9435931444168091,69,3
0.0007836818695068359,negative,10.0,-10.0,-0.09890887886285782,-1.3560298681259155,0.19616298377513885,2.283214807510376,69,9
0.00020051002502441406,positive,10.0,10.0,-0.027058500796556473,-0.008704227395355701,0.007921189069747925,-0.03832058236002922,70,0
0.0002772808074951172,positive,10.0,10.0,-0.027232585474848747,-0.20393887162208557,0.007154777180403471,0.2568509876728058,70,1
0.0005507469177246094,positive,10.0,10.0,-0.05137215182185173,-0.2049526870250702,0.03984628990292549,0.27940425276756287,70,5
0.0006043910980224609,positive,10.0,10.0,-0.05547120422124863,-0.4006197452545166,0.0454343743622303,0.5843836069107056,70,6
0.0006573200225830078,positive,10.0,10.0,-0.0634835958480835,-0.2061627060174942,0.05712204426527023,0.3063521385192871,70,7
0.0008535385131835938,positive,10.0,10.0,-0.07200220972299576,-0.013710975646972656,0.07077674567699432,0.07229579240083694,70,10
0.0010149478912353516,positive,10.0,10.0,-0.07678680121898651,0.1781446635723114,0.08229906111955643,-0.14904949069023132,70,13
0.00106048583984375,positive,10.0,10.0,-0.07322390377521515,0.37199756503105164,0.07931806892156601,-0.4146760404109955,70,14
0.0011043548583984375,positive,10.0,10.0,-0.06578395515680313,0.17584626376628876,0.07102454453706741,-0.09807904809713364,70,15
0.001539468765258789,positive,10.0,10.0,-0.0382639579474926,0.5568809509277344,0.06891646981239319,-0.48138663172721863,70,23
0.0015845298767089844,positive,10.0,10.0,-0.027126338332891464,0.3608573079109192,0.059288736432790756,-0.1678038090467453,70,24
0.0016286373138427734,positive,10.0,10.0,-0.019909191876649857,0.1649390310049057,0.0559326633810997,0.14297793805599213,70,25
0.0017325878143310547,positive,10.0,10.0,-0.01722916029393673,0.16330590844154358,0.0678475946187973,0.17918214201927185,70,27
0.0018346309661865234,positive,10.0,10.0,-0.014617403037846088,0.16132752597332,0.08128070831298828,0.22313030064105988,70,29
0.0018780231475830078,positive,10.0,10.0,-0.011390852741897106,0.35519933700561523,0.08574331551790237,-0.042847126722335815,70,30
0.001920461654663086,positive,10.0,10.0,-0.004286865703761578,0.5489937663078308,0.08488637208938599,-0.30729320645332336,70,31
0.0019643306732177734,positive,10.0,10.0,0.006693009752780199,0.3527713119983673,0.07874050736427307,0.010907343588769436,70,32
0.002008676528930664,positive,10.0,10.0,0.013748436234891415,0.5466808676719666,0.0789586529135704,-0.25593000650405884,70,33
0.002051830291748047,positive,10.0,10.0,0.024682054296135902,0.7405919432640076,0.07384005934000015,-0.5227006077766418,70,34
0.002270221710205078,positive,10.0,10.0,0.0682104155421257,0.736962616443634,0.05793536826968193,-0.4418575167655945,70,38
0.002372264862060547,positive,10.0,10.0,0.0937710851430893,0.34528112411499023,0.04646843299269676,0.17627038061618805,70,40
0.002416372299194336,positive,10.0,10.0,0.10067670792341232,0.14952601492404938,0.049993839114904404,0.48324286937713623,70,41
0.0024733543395996094,positive,10.0,10.0,0.1036672294139862,0.34390804171562195,0.05965869873762131,0.20672619342803955,70,42
0.002576112747192383,positive,10.0,10.0,0.11350511014461517,0.34215444326400757,0.07414553314447403,0.24569794535636902,70,44
0.0026199817657470703,positive,10.0,10.0,0.12034820020198822,0.53614342212677,0.07905949652194977,-0.022707194089889526,70,45
0.0027213096618652344,positive,10.0,10.0,0.1456720232963562,0.5338980555534363,0.0728166326880455,0.026966270059347153,70,47
0.0027666091918945312,positive,10.0,10.0,0.15634998679161072,0.7279043197631836,0.07335595786571503,-0.24188277125358582,70,48
0.0028111934661865234,positive,10.0,10.0,0.17090806365013123,0.9219059348106384,0.06851830333471298,-0.5105552673339844,70,49
0.002858400344848633,positive,10.0,10.0,0.18934619426727295,0.7258890867233276,0.05830719321966171,-0.1970912516117096,70,50
0.002962827682495117,positive,10.0,10.0,0.22226658463478088,0.7242845892906189,0.04494885355234146,-0.16151531040668488,70,52
0.0030069351196289062,positive,10.0,10.0,0.23675227165222168,0.5285489559173584,0.04171854630112648,0.14500212669372559,70,53
0.0030515193939208984,positive,10.0,10.0,0.24732325971126556,0.3328551650047302,0.04461858794093132,0.4505491256713867,70,54
0.0031533241271972656,positive,10.0,10.0,0.26452672481536865,0.331471711397171,0.05707472562789917,0.48136529326438904,70,56
0.00325775146484375,positive,10.0,10.0,0.28167104721069336,0.32973432540893555,0.0708460882306099,0.5201587677001953,70,58
0.00404667854309082,positive,10.0,10.0,0.4923076033592224,1.0894615650177002,0.09348985552787781,-0.19471384584903717,70,72
0.004262685775756836,positive,10.0,10.0,0.5871116518974304,1.0846130847930908,0.06966140121221542,-0.08708887547254562,70,76
0.00461268424987793,negative,10.0,-10.0,0.6584433317184448,-0.09233580529689789,0.1536879539489746,1.8233212232589722,70,82
0.004658222198486328,negative,10.0,-10.0,0.6565966010093689,-0.2887939512729645,0.19015437364578247,2.159541606903076,70,83
0.00020074844360351562,positive,10.0,10.0,-0.019762611016631126,-0.01256805844604969,0.047417186200618744,-0.027601787820458412,71,0
0.0002741813659667969,positive,10.0,10.0,-0.020013973116874695,-0.20833680033683777,0.04686515033245087,0.27965670824050903,71,1
0.0003287792205810547,positive,10.0,10.0,-0.024180708453059196,-0.4040948748588562,0.05245828628540039,0.5867447257041931,71,2
0.0005245208740234375,positive,10.0,10.0,-0.03676939010620117,-0.2116512507200241,0.07119931280612946,0.3533114790916443,71,5
0.0005791187286376953,positive,10.0,10.0,-0.041002415120601654,-0.01761014387011528,0.07826554030179977,0.08390215784311295,71,6
0.00063323974609375,positive,10.0,10.0,-0.04135461896657944,0.17630773782730103,0.07994358986616135,-0.18309766054153442,71,7
0.0006871223449707031,positive,10.0,10.0,-0.037828464061021805,0.37020018696784973,0.07628163695335388,-0.44952908158302307,71,8
0.0008103847503662109,positive,10.0,10.0,-0.026942722499370575,0.3681836426258087,0.06461486220359802,-0.40452706813812256,71,10
0.0008592605590820312,positive,10.0,10.0,-0.019579051062464714,0.5623325705528259,0.05652432143688202,-0.6761592030525208,71,11
0.0009641647338867188,positive,10.0,10.0,-0.001002946519292891,0.17076683044433594,0.03567655384540558,-0.06030341982841492,71,13
0.0011796951293945312,positive,10.0,10.0,0.02820863015949726,0.5593804121017456,0.008739774115383625,-0.6097368001937866,71,17
0.0013399124145507812,positive,10.0,10.0,0.05786515027284622,0.3643239438533783,-0.021902931854128838,-0.3184856176376343,71,20
0.001386404037475586,positive,10.0,10.0,0.0651516318321228,0.5597509145736694,-0.02827264368534088,-0.6179946660995483,71,21
0.001443624496459961,positive,10.0,10.0,0.07634665071964264,0.3650350272655487,-0.04063253849744797,-0.3343486785888672,71,22
0.001547098159790039,positive,10.0,10.0,0.09486156702041626,0.366279661655426,-0.060110773891210556,-0.3621492087841034,71,24
0.001936197280883789,negative,10.0,-10.0,0.16611579060554504,0.5707510709762573,-0.1506190448999405,-0.8692928552627563,71,31
0.0019812583923339844,negative,10.0,-10.0,0.17753081023693085,0.37796369194984436,-0.16800490021705627,-0.6275004744529724,71,32
0.0003619194030761719,positive,10.0,10.0,-0.041270554065704346,-0.4089938700199127,-0.01206447184085846,0.547142505645752,72,2
0.0004131793975830078,positive,10.0,10.0,-0.049450431019067764,-0.21370452642440796,-0.001121621229685843,0.2506829500198364,72,3
0.0004622936248779297,positive,10.0,10.0,-0.05372452363371849,-0.40881043672561646,0.0038920375518500805,0.5430119037628174,72,4
0.0005121231079101562,positive,10.0,10.0,-0.061900731176137924,-0.2137434035539627,0.014752275310456753,0.2515577971935272,72,5
0.0005648136138916016,positive,10.0,10.0,-0.06617560237646103,-0.4090728759765625,0.01978343166410923,0.5488571524620056,72,6
0.0006172657012939453,positive,10.0,10.0,-0.0743570551276207,-0.2142343372106552,0.030760573223233223,0.2624724507331848,72,7
0.0006678104400634766,positive,10.0,10.0,-0.07864174246788025,-0.4097815454006195,0.0360100232064724,0.564696729183197,72,8
0.0010845661163330078,positive,10.0,10.0,-0.10900185257196426,0.169404536485672,0.08090429753065109,-0.17792625725269318,72,15
0.0011298656463623047,positive,10.0,10.0,-0.10561376810073853,0.36328110098838806,0.07734577357769012,-0.44402992725372314,72,16
0.0011746883392333984,positive,10.0,10.0,-0.09834814071655273,0.16715486347675323,0.06846517324447632,-0.12800312042236328,72,17
0.001218557357788086,positive,10.0,10.0,-0.09500504285097122,-0.02887769229710102,0.06590510904788971,0.1854698359966278,72,18
0.00131988525390625,positive,10.0,10.0,-0.10008015483617783,-0.030802736058831215,0.07957837730646133,0.22823646664619446,72,20
0.001692056655883789,positive,10.0,10.0,-0.06196685507893562,0.15656179189682007,0.058030594140291214,0.10614853352308273,72,27
0.0017371177673339844,positive,10.0,10.0,-0.05883562192320824,-0.03934168443083763,0.06015356257557869,0.41656050086021423,72,28
0.0017876625061035156,positive,10.0,10.0,-0.05962245538830757,0.15487846732139587,0.06848477572202682,0.1434316784143448,72,29
0.0018546581268310547,positive,10.0,10.0,-0.05652488395571709,-0.04115404188632965,0.07135340571403503,0.4569099545478821,72,30
0.0019202232360839844,positive,10.0,10.0,-0.057347964495420456,0.1528904289007187,0.08049160987138748,0.18754398822784424,72,31
0.002081155776977539,positive,10.0,10.0,-0.04735467582941055,0.5405936241149902,0.08266846835613251,-0.34366118907928467,72,33
0.0022275447845458984,positive,10.0,10.0,-0.02965482696890831,0.5383566617965698,0.075273297727108,-0.2939361333847046,72,35
0.002373933792114258,positive,10.0,10.0,-0.0120427580550313,0.14620175957679749,0.06982468068599701,0.33525052666664124,72,37
0.0024476051330566406,positive,10.0,10.0,-0.009118723683059216,0.34026411175727844,0.07652968913316727,0.0653781145811081,72,38
0.0025238990783691406,positive,10.0,10.0,-0.0023134411312639713,0.5342101454734802,0.0778372511267662,-0.2022116780281067,72,39
0.0025925636291503906,positive,10.0,10.0,0.008370761759579182,0.7281376123428345,0.07379302382469177,-0.4693610668182373,72,40
0.002656698226928711,positive,10.0,10.0,0.022933514788746834,0.922143816947937,0.06440579891204834,-0.7379028797149658,72,41
0.002717256546020508,positive,10.0,10.0,0.04137638956308365,0.7261943221092224,0.0496477410197258,-0.42566582560539246,72,42
0.0027916431427001953,positive,10.0,10.0,0.05590027570724487,0.5304055213928223,0.04113442450761795,-0.11775413900613785,72,43
0.0028657913208007812,positive,10.0,10.0,0.06650839000940323,0.33471909165382385,0.03877934440970421,0.18761733174324036,72,44
0.0032389163970947266,positive,10.0,10.0,0.06980282813310623,-0.058270495384931564,0.09047320485115051,0.8362591862678528,72,48
0.004828691482543945,positive,10.0,10.0,0.3030104339122772,1.280007243156433,0.08755361288785934,-0.6098968386650085,72,65
0.004905223846435547,positive,10.0,10.0,0.3286105692386627,1.0837775468826294,0.07535567879676819,-0.29097187519073486,72,66
0.005077362060546875,positive,10.0,10.0,0.36803945899009705,1.0817259550094604,0.07002610713243484,-0.2454650104045868,72,68
0.005254507064819336,positive,10.0,10.0,0.40738752484321594,0.6896852254867554,0.06648597121238708,0.3809540271759033,72,70
0.005331993103027344,positive,10.0,10.0,0.42118123173713684,0.4936852753162384,0.07410505414009094,0.6938368678092957,72,71
0.005789279937744141,negative,10.0,-10.0,0.43910762667655945,-0.09831377118825912,0.19585338234901428,1.744568943977356,72,76
0.00022125244140625,positive,10.0,10.0,-0.03764479234814644,0.022559186443686485,-0.009731488302350044,0.012446085922420025,73,0
0.0003733634948730469,positive,10.0,10.0,-0.04064204543828964,0.022833947092294693,-0.0034417102579027414,0.0063844178803265095,73,2
0.0004892349243164062,positive,10.0,10.0,-0.04363013431429863,0.022930558770895004,0.0026455672923475504,0.004253193736076355,73,4
0.0005505084991455078,positive,10.0,10.0,-0.04317152500152588,-0.17222923040390015,0.0027306312695145607,0.2977696657180786,73,5
0.0006046295166015625,positive,10.0,10.0,-0.04661610722541809,0.022853685542941093,0.008686024695634842,0.005949169397354126,73,6
0.0006573200225830078,positive,10.0,10.0,-0.046159036457538605,0.217849999666214,0.008805007673799992,-0.2839806079864502,73,7
0.0007102489471435547,positive,10.0,10.0,-0.04180203378200531,0.022603577002882957,0.0031253956258296967,0.011466313153505325,73,8
0.0008847713470458984,positive,10.0,10.0,-0.0443510077893734,-0.17274537682533264,0.00972760934382677,0.309162437915802,73,11
0.0009405612945556641,positive,10.0,10.0,-0.04780591279268265,0.022236639633774757,0.015910858288407326,0.019563131034374237,73,12
0.0010426044464111328,positive,10.0,10.0,-0.05082337558269501,0.021776173263788223,0.02264658734202385,0.02972579188644886,73,14
0.001146078109741211,positive,10.0,10.0,-0.053861115127801895,-0.36910805106163025,0.0298304446041584,0.629387617111206,73,16
0.0011935234069824219,positive,10.0,10.0,-0.06124327704310417,-0.17441481351852417,0.04241819679737091,0.34624651074409485,73,17
0.001415252685546875,positive,10.0,10.0,-0.07527868449687958,0.21252498030662537,0.07194557785987854,-0.16696783900260925,73,21
0.0014607906341552734,positive,10.0,10.0,-0.07102818042039871,0.01645086519420147,0.06860622018575668,0.14751623570919037,73,22
0.001504659652709961,positive,10.0,10.0,-0.07069916278123856,-0.17958305776119232,0.07155654579401016,0.4610297679901123,73,23
0.0016074180603027344,positive,10.0,10.0,-0.07400165498256683,0.2083374708890915,0.08461178094148636,-0.07441555708646774,73,25
0.0017118453979492188,positive,10.0,10.0,-0.06959269195795059,0.2059532105922699,0.08799782395362854,-0.02163184992969036,73,27
0.001756429672241211,positive,10.0,10.0,-0.06547362357378006,0.39971017837524414,0.08756518363952637,-0.2853047847747803,73,28
0.0018019676208496094,positive,10.0,10.0,-0.05747942253947258,0.5934812426567078,0.08185908943414688,-0.5491364598274231,73,29
0.0018470287322998047,positive,10.0,10.0,-0.04560979828238487,0.7873636484146118,0.0708763599395752,-0.8149465322494507,73,30
0.001949310302734375,positive,10.0,10.0,-0.01803559623658657,0.3954993188381195,0.04456065595149994,-0.19146764278411865,73,32
0.0020492076873779297,positive,10.0,10.0,-0.006130225956439972,0.004087985027581453,0.04302995651960373,0.4201826751232147,73,34
0.0020928382873535156,positive,10.0,10.0,-0.006048466078937054,0.19857466220855713,0.051433611661195755,0.14136959612369537,73,35
0.002196073532104492,positive,10.0,10.0,-0.0020218680147081614,0.1970694363117218,0.06325750052928925,0.17472770810127258,73,37
0.0025398731231689453,positive,10.0,10.0,0.03302807733416557,0.5808820724487305,0.07337872684001923,-0.26990601420402527,73,43
0.002701997756958008,positive,10.0,10.0,0.0717209205031395,0.3829849362373352,0.05270380526781082,0.08489818125963211,73,46
0.002747058868408203,positive,10.0,10.0,0.07938062399625778,0.18714867532253265,0.05440177023410797,0.3937324285507202,73,47
0.002849102020263672,positive,10.0,10.0,0.09075275808572769,0.18550176918506622,0.06465013325214386,0.43034785985946655,73,49
0.0028963088989257812,positive,10.0,10.0,0.0944627970457077,0.3796514868736267,0.07325708866119385,0.1587255597114563,73,50
0.0030002593994140625,positive,10.0,10.0,0.10572705417871475,0.3775253891944885,0.08590340614318848,0.20594258606433868,73,52
0.003106355667114258,positive,10.0,10.0,0.12470397353172302,0.7650441527366638,0.08885318040847778,-0.3214316666126251,73,54
0.003153085708618164,positive,10.0,10.0,0.14000485837459564,0.5687766671180725,0.08242454379796982,-0.0021032977383583784,73,55
0.003488779067993164,positive,10.0,10.0,0.22741900384426117,0.5622365474700928,0.06058365851640701,0.14241981506347656,73,61
0.003535747528076172,positive,10.0,10.0,0.23866373300552368,0.7564408779144287,0.06343205273151398,-0.1305515319108963,73,62
0.0036377906799316406,positive,10.0,10.0,0.26500195264816284,0.3645331859588623,0.06445001810789108,0.4926822781562805,73,64
0.0037975311279296875,positive,10.0,10.0,0.29851993918418884,0.9465852975845337,0.07777614891529083,-0.3142063617706299,73,67
0.004065752029418945,positive,10.0,10.0,0.39297056198120117,0.7466503977775574,0.05097458139061928,0.085793636739254,73,72
0.004109859466552734,positive,10.0,10.0,0.4079035818576813,0.5508362054824829,0.052690453827381134,0.3941134214401245,73,73
0.004154205322265625,positive,10.0,10.0,0.41892027854919434,0.35500773787498474,0.06057272106409073,0.7029322981834412,73,74
0.00443577766418457,negative,10.0,-10.0,0.4386120140552521,-0.23602069914340973,0.15899455547332764,1.7223705053329468,73,79
0.00029158592224121094,positive,10.0,10.0,-0.040241993963718414,0.01004746649414301,-0.015838410705327988,-0.0003979803586844355,74,0
0.00040602684020996094,positive,10.0,10.0,-0.04004104435443878,-0.18484379351139069,-0.01584636978805065,0.2872459590435028,74,1
0.0006330013275146484,positive,10.0,10.0,-0.043527912348508835,-0.1844751238822937,-0.010309298522770405,0.2790864109992981,74,3
0.0007138252258300781,positive,10.0,10.0,-0.047217413783073425,0.010792361572384834,-0.004727570340037346,-0.01683015003800392,74,4
0.0007877349853515625,positive,10.0,10.0,-0.047001566737890244,-0.1842614710330963,-0.005064173601567745,0.2743574380874634,74,5
0.0008628368377685547,positive,10.0,10.0,-0.0506867952644825,-0.37931081652641296,0.0004229751357343048,0.5654388070106506,74,6
0.0009405612945556641,positive,10.0,10.0,-0.058273013681173325,-0.18419478833675385,0.011731751263141632,0.2728891670703888,74,7
0.0010170936584472656,positive,10.0,10.0,-0.06195690855383873,-0.3794821500778198,0.01718953438103199,0.5692490935325623,74,8
0.0010921955108642578,positive,10.0,10.0,-0.06954655051231384,-0.5748409032821655,0.028574516996741295,0.8672974705696106,74,9
0.00037288665771484375,positive,10.0,10.0,0.006860391236841679,-0.02775462716817856,-0.0133333345875144,0.024486267939209938,75,2
0.0005509853363037109,positive,10.0,10.0,0.009108810685575008,-0.222235307097435,-0.017966458573937416,0.3030872344970703,75,5
0.0006010532379150391,positive,10.0,10.0,0.0046641044318675995,-0.41709664463996887,-0.011904713697731495,0.590050220489502,75,6
0.0006499290466308594,positive,10.0,10.0,-0.0036778287030756474,-0.22181005775928497,-0.00010370949894422665,0.29364117980003357,75,7
0.0006971359252929688,positive,10.0,10.0,-0.00811402965337038,-0.02668662555515766,0.005769114475697279,0.0009255543700419366,75,8
0.0007452964782714844,positive,10.0,10.0,-0.00864776223897934,-0.22189083695411682,0.005787625443190336,0.29542312026023865,75,9
0.0008518695831298828,positive,10.0,10.0,-0.013622616417706013,-0.22213959693908691,0.01178750954568386,0.300921231508255,75,11
0.0010132789611816406,positive,10.0,10.0,-0.02306036837399006,-0.41793468594551086,0.02425004169344902,0.6085452437400818,75,14
0.0013396739959716797,positive,10.0,10.0,-0.04604814946651459,-0.031278058886528015,0.05967845395207405,0.10238360613584518,75,20
0.0015540122985839844,positive,10.0,10.0,-0.056459058076143265,-0.03503698483109474,0.0818972960114479,0.18572218716144562,75,24
0.002010345458984375,positive,10.0,10.0,-0.03940202668309212,0.7338168025016785,0.09299018234014511,-0.7327551245689392,75,32
0.0020782947540283203,positive,10.0,10.0,-0.024725692346692085,0.5375413298606873,0.07833507657051086,-0.4123142957687378,75,33
0.0021355152130126953,positive,10.0,10.0,-0.013974864035844803,0.34140142798423767,0.07008878886699677,-0.09599965065717697,75,34
0.002182483673095703,positive,10.0,10.0,-0.007146835792809725,0.14534856379032135,0.06816879659891129,0.2179468423128128,75,35
0.0026297569274902344,positive,10.0,10.0,0.0388755165040493,0.5256742238998413,0.08215025812387466,-0.1496635526418686,75,43
0.002676725387573242,positive,10.0,10.0,0.04938900098204613,0.7195296287536621,0.07915698736906052,-0.41534096002578735,75,44
0.0028951168060302734,positive,10.0,10.0,0.10682738572359085,0.3257288336753845,0.04869479313492775,0.25020831823349,75,48
0.002940654754638672,positive,10.0,10.0,0.11334195733070374,0.12994655966758728,0.053698960691690445,0.5578442811965942,75,49
0.0029871463775634766,positive,10.0,10.0,0.1159408912062645,0.3242751955986023,0.06485584378242493,0.2825513780117035,75,50
0.003152132034301758,positive,10.0,10.0,0.13143940269947052,0.5162168741226196,0.08891209214925766,0.0596969835460186,75,53
0.0031995773315429688,positive,10.0,10.0,0.14176373183727264,0.7099589109420776,0.09010602533817291,-0.2036624401807785,75,54
0.003301382064819336,positive,10.0,10.0,0.17403660714626312,0.707459032535553,0.07670044898986816,-0.14810457825660706,75,56
0.003347635269165039,positive,10.0,10.0,0.18818578124046326,0.9014036059379578,0.07373835891485214,-0.4156382977962494,75,57
0.0035042762756347656,positive,10.0,10.0,0.24611081182956696,0.7036234140396118,0.04430869221687317,-0.06311313807964325,75,60
0.0035486221313476562,positive,10.0,10.0,0.26018327474594116,0.5078951120376587,0.04304642975330353,0.24321365356445312,75,61
0.0035936832427978516,positive,10.0,10.0,0.2703411877155304,0.3121855854988098,0.04791070148348808,0.5491577386856079,75,62
0.0038826465606689453,positive,10.0,10.0,0.3170042932033539,0.8926713466644287,0.08306384086608887,-0.2225775420665741,75,67
0.004117250442504883,positive,10.0,10.0,0.3743955194950104,0.6943394541740417,0.0654221773147583,0.1420251876115799,75,70
0.004270792007446289,positive,10.0,10.0,0.39824920892715454,0.30232709646224976,0.07735486328601837,0.7680040597915649,75,72
0.00433659553527832,positive,10.0,10.0,0.40429574251174927,0.10623034089803696,0.09271494299173355,1.0839892625808716,75,73
0.004487037658691406,negative,10.0,-10.0,0.4046206772327423,-0.28632596135139465,0.1424800604581833,1.7304126024246216,75,75
0.004556894302368164,negative,10.0,-10.0,0.39889413118362427,-0.09309010952711105,0.17708830535411835,1.4852434396743774,75,76
0.004628896713256836,negative,10.0,-10.0,0.39703235030174255,0.09948673844337463,0.2067931741476059,1.2526881694793701,75,77
0.00020503997802734375,positive,10.0,10.0,-0.0493793785572052,0.041001610457897186,0.037765733897686005,-0.010445932857692242,76,0
0.0002777576446533203,positive,10.0,10.0,-0.04855934903025627,-0.1546410322189331,0.03755681589245796,0.2939092516899109,76,1
0.0004801750183105469,positive,10.0,10.0,-0.05396947264671326,-0.35150739550590515,0.050088442862033844,0.6255064606666565,76,4
0.0006046295166015625,positive,10.0,10.0,-0.07194545120000839,-0.7431995272636414,0.08126925677061081,1.2452125549316406,76,6
0.000728607177734375,negative,10.0,-10.0,-0.10559473186731339,-1.135484218597412,0.13741762936115265,1.8860347270965576,76,8
0.0007832050323486328,negative,10.0,-10.0,-0.12830442190170288,-0.9420984387397766,0.17513832449913025,1.6389644145965576,76,9
0.0008304119110107422,negative,10.0,-10.0,-0.14714638888835907,-1.1387875080108643,0.20791761577129364,1.9807125329971313,76,10
0.0007014274597167969,positive,10.0,10.0,-0.03446830064058304,-0.4234676957130432,-0.020093809813261032,0.5442761778831482,77,4
0.0007798671722412109,positive,10.0,10.0,-0.04293765500187874,-0.2280692309141159,-0.009208288043737411,0.24533043801784515,77,5
0.0008547306060791016,positive,10.0,10.0,-0.04749903827905655,-0.4230584502220154,-0.004301678854972124,0.535094678401947,77,6
0.0011370182037353516,positive,10.0,10.0,-0.06897951662540436,-0.22812668979167938,0.021936489269137383,0.24662813544273376,77,9
0.001308441162109375,positive,10.0,10.0,-0.08201315253973007,-0.6190439462661743,0.03779202699661255,0.8471750020980835,77,11
0.0018486976623535156,negative,10.0,-10.0,-0.18386510014533997,-1.0161494016647339,0.18657280504703522,1.607006549835205,77,17
0.00021076202392578125,positive,10.0,10.0,-0.0018016427056863904,0.049559712409973145,0.025200003758072853,0.00397473806515336,78,0
0.000698089599609375,positive,10.0,10.0,-0.015486136078834534,0.046654775738716125,0.05759904533624649,0.06816104054450989,78,6
0.0007793903350830078,positive,10.0,10.0,-0.014553040266036987,-0.14924363791942596,0.05896226689219475,0.378446102142334,78,7
0.0008356571197509766,positive,10.0,10.0,-0.017537914216518402,-0.34515121579170227,0.06653118878602982,0.6891217231750488,78,8
0.0009436607360839844,positive,10.0,10.0,-0.027461189776659012,0.04288484901189804,0.08867570012807846,0.15178193151950836,78,10
0.0012133121490478516,positive,10.0,10.0,-2.4847044187481515e-05,0.23173829913139343,0.07450004667043686,-0.0032248971983790398,78,15
0.0013713836669921875,positive,10.0,10.0,0.025518309324979782,0.42368167638778687,0.05820925161242485,-0.22620880603790283,78,18
0.0014760494232177734,positive,10.0,10.0,0.04635045304894447,0.42208945751190186,0.04368552938103676,-0.1908705234527588,78,20
0.0015206336975097656,positive,10.0,10.0,0.054792240262031555,0.2263706624507904,0.03986812010407448,0.11526705324649811,78,21
0.0016222000122070312,positive,10.0,10.0,0.05993366986513138,0.2252006232738495,0.05057859793305397,0.1411617547273636,78,23
0.0017821788787841797,positive,10.0,10.0,0.0694999173283577,0.027762887999415398,0.06586867570877075,0.48567333817481995,78,26
0.0018842220306396484,positive,10.0,10.0,0.07449311017990112,0.4158610999584198,0.07987125962972641,-0.05346045270562172,78,28
0.0019288063049316406,positive,10.0,10.0,0.08281032741069794,0.609752357006073,0.07880204916000366,-0.31991294026374817,78,29
0.0019729137420654297,positive,10.0,10.0,0.09500537812709808,0.41360175609588623,0.07240378856658936,-0.003456264268606901,78,30
0.0020918846130371094,positive,10.0,10.0,0.11542970687150955,0.801633894443512,0.06688576191663742,-0.5414650440216064,78,32
0.0021390914916992188,positive,10.0,10.0,0.13146238029003143,0.995755136013031,0.05605646222829819,-0.8123460412025452,78,33
0.002183198928833008,positive,10.0,10.0,0.15137748420238495,0.7999120354652405,0.039809539914131165,-0.5025708079338074,78,34
0.0022857189178466797,positive,10.0,10.0,0.1794607788324356,0.408717542886734,0.025805871933698654,0.10430703312158585,78,36
0.002331972122192383,positive,10.0,10.0,0.1876351237297058,0.21323545277118683,0.027892012149095535,0.4050185978412628,78,37
0.002377033233642578,positive,10.0,10.0,0.191899836063385,0.017729291692376137,0.03599238395690918,0.7063629627227783,78,38
0.002420663833618164,positive,10.0,10.0,0.1922544240951538,0.21233458817005157,0.05011964216828346,0.42522358894348145,78,39
0.002524852752685547,positive,10.0,10.0,0.204635351896286,0.21080178022384644,0.061599165201187134,0.4593386948108673,78,41
0.002628803253173828,positive,10.0,10.0,0.2169514149427414,0.5990428924560547,0.07451974600553513,-0.08284921199083328,78,43
0.0028438568115234375,positive,10.0,10.0,0.2647504210472107,0.2049546241760254,0.0706392228603363,0.5888143181800842,78,47
0.0029501914978027344,positive,10.0,10.0,0.27682992815971375,0.5928773880004883,0.0887993648648262,0.05359652265906334,78,49
0.0031669139862060547,positive,10.0,10.0,0.3397095203399658,0.9780826568603516,0.07312998920679092,-0.4221248924732208,78,53
0.003327608108520508,positive,10.0,10.0,0.38663163781166077,0.39006054401397705,0.06664235144853592,0.5167936682701111,78,56
0.003373861312866211,positive,10.0,10.0,0.39443284273147583,0.584183931350708,0.07697822153568268,0.24583330750465393,78,57
0.003419160842895508,positive,10.0,10.0,0.4061165153980255,0.3880517780780792,0.0818948894739151,0.5617696046829224,78,58
0.0036411285400390625,negative,10.0,-10.0,0.42921051383018494,-0.007402800023555756,0.1419030874967575,1.2711513042449951,78,62
0.003804445266723633,negative,10.0,-10.0,0.44033947587013245,0.1810625195503235,0.2036520540714264,1.1356431245803833,78,65
0.0003337860107421875,positive,10.0,10.0,-0.01846831478178501,-0.17845702171325684,-0.025251545011997223,0.33042997121810913,79,1
0.00045871734619140625,positive,10.0,10.0,-0.02169715240597725,-0.17783460021018982,-0.018045103177428246,0.3166351616382599,79,3
0.0007841587066650391,positive,10.0,10.0,-0.03944224491715431,0.01784895360469818,0.012767795473337173,0.011493975296616554,79,8
0.0008308887481689453,positive,10.0,10.0,-0.0390852652490139,-0.17745375633239746,0.012997674755752087,0.30817779898643494,79,9
0.0012698173522949219,positive,10.0,10.0,-0.04423153027892113,-0.1803174912929535,0.030895613133907318,0.3714750111103058,79,17
0.001538991928100586,positive,10.0,10.0,-0.05456296354532242,0.011833488009870052,0.05864927917718887,0.14442741870880127,79,22
0.0015835762023925781,positive,10.0,10.0,-0.05432629585266113,0.20606860518455505,0.06153782829642296,-0.1291913092136383,79,23
0.001628875732421875,positive,10.0,10.0,-0.05020492151379585,0.010121572762727737,0.05895400047302246,0.18225359916687012,79,24
0.0016722679138183594,positive,10.0,10.0,-0.05000249296426773,0.20435257256031036,0.0625990778207779,-0.09126430004835129,79,25
0.001772165298461914,positive,10.0,10.0,-0.045747604221105576,-0.1875438094139099,0.06518365442752838,0.5317105054855347,79,27
0.0019273757934570312,positive,10.0,10.0,-0.04535508528351784,0.39443811774253845,0.08087141811847687,-0.27363982796669006,79,30
0.001973390579223633,positive,10.0,10.0,-0.037466324865818024,0.5883186459541321,0.07539862394332886,-0.5397598147392273,79,31
0.002017974853515625,positive,10.0,10.0,-0.025699950754642487,0.3922222852706909,0.06460342556238174,-0.22430478036403656,79,32
0.002061605453491211,positive,10.0,10.0,-0.017855504527688026,0.19623933732509613,0.06011733040213585,0.08803659677505493,79,33
0.0032520294189453125,positive,10.0,10.0,0.1522880494594574,0.7497708797454834,0.08743762969970703,-0.08837169408798218,79,54
0.0032968521118164062,positive,10.0,10.0,0.16728346049785614,0.9435377717018127,0.08567019551992416,-0.3522377610206604,79,55
0.003342151641845703,positive,10.0,10.0,0.18615421652793884,0.7473086714744568,0.07862544059753418,-0.033817362040281296,79,56
0.0033864974975585938,positive,10.0,10.0,0.2011003941297531,0.941220223903656,0.07794909179210663,-0.3006940186023712,79,57
0.0034303665161132812,positive,10.0,10.0,0.21992479264736176,0.7450788021087646,0.07193521410226822,0.015518611297011375,79,58
0.0035309791564941406,positive,10.0,10.0,0.253608375787735,1.1331193447113037,0.06717300415039062,-0.5226778984069824,79,60
0.003632783889770508,positive,10.0,10.0,0.2950131297111511,0.7412342429161072,0.05252730846405029,0.10041473805904388,79,62
0.003975868225097656,positive,10.0,10.0,0.33861181139945984,0.737701416015625,0.086015984416008,0.1788400262594223,79,66
0.00414586067199707,positive,10.0,10.0,0.3719957172870636,1.1252249479293823,0.08788245171308517,-0.348642498254776,79,68
0.00468754768371582,positive,10.0,10.0,0.4949740767478943,0.7284978628158569,0.07125002890825272,0.3820958137512207,79,74
0.005121707916259766,negative,10.0,-10.0,0.5285957455635071,-0.2527097165584564,0.1729169636964798,1.991698145866394,79,79
0.00047016143798828125,positive,10.0,10.0,-0.054363783448934555,-0.2144622802734375,0.015310090035200119,0.2517516613006592,80,3
0.0006725788116455078,positive,10.0,10.0,-0.07895304262638092,-0.800736129283905,0.048294547945261,1.1506149768829346,80,6
0.0007250308990478516,positive,10.0,10.0,-0.09496776759624481,-0.9964538812637329,0.07130684703588486,1.4580423831939697,80,7
0.0008912086486816406,negative,10.0,-10.0,-0.150913268327713,-1.1949347257614136,0.1544543355703354,1.839614748954773,80,10
0.00027489662170410156,positive,10.0,10.0,-0.04204818978905678,-0.021602818742394447,0.0004153770860284567,0.04424481838941574,81,0
0.00039839744567871094,positive,10.0,10.0,-0.04248024523258209,-0.2167307287454605,0.0013002734631299973,0.33705878257751465,81,1
0.0004916191101074219,positive,10.0,10.0,-0.04681485891342163,-0.41187116503715515,0.008041448891162872,0.6301514506340027,81,2
0.0008766651153564453,positive,10.0,10.0,-0.06418122351169586,-0.022839581593871117,0.035625386983156204,0.07156971842050552,81,6
0.0010497570037841797,positive,10.0,10.0,-0.06900709122419357,-0.02387714572250843,0.044562309980392456,0.09450411051511765,81,8
0.0011255741119384766,positive,10.0,10.0,-0.0694846361875534,0.1705787181854248,0.046452391892671585,-0.18379312753677368,81,9
0.0012974739074707031,positive,10.0,10.0,-0.06657657772302628,-0.22088392078876495,0.045240018516778946,0.4290400743484497,81,11
0.002223491668701172,negative,10.0,-10.0,-0.13106296956539154,-1.0118894577026367,0.17848236858844757,1.8554030656814575,81,21
0.0002739429473876953,positive,10.0,10.0,0.03000699169933796,0.003198576159775257,-0.03021870367228985,0.03304936736822128,82,0
0.0005137920379638672,positive,10.0,10.0,0.026241417974233627,0.004052942618727684,-0.023236777633428574,0.014190957881510258,82,2
0.0008792877197265625,positive,10.0,10.0,0.05002038925886154,0.39590218663215637,-0.05812166631221771,-0.6074177622795105,82,6
0.0015213489532470703,positive,10.0,10.0,0.06298279017210007,-0.5708045959472656,-0.08890999853610992,0.6635549068450928,82,13
0.0015959739685058594,positive,10.0,10.0,0.051566701382398605,-0.764584481716156,-0.07563889771699905,0.9269715547561646,82,14
0.0018572807312011719,positive,10.0,10.0,-0.0059560746885836124,-0.9574340581893921,-0.0038160670083016157,1.1663464307785034,82,17
0.0019333362579345703,positive,10.0,10.0,-0.02510475553572178,-1.1525061130523682,0.019510861486196518,1.4578304290771484,82,18
0.001999378204345703,positive,10.0,10.0,-0.04815487936139107,-1.347861886024475,0.04866746813058853,1.7565442323684692,82,19
0.002071857452392578,positive,10.0,10.0,-0.07511211931705475,-1.5435004234313965,0.0837983563542366,2.0639569759368896,82,20
0.000362396240234375,positive,10.0,10.0,-0.04195736348628998,-0.15905766189098358,-0.03136703744530678,0.30803534388542175,83,1
0.0004413127899169922,positive,10.0,10.0,-0.045138515532016754,-0.35371896624565125,-0.02520633116364479,0.5906632542610168,83,2
0.0006384849548339844,positive,10.0,10.0,-0.054636821150779724,-0.15795525908470154,-0.007724677212536335,0.2835499048233032,83,5
0.0008292198181152344,positive,10.0,10.0,-0.0680115595459938,-0.35307058691978455,0.015031198970973492,0.5760970115661621,83,8
0.0008831024169921875,positive,10.0,10.0,-0.07507297396659851,-0.15816251933574677,0.026553139090538025,0.2881869673728943,83,9
0.0009334087371826172,positive,10.0,10.0,-0.07823622226715088,0.03657090291380882,0.03231687843799591,0.003995493054389954,83,10
0.0010039806365966797,positive,10.0,10.0,-0.07750480622053146,-0.1589992493391037,0.03239678964018822,0.3066970705986023,83,11
0.0010733604431152344,positive,10.0,10.0,-0.08068478852510452,0.035646431148052216,0.038530729711055756,0.024404728785157204,83,12
0.0011434555053710938,positive,10.0,10.0,-0.07997186481952667,-0.1600062996149063,0.03901882469654083,0.32899123430252075,83,13
0.001191854476928711,positive,10.0,10.0,-0.08317198604345322,0.03453909605741501,0.045598648488521576,0.04886387661099434,83,14
0.0013570785522460938,positive,10.0,10.0,-0.0850408524274826,-0.1626250296831131,0.05524623394012451,0.387064129114151,83,17
0.0014104843139648438,positive,10.0,10.0,-0.08829335123300552,0.0316709466278553,0.06298751384019852,0.11229895800352097,83,18
0.0014646053314208984,positive,10.0,10.0,-0.08765993267297745,-0.16429436206817627,0.0652334913611412,0.4241700768470764,83,19
0.001630544662475586,positive,10.0,10.0,-0.085872121155262,0.02770579606294632,0.07445573806762695,0.20007988810539246,83,22
0.002015352249145508,positive,10.0,10.0,-0.047351542860269547,0.21510933339595795,0.06025172397494316,0.07725408673286438,83,29
0.0020613670349121094,positive,10.0,10.0,-0.04304935410618782,0.01917770318686962,0.06179680675268173,0.38832151889801025,83,30
0.0022232532501220703,positive,10.0,10.0,-0.03805190324783325,0.21135874092578888,0.08046890050172806,0.16035206615924835,83,33
0.0024518966674804688,positive,10.0,10.0,-0.005680639296770096,0.5968760848045349,0.07306066155433655,-0.3222123682498932,83,37
0.002496480941772461,positive,10.0,10.0,0.0062568821012973785,0.4007938802242279,0.06661641597747803,-0.007413007784634829,83,38
0.0025980472564697266,positive,10.0,10.0,0.018368419259786606,0.39889782667160034,0.07257859408855438,0.03451988473534584,83,40
0.0026998519897460938,positive,10.0,10.0,0.038204535841941833,0.7869107723236084,0.06858079135417938,-0.5031114220619202,83,42
0.002800464630126953,positive,10.0,10.0,0.06576060503721237,0.3949844241142273,0.054725997149944305,0.12092548608779907,83,44
0.0029058456420898438,positive,10.0,10.0,0.07764274626970291,0.3933910131454468,0.06575169414281845,0.15622420608997345,83,46
0.0030412673950195312,positive,10.0,10.0,0.09726082533597946,0.3914751410484314,0.06657592952251434,0.19858063757419586,83,48
0.0031485557556152344,positive,10.0,10.0,0.10899967700242996,0.3895282447338104,0.08077754080295563,0.24185636639595032,83,50
0.0031936168670654297,positive,10.0,10.0,0.11679024249315262,0.1933509260416031,0.08561467379331589,0.5588856339454651,83,51
0.004267692565917969,positive,10.0,10.0,0.39951032400131226,1.1394171714782715,0.0941360592842102,-0.25593483448028564,83,70
0.004314899444580078,positive,10.0,10.0,0.4222986698150635,1.3330779075622559,0.0890173614025116,-0.5175045728683472,83,71
0.004450798034667969,positive,10.0,10.0,0.471696674823761,1.330736517906189,0.07470425963401794,-0.4650176465511322,83,73
0.004561185836791992,positive,10.0,10.0,0.5288059711456299,1.7188880443572998,0.050738897174596786,-1.0046528577804565,83,75
0.0046079158782958984,positive,10.0,10.0,0.5631837248802185,1.9132969379425049,0.030645839869976044,-1.280980110168457,83,76
0.005002737045288086,negative,10.0,-10.0,0.8350545167922974,1.3338896036148071,-0.1571522206068039,-0.5392444729804993,83,83
0.0050487518310546875,negative,10.0,-10.0,0.8617323040962219,1.530830979347229,-0.16793711483478546,-0.8770291209220886,83,84
0.0050945281982421875,negative,10.0,-10.0,0.8923489451408386,1.3383406400680542,-0.18547770380973816,-0.6414972543716431,83,85
0.005196094512939453,negative,10.0,-10.0,0.942040205001831,1.3435211181640625,-0.2065572589635849,-0.7605499029159546,83,87
0.00021529197692871094,positive,10.0,10.0,0.04426496475934982,-0.0026132846251130104,0.047511618584394455,-0.02199374884366989,84,0
0.0003147125244140625,positive,10.0,10.0,0.0442126989364624,-0.19838325679302216,0.04707174375653267,0.28529301285743713,84,1
0.0004730224609375,positive,10.0,10.0,0.032362159341573715,-0.19979891180992126,0.06462645530700684,0.3168405294418335,84,3
0.00052642822265625,positive,10.0,10.0,0.028366180136799812,-0.005654137581586838,0.07096326351165771,0.04521825164556503,84,4
0.0005800724029541016,positive,10.0,10.0,0.02825309708714485,-0.20171812176704407,0.07186762988567352,0.35941973328590393,84,5
0.0006346702575683594,positive,10.0,10.0,0.024218734353780746,-0.007687471341341734,0.0790560245513916,0.09023595601320267,84,6
0.0006878376007080078,positive,10.0,10.0,0.024064986035227776,-0.20384833216667175,0.08086074143648148,0.4067765176296234,84,7
0.0008034706115722656,positive,10.0,10.0,0.01978880912065506,0.18378154933452606,0.09180911630392075,-0.12269038707017899,84,9
0.0009064674377441406,positive,10.0,10.0,0.03101396933197975,0.181207075715065,0.08165421336889267,-0.06559009104967117,84,11
0.0010685920715332031,positive,10.0,10.0,0.0457175113260746,0.3728926181793213,0.07342299073934555,-0.2830813527107239,84,14
0.0012278556823730469,positive,10.0,10.0,0.07193105667829514,0.17500527203083038,0.05195680633187294,0.07152865082025528,84,17
0.0013315677642822266,positive,10.0,10.0,0.08281806856393814,0.1735021471977234,0.049300987273454666,0.1047150120139122,84,19
0.001378774642944336,positive,10.0,10.0,0.08628810942173004,-0.02229038067162037,0.05139528587460518,0.41253557801246643,84,20
0.0015411376953125,positive,10.0,10.0,0.08880650997161865,0.17033013701438904,0.07132329046726227,0.17498928308486938,84,23
0.0016984939575195312,positive,10.0,10.0,0.09506348520517349,0.36207184195518494,0.08903087675571442,-0.04374276474118233,84,26
0.001967906951904297,positive,10.0,10.0,0.14662562310695648,0.5511454343795776,0.06679725646972656,-0.20332500338554382,84,31
0.0020143985748291016,positive,10.0,10.0,0.15764853358268738,0.3551349639892578,0.06273075193166733,0.10965882986783981,84,32
0.002173900604248047,positive,10.0,10.0,0.18280364573001862,0.1573677510023117,0.06466900557279587,0.46132946014404297,84,35
0.002218484878540039,positive,10.0,10.0,0.18595099449157715,0.3515189290046692,0.07389559596776962,0.18971088528633118,84,36
0.0022623538970947266,positive,10.0,10.0,0.19298137724399567,0.5455101728439331,0.07768981158733368,-0.07877635210752487,84,37
0.002431631088256836,positive,10.0,10.0,0.22954672574996948,0.34727743268013,0.06858901679515839,0.2833956480026245,84,40
0.002483844757080078,positive,10.0,10.0,0.23649227619171143,0.5413574576377869,0.07425692677497864,0.013109476305544376,84,41
0.002529144287109375,positive,10.0,10.0,0.24731943011283875,0.34525346755981445,0.07451912015676498,0.32826632261276245,84,42
0.00263214111328125,positive,10.0,10.0,0.2650092840194702,0.7331112027168274,0.0822841003537178,-0.20605620741844177,84,44
0.0027894973754882812,positive,10.0,10.0,0.312827467918396,0.5347968339920044,0.0656205490231514,0.15811797976493835,84,47
0.0028340816497802734,positive,10.0,10.0,0.3235234022140503,0.33879974484443665,0.06878290325403214,0.47075945138931274,84,48
0.0029916763305664062,positive,10.0,10.0,0.3554932773113251,0.9206606149673462,0.08087854087352753,-0.3321573734283447,84,51
0.0030355453491210938,positive,10.0,10.0,0.3739064931869507,0.7244861721992493,0.07423539459705353,-0.015105257742106915,84,52
0.0030786991119384766,positive,10.0,10.0,0.3883962035179138,0.9184693098068237,0.07393328845500946,-0.2834734320640564,84,53
0.0032939910888671875,positive,10.0,10.0,0.48516330122947693,1.6954195499420166,0.018846947699785233,-1.3761354684829712,84,57
0.003629922866821289,negative,10.0,-10.0,0.7003920674324036,1.6994837522506714,-0.16574323177337646,-1.4819403886795044,84,63
0.00021505355834960938,positive,10.0,10.0,-0.01678265444934368,-0.03812917321920395,0.01653730496764183,-0.012598346918821335,85,0
0.0004665851593017578,positive,10.0,10.0,-0.030791619792580605,-0.6242577433586121,0.033651068806648254,0.8825588226318359,85,3
0.0008633136749267578,negative,10.0,-10.0,-0.11766219884157181,-0.631472110748291,0.1631188690662384,1.0537012815475464,85,9
0.0009095668792724609,negative,10.0,-10.0,-0.1302916407585144,-0.43884405493736267,0.18419289588928223,0.8163392543792725,85,10
0.0001990795135498047,positive,10.0,10.0,-0.0035472409799695015,-0.004220219328999519,-0.007901656441390514,-0.0302890632301569,86,0
0.000270843505859375,positive,10.0,10.0,-0.0036316453479230404,-0.199227973818779,-0.008507438004016876,0.2598903775215149,86,1
0.0004887580871582031,positive,10.0,10.0,-0.01948193646967411,-0.394290030002594,0.012811006046831608,0.5512518882751465,86,4
0.0006771087646484375,positive,10.0,10.0,-0.039250828325748444,-0.2001023143529892,0.04034344479441643,0.2793588936328888,86,7
0.0007314682006835938,positive,10.0,10.0,-0.04325287416577339,-0.39577585458755493,0.04593062028288841,0.5844881534576416,86,8
0.0007810592651367188,positive,10.0,10.0,-0.05116839334368706,-0.2013264000415802,0.05762038379907608,0.30662038922309875,86,9
0.0008265972137451172,positive,10.0,10.0,-0.0551949217915535,-0.007070832420140505,0.06375279277563095,0.03265165910124779,86,10
0.0009295940399169922,positive,10.0,10.0,-0.05939726531505585,-0.008896901272237301,0.07130079716444016,0.07305023074150085,86,12
0.0009751319885253906,positive,10.0,10.0,-0.05957520380616188,-0.2049647718667984,0.07276179641485214,0.3873494565486908,86,13
0.0011911392211914062,positive,10.0,10.0,-0.05269918590784073,0.1806194931268692,0.07165871560573578,-0.09642844647169113,86,17
0.0013508796691894531,positive,10.0,10.0,-0.030219685286283493,0.7629088759422302,0.049705199897289276,-0.9079686403274536,86,20
0.0015110969543457031,positive,10.0,10.0,0.027225429192185402,0.9568056464195251,-0.021491728723049164,-1.1721283197402954,86,23
0.0015571117401123047,positive,10.0,10.0,0.046361543238162994,1.1522003412246704,-0.04493429511785507,-1.4714707136154175,86,24
0.0019457340240478516,negative,10.0,-10.0,0.16521960496902466,0.5776813626289368,-0.19787023961544037,-0.8470914363861084,86,31
0.0003809928894042969,positive,10.0,10.0,0.035907045006752014,-0.40560382604599,0.026219263672828674,0.5579153299331665,87,2
0.00043392181396484375,positive,10.0,10.0,0.027794968336820602,-0.21085956692695618,0.03737756982445717,0.27360689640045166,87,3
0.00048351287841796875,positive,10.0,10.0,0.023577777668833733,-0.4064943492412567,0.04284970834851265,0.5778405666351318,87,4
0.0005929470062255859,positive,10.0,10.0,0.011207924224436283,-0.01769241876900196,0.06038568541407585,0.023918306455016136,87,6
0.0007028579711914062,positive,10.0,10.0,0.006581554654985666,-0.019420726224780083,0.06756456196308136,0.062140077352523804,87,8
0.0008101463317871094,positive,10.0,10.0,0.009686554782092571,-0.021364200860261917,0.0646376833319664,0.10508601367473602,87,10
0.0008542537689208984,positive,10.0,10.0,0.009259270504117012,-0.2173500508069992,0.06673941016197205,0.41744112968444824,87,11
0.0008974075317382812,positive,10.0,10.0,0.0049122697673738,-0.023234227672219276,0.07508823275566101,0.1465224325656891,87,12
0.0010571479797363281,positive,10.0,10.0,0.015155498869717121,0.16855019330978394,0.06781463325023651,-0.07311844825744629,87,15
0.0012869834899902344,positive,10.0,10.0,0.012918923981487751,0.16443420946598053,0.08788745105266571,0.017913375049829483,87,19
0.0013346672058105469,positive,10.0,10.0,0.016207607463002205,0.3581930100917816,0.08824571967124939,-0.24579741060733795,87,20
0.0014357566833496094,positive,10.0,10.0,0.03441048786044121,0.35576003789901733,0.073141910135746,-0.19165702164173126,87,22
0.0014808177947998047,positive,10.0,10.0,0.04152568802237511,0.549763560295105,0.06930877268314362,-0.46039971709251404,87,23
0.0015246868133544922,positive,10.0,10.0,0.052520960569381714,0.35373392701148987,0.06010077893733978,-0.14670075476169586,87,24
0.0018439292907714844,positive,10.0,10.0,0.06739609688520432,0.34791299700737,0.08921560645103455,-0.018097035586833954,87,30
0.001890420913696289,positive,10.0,10.0,0.07435435801744461,0.5416497588157654,0.08885366469621658,-0.281351774930954,87,31
0.0019352436065673828,positive,10.0,10.0,0.08518735319375992,0.34538012742996216,0.08322662860155106,0.0379798524081707,87,32
0.0019795894622802734,positive,10.0,10.0,0.09209495037794113,0.5392161011695862,0.08398622274398804,-0.22732730209827423,87,33
0.002024412155151367,positive,10.0,10.0,0.10287927091121674,0.7330436110496521,0.079439677298069,-0.49238088726997375,87,34
0.0021867752075195312,positive,10.0,10.0,0.13509508967399597,0.14484792947769165,0.06883776932954788,0.45081812143325806,87,37
0.0022335052490234375,positive,10.0,10.0,0.13799205422401428,-0.051176637411117554,0.07785413414239883,0.764380931854248,87,38
0.0022776126861572266,positive,10.0,10.0,0.13696852326393127,0.1427917629480362,0.09314174950122833,0.4971756339073181,87,39
0.0028276443481445312,positive,10.0,10.0,0.2538813054561615,0.9080105423927307,0.08841130882501602,-0.3401924967765808,87,49
0.0028717517852783203,positive,10.0,10.0,0.2720414996147156,0.7117491960525513,0.08160746097564697,-0.020991170778870583,87,50
0.0030319690704345703,positive,10.0,10.0,0.3185773491859436,0.903394877910614,0.07605646550655365,-0.23766310513019562,87,53
0.0032444000244140625,positive,10.0,10.0,0.3907255530357361,0.5094653964042664,0.05977584049105644,0.4304138720035553,87,57
0.0032880306243896484,positive,10.0,10.0,0.40091484785079956,0.31355020403862,0.06838411837816238,0.7413254976272583,87,58
0.0035552978515625,negative,10.0,-10.0,0.4242495894432068,0.11213358491659164,0.1592525690793991,1.1843985319137573,87,63
0.0035991668701171875,negative,10.0,-10.0,0.42649227380752563,-0.08465472608804703,0.1829405426979065,1.5224684476852417,87,64
0.0003688335418701172,positive,10.0,10.0,-0.019067101180553436,-0.1815846860408783,0.030035853385925293,0.3423007130622864,88,1
0.0007290840148925781,positive,10.0,10.0,-0.025846971198916435,-0.1837141364812851,0.04699086397886276,0.3895190954208374,88,5
0.000965118408203125,positive,10.0,10.0,-0.033010084182024,0.009117727167904377,0.06545083224773407,0.1472892314195633,88,8
0.0011129379272460938,positive,10.0,10.0,-0.036565277725458145,0.00721439253538847,0.07759424299001694,0.18951721489429474,88,10
0.0015065670013427734,positive,10.0,10.0,-0.020468566566705704,0.19645200669765472,0.07824449986219406,0.02616371214389801,88,15
0.0018181800842285156,positive,10.0,10.0,0.01071756612509489,0.19222775101661682,0.05994464084506035,0.11946969479322433,88,19
0.0019664764404296875,positive,10.0,10.0,0.014488130807876587,0.190486878156662,0.0709429532289505,0.15804634988307953,88,21
0.002115011215209961,positive,10.0,10.0,0.018186362460255623,0.18842609226703644,0.08354867249727249,0.20380273461341858,88,23
0.0023415088653564453,positive,10.0,10.0,0.04112055525183678,0.3797844350337982,0.07989273220300674,-0.006570899393409491,88,26
0.0024063587188720703,positive,10.0,10.0,0.04871624335646629,0.5736750960350037,0.0797613114118576,-0.2730157673358917,88,27
0.002634763717651367,positive,10.0,10.0,0.08697102218866348,0.375520795583725,0.05902319774031639,0.08764520287513733,88,30
0.002699613571166992,positive,10.0,10.0,0.0944814383983612,0.1796046644449234,0.06077610328793526,0.39835041761398315,88,31
0.0030126571655273438,positive,10.0,10.0,0.11654184013605118,0.5657137632369995,0.0834231749176979,-0.09681426733732224,88,35
0.003160715103149414,positive,10.0,10.0,0.14304706454277039,0.5633671879768372,0.07424578815698624,-0.04483114928007126,88,37
0.0032258033752441406,positive,10.0,10.0,0.15431439876556396,0.7573503255844116,0.07334916293621063,-0.31319597363471985,88,38
0.003454446792602539,positive,10.0,10.0,0.1879916489124298,0.1692369133234024,0.07341418415307999,0.6278316378593445,88,41
0.003599882125854492,positive,10.0,10.0,0.1986416131258011,0.5570629239082336,0.09315367788076401,0.09475887566804886,88,43
0.0037453174591064453,positive,10.0,10.0,0.2247975766658783,0.9443768262863159,0.09170601516962051,-0.4283914268016815,88,45
0.0039861202239990234,positive,10.0,10.0,0.2696842849254608,0.7457514405250549,0.08516179025173187,-0.0566360205411911,88,48
0.004292726516723633,positive,10.0,10.0,0.3370027542114258,1.131206750869751,0.0721258893609047,-0.5378061532974243,88,52
0.004437685012817383,positive,10.0,10.0,0.3783298432826996,0.7392058968544006,0.05690382421016693,0.0880952849984169,88,54
0.004747629165649414,positive,10.0,10.0,0.42175960540771484,0.3453851044178009,0.08955992758274078,0.7547950744628906,88,58
0.00497746467590332,negative,10.0,-10.0,0.43070656061172485,-0.24363189935684204,0.1540985107421875,1.7271836996078491,88,61
0.00504302978515625,negative,10.0,-10.0,0.42583394050598145,-0.44014355540275574,0.18864218890666962,2.063584089279175,88,62
0.00026345252990722656,positive,10.0,10.0,-0.011040367186069489,0.03838687762618065,0.043055105954408646,0.0332988016307354,89,0
0.0003705024719238281,positive,10.0,10.0,-0.01027262955904007,-0.15732520818710327,0.04372108355164528,0.3392491638660431,89,1
0.0007185935974121094,positive,10.0,10.0,-0.015135565772652626,-0.1602267175912857,0.06095460429787636,0.4036377966403961,89,5
0.0007836818695068359,positive,10.0,10.0,-0.0183400996029377,0.03398016840219498,0.0690273568034172,0.13077802956104279,89,6
0.0009286403656005859,positive,10.0,10.0,-0.02090167999267578,0.031979840248823166,0.08053121715784073,0.17514781653881073,89,8
0.0010759830474853516,positive,10.0,10.0,-0.015744835138320923,0.4196856617927551,0.08221251517534256,-0.35611486434936523,89,10
0.0012218952178955078,positive,10.0,10.0,-0.0028811832889914513,0.41746625304222107,0.07431656867265701,-0.3067607879638672,89,12
0.0012848377227783203,positive,10.0,10.0,0.005468141753226519,0.22136832773685455,0.0681813508272171,0.008403166197240353,89,13
0.0015096664428710938,positive,10.0,10.0,0.014790743589401245,0.41339796781539917,0.07581382989883423,-0.2167561948299408,89,16
0.0015740394592285156,positive,10.0,10.0,0.023058703169226646,0.6073588728904724,0.0714787021279335,-0.48459386825561523,89,17
0.0016355514526367188,positive,10.0,10.0,0.03520587831735611,0.4113048017024994,0.06178682669997215,-0.17026691138744354,89,18
0.0017790794372558594,positive,10.0,10.0,0.04773908481001854,0.01944802887737751,0.06120648980140686,0.45176494121551514,89,20
0.0020062923431396484,positive,10.0,10.0,0.05275311693549156,0.21160759031772614,0.08368099480867386,0.22443987429141998,89,23
0.002070903778076172,positive,10.0,10.0,0.056985270231962204,0.015395532362163067,0.08816979080438614,0.542301595211029,89,24
0.002458810806274414,positive,10.0,10.0,0.09725069254636765,0.9832890629768372,0.09024082124233246,-0.7564972043037415,89,29
0.002766847610473633,positive,10.0,10.0,0.17578177154064178,0.5895106196403503,0.032741889357566833,-0.0895770713686943,89,33
0.0028328895568847656,positive,10.0,10.0,0.18757198750972748,0.7841483354568481,0.03095034696161747,-0.3717527687549591,89,34
0.0033028125762939453,positive,10.0,10.0,0.32452887296676636,1.564867377281189,-0.07656987756490707,-1.5503261089324951,89,40
0.00027251243591308594,positive,10.0,10.0,0.011418752372264862,-0.04581163823604584,-0.0225325059145689,-0.025953462347388268,90,0
0.0003876686096191406,positive,10.0,10.0,0.010502520017325878,-0.24060332775115967,-0.02305157482624054,0.25953590869903564,90,1
0.0006470680236816406,positive,10.0,10.0,-1.317395617661532e-05,-0.4348717927932739,-0.013734076172113419,0.5334036350250244,90,4
0.0009672641754150391,positive,10.0,10.0,-0.05040280148386955,-0.8255246877670288,0.05213714390993118,1.1286602020263672,90,8
0.0011167526245117188,positive,10.0,10.0,-0.07953575253486633,-0.43709462881088257,0.091765858232975,0.5844890475273132,90,10
0.0014297962188720703,negative,10.0,-10.0,-0.12246862798929214,-0.4432941973209381,0.15396109223365784,0.7269068360328674,90,14
0.0014946460723876953,negative,10.0,-10.0,-0.13133451342582703,-0.25059807300567627,0.16849923133850098,0.4863676130771637,90,15
0.0018069744110107422,negative,10.0,-10.0,-0.13609544932842255,0.12887385487556458,0.19092172384262085,0.13439403474330902,90,19
0.0018715858459472656,negative,10.0,-10.0,-0.13351796567440033,0.3208213448524475,0.19360961019992828,-0.09250499308109283,90,20
0.0019364356994628906,negative,10.0,-10.0,-0.12710154056549072,0.5127173662185669,0.19175951182842255,-0.3184046745300293,90,21
0.0020003318786621094,negative,10.0,-10.0,-0.1168471947312355,0.3154553174972534,0.1853914111852646,0.028097158297896385,90,22
0.0020644664764404297,negative,10.0,-10.0,-0.11053808778524399,0.5075016617774963,0.18595334887504578,-0.20084266364574432,90,23
0.0021300315856933594,negative,10.0,-10.0,-0.1003880500793457,0.6995447874069214,0.18193650245666504,-0.42958545684814453,90,24
0.002193927764892578,negative,10.0,-10.0,-0.08639715611934662,0.8916870355606079,0.17334479093551636,-0.6598471999168396,90,25
0.0024194717407226562,negative,10.0,-10.0,-0.04471813142299652,0.690253734588623,0.15420043468475342,-0.2198716402053833,90,28
0.002485513687133789,negative,10.0,-10.0,-0.030913056805729866,0.8828738927841187,0.14980299770832062,-0.4602181315422058,90,29
0.0025513172149658203,negative,10.0,-10.0,-0.013255578465759754,1.0755962133407593,0.14059863984584808,-0.7021864652633667,90,30
0.003667593002319336,positive,10.0,10.0,0.23413614928722382,1.052810549736023,0.088961660861969,-0.19266000390052795,90,44
0.003894329071044922,positive,10.0,10.0,0.3011302351951599,1.2442950010299683,0.07323318719863892,-0.40553221106529236,90,47
0.0041234493255615234,positive,10.0,10.0,0.36402490735054016,0.6562560200691223,0.0677449181675911,0.5337700247764587,90,50
0.004511356353759766,negative,10.0,-10.0,0.3904280364513397,-0.3248571455478668,0.1845422387123108,2.1463851928710938,90,55
0.0005466938018798828,positive,10.0,10.0,-0.04806278645992279,0.20515696704387665,0.02083093486726284,-0.2378474324941635,91,3
0.0006992816925048828,positive,10.0,10.0,-0.04376477375626564,-0.1856049746274948,0.017300639301538467,0.3590434193611145,91,5
0.0008451938629150391,positive,10.0,10.0,-0.04729153588414192,-0.1861974000930786,0.02591882087290287,0.37217092514038086,91,7
0.0009083747863769531,positive,10.0,10.0,-0.05101548507809639,0.008546930737793446,0.033362239599227905,0.08777182549238205,91,8
0.0012981891632080078,positive,10.0,10.0,-0.058070432394742966,-0.1895311027765274,0.05617058649659157,0.4462217092514038,91,13
0.0013637542724609375,positive,10.0,10.0,-0.061861053109169006,0.004753077868372202,0.06509502232074738,0.17176055908203125,91,14
0.00142669677734375,positive,10.0,10.0,-0.061765991151332855,-0.19123724102973938,0.06853023171424866,0.4842478036880493,91,15
0.0017354488372802734,positive,10.0,10.0,-0.053785666823387146,0.19444222748279572,0.07505876570940018,-0.0014409312279894948,91,19
0.0018019676208496094,positive,10.0,10.0,-0.04989682137966156,0.3884119689464569,0.07502994686365128,-0.2695297598838806,91,20
0.0020287036895751953,positive,10.0,10.0,-0.03835738077759743,0.1903078407049179,0.07774938642978668,0.09003210812807083,91,23
0.002093791961669922,positive,10.0,10.0,-0.0345512256026268,0.3842342495918274,0.07955003529787064,-0.17714343965053558,91,24
0.0021567344665527344,positive,10.0,10.0,-0.02686653845012188,0.5781329870223999,0.0760071650147438,-0.4437086880207062,91,25
0.002222299575805664,positive,10.0,10.0,-0.015303879044950008,0.382022500038147,0.06713298708200455,-0.12806767225265503,91,26
0.0022859573364257812,positive,10.0,10.0,-0.007663429249078035,0.5761216878890991,0.06457163393497467,-0.3988384008407593,91,27
0.0023488998413085938,positive,10.0,10.0,0.003859005169942975,0.38014599680900574,0.05659486725926399,-0.08651658147573471,91,28
0.0025751590728759766,positive,10.0,10.0,0.014915112406015396,0.18263842165470123,0.06999283283948898,0.25953105092048645,91,31
0.00272369384765625,positive,10.0,10.0,0.01829969510436058,-0.20950037240982056,0.08665233105421066,0.8888325095176697,91,33
0.0030329227447509766,negative,10.0,-10.0,-0.014216389507055283,-0.2158537060022354,0.18481692671775818,1.0420994758605957,91,37
0.0030972957611083984,negative,10.0,-10.0,-0.018533462658524513,-0.023602701723575592,0.2056589275598526,0.8126614689826965,91,38
0.000247955322265625,positive,10.0,10.0,-0.00474893394857645,0.028035800904035568,-0.028479689732193947,-0.005692870821803808,92,0
0.0005121231079101562,positive,10.0,10.0,-0.014748925343155861,-0.16593144834041595,-0.011808161623775959,0.2615486979484558,92,3
0.0005779266357421875,positive,10.0,10.0,-0.018067553639411926,-0.36088287830352783,-0.006577187683433294,0.5504839420318604,92,4
0.0008039474487304688,positive,10.0,10.0,-0.03581567853689194,-0.16586756706237793,0.020543484017252922,0.26015403866767883,92,7
0.0010285377502441406,positive,10.0,10.0,-0.049689069390296936,-0.3621542751789093,0.042427144944667816,0.5788823962211609,92,10
0.001093149185180664,positive,10.0,10.0,-0.056932155042886734,-0.16765178740024567,0.054004792124032974,0.29986104369163513,92,11
0.0011682510375976562,positive,10.0,10.0,-0.06028519198298454,0.026660466566681862,0.06000201404094696,0.024687282741069794,92,12
0.0012340545654296875,positive,10.0,10.0,-0.059751980006694794,0.2208728939294815,0.060495760291814804,-0.24847710132598877,92,13
0.001382589340209961,positive,10.0,10.0,-0.054835692048072815,-0.17093077301979065,0.05677936226129532,0.3723292052745819,92,15
0.0016100406646728516,positive,10.0,10.0,-0.06904328614473343,0.021299131214618683,0.08608455955982208,0.14341814815998077,92,18
0.0019953250885009766,positive,10.0,10.0,-0.04375692456960678,0.2103678286075592,0.07088956981897354,-0.016305463388562202,92,23
0.002060413360595703,positive,10.0,10.0,-0.0395495668053627,0.014304607175290585,0.07056346535682678,0.29787477850914,92,24
0.0022857189178466797,positive,10.0,10.0,-0.02705041877925396,0.5962403416633606,0.0722992867231369,-0.5067446827888489,92,27
0.0024306774139404297,positive,10.0,10.0,-0.00712205097079277,0.20422445237636566,0.058320749551057816,0.11944509297609329,92,29
0.0025794506072998047,positive,10.0,10.0,-0.0028712116181850433,0.20252956449985504,0.06930850446224213,0.15699876844882965,92,31
0.0027265548706054688,positive,10.0,10.0,0.0013091251021251082,0.20051509141921997,0.08186280727386475,0.20171955227851868,92,33
0.003040313720703125,positive,10.0,10.0,0.03280934318900108,0.5858714580535889,0.0778403952717781,-0.27740347385406494,92,37
0.003265380859375,positive,10.0,10.0,0.07179764658212662,0.3877990245819092,0.05680122226476669,0.0814019963145256,92,40
0.0033299922943115234,positive,10.0,10.0,0.07955362647771835,0.1919107735157013,0.058429259806871414,0.39145106077194214,92,41
0.0035533905029296875,positive,10.0,10.0,0.09491801261901855,0.38423794507980347,0.07722476124763489,0.1602879911661148,92,44
0.003698110580444336,positive,10.0,10.0,0.1141662523150444,0.7720569968223572,0.07828916609287262,-0.37333083152770996,92,46
0.0038433074951171875,positive,10.0,10.0,0.14112569391727448,0.37985309958457947,0.0696820318698883,0.2571345567703247,92,48
0.003906726837158203,positive,10.0,10.0,0.14872276782989502,0.1838090568780899,0.07482472062110901,0.5709568858146667,92,49
0.003969669342041016,positive,10.0,10.0,0.152398943901062,0.3778063654899597,0.08624386042356491,0.30275312066078186,92,50
0.0040357112884521484,positive,10.0,10.0,0.15995506942272186,0.571600079536438,0.09229891747236252,0.038467250764369965,92,51
0.004344940185546875,positive,10.0,10.0,0.2211262285709381,0.9566189050674438,0.07555197179317474,-0.43321794271469116,92,55
0.004410266876220703,positive,10.0,10.0,0.2402586042881012,0.7605131268501282,0.06688760966062546,-0.11770724505186081,92,56
0.004555463790893555,positive,10.0,10.0,0.26675885915756226,0.3685168921947479,0.06843958050012589,0.5076276659965515,92,58
0.004783153533935547,positive,10.0,10.0,0.3005119860172272,0.9503615498542786,0.08274518698453903,-0.29489004611968994,92,61
0.005012035369873047,positive,10.0,10.0,0.3535645604133606,1.1420416831970215,0.07240574061870575,-0.5121155977249146,92,64
0.005160808563232422,positive,10.0,10.0,0.4031268358230591,1.5302878618240356,0.04654080048203468,-1.0536266565322876,92,66
0.0052297115325927734,positive,10.0,10.0,0.4337325990200043,1.7247629165649414,0.025468265637755394,-1.3313453197479248,92,67
0.005297422409057617,positive,10.0,10.0,0.4682278633117676,1.919554591178894,-0.0011586410691961646,-1.6159511804580688,92,68
0.0053632259368896484,positive,10.0,10.0,0.5066189765930176,1.7244462966918945,-0.03347766399383545,-1.32362961769104,92,69
0.005921602249145508,negative,10.0,-10.0,0.6977095007896423,1.5376479625701904,-0.15187488496303558,-1.2262935638427734,92,76
0.006067991256713867,negative,10.0,-10.0,0.7631496787071228,1.541735053062439,-0.20764975249767303,-1.3295847177505493,92,78
0.0002548694610595703,positive,10.0,10.0,-0.025807775557041168,0.04637578874826431,0.0396064817905426,0.004456095397472382,93,0
0.0003590583801269531,positive,10.0,10.0,-0.024880260229110718,-0.14929112792015076,0.03969560191035271,0.3093675673007965,93,1
0.0011684894561767578,positive,10.0,10.0,-0.020277338102459908,0.23255738615989685,0.06343618780374527,-0.09121143817901611,93,11
0.0013937950134277344,positive,10.0,10.0,-0.0180816613137722,0.03477437421679497,0.07667290419340134,0.26108694076538086,93,14
0.0017147064208984375,positive,10.0,10.0,0.007968826219439507,0.4203391671180725,0.06556018441915512,-0.22231702506542206,93,18
0.0018668174743652344,positive,10.0,10.0,0.02086249738931656,0.028402116149663925,0.06291992962360382,0.4016254246234894,93,20
0.001931905746459961,positive,10.0,10.0,0.021430538967251778,0.22257781028747559,0.07095243781805038,0.12942451238632202,93,21
0.0022482872009277344,positive,10.0,10.0,0.039110369980335236,0.6081673502922058,0.08410145342350006,-0.3549805283546448,93,25
0.0023152828216552734,positive,10.0,10.0,0.05127371475100517,0.4119565784931183,0.07700183987617493,-0.037007927894592285,93,26
0.0023827552795410156,positive,10.0,10.0,0.059512846171855927,0.21581971645355225,0.07626168429851532,0.2789417803287506,93,27
0.0029342174530029297,positive,10.0,10.0,0.13997548818588257,0.4037031829357147,0.049706168472766876,0.14532792568206787,93,34
0.003082275390625,positive,10.0,10.0,0.15220767259597778,0.4022459387779236,0.061678096652030945,0.177622988820076,93,36
0.003145933151245117,positive,10.0,10.0,0.16025258600711823,0.20629805326461792,0.06523055583238602,0.48910781741142273,93,37
0.003208160400390625,positive,10.0,10.0,0.1643785536289215,0.4004420042037964,0.07501271367073059,0.21767541766166687,93,38
0.0032711029052734375,positive,10.0,10.0,0.17238739132881165,0.5944159626960754,0.07936622202396393,-0.05043421685695648,93,39
0.003495931625366211,positive,10.0,10.0,0.21188542246818542,0.7861891388893127,0.07200177013874054,-0.26984965801239014,93,42
0.0035619735717773438,positive,10.0,10.0,0.22760920226573944,0.9802137017250061,0.06660477817058563,-0.5389821529388428,93,43
0.003626585006713867,positive,10.0,10.0,0.2472134679555893,0.7842217683792114,0.0558251328766346,-0.22607874870300293,93,44
0.003850698471069336,positive,10.0,10.0,0.2825154662132263,0.5868615508079529,0.060819026082754135,0.11657506227493286,93,47
0.003914594650268555,positive,10.0,10.0,0.2942526936531067,0.39092326164245605,0.06315052509307861,0.42780882120132446,93,48
0.004465341567993164,positive,10.0,10.0,0.39148253202438354,0.5791595578193665,0.06794912368059158,0.28687575459480286,93,55
0.004855155944824219,negative,10.0,-10.0,0.4101797938346863,-0.40180402994155884,0.15980003774166107,1.8867487907409668,93,60
0.0049228668212890625,negative,10.0,-10.0,0.4021437168121338,-0.5982623100280762,0.19753500819206238,2.2244632244110107,93,61
0.0002601146697998047,positive,10.0,10.0,0.04171924665570259,0.03379674255847931,-0.008795153349637985,-0.03197198733687401,94,0
0.0003497600555419922,positive,10.0,10.0,0.04239518195390701,-0.1611979901790619,-0.009434593841433525,0.25792303681373596,94,1
0.0005092620849609375,positive,10.0,10.0,0.03204754367470741,-0.16100221872329712,0.0066761733032763,0.25358814001083374,94,3
0.0006570816040039062,positive,10.0,10.0,0.021703120321035385,-0.16126389801502228,0.02271532453596592,0.25941091775894165,94,5
0.0008041858673095703,positive,10.0,10.0,0.011343790218234062,-0.16198323667049408,0.03908696398139,0.2754082977771759,94,7
0.0008690357208251953,positive,10.0,10.0,0.00810412596911192,-0.35764041543006897,0.044595129787921906,0.5801585912704468,94,8
0.0009324550628662109,positive,10.0,10.0,0.0009513173718005419,-0.16317082941532135,0.056198302656412125,0.3018507957458496,94,9
0.001077413558959961,positive,10.0,10.0,-0.0016899592010304332,-0.1648496836423874,0.06278347223997116,0.33905908465385437,94,11
0.0014047622680664062,positive,10.0,10.0,-0.007188358809798956,0.2212400734424591,0.08073518425226212,-0.15581727027893066,94,15
0.0015492439270019531,positive,10.0,10.0,0.005538818892091513,0.21898792684078217,0.06917928159236908,-0.10587015002965927,94,17
0.0016133785247802734,positive,10.0,10.0,0.00991857796907425,0.022946305572986603,0.0670618787407875,0.2078114002943039,94,18
0.0018417835235595703,positive,10.0,10.0,0.007335830945521593,0.21485073864459991,0.08666463941335678,-0.014403784647583961,94,21
0.002069711685180664,positive,10.0,10.0,0.03185384348034859,0.40626105666160583,0.06995043158531189,-0.22576302289962769,94,24
0.002213716506958008,positive,10.0,10.0,0.04418332129716873,0.014216845855116844,0.06719794869422913,0.4007278382778168,94,26
0.0022764205932617188,positive,10.0,10.0,0.044467657804489136,0.20832446217536926,0.0752125084400177,0.1299648880958557,94,27
0.002338886260986328,positive,10.0,10.0,0.04863414540886879,0.4022929072380066,0.07781180739402771,-0.1380736082792282,94,28
0.002402067184448242,positive,10.0,10.0,0.05668000504374504,0.5962191224098206,0.07505033165216446,-0.4052291810512543,94,29
0.0027883052825927734,positive,10.0,10.0,0.10050245374441147,0.006444959435611963,0.062214333564043045,0.5722780227661133,94,34
0.0029358863830566406,positive,10.0,10.0,0.10464419424533844,0.004551541525870562,0.07965639978647232,0.6147997975349426,94,36
0.002999544143676758,positive,10.0,10.0,0.10473522543907166,0.1984754353761673,0.09195239841938019,0.3482305407524109,94,37
0.0035469532012939453,positive,10.0,10.0,0.18265150487422943,0.7743724584579468,0.07761990278959274,-0.3234202563762665,94,44
0.003610849380493164,positive,10.0,10.0,0.19813895225524902,0.5782360434532166,0.0711514949798584,-0.007304028142243624,94,45
0.003834247589111328,positive,10.0,10.0,0.22887130081653595,0.7701475024223328,0.07789407670497894,-0.2298998236656189,94,48
0.0038979053497314453,positive,10.0,10.0,0.24427425861358643,0.964074969291687,0.07329608500003815,-0.49703124165534973,94,49
0.00404047966003418,positive,10.0,10.0,0.27891576290130615,0.572031557559967,0.05971187725663185,0.12979820370674133,94,51
0.004106760025024414,positive,10.0,10.0,0.2903563976287842,0.3761073350906372,0.06230784207582474,0.44070565700531006,94,52
0.0041713714599609375,positive,10.0,10.0,0.29787853360176086,0.1801614910364151,0.0711219534277916,0.7523607015609741,94,53
0.004235744476318359,positive,10.0,10.0,0.3014817535877228,0.3742344081401825,0.08616916835308075,0.48287948966026306,94,54
0.004543304443359375,positive,10.0,10.0,0.35466521978378296,0.758837878704071,0.0933111384510994,0.020390929654240608,94,58
0.004768848419189453,positive,10.0,10.0,0.4118155539035797,0.9499183297157288,0.07882653176784515,-0.18384748697280884,94,61
0.004834175109863281,positive,10.0,10.0,0.4308139383792877,1.143829107284546,0.07514958083629608,-0.4506594240665436,94,62
0.004899024963378906,positive,10.0,10.0,0.4536905288696289,0.947729229927063,0.06613638997077942,-0.13526660203933716,94,63
0.004963397979736328,positive,10.0,10.0,0.472645103931427,0.7517253756523132,0.06343106180429459,0.1775263547897339,94,64
0.005112648010253906,positive,10.0,10.0,0.4987947344779968,0.7498719096183777,0.07677210867404938,0.21868234872817993,94,66
0.005184650421142578,positive,10.0,10.0,0.5137921571731567,0.9438172578811646,0.0811457559466362,-0.048829931765794754,94,67
0.0052490234375,positive,10.0,10.0,0.5326685309410095,1.1376875638961792,0.08016915619373322,-0.31484779715538025,94,68
0.005312204360961914,positive,10.0,10.0,0.5554222464561462,0.9415205717086792,0.07387220114469528,0.0020020809024572372,94,69
0.005457162857055664,positive,10.0,10.0,0.5969628691673279,1.3295031785964966,0.0685824528336525,-0.5349745750427246,94,71
0.005523204803466797,positive,10.0,10.0,0.6235529184341431,1.523597002029419,0.05788296461105347,-0.8052835464477539,94,72
0.00558781623840332,positive,10.0,10.0,0.6540248394012451,1.3277313709259033,0.041777294129133224,-0.4949690103530884,94,73
0.005734443664550781,positive,10.0,10.0,0.711024284362793,1.7169092893600464,0.01639394462108612,-1.0566834211349487,94,75
0.0057985782623291016,positive,10.0,10.0,0.7453624606132507,1.9118101596832275,-0.00473972549661994,-1.344175934791565,94,76
0.0058634281158447266,positive,10.0,10.0,0.7835986614227295,2.1069915294647217,-0.031623244285583496,-1.6383379697799683,94,77
0.00592803955078125,positive,10.0,10.0,0.8257384896278381,1.9122542142868042,-0.06439000368118286,-1.3556737899780273,94,78
0.0059909820556640625,positive,10.0,10.0,0.8639835715293884,2.1081223487854004,-0.09150347858667374,-1.6677846908569336,94,79
0.006137847900390625,negative,10.0,-10.0,0.9444295763969421,1.7208056449890137,-0.15295810997486115,-1.1537625789642334,94,81
0.0062885284423828125,negative,10.0,-10.0,1.0094051361083984,1.3356131315231323,-0.19428706169128418,-0.680091381072998,94,83
0.006354570388793945,negative,10.0,-10.0,1.036117434501648,1.1436443328857422,-0.2078888863325119,-0.45431771874427795,94,84
0.0008096694946289062,positive,10.0,10.0,0.010155369527637959,-0.35965076088905334,-0.006465621292591095,0.5275448560714722,95,6
0.0008769035339355469,positive,10.0,10.0,0.002962354104965925,-0.16443844139575958,0.00408527534455061,0.23283158242702484,95,7
0.0011036396026611328,positive,10.0,10.0,-0.010811198502779007,-0.36001265048980713,0.02401561103761196,0.5355857014656067,95,10
0.001249074935913086,positive,10.0,10.0,-0.021316181868314743,-0.3608366847038269,0.03973863646388054,0.5539968013763428,95,12
0.001312255859375,positive,10.0,10.0,-0.02853291481733322,-0.1662946343421936,0.05081856995820999,0.2740941643714905,95,13
0.001617431640625,positive,10.0,10.0,-0.04193159565329552,0.2202630192041397,0.07485494762659073,-0.23098286986351013,95,17
0.0016818046569824219,positive,10.0,10.0,-0.03752633556723595,0.41423994302749634,0.07023528963327408,-0.4991466701030731,95,18
0.001744985580444336,positive,10.0,10.0,-0.02924153581261635,0.608305037021637,0.0602523572742939,-0.7688944339752197,95,19
0.0018992424011230469,positive,10.0,10.0,-0.008827278390526772,0.6068676114082336,0.03571690246462822,-0.7360856533050537,95,21
0.0019664764404296875,positive,10.0,10.0,0.003310072934255004,0.8014784455299377,0.020995188504457474,-1.017317295074463,95,22
0.002031087875366211,positive,10.0,10.0,0.01933964155614376,0.996314287185669,0.000648843590170145,-1.3033344745635986,95,23
0.002257108688354492,positive,10.0,10.0,0.08302681893110275,1.192415714263916,-0.08355739712715149,-1.6212266683578491,95,26
0.0025663375854492188,negative,10.0,-10.0,0.15517818927764893,0.8088409900665283,-0.18226245045661926,-1.1965832710266113,95,30
0.002630949020385742,negative,10.0,-10.0,0.1713550090789795,0.6164846420288086,-0.20619411766529083,-0.9661169648170471,95,31
0.00026988983154296875,positive,10.0,10.0,-0.031153403222560883,-0.03781604766845703,-0.04375386983156204,-0.0354921817779541,96,0
0.0007994174957275391,positive,10.0,10.0,-0.06283397227525711,-0.42522358894348145,-0.01085820235311985,0.487403929233551,96,6
0.0008666515350341797,positive,10.0,10.0,-0.07133844494819641,-0.22995012998580933,-0.001110123936086893,0.19131875038146973,96,7
0.0010123252868652344,positive,10.0,10.0,-0.08443857729434967,-0.22997267544269562,0.01238927710801363,0.19182567298412323,96,9
0.0010886192321777344,positive,10.0,10.0,-0.08903802931308746,-0.4252696633338928,0.016225790604948997,0.4883910119533539,96,10
0.0011532306671142578,positive,10.0,10.0,-0.09754341840744019,-0.2303803414106369,0.02599360980093479,0.20086568593978882,96,11
0.0012197494506835938,positive,10.0,10.0,-0.10215102881193161,-0.42586421966552734,0.030010923743247986,0.5016337037086487,96,12
0.0014491081237792969,positive,10.0,10.0,-0.12382884323596954,-0.23237904906272888,0.05488671362400055,0.24523504078388214,96,15
0.0015141963958740234,positive,10.0,10.0,-0.12847642600536346,-0.42824020981788635,0.05979141592979431,0.5547129511833191,96,16
0.001580953598022461,positive,10.0,10.0,-0.13704122602939606,-0.23400653898715973,0.07088567316532135,0.2814512848854065,96,17
0.0016465187072753906,positive,10.0,10.0,-0.14172135293483734,-0.43006426095962524,0.07651469856500626,0.5956222414970398,96,18
0.002040863037109375,positive,10.0,10.0,-0.14596636593341827,0.14863274991512299,0.08318659663200378,-0.13734453916549683,96,23
0.002105236053466797,positive,10.0,10.0,-0.14299370348453522,0.34247079491615295,0.08043970167636871,-0.40266749262809753,96,24
0.002170562744140625,positive,10.0,10.0,-0.13614429533481598,0.14630556106567383,0.07238635420799255,-0.08574734628200531,96,25
0.0023179054260253906,positive,10.0,10.0,-0.1264117956161499,0.5343689322471619,0.06357654929161072,-0.6243306398391724,96,27
0.0023827552795410156,positive,10.0,10.0,-0.11572442203760147,0.33841970562934875,0.05108993873000145,-0.31232166290283203,96,28
0.0024497509002685547,positive,10.0,10.0,-0.10895602405071259,0.5327779650688171,0.04484350606799126,-0.5884647965431213,96,29
0.0025148391723632812,positive,10.0,10.0,-0.09830046445131302,0.3370577096939087,0.033074211329221725,-0.2819999158382416,96,30
0.0025801658630371094,positive,10.0,10.0,-0.09155931323766708,0.1414799839258194,0.0274342130869627,0.02092827297747135,96,31
0.0027365684509277344,positive,10.0,10.0,-0.08200575411319733,0.14068976044654846,0.022593295201659203,0.03836207836866379,96,33
0.002801656723022461,positive,10.0,10.0,-0.07919195294380188,-0.0547487773001194,0.023360535502433777,0.33808693289756775,96,34
0.0028645992279052734,positive,10.0,10.0,-0.08028693497180939,0.14003309607505798,0.03012227453291416,0.05286119505763054,96,35
0.0030088424682617188,positive,10.0,10.0,-0.07859642058610916,0.13915754854679108,0.03827737271785736,0.07220329344272614,96,37
0.0033164024353027344,positive,10.0,10.0,-0.07533665746450424,0.13666905462741852,0.05727245658636093,0.12724660336971283,96,41
0.0034635066986083984,positive,10.0,10.0,-0.07378777116537094,0.13500188291072845,0.06856607645750046,0.1641913503408432,96,43
0.003528118133544922,positive,10.0,10.0,-0.07108773291110992,-0.06103118881583214,0.07184989750385284,0.4776926636695862,96,44
0.0035920143127441406,positive,10.0,10.0,-0.07230835407972336,0.13300669193267822,0.08140375465154648,0.20849250257015228,96,45
0.003657817840576172,positive,10.0,10.0,-0.06964822113513947,0.3268759846687317,0.08557360619306564,-0.05744218826293945,96,46
0.004045248031616211,positive,10.0,10.0,-0.037206750363111496,0.5157303810119629,0.08527407050132751,-0.21247896552085876,96,51
0.004109859466552734,positive,10.0,10.0,-0.026892144232988358,0.7095361351966858,0.08102449774742126,-0.47709113359451294,96,52
0.004256248474121094,positive,10.0,10.0,-0.002434034598991275,0.7073988914489746,0.06828245520591736,-0.42931416630744934,96,54
0.004324674606323242,positive,10.0,10.0,0.01171394344419241,0.9014908075332642,0.05969616770744324,-0.6997141242027283,96,55
0.004471540451049805,positive,10.0,10.0,0.04385564476251602,0.5098544359207153,0.037924837321043015,-0.08211760967969894,96,57
0.0046977996826171875,positive,10.0,10.0,0.06270870566368103,0.31311455368995667,0.05125196650624275,0.24661272764205933,96,60
0.004843235015869141,positive,10.0,10.0,0.07131698727607727,0.31158944964408875,0.06728444248437881,0.28054553270339966,96,62
0.0049076080322265625,positive,10.0,10.0,0.07754877954721451,0.11557544022798538,0.0728953555226326,0.5936679840087891,96,63
0.005052089691162109,positive,10.0,10.0,0.08605239540338516,0.5034245252609253,0.09126488119363785,0.06001562625169754,96,65
0.005196094512939453,positive,10.0,10.0,0.11006343364715576,0.8908137083053589,0.08841449022293091,-0.46467718482017517,96,67
0.0052602291107177734,positive,10.0,10.0,0.12787970900535583,0.6945609450340271,0.0791209489107132,-0.14548784494400024,96,68
0.00548553466796875,positive,10.0,10.0,0.17338725924491882,0.4963240921497345,0.06603732705116272,0.21683326363563538,96,71
0.0055522918701171875,positive,10.0,10.0,0.1833137422800064,0.3003232777118683,0.07037398964166641,0.5295944809913635,96,72
0.0056171417236328125,positive,10.0,10.0,0.18932020664215088,0.4943883419036865,0.08096588402986526,0.2598903477191925,96,73
0.005846261978149414,positive,10.0,10.0,0.23061439394950867,0.6858164072036743,0.08062978833913803,0.048033665865659714,96,76
0.0062329769134521484,positive,10.0,10.0,0.3145730495452881,0.4854395389556885,0.06708897650241852,0.4573825001716614,96,81
0.006380558013916016,positive,10.0,10.0,0.3300705552101135,0.4834310710430145,0.09164533019065857,0.502680242061615,96,83
0.0006394386291503906,positive,10.0,10.0,0.011360852979123592,-0.03601932153105736,-0.0028863614425063133,-0.055119019001722336,97,4
0.0007882118225097656,positive,10.0,10.0,0.006018470972776413,-0.42616450786590576,0.0007442948990501463,0.5280739068984985,97,6
0.0008542537689208984,positive,10.0,10.0,-0.0025048190727829933,-0.23105303943157196,0.011305773630738258,0.23562562465667725,97,7
0.0010800361633300781,positive,10.0,10.0,-0.020281406119465828,-0.42693397402763367,0.031540557742118835,0.5452303886413574,97,10
0.0013146400451660156,positive,10.0,10.0,-0.042024876922369,-0.23354877531528473,0.05906640738248825,0.29112958908081055,97,13
0.001463174819946289,positive,10.0,10.0,-0.04748218506574631,-0.23530623316764832,0.06524189561605453,0.3300745487213135,97,15
0.0015277862548828125,positive,10.0,10.0,-0.05218830704689026,-0.041170742362737656,0.07184338569641113,0.05865836888551712,97,16
0.0016753673553466797,positive,10.0,10.0,-0.049954693764448166,0.34685760736465454,0.06880614161491394,-0.4793064296245575,97,18
0.0018239021301269531,positive,10.0,10.0,-0.04000083729624748,0.34506163001060486,0.05590490624308586,-0.43918392062187195,97,20
0.0018889904022216797,positive,10.0,10.0,-0.03309960290789604,0.5393496155738831,0.04712122678756714,-0.7137331366539001,97,21
0.0019555091857910156,positive,10.0,10.0,-0.02231261134147644,0.3436080813407898,0.032846566289663315,-0.40659821033477783,97,22
0.002182483673095703,positive,10.0,10.0,0.002180398441851139,0.5377581119537354,0.00317190820351243,-0.677601158618927,97,25
0.0022466182708740234,positive,10.0,10.0,0.012935561127960682,0.3425922691822052,-0.010380114428699017,-0.3839212656021118,97,26
0.0023109912872314453,positive,10.0,10.0,0.01978740654885769,0.5378600358963013,-0.018058540299534798,-0.6798588633537292,97,27
0.002541065216064453,positive,10.0,10.0,0.04817548021674156,0.3439977765083313,-0.05342220515012741,-0.4154222011566162,97,30
0.002605915069580078,positive,10.0,10.0,0.05505543574690819,0.14967207610607147,-0.06173064932227135,-0.14004814624786377,97,31
0.0026721954345703125,positive,10.0,10.0,0.05804887413978577,-0.044513918459415436,-0.064531609416008,0.13253875076770782,97,32
0.0029027462005615234,positive,10.0,10.0,0.05153124779462814,-0.23702378571033478,-0.051944080740213394,0.36788907647132874,97,35
0.0031316280364990234,positive,10.0,10.0,0.04125351831316948,-0.03994712978601456,-0.03664890304207802,0.03153237700462341,97,38
0.0034410953521728516,positive,10.0,10.0,0.030314072966575623,-0.038060262799263,-0.023762380704283714,-0.01011534035205841,97,42
0.0035858154296875,positive,10.0,10.0,0.024896197021007538,-0.4276054799556732,-0.018465155735611916,0.5600057244300842,97,44
0.003810405731201172,positive,10.0,10.0,0.0031545658130198717,-0.2320963442325592,0.009005127474665642,0.25862255692481995,97,47
0.0038766860961914062,positive,10.0,10.0,-0.0014873611507937312,-0.4273456931114197,0.014177578501403332,0.5541321635246277,97,48
0.004102945327758789,positive,10.0,10.0,-0.023240765556693077,-0.23321892321109772,0.04190904274582863,0.28359705209732056,97,51
0.004168033599853516,positive,10.0,10.0,-0.027905143797397614,-0.42891278862953186,0.047580983489751816,0.5891977548599243,97,52
0.004232168197631836,positive,10.0,10.0,-0.03648339956998825,-0.6246675848960876,0.05936494097113609,0.8964811563491821,97,53
0.004294872283935547,positive,10.0,10.0,-0.048976752907037735,-0.43039852380752563,0.07729456573724747,0.6230339407920837,97,54
0.0046846866607666016,positive,10.0,10.0,-0.05325928330421448,0.14815887808799744,0.08679863065481186,-0.10686734318733215,97,59
0.004749298095703125,positive,10.0,10.0,-0.050296105444431305,0.3419366478919983,0.08466128259897232,-0.3709529936313629,97,60
0.005133152008056641,positive,10.0,10.0,-0.031929463148117065,0.14154863357543945,0.07588090747594833,0.03947671130299568,97,65
0.0052051544189453125,positive,10.0,10.0,-0.029098492115736008,0.33550506830215454,0.07667043805122375,-0.22833317518234253,97,66
0.005270957946777344,positive,10.0,10.0,-0.022388391196727753,0.529452383518219,0.07210377603769302,-0.49588048458099365,97,67
0.0054171085357666016,positive,10.0,10.0,-0.005131509620696306,0.13743756711483002,0.05855869874358177,0.13026055693626404,97,69
0.0054819583892822266,positive,10.0,10.0,-0.0023827580735087395,-0.05847221985459328,0.06116390973329544,0.4408279359340668,97,70
0.0056285858154296875,positive,10.0,10.0,-0.0008375379256904125,-0.06031700223684311,0.07334117591381073,0.48194849491119385,97,72
0.006339311599731445,positive,10.0,10.0,0.04972390457987785,0.5118061900138855,0.08871924877166748,-0.10561700910329819,97,81
0.006403207778930664,positive,10.0,10.0,0.059960030019283295,0.7055521011352539,0.08660691231489182,-0.36904364824295044,97,82
0.006466388702392578,positive,10.0,10.0,0.07407107204198837,0.5093132257461548,0.0792260393500328,-0.05035795643925667,97,83
0.006529569625854492,positive,10.0,10.0,0.0842573344707489,0.7032150626182556,0.07821887731552124,-0.31703025102615356,97,84
0.006592750549316406,positive,10.0,10.0,0.09832163900136948,0.5070711970329285,0.07187827676534653,-0.000741119438316673,97,85
0.006658792495727539,positive,10.0,10.0,0.10846306383609772,0.7010926008224487,0.07186345010995865,-0.26990777254104614,97,86
0.006723642349243164,positive,10.0,10.0,0.12248491495847702,0.8951193690299988,0.06646529585123062,-0.5390870571136475,97,87
0.0067861080169677734,positive,10.0,10.0,0.14038729667663574,0.6991291046142578,0.05568355694413185,-0.2262243777513504,97,88
0.006848812103271484,positive,10.0,10.0,0.15436989068984985,0.5032573938369751,0.05115906894207001,0.08349031209945679,97,89
0.006911039352416992,positive,10.0,10.0,0.1644350290298462,0.3074408769607544,0.05282887443900108,0.3918650448322296,97,90
0.0069732666015625,positive,10.0,10.0,0.1705838441848755,0.5017748475074768,0.060666173696517944,0.1162952333688736,97,91
0.00785517692565918,positive,10.0,10.0,0.3931625783443451,1.4705742597579956,-0.06198754906654358,-1.1986645460128784,97,102
0.00792074203491211,positive,10.0,10.0,0.4225740432739258,1.6664412021636963,-0.08596084266901016,-1.5101131200790405,97,103
0.008231401443481445,negative,10.0,-10.0,0.5482429265975952,1.6725070476531982,-0.19904713332653046,-1.6679198741912842,97,107
0.0006115436553955078,positive,10.0,10.0,-0.04102930799126625,0.035175736993551254,-0.012315146625041962,0.006486282683908939,98,2
0.0007810592651367188,positive,10.0,10.0,-0.04352114349603653,0.035526078194379807,-0.006280254572629929,-0.0012426450848579407,98,4
0.0012502670288085938,positive,10.0,10.0,-0.050949785858392715,0.03557729348540306,0.010788905434310436,-0.0023725139908492565,98,10
0.0013968944549560547,positive,10.0,10.0,-0.05343219265341759,0.03526946157217026,0.016615351662039757,0.004418861586600542,98,12
0.0014715194702148438,positive,10.0,10.0,-0.052726805210113525,-0.16008678078651428,0.016703728586435318,0.3022974729537964,98,13
0.0017800331115722656,positive,10.0,10.0,-0.05776285380125046,-0.16139154136180878,0.029929818585515022,0.33117035031318665,98,17
0.0018453598022460938,positive,10.0,10.0,-0.06099068373441696,0.03329187631607056,0.03655322641134262,0.04807407408952713,98,18
0.0022292137145996094,positive,10.0,10.0,-0.06557794660329819,-0.16490420699119568,0.05554169788956642,0.4090880751609802,98,23
0.002376079559326172,positive,10.0,10.0,-0.06828826665878296,-0.1665860116481781,0.06641186028718948,0.44650644063949585,98,25
0.0025212764739990234,positive,10.0,10.0,-0.07106925547122955,0.22150401771068573,0.07885149121284485,-0.09252098947763443,98,27
0.0025856494903564453,positive,10.0,10.0,-0.06663917750120163,0.41541242599487305,0.07700107246637344,-0.3593215346336365,98,28
0.0027298927307128906,positive,10.0,10.0,-0.05394522473216057,0.023235127329826355,0.06894691288471222,0.2704811096191406,98,30
0.002874135971069336,positive,10.0,10.0,-0.056936509907245636,0.021206382662057877,0.08603830635547638,0.3157247006893158,98,32
0.0033416748046875,positive,10.0,10.0,-0.011869427748024464,0.4038754403591156,0.06825168430805206,-0.10391657054424286,98,38
0.003567218780517578,positive,10.0,10.0,0.000601832871325314,0.2059071660041809,0.08080916851758957,0.25258901715278625,98,41
0.003883838653564453,positive,10.0,10.0,0.04033500328660011,0.5912333130836487,0.06918150931596756,-0.22567711770534515,98,45
0.004029750823974609,positive,10.0,10.0,0.06006355583667755,0.19920790195465088,0.06642798334360123,0.40036535263061523,98,47
0.004175662994384766,positive,10.0,10.0,0.07191427052021027,0.5873088836669922,0.07702215760946274,-0.13895893096923828,98,49
0.004402875900268555,positive,10.0,10.0,0.11098852753639221,0.3891518712043762,0.0642903596162796,0.2215396910905838,98,52
0.0044689178466796875,positive,10.0,10.0,0.11877156794071198,0.19317269325256348,0.06872115284204483,0.5337894558906555,98,53
0.0047054290771484375,positive,10.0,10.0,0.14200368523597717,0.7749805450439453,0.08460559695959091,-0.26790866255760193,98,56
0.004769325256347656,positive,10.0,10.0,0.15750329196453094,0.9687995910644531,0.07924742251634598,-0.5327528715133667,98,57
0.004834890365600586,positive,10.0,10.0,0.17687928676605225,0.7726576924324036,0.068592369556427,-0.21618908643722534,98,58
0.004982948303222656,positive,10.0,10.0,0.2038649469614029,0.3806442618370056,0.06621494144201279,0.4095650315284729,98,60
0.005128622055053711,positive,10.0,10.0,0.22297319769859314,0.7687497735023499,0.07717565447092056,-0.12984178960323334,98,62
0.0053560733795166016,positive,10.0,10.0,0.2729337215423584,0.5705790519714355,0.0649949386715889,0.23095908761024475,98,65
0.005734682083129883,positive,10.0,10.0,0.3375885784626007,1.1501413583755493,0.080951988697052,-0.5215079188346863,98,70
0.005799531936645508,positive,10.0,10.0,0.36059141159057617,0.9539787769317627,0.07052182406187057,-0.20445381104946136,98,71
0.00586247444152832,positive,10.0,10.0,0.37967097759246826,0.757922887802124,0.06643275171518326,0.1096152737736702,98,72
0.006090879440307617,positive,10.0,10.0,0.4133855700492859,0.16979412734508514,0.0917949378490448,1.0519089698791504,98,75
0.006236553192138672,negative,10.0,-10.0,0.41625311970710754,-0.22275489568710327,0.140271857380867,1.697672963142395,98,77
0.000408172607421875,positive,10.0,10.0,-0.011579337529838085,0.009747358970344067,0.016249919310212135,-0.02146834135055542,99,0
0.0005176067352294922,positive,10.0,10.0,-0.01138439029455185,-0.1856038123369217,0.01582055166363716,0.276297003030777,99,1
0.0007650852203369141,positive,10.0,10.0,-0.02643805555999279,0.008507250808179379,0.03858594223856926,0.005892852321267128,99,4
0.0008299350738525391,positive,10.0,10.0,-0.02626791037619114,-0.18714623153209686,0.0387037992477417,0.310496062040329,99,5
0.0010559558868408203,positive,10.0,10.0,-0.03362942114472389,0.006112853996455669,0.052254531532526016,0.05878627300262451,99,8
0.0012133121490478516,positive,10.0,10.0,-0.03730152174830437,0.00460575008764863,0.06078000366687775,0.09211880713701248,99,10
0.001373291015625,positive,10.0,10.0,-0.03323328122496605,0.3929787874221802,0.05900666490197182,-0.45307469367980957,99,12
0.0015180110931396484,positive,10.0,10.0,-0.013629327528178692,0.3914432227611542,0.03541337698698044,-0.41861477494239807,99,14
0.001743316650390625,positive,10.0,10.0,0.013731650076806545,0.5854942798614502,0.005065446253865957,-0.6873977780342102,99,17
0.0018076896667480469,positive,10.0,10.0,0.02544153481721878,0.7805455327033997,-0.008682508952915668,-0.9784817099571228,99,18
0.0018718242645263672,positive,10.0,10.0,0.04105244576931,0.9757828116416931,-0.028252143412828445,-1.2738791704177856,99,19
0.0019354820251464844,positive,10.0,10.0,0.060568101704120636,1.1712535619735718,-0.05372972786426544,-1.5752733945846558,99,20
0.0019989013671875,positive,10.0,10.0,0.08399317413568497,0.9768117070198059,-0.08523519337177277,-1.2998204231262207,99,21
0.0021457672119140625,negative,10.0,-10.0,0.1269875317811966,0.9792571067810059,-0.143590047955513,-1.3618792295455933,99,23
0.0022919178009033203,negative,10.0,-10.0,0.17008979618549347,0.9830679893493652,-0.20474392175674438,-1.4608198404312134,99,25
0.0005013942718505859,positive,10.0,10.0,-0.012050807476043701,0.02889486588537693,-0.03151511028409004,-0.029316114261746407,100,0
0.0008246898651123047,positive,10.0,10.0,-0.014192056842148304,0.22530294954776764,-0.028023721650242805,-0.35046273469924927,100,3
0.0008907318115234375,positive,10.0,10.0,-0.009685997851192951,0.4208120107650757,-0.0350329764187336,-0.6518490314483643,100,4
0.0011360645294189453,positive,10.0,10.0,0.027301086112856865,1.0080517530441284,-0.0924319252371788,-1.5756865739822388,100,7
0.0013637542724609375,negative,10.0,-10.0,0.09955253452062607,1.2071229219436646,-0.2063426375389099,-1.9854310750961304,100,10
0.0004603862762451172,positive,10.0,10.0,-0.017833076417446136,0.004543241113424301,-0.048296328634023666,-0.024132264778017998,101,0
0.0005919933319091797,positive,10.0,10.0,-0.017742210999131203,-0.18985402584075928,-0.048778973519802094,0.25293001532554626,101,1
0.0006740093231201172,positive,10.0,10.0,-0.021539291366934776,0.005929280072450638,-0.04372037202119827,-0.05473095551133156,101,2
0.0007452964782714844,positive,10.0,10.0,-0.021420706063508987,-0.18853940069675446,-0.04481499269604683,0.22384361922740936,101,3
0.0009102821350097656,positive,10.0,10.0,-0.03285135701298714,-0.18732650578022003,-0.030296916142106056,0.1969427913427353,101,5
0.0009763240814208984,positive,10.0,10.0,-0.03659788519144058,-0.3820022940635681,-0.02635805867612362,0.4799165427684784,101,6
0.0013730525970458984,positive,10.0,10.0,-0.05913308262825012,-0.5759350657463074,-0.0030170069076120853,0.7461767792701721,101,11
0.001522064208984375,positive,10.0,10.0,-0.08607208728790283,-0.9662933945655823,0.032664705067873,1.3343056440353394,101,13
0.0015878677368164062,positive,10.0,10.0,-0.10539795458316803,-0.7715980410575867,0.059350818395614624,1.0520200729370117,101,14
0.0022232532501220703,positive,10.0,10.0,-0.12813231348991394,0.38765960931777954,0.09165532886981964,-0.45446109771728516,101,22
0.002287626266479492,positive,10.0,10.0,-0.12037911266088486,0.19136931002140045,0.08256610482931137,-0.13435254991054535,101,23
0.0023505687713623047,positive,10.0,10.0,-0.1165517270565033,0.38521748781204224,0.07987905293703079,-0.3998873829841614,101,24
0.002505064010620117,positive,10.0,10.0,-0.1050662025809288,0.38308054208755493,0.07021874934434891,-0.3522942364215851,101,26
0.002568960189819336,positive,10.0,10.0,-0.0974045917391777,0.5771373510360718,0.06317286193370819,-0.6220347881317139,101,27
0.0026314258575439453,positive,10.0,10.0,-0.08586184680461884,0.38119280338287354,0.050732169300317764,-0.31014376878738403,101,28
0.0027806758880615234,positive,10.0,10.0,-0.06672686338424683,0.3798401951789856,0.03280118480324745,-0.2800346314907074,101,30
0.003736734390258789,positive,10.0,10.0,0.024470772594213486,-0.0073862867429852486,-0.03516954928636551,0.2391175776720047,101,42
0.0038034915924072266,positive,10.0,10.0,0.02432304620742798,-0.20198862254619598,-0.03038719668984413,0.5205028653144836,101,43
0.003867626190185547,positive,10.0,10.0,0.020283274352550507,-0.0064523848704993725,-0.019977139309048653,0.2184014469385147,101,44
0.0039310455322265625,positive,10.0,10.0,0.020154226571321487,-0.20128315687179565,-0.015609110705554485,0.5047163963317871,101,45
0.003994464874267578,positive,10.0,10.0,0.01612856425344944,-0.005944740958511829,-0.005514782853424549,0.20715558528900146,101,46
0.004059553146362305,positive,10.0,10.0,0.01600966788828373,-0.20098739862442017,-0.0013716713292524219,0.49809378385543823,101,47
0.004204511642456055,positive,10.0,10.0,0.011872997507452965,-0.20108987390995026,0.012689782306551933,0.5003591775894165,101,49
0.0042705535888671875,positive,10.0,10.0,0.007851200178265572,-0.006149088032543659,0.0226969663053751,0.21170224249362946,101,50
0.004336357116699219,positive,10.0,10.0,0.00772821856662631,0.18864111602306366,0.02693101018667221,-0.07373547554016113,101,51
0.0045626163482666016,positive,10.0,10.0,0.0073172603733837605,-0.0076454211957752705,0.04056120291352272,0.2448440045118332,101,54
0.0046269893646240234,positive,10.0,10.0,0.007164351642131805,0.18687443435192108,0.04545808583498001,-0.0347740538418293,101,55
0.005011558532714844,positive,10.0,10.0,0.01010760199278593,-0.012052102945744991,0.06839209049940109,0.34260186553001404,101,60
0.005237102508544922,positive,10.0,10.0,0.02102724462747574,0.5699466466903687,0.07277341932058334,-0.4633203446865082,101,63
0.005625247955322266,positive,10.0,10.0,0.046623922884464264,-0.019953137263655663,0.07734683901071548,0.5175186991691589,101,68
0.005694150924682617,positive,10.0,10.0,0.04622486233711243,0.17399942874908447,0.08769721537828445,0.25017693638801575,101,69
0.005928993225097656,positive,10.0,10.0,0.06828909367322922,0.7551354169845581,0.08691535890102386,-0.5378222465515137,101,72
0.0060765743255615234,positive,10.0,10.0,0.09456992149353027,0.7528612613677979,0.07177755236625671,-0.4867887794971466,101,74
0.0062215328216552734,positive,10.0,10.0,0.12076321989297867,0.3608512878417969,0.058594267815351486,0.13921651244163513,101,76
0.006368875503540039,positive,10.0,10.0,0.13127906620502472,0.3591437339782715,0.07037448137998581,0.1770728975534439,101,78
0.0064394474029541016,positive,10.0,10.0,0.13846194744110107,0.5531917214393616,0.07391593605279922,-0.09260553121566772,101,79
0.006506443023681641,positive,10.0,10.0,0.14952577650547028,0.7471806406974792,0.07206382602453232,-0.36108291149139404,101,80
0.00665593147277832,positive,10.0,10.0,0.17549163103103638,0.355123370885849,0.06391066312789917,0.2658405303955078,101,82
0.006963253021240234,positive,10.0,10.0,0.2037842571735382,0.74089515209198,0.0877792164683342,-0.2223048210144043,101,86
0.007028818130493164,positive,10.0,10.0,0.21860216557979584,0.9346598982810974,0.08333311975002289,-0.4860590100288391,101,87
0.007261753082275391,positive,10.0,10.0,0.2707139551639557,0.7364200353622437,0.06150751933455467,-0.12292838841676712,101,90
0.007494926452636719,positive,10.0,10.0,0.31094586849212646,0.5387393236160278,0.06111953407526016,0.22684361040592194,101,93
0.00780487060546875,positive,10.0,10.0,0.3461317718029022,0.5347023606300354,0.09340986609458923,0.31679290533065796,101,97
0.0009551048278808594,positive,10.0,10.0,-0.02633112110197544,-0.39849063754081726,0.024954956024885178,0.5535690188407898,102,4
0.0013129711151123047,positive,10.0,10.0,-0.05045893043279648,-0.010497135110199451,0.05872328206896782,0.017763733863830566,102,8
0.001714468002319336,positive,10.0,10.0,-0.059485357254743576,0.1799238622188568,0.07602786272764206,-0.17178048193454742,102,13
0.0018618106842041016,positive,10.0,10.0,-0.04840928316116333,0.1778097301721573,0.06380137801170349,-0.12488938868045807,102,15
0.0019278526306152344,positive,10.0,10.0,-0.0448530875146389,-0.018165478482842445,0.06130359321832657,0.18722021579742432,102,16
0.0021698474884033203,positive,10.0,10.0,-0.04989778995513916,0.17401306331157684,0.07956188917160034,-0.04100767523050308,102,19
0.0023174285888671875,positive,10.0,10.0,-0.039059340953826904,0.17175880074501038,0.0725904256105423,0.008874773979187012,102,21
0.0024635791778564453,positive,10.0,10.0,-0.028308792039752007,0.559780478477478,0.06756690889596939,-0.5289234519004822,102,23
0.0026903152465820312,positive,10.0,10.0,-0.00647989846765995,-0.027947915717959404,0.05456092208623886,0.4031878411769867,102,26
0.0027539730072021484,positive,10.0,10.0,-0.007038856856524944,0.16635946929454803,0.06262467801570892,0.1281934529542923,102,27
0.002817392349243164,positive,10.0,10.0,-0.00371166761033237,-0.029601100832223892,0.06518854945898056,0.43995770812034607,102,28
0.003408670425415039,positive,10.0,10.0,0.02682696282863617,0.15835581719875336,0.08370138704776764,0.3055000305175781,102,35
0.0037109851837158203,positive,10.0,10.0,0.0627489984035492,0.5434107184410095,0.07645443081855774,-0.1669381558895111,102,39
0.003934383392333984,positive,10.0,10.0,0.09919006377458572,0.34529995918273926,0.06202954798936844,0.1925424486398697,102,42
0.0039975643157958984,positive,10.0,10.0,0.1060960665345192,0.14934803545475006,0.06588039547204971,0.5041300654411316,102,43
0.004061222076416016,positive,10.0,10.0,0.10908302664756775,0.34348264336586,0.07596299797296524,0.23291465640068054,102,44
0.004206657409667969,positive,10.0,10.0,0.12670151889324188,0.7313204407691956,0.0799238309264183,-0.30106979608535767,102,46
0.004354000091552734,positive,10.0,10.0,0.1520310342311859,0.729144275188446,0.07421664893627167,-0.25277045369148254,102,48
0.004660606384277344,positive,10.0,10.0,0.21024270355701447,0.33533790707588196,0.05665048956871033,0.4125096797943115,102,52
0.004888057708740234,positive,10.0,10.0,0.2342142015695572,0.1376139521598816,0.07667774707078934,0.7638633847236633,102,55
0.00608372688293457,positive,10.0,10.0,0.47106680274009705,1.089044213294983,0.08284635841846466,-0.1687619835138321,102,70
0.00632166862487793,positive,10.0,10.0,0.5402401685714722,0.8906758427619934,0.06843580305576324,0.1965857446193695,102,73
0.006387233734130859,positive,10.0,10.0,0.558053731918335,0.69464510679245,0.07236751914024353,0.5100479125976562,102,74
0.006699562072753906,negative,10.0,-10.0,0.590090274810791,-0.09021930396556854,0.15118566155433655,1.7922751903533936,102,78
0.0006823539733886719,positive,10.0,10.0,-0.0405426025390625,-0.1835608333349228,0.022060690447688103,0.2577667236328125,103,1
0.000774383544921875,positive,10.0,10.0,-0.04421382024884224,-0.37899067997932434,0.027216024696826935,0.5573254823684692,103,2
0.0008425712585449219,positive,10.0,10.0,-0.05179363489151001,-0.18426115810871124,0.0383625365793705,0.2733398973941803,103,3
0.0009109973907470703,positive,10.0,10.0,-0.05547885596752167,-0.37990888953208923,0.043829333037137985,0.5778713822364807,103,4
0.0013120174407958984,positive,10.0,10.0,-0.0702078714966774,0.2011812925338745,0.0698537826538086,-0.20683428645133972,103,9
0.0013780593872070312,positive,10.0,10.0,-0.06618424504995346,0.005133592523634434,0.06571710109710693,0.1070404127240181,103,10
0.001443624496459961,positive,10.0,10.0,-0.06608157604932785,-0.19086554646492004,0.06785790622234344,0.4197114109992981,103,11
0.0015892982482910156,positive,10.0,10.0,-0.06983423233032227,0.1971844881772995,0.07923552393913269,-0.11851685494184494,103,13
0.0019745826721191406,positive,10.0,10.0,-0.05813313648104668,-0.0030695863533765078,0.08381626754999161,0.2887173295021057,103,18
0.0020437240600585938,positive,10.0,10.0,-0.05819452553987503,0.19076333940029144,0.08959061652421951,0.023601746186614037,103,19
0.002108335494995117,positive,10.0,10.0,-0.054379262030124664,0.3844938576221466,0.09006264805793762,-0.23952417075634003,103,20
0.0021724700927734375,positive,10.0,10.0,-0.04668938368558884,0.5782215595245361,0.0852721631526947,-0.502495288848877,103,21
0.002396821975708008,positive,10.0,10.0,-0.015965253114700317,0.3799203932285309,0.06249334663152695,-0.13789397478103638,103,24
0.002460956573486328,positive,10.0,10.0,-0.008366845548152924,0.18396160006523132,0.05973546579480171,0.173831507563591,103,25
0.002523660659790039,positive,10.0,10.0,-0.004687613807618618,-0.01196215394884348,0.06321209669113159,0.48474472761154175,103,26
0.0025873184204101562,positive,10.0,10.0,-0.0049268570728600025,0.1822134405374527,0.072906993329525,0.21263504028320312,103,27
0.002651691436767578,positive,10.0,10.0,-0.0012825882295146585,0.3762213885784149,0.07715969532728195,-0.056188128888607025,103,28
0.0028007030487060547,positive,10.0,10.0,0.017644980922341347,0.3740394115447998,0.06956465542316437,-0.00790412351489067,103,30
0.003030061721801758,positive,10.0,10.0,0.036126818507909775,0.5660223364830017,0.07624197006225586,-0.2320517897605896,103,33
0.003095865249633789,positive,10.0,10.0,0.047447264194488525,0.3698984682559967,0.07160093635320663,0.08367284387350082,103,34
0.003405332565307617,positive,10.0,10.0,0.09252011775970459,0.36595940589904785,0.057666655629873276,0.170619934797287,103,38
0.004123210906982422,positive,10.0,10.0,0.17320407927036285,0.9401230216026306,0.08253663778305054,-0.4624132812023163,103,47
0.004269838333129883,positive,10.0,10.0,0.20688527822494507,0.9379375576972961,0.07039040327072144,-0.4135899543762207,103,49
0.004335641860961914,positive,10.0,10.0,0.2256440371274948,0.7418920993804932,0.06211860105395317,-0.09957236051559448,103,50
0.004400730133056641,positive,10.0,10.0,0.2404818832874298,0.5459374189376831,0.06012715399265289,0.2120438665151596,103,51
0.004712820053100586,positive,10.0,10.0,0.2840471565723419,0.9320387840270996,0.07951981574296951,-0.283284991979599,103,55
0.0048580169677734375,positive,10.0,10.0,0.3252067565917969,0.9298644065856934,0.06285679340362549,-0.2348584681749344,103,57
0.00500178337097168,positive,10.0,10.0,0.35848212242126465,0.5379979014396667,0.059699032455682755,0.3874209225177765,103,59
0.0050678253173828125,positive,10.0,10.0,0.3692420721054077,0.34208157658576965,0.06744745373725891,0.6983129978179932,103,60
0.00034236907958984375,positive,10.0,10.0,0.04274585843086243,-0.03395441547036171,-0.03922843188047409,0.013218585401773453,104,0
0.0004451274871826172,positive,10.0,10.0,0.042066771537065506,-0.22849246859550476,-0.038964059203863144,0.29327094554901123,104,1
0.0006265640258789062,positive,10.0,10.0,0.03684017434716225,-0.2274692952632904,-0.03332747519016266,0.2706173062324524,104,3
0.0008790493011474609,positive,10.0,10.0,0.019316835328936577,-0.42147472500801086,-0.011837839148938656,0.538576066493988,104,6
0.0009531974792480469,positive,10.0,10.0,0.010887340642511845,-0.22618836164474487,-0.0010663176653906703,0.2421867996454239,104,7
0.001186370849609375,positive,10.0,10.0,-0.006586856674402952,-0.031314097344875336,0.01932894065976143,-0.045041535049676895,104,10
0.0014979839324951172,positive,10.0,10.0,0.01429168600589037,0.7484651803970337,-0.018717212602496147,-1.2001855373382568,104,14
0.0017275810241699219,positive,10.0,10.0,0.055318061262369156,0.9451161026954651,-0.08537395298480988,-1.5303776264190674,104,17
0.0018756389617919922,negative,10.0,-10.0,0.08924280107021332,0.9475181698799133,-0.1412917971611023,-1.5921529531478882,104,19
0.0003190040588378906,positive,10.0,10.0,-0.03303615376353264,-0.1473572552204132,-0.01779010519385338,0.33513113856315613,105,1
0.0005810260772705078,positive,10.0,10.0,-0.037961989641189575,0.04831986129283905,-0.0038285311311483383,0.030127152800559998,105,4
0.0006451606750488281,positive,10.0,10.0,-0.03699559345841408,-0.14674697816371918,-0.003225988009944558,0.32159969210624695,105,5
0.0007092952728271484,positive,10.0,10.0,-0.03993053361773491,0.04842076450586319,0.003206005785614252,0.02790115401148796,105,6
0.0007750988006591797,positive,10.0,10.0,-0.038962118327617645,-0.14674700796604156,0.003764028660953045,0.32159388065338135,105,7
0.0008399486541748047,positive,10.0,10.0,-0.04189705848693848,-0.3419223725795746,0.010195906274020672,0.6154614686965942,105,8
0.0009036064147949219,positive,10.0,10.0,-0.04873550683259964,-0.1469443440437317,0.0225051362067461,0.3260071575641632,105,9
0.0014562606811523438,positive,10.0,10.0,-0.05778007209300995,0.04463421553373337,0.0545581616461277,0.11158841103315353,105,16
0.0016024112701416016,positive,10.0,10.0,-0.05210871621966362,0.04304666072130203,0.053522031754255295,0.14664910733699799,105,18
0.0017480850219726562,positive,10.0,10.0,-0.054303769022226334,0.04148092120885849,0.06556951999664307,0.18135826289653778,105,20
0.0019006729125976562,positive,10.0,10.0,-0.05656445026397705,0.0395662784576416,0.0790763646364212,0.2238863706588745,105,22
0.0019664764404296875,positive,10.0,10.0,-0.05577312409877777,0.23347420990467072,0.08355409651994705,-0.04284236952662468,105,23
0.00211334228515625,positive,10.0,10.0,-0.04255754500627518,0.23110786080360413,0.07653649151325226,0.009537329897284508,105,25
0.0022628307342529297,positive,10.0,10.0,-0.029434317722916603,0.6190009713172913,0.07156624644994736,-0.5255793333053589,105,27
0.0024101734161376953,positive,10.0,10.0,-0.00859532319009304,0.22700941562652588,0.056830033659935,0.100069060921669,105,29
0.0024759769439697266,positive,10.0,10.0,-0.004055134952068329,0.031120983883738518,0.05883141607046127,0.41012638807296753,105,30
0.0025420188903808594,positive,10.0,10.0,-0.003432715078815818,-0.1647835373878479,0.06703394651412964,0.720761239528656,105,31
0.0027713775634765625,positive,10.0,10.0,-0.0016767571214586496,0.026939431205391884,0.09412672370672226,0.5037594437599182,105,34
0.00407099723815918,positive,10.0,10.0,0.1471962034702301,0.7844716906547546,0.08541227877140045,-0.1633302867412567,105,48
0.004796266555786133,positive,10.0,10.0,0.23321513831615448,0.9741776585578918,0.0625012218952179,-0.33666014671325684,105,53
0.005446195602416992,positive,10.0,10.0,0.3147481679916382,0.9686159491539001,0.08033692091703415,-0.21398106217384338,105,59
0.005510807037353516,positive,10.0,10.0,0.334120512008667,1.1625028848648071,0.0760572999715805,-0.4802798330783844,105,60
0.005578517913818359,positive,10.0,10.0,0.3573705554008484,0.9663943648338318,0.06645170599222183,-0.16462810337543488,105,61
0.006138324737548828,positive,10.0,10.0,0.48055002093315125,1.1543279886245728,0.07002478092908859,-0.2991715967655182,105,68
0.006695985794067383,negative,10.0,-10.0,0.567620038986206,0.17124412953853607,0.14839138090610504,1.3422636985778809,105,75
0.00684356689453125,negative,10.0,-10.0,0.5705369114875793,-0.2220684438943863,0.2087857723236084,2.0191965103149414,105,77
0.0002789497375488281,positive,10.0,10.0,0.02399032935500145,-0.16610409319400787,-0.012572605162858963,0.30371564626693726,106,1
0.00046515464782714844,positive,10.0,10.0,0.01793547533452511,0.029378585517406464,-0.0004020094929728657,0.0030390210449695587,106,4
0.0005178451538085938,positive,10.0,10.0,0.018523046746850014,-0.1657375991344452,-0.00034122905344702303,0.29559507966041565,106,5
0.0005695819854736328,positive,10.0,10.0,0.015208294615149498,0.029389215633273125,0.005570672452449799,0.0028045563958585262,106,6
0.0006804466247558594,positive,10.0,10.0,0.012479836121201515,0.02922910824418068,0.011571560986340046,0.006336835213005543,106,8
0.0007252693176269531,positive,10.0,10.0,0.013064417988061905,-0.16605687141418457,0.011698298156261444,0.3026481568813324,106,9
0.0008924007415771484,positive,10.0,10.0,0.006991697940975428,-0.3618495762348175,0.024262966588139534,0.6102203130722046,106,12
0.000993490219116211,positive,10.0,10.0,-0.003586794715374708,0.027509212493896484,0.04297291487455368,0.04431378096342087,106,14
0.0010390281677246094,positive,10.0,10.0,-0.0030366103164851665,-0.1682017594575882,0.04385919123888016,0.3502393662929535,106,15
0.0011403560638427734,positive,10.0,10.0,-0.005875247996300459,-0.16954298317432404,0.052298035472631454,0.379989892244339,106,17
0.0011839866638183594,positive,10.0,10.0,-0.009266107343137264,0.024798808619379997,0.059897832572460175,0.10424438118934631,106,18
0.0012350082397460938,positive,10.0,10.0,-0.008770131506025791,-0.17112810909748077,0.06198272109031677,0.4152071475982666,106,19
0.0012793540954589844,positive,10.0,10.0,-0.012192693538963795,0.023063097149133682,0.07028686255216599,0.14269095659255981,106,20
0.0013227462768554688,positive,10.0,10.0,-0.011731431819498539,-0.17299140989780426,0.07314068078994751,0.4566939175128937,106,21
0.0013651847839355469,positive,10.0,10.0,-0.015191259793937206,0.021024400368332863,0.08227456361055374,0.18793247640132904,106,22
0.0014071464538574219,positive,10.0,10.0,-0.014770771376788616,0.21487876772880554,0.08603321015834808,-0.07770401239395142,106,23
0.0014510154724121094,positive,10.0,10.0,-0.010473196394741535,0.40866875648498535,0.08447913080453873,-0.34205132722854614,106,24
0.0014960765838623047,positive,10.0,10.0,-0.002299821237102151,0.21245285868644714,0.07763810455799103,-0.02396976575255394,106,25
0.0015401840209960938,positive,10.0,10.0,0.0019492360297590494,0.4063805341720581,0.07715871185064316,-0.2911823093891144,106,26
0.0016968250274658203,positive,10.0,10.0,0.01456539612263441,0.20820967853069305,0.07861338555812836,0.06991825997829437,106,29
0.0020265579223632812,positive,10.0,10.0,0.07433393597602844,0.5923240184783936,0.04166916385293007,-0.38086575269699097,106,35
0.0020711421966552734,positive,10.0,10.0,0.08618041127920151,0.39663591980934143,0.03405184671282768,-0.07534119486808777,106,36
0.0021162033081054688,positive,10.0,10.0,0.09411313384771347,0.2010427713394165,0.032545026391744614,0.22788776457309723,106,37
0.002160310745239258,positive,10.0,10.0,0.09813398867845535,0.005471213720738888,0.03710278123617172,0.5306563377380371,106,38
0.0022041797637939453,positive,10.0,10.0,0.09824341535568237,0.2000521421432495,0.04771590605378151,0.2498915046453476,106,39
0.002247333526611328,positive,10.0,10.0,0.10224445909261703,0.004282411653548479,0.05271373689174652,0.5572350025177002,106,40
0.002405405044555664,positive,10.0,10.0,0.1063557118177414,0.19673827290534973,0.0813654363155365,0.32372575998306274,106,43
0.002672910690307617,positive,10.0,10.0,0.1569906324148178,0.7758693695068359,0.07246816903352737,-0.419055312871933,106,48
0.002717256546020508,positive,10.0,10.0,0.17250803112983704,0.5797993540763855,0.06408706307411194,-0.10443524271249771,106,49
0.0028176307678222656,positive,10.0,10.0,0.19178041815757751,0.1878691464662552,0.06615353375673294,0.5193364024162292,106,51
0.002861499786376953,positive,10.0,10.0,0.19553780555725098,0.3820004463195801,0.0765402615070343,0.24821138381958008,106,52
0.0029058456420898438,positive,10.0,10.0,0.203177809715271,0.5759506225585938,0.08150448650121689,-0.019381210207939148,106,53
0.0030870437622070312,positive,10.0,10.0,0.24156582355499268,0.7675994038581848,0.07604828476905823,-0.23612181842327118,106,56
0.0031342506408691406,positive,10.0,10.0,0.256917804479599,0.5714779496192932,0.07132584601640701,0.07954671233892441,106,57
0.003184080123901367,positive,10.0,10.0,0.2683473825454712,0.3754098415374756,0.07291678339242935,0.393853098154068,106,58
0.0032303333282470703,positive,10.0,10.0,0.27585557103157043,0.17933304607868195,0.0807938426733017,0.7086053490638733,106,59
0.0037293434143066406,positive,10.0,10.0,0.4085513949394226,1.1420623064041138,0.07884685695171356,-0.47436240315437317,106,68
0.003777742385864258,positive,10.0,10.0,0.431392639875412,0.9459206461906433,0.06935960799455643,-0.1579069197177887,106,69
0.003882884979248047,positive,10.0,10.0,0.46530860662460327,0.5538734197616577,0.06931798905134201,0.4686371684074402,106,71
0.004099607467651367,negative,10.0,-10.0,0.48608773946762085,-0.23084798455238342,0.14470022916793823,1.7460911273956299,106,75
0.004145145416259766,negative,10.0,-10.0,0.4814707934856415,-0.4272885322570801,0.17962205410003662,2.080065965652466,106,76
0.0006985664367675781,positive,10.0,10.0,-0.05555695667862892,-0.16018030047416687,0.06505990773439407,0.3077118396759033,107,5
0.0008685588836669922,positive,10.0,10.0,-0.05876056104898453,0.03395719453692436,0.07121413946151733,0.036235809326171875,107,6
0.0013184547424316406,positive,10.0,10.0,-0.0613236166536808,0.031919170171022415,0.07894906401634216,0.08135123550891876,107,8
0.0032987594604492188,positive,10.0,10.0,-0.03666973114013672,0.4074360430240631,0.09329914301633835,-0.1802757829427719,107,18
0.0034079551696777344,positive,10.0,10.0,-0.028521012514829636,0.601107656955719,0.08969362825155258,-0.44212955236434937,107,19
0.003572225570678711,positive,10.0,10.0,-0.016498858109116554,0.40483856201171875,0.08085103332996368,-0.12257476896047592,107,20
0.0037817955017089844,positive,10.0,10.0,-0.008402086794376373,0.5987147092819214,0.07839953899383545,-0.3886946439743042,107,21
0.006057024002075195,positive,10.0,10.0,0.02005307376384735,0.3982948660850525,0.09086060523986816,0.02227461338043213,107,26
0.007981538772583008,positive,10.0,10.0,0.09870191663503647,0.7788306474685669,0.08613377809524536,-0.3504766523838043,107,34
0.008143901824951172,positive,10.0,10.0,0.11427853256464005,0.5825960636138916,0.07912424206733704,-0.03192400932312012,107,35
0.008306026458740234,positive,10.0,10.0,0.12593045830726624,0.7764994502067566,0.07848576456308365,-0.29863080382347107,107,36
0.012344837188720703,positive,10.0,10.0,0.1530674695968628,0.7743627429008484,0.07286787778139114,-0.2512153685092926,107,38
0.013497114181518555,positive,10.0,10.0,0.2225113958120346,0.5749213695526123,0.06362495571374893,0.1377379447221756,107,43
0.016620159149169922,positive,10.0,10.0,0.30290624499320984,0.5687633156776428,0.06924577057361603,0.27391940355300903,107,49
0.01714158058166504,positive,10.0,10.0,0.32173600792884827,0.566725492477417,0.08647643774747849,0.3193739056587219,107,51
0.017248868942260742,positive,10.0,10.0,0.3482808470726013,0.9541924595832825,0.0939672440290451,-0.2068333923816681,107,53
0.017304658889770508,positive,10.0,10.0,0.36736470460891724,1.1478538513183594,0.08983057737350464,-0.4684582054615021,107,54
0.017351627349853516,positive,10.0,10.0,0.3903217613697052,0.9515852928161621,0.08046141266822815,-0.14886774122714996,107,55
0.017511606216430664,positive,10.0,10.0,0.4434484839439392,1.1432169675827026,0.07886169850826263,-0.36531418561935425,107,58
0.017615079879760742,positive,10.0,10.0,0.485254168510437,1.1410948038101196,0.07057853043079376,-0.3181200623512268,107,60
0.017659902572631836,positive,10.0,10.0,0.5080760717391968,0.9450423717498779,0.06421612948179245,-0.004040604457259178,107,61
0.017708778381347656,positive,10.0,10.0,0.5269769430160522,0.7490610480308533,0.06413532048463821,0.30819201469421387,107,62
0.017984390258789062,negative,10.0,-10.0,0.5626726150512695,0.1580663025379181,0.15792091190814972,1.3237639665603638,107,67
0.018030166625976562,negative,10.0,-10.0,0.5658339858055115,0.35088083148002625,0.1843961924314499,1.0843771696090698,107,68
0.018079280853271484,negative,10.0,-10.0,0.5728515982627869,0.1538688689470291,0.2060837298631668,1.4287910461425781,107,69
0.0003592967987060547,positive,10.0,10.0,0.04570415988564491,-0.23386569321155548,0.0051006232388317585,0.3371160328388214,108,1
0.0005528926849365234,positive,10.0,10.0,0.0402505099773407,-0.23410645127296448,0.012763862498104572,0.34244176745414734,108,3
0.0008389949798583984,positive,10.0,10.0,0.030093692243099213,-0.039744265377521515,0.02774125337600708,0.0665288120508194,108,6
0.0012769699096679688,positive,10.0,10.0,0.018226640298962593,0.1528157740831375,0.048045430332422256,-0.16987840831279755,108,11
0.0015342235565185547,positive,10.0,10.0,0.01564992405474186,-0.044271454215049744,0.056279052048921585,0.16662068665027618,108,14
0.0017857551574707031,positive,10.0,10.0,0.009043051861226559,-0.24195927381515503,0.07320570945739746,0.5168663263320923,108,17
0.002053499221801758,positive,10.0,10.0,0.0061629656702280045,0.33964383602142334,0.08816374093294144,-0.28058433532714844,108,20
0.002125978469848633,positive,10.0,10.0,0.012955842539668083,0.14338213205337524,0.08255205303430557,0.03855141997337341,108,21
0.002303600311279297,positive,10.0,10.0,0.022568069398403168,0.5310676693916321,0.07878335565328598,-0.4922665059566498,108,23
0.002378225326538086,positive,10.0,10.0,0.03318942338228226,0.3349280059337616,0.06893802434206009,-0.17583125829696655,108,24
0.0028121471405029297,positive,10.0,10.0,0.05088207498192787,0.5248045921325684,0.07903376966714859,-0.3535883128643036,108,29
0.0028853416442871094,positive,10.0,10.0,0.06137816607952118,0.3286529779434204,0.07196199893951416,-0.03706761822104454,108,30
0.002956390380859375,positive,10.0,10.0,0.06795122474431992,0.5226731300354004,0.07122064381837845,-0.306206077337265,108,31
0.0031328201293945312,positive,10.0,10.0,0.08493693917989731,0.5207433104515076,0.0652577355504036,-0.2633940577507019,108,33
0.0032994747161865234,positive,10.0,10.0,0.10184687376022339,0.12882493436336517,0.06097259745001793,0.36012765765190125,108,35
0.003459453582763672,positive,10.0,10.0,0.11088395863771439,0.12699998915195465,0.06992068886756897,0.40066614747047424,108,37
0.003619670867919922,positive,10.0,10.0,0.11984524130821228,0.514988124370575,0.08055043965578079,-0.13629253208637238,108,39
0.0041391849517822266,positive,10.0,10.0,0.16961784660816193,0.5085299015045166,0.08885267376899719,0.0066502452827990055,108,45
0.004306793212890625,positive,10.0,10.0,0.19383390247821808,0.896018922328949,0.08385109901428223,-0.5200713872909546,108,47
0.004683256149291992,positive,10.0,10.0,0.2676202952861786,0.30597639083862305,0.05992512404918671,0.4639492928981781,108,52
0.0048291683197021484,positive,10.0,10.0,0.28374385833740234,0.3041623830795288,0.07301891595125198,0.5044265985488892,108,54
0.004980325698852539,positive,10.0,10.0,0.29979076981544495,0.6920257210731506,0.08781982958316803,-0.029735341668128967,108,56
0.005044221878051758,positive,10.0,10.0,0.3136312961578369,0.8857856392860413,0.08722512423992157,-0.2934693992137909,108,57
0.0052759647369384766,positive,10.0,10.0,0.3628057539463043,1.0772650241851807,0.0770527571439743,-0.5063269138336182,108,60
0.005424022674560547,positive,10.0,10.0,0.40197399258613586,1.075250506401062,0.06311839818954468,-0.4612334668636322,108,62
0.005487680435180664,positive,10.0,10.0,0.42347899079322815,1.2694262266159058,0.05389373004436493,-0.7333725094795227,108,63
0.005877017974853516,positive,10.0,10.0,0.5112841725349426,0.2913244068622589,0.04169398173689842,0.7868680953979492,108,68
0.005938291549682617,positive,10.0,10.0,0.5171106457710266,0.485849529504776,0.05743134394288063,0.5075884461402893,108,69
0.006006717681884766,positive,10.0,10.0,0.5268276333808899,0.2899673879146576,0.0675831139087677,0.8178027272224426,108,70
0.0063631534576416016,negative,10.0,-10.0,0.5342949628829956,-0.1050555408000946,0.1593562811613083,1.5230709314346313,108,74
0.0005171298980712891,positive,10.0,10.0,0.007608057465404272,-0.2090059369802475,0.014822294935584068,0.31773841381073,109,1
0.0010747909545898438,positive,10.0,10.0,-0.0013386114733293653,-0.2102288007736206,0.02921983413398266,0.34480905532836914,109,5
0.0013568401336669922,positive,10.0,10.0,-0.017881333827972412,-0.40693676471710205,0.056356560438871384,0.6732023358345032,109,8
0.001443624496459961,positive,10.0,10.0,-0.026020070537924767,-0.21264155209064484,0.06982060521841049,0.39878225326538086,109,9
0.0015227794647216797,positive,10.0,10.0,-0.03027290105819702,-0.018575966358184814,0.07779625058174133,0.12890370190143585,109,10
0.0015933513641357422,positive,10.0,10.0,-0.03064442053437233,0.17535032331943512,0.0803743302822113,-0.13825686275959015,109,11
0.0019659996032714844,positive,10.0,10.0,-0.016749532893300056,-0.21896480023860931,0.0722566694021225,0.538608193397522,109,15
0.0020449161529541016,positive,10.0,10.0,-0.021128829568624496,-0.024929070845246315,0.08302883803844452,0.26953908801078796,109,16
0.002125978469848633,positive,10.0,10.0,-0.021627409383654594,0.16891591250896454,0.08841961622238159,0.0041557191871106625,109,17
0.0022051334381103516,positive,10.0,10.0,-0.018249092623591423,0.3626658618450165,0.08850273489952087,-0.259372353553772,109,18
0.0022852420806884766,positive,10.0,10.0,-0.010995774529874325,0.5564202070236206,0.08331528306007385,-0.5228805541992188,109,19
0.002355337142944336,positive,10.0,10.0,0.00013262916763778776,0.36023053526878357,0.07285767793655396,-0.20515047013759613,109,20
0.0024404525756835938,positive,10.0,10.0,0.007337239570915699,0.55423903465271,0.0687546655535698,-0.4739900231361389,109,21
0.0025179386138916016,positive,10.0,10.0,0.018422020599246025,0.35821691155433655,0.059274863451719284,-0.16045355796813965,109,22
0.002694368362426758,positive,10.0,10.0,0.02883233316242695,-0.033579424023628235,0.05907227843999863,0.4601544737815857,109,24
0.00276947021484375,positive,10.0,10.0,0.028160743415355682,0.16065996885299683,0.06827536970376968,0.1866607517004013,109,25
0.0028450489044189453,positive,10.0,10.0,0.031373944133520126,-0.03536903113126755,0.07200858741998672,0.5000765323638916,109,26
0.002926349639892578,positive,10.0,10.0,0.030666563659906387,0.15866783261299133,0.08201011270284653,0.2309277355670929,109,27
0.0031998157501220703,positive,10.0,10.0,0.051816634833812714,0.3500726819038391,0.07995376735925674,0.019555702805519104,109,30
0.003551959991455078,positive,10.0,10.0,0.09528937935829163,0.7358844876289368,0.061190079897642136,-0.4691479802131653,109,34
0.0036683082580566406,positive,10.0,10.0,0.11000707000494003,0.5399539470672607,0.05180712044239044,-0.15782348811626434,109,35
0.003936052322387695,positive,10.0,10.0,0.1384592056274414,0.34270021319389343,0.04914143308997154,0.18232111632823944,109,38
0.004003286361694336,positive,10.0,10.0,0.14531320333480835,0.14691078662872314,0.05278785526752472,0.4900924861431122,109,39
0.004596710205078125,positive,10.0,10.0,0.20840243995189667,0.7249419093132019,0.0658617690205574,-0.2272830456495285,109,46
0.004668712615966797,positive,10.0,10.0,0.22290126979351044,0.5289435386657715,0.0613161101937294,0.08542640507221222,109,47
0.004838466644287109,positive,10.0,10.0,0.2401401251554489,0.5271725058555603,0.07096077501773834,0.1246415227651596,109,49
0.005086183547973633,positive,10.0,10.0,0.26780813932418823,0.3289223313331604,0.08563416451215744,0.48763635754585266,109,52
0.005432844161987305,positive,10.0,10.0,0.3173675835132599,0.7135509252548218,0.09313715994358063,0.02461875230073929,109,56
0.0055048465728759766,positive,10.0,10.0,0.3316386044025421,0.907222330570221,0.09362953901290894,-0.2372865229845047,109,57
0.005578517913818359,positive,10.0,10.0,0.3497830629348755,1.1008906364440918,0.08888380229473114,-0.49902963638305664,109,58
0.005839347839355469,positive,10.0,10.0,0.4118644893169403,0.9024426937103271,0.06637904047966003,-0.13105779886245728,109,61
0.0059964656829833984,positive,10.0,10.0,0.44404205679893494,0.5104621648788452,0.06739401072263718,0.49390140175819397,109,63
0.006067037582397461,positive,10.0,10.0,0.4542512893676758,0.3144576847553253,0.07727204263210297,0.8070395588874817,109,64
0.006379365921020508,negative,10.0,-10.0,0.4792610704898834,0.30881035327911377,0.14523082971572876,0.9383588433265686,109,68
0.006451129913330078,negative,10.0,-10.0,0.485437273979187,0.5017073750495911,0.16399800777435303,0.6946073174476624,109,69
0.0005900859832763672,positive,10.0,10.0,0.027144435793161392,-0.21096183359622955,0.0318911150097847,0.2724907398223877,110,3
0.0008873939514160156,positive,10.0,10.0,0.010555822402238846,-0.017552034929394722,0.054729510098695755,0.017482038587331772,110,6
0.0009553432464599609,positive,10.0,10.0,0.010204781778156757,-0.21341441571712494,0.055079150944948196,0.3269181549549103,110,7
0.0013172626495361328,positive,10.0,10.0,0.0008350108982995152,-0.21693995594978333,0.07175663113594055,0.40518543124198914,110,11
0.0014989376068115234,positive,10.0,10.0,-0.003961889538913965,0.1709875762462616,0.08257955312728882,-0.13049758970737457,110,13
0.0015723705291748047,positive,10.0,10.0,-0.0005421381210908294,0.3648354709148407,0.07996959984302521,-0.39602771401405334,110,14
0.0016436576843261719,positive,10.0,10.0,0.006754571106284857,0.16867533326148987,0.07204904407262802,-0.07924187183380127,110,15
0.0018184185028076172,positive,10.0,10.0,0.01738196611404419,0.5567471385002136,0.06349717825651169,-0.6180087327957153,110,17
0.0024526119232177734,positive,10.0,10.0,0.05992943048477173,-0.03255851939320564,0.035885993391275406,0.3486500084400177,110,24
0.0027065277099609375,positive,10.0,10.0,0.06184547767043114,0.160792738199234,0.05167664214968681,0.09496457129716873,110,27
0.002885103225708008,positive,10.0,10.0,0.06436073035001755,0.15929245948791504,0.06164579838514328,0.12817105650901794,110,29
0.0029587745666503906,positive,10.0,10.0,0.06754657626152039,0.35347962379455566,0.0642092227935791,-0.14444400370121002,110,30
0.003231048583984375,positive,10.0,10.0,0.0769972875714302,0.1557081639766693,0.07425932586193085,0.20754678547382355,110,33
0.0032968521118164062,positive,10.0,10.0,0.08011144399642944,0.34969404339790344,0.07841026037931442,-0.0608178973197937,110,34
0.003468036651611328,positive,10.0,10.0,0.09797751158475876,0.34747809171676636,0.07063854485750198,-0.011774909682571888,110,36
0.0037305355072021484,positive,10.0,10.0,0.11486482620239258,0.5394166707992554,0.07710283994674683,-0.2349591702222824,110,39
0.0038237571716308594,positive,10.0,10.0,0.12565316259860992,0.7333571910858154,0.07240365445613861,-0.5023598670959473,110,40
0.003912210464477539,positive,10.0,10.0,0.1403203010559082,0.9273878931999207,0.062356457114219666,-0.7713753581047058,110,41
0.0039825439453125,positive,10.0,10.0,0.15886805951595306,0.7314658164978027,0.046928953379392624,-0.4597424566745758,110,42
0.004156351089477539,positive,10.0,10.0,0.1842116415500641,0.3400716483592987,0.03468121215701103,0.15169984102249146,110,44
0.00423121452331543,positive,10.0,10.0,0.19101306796073914,0.1444706916809082,0.037715211510658264,0.4551190733909607,110,45
0.0044019222259521484,positive,10.0,10.0,0.20068328082561493,0.1432800143957138,0.05030876770615578,0.4816358685493469,110,47
0.004478931427001953,positive,10.0,10.0,0.2035488784313202,0.33765709400177,0.05994148552417755,0.2052236944437027,110,48
0.0046558380126953125,positive,10.0,10.0,0.21313664317131042,0.335895836353302,0.0743698924779892,0.24436375498771667,110,50
0.0047376155853271484,positive,10.0,10.0,0.21985456347465515,0.5298811197280884,0.07925716787576675,-0.023965241387486458,110,51
0.004906415939331055,positive,10.0,10.0,0.24492783844470978,0.5276305675506592,0.07296532392501831,0.025825083255767822,110,53
0.004983425140380859,positive,10.0,10.0,0.25548043847084045,0.7216343879699707,0.07348182797431946,-0.24297359585762024,110,54
0.005267620086669922,positive,10.0,10.0,0.31042033433914185,0.913851797580719,0.042752355337142944,-0.47142958641052246,110,57
0.005340099334716797,positive,10.0,10.0,0.3286973536014557,0.7181529402732849,0.03332376107573509,-0.16558407247066498,110,58
0.005519866943359375,positive,10.0,10.0,0.3535118103027344,0.3270314931869507,0.03276053071022034,0.4394206702709198,110,60
0.005690336227416992,positive,10.0,10.0,0.37048596143722534,0.3259834051132202,0.04469379037618637,0.46273788809776306,110,62
0.005888700485229492,positive,10.0,10.0,0.3874145448207855,0.7147563695907593,0.057637959718704224,-0.09071744978427887,110,64
0.0060520172119140625,positive,10.0,10.0,0.4120868146419525,0.3229840397834778,0.06021518632769585,0.5293352007865906,110,66
0.006113767623901367,positive,10.0,10.0,0.41854649782180786,0.5172094702720642,0.07080189138650894,0.2562176287174225,110,67
0.006190061569213867,positive,10.0,10.0,0.4288907051086426,0.7112528681755066,0.07592624425888062,-0.01331987977027893,110,68
0.0063610076904296875,positive,10.0,10.0,0.4612199068069458,1.0991742610931396,0.07003755867481232,-0.5490077137947083,110,70
0.006434917449951172,positive,10.0,10.0,0.4832034111022949,0.903141975402832,0.05905740708112717,-0.235105961561203,110,71
0.006608009338378906,positive,10.0,10.0,0.5154107809066772,0.5113707780838013,0.05586739256978035,0.38492995500564575,110,73
0.006772279739379883,positive,10.0,10.0,0.5319482684135437,0.5096873641014099,0.07745981216430664,0.42267724871635437,110,75
0.007162332534790039,negative,10.0,-10.0,0.5569807291030884,0.11445179581642151,0.13778603076934814,1.1261088848114014,110,79
0.007441282272338867,negative,10.0,-10.0,0.5654202699661255,0.5001494884490967,0.17790067195892334,0.6413218975067139,110,81
0.0075113773345947266,negative,10.0,-10.0,0.5754233002662659,0.30305230617523193,0.1907271146774292,0.9843289852142334,110,82
0.00034546852111816406,positive,10.0,10.0,0.016629474237561226,-0.20361128449440002,-0.033488791435956955,0.2790059745311737,111,1
0.0004246234893798828,positive,10.0,10.0,0.012557249516248703,-0.3982398808002472,-0.027908669784665108,0.5609413385391235,111,2
0.0006642341613769531,positive,10.0,10.0,0.0003900711890310049,-0.2023366093635559,-0.01226392388343811,0.25073114037513733,111,5
0.0008037090301513672,positive,10.0,10.0,-0.01160228718072176,-0.20205819606781006,0.003541111946105957,0.24456243216991425,111,7
0.000865936279296875,positive,10.0,10.0,-0.015643451362848282,-0.006987008266150951,0.008432360365986824,-0.0470014326274395,111,8
0.0011589527130126953,positive,10.0,10.0,-0.031827155500650406,-0.397959440946579,0.028418971225619316,0.5545834898948669,111,12
0.0013051033020019531,positive,10.0,10.0,-0.043851301074028015,-0.39891064167022705,0.04493040218949318,0.5758663415908813,111,14
0.001447439193725586,positive,10.0,10.0,-0.05591844022274017,-0.4003256559371948,0.06240111589431763,0.6076071262359619,111,16
0.0015101432800292969,positive,10.0,10.0,-0.06392495334148407,-0.20612910389900208,0.07455325871706009,0.3352132737636566,111,17
0.001569986343383789,positive,10.0,10.0,-0.06804753839969635,-0.40222853422164917,0.08125752210617065,0.6504436731338501,111,18
0.0016293525695800781,positive,10.0,10.0,-0.07609210908412933,-0.2083267718553543,0.09426639974117279,0.3844141960144043,111,19
0.001922607421875,positive,10.0,10.0,-0.06952762603759766,0.175940603017807,0.09381303191184998,-0.07104749232530594,111,23
0.001981496810913086,positive,10.0,10.0,-0.06600881367921829,0.36960113048553467,0.09239207953214645,-0.3327203392982483,111,24
0.002192258834838867,positive,10.0,10.0,-0.04780915006995201,0.560893177986145,0.07995308935642242,-0.541380763053894,111,27
0.0022516250610351562,positive,10.0,10.0,-0.036591287702322006,0.36474382877349854,0.0691254734992981,-0.22461552917957306,111,28
0.002309560775756836,positive,10.0,10.0,-0.029296409338712692,0.1687055081129074,0.06463316082954407,0.08904638886451721,111,29
0.002368927001953125,positive,10.0,10.0,-0.025922300294041634,-0.027280477806925774,0.06641408801078796,0.40140044689178467,111,30
0.002429962158203125,positive,10.0,10.0,-0.026467910036444664,0.16683967411518097,0.07444210350513458,0.13037356734275818,111,31
0.0024890899658203125,positive,10.0,10.0,-0.02313111536204815,0.3608206808567047,0.07704956829547882,-0.13792631030082703,111,32
0.00262451171875,positive,10.0,10.0,-0.004819515626877546,0.3586668074131012,0.06618422269821167,-0.09019210934638977,111,34
0.0026848316192626953,positive,10.0,10.0,0.0023538207169622183,0.16266170144081116,0.06438037753105164,0.2226158082485199,111,35
0.002745389938354492,positive,10.0,10.0,0.005607054568827152,-0.033318545669317245,0.06883269548416138,0.5348919034004211,111,36
0.0028061866760253906,positive,10.0,10.0,0.004940683953464031,0.16077136993408203,0.07953053712844849,0.2646673023700714,111,37
0.002869129180908203,positive,10.0,10.0,0.00815611146390438,0.3546734154224396,0.08482388406991959,-0.0019090892747044563,111,38
0.0029277801513671875,positive,10.0,10.0,0.015249580144882202,0.5484828948974609,0.08478569984436035,-0.26666978001594543,111,39
0.002986907958984375,positive,10.0,10.0,0.026219237595796585,0.7422989010810852,0.07945230603218079,-0.5314522981643677,111,40
0.0030536651611328125,positive,10.0,10.0,0.041065216064453125,0.5461545586585999,0.06882325559854507,-0.21482951939105988,111,41
0.003723621368408203,positive,10.0,10.0,0.11524947732686996,0.3421218991279602,0.0810253918170929,0.27581286430358887,111,50
0.003786325454711914,positive,10.0,10.0,0.12209191918373108,0.5360000133514404,0.08654165267944336,0.009745240211486816,111,51
0.0039250850677490234,positive,10.0,10.0,0.14740753173828125,0.9235643744468689,0.08164801448583603,-0.5185407400131226,111,53
0.003985404968261719,positive,10.0,10.0,0.16587883234024048,0.7273935675621033,0.0712772011756897,-0.2012869119644165,111,54
0.004124164581298828,positive,10.0,10.0,0.19105327129364014,0.3353104889392853,0.06951149553060532,0.4261210560798645,111,56
0.004261970520019531,positive,10.0,10.0,0.2083471268415451,0.7233055830001831,0.08115663379430771,-0.1109447106719017,111,58
0.004324436187744141,positive,10.0,10.0,0.22281323373317719,0.9171764254570007,0.07893773913383484,-0.37696003913879395,111,59
0.004382610321044922,positive,10.0,10.0,0.24115677177906036,0.7210273146629333,0.0713985413312912,-0.0604688934981823,111,60
0.0044405460357666016,positive,10.0,10.0,0.25557732582092285,0.5249581336975098,0.07018916308879852,0.25385889410972595,111,61
0.00472712516784668,positive,10.0,10.0,0.29744628071784973,0.9103652834892273,0.09333080798387527,-0.22646473348140717,111,65
0.004865169525146484,positive,10.0,10.0,0.3377343714237213,0.9077828526496887,0.07903531193733215,-0.1690138876438141,111,67
0.0051538944244384766,positive,10.0,10.0,0.41022685170173645,0.903711199760437,0.06839195638895035,-0.07883261889219284,111,71
0.005215644836425781,positive,10.0,10.0,0.428301066160202,0.7076788544654846,0.06681530922651291,0.23462001979351044,111,72
0.005275726318359375,positive,10.0,10.0,0.44245463609695435,0.5116690397262573,0.07150770723819733,0.5476077795028687,111,73
0.005333900451660156,positive,10.0,10.0,0.4526880383491516,0.31561917066574097,0.08245985954999924,0.8619363903999329,111,74
0.005785703659057617,negative,10.0,-10.0,0.5252420902252197,1.0858052968978882,0.1429956555366516,-0.08490771055221558,111,80
0.00646519660949707,positive,10.0,10.0,0.7738919258117676,1.6547141075134277,0.07694381475448608,-0.6012257933616638,111,89
0.006676435470581055,positive,10.0,10.0,0.8614106774330139,1.066701054573059,0.05975458770990372,0.3378594219684601,111,92
0.0071218013763427734,negative,10.0,-10.0,0.9383983612060547,0.27922043204307556,0.1832572966814041,1.6858112812042236,111,98
0.0003097057342529297,positive,10.0,10.0,0.040039513260126114,-0.16452273726463318,-0.045670993626117706,0.2330217808485031,112,1
0.0003802776336669922,positive,10.0,10.0,0.03674905747175217,-0.35896337032318115,-0.04101055860519409,0.5109559893608093,112,2
0.0007691383361816406,positive,10.0,10.0,0.008748612366616726,-0.16203954815864563,-0.0036645180080085993,0.17797879874706268,112,7
0.0008292198181152344,positive,10.0,10.0,0.005507821217179298,-0.35710886120796204,-0.00010494206799194217,0.4695034325122833,112,8
0.0011229515075683594,positive,10.0,10.0,-0.007460033521056175,-0.3575723469257355,0.014236800372600555,0.4797441363334656,112,12
0.0011835098266601562,positive,10.0,10.0,-0.014611480757594109,-0.16265423595905304,0.023831682279706,0.1915820986032486,112,13
0.0012428760528564453,positive,10.0,10.0,-0.017864564433693886,-0.35810884833335876,0.027663324028253555,0.4916866421699524,112,14
0.0013015270233154297,positive,10.0,10.0,-0.02502674236893654,-0.16338782012462616,0.037497058510780334,0.20784880220890045,112,15
0.0013628005981445312,positive,10.0,10.0,-0.028294498100876808,-0.35902532935142517,0.041654035449028015,0.5121203660964966,112,16
0.0017514228820800781,positive,10.0,10.0,-0.04872835427522659,-0.16771097481250763,0.07256542891263962,0.30382034182548523,112,21
0.002117633819580078,positive,10.0,10.0,-0.034509096294641495,0.022044265642762184,0.06105926260352135,0.12900274991989136,112,26
0.0021774768829345703,positive,10.0,10.0,-0.034068211913108826,-0.17389681935310364,0.0636393204331398,0.4403069317340851,112,27
0.0022377967834472656,positive,10.0,10.0,-0.03754614666104317,0.0202694870531559,0.07244545966386795,0.1683443784713745,112,28
0.0024542808532714844,positive,10.0,10.0,-0.02469024434685707,0.21215316653251648,0.06643033027648926,-0.053457483649253845,112,31
0.0025186538696289062,positive,10.0,10.0,-0.020447181537747383,0.01614469476044178,0.06536117941141129,0.2594228982925415,112,32
0.0027315616607666016,positive,10.0,10.0,-0.023436838760972023,0.20808249711990356,0.08803602308034897,0.0365942008793354,112,35
0.002791881561279297,positive,10.0,10.0,-0.019275188446044922,0.40183889865875244,0.08876790851354599,-0.22706572711467743,112,36
0.0028533935546875,positive,10.0,10.0,-0.011238410137593746,0.5955874919891357,0.084226593375206,-0.49048087000846863,112,37
0.002913236618041992,positive,10.0,10.0,0.0006733398768119514,0.39938467741012573,0.07441697269678116,-0.1724865734577179,112,38
0.0029768943786621094,positive,10.0,10.0,0.00866103358566761,0.5933670401573181,0.07096724212169647,-0.4407963752746582,112,39
0.0031180381774902344,positive,10.0,10.0,0.028474699705839157,0.20136156678199768,0.05961904302239418,0.18501166999340057,112,41
0.003178119659423828,positive,10.0,10.0,0.032501932233572006,0.005439504981040955,0.06331928074359894,0.4958902597427368,112,42
0.003237009048461914,positive,10.0,10.0,0.03261072188615799,0.19961407780647278,0.07323708385229111,0.22381550073623657,112,43
0.003372669219970703,positive,10.0,10.0,0.04447534307837486,0.5875435471534729,0.07681546360254288,-0.31208348274230957,112,45
0.0038182735443115234,positive,10.0,10.0,0.0951605960726738,0.5811924934387207,0.07553289830684662,-0.17149262130260468,112,51
0.004186868667602539,positive,10.0,10.0,0.15306907892227173,0.3810090124607086,0.06304776668548584,0.23379765450954437,112,56
0.004248142242431641,positive,10.0,10.0,0.16068924963474274,0.18504555523395538,0.06772372126579285,0.5456826090812683,112,57
0.004466533660888672,positive,10.0,10.0,0.18343466520309448,0.7668917179107666,0.08430307358503342,-0.25679293274879456,112,60
0.004601955413818359,positive,10.0,10.0,0.2179867923259735,0.7645733952522278,0.06873241811990738,-0.20519784092903137,112,62
0.004663705825805664,positive,10.0,10.0,0.23327825963497162,0.5685392618179321,0.06462845951318741,0.10835043340921402,112,63
0.004952192306518555,positive,10.0,10.0,0.27864986658096313,0.5648173689842224,0.07575967907905579,0.1907566487789154,112,67
0.0050923824310302734,positive,10.0,10.0,0.3051217794418335,0.9526746869087219,0.07803285121917725,-0.3436520993709564,112,69
0.005312204360961914,positive,10.0,10.0,0.3583173155784607,0.754513680934906,0.06467486917972565,0.017262041568756104,112,72
0.005372762680053711,positive,10.0,10.0,0.37340760231018066,0.5585267543792725,0.0650201067328453,0.3296290338039398,112,73
0.005432605743408203,positive,10.0,10.0,0.3845781087875366,0.36254236102104187,0.07161269336938858,0.6420868635177612,112,74
0.0058879852294921875,negative,10.0,-10.0,0.41600707173347473,0.3534619212150574,0.1748104840517044,0.8528113961219788,112,80
0.0003108978271484375,positive,10.0,10.0,0.03824065625667572,-0.1728295534849167,0.0021533414255827665,0.25572335720062256,113,1
0.0007076263427734375,positive,10.0,10.0,0.013127238489687443,-0.3691529929637909,0.040002599358558655,0.5752525329589844,113,6
0.0008566379547119141,positive,10.0,10.0,0.0022518979385495186,0.019737256690859795,0.05741635337471962,0.01943141035735607,113,8
0.0009183883666992188,positive,10.0,10.0,0.002646643202751875,0.21399079263210297,0.057804979383945465,-0.25459760427474976,113,9
0.0009818077087402344,positive,10.0,10.0,0.006926459260284901,0.40824180841445923,0.05271302908658981,-0.5285022258758545,113,10
0.0011234283447265625,positive,10.0,10.0,0.027142975479364395,0.40691041946411133,0.026060577481985092,-0.4984840154647827,113,12
0.0012631416320800781,positive,10.0,10.0,0.047314293682575226,0.4063160717487335,0.00043406893382780254,-0.48513978719711304,113,14
0.0014750957489013672,positive,10.0,10.0,0.07559802383184433,0.6019018292427063,-0.03458111360669136,-0.7883350849151611,113,17
0.001535654067993164,positive,10.0,10.0,0.0876360610127449,0.40727150440216064,-0.050347816199064255,-0.5067288875579834,113,18
0.0016803741455078125,positive,10.0,10.0,0.10784279555082321,0.4088215231895447,-0.07677926868200302,-0.5417815446853638,113,20
0.0018208026885986328,positive,10.0,10.0,0.12031638622283936,0.021088192239403725,-0.09309978038072586,-0.010430339723825455,113,22
0.0018815994262695312,positive,10.0,10.0,0.12073814868927002,0.21741347014904022,-0.09330838918685913,-0.3309747278690338,113,23
0.0022475719451904297,positive,10.0,10.0,0.10375789552927017,-0.7507697939872742,-0.07431158423423767,0.9735170006752014,113,28
0.002389669418334961,positive,10.0,10.0,0.06984609365463257,-1.1391971111297607,-0.030002005398273468,1.5169734954833984,113,30
0.0030112266540527344,negative,10.0,-10.0,-0.0708075538277626,-0.7531077861785889,0.1591426432132721,1.0330501794815063,113,36
0.00035452842712402344,positive,10.0,10.0,0.02820354700088501,-0.1831115037202835,-0.009550599381327629,0.2924017906188965,114,1
0.0005373954772949219,positive,10.0,10.0,0.02478422224521637,-0.1829233467578888,-0.0037681220564991236,0.28823450207710266,114,3
0.0009281635284423828,positive,10.0,10.0,0.014296083711087704,0.01197949517518282,0.013362672179937363,0.00037991380668245256,114,8
0.0011518001556396484,positive,10.0,10.0,0.01110098883509636,-0.1837962567806244,0.019491495564579964,0.3075264096260071,114,11
0.0014536380767822266,positive,10.0,10.0,0.004163242410868406,-0.18526874482631683,0.033244695514440536,0.34012091159820557,114,15
0.00151824951171875,positive,10.0,10.0,0.0004578674561344087,0.009364799596369267,0.040047116577625275,0.058104049414396286,114,16
0.0015804767608642578,positive,10.0,10.0,0.0006451634108088911,-0.18630778789520264,0.04120919480919838,0.3631483018398285,114,17
0.0017311573028564453,positive,10.0,10.0,-0.0029168929904699326,-0.18757708370685577,0.05014694109559059,0.3913123309612274,114,19
0.0017933845520019531,positive,10.0,10.0,-0.006668434478342533,0.006798640824854374,0.057973187416791916,0.11485229432582855,114,20
0.0019342899322509766,positive,10.0,10.0,-0.01031454186886549,0.005114745814353228,0.06877517700195312,0.15215672552585602,114,22
0.0021636486053466797,positive,10.0,10.0,-0.013968341052532196,0.19698981940746307,0.0850628912448883,-0.06951688975095749,114,25
0.002623319625854492,positive,10.0,10.0,0.028827885165810585,0.19050821661949158,0.0552164651453495,0.07382255047559738,114,31
0.0027658939361572266,positive,10.0,10.0,0.03253084793686867,0.18891306221485138,0.06436096876859665,0.10911989957094193,114,33
0.0028295516967773438,positive,10.0,10.0,0.03630910813808441,-0.007069312036037445,0.06654336303472519,0.42139384150505066,114,34
0.0028908252716064453,positive,10.0,10.0,0.03616772219538689,0.18704983592033386,0.07497124373912811,0.15040887892246246,114,35
0.0029554367065429688,positive,10.0,10.0,0.039908718317747116,0.3810226619243622,0.0779794231057167,-0.1177121177315712,114,36
0.003017425537109375,positive,10.0,10.0,0.04752917215228081,0.5749457478523254,0.07562518119812012,-0.38481006026268005,114,37
0.003082275390625,positive,10.0,10.0,0.05902808904647827,0.37883615493774414,0.0679289773106575,-0.06927388161420822,114,38
0.003143310546875,positive,10.0,10.0,0.06660480797290802,0.18280941247940063,0.06654349714517593,0.24404387176036835,114,39
0.0032851696014404297,positive,10.0,10.0,0.06999706476926804,0.18085360527038574,0.08256341516971588,0.2875992953777313,114,41
0.0033500194549560547,positive,10.0,10.0,0.07361413538455963,0.37470704317092896,0.08831539750099182,0.022055739536881447,114,42
0.003496408462524414,positive,10.0,10.0,0.09247744828462601,0.762208104133606,0.08392634987831116,-0.5049281120300293,114,44
0.003875255584716797,positive,10.0,10.0,0.15288157761096954,0.1721191555261612,0.061538103967905045,0.48011818528175354,114,49
0.00402069091796875,positive,10.0,10.0,0.16365037858486176,0.170257568359375,0.07528942078351974,0.5216965079307556,114,51
0.004163026809692383,positive,10.0,10.0,0.1743403971195221,0.5580434799194336,0.09079647809267044,-0.010804603807628155,114,53
0.004227161407470703,positive,10.0,10.0,0.18550126254558563,0.7517539262771606,0.09058038145303726,-0.27351585030555725,114,54
0.004288434982299805,positive,10.0,10.0,0.2005363404750824,0.9454745054244995,0.08511006832122803,-0.5363112688064575,114,55
0.004349946975708008,positive,10.0,10.0,0.2194458395242691,0.7492654323577881,0.07438383996486664,-0.21807081997394562,114,56
0.004412651062011719,positive,10.0,10.0,0.23443114757537842,0.9432496428489685,0.07002242654561996,-0.4863937795162201,114,57
0.004715681076049805,positive,10.0,10.0,0.28637394309043884,0.5496244430541992,0.06858950108289719,0.17533814907073975,114,61
0.0047779083251953125,positive,10.0,10.0,0.2973664104938507,0.35359135270118713,0.07209625840187073,0.48884591460227966,114,62
0.004841804504394531,positive,10.0,10.0,0.3044382333755493,0.5476260185241699,0.08187317848205566,0.21972791850566864,114,63
0.004904747009277344,positive,10.0,10.0,0.31539076566696167,0.7414880394935608,0.08626773953437805,-0.0460471473634243,114,64
0.0050487518310546875,positive,10.0,10.0,0.34892600774765015,0.7390461564064026,0.07914052158594131,0.008018063381314278,114,66
0.0051097869873046875,positive,10.0,10.0,0.36370691657066345,0.9329491853713989,0.0793008804321289,-0.25868305563926697,114,67
0.005170345306396484,positive,10.0,10.0,0.3823659121990204,1.1268547773361206,0.07412721961736679,-0.525337278842926,114,68
0.005231618881225586,positive,10.0,10.0,0.40490299463272095,0.9307721853256226,0.06362047791481018,-0.21024778485298157,114,69
0.005296945571899414,positive,10.0,10.0,0.42351844906806946,0.7348009943962097,0.05941551923751831,0.10180611908435822,114,70
0.005442380905151367,positive,10.0,10.0,0.45679494738578796,0.733078122138977,0.05802053585648537,0.1398630142211914,114,72
0.005505084991455078,positive,10.0,10.0,0.47145649790763855,0.5371752381324768,0.06081779673695564,0.4502713084220886,114,73
0.006056785583496094,positive,10.0,10.0,0.5734990835189819,1.1136765480041504,0.09340716898441315,-0.23407584428787231,114,80
0.006273031234741211,positive,10.0,10.0,0.5957726240158081,1.307348370552063,0.08872564882040024,-0.4958954155445099,114,81
0.006337881088256836,positive,10.0,10.0,0.6219196319580078,1.11109459400177,0.07880774140357971,-0.17662164568901062,114,82
0.00640416145324707,positive,10.0,10.0,0.6441414952278137,1.3050055503845215,0.07527530938386917,-0.44343966245651245,114,83
0.0065500736236572266,positive,10.0,10.0,0.692419707775116,0.9128963351249695,0.06384631991386414,0.18486225605010986,114,85
0.0066967010498046875,positive,10.0,10.0,0.7250160574913025,0.5209156274795532,0.07748322933912277,0.810164749622345,114,87
0.008740663528442383,negative,10.0,-10.0,1.3352587223052979,1.4561775922775269,0.14720562100410461,0.23723402619361877,114,112
0.008862733840942383,negative,10.0,-10.0,1.364382266998291,1.2592928409576416,0.15195029973983765,0.5724894404411316,114,113
0.009011268615722656,negative,10.0,-10.0,1.4186080694198608,1.2549693584442139,0.17002546787261963,0.6706963777542114,114,115
0.00021576881408691406,positive,10.0,10.0,-0.03918655216693878,-0.015003903768956661,-0.0066676209680736065,-0.03488502278923988,115,0
0.0004279613494873047,positive,10.0,10.0,-0.04368722066283226,-0.40504562854766846,-0.0022515859454870224,0.546037495136261,115,2
0.0005035400390625,positive,10.0,10.0,-0.05178813263773918,-0.20989210903644562,0.008669164031744003,0.25264596939086914,115,3
0.0009284019470214844,positive,10.0,10.0,-0.08062614500522614,-0.4066687822341919,0.04661860689520836,0.5823164582252502,115,8
0.002130746841430664,positive,10.0,10.0,-0.07677147537469864,0.5461120009422302,0.09248904138803482,-0.379910409450531,115,23
0.0021941661834716797,positive,10.0,10.0,-0.06584923714399338,0.7398071885108948,0.08489082753658295,-0.6420583724975586,115,24
0.002257108688354492,positive,10.0,10.0,-0.05105309188365936,0.5436109304428101,0.07204966247081757,-0.32389581203460693,115,25
0.002320528030395508,positive,10.0,10.0,-0.04018087312579155,0.3475409746170044,0.06557174772024155,-0.009389631450176239,115,26
0.0023813247680664062,positive,10.0,10.0,-0.03323005512356758,0.15154291689395905,0.06538395583629608,0.30323994159698486,115,27
0.0024454593658447266,positive,10.0,10.0,-0.030199196189641953,0.3456750512123108,0.07144875079393387,0.03187314420938492,115,28
0.002506256103515625,positive,10.0,10.0,-0.023285694420337677,0.5397035479545593,0.07208621501922607,-0.23743894696235657,115,29
0.0027265548706054688,positive,10.0,10.0,0.012937339022755623,0.34183093905448914,0.053338199853897095,0.11674562841653824,115,32
0.002789735794067383,positive,10.0,10.0,0.01977395825088024,0.14598692953586578,0.055673111230134964,0.4257678687572479,115,33
0.002850770950317383,positive,10.0,10.0,0.02269369550049305,0.34027791023254395,0.06418846547603607,0.15114235877990723,115,34
0.002990245819091797,positive,10.0,10.0,0.03238522261381149,0.33840930461883545,0.07647860795259476,0.19260098040103912,115,36
0.0030531883239746094,positive,10.0,10.0,0.039153408259153366,0.5323586463928223,0.08033063262701035,-0.07500982284545898,115,37
0.003202199935913086,positive,10.0,10.0,0.06432542949914932,0.920159637928009,0.07200431078672409,-0.608126163482666,115,39
0.0035071372985839844,positive,10.0,10.0,0.11442122608423233,0.5266425013542175,0.060843925923109055,0.051417026668787,115,43
0.0035719871520996094,positive,10.0,10.0,0.12495407462120056,0.720841646194458,0.06187226623296738,-0.2214655578136444,115,44
0.003957509994506836,positive,10.0,10.0,0.18125982582569122,0.5212787389755249,0.06691136956214905,0.1700085550546646,115,49
0.004342794418334961,positive,10.0,10.0,0.2409825474023819,0.7108391523361206,0.07681431621313095,-0.00036688620457425714,115,54
0.004406929016113281,positive,10.0,10.0,0.2551993429660797,0.5147044062614441,0.07680697739124298,0.31552889943122864,115,55
0.004469633102416992,positive,10.0,10.0,0.2654934227466583,0.7086530923843384,0.08311755210161209,0.04802267253398895,115,56
0.004768848419189453,positive,10.0,10.0,0.337645947933197,0.7041135430335999,0.06677200645208359,0.1483086198568344,115,60
0.0049173831939697266,positive,10.0,10.0,0.3618902564048767,0.7021726965904236,0.07896391302347183,0.19137512147426605,115,62
0.004981517791748047,positive,10.0,10.0,0.3759337067604065,0.5060151219367981,0.08279141783714294,0.5078859329223633,115,63
0.005047321319580078,positive,10.0,10.0,0.38605400919914246,0.6998789310455322,0.09294913709163666,0.24239911139011383,115,64
0.005354404449462891,positive,10.0,10.0,0.4652809798717499,1.0844749212265015,0.08100170642137527,-0.22017672657966614,115,68
0.0054242610931396484,positive,10.0,10.0,0.4869704842567444,1.2783511877059937,0.07659817487001419,-0.4862491488456726,115,69
0.0055696964263916016,positive,10.0,10.0,0.5341822504997253,0.8862245082855225,0.06346434354782104,0.14256508648395538,115,71
0.005797863006591797,positive,10.0,10.0,0.5833993554115295,1.0783449411392212,0.07907737791538239,-0.08446328341960907,115,74
0.005864143371582031,positive,10.0,10.0,0.6049662828445435,1.2722495794296265,0.07738810777664185,-0.35118672251701355,115,75
0.0060880184173583984,positive,10.0,10.0,0.6695348024368286,0.6840174794197083,0.07523935288190842,0.5927032828330994,115,78
0.006150007247924805,positive,10.0,10.0,0.6832152009010315,0.8780100345611572,0.08709341287612915,0.324637234210968,115,79
0.0062100887298583984,positive,10.0,10.0,0.7007753849029541,1.0717909336090088,0.09358616173267365,0.060640737414360046,115,80
0.006353139877319336,positive,10.0,10.0,0.7475203275680542,1.4591023921966553,0.09077677130699158,-0.4624477028846741,115,82
0.006659030914306641,positive,10.0,10.0,0.8641048073768616,1.4545842409133911,0.05699934810400009,-0.36133459210395813,115,86
0.006722927093505859,positive,10.0,10.0,0.8931964635848999,1.2587003707885742,0.049772657454013824,-0.05123725160956383,115,87
0.0067844390869140625,positive,10.0,10.0,0.9183704853057861,1.0629013776779175,0.04874791204929352,0.25672465562820435,115,88
0.006846189498901367,positive,10.0,10.0,0.939628541469574,0.8671185970306396,0.053882405161857605,0.564376175403595,115,89
0.0069081783294677734,positive,10.0,10.0,0.9569708704948425,0.6712837219238281,0.06516993045806885,0.8735359907150269,115,90
0.0069696903228759766,positive,10.0,10.0,0.9703965783119202,0.47533905506134033,0.0826406478881836,1.185975432395935,115,91
0.007196664810180664,negative,10.0,-10.0,1.0105459690093994,1.0560195446014404,0.13802306354045868,0.4119064509868622,115,94
0.007345676422119141,negative,10.0,-10.0,1.0566452741622925,1.441701054573059,0.14957566559314728,-0.07747897505760193,115,96
0.007569313049316406,negative,10.0,-10.0,1.1391253471374512,1.240570306777954,0.15351079404354095,0.3526564836502075,115,99
0.007707357406616211,negative,10.0,-10.0,1.1926010847091675,1.2361992597579956,0.16280481219291687,0.450768381357193,115,101
0.007768154144287109,negative,10.0,-10.0,1.2173250913619995,1.0391942262649536,0.17182017862796783,0.7900215983390808,115,102
0.007828712463378906,negative,10.0,-10.0,1.2381088733673096,0.842181921005249,0.187620609998703,1.131455659866333,115,103
0.0003376007080078125,positive,10.0,10.0,-0.014913950115442276,-0.1614803820848465,-0.0007594564231112599,0.247789666056633,116,1
0.0006062984466552734,positive,10.0,10.0,-0.02850596234202385,-0.3568617105484009,0.01997849904000759,0.5462517142295837,116,4
0.0006814002990722656,positive,10.0,10.0,-0.03564319759607315,-0.1620260626077652,0.030903534963726997,0.259929895401001,116,5
0.0009152889251708984,positive,10.0,10.0,-0.04929478466510773,-0.35874223709106445,0.05296816676855087,0.5883356928825378,116,8
0.0010569095611572266,positive,10.0,10.0,-0.05975763872265816,0.029742397367954254,0.07099082320928574,0.04121168702840805,116,10
0.0011391639709472656,positive,10.0,10.0,-0.05916278809309006,-0.16632194817066193,0.07181505858898163,0.3554212152957916,116,11
0.0012047290802001953,positive,10.0,10.0,-0.06248923018574715,0.027709349989891052,0.07892348617315292,0.08621995151042938,116,12
0.0015072822570800781,positive,10.0,10.0,-0.044805265963077545,0.023346858099102974,0.0654856264591217,0.18255731463432312,116,16
0.0016512870788574219,positive,10.0,10.0,-0.047791291028261185,0.021434307098388672,0.07903994619846344,0.2250405251979828,116,18
0.0017955303192138672,positive,10.0,10.0,-0.04305574670433998,0.4091736674308777,0.0827067419886589,-0.3069005012512207,116,20
0.0018718242645263672,positive,10.0,10.0,-0.03487227484583855,0.21297655999660492,0.07656873017549515,0.010677273385226727,116,21
0.0019369125366210938,positive,10.0,10.0,-0.03061274252831936,0.016844773665070534,0.07678227871656418,0.3265022039413452,116,22
0.002236604690551758,positive,10.0,10.0,-0.005998427048325539,0.40228787064552307,0.07094281166791916,-0.1542787402868271,116,26
0.0023806095123291016,positive,10.0,10.0,0.006171843037009239,0.010201129131019115,0.07105553150177002,0.47320932149887085,116,28
0.0025267601013183594,positive,10.0,10.0,0.010460893623530865,0.39813506603240967,0.08459454029798508,-0.06249481439590454,116,30
0.002589702606201172,positive,10.0,10.0,0.018423594534397125,0.5919486284255981,0.08334464579820633,-0.327334463596344,116,31
0.0026569366455078125,positive,10.0,10.0,0.030262567102909088,0.3957451283931732,0.0767979547381401,-0.009575803764164448,116,32
0.0027227401733398438,positive,10.0,10.0,0.03817747160792351,0.5896865129470825,0.07660643756389618,-0.2770739495754242,116,33
0.0030279159545898438,positive,10.0,10.0,0.0852290540933609,0.19579139351844788,0.057175032794475555,0.390277236700058,116,37
0.003091573715209961,positive,10.0,10.0,0.08914487808942795,0.390057235956192,0.06498057395219803,0.11615494638681412,116,38
0.0031540393829345703,positive,10.0,10.0,0.09694602340459824,0.1940673142671585,0.06730367243289948,0.428610235452652,116,39
0.003301858901977539,positive,10.0,10.0,0.10859086364507675,0.5821329951286316,0.0790334939956665,-0.10993357002735138,116,41
0.00336456298828125,positive,10.0,10.0,0.12023352831602097,0.7760387063026428,0.07683482021093369,-0.37667253613471985,116,42
0.003984689712524414,positive,10.0,10.0,0.21258872747421265,0.7668913006782532,0.0766117051243782,-0.1742071509361267,116,50
0.00404810905456543,positive,10.0,10.0,0.227926567196846,0.9608379602432251,0.07312756031751633,-0.4417719841003418,116,51
0.004111528396606445,positive,10.0,10.0,0.24714331328868866,0.7647614479064941,0.06429211795330048,-0.12696298956871033,116,52
0.004173994064331055,positive,10.0,10.0,0.2624385356903076,0.5687801837921143,0.06175285950303078,0.1852903962135315,116,53
0.004238128662109375,positive,10.0,10.0,0.2738141417503357,0.3728315532207489,0.06545867025852203,0.49679693579673767,116,54
0.004459857940673828,positive,10.0,10.0,0.3078290522098541,0.9548310041427612,0.07905261963605881,-0.30898135900497437,116,57
0.00460505485534668,positive,10.0,10.0,0.3420991897583008,0.9526821970939636,0.0730239525437355,-0.26128172874450684,116,59
0.004825115203857422,positive,10.0,10.0,0.40310031175613403,0.7547920346260071,0.05286065861582756,0.09334731847047806,116,62
0.004889249801635742,positive,10.0,10.0,0.4181961417198181,0.5589538216590881,0.05472760275006294,0.40222808718681335,116,63
0.005358457565307617,positive,10.0,10.0,0.5044848918914795,0.9425362348556519,0.08026538789272308,-0.03685692325234413,116,69
0.0055806636810302734,positive,10.0,10.0,0.564869225025177,1.1342566013336182,0.0737345889210701,-0.25513768196105957,116,72
0.005642414093017578,positive,10.0,10.0,0.587554395198822,1.3282525539398193,0.06863183528184891,-0.5236825942993164,116,73
0.005702972412109375,positive,10.0,10.0,0.6141194105148315,1.5223448276519775,0.058158181607723236,-0.7939737439155579,116,74
0.005764007568359375,positive,10.0,10.0,0.6445662975311279,1.7166223526000977,0.0422787070274353,-1.0678083896636963,116,75
0.0059092044830322266,positive,10.0,10.0,0.717121958732605,2.106013059616089,-0.00601602578535676,-1.6329927444458008,116,77
0.005978107452392578,positive,10.0,10.0,0.7592422366142273,1.9109622240066528,-0.03867587819695473,-1.3421905040740967,116,78
0.006043434143066406,positive,10.0,10.0,0.7974614500999451,1.7163476943969727,-0.06551969051361084,-1.0618548393249512,116,79
0.006106376647949219,positive,10.0,10.0,0.8317884206771851,1.9122731685638428,-0.08675678819417953,-1.374361515045166,116,80
0.006250143051147461,negative,10.0,-10.0,0.9122012257575989,2.3046064376831055,-0.14810138940811157,-2.0188257694244385,116,82
0.006311178207397461,negative,10.0,-10.0,0.9582933187484741,2.1112987995147705,-0.18847790360450745,-1.7754212617874146,116,83
0.00020623207092285156,positive,10.0,10.0,0.015206769108772278,-0.04069923236966133,0.03901892527937889,0.024521464481949806,117,0
0.0016658306121826172,positive,10.0,10.0,0.01697363704442978,0.3272254168987274,0.08677766472101212,-0.06888698786497116,117,18
0.001969575881958008,positive,10.0,10.0,0.05080743134021759,0.712605893611908,0.07281823456287384,-0.5484175086021423,117,22
0.002263784408569336,positive,10.0,10.0,0.1311163604259491,1.0999397039413452,-0.0036534967366605997,-1.0679657459259033,117,26
0.0027189254760742188,negative,10.0,-10.0,0.27494925260543823,1.4946610927581787,-0.15263374149799347,-1.7683196067810059,117,32
0.0007781982421875,positive,10.0,10.0,0.0023657993879169226,-0.018804404884576797,0.07002061605453491,0.08630061149597168,118,6
0.0008442401885986328,positive,10.0,10.0,0.001989711308851838,0.17524763941764832,0.07174663245677948,-0.1834949254989624,118,7
0.0009098052978515625,positive,10.0,10.0,0.005494663957506418,0.3692735731601715,0.0680767297744751,-0.4527096450328827,118,8
0.0009734630584716797,positive,10.0,10.0,0.012880135327577591,0.17325827479362488,0.05902253836393356,-0.1393686681985855,118,9
0.0012767314910888672,positive,10.0,10.0,0.01103530079126358,-0.22034652531147003,0.07344450801610947,0.5216261744499207,118,13
0.0014276504516601562,positive,10.0,10.0,0.0061017489060759544,0.16749928891658783,0.08893624693155289,-0.012131637893617153,118,15
0.0014913082122802734,positive,10.0,10.0,0.009451734833419323,0.3612406551837921,0.08869361877441406,-0.27548232674598694,118,16
0.0015554428100585938,positive,10.0,10.0,0.01667654886841774,0.5549926161766052,0.08318396657705307,-0.5389261245727539,118,17
0.001619577407836914,positive,10.0,10.0,0.02777639962732792,0.3588058054447174,0.07240545004606247,-0.22123560309410095,118,18
0.0021619796752929688,positive,10.0,10.0,0.06587014347314835,0.15637537837028503,0.06858255714178085,0.23380747437477112,118,25
0.002304553985595703,positive,10.0,10.0,0.06820452958345413,0.15436434745788574,0.08420492708683014,0.27857962250709534,118,27
0.002687215805053711,negative,10.0,-10.0,0.052182622253894806,-0.048136431723833084,0.16453450918197632,0.7422633171081543,118,32
0.0027484893798828125,negative,10.0,-10.0,0.05121989548206329,0.14437833428382874,0.17937977612018585,0.5055462718009949,118,33
0.0028104782104492188,negative,10.0,-10.0,0.054107461124658585,0.3365793526172638,0.18949070572853088,0.274325966835022,118,34
0.0029528141021728516,negative,10.0,-10.0,0.07141032069921494,0.7204331755638123,0.1959148496389389,-0.17850854992866516,118,36
0.0030145645141601562,negative,10.0,-10.0,0.08581898361444473,0.9122908711433411,0.19234468042850494,-0.40355849266052246,118,37
0.003078460693359375,negative,10.0,-10.0,0.10406480729579926,0.7150357365608215,0.18427351117134094,-0.05693097412586212,118,38
0.0033142566680908203,negative,10.0,-10.0,0.1507057100534439,0.9020994305610657,0.17857134342193604,-0.17377367615699768,118,41
0.003377199172973633,negative,10.0,-10.0,0.1687476933002472,1.0942760705947876,0.17509587109088898,-0.4052334129810333,118,42
0.003438711166381836,negative,10.0,-10.0,0.19063322246074677,0.8971596360206604,0.1669911891222,-0.06286406517028809,118,43
0.003504037857055664,negative,10.0,-10.0,0.20857641100883484,1.0895427465438843,0.1657339185476303,-0.2985568344593048,118,44
0.0035669803619384766,negative,10.0,-10.0,0.2303672581911087,1.2819621562957764,0.15976278483867645,-0.5347281694412231,118,45
0.003791332244873047,negative,10.0,-10.0,0.30326059460639954,1.0808610916137695,0.13637341558933258,-0.1037810668349266,118,48
0.004487276077270508,positive,10.0,10.0,0.5355073809623718,1.2607747316360474,0.08837329596281052,-0.060274284332990646,118,57
0.004630327224731445,positive,10.0,10.0,0.5898134112358093,1.2582777738571167,0.08069143444299698,-0.004969476256519556,118,59
0.004933595657348633,positive,10.0,10.0,0.6981406807899475,1.2538270950317383,0.0716414600610733,0.09346072375774384,118,63
0.0052335262298583984,positive,10.0,10.0,0.7983236908912659,1.2497305870056152,0.08183932304382324,0.18418483436107635,118,67
0.005455970764160156,positive,10.0,10.0,0.8771372437477112,1.4411842823028564,0.08862687647342682,-0.028293704614043236,118,70
0.0055959224700927734,positive,10.0,10.0,0.9308591485023499,1.4386736154556274,0.09388067573308945,0.02732161618769169,118,72
0.00020599365234375,positive,10.0,10.0,-0.01952214539051056,0.011112982407212257,-0.03375566378235817,0.008332682773470879,119,0
0.0008502006530761719,positive,10.0,10.0,-0.02638130448758602,-0.37734806537628174,-0.022625993937253952,0.5545886754989624,119,4
0.0009143352508544922,positive,10.0,10.0,-0.033928267657756805,-0.18191584944725037,-0.011534220539033413,0.2548638880252838,119,5
0.0010557174682617188,positive,10.0,10.0,-0.0451040081679821,-0.18165941536426544,0.004440787248313427,0.24918240308761597,119,7
0.0012145042419433594,positive,10.0,10.0,-0.056274086236953735,-0.18185625970363617,0.020289689302444458,0.25356408953666687,119,9
0.0012776851654052734,positive,10.0,10.0,-0.05991121008992195,-0.3772619664669037,0.025360971689224243,0.5525770783424377,119,10
0.0013401508331298828,positive,10.0,10.0,-0.0674564465880394,-0.18250516057014465,0.03641251474618912,0.26799115538597107,119,11
0.0016376972198486328,positive,10.0,10.0,-0.08212722092866898,-0.18520785868167877,0.05941011384129524,0.32797738909721375,119,15
0.0027341842651367188,positive,10.0,10.0,-0.06204231455922127,0.5764644742012024,0.08849908411502838,-0.43015527725219727,119,29
0.0029611587524414062,positive,10.0,10.0,-0.03922811523079872,0.3779677152633667,0.08179409056901932,-0.06136040762066841,119,32
0.0032558441162109375,positive,10.0,10.0,-0.0013262226711958647,0.7636384963989258,0.06824717670679092,-0.5471513867378235,119,36
0.003317594528198242,positive,10.0,10.0,0.01394654717296362,0.5676274299621582,0.05730414763092995,-0.23377014696598053,119,37
0.0035343170166015625,positive,10.0,10.0,0.03625180944800377,0.3702130913734436,0.06186193227767944,0.11010800302028656,119,40
0.003595113754272461,positive,10.0,10.0,0.04365606978535652,0.17426174879074097,0.06406409293413162,0.4216485917568207,119,41
0.0036568641662597656,positive,10.0,10.0,0.04714130610227585,0.3684203028678894,0.07249706238508224,0.149830162525177,119,42
0.0037965774536132812,positive,10.0,10.0,0.06575837731361389,0.7563969492912292,0.07311107963323593,-0.3870721757411957,119,44
0.0040149688720703125,positive,10.0,10.0,0.09937910735607147,0.16834810376167297,0.06873051077127457,0.552448570728302,119,47
0.0040760040283203125,positive,10.0,10.0,0.10274606943130493,0.36244091391563416,0.0797794833779335,0.2821875810623169,119,48
0.004135847091674805,positive,10.0,10.0,0.10999488830566406,0.556339681148529,0.08542323112487793,0.015694884583353996,119,49
0.004430294036865234,positive,10.0,10.0,0.16995880007743835,0.5517220497131348,0.06656726449728012,0.11774493753910065,119,53
0.004659175872802734,positive,10.0,10.0,0.19910338521003723,0.743725597858429,0.08074504882097244,-0.10677041113376617,119,56
0.004799604415893555,positive,10.0,10.0,0.2327299565076828,0.7414576411247253,0.07115112245082855,-0.05652887374162674,119,58
0.004941225051879883,positive,10.0,10.0,0.2584669291973114,0.34934332966804504,0.07517508417367935,0.5716478824615479,119,60
0.0050046443939208984,positive,10.0,10.0,0.2654538154602051,0.5433350801467896,0.08660803735256195,0.303562730550766,119,61
0.005165815353393555,positive,10.0,10.0,0.29106298089027405,0.9308019876480103,0.09346732497215271,-0.22266164422035217,119,63
0.005232810974121094,positive,10.0,10.0,0.3096790015697479,1.1244723796844482,0.08901409059762955,-0.4844597578048706,119,64
0.005295276641845703,positive,10.0,10.0,0.33216845989227295,0.9282143712043762,0.07932490110397339,-0.16510272026062012,119,65
0.005435466766357422,positive,10.0,10.0,0.37317508459091187,0.9260050654411316,0.06738796085119247,-0.11609748005867004,119,67
0.0055773258209228516,positive,10.0,10.0,0.40629488229751587,0.5339961051940918,0.06900724023580551,0.5095394253730774,119,69
0.00563812255859375,positive,10.0,10.0,0.416974812746048,0.33797329664230347,0.07919803261756897,0.823145866394043,119,70
0.0060193538665771484,negative,10.0,-10.0,0.45830121636390686,0.5250453948974609,0.15609249472618103,0.7138583660125732,119,75
0.006400108337402344,negative,10.0,-10.0,0.5492872595787048,1.0970611572265625,0.18040211498737335,0.12418124824762344,119,80
0.006541728973388672,negative,10.0,-10.0,0.5970125198364258,1.0919944047927856,0.18075372278690338,0.23774561285972595,119,82
0.006687641143798828,negative,10.0,-10.0,0.6445351243019104,1.4761797189712524,0.18565025925636292,-0.2218146175146103,119,84
0.006749868392944336,negative,10.0,-10.0,0.674058735370636,1.278956651687622,0.18121397495269775,0.1232047751545906,119,85
0.006965160369873047,negative,10.0,-10.0,0.7545368671417236,1.46599543094635,0.18627776205539703,0.006886719726026058,119,88
0.007107257843017578,negative,10.0,-10.0,0.8170172572135925,1.4607959985733032,0.18198098242282867,0.12348214536905289,119,90
0.00021123886108398438,positive,10.0,10.0,-0.03539889678359032,-0.03281431272625923,0.010224221274256706,-0.010544580407440662,120,0
0.0004291534423828125,positive,10.0,10.0,-0.04061681032180786,-0.4233447015285492,0.01572026126086712,0.5811707377433777,120,2
0.0005037784576416016,positive,10.0,10.0,-0.04908370599150658,-0.6186833381652832,0.02734367735683918,0.8787640929222107,120,3
0.0005774497985839844,positive,10.0,10.0,-0.061457373201847076,-0.423943430185318,0.044918958097696304,0.5948014259338379,120,4
0.0006501674652099609,positive,10.0,10.0,-0.06993623822927475,-0.22947800159454346,0.05681498721241951,0.3165992498397827,120,5
0.0008840560913085938,positive,10.0,10.0,-0.07985353469848633,-0.03702092170715332,0.0710797980427742,0.08244303613901138,120,8
0.0009469985961914062,positive,10.0,10.0,-0.08059395104646683,-0.2330860048532486,0.07272865623235703,0.3966779112815857,120,9
0.0011649131774902344,positive,10.0,10.0,-0.08294077217578888,0.34864965081214905,0.08044982701539993,-0.40371429920196533,120,12
0.0013077259063720703,positive,10.0,10.0,-0.07291809469461441,0.3464982807636261,0.0706397145986557,-0.35579046607017517,120,14
0.0013689994812011719,positive,10.0,10.0,-0.06598813086748123,0.5405485033988953,0.06352390348911285,-0.625389039516449,120,15
0.0015132427215576172,positive,10.0,10.0,-0.04828516021370888,0.5389594435691833,0.0447482094168663,-0.5895633101463318,120,17
0.0015773773193359375,positive,10.0,10.0,-0.037505969405174255,0.3432404398918152,0.03295694291591644,-0.2831270694732666,120,18
0.001636505126953125,positive,10.0,10.0,-0.030641160905361176,0.14766429364681244,0.027294401079416275,0.019765416160225868,120,19
0.0018541812896728516,positive,10.0,10.0,-0.02570706605911255,-0.04871537536382675,0.034850578755140305,0.3403562307357788,120,22
0.001993894577026367,positive,10.0,10.0,-0.03156768158078194,-0.04979805275797844,0.05453414469957352,0.36454302072525024,120,24
0.002053976058959961,positive,10.0,10.0,-0.03256364166736603,0.14450818300247192,0.06182500347495079,0.08954207599163055,120,25
0.0024247169494628906,positive,10.0,10.0,-0.010498281568288803,0.3346749544143677,0.06324607133865356,-0.09420479834079742,120,30
0.0024869441986083984,positive,10.0,10.0,-0.0038047824054956436,0.13870622217655182,0.061361972242593765,0.21774254739284515,120,31
0.00262451171875,positive,10.0,10.0,-0.002175393979996443,0.1369020640850067,0.07629948109388351,0.2578601539134979,120,33
0.002766132354736328,positive,10.0,10.0,0.007179777603596449,0.5247215032577515,0.08126039057970047,-0.2757262587547302,120,35
0.002980947494506836,positive,10.0,10.0,0.042496033012866974,0.3265087604522705,0.060388416051864624,0.08627276122570038,120,38
0.003043651580810547,positive,10.0,10.0,0.04902620613574982,0.1305755227804184,0.062113869935274124,0.3973803222179413,120,39
0.00310516357421875,positive,10.0,10.0,0.051637716591358185,0.32476377487182617,0.07006147503852844,0.1249094009399414,120,40
0.003165006637573242,positive,10.0,10.0,0.05813299119472504,0.12871168553829193,0.0725596696138382,0.43884730339050293,120,41
0.00337982177734375,positive,10.0,10.0,0.07749404013156891,0.7104166746139526,0.08281312882900238,-0.36085736751556396,120,44
0.0037539005279541016,positive,10.0,10.0,0.132709801197052,0.899857759475708,0.07501304894685745,-0.5285940766334534,120,49
0.0038156509399414062,positive,10.0,10.0,0.1507069617509842,0.7037650346755981,0.06444116681814194,-0.2132490575313568,120,50
0.0038771629333496094,positive,10.0,10.0,0.16478227078914642,0.507783830165863,0.06017618626356125,0.09904524683952332,120,51
0.003937244415283203,positive,10.0,10.0,0.17493793368339539,0.3118533492088318,0.06215709075331688,0.4100900888442993,120,52
0.003997802734375,positive,10.0,10.0,0.18117500841617584,0.5060415267944336,0.07035889476537704,0.13763272762298584,120,53
0.004061222076416016,positive,10.0,10.0,0.1912958323955536,0.30998605489730835,0.07311154901981354,0.4516567885875702,120,54
0.004201412200927734,positive,10.0,10.0,0.20757560431957245,0.6978583335876465,0.08580239862203598,-0.08279464393854141,120,56
0.004277467727661133,positive,10.0,10.0,0.22153276205062866,0.8916522264480591,0.08414650708436966,-0.34722110629081726,120,57
0.004339933395385742,positive,10.0,10.0,0.239365816116333,1.0854828357696533,0.07720208913087845,-0.6122283339500427,120,58
0.00439906120300293,positive,10.0,10.0,0.2610754668712616,0.8893716335296631,0.06495752185583115,-0.2962628901004791,120,59
0.004537820816040039,positive,10.0,10.0,0.2927306294441223,0.4974699914455414,0.059355832636356354,0.3268871307373047,120,61
0.004838705062866211,positive,10.0,10.0,0.3324175477027893,0.8834123015403748,0.08796777576208115,-0.16479553282260895,120,65
0.004899263381958008,positive,10.0,10.0,0.3500857949256897,1.077172040939331,0.08467186242341995,-0.42848217487335205,120,66
0.0050427913665771484,positive,10.0,10.0,0.38924843072891235,1.0749130249023438,0.07389514148235321,-0.3780897259712219,120,68
0.005180835723876953,positive,10.0,10.0,0.4283231496810913,0.6828164458274841,0.06507229059934616,0.2497989386320114,120,70
0.0053195953369140625,positive,10.0,10.0,0.4517160654067993,0.29079684615135193,0.08131379634141922,0.8761855959892273,120,72
0.006548881530761719,positive,10.0,10.0,0.7827187776565552,1.435494303703308,0.08623448759317398,-0.3093177080154419,120,88
0.006611824035644531,positive,10.0,10.0,0.8114286065101624,1.6292884349822998,0.08004812896251678,-0.5736072659492493,120,89
0.00683140754699707,positive,10.0,10.0,0.8974194526672363,1.041138768196106,0.06457323580980301,0.3686859905719757,120,92
0.006970643997192383,positive,10.0,10.0,0.9351454377174377,1.0392143726348877,0.0855671614408493,0.41181838512420654,120,94
0.00703120231628418,positive,10.0,10.0,0.955929696559906,1.2330257892608643,0.0938035324215889,0.14729107916355133,120,95
0.00835728645324707,negative,10.0,-10.0,1.4179185628890991,1.7896063327789307,0.16370584070682526,-0.09785225242376328,120,112
0.008506059646606445,negative,10.0,-10.0,1.4855619668960571,1.395544409751892,0.16658231616020203,0.5806933045387268,120,114
0.008649110794067383,negative,10.0,-10.0,1.5374433994293213,1.390852928161621,0.19661369919776917,0.6890697479248047,120,116
0.0002448558807373047,positive,10.0,10.0,0.024019362404942513,-0.22268903255462646,0.04693896323442459,0.2613554000854492,121,1
0.0002994537353515625,positive,10.0,10.0,0.019565582275390625,-0.4184485077857971,0.05216607078909874,0.5684661865234375,121,2
0.0005397796630859375,positive,10.0,10.0,0.0015964293852448463,-0.031916555017232895,0.07649056613445282,0.06453947722911835,121,6
0.0007243156433105469,positive,10.0,10.0,0.011317871510982513,0.15987686812877655,0.06431543827056885,-0.1552543342113495,121,9
0.000982522964477539,positive,10.0,10.0,0.008394591510295868,0.15610431134700775,0.0776500552892685,-0.07192100584506989,121,13
0.0010340213775634766,positive,10.0,10.0,0.011516677215695381,0.35003212094306946,0.07621163874864578,-0.3391300141811371,121,14
0.0012590885162353516,positive,10.0,10.0,0.023791778832674026,0.3459165692329407,0.07517077028751373,-0.24801453948020935,121,18
0.00130462646484375,positive,10.0,10.0,0.030710110440850258,0.5398889780044556,0.07021047919988632,-0.5160720944404602,121,19
0.0015435218811035156,positive,10.0,10.0,0.05134347826242447,-0.04794871807098389,0.05802352726459503,0.418607234954834,121,22
0.0018739700317382812,positive,10.0,10.0,0.055204082280397415,0.33829277753829956,0.08219514042139053,-0.07937001436948776,121,26
0.0020296573638916016,positive,10.0,10.0,0.07261285930871964,0.3359755575656891,0.07370714098215103,-0.02805674821138382,121,28
0.0020952224731445312,positive,10.0,10.0,0.0793323740363121,0.5299673676490784,0.07314600050449371,-0.29660406708717346,121,29
0.002158641815185547,positive,10.0,10.0,0.08993171900510788,0.33388301730155945,0.06721392273902893,0.018221693113446236,121,30
0.002219676971435547,positive,10.0,10.0,0.09660938382148743,0.13786473870277405,0.06757835298776627,0.33133119344711304,121,31
0.0022847652435302734,positive,10.0,10.0,0.0993666723370552,0.3319629430770874,0.07420498132705688,0.060701385140419006,121,32
0.0024421215057373047,positive,10.0,10.0,0.11652486771345139,0.7199138402938843,0.07126545906066895,-0.47564876079559326,121,34
0.0025963783264160156,positive,10.0,10.0,0.14140038192272186,0.7180477976799011,0.058524828404188156,-0.4339629113674164,121,36
0.002752542495727539,positive,10.0,10.0,0.1662043035030365,0.3263489007949829,0.04737716540694237,0.1845625638961792,121,38
0.002912282943725586,positive,10.0,10.0,0.17534293234348297,0.3249480128288269,0.060904551297426224,0.21564573049545288,121,40
0.0030705928802490234,positive,10.0,10.0,0.184422105550766,0.32315725088119507,0.07575549930334091,0.25546127557754517,121,42
0.003223896026611328,positive,10.0,10.0,0.20122765004634857,0.7109951376914978,0.08061676472425461,-0.2785116732120514,121,44
0.0033762454986572266,positive,10.0,10.0,0.23354515433311462,0.7087882161140442,0.06415215134620667,-0.2293659895658493,121,46
0.0036089420318603516,positive,10.0,10.0,0.2643148899078369,0.5110902190208435,0.06909584999084473,0.12093834578990936,121,49
0.003674030303955078,positive,10.0,10.0,0.27453669905662537,0.31504982709884644,0.07151462137699127,0.4345952570438385,121,50
0.0038144588470458984,positive,10.0,10.0,0.2910194993019104,0.7029779553413391,0.08351223915815353,-0.10105522722005844,121,52
0.003877401351928711,positive,10.0,10.0,0.30507907271385193,0.8968099355697632,0.0814911350607872,-0.36626583337783813,121,53
0.0039386749267578125,positive,10.0,10.0,0.3230152726173401,0.700630247592926,0.07416582107543945,-0.049040909856557846,121,54
0.004004716873168945,positive,10.0,10.0,0.3370278775691986,0.8946146965026855,0.07318500429391861,-0.3174329102039337,121,55
0.004164695739746094,positive,10.0,10.0,0.36889079213142395,0.5025171041488647,0.06678439676761627,0.3104020655155182,121,57
0.0043182373046875,positive,10.0,10.0,0.385071337223053,0.11044927686452866,0.08545997738838196,0.9381260871887207,121,59
0.0006608963012695312,positive,10.0,10.0,0.030701447278261185,-0.40654900670051575,-0.01687774248421192,0.5986610651016235,122,2
0.0008206367492675781,positive,10.0,10.0,0.018346566706895828,-0.016003504395484924,0.0011096796952188015,0.0064843627624213696,122,4
0.0010564327239990234,positive,10.0,10.0,0.013482927344739437,0.17898043990135193,0.0073742191307246685,-0.2831677198410034,122,7
0.0012044906616210938,positive,10.0,10.0,0.016737617552280426,-0.2113923579454422,0.001947501441463828,0.30505406856536865,122,9
0.0012729167938232422,positive,10.0,10.0,0.012509770691394806,-0.016298215836286545,0.008048582822084427,0.012985981069505215,122,10
0.0016047954559326172,positive,10.0,10.0,0.011190058663487434,-0.01695111021399498,0.009436463937163353,0.027389252558350563,122,14
0.0016736984252929688,positive,10.0,10.0,0.010851036757230759,-0.2122071087360382,0.009984249249100685,0.32303449511528015,122,15
0.0017402172088623047,positive,10.0,10.0,0.0066068945452570915,-0.40746980905532837,0.016444938257336617,0.6188492178916931,122,16
0.0018029212951660156,positive,10.0,10.0,-0.0015425013843923807,-0.2125813513994217,0.028821922838687897,0.33139070868492126,122,17
0.0019545555114746094,positive,10.0,10.0,-0.006151753943413496,-0.21349313855171204,0.036408424377441406,0.35158783197402954,122,19
0.0020227432250976562,positive,10.0,10.0,-0.010421616956591606,-0.018907351419329643,0.04344018176198006,0.07060430198907852,122,20
0.0020890235900878906,positive,10.0,10.0,-0.010799763724207878,-0.2146243005990982,0.04485226795077324,0.37667015194892883,122,21
0.0023183822631835938,positive,10.0,10.0,-0.019815577194094658,-0.0216884296387434,0.06249885633587837,0.13213615119457245,122,24
0.002641916275024414,positive,10.0,10.0,-0.021662704646587372,-0.025657737627625465,0.07554615288972855,0.22004324197769165,122,28
0.0027055740356445312,positive,10.0,10.0,-0.022175859659910202,0.1683076024055481,0.07994702458381653,-0.0478854700922966,122,29
0.003505229949951172,positive,10.0,10.0,0.014338798820972443,0.5460047125816345,0.08768758177757263,-0.35786187648773193,122,39
0.0035774707794189453,positive,10.0,10.0,0.02525889314711094,0.3497527241706848,0.08053034543991089,-0.038867782801389694,122,40
0.003730297088623047,positive,10.0,10.0,0.03532542288303375,0.34747281670570374,0.08531492948532104,0.01159574929624796,122,42
0.0038101673126220703,positive,10.0,10.0,0.04227488115429878,0.15123751759529114,0.08554684370756149,0.32993027567863464,122,43
0.003875255584716797,positive,10.0,10.0,0.045299630612134933,0.3450441360473633,0.09214545041322708,0.06540355831384659,122,44
0.0040209293365478516,positive,10.0,10.0,0.06297516077756882,0.7324020266532898,0.08951664716005325,-0.4586453139781952,122,46
0.004083871841430664,positive,10.0,10.0,0.07762320339679718,0.536136269569397,0.08034373819828033,-0.13914261758327484,122,47
0.004309177398681641,positive,10.0,10.0,0.11362414807081223,0.3378446400165558,0.06766529381275177,0.2244177907705307,122,50
0.004534006118774414,positive,10.0,10.0,0.12993474304676056,0.5297083258628845,0.08827773481607437,0.003125256160274148,122,53
0.00459742546081543,positive,10.0,10.0,0.14052891731262207,0.7234606146812439,0.08834024518728256,-0.2604515254497528,122,54
0.0046613216400146484,positive,10.0,10.0,0.15499812364578247,0.9172177314758301,0.08313121646642685,-0.5240156054496765,122,55
0.0047261714935302734,positive,10.0,10.0,0.1733424812555313,0.7210302948951721,0.07265090197324753,-0.20633821189403534,122,56
0.004874706268310547,positive,10.0,10.0,0.1982620656490326,0.3289150893688202,0.07069111615419388,0.42183950543403625,122,58
0.005016326904296875,positive,10.0,10.0,0.21529972553253174,0.716873049736023,0.08217296749353409,-0.11445511877536774,122,60
0.005164146423339844,positive,10.0,10.0,0.24785172939300537,0.7145671844482422,0.07228139042854309,-0.06336096674203873,122,62
0.00522613525390625,positive,10.0,10.0,0.262143075466156,0.9085823893547058,0.0710141733288765,-0.3323915898799896,122,63
0.00529170036315918,positive,10.0,10.0,0.28031471371650696,0.7125252485275269,0.06436634063720703,-0.018186544999480247,122,64
0.005354642868041992,positive,10.0,10.0,0.29456523060798645,0.5165421366691589,0.06400260329246521,0.29409006237983704,122,65
0.005427360534667969,positive,10.0,10.0,0.3048960566520691,0.32056882977485657,0.06988440454006195,0.6062520146369934,122,66
0.005490303039550781,positive,10.0,10.0,0.31130746006965637,0.5146476030349731,0.0820094496011734,0.33637380599975586,122,67
0.005644321441650391,positive,10.0,10.0,0.3357706367969513,0.9022576212882996,0.09014967828989029,-0.19278228282928467,122,69
0.005791664123535156,positive,10.0,10.0,0.37573543190956116,0.8997527956962585,0.07717961072921753,-0.13713321089744568,122,71
0.005946159362792969,positive,10.0,10.0,0.41560429334640503,1.287680983543396,0.06634687632322311,-0.6728212833404541,122,73
0.0060117244720458984,positive,10.0,10.0,0.44135791063308716,1.0917026996612549,0.05289044976234436,-0.3600088059902191,122,74
0.006075620651245117,positive,10.0,10.0,0.463191956281662,0.8958703279495239,0.04569027200341225,-0.05112854391336441,122,75
0.0061419010162353516,positive,10.0,10.0,0.4811093509197235,0.7001240253448486,0.04466770216822624,0.2556127607822418,122,76
0.00670170783996582,negative,10.0,-10.0,0.5436396598815918,0.8866008520126343,0.14148317277431488,0.1548386961221695,122,83
0.008866310119628906,negative,10.0,-10.0,1.179093837738037,1.4278655052185059,0.15134145319461823,0.2507634460926056,122,108
0.008929967880249023,negative,10.0,-10.0,1.207651138305664,1.6205388307571411,0.15635672211647034,0.009381705895066261,122,109
0.008992910385131836,negative,10.0,-10.0,1.24006187915802,1.8131130933761597,0.15654435753822327,-0.23017410933971405,122,110
0.009053945541381836,negative,10.0,-10.0,1.2763241529464722,1.6161409616470337,0.15194088220596313,0.10750751942396164,122,111
0.009115457534790039,negative,10.0,-10.0,1.3086469173431396,1.4192051887512207,0.1540910303592682,0.44400686025619507,122,112
0.009595155715942383,negative,10.0,-10.0,1.5133304595947266,2.1841893196105957,0.1706683188676834,-0.3959798812866211,122,118
0.009819507598876953,negative,10.0,-10.0,1.6325578689575195,1.5930590629577637,0.16734559834003448,0.6235523819923401,122,121
0.00988626480102539,negative,10.0,-10.0,1.6644190549850464,1.785498023033142,0.17981664836406708,0.3878965377807617,122,122
0.010099411010742188,negative,10.0,-10.0,1.7396825551986694,2.1696832180023193,0.1907118558883667,-0.07127580046653748,122,124
0.01024770736694336,negative,10.0,-10.0,1.8303087949752808,2.1643874645233154,0.18332135677337646,0.0476522296667099,122,126
0.010477066040039062,negative,10.0,-10.0,1.9483397006988525,1.5727986097335815,0.20685182511806488,1.0832301378250122,122,129
0.0006678104400634766,positive,10.0,10.0,-0.04760180786252022,0.012893017381429672,0.033341191709041595,0.017945559695363045,123,2
0.0007383823394775391,positive,10.0,10.0,-0.04734394699335098,-0.18269082903862,0.03370010107755661,0.3209587633609772,123,3
0.0008885860443115234,positive,10.0,10.0,-0.050759054720401764,-0.18373821675777435,0.040901098400354385,0.34415727853775024,123,5
0.0009627342224121094,positive,10.0,10.0,-0.05443381890654564,0.010778740979731083,0.04778424650430679,0.06464745104312897,123,6
0.001028299331665039,positive,10.0,10.0,-0.054218243807554245,-0.18499457836151123,0.049077194184064865,0.37201547622680664,123,7
0.0012750625610351562,positive,10.0,10.0,-0.061459947377443314,0.00775941414758563,0.06652488559484482,0.13145986199378967,123,10
0.0013496875762939453,positive,10.0,10.0,-0.06130475550889969,-0.18824928998947144,0.06915408372879028,0.444366455078125,123,11
0.001413583755493164,positive,10.0,10.0,-0.06506974250078201,-0.3842780590057373,0.07804141193628311,0.758021891117096,123,12
0.0014760494232177734,positive,10.0,10.0,-0.07275530695915222,-0.19031335413455963,0.09320184588432312,0.4908812940120697,123,13
0.0022020339965820312,positive,10.0,10.0,-0.03005274571478367,0.3817721903324127,0.08812874555587769,-0.0965750515460968,123,22
0.0022661685943603516,positive,10.0,10.0,-0.022417301312088966,0.5755277872085571,0.08619724214076996,-0.36020419001579285,123,23
0.002576589584350586,positive,10.0,10.0,0.015684187412261963,0.5710746049880981,0.07215049862861633,-0.26124081015586853,123,27
0.002727985382080078,positive,10.0,10.0,0.04240760952234268,0.569100022315979,0.056319233030080795,-0.21732458472251892,123,29
0.002790212631225586,positive,10.0,10.0,0.05378960818052292,0.3732200860977173,0.05197273939847946,0.09257856011390686,123,30
0.0030243396759033203,positive,10.0,10.0,0.07223611325025558,0.17576107382774353,0.06436733901500702,0.43749216198921204,123,33
0.0030870437622070312,positive,10.0,10.0,0.07575133442878723,0.3699156939983368,0.07311718165874481,0.16577428579330444,123,34
0.0031502246856689453,positive,10.0,10.0,0.08314964920282364,0.563918948173523,0.07643266767263412,-0.10297580063343048,123,35
0.0032126903533935547,positive,10.0,10.0,0.09442803263664246,0.7578670978546143,0.07437314838171005,-0.37059926986694336,123,36
0.0032787322998046875,positive,10.0,10.0,0.10958537459373474,0.5617716312408447,0.06696116179227829,-0.05542364716529846,123,37
0.0035059452056884766,positive,10.0,10.0,0.13153111934661865,0.363817423582077,0.0824112743139267,0.3008214235305786,123,40
0.003570079803466797,positive,10.0,10.0,0.138807475566864,0.557673990726471,0.08842770010232925,0.03522498905658722,123,41
0.003634214401245117,positive,10.0,10.0,0.1499609500169754,0.7514238953590393,0.08913219720125198,-0.22830048203468323,123,42
0.003937721252441406,positive,10.0,10.0,0.21773070096969604,0.7468828558921814,0.062430351972579956,-0.12743279337882996,123,46
0.004000425338745117,positive,10.0,10.0,0.23266835510730743,0.5509246587753296,0.059881698340177536,0.18427443504333496,123,47
0.00407099723815918,positive,10.0,10.0,0.24368685483932495,0.354999303817749,0.06356718391180038,0.49523043632507324,123,48
0.0042150020599365234,positive,10.0,10.0,0.26177024841308594,0.7431690692901611,0.0779365748167038,-0.0453934371471405,123,50
0.004279613494873047,positive,10.0,10.0,0.276633620262146,0.9370919466018677,0.07702870666980743,-0.3125046193599701,123,51
0.0043408870697021484,positive,10.0,10.0,0.2953754663467407,0.7409619688987732,0.07077860832214355,0.0034420322626829147,123,52
0.004485607147216797,positive,10.0,10.0,0.3210926949977875,0.3488443195819855,0.07719925045967102,0.6317476630210876,123,54
0.004870891571044922,positive,10.0,10.0,0.39473429322242737,0.9273843765258789,0.08758003264665604,-0.09775508940219879,123,59
0.004946470260620117,positive,10.0,10.0,0.41328197717666626,1.1211490631103516,0.08562493324279785,-0.3615725338459015,123,60
0.00518798828125,positive,10.0,10.0,0.47658008337020874,1.3127731084823608,0.07132773101329803,-0.5773816108703613,123,63
0.005335330963134766,positive,10.0,10.0,0.5329720973968506,1.7010842561721802,0.04284472018480301,-1.1200703382492065,123,65
0.005481719970703125,positive,10.0,10.0,0.6049061417579651,2.0904808044433594,-0.007536927703768015,-1.6852338314056396,123,67
0.0058748722076416016,negative,10.0,-10.0,0.8062423467636108,1.8996256589889526,-0.16679717600345612,-1.5038939714431763,123,72
0.0059435367584228516,negative,10.0,-10.0,0.8442348837852478,1.706874132156372,-0.19687505066394806,-1.2675906419754028,123,73
0.0003819465637207031,positive,10.0,10.0,0.04006687179207802,-0.24426794052124023,-0.009313526563346386,0.3152778148651123,124,1
0.0004570484161376953,positive,10.0,10.0,0.03518151119351387,-0.04901456460356712,-0.003007969819009304,0.01967233046889305,124,2
0.0005283355712890625,positive,10.0,10.0,0.03420122340321541,-0.24409325420856476,-0.002614523284137249,0.3114047050476074,124,3
0.0005979537963867188,positive,10.0,10.0,0.029319357126951218,-0.048934146761894226,0.0036135707050561905,0.01789836958050728,124,4
0.0006792545318603516,positive,10.0,10.0,0.028340673074126244,-0.24410773813724518,0.003971538040786982,0.31171923875808716,124,5
0.0007481575012207031,positive,10.0,10.0,0.023458518087863922,-0.4392860531806946,0.010205922648310661,0.6056520342826843,124,6
0.0008149147033691406,positive,10.0,10.0,0.014672798104584217,-0.6345492005348206,0.022318962961435318,0.901531994342804,124,7
0.0008912086486816406,positive,10.0,10.0,0.0019818139262497425,-0.43973663449287415,0.040349602699279785,0.6159471273422241,124,8
0.0010554790496826172,positive,10.0,10.0,-0.019520888105034828,-0.4410262405872345,0.07108975201845169,0.6453839540481567,124,10
0.0011196136474609375,positive,10.0,10.0,-0.02834141254425049,-0.6370630860328674,0.08399743586778641,0.9595792293548584,124,11
0.002691984176635742,positive,10.0,10.0,0.0614888034760952,0.49997052550315857,0.08456730097532272,-0.056207552552223206,124,31
0.0027534961700439453,positive,10.0,10.0,0.07148821651935577,0.6937845349311829,0.08344314992427826,-0.32105642557144165,124,32
0.003050088882446289,positive,10.0,10.0,0.12685507535934448,0.6894104480743408,0.06077994778752327,-0.22380366921424866,124,36
0.0031890869140625,positive,10.0,10.0,0.15051276981830597,0.2975929379463196,0.0580521821975708,0.39731723070144653,124,38
0.003490447998046875,positive,10.0,10.0,0.18201704323291779,0.6838691830635071,0.08051112294197083,-0.10146456211805344,124,42
0.0037088394165039062,positive,10.0,10.0,0.22688156366348267,0.4855402708053589,0.0701010599732399,0.26291027665138245,124,45
0.0042266845703125,positive,10.0,10.0,0.3216744363307953,1.0622230768203735,0.07686436921358109,-0.4256480038166046,124,52
0.004517078399658203,positive,10.0,10.0,0.3831236660480499,0.27803024649620056,0.08055946230888367,0.8304398655891418,124,56
0.004805564880371094,negative,10.0,-10.0,0.4052138030529022,0.6618952751159668,0.1505274623632431,0.38770297169685364,124,60
0.004888296127319336,negative,10.0,-10.0,0.4184516966342926,0.8545958399772644,0.15828152000904083,0.14600886404514313,124,61
0.004952430725097656,negative,10.0,-10.0,0.43554362654685974,1.0471388101577759,0.16120170056819916,-0.09285455197095871,124,62
0.0050127506256103516,negative,10.0,-10.0,0.45648640394210815,1.2396272420883179,0.1593446135520935,-0.3306555151939392,124,63
0.00507664680480957,negative,10.0,-10.0,0.4812789559364319,1.0426383018493652,0.1527314931154251,0.007733795791864395,124,64
0.0052945613861083984,negative,10.0,-10.0,0.5398125052452087,1.2308619022369385,0.1618470698595047,-0.13471512496471405,124,67
0.005355119705200195,negative,10.0,-10.0,0.564429759979248,1.4233402013778687,0.1591527760028839,-0.37228384613990784,124,68
0.005414247512817383,negative,10.0,-10.0,0.592896580696106,1.2263575792312622,0.15170709788799286,-0.03395046293735504,124,69
0.0054781436920166016,negative,10.0,-10.0,0.6174237132072449,1.4190152883529663,0.1510280817747116,-0.2751868665218353,124,70
0.005765199661254883,negative,10.0,-10.0,0.7229029536247253,1.4107959270477295,0.1461523175239563,-0.0915989801287651,124,74
0.0059032440185546875,negative,10.0,-10.0,0.7753971219062805,1.4067116975784302,0.14918816089630127,-0.0005156256956979632,124,76
0.006040334701538086,negative,10.0,-10.0,0.8277273774147034,1.4025189876556396,0.15588323771953583,0.09309768676757812,124,78
0.006176471710205078,negative,10.0,-10.0,0.879888653755188,1.398123860359192,0.16635756194591522,0.1915237009525299,124,80
0.0063135623931884766,negative,10.0,-10.0,0.9318723678588867,1.3934321403503418,0.1808224469423294,0.2971270978450775,124,82
0.0063762664794921875,negative,10.0,-10.0,0.9597409963607788,1.1962552070617676,0.18676500022411346,0.6409429907798767,124,83
0.006436586380004883,negative,10.0,-10.0,0.9836661219596863,1.3883503675460815,0.19958385825157166,0.41240131855010986,124,84
0.0003960132598876953,positive,10.0,10.0,0.0384720079600811,-0.22763535380363464,-0.043998122215270996,0.3001876175403595,125,1
0.00047278404235839844,positive,10.0,10.0,0.03391930088400841,-0.4221034646034241,-0.037994369864463806,0.5786762237548828,125,2
0.0007245540618896484,positive,10.0,10.0,0.004719750490039587,-0.22595082223415375,0.001927797100506723,0.2627010941505432,125,5
0.0010976791381835938,positive,10.0,10.0,-0.02570553869009018,-0.4222772717475891,0.04046936705708504,0.5823081731796265,125,10
0.0014872550964355469,positive,10.0,10.0,-0.05246857553720474,-0.23139172792434692,0.07850019633769989,0.3837970793247223,125,15
0.0017116069793701172,positive,10.0,10.0,-0.05471932142972946,0.35007157921791077,0.08556459844112396,-0.4109368920326233,125,18
0.0018610954284667969,positive,10.0,10.0,-0.04464094340801239,0.3477804660797119,0.07549481838941574,-0.3598650097846985,125,20
0.0019233226776123047,positive,10.0,10.0,-0.0376853346824646,0.15167106688022614,0.06829752027988434,-0.044364411383867264,125,21
0.001983165740966797,positive,10.0,10.0,-0.03465191274881363,-0.04436039179563522,0.06741023063659668,0.2690611183643341,125,22
0.0020418167114257812,positive,10.0,10.0,-0.03553912043571472,-0.24037635326385498,0.0727914497256279,0.5822208523750305,125,23
0.002190828323364258,positive,10.0,10.0,-0.041273560374975204,0.14747828245162964,0.09070241451263428,0.04842185974121094,125,25
0.00240325927734375,positive,10.0,10.0,-0.02080237679183483,0.33865031599998474,0.07784964144229889,-0.15784317255020142,125,28
0.002546072006225586,positive,10.0,10.0,-0.0033778431825339794,0.3364802598953247,0.06619305163621902,-0.10972321033477783,125,30
0.0026154518127441406,positive,10.0,10.0,0.0033517619594931602,0.1404752880334854,0.06399858742952347,0.20308691263198853,125,31
0.002675294876098633,positive,10.0,10.0,0.006161267403513193,0.33462637662887573,0.06806032359600067,-0.06874077767133713,125,32
0.0033490657806396484,positive,10.0,10.0,0.0734156146645546,0.5197293758392334,0.06124066933989525,-0.140548974275589,125,41
0.0034139156341552734,positive,10.0,10.0,0.08381020277738571,0.323786199092865,0.05842968821525574,0.17080828547477722,125,42
0.003480672836303711,positive,10.0,10.0,0.09028592705726624,0.12787872552871704,0.06184585392475128,0.4813365638256073,125,43
0.0035398006439208984,positive,10.0,10.0,0.09284350275993347,0.32207566499710083,0.07147258520126343,0.20876914262771606,125,44
0.0038480758666992188,positive,10.0,10.0,0.12628628313541412,0.7078673243522644,0.0792718231678009,-0.27985328435897827,125,48
0.003993511199951172,positive,10.0,10.0,0.15847912430763245,0.7056986689567566,0.0627443790435791,-0.23156246542930603,125,50
0.0041315555572509766,positive,10.0,10.0,0.18278786540031433,0.31383413076400757,0.059717804193496704,0.3906702995300293,125,52
0.0041921138763427734,positive,10.0,10.0,0.18906454741954803,0.5080599188804626,0.06753121316432953,0.11739752441644669,125,53
0.004326820373535156,positive,10.0,10.0,0.20546652376651764,0.5061050653457642,0.07849112898111343,0.16073687374591827,125,55
0.004385709762573242,positive,10.0,10.0,0.21558862924575806,0.7000207304954529,0.08170586824417114,-0.10618831217288971,125,56
0.0044460296630859375,positive,10.0,10.0,0.22958904504776,0.8938825130462646,0.0795821025967598,-0.3720160722732544,125,57
0.004510402679443359,positive,10.0,10.0,0.24746669828891754,0.6977254748344421,0.07214177399873734,-0.05533936247229576,125,58
0.004646778106689453,positive,10.0,10.0,0.27925604581832886,0.6956851482391357,0.06454664468765259,-0.010205510072410107,125,60
0.004782915115356445,positive,10.0,10.0,0.3031637668609619,0.3037225902080536,0.07038501650094986,0.6143850684165955,125,62
0.004841327667236328,positive,10.0,10.0,0.3092381954193115,0.49779409170150757,0.08267271518707275,0.344674676656723,125,63
0.004979610443115234,positive,10.0,10.0,0.33302706480026245,0.8853800892829895,0.09114949405193329,-0.18397094309329987,125,65
0.005039691925048828,positive,10.0,10.0,0.3507346510887146,1.0790876150131226,0.08747007697820663,-0.4465652108192444,125,66
0.005098819732666016,positive,10.0,10.0,0.3723164200782776,0.8828442096710205,0.07853876799345016,-0.12764200568199158,125,67
0.0051577091217041016,positive,10.0,10.0,0.38997331261634827,1.0767582654953003,0.07598593086004257,-0.3945498764514923,125,68
0.0052945613861083984,positive,10.0,10.0,0.42912137508392334,0.6846163272857666,0.06651671975851059,0.23445560038089752,125,70
0.005430459976196289,positive,10.0,10.0,0.452585905790329,0.29256385564804077,0.08215295523405075,0.8615972399711609,125,72
0.006247997283935547,positive,10.0,10.0,0.6384586691856384,1.4475219249725342,0.09212880581617355,-0.551658034324646,125,82
0.006310224533081055,positive,10.0,10.0,0.6674090623855591,1.251235008239746,0.08109565079212189,-0.23142880201339722,125,83
0.006369829177856445,positive,10.0,10.0,0.692433774471283,1.4451102018356323,0.07646707445383072,-0.49746978282928467,125,84
0.006427764892578125,positive,10.0,10.0,0.7213360071182251,1.2489980459213257,0.066517673432827,-0.18170177936553955,125,85
0.006493330001831055,positive,10.0,10.0,0.7463159561157227,1.052990436553955,0.0628836378455162,0.13120119273662567,125,86
0.0065534114837646484,positive,10.0,10.0,0.7673757672309875,0.8570267558097839,0.0655076652765274,0.4430414140224457,125,87
0.006618976593017578,positive,10.0,10.0,0.7845162749290466,0.6610419750213623,0.07436849176883698,0.7556334733963013,125,88
0.00668025016784668,positive,10.0,10.0,0.7977371215820312,0.855064332485199,0.0894811600446701,0.48724859952926636,125,89
0.007357358932495117,negative,10.0,-10.0,0.9816663861274719,1.4232873916625977,0.156986802816391,-0.014697831124067307,125,98
0.007944583892822266,negative,10.0,-10.0,1.2158983945846558,1.4045287370681763,0.17177827656269073,0.40498897433280945,125,106
0.00025916099548339844,positive,10.0,10.0,-0.0023363709915429354,-0.033643439412117004,-0.02971249632537365,-0.026091083884239197,126,0
0.000457763671875,positive,10.0,10.0,-0.0075757792219519615,-0.42300450801849365,-0.025092894211411476,0.5400664210319519,126,2
0.0007767677307128906,positive,10.0,10.0,-0.03357971832156181,-0.4223365783691406,0.005695882719010115,0.525079071521759,126,6
0.0008394718170166016,positive,10.0,10.0,-0.042026448994874954,-0.22729524970054626,0.016197463497519493,0.23419639468193054,126,7
0.0010623931884765625,positive,10.0,10.0,-0.0595817044377327,-0.4233803451061249,0.03643854334950447,0.5483695864677429,126,10
0.0013837814331054688,positive,10.0,10.0,-0.08572036772966385,-0.4261859059333801,0.07022695988416672,0.6112613677978516,126,14
0.0014536380767822266,positive,10.0,10.0,-0.094244085252285,-0.23211215436458588,0.0824521854519844,0.3414980173110962,126,15
0.002492666244506836,positive,10.0,10.0,-0.0710151270031929,0.3341413736343384,0.09235572814941406,-0.11659849435091019,126,28
0.002555370330810547,positive,10.0,10.0,-0.06433230638504028,0.5278270244598389,0.09002376347780228,-0.3787747919559479,126,29
0.0026154518127441406,positive,10.0,10.0,-0.053775761276483536,0.33154961466789246,0.08244826644659042,-0.05911965295672417,126,30
0.0027587413787841797,positive,10.0,10.0,-0.036636799573898315,0.3292192220687866,0.07477200776338577,-0.007529256399720907,126,32
0.0029811859130859375,positive,10.0,10.0,-0.00524502107873559,0.5211544036865234,0.05822790041565895,-0.2303290218114853,126,35
0.0032045841217041016,positive,10.0,10.0,0.014271141961216927,-0.06645765155553818,0.06300896406173706,0.6988150477409363,126,38
0.003422260284423828,positive,10.0,10.0,0.021930495277047157,0.5154888033866882,0.08870072662830353,-0.10536729544401169,126,41
0.0035631656646728516,positive,10.0,10.0,0.046424973756074905,0.512996256351471,0.07921737432479858,-0.05011843144893646,126,43
0.00362396240234375,positive,10.0,10.0,0.05668489634990692,0.7068982124328613,0.07821500301361084,-0.31679368019104004,126,44
0.003685474395751953,positive,10.0,10.0,0.07082286477088928,0.510754406452179,0.07187913358211517,-0.0005056408699601889,126,45
0.0037508010864257812,positive,10.0,10.0,0.08103794604539871,0.7047758102416992,0.07186901569366455,-0.2696720063686371,126,46
0.003812074661254883,positive,10.0,10.0,0.0951334685087204,0.8988024592399597,0.06647557765245438,-0.538849413394928,126,47
0.0039539337158203125,positive,10.0,10.0,0.127165749669075,0.5069401860237122,0.05117891728878021,0.08373546600341797,126,49
0.004182338714599609,positive,10.0,10.0,0.153636172413826,0.30952024459838867,0.0630270391702652,0.4277520477771759,126,52
0.00424647331237793,positive,10.0,10.0,0.15982657670974731,0.503695547580719,0.07158207893371582,0.15558506548404694,126,53
0.0044672489166259766,positive,10.0,10.0,0.2016889601945877,0.6956285834312439,0.06478212773799896,-0.06728913635015488,126,56
0.004614353179931641,positive,10.0,10.0,0.22559434175491333,0.3036726117134094,0.06833852082490921,0.5571073293685913,126,58
0.0046765804290771484,positive,10.0,10.0,0.23166778683662415,0.1076611801981926,0.07948066294193268,0.8705140352249146,126,59
0.0054471492767333984,positive,10.0,10.0,0.3805930018424988,0.8729639053344727,0.09054560959339142,0.03260581195354462,126,69
0.00558781623840332,positive,10.0,10.0,0.4193858504295349,1.2603870630264282,0.08659388870000839,-0.49277204275131226,126,71
0.005650520324707031,positive,10.0,10.0,0.4445935785770416,1.064157247543335,0.07673844695091248,-0.1741035133600235,126,72
0.005874156951904297,positive,10.0,10.0,0.5122792720794678,0.8660410046577454,0.06188829243183136,0.18551303446292877,126,75
0.0059392452239990234,positive,10.0,10.0,0.5296000838279724,0.6700906753540039,0.06559855490922928,0.4970593750476837,126,76
0.006005287170410156,positive,10.0,10.0,0.5430018901824951,0.4741080403327942,0.0755397379398346,0.8096731305122375,126,77
0.006577968597412109,positive,10.0,10.0,0.682925283908844,1.4394330978393555,0.0906052216887474,-0.4307619035243988,126,84
0.0066411495208740234,positive,10.0,10.0,0.711713969707489,1.2431527376174927,0.08198998123407364,-0.11094760149717331,126,85
0.006795167922973633,positive,10.0,10.0,0.7653172016143799,1.2408510446548462,0.07223746180534363,-0.05994792655110359,126,87
0.006857395172119141,positive,10.0,10.0,0.7901342511177063,1.4348669052124023,0.07103849947452545,-0.32899338006973267,126,88
0.006922721862792969,positive,10.0,10.0,0.8188315629959106,1.6289094686508179,0.06445863097906113,-0.5984553098678589,126,89
0.007065773010253906,positive,10.0,10.0,0.887871265411377,2.0174431800842285,0.035086363554000854,-1.1458871364593506,126,91
0.007127285003662109,positive,10.0,10.0,0.9282200932502747,2.212089776992798,0.012168620713055134,-1.4273639917373657,126,92
0.007348299026489258,positive,10.0,10.0,1.0570412874221802,2.01753306388855,-0.0675702691078186,-1.1484328508377075,126,95
0.007411479949951172,positive,10.0,10.0,1.097391963005066,1.823354959487915,-0.09053892642259598,-0.8776811361312866,126,96
0.00819540023803711,positive,10.0,10.0,1.2880371809005737,-0.11130877584218979,-0.0366574227809906,1.6896523237228394,126,106
0.008260250091552734,positive,10.0,10.0,1.2858110666275024,-0.3059884309768677,-0.002864376874640584,1.970700740814209,126,107
0.008322477340698242,positive,10.0,10.0,1.279691219329834,-0.5010800361633301,0.0365496389567852,2.2624948024749756,126,108
0.008383512496948242,positive,10.0,10.0,1.2696696519851685,-0.6965240836143494,0.08179953694343567,2.5662083625793457,126,109
0.008529186248779297,negative,10.0,-10.0,1.2378952503204346,-1.0878736972808838,0.19077876210212708,3.2126994132995605,126,111
0.00034046173095703125,positive,10.0,10.0,0.004237865563482046,-0.010220113210380077,0.04355425760149956,0.003977097105234861,127,0
0.0004696846008300781,positive,10.0,10.0,0.004033463075757027,-0.20593875646591187,0.043633799999952316,0.3100775480270386,127,1
0.0006892681121826172,positive,10.0,10.0,-0.00031460728496313095,-0.20726464688777924,0.05046472325921059,0.3394491970539093,127,3
0.0007612705230712891,positive,10.0,10.0,-0.004459900315850973,-0.4030669927597046,0.05725370720028877,0.6476091146469116,127,4
0.0008330345153808594,positive,10.0,10.0,-0.012521239928901196,-0.2087874710559845,0.07020588964223862,0.3734907805919647,127,5
0.0009007453918457031,positive,10.0,10.0,-0.0166969895362854,-0.014729398302733898,0.0776757076382637,0.10374430567026138,127,6
0.001592874526977539,positive,10.0,10.0,-0.004048905335366726,0.36674022674560547,0.08415896445512772,-0.2895033359527588,127,14
0.0016624927520751953,positive,10.0,10.0,0.0032858995255082846,0.5605675578117371,0.0783689022064209,-0.5545017719268799,127,15
0.0019364356994628906,positive,10.0,10.0,0.03295674920082092,0.36259281635284424,0.05233662948012352,-0.1972086876630783,127,18
0.0028505325317382812,positive,10.0,10.0,0.09236257523298264,0.5481489896774292,0.057066578418016434,-0.27910473942756653,127,29
0.002916574478149414,positive,10.0,10.0,0.10332555323839188,0.35226133465766907,0.05148448050022125,0.03101685270667076,127,30
0.0031566619873046875,positive,10.0,10.0,0.11271192878484726,0.15487132966518402,0.07185733318328857,0.37456583976745605,127,33
0.003223419189453125,positive,10.0,10.0,0.1158093586564064,-0.04119383543729782,0.07934865355491638,0.6890125274658203,127,34
0.004134178161621094,positive,10.0,10.0,0.23398415744304657,0.9195422530174255,0.07132191210985184,-0.4494929313659668,127,45
0.0043065547943115234,positive,10.0,10.0,0.2668447494506836,0.5275309681892395,0.05962789058685303,0.17647011578083038,127,47
0.004374504089355469,positive,10.0,10.0,0.2773953676223755,0.3316086232662201,0.06315729022026062,0.48735156655311584,127,48
0.004441499710083008,positive,10.0,10.0,0.2840275466442108,0.5257852077484131,0.0729043260216713,0.2152232676744461,127,49
0.004508018493652344,positive,10.0,10.0,0.29454323649406433,0.7197933197021484,0.07720878720283508,-0.05360092967748642,127,50
0.004573822021484375,positive,10.0,10.0,0.308939129114151,0.9137281775474548,0.0761367678642273,-0.32095974683761597,127,51
0.004639387130737305,positive,10.0,10.0,0.32721367478370667,0.717609167098999,0.06971757858991623,-0.0052709118463099,127,52
0.004705905914306641,positive,10.0,10.0,0.341565877199173,0.5215601921081543,0.06961216032505035,0.3085685074329376,127,53
0.004868507385253906,positive,10.0,10.0,0.3585074543952942,0.12942522764205933,0.08823087811470032,0.937923014163971,127,55
0.005112409591674805,negative,10.0,-10.0,0.36229726672172546,0.31996604800224304,0.1521213799715042,0.751186728477478,127,58
0.005861520767211914,negative,10.0,-10.0,0.5272294282913208,1.2720023393630981,0.16463439166545868,-0.20321451127529144,127,67
0.005930662155151367,negative,10.0,-10.0,0.5526694655418396,1.464434027671814,0.16057009994983673,-0.43977487087249756,127,68
0.0059986114501953125,negative,10.0,-10.0,0.5819581747055054,1.2674472332000732,0.15177461504936218,-0.1010906770825386,127,69
0.0061643123626708984,negative,10.0,-10.0,0.6365092396736145,1.2632051706314087,0.14290669560432434,-0.006397424265742302,127,71
0.006574153900146484,negative,10.0,-10.0,0.7702243328094482,1.4482064247131348,0.13957498967647552,-0.0765499547123909,127,76
0.0067293643951416016,negative,10.0,-10.0,0.8242161870002747,1.4442970752716064,0.14317815005779266,0.0105539346113801,127,78
0.006809711456298828,negative,10.0,-10.0,0.8531021475791931,1.2474429607391357,0.1433892399072647,0.3447643220424652,127,79
0.006874799728393555,negative,10.0,-10.0,0.8780510425567627,1.4402649402618408,0.1502845287322998,0.10051163285970688,127,80
0.006941556930541992,negative,10.0,-10.0,0.9068562984466553,1.2433445453643799,0.15229475498199463,0.43658050894737244,127,81
0.007517337799072266,negative,10.0,-10.0,1.0994441509246826,1.0321621894836426,0.20614491403102875,1.0998262166976929,127,88
0.00032019615173339844,positive,10.0,10.0,-0.04881894215941429,0.019010134041309357,-0.028499921783804893,-0.04277396202087402,128,0
0.0006418228149414062,positive,10.0,10.0,-0.05936022102832794,-0.17492380738258362,-0.014058485627174377,0.22374975681304932,128,3
0.0007114410400390625,positive,10.0,10.0,-0.0628587007522583,-0.3698420524597168,-0.009583490900695324,0.5119651556015015,128,4
0.0007877349853515625,positive,10.0,10.0,-0.07025554031133652,-0.17458641529083252,0.0006558121531270444,0.21627765893936157,128,5
0.0009479522705078125,positive,10.0,10.0,-0.08114162087440491,-0.17466631531715393,0.015164713375270367,0.21805840730667114,128,7
0.0010137557983398438,positive,10.0,10.0,-0.0846349447965622,-0.37000173330307007,0.019525881856679916,0.5154860615730286,128,8
0.0010790824890136719,positive,10.0,10.0,-0.09203498065471649,-0.17516010999679565,0.029835602268576622,0.22901961207389832,128,9
0.0011417865753173828,positive,10.0,10.0,-0.0955381840467453,-0.37069544196128845,0.034415993839502335,0.5309624075889587,128,10
0.0012896060943603516,positive,10.0,10.0,-0.10647357255220413,-0.3718092739582062,0.05002163350582123,0.5558605194091797,128,12
0.0013537406921386719,positive,10.0,10.0,-0.1139097586274147,-0.17742398381233215,0.06113884598016739,0.27934756875038147,128,13
0.0014197826385498047,positive,10.0,10.0,-0.11745823919773102,-0.37336239218711853,0.06672579795122147,0.5906696915626526,128,14
0.0015702247619628906,positive,10.0,10.0,-0.12851019203662872,0.014685684815049171,0.08493378013372421,0.05281185358762741,128,16
0.001636505126953125,positive,10.0,10.0,-0.1282164752483368,0.20849359035491943,0.08599001914262772,-0.21191155910491943,128,17
0.0017859935760498047,positive,10.0,10.0,-0.11600085347890854,0.20611217617988586,0.07222621142864227,-0.15898998081684113,128,19
0.0019314289093017578,positive,10.0,10.0,-0.1038760095834732,0.5942093729972839,0.060485586524009705,-0.6981837749481201,128,21
0.0019958019256591797,positive,10.0,10.0,-0.09199182689189911,0.39830318093299866,0.04652190953493118,-0.38708996772766113,128,22
0.002061605453491211,positive,10.0,10.0,-0.08402576297521591,0.5927349328994751,0.03878011181950569,-0.6647495031356812,128,23
0.0024552345275878906,positive,10.0,10.0,-0.03263235464692116,0.39641866087913513,-0.014280466362833977,-0.34504762291908264,128,28
0.002686738967895508,positive,10.0,10.0,-0.004930758383125067,0.5925092101097107,-0.04115062952041626,-0.6594760417938232,128,31
0.002751588821411133,positive,10.0,10.0,0.006919425446540117,0.3979833722114563,-0.05434015020728111,-0.38002917170524597,128,32
0.0028967857360839844,positive,10.0,10.0,0.02675575576722622,0.3996230363845825,-0.07572750002145767,-0.4167807698249817,128,34
0.0038585662841796875,negative,10.0,-10.0,0.08549798280000687,0.028899746015667915,-0.15843769907951355,-0.2641138434410095,128,46
0.00400996208190918,negative,10.0,-10.0,0.09059370309114456,0.033387355506420135,-0.17576555907726288,-0.36531054973602295,128,48
0.004074811935424805,negative,10.0,-10.0,0.09126145392656326,-0.15885810554027557,-0.1830717772245407,-0.13279467821121216,128,49
0.004138469696044922,negative,10.0,-10.0,0.08808428794145584,0.03834971413016319,-0.18572767078876495,-0.47718608379364014,128,50
0.0042035579681396484,negative,10.0,-10.0,0.08885128796100616,-0.15373122692108154,-0.19527138769626617,-0.24831031262874603,128,51
0.004349470138549805,negative,10.0,-10.0,0.07886452972888947,-0.5373777747154236,-0.2006978541612625,0.20041924715042114,128,53
0.004415988922119141,negative,10.0,-10.0,0.06811697781085968,-0.729148268699646,-0.19668947160243988,0.4236912131309509,128,54
0.004483461380004883,negative,10.0,-10.0,0.05353401228785515,-0.5318632125854492,-0.18821564316749573,0.07601486146450043,128,55
0.0046312808990478516,negative,10.0,-10.0,0.036204513162374496,-0.1373843252658844,-0.1920882761478424,-0.6149167418479919,128,57
0.0005333423614501953,positive,10.0,10.0,-0.041406482458114624,-0.1845388412475586,0.04270835965871811,0.31914687156677246,129,3
0.0006082057952880859,positive,10.0,10.0,-0.04509726166725159,0.00994965247809887,0.04909129813313484,0.0402325838804245,129,4
0.0007646083831787109,positive,10.0,10.0,-0.04861507937312126,0.00853743590414524,0.05685577169060707,0.07145033031702042,129,6
0.0010690689086914062,positive,10.0,10.0,-0.0558355376124382,0.004989605396986008,0.07648024708032608,0.1500227153301239,129,10
0.00113677978515625,positive,10.0,10.0,-0.055735744535923004,0.1989378184080124,0.07948070764541626,-0.11758590489625931,129,11
0.0012011528015136719,positive,10.0,10.0,-0.05175698921084404,0.392836332321167,0.07712898403406143,-0.3841727375984192,129,12
0.0014281272888183594,positive,10.0,10.0,-0.03995281457901001,0.19475045800209045,0.07299261540174484,-0.024898402392864227,129,15
0.001575469970703125,positive,10.0,10.0,-0.02828272618353367,0.19267721474170685,0.06662088632583618,0.020949356257915497,129,17
0.0016398429870605469,positive,10.0,10.0,-0.024429183453321457,0.386783629655838,0.06703987717628479,-0.24999232590198517,129,18
0.0018739700317382812,positive,10.0,10.0,-0.01298172865062952,-0.20114381611347198,0.07079431414604187,0.6866053342819214,129,21
0.002183675765991211,positive,10.0,10.0,-0.005802234169095755,0.5740604996681213,0.09371244162321091,-0.3708120286464691,129,25
0.0024123191833496094,positive,10.0,10.0,0.032464105635881424,0.3754321038722992,0.06736597418785095,0.000995712005533278,129,28
0.0024755001068115234,positive,10.0,10.0,0.03997274488210678,0.17941191792488098,0.06738588958978653,0.3141496479511261,129,29
0.002619028091430664,positive,10.0,10.0,0.05103123560547829,0.5675049424171448,0.07453800737857819,-0.22510433197021484,129,31
0.0026831626892089844,positive,10.0,10.0,0.062381334602832794,0.761486828327179,0.070035919547081,-0.49337536096572876,129,32
0.0029926300048828125,positive,10.0,10.0,0.09978324919939041,-0.02227095514535904,0.06804159283638,0.7522991895675659,129,36
0.003698110580444336,positive,10.0,10.0,0.19631630182266235,0.9418485164642334,0.07130005955696106,-0.46043500304222107,129,45
0.00417327880859375,positive,10.0,10.0,0.27394938468933105,0.9360870122909546,0.07477215677499771,-0.33303210139274597,129,51
0.0043981075286865234,positive,10.0,10.0,0.3183499276638031,0.34793639183044434,0.0736694186925888,0.608892560005188,129,54
0.0044612884521484375,positive,10.0,10.0,0.3253086805343628,0.5419553518295288,0.08584726601839066,0.34029269218444824,129,55
0.004606008529663086,positive,10.0,10.0,0.35086292028427124,0.9294375777244568,0.094170480966568,-0.18620480597019196,129,57
0.00467371940612793,positive,10.0,10.0,0.3694516718387604,1.1230947971343994,0.09044638276100159,-0.44775843620300293,129,58
0.004828929901123047,positive,10.0,10.0,0.4182501435279846,1.120678424835205,0.06727888435125351,-0.3934355080127716,129,60
0.004893064498901367,positive,10.0,10.0,0.44066372513771057,0.9246695041656494,0.059410177171230316,-0.08032219856977463,129,61
0.0050427913665771484,positive,10.0,10.0,0.4737320840358734,0.5328502058982849,0.06241367757320404,0.5408386588096619,129,63
0.005108833312988281,positive,10.0,10.0,0.484389066696167,0.3369090259075165,0.07323045283555984,0.8525158762931824,129,64
0.005500316619873047,negative,10.0,-10.0,0.5256250500679016,0.9139930009841919,0.1527142971754074,0.1570429801940918,129,69
0.005812168121337891,negative,10.0,-10.0,0.614067554473877,1.2950066328048706,0.14797668159008026,-0.229192316532135,129,73
0.005957603454589844,negative,10.0,-10.0,0.6619299650192261,1.2909210920333862,0.14551813900470734,-0.13796371221542358,129,75
0.00748443603515625,negative,10.0,-10.0,1.2048847675323486,1.4534202814102173,0.14098402857780457,0.29324087500572205,129,94
0.007788896560668945,negative,10.0,-10.0,1.2975385189056396,0.6660209894180298,0.20462805032730103,1.6430199146270752,129,98
0.0006017684936523438,positive,10.0,10.0,0.03100062720477581,0.038089655339717865,0.051213622093200684,0.039618559181690216,130,6
0.0010144710540771484,positive,10.0,10.0,0.0321250781416893,-0.16239598393440247,0.06937398761510849,0.45153212547302246,130,13
0.0010590553283691406,positive,10.0,10.0,0.02887715958058834,0.03167978301644325,0.07840463519096375,0.18149831891059875,130,14
0.0011034011840820312,positive,10.0,10.0,0.029510755091905594,0.22559736669063568,0.08203460276126862,-0.08545711636543274,130,15
0.0012066364288330078,positive,10.0,10.0,0.042411770671606064,0.22328650951385498,0.0733020156621933,-0.034280285239219666,130,17
0.0013127326965332031,positive,10.0,10.0,0.05522320047020912,0.22120721638202667,0.06655710935592651,0.011706950142979622,130,19
0.0014171600341796875,positive,10.0,10.0,0.06795363873243332,0.21930591762065887,0.06160612404346466,0.053723376244306564,130,21
0.0015742778778076172,positive,10.0,10.0,0.07715760171413422,0.021483352407813072,0.07184260338544846,0.4068271517753601,130,24
0.0016260147094726562,positive,10.0,10.0,0.07758726924657822,0.21551695466041565,0.07997914403676987,0.13763107359409332,130,25
0.0016810894012451172,positive,10.0,10.0,0.08189760893583298,0.40940770506858826,0.08273176848888397,-0.12878651916980743,130,26
0.001725912094116211,positive,10.0,10.0,0.09008575975894928,0.6032530069351196,0.08015603572130203,-0.3942646086215973,130,27
0.0017697811126708984,positive,10.0,10.0,0.1021508201956749,0.40709060430526733,0.07227074354887009,-0.07742507755756378,130,28
0.0018143653869628906,positive,10.0,10.0,0.11029263585805893,0.6011061072349548,0.07072224467992783,-0.3464595377445221,130,29
0.0018603801727294922,positive,10.0,10.0,0.12231475114822388,0.40505316853523254,0.06379305571317673,-0.03234025463461876,130,30
0.0019674301147460938,positive,10.0,10.0,0.14239992201328278,0.40324267745018005,0.057061582803726196,0.007677104324102402,130,32
0.0020704269409179688,positive,10.0,10.0,0.15461178123950958,0.40161314606666565,0.06357119977474213,0.04369908571243286,130,34
0.002115964889526367,positive,10.0,10.0,0.16264405846595764,0.20563992857933044,0.06444518268108368,0.3557424545288086,130,35
0.0021610260009765625,positive,10.0,10.0,0.16675685346126556,0.3997892439365387,0.07156003266572952,0.08405681699514389,130,36
0.00220489501953125,positive,10.0,10.0,0.1747526377439499,0.593816339969635,0.07324116677045822,-0.18521825969219208,130,37
0.0022492408752441406,positive,10.0,10.0,0.18662896752357483,0.7878180742263794,0.06953679770231247,-0.45392706990242004,130,38
0.002297639846801758,positive,10.0,10.0,0.2023853212594986,0.5917853116989136,0.06045825779438019,-0.1401611715555191,130,39
0.002342700958251953,positive,10.0,10.0,0.2142210304737091,0.39585188031196594,0.05765503644943237,0.17096586525440216,130,40
0.0024437904357910156,positive,10.0,10.0,0.22613714635372162,0.39416322112083435,0.07069966197013855,0.20843961834907532,130,42
0.0027658939361572266,positive,10.0,10.0,0.29260197281837463,0.7771435976028442,0.07402157038450241,-0.21785689890384674,130,48
0.002866506576538086,positive,10.0,10.0,0.32756751775741577,0.775101363658905,0.05993838235735893,-0.17250274121761322,130,50
0.0029191970825195312,positive,10.0,10.0,0.34306955337524414,0.5791750550270081,0.05648832395672798,0.13847030699253082,130,51
0.00308990478515625,positive,10.0,10.0,0.3738694190979004,0.38149863481521606,0.07172615081071854,0.48839685320854187,130,54
0.0005917549133300781,positive,10.0,10.0,-0.007288119290024042,-0.4374305307865143,0.02624267153441906,0.6130733489990234,131,4
0.0007517337799072266,positive,10.0,10.0,-0.028694912791252136,-0.4383286237716675,0.05678223446011543,0.633567750453949,131,6
0.0008139610290527344,positive,10.0,10.0,-0.03746148571372032,-0.6341947913169861,0.06945358961820602,0.9435784816741943,131,7
0.0017719268798828125,positive,10.0,10.0,-0.027667801827192307,0.5190860033035278,0.09159916639328003,-0.43137672543525696,131,19
0.0020051002502441406,positive,10.0,10.0,-0.0004974825424142182,0.3204651474952698,0.07321246713399887,-0.05966655910015106,131,22
0.0020749568939208984,positive,10.0,10.0,0.005911820102483034,0.5144651532173157,0.07201912999153137,-0.32838180661201477,131,23
0.002136707305908203,positive,10.0,10.0,0.016201123595237732,0.3183957636356354,0.0654514953494072,-0.013884802348911762,131,24
0.002279996871948242,positive,10.0,10.0,0.02501702308654785,0.31653451919555664,0.07114799320697784,0.027272365987300873,131,26
0.002420663833618164,positive,10.0,10.0,0.03375707566738129,0.3145007789134979,0.07852399349212646,0.07228627800941467,131,28
0.0024826526641845703,positive,10.0,10.0,0.040047094225883484,0.5084142684936523,0.07996971905231476,-0.1946253627538681,131,29
0.0027871131896972656,positive,10.0,10.0,0.08058912307024002,0.11420772969722748,0.06730074435472488,0.4797656834125519,131,33
0.0028498172760009766,positive,10.0,10.0,0.08287327736616135,0.30831825733184814,0.0768960639834404,0.20903052389621735,131,34
0.003155946731567383,positive,10.0,10.0,0.13080814480781555,0.6939625144004822,0.061599619686603546,-0.2760559916496277,131,38
0.003387451171875,positive,10.0,10.0,0.1606905460357666,0.49640896916389465,0.06369128078222275,0.0709882527589798,131,41
0.0034482479095458984,positive,10.0,10.0,0.17061872780323029,0.3004344701766968,0.06511104851961136,0.3830665647983551,131,42
0.003509998321533203,positive,10.0,10.0,0.17662741243839264,0.4945744276046753,0.07277238368988037,0.111602783203125,131,43
0.003571748733520508,positive,10.0,10.0,0.18651890754699707,0.6885822415351868,0.07500443607568741,-0.15726250410079956,131,44
0.00399017333984375,positive,10.0,10.0,0.247373566031456,0.48872852325439453,0.07540156692266464,0.24091202020645142,131,49
0.004161357879638672,positive,10.0,10.0,0.2708020806312561,0.8765823245048523,0.07967846840620041,-0.29340028762817383,131,51
0.004240751266479492,positive,10.0,10.0,0.2883337140083313,0.6804201006889343,0.07381046563386917,0.02331020124256611,131,52
0.004610776901245117,positive,10.0,10.0,0.36604779958724976,1.0665946006774902,0.043429307639598846,-0.4729270935058594,131,56
0.00468897819519043,positive,10.0,10.0,0.3873797059059143,1.2610771656036377,0.03397076576948166,-0.7516116499900818,131,57
0.004766702651977539,positive,10.0,10.0,0.4126012325286865,1.0655035972595215,0.01893853396177292,-0.44843509793281555,131,58
0.004843711853027344,positive,10.0,10.0,0.4339113235473633,0.8701189756393433,0.009969832375645638,-0.14984308183193207,131,59
0.004919528961181641,positive,10.0,10.0,0.45131370425224304,0.6748557090759277,0.00697297090664506,0.14596837759017944,131,60
0.005092620849609375,positive,10.0,10.0,0.4744035005569458,0.28437405824661255,0.018709197640419006,0.7366277575492859,131,62
0.0054590702056884766,positive,10.0,10.0,0.5049120187759399,0.28228113055229187,0.06697594374418259,0.7841302156448364,131,66
0.005533456802368164,positive,10.0,10.0,0.5105576515197754,0.47642195224761963,0.082658551633358,0.5132481455802917,131,67
0.005609989166259766,positive,10.0,10.0,0.5200861096382141,0.6702883839607239,0.09292351454496384,0.2477153241634369,131,68
0.00646519660949707,positive,10.0,10.0,0.6943342685699463,1.2431256771087646,0.07819011062383652,-0.3562241792678833,131,77
0.00654149055480957,positive,10.0,10.0,0.7191967964172363,1.046984076499939,0.07106562703847885,-0.03994635120034218,131,78
0.006617069244384766,positive,10.0,10.0,0.740136444568634,0.8509188294410706,0.07026669383049011,0.2742849290370941,131,79
0.006788969039916992,positive,10.0,10.0,0.7702522277832031,0.8488523364067078,0.08751792460680008,0.3203848600387573,131,81
0.0068645477294921875,positive,10.0,10.0,0.7872292399406433,1.042625904083252,0.09392561763525009,0.05653424561023712,131,82
0.007040500640869141,positive,10.0,10.0,0.8328074812889099,1.4299275875091553,0.09095431864261627,-0.46634846925735474,131,84
0.007115602493286133,positive,10.0,10.0,0.8614060282707214,1.2336461544036865,0.08162734657526016,-0.14643961191177368,131,85
0.007397651672363281,positive,10.0,10.0,0.9392564296722412,1.035308599472046,0.06853511929512024,0.21817609667778015,131,88
0.007475852966308594,positive,10.0,10.0,0.9599626064300537,0.8392772674560547,0.07289864122867584,0.5316663384437561,131,89
0.007650613784790039,positive,10.0,10.0,0.997414231300354,0.8370934128761292,0.08878827095031738,0.5806319117546082,131,91
0.009279727935791016,negative,10.0,-10.0,1.4339960813522339,1.3957252502441406,0.14271530508995056,0.2931220829486847,131,108
0.009357213973999023,negative,10.0,-10.0,1.461910605430603,1.198887586593628,0.1485777497291565,0.6271929740905762,131,109
0.009627819061279297,negative,10.0,-10.0,1.529822587966919,1.38690185546875,0.19487014412879944,0.4937688410282135,131,112
0.00970315933227539,negative,10.0,-10.0,1.5575605630874634,1.1896426677703857,0.20474551618099213,0.8409872055053711,131,113
0.0004913806915283203,positive,10.0,10.0,0.009887469932436943,-0.3606308102607727,-0.017749560996890068,0.5279986262321472,132,2
0.0007886886596679688,positive,10.0,10.0,-0.007836063392460346,-0.16512379050254822,0.007809581700712442,0.22668322920799255,132,5
0.001154184341430664,positive,10.0,10.0,-0.028870882466435432,-0.1661248505115509,0.03809729591012001,0.24892005324363708,132,9
0.001435995101928711,positive,10.0,10.0,-0.04277433454990387,0.027031172066926956,0.05963445454835892,-0.0005606515915133059,132,12
0.0016052722930908203,positive,10.0,10.0,-0.04561157152056694,0.025330953299999237,0.06582975387573242,0.03702593967318535,132,14
0.0016701221466064453,positive,10.0,10.0,-0.04510495439171791,-0.17067022621631622,0.06657027453184128,0.34973084926605225,132,15
0.0017328262329101562,positive,10.0,10.0,-0.048518359661102295,0.023444920778274536,0.07356488704681396,0.0787603035569191,132,16
0.002008676528930664,positive,10.0,10.0,-0.03547246381640434,0.2153562754392624,0.06218535825610161,-0.1436106562614441,132,19
0.002086639404296875,positive,10.0,10.0,-0.031165337190032005,0.019401416182518005,0.05931314453482628,0.1680242121219635,132,20
0.002267122268676758,positive,10.0,10.0,-0.03430765122175217,0.017666568979620934,0.0722498893737793,0.20652338862419128,132,22
0.0024404525756835938,positive,10.0,10.0,-0.029720621183514595,0.40563344955444336,0.0751299187541008,-0.3301624655723572,132,24
0.0027120113372802734,positive,10.0,10.0,-0.01714756339788437,0.2075788825750351,0.0742059201002121,0.02831980772316456,132,27
0.0027894973754882812,positive,10.0,10.0,-0.012995986267924309,0.40156254172325134,0.07477231323719025,-0.24005842208862305,132,28
0.0029637813568115234,positive,10.0,10.0,0.006946087349206209,0.39950671792030334,0.059806134551763535,-0.19436386227607727,132,30
0.0030417442321777344,positive,10.0,10.0,0.01493622176349163,0.2035825103521347,0.0559188574552536,0.11656952649354935,132,31
0.0033104419708251953,positive,10.0,10.0,0.023201115429401398,0.005944967269897461,0.06982921063899994,0.46557092666625977,132,34
0.0033872127532958984,positive,10.0,10.0,0.023320015519857407,0.20001433789730072,0.07914062589406967,0.19568940997123718,132,35
0.003633737564086914,positive,10.0,10.0,0.03519870713353157,0.5877593755722046,0.08163409680128098,-0.33638253808021545,132,37
0.004007577896118164,positive,10.0,10.0,0.0742853432893753,0.19340990483760834,0.06933847069740295,0.3415365219116211,132,41
0.004084587097167969,positive,10.0,10.0,0.07815353572368622,0.38748034834861755,0.0761692076921463,0.0714995414018631,132,42
0.004358768463134766,positive,10.0,10.0,0.1130390614271164,0.5792819261550903,0.06440608203411102,-0.14847756922245026,132,45
0.004636526107788086,positive,10.0,10.0,0.13603778183460236,-0.008618755266070366,0.07421716302633286,0.7875796556472778,132,48
0.004714012145996094,positive,10.0,10.0,0.13586540520191193,-0.20467743277549744,0.08996875584125519,1.1026579141616821,132,49
0.00509190559387207,negative,10.0,-10.0,0.12712734937667847,0.17870038747787476,0.17042674124240875,0.6742570996284485,132,53
0.005169868469238281,negative,10.0,-10.0,0.13070136308670044,0.3710955083370209,0.18391187489032745,0.4397086799144745,132,54
0.0056340694427490234,negative,10.0,-10.0,0.20620502531528473,0.9415653347969055,0.1824621707201004,-0.11907699704170227,132,59
0.005710124969482422,negative,10.0,-10.0,0.22503633797168732,1.1336679458618164,0.1800806224346161,-0.3491007685661316,132,60
0.0057964324951171875,negative,10.0,-10.0,0.24770969152450562,0.9365029335021973,0.1730986088514328,-0.005477722268551588,132,61
0.005973100662231445,negative,10.0,-10.0,0.2890152335166931,1.3210573196411133,0.16821031272411346,-0.47245171666145325,132,63
0.006146907806396484,negative,10.0,-10.0,0.3379165530204773,1.3165425062179565,0.15612468123435974,-0.37051835656166077,132,65
0.00622105598449707,negative,10.0,-10.0,0.3642474114894867,1.1195870637893677,0.14871430397033691,-0.03296389803290367,132,66
0.006398200988769531,negative,10.0,-10.0,0.4128851294517517,1.5050315856933594,0.14254945516586304,-0.5178470611572266,132,68
0.00712275505065918,positive,10.0,10.0,0.6448942422866821,1.4915188550949097,0.09377699345350266,-0.21508294343948364,132,76
0.007300138473510742,positive,10.0,10.0,0.7084283232688904,1.488919973373413,0.07993985712528229,-0.15728507936000824,132,78
0.007376670837402344,positive,10.0,10.0,0.738206684589386,1.6828117370605469,0.07679415494203568,-0.4237167537212372,132,79
0.0077517032623291016,positive,10.0,10.0,0.8493030667304993,0.8986196517944336,0.0806422159075737,0.8323565125465393,132,83
0.009007930755615234,negative,10.0,-10.0,1.2052253484725952,1.0712065696716309,0.16699013113975525,1.0474727153778076,132,96
0.009086847305297852,negative,10.0,-10.0,1.226649522781372,0.8743098974227905,0.1879395842552185,1.3875765800476074,132,97
0.00021123886108398438,positive,10.0,10.0,0.03713489696383476,0.010561536066234112,-0.003117199521511793,0.0398816280066967,133,0
0.00032401084899902344,positive,10.0,10.0,0.03734612837433815,-0.184515580534935,-0.0023195669054985046,0.33157941699028015,133,1
0.0004076957702636719,positive,10.0,10.0,0.03365581855177879,0.010639314539730549,0.004312021657824516,0.03816591948270798,133,2
0.0004963874816894531,positive,10.0,10.0,0.03386860340833664,-0.18454420566558838,0.005075340159237385,0.33220621943473816,133,3
0.0005877017974853516,positive,10.0,10.0,0.03017771989107132,0.010505138896405697,0.01171946432441473,0.04112810268998146,133,4
0.0006716251373291016,positive,10.0,10.0,0.030387822538614273,-0.18478289246559143,0.012542026117444038,0.3374854624271393,133,5
0.0007641315460205078,positive,10.0,10.0,0.026692165061831474,0.010158360004425049,0.01929173618555069,0.04878385737538338,133,6
0.0009555816650390625,positive,10.0,10.0,0.023190634325146675,0.009593069553375244,0.02721722237765789,0.06126690283417702,133,8
0.0010347366333007812,positive,10.0,10.0,0.02338249608874321,-0.18590833246707916,0.028442561626434326,0.3624112606048584,133,9
0.0012176036834716797,positive,10.0,10.0,0.019840290769934654,-0.18681687116622925,0.037267401814460754,0.382557213306427,133,11
0.0014758110046386719,positive,10.0,10.0,0.012499500997364521,0.006446525454521179,0.05512287840247154,0.13084562122821808,133,14
0.0017442703247070312,positive,10.0,10.0,0.00893681962043047,-0.19116894900798798,0.06987692415714264,0.47937196493148804,133,17
0.0018203258514404297,positive,10.0,10.0,0.005113440565764904,0.0029005499090999365,0.0794643685221672,0.20950523018836975,133,18
0.001897573471069336,positive,10.0,10.0,0.00517145125195384,0.19680164754390717,0.08365447074174881,-0.05709065869450569,133,19
0.0019731521606445312,positive,10.0,10.0,0.009107484482228756,0.39063072204589844,0.08251265436410904,-0.3222517669200897,133,20
0.002242565155029297,positive,10.0,10.0,0.028576629236340523,0.5823502540588379,0.0705234706401825,-0.5402636528015137,133,23
0.0023179054260253906,positive,10.0,10.0,0.040223635733127594,0.38631150126457214,0.05971819534897804,-0.22621981799602509,133,24
0.0023932456970214844,positive,10.0,10.0,0.04794986546039581,0.19038918614387512,0.05519379675388336,0.08468649536371231,133,25
0.0025644302368164062,positive,10.0,10.0,0.05164807289838791,0.18879181146621704,0.06477272510528564,0.12004120647907257,133,27
0.002745389938354492,positive,10.0,10.0,0.05527999997138977,-0.2032010406255722,0.07582225650548935,0.745514988899231,133,29
0.0028221607208251953,positive,10.0,10.0,0.05121598020195961,-0.009202705696225166,0.09073255956172943,0.47762393951416016,133,30
0.003768444061279297,positive,10.0,10.0,0.12999922037124634,0.7565063238143921,0.0922287106513977,-0.370656281709671,133,40
0.003843069076538086,positive,10.0,10.0,0.14512933790683746,0.5602033138275146,0.08481558412313461,-0.05037644878029823,133,41
0.004014730453491211,positive,10.0,10.0,0.17141367495059967,0.5578036308288574,0.07750524580478668,0.0027517788112163544,133,43
0.004089832305908203,positive,10.0,10.0,0.1825697422027588,0.7517334222793579,0.07756028324365616,-0.26450589299201965,133,44
0.0043544769287109375,positive,10.0,10.0,0.23150990903377533,0.553661048412323,0.05729108303785324,0.09426940977573395,133,47
0.004527568817138672,positive,10.0,10.0,0.24973846971988678,0.5520017743110657,0.06726573407649994,0.13100837171077728,133,49
0.0046999454498291016,positive,10.0,10.0,0.26789817214012146,0.5500510931015015,0.0787685289978981,0.17427095770835876,133,51
0.004855632781982422,positive,10.0,10.0,0.2937784492969513,0.9378150701522827,0.08040273934602737,-0.35820063948631287,133,53
0.004992961883544922,positive,10.0,10.0,0.32736772298812866,0.9356471300125122,0.07241298258304596,-0.30999329686164856,133,55
0.005053520202636719,positive,10.0,10.0,0.3460806608200073,0.7395721673965454,0.06621311604976654,0.004619160667061806,133,56
0.005279064178466797,positive,10.0,10.0,0.3786947429180145,0.15150904655456543,0.08525963872671127,0.9449212551116943,133,59
0.00574183464050293,negative,10.0,-10.0,0.4013718068599701,0.33843615651130676,0.17450210452079773,0.8418743014335632,133,64
0.0002639293670654297,positive,10.0,10.0,0.032832954078912735,0.020611504092812538,0.048526547849178314,0.01826079934835434,134,0
0.0004794597625732422,positive,10.0,10.0,0.02974175103008747,0.019221404567360878,0.0554087832570076,0.04897833988070488,134,2
0.0007359981536865234,positive,10.0,10.0,0.019142674282193184,-0.17834259569644928,0.07693131268024445,0.39652010798454285,134,5
0.0011262893676757812,positive,10.0,10.0,0.03227951005101204,0.40091389417648315,0.07510902732610703,-0.3489377498626709,134,10
0.001348257064819336,positive,10.0,10.0,0.04456953704357147,-0.18723711371421814,0.07305590063333511,0.5930025577545166,134,13
0.0014140605926513672,positive,10.0,10.0,0.04082479327917099,0.006790232378989458,0.08491595089435577,0.3241972029209137,134,14
0.0014758110046386719,positive,10.0,10.0,0.04096059873700142,0.20060689747333527,0.0913998931646347,0.059455059468746185,134,15
0.0015377998352050781,positive,10.0,10.0,0.0449727363884449,0.39430755376815796,0.09258899837732315,-0.20304900407791138,134,16
0.0016019344329833984,positive,10.0,10.0,0.05285888910293579,0.5879918336868286,0.08852801471948624,-0.4651486575603485,134,17
0.0017561912536621094,positive,10.0,10.0,0.07245348393917084,0.5856410264968872,0.07630649954080582,-0.41260194778442383,134,19
0.0019838809967041016,positive,10.0,10.0,0.09582674503326416,-0.0025047322269529104,0.0704466700553894,0.5292668342590332,134,22
0.0020477771759033203,positive,10.0,10.0,0.09577664732933044,0.19155913591384888,0.08103200793266296,0.25958722829818726,134,23
0.0021126270294189453,positive,10.0,10.0,0.09960783272981644,0.38543641567230225,0.08622375130653381,-0.006477104499936104,134,24
0.0021741390228271484,positive,10.0,10.0,0.10731656104326248,0.5792227387428284,0.0860942080616951,-0.27075836062431335,134,25
0.0025587081909179688,positive,10.0,10.0,0.1806192845106125,0.37934359908103943,0.04063666984438896,0.12802532315254211,134,30
0.0027077198028564453,positive,10.0,10.0,0.19187943637371063,0.3781483471393585,0.05186210945248604,0.15448792278766632,134,32
0.002863645553588867,positive,10.0,10.0,0.2030888795852661,0.37662771344184875,0.06421328336000443,0.18820223212242126,134,34
0.0029268264770507812,positive,10.0,10.0,0.2106214314699173,0.18064865469932556,0.06797732412815094,0.500430703163147,134,35
0.0030753612518310547,positive,10.0,10.0,0.22172939777374268,0.568675696849823,0.08258436620235443,-0.03717876598238945,134,37
0.0032923221588134766,positive,10.0,10.0,0.2596800625324249,0.7602929472923279,0.07607918232679367,-0.2532169818878174,134,40
0.0035238265991210938,positive,10.0,10.0,0.3091350197792053,0.9524102807044983,0.056459955871105194,-0.4797472059726715,134,43
0.003590822219848633,positive,10.0,10.0,0.32818323373794556,0.7565386295318604,0.046865008771419525,-0.1698175072669983,134,44
0.0036554336547851562,positive,10.0,10.0,0.3433140218257904,0.9509595632553101,0.0434686578810215,-0.4473554193973541,134,45
0.0037183761596679688,positive,10.0,10.0,0.362333208322525,0.7552505135536194,0.03452154994010925,-0.14129339158535004,134,46
0.004174709320068359,positive,10.0,10.0,0.4254944324493408,0.36149343848228455,0.06192394345998764,0.5225127339363098,134,52
0.004237651824951172,positive,10.0,10.0,0.4327242970466614,0.555691659450531,0.07237420231103897,0.2499677836894989,134,53
0.0043833255767822266,positive,10.0,10.0,0.458832323551178,0.9436414241790771,0.07699280232191086,-0.2863400876522064,134,55
0.004695892333984375,positive,10.0,10.0,0.5185936689376831,0.9393830299377441,0.0802297443151474,-0.19213798642158508,134,59
0.00484013557434082,positive,10.0,10.0,0.5600467324256897,0.9371570944786072,0.06721753627061844,-0.1427232027053833,134,61
0.005145072937011719,positive,10.0,10.0,0.6114988327026367,0.15305478870868683,0.09334209561347961,1.1119076013565063,134,65
0.005365610122680664,negative,10.0,-10.0,0.624503493309021,0.3435170650482178,0.1561100035905838,0.9282274842262268,134,68
0.005586147308349609,negative,10.0,-10.0,0.6566693782806396,0.920576810836792,0.19755008816719055,0.2275204360485077,134,71
0.005727052688598633,negative,10.0,-10.0,0.697329044342041,1.3041445016860962,0.202161967754364,-0.21966435015201569,134,73
0.006114006042480469,negative,10.0,-10.0,0.8349804878234863,1.0961673259735107,0.18105459213256836,0.36702752113342285,134,78
0.0064203739166259766,negative,10.0,-10.0,0.945721447467804,1.4750102758407593,0.18293258547782898,0.02769874781370163,134,82
0.006482362747192383,negative,10.0,-10.0,0.9752216935157776,1.6671018600463867,0.18348656594753265,-0.20214815437793732,134,83
0.006545305252075195,negative,10.0,-10.0,1.008563756942749,1.8591903448104858,0.1794435977935791,-0.43180131912231445,134,84
0.006606101989746094,negative,10.0,-10.0,1.0457475185394287,1.6620417833328247,0.17080757021903992,-0.08835314214229584,134,85
0.006985187530517578,negative,10.0,-10.0,1.1881065368652344,1.4549505710601807,0.20730525255203247,0.4795553684234619,134,90
0.0002086162567138672,positive,10.0,10.0,0.02257491461932659,0.03970539942383766,-0.02886148728430271,-0.0356043316423893,135,0
0.00041484832763671875,positive,10.0,10.0,0.020269202068448067,-0.3496784269809723,-0.02461688220500946,0.531044602394104,135,2
0.0005822181701660156,positive,10.0,10.0,0.010191252455115318,-0.34913820028305054,-0.009381835348904133,0.5189431309700012,135,4
0.0006539821624755859,positive,10.0,10.0,0.0032084884587675333,-0.15388542413711548,0.0009970279643312097,0.2233186662197113,135,5
0.0009860992431640625,positive,10.0,10.0,-0.016915613785386086,-0.5447226762771606,0.03075653500854969,0.8219901323318481,135,9
0.0010612010955810547,positive,10.0,10.0,-0.02781006693840027,-0.7402516603469849,0.04719633609056473,1.1241858005523682,135,10
0.0011284351348876953,positive,10.0,10.0,-0.042615100741386414,-0.5457790493965149,0.06968005746603012,0.8466723561286926,135,11
0.0011920928955078125,positive,10.0,10.0,-0.05353068187832832,-0.7417789101600647,0.0866134986281395,1.1604280471801758,135,12
0.0014221668243408203,negative,10.0,-10.0,-0.08641216903924942,-0.16127872467041016,0.14054164290428162,0.3899870216846466,135,15
0.0014872550964355469,negative,10.0,-10.0,-0.08963774144649506,0.03159794583916664,0.14834138751029968,0.14470791816711426,135,16
0.0016329288482666016,negative,10.0,-10.0,-0.0845194160938263,0.4169858694076538,0.1492806375026703,-0.33915385603904724,135,18
0.0016984939575195312,negative,10.0,-10.0,-0.07617969810962677,0.22009004652500153,0.14249755442142487,-0.003369157901033759,135,19
0.0017621517181396484,negative,10.0,-10.0,-0.07177789509296417,0.41291138529777527,0.1424301713705063,-0.24791696667671204,135,20
0.0023193359375,positive,10.0,10.0,0.01253828126937151,0.5958768129348755,0.08449408411979675,-0.27090442180633545,135,27
0.0023832321166992188,positive,10.0,10.0,0.02445581741631031,0.7896978259086609,0.07907599955797195,-0.5357869863510132,135,28
0.0024471282958984375,positive,10.0,10.0,0.0402497723698616,0.5935581922531128,0.06836026161909103,-0.21927280724048615,135,29
0.0025107860565185547,positive,10.0,10.0,0.052120938897132874,0.3975290358066559,0.06397480517625809,0.09416641294956207,135,30
0.0025758743286132812,positive,10.0,10.0,0.060071516782045364,0.20155124366283417,0.0658581331372261,0.406327486038208,135,31
0.0026407241821289062,positive,10.0,10.0,0.06410254538059235,0.3956804871559143,0.07398468255996704,0.1351131647825241,135,32
0.0028696060180664062,positive,10.0,10.0,0.09948180615901947,0.5875239372253418,0.0660025104880333,-0.08580882847309113,135,35
0.002933502197265625,positive,10.0,10.0,0.11123228073120117,0.39152103662490845,0.06428632885217667,0.22694604098796844,135,36
0.0031588077545166016,positive,10.0,10.0,0.13076619803905487,0.5835333466529846,0.08498847484588623,0.0024169357493519783,135,39
0.0032224655151367188,positive,10.0,10.0,0.14243686199188232,0.7773401141166687,0.08503681421279907,-0.2622874081134796,135,40
0.0032880306243896484,positive,10.0,10.0,0.157983660697937,0.9711518287658691,0.07979106903076172,-0.5269836783409119,135,41
0.003434419631958008,positive,10.0,10.0,0.19290676712989807,0.5789628624916077,0.06504613161087036,0.10343606024980545,135,43
0.003498077392578125,positive,10.0,10.0,0.20448602735996246,0.38297197222709656,0.06711485236883163,0.4159108102321625,135,44
0.003560781478881836,positive,10.0,10.0,0.21214546263217926,0.5770817399024963,0.07543306797742844,0.14511863887310028,135,45
0.0036246776580810547,positive,10.0,10.0,0.2236870974302292,0.7710468769073486,0.07833544164896011,-0.12284544855356216,135,46
0.003688335418701172,positive,10.0,10.0,0.23910802602767944,0.9649642705917358,0.07587853074073792,-0.389822393655777,135,47
0.003920078277587891,positive,10.0,10.0,0.2852408289909363,0.7669338583946228,0.07138079404830933,-0.03180612623691559,135,50
0.00455474853515625,positive,10.0,10.0,0.4073096811771393,1.147350549697876,0.0804334208369255,-0.4017862379550934,135,58
0.004786968231201172,positive,10.0,10.0,0.47998547554016113,0.9492853879928589,0.05196648836135864,-0.04279560223221779,135,61
0.004940986633300781,positive,10.0,10.0,0.5140403509140015,0.5576454997062683,0.05642697215080261,0.5741753578186035,135,63
0.00500798225402832,positive,10.0,10.0,0.5251932740211487,0.36177974939346313,0.06791047751903534,0.8840871453285217,135,64
0.0056459903717041016,positive,10.0,10.0,0.6759779453277588,1.5211881399154663,0.08535279333591461,-0.6265239119529724,135,72
0.005711793899536133,positive,10.0,10.0,0.7064017057418823,1.7150214910507202,0.07282231003046036,-0.8911522626876831,135,73
0.006104230880737305,positive,10.0,10.0,0.8855554461479187,2.2976438999176025,-0.024445677176117897,-1.7058138847351074,135,78
0.006170511245727539,positive,10.0,10.0,0.9315083026885986,2.102811574935913,-0.05856195464730263,-1.4208389520645142,135,79
0.006235599517822266,positive,10.0,10.0,0.9735645651817322,2.298607110977173,-0.0869787335395813,-1.731236219406128,135,80
0.006379365921020508,negative,10.0,-10.0,1.06942880153656,2.690748453140259,-0.16259677708148956,-2.3773670196533203,135,82
0.0003521442413330078,positive,10.0,10.0,-0.04950660467147827,-0.23255079984664917,0.0017567118629813194,0.31684067845344543,136,1
0.00043272972106933594,positive,10.0,10.0,-0.054157622158527374,-0.03745391592383385,0.008093525655567646,0.024712275713682175,136,2
0.000946044921875,positive,10.0,10.0,-0.08601801842451096,-0.4291526973247528,0.05312065780162811,0.6428747177124023,136,8
0.0010139942169189453,positive,10.0,10.0,-0.09460107237100601,-0.6249732375144958,0.06597815454006195,0.9518013596534729,136,9
0.0010805130004882812,positive,10.0,10.0,-0.10710053890943527,-0.820918083190918,0.08501417934894562,1.2644625902175903,136,10
0.0013141632080078125,negative,10.0,-10.0,-0.14472830295562744,-0.24038483202457428,0.14516408741474152,0.4944583773612976,136,13
0.001619577407836914,negative,10.0,-10.0,-0.16421426832675934,0.13993804156780243,0.19051280617713928,0.12517677247524261,136,17
0.0020837783813476562,negative,10.0,-10.0,-0.11318506300449371,0.5135182738304138,0.17176254093647003,-0.0964323878288269,136,23
0.0022401809692382812,negative,10.0,-10.0,-0.088798388838768,0.5087344646453857,0.16322621703147888,0.010676367208361626,136,25
0.0023872852325439453,negative,10.0,-10.0,-0.06459999829530716,0.893639862537384,0.15891201794147491,-0.4633841812610626,136,27
0.002451658248901367,negative,10.0,-10.0,-0.04672720283269882,0.6966710686683655,0.14964433014392853,-0.12512999773025513,136,28
0.0025968551635742188,negative,10.0,-10.0,-0.015006426721811295,0.6924947500228882,0.13979946076869965,-0.0318911150097847,136,30
0.0033321380615234375,positive,10.0,10.0,0.15510323643684387,0.872157633304596,0.09369464218616486,0.016784777864813805,136,39
0.00347900390625,positive,10.0,10.0,0.19386278092861176,1.25948166847229,0.08913177251815796,-0.506533682346344,136,41
0.0036249160766601562,positive,10.0,10.0,0.24031689763069153,1.2571321725845337,0.07525818049907684,-0.45389872789382935,136,43
0.004410982131958008,positive,10.0,10.0,0.43223968148231506,1.2446651458740234,0.09391377121210098,-0.1782926470041275,136,53
0.004716634750366211,positive,10.0,10.0,0.5394588112831116,1.2397633790969849,0.07142383605241776,-0.06952561438083649,136,57
0.004781246185302734,positive,10.0,10.0,0.5642540454864502,1.0436939001083374,0.07003332674503326,0.24480938911437988,136,58
0.004925727844238281,positive,10.0,10.0,0.6020808219909668,1.041639804840088,0.08610420674085617,0.2905677855014801,136,60
0.004992246627807617,positive,10.0,10.0,0.622913658618927,1.2354352474212646,0.091915562748909,0.026234988123178482,136,61
0.005058765411376953,positive,10.0,10.0,0.6476223468780518,1.03912353515625,0.09244026243686676,0.34644460678100586,136,62
0.005528688430786133,positive,10.0,10.0,0.8148050308227539,1.4210740327835083,0.07907013595104218,-0.05757075175642967,136,68
0.0057523250579833984,positive,10.0,10.0,0.9039028286933899,1.6128672361373901,0.0712709128856659,-0.27741143107414246,136,71
0.0058171749114990234,positive,10.0,10.0,0.936160147190094,1.4168046712875366,0.06572268903255463,0.03687167540192604,136,72
0.00596165657043457,positive,10.0,10.0,0.9889123439788818,1.024803638458252,0.07345102727413177,0.662422776222229,136,74
0.006026268005371094,positive,10.0,10.0,1.0094084739685059,1.218830943107605,0.086699478328228,0.39374175667762756,136,75
0.007116794586181641,negative,10.0,-10.0,1.303299069404602,1.3963316679000854,0.1672309786081314,0.49491962790489197,136,86
0.007185697555541992,negative,10.0,-10.0,1.3312257528305054,1.199295163154602,0.1771293729543686,0.8352884650230408,136,87
0.00035500526428222656,positive,10.0,10.0,-0.009512034244835377,-0.21012336015701294,-0.003100676229223609,0.25903332233428955,137,1
0.0005273818969726562,positive,10.0,10.0,-0.02181852050125599,-0.21010823547840118,0.013094723224639893,0.25870978832244873,137,3
0.0005939006805419922,positive,10.0,10.0,-0.026020685210824013,-0.4054146707057953,0.018268918618559837,0.5554940700531006,137,4
0.0007414817810058594,positive,10.0,10.0,-0.03834005445241928,-0.40608254075050354,0.034751251339912415,0.5704249739646912,137,6
0.0010492801666259766,positive,10.0,10.0,-0.055288754403591156,-0.018515417352318764,0.058554258197546005,0.04393333941698074,137,10
0.001604318618774414,positive,10.0,10.0,-0.05436602234840393,0.16964779794216156,0.06739349663257599,-0.0955541729927063,137,17
0.001668691635131836,positive,10.0,10.0,-0.0509730689227581,0.3637423515319824,0.06548240780830383,-0.3662363886833191,137,18
0.0017323493957519531,positive,10.0,10.0,-0.04369822144508362,0.5578755736351013,0.05815768241882324,-0.6375740766525269,137,19
0.0017962455749511719,positive,10.0,10.0,-0.032540708780288696,0.3619929254055023,0.04540619999170303,-0.3271581530570984,137,20
0.0018687248229980469,positive,10.0,10.0,-0.025300851091742516,0.556439995765686,0.038863036781549454,-0.6051833033561707,137,21
0.002015352249145508,positive,10.0,10.0,-0.006956114899367094,0.5555272698402405,0.020749028772115707,-0.5846420526504517,137,23
0.0022792816162109375,positive,10.0,10.0,0.014654269441962242,-0.030298788100481033,0.0035468610003590584,0.3037663698196411,137,26
0.0023391246795654297,positive,10.0,10.0,0.014048293232917786,0.16477243602275848,0.009622188284993172,0.012204151600599289,137,27
0.002398967742919922,positive,10.0,10.0,0.01734374277293682,-0.030486177653074265,0.009866271167993546,0.3079074025154114,137,28
0.002461671829223633,positive,10.0,10.0,0.016734018921852112,0.16449381411075592,0.01602442003786564,0.018352285027503967,137,29
0.0025250911712646484,positive,10.0,10.0,0.020023895427584648,0.3593823313713074,0.016391465440392494,-0.26923197507858276,137,30
0.002587556838989258,positive,10.0,10.0,0.027211541309952736,0.16403034329414368,0.011006825603544712,0.028575506061315536,137,31
0.002878904342651367,positive,10.0,10.0,0.032507967203855515,0.16318069398403168,0.02546720765531063,0.047331418842077255,137,35
0.002944469451904297,positive,10.0,10.0,0.035771578550338745,0.35792839527130127,0.02641383744776249,-0.23720884323120117,137,36
0.003174304962158203,positive,10.0,10.0,0.053323809057474136,0.16180163621902466,0.018501795828342438,0.07775034755468369,137,39
0.0032377243041992188,positive,10.0,10.0,0.05655984207987785,-0.03358059003949165,0.02005680277943611,0.3762127459049225,137,40
0.003303050994873047,positive,10.0,10.0,0.055888231843709946,0.16125082969665527,0.02758105657994747,0.08992070704698563,137,41
0.003451108932495117,positive,10.0,10.0,0.05842813849449158,0.16043756902217865,0.037202995270490646,0.10789922624826431,137,43
0.0035173892974853516,positive,10.0,10.0,0.06163689121603966,-0.03519721329212189,0.039360981434583664,0.4120835065841675,137,44
0.003580808639526367,positive,10.0,10.0,0.0609329454600811,0.15934529900550842,0.04760264977812767,0.13206487894058228,137,45
0.0036439895629882812,positive,10.0,10.0,0.064119853079319,-0.03642506152391434,0.05024394765496254,0.43937766551971436,137,46
0.0037069320678710938,positive,10.0,10.0,0.06339135020971298,0.15795111656188965,0.05903150141239166,0.16294686496257782,137,47
0.0037720203399658203,positive,10.0,10.0,0.0665503740310669,-0.037964046001434326,0.06229044124484062,0.4736528992652893,137,48
0.0038356781005859375,positive,10.0,10.0,0.06579109281301498,0.15622544288635254,0.07176350057125092,0.20123514533042908,137,49
0.0038979053497314453,positive,10.0,10.0,0.06891559809446335,0.35025158524513245,0.07578819990158081,-0.06797458976507187,137,50
0.0041239261627197266,positive,10.0,10.0,0.09376706182956696,0.15208745002746582,0.06729994714260101,0.292633056640625,137,53
0.004355192184448242,positive,10.0,10.0,0.11453636735677719,0.34409770369529724,0.0686543732881546,0.06813408434391022,137,56
0.004420280456542969,positive,10.0,10.0,0.12141832709312439,0.14806203544139862,0.07001705467700958,0.38166338205337524,137,57
0.004487752914428711,positive,10.0,10.0,0.12437956780195236,0.3421235680580139,0.07765032351016998,0.11185251176357269,137,58
0.004639148712158203,positive,10.0,10.0,0.1419430822134018,0.7299445867538452,0.07678022980690002,-0.4218067228794098,137,60
0.005028963088989258,positive,10.0,10.0,0.1835271120071411,0.529734194278717,0.08579374104738235,-0.015537900850176811,137,65
0.005255222320556641,positive,10.0,10.0,0.22693900763988495,0.721184492111206,0.06899341940879822,-0.22776636481285095,137,68
0.005537748336791992,positive,10.0,10.0,0.24136270582675934,0.5251479148864746,0.064438097178936,0.08585695177316666,137,69
0.005624294281005859,positive,10.0,10.0,0.2518656551837921,0.3291642963886261,0.06615523248910904,0.3981539309024811,137,70
0.005694150924682617,positive,10.0,10.0,0.2584489583969116,0.523288369178772,0.07411831617355347,0.12704019248485565,137,71
0.005761623382568359,positive,10.0,10.0,0.26891469955444336,0.7172746062278748,0.07665912061929703,-0.14136940240859985,137,72
0.005827188491821289,positive,10.0,10.0,0.28326019644737244,0.9112197160720825,0.07383172959089279,-0.4089169502258301,137,73
0.005980730056762695,positive,10.0,10.0,0.31578725576400757,0.5191343426704407,0.06377536803483963,0.218751460313797,137,75
0.0060460567474365234,positive,10.0,10.0,0.3261699378490448,0.32316142320632935,0.06815039366483688,0.5308504104614258,137,76
0.006110191345214844,positive,10.0,10.0,0.3326331675052643,0.5172619223594666,0.07876740396022797,0.2603963017463684,137,77
0.006340503692626953,positive,10.0,10.0,0.34297841787338257,0.7111762166023254,0.08397532999515533,-0.006439650431275368,137,78
0.006406068801879883,positive,10.0,10.0,0.3572019338607788,0.5149565935134888,0.08384653925895691,0.3115123212337494,137,79
0.0064699649810791016,positive,10.0,10.0,0.36750105023384094,0.7087901830673218,0.09007678180932999,0.04640544578433037,137,80
0.006533622741699219,positive,10.0,10.0,0.38167688250541687,0.9025127291679382,0.09100489318370819,-0.21655356884002686,137,81
0.0065975189208984375,positive,10.0,10.0,0.39972713589668274,1.0962238311767578,0.08667381852865219,-0.4791993200778961,137,82
0.00666356086730957,positive,10.0,10.0,0.42165160179138184,0.899992048740387,0.0770898386836052,-0.16050636768341064,137,83
0.006814241409301758,positive,10.0,10.0,0.4537285566329956,0.8978466391563416,0.07698902487754822,-0.11302535980939865,137,85
0.006960153579711914,positive,10.0,10.0,0.49352121353149414,0.895686686038971,0.06711932271718979,-0.06518243998289108,137,87
0.008160114288330078,positive,10.0,10.0,0.7789525389671326,1.4599419832229614,0.07975350320339203,-0.4792158603668213,137,102
0.008224248886108398,positive,10.0,10.0,0.808151364326477,1.2637901306152344,0.07016918808221817,-0.1625005006790161,137,103
0.008371829986572266,positive,10.0,10.0,0.8547819256782532,0.8717242479324341,0.06994852423667908,0.4644888639450073,137,105
0.008437156677246094,positive,10.0,10.0,0.8722164034843445,0.6756871938705444,0.07923830300569534,0.7783734798431396,137,106
0.00899052619934082,positive,10.0,10.0,1.0403417348861694,1.640791416168213,0.09031058847904205,-0.45745986700057983,137,113
0.009055852890014648,positive,10.0,10.0,1.073157548904419,1.8345283269882202,0.08116138726472855,-0.7203657031059265,137,114
0.009204387664794922,positive,10.0,10.0,1.1504169702529907,1.8324898481369019,0.04702528938651085,-0.67355877161026,137,116
0.009351730346679688,positive,10.0,10.0,1.219801664352417,1.4411646127700806,0.026225142180919647,-0.06337728351354599,137,118
0.009415864944458008,positive,10.0,10.0,1.2486250400543213,1.2456766366958618,0.024957595393061638,0.237463116645813,137,119
0.009563446044921875,positive,10.0,10.0,1.294542670249939,0.8546804785728455,0.040465112775564194,0.8398059606552124,137,121
0.009712457656860352,positive,10.0,10.0,1.3326208591461182,0.8533504009246826,0.06846359372138977,0.8702775835990906,137,123
0.010107994079589844,negative,10.0,-10.0,1.425513744354248,1.4307609796524048,0.1494382619857788,0.16787442564964294,137,128
0.010263442993164062,negative,10.0,-10.0,1.4788060188293457,1.4265267848968506,0.1628701239824295,0.26281991600990295,137,130
0.00023126602172851562,positive,10.0,10.0,-0.0359279029071331,-0.04974735900759697,-0.04150078818202019,0.004370043054223061,138,0
0.00033164024353027344,positive,10.0,10.0,-0.03692285344004631,-0.2442503124475479,-0.04141338914632797,0.28367552161216736,138,1
0.000408172607421875,positive,10.0,10.0,-0.041807856410741806,-0.43875786662101746,-0.035739876329898834,0.5630146265029907,138,2
0.0004794597625732422,positive,10.0,10.0,-0.050583016127347946,-0.6333605647087097,-0.024479584768414497,0.8442270159721375,138,3
0.0006544589996337891,positive,10.0,10.0,-0.07981302589178085,-0.6329194903373718,0.014987204223871231,0.8340570330619812,138,5
0.0007221698760986328,positive,10.0,10.0,-0.0924714207649231,-0.8282429575920105,0.031668346375226974,1.1314154863357544,138,6
0.0008819103240966797,positive,10.0,10.0,-0.12170726805925369,-0.8293683528900146,0.07127326726913452,1.1580814123153687,138,8
0.0012733936309814453,negative,10.0,-10.0,-0.19710110127925873,-0.2528553009033203,0.18159611523151398,0.480593204498291,138,13
0.0013403892517089844,negative,10.0,-10.0,-0.20215819776058197,-0.06069871038198471,0.19120799005031586,0.25019416213035583,138,14
0.0014047622680664062,negative,10.0,-10.0,-0.20337218046188354,0.131251722574234,0.19621187448501587,0.023389076814055443,138,15
0.0014688968658447266,negative,10.0,-10.0,-0.20074714720249176,0.32309794425964355,0.19667965173721313,-0.2015417218208313,138,16
0.0015358924865722656,negative,10.0,-10.0,-0.19428518414497375,0.5149431228637695,0.19264881312847137,-0.4263097941875458,138,17
0.0016007423400878906,negative,10.0,-10.0,-0.18398632109165192,0.3176891803741455,0.18412262201309204,-0.07961346954107285,138,18
0.0017457008361816406,negative,10.0,-10.0,-0.167437344789505,0.3125702142715454,0.17634989321231842,0.03521415963768959,138,20
0.0018095970153808594,negative,10.0,-10.0,-0.16118593513965607,0.504782497882843,0.17705416679382324,-0.19705407321453094,138,21
0.002118825912475586,negative,10.0,-10.0,-0.11330628395080566,0.49529972672462463,0.15631158649921417,0.015475927852094173,138,25
0.0021920204162597656,negative,10.0,-10.0,-0.10340029001235962,0.6878747940063477,0.15662111341953278,-0.22409626841545105,138,26
0.002256631851196289,negative,10.0,-10.0,-0.08964279294013977,0.8804519772529602,0.15213918685913086,-0.4635676443576813,138,27
0.0023200511932373047,negative,10.0,-10.0,-0.07203375548124313,0.6835443377494812,0.1428678333759308,-0.12706130743026733,138,28
0.002382993698120117,negative,10.0,-10.0,-0.058362867683172226,0.8763613104820251,0.1403266042470932,-0.37147971987724304,138,29
0.003103017807006836,positive,10.0,10.0,0.1058637946844101,1.055663824081421,0.09125499427318573,-0.3127555549144745,138,38
0.003167867660522461,positive,10.0,10.0,0.1269770711660385,0.8593683838844299,0.08499988168478012,0.007254248950630426,138,39
0.0035626888275146484,positive,10.0,10.0,0.22828008234500885,0.6587933301925659,0.06761668622493744,0.4210543930530548,138,44
0.003630399703979492,positive,10.0,10.0,0.24145594239234924,0.46278175711631775,0.07603777199983597,0.7342640161514282,138,45
0.00863957405090332,positive,10.0,10.0,0.35511091351509094,1.2347320318222046,0.08528129011392593,-0.25092071294784546,138,51
0.00870656967163086,positive,10.0,10.0,0.3798055648803711,1.0385023355484009,0.08026286959648132,0.06739640235900879,138,52
0.00885319709777832,positive,10.0,10.0,0.42522335052490234,1.426252841949463,0.0776323452591896,-0.4647863805294037,138,54
0.00899958610534668,positive,10.0,10.0,0.4783509075641632,1.0340940952301025,0.06536303460597992,0.164755716919899,138,56
0.009063720703125,positive,10.0,10.0,0.49903279542922974,0.8381003141403198,0.06865815073251724,0.4773216247558594,138,57
0.00913381576538086,positive,10.0,10.0,0.5157948136329651,0.6420795917510986,0.07820457965135574,0.7908296585083008,138,58
0.009926080703735352,positive,10.0,10.0,0.7716788649559021,1.40864098072052,0.0716649517416954,-0.07493866235017776,138,68
0.010071992874145508,positive,10.0,10.0,0.824103057384491,1.0165181159973145,0.07495550811290741,0.5534303784370422,138,70
0.01021885871887207,positive,10.0,10.0,0.8686436414718628,1.4043084383010864,0.09172957390546799,0.020913178101181984,138,72
0.010286092758178711,positive,10.0,10.0,0.8967298269271851,1.5980032682418823,0.0921478345990181,-0.24147698283195496,138,73
0.010351181030273438,positive,10.0,10.0,0.9286898970603943,1.7916964292526245,0.0873182937502861,-0.5037308931350708,138,74
0.010420560836791992,positive,10.0,10.0,0.9645237922668457,1.5954593420028687,0.07724367827177048,-0.18485772609710693,138,75
0.010485410690307617,positive,10.0,10.0,0.9964329600334167,1.3993220329284668,0.07354652136564255,0.1311580240726471,138,76
0.010548591613769531,positive,10.0,10.0,1.0244194269180298,1.5933176279067993,0.0761696845293045,-0.13744549453258514,138,77
0.010611534118652344,positive,10.0,10.0,1.0562857389450073,1.7872706651687622,0.07342077791690826,-0.40515920519828796,138,78
0.010677337646484375,positive,10.0,10.0,1.0920312404632568,1.9812787771224976,0.06531759351491928,-0.6738210916519165,138,79
0.010825157165527344,positive,10.0,10.0,1.1673630475997925,1.589493751525879,0.04461498558521271,-0.05274072661995888,138,81
0.011617898941040039,negative,10.0,-10.0,1.3587989807128906,1.190616250038147,0.13995002210140228,0.72955721616745,138,89
0.01168680191040039,negative,10.0,-10.0,1.3826112747192383,1.3835549354553223,0.15454116463661194,0.48398980498313904,138,90
0.00024890899658203125,positive,10.0,10.0,-0.02161969430744648,-0.015568473376333714,-0.022472500801086426,0.04456189647316933,139,0
0.0007259845733642578,positive,10.0,10.0,-0.030924294143915176,-0.2095254510641098,-0.007566999644041061,0.3115510940551758,139,5
0.0007910728454589844,positive,10.0,10.0,-0.03511480242013931,-0.014296510256826878,-0.0013359778095036745,0.016491400077939034,139,6
0.0009374618530273438,positive,10.0,10.0,-0.039588719606399536,-0.014263003133237362,0.0051689003594219685,0.015752442181110382,139,8
0.0010030269622802734,positive,10.0,10.0,-0.03987397998571396,-0.20945869386196136,0.0054839495569467545,0.3100617229938507,139,9
0.0014834403991699219,positive,10.0,10.0,-0.053349077701568604,-0.21076472103595734,0.02617681957781315,0.33896079659461975,139,15
0.0015516281127929688,positive,10.0,10.0,-0.057564374059438705,-0.016024839133024216,0.03295603394508362,0.05464615300297737,139,16
0.0017848014831542969,positive,10.0,10.0,-0.06245657429099083,-0.21266932785511017,0.042715542018413544,0.3811787962913513,139,19
0.0019314289093017578,positive,10.0,10.0,-0.06707353889942169,-0.21398501098155975,0.052384402602910995,0.4103943705558777,139,21
0.0020782947540283203,positive,10.0,10.0,-0.0717461109161377,-0.21557849645614624,0.06328580528497696,0.44584235548973083,139,23
0.0021424293518066406,positive,10.0,10.0,-0.07605767995119095,-0.021406298503279686,0.0722026526927948,0.17376072704792023,139,24
0.0024330615997314453,positive,10.0,10.0,-0.07648580521345139,0.1726119965314865,0.07567786425352097,-0.09529931843280792,139,25
0.002499818801879883,positive,10.0,10.0,-0.07303356379270554,0.3665722906589508,0.0737718790769577,-0.3631789982318878,139,26
0.0025627613067626953,positive,10.0,10.0,-0.06570211797952652,0.17048361897468567,0.06650830060243607,-0.048176705837249756,139,27
0.0026252269744873047,positive,10.0,10.0,-0.062292445451021194,-0.025525851175189018,0.06554476171731949,0.2647264897823334,139,28
0.0028650760650634766,positive,10.0,10.0,-0.06778249889612198,0.16639946401119232,0.0885419026017189,0.04218344762921333,139,31
0.0029306411743164062,positive,10.0,10.0,-0.06445451080799103,-0.029873231425881386,0.08938557654619217,0.36143654584884644,139,32
0.003325223922729492,positive,10.0,10.0,-0.036508746445178986,0.5485109686851501,0.08485159277915955,-0.36542168259620667,139,37
0.0034754276275634766,positive,10.0,10.0,-0.01849268563091755,0.5462214946746826,0.07659844309091568,-0.31448090076446533,139,39
0.0037050247192382812,positive,10.0,10.0,0.0025144885294139385,0.34809377789497375,0.0766427144408226,0.04565447196364403,139,42
0.003770589828491211,positive,10.0,10.0,0.009476364590227604,0.542037844657898,0.07755580544471741,-0.22189666330814362,139,43
0.003833293914794922,positive,10.0,10.0,0.020317120477557182,0.7359704971313477,0.07311787456274033,-0.4891427159309387,139,44
0.0038979053497314453,positive,10.0,10.0,0.03503653034567833,0.5398972630500793,0.06333501636981964,-0.17434121668338776,139,45
0.003962039947509766,positive,10.0,10.0,0.04583447799086571,0.3439287543296814,0.05984819680452347,0.13763025403022766,139,46
0.004113435745239258,positive,10.0,10.0,0.055673111230134964,0.3421861231327057,0.07157235592603683,0.17626607418060303,139,48
0.0041773319244384766,positive,10.0,10.0,0.06251683086156845,0.5362147092819214,0.07509767264127731,-0.09300734102725983,139,49
0.004241943359375,positive,10.0,10.0,0.07324112951755524,0.7301844358444214,0.07323753088712692,-0.36108389496803284,139,50
0.004388093948364258,positive,10.0,10.0,0.09852685779333115,0.33809858560562134,0.06509112566709518,0.2665231227874756,139,52
0.004534006118774414,positive,10.0,10.0,0.108131043612957,0.3361790180206299,0.082001693546772,0.3093115985393524,139,54
0.00468134880065918,positive,10.0,10.0,0.12545548379421234,0.7237966060638428,0.08905941992998123,-0.22003313899040222,139,56
0.004826545715332031,positive,10.0,10.0,0.15828222036361694,0.721331775188446,0.07499180734157562,-0.16522932052612305,139,58
0.004895210266113281,positive,10.0,10.0,0.17270885407924652,0.9153046011924744,0.07168722152709961,-0.4333438575267792,139,59
0.004960298538208008,positive,10.0,10.0,0.19101494550704956,0.7192447781562805,0.06302034109830856,-0.11895148456096649,139,60
0.00502467155456543,positive,10.0,10.0,0.20539984107017517,0.5232791304588318,0.06064131110906601,0.19292914867401123,139,61
0.005173444747924805,positive,10.0,10.0,0.22241230309009552,0.5215009450912476,0.0745820626616478,0.23242925107479095,139,63
0.005237579345703125,positive,10.0,10.0,0.2328423261642456,0.7154823541641235,0.0792306512594223,-0.03582718223333359,139,64
0.006070137023925781,positive,10.0,10.0,0.3197745382785797,0.9052544832229614,0.05716043338179588,-0.21076545119285583,139,69
0.010505199432373047,positive,10.0,10.0,0.35206690430641174,0.5135246515274048,0.0549328550696373,0.4082924425601959,139,71
0.010750770568847656,positive,10.0,10.0,0.3764939308166504,0.5118600726127625,0.06576713919639587,0.4453248083591461,139,73
0.010906219482421875,positive,10.0,10.0,0.40085098147392273,0.899971067905426,0.07815516740083694,-0.09414608776569366,139,75
0.010973691940307617,positive,10.0,10.0,0.4188503921031952,1.093890905380249,0.07627224177122116,-0.36118367314338684,139,76
0.01112508773803711,positive,10.0,10.0,0.45868366956710815,0.7017317414283752,0.06813939660787582,0.2681855857372284,139,78
0.011272430419921875,positive,10.0,10.0,0.4828324317932129,0.6997261047363281,0.08513426780700684,0.3129054307937622,139,80
0.011337041854858398,positive,10.0,10.0,0.4968269467353821,0.8935385942459106,0.09139237552881241,0.04823886230587959,139,81
0.011404037475585938,positive,10.0,10.0,0.5146977305412292,1.0872392654418945,0.09235715121030807,-0.21426762640476227,139,82
0.011467218399047852,positive,10.0,10.0,0.5364425182342529,1.2809277772903442,0.0880718007683754,-0.4764477610588074,139,83
0.011531352996826172,positive,10.0,10.0,0.562061071395874,1.0846798419952393,0.07854284346103668,-0.15735715627670288,139,84
0.011593818664550781,positive,10.0,10.0,0.5837546586990356,1.2785946130752563,0.07539570331573486,-0.4242646098136902,139,85
0.011660575866699219,positive,10.0,10.0,0.6093265414237976,1.082490086555481,0.06691040843725204,-0.10879819095134735,139,86
0.011731863021850586,positive,10.0,10.0,0.6309763789176941,0.8864762783050537,0.06473444402217865,0.20422157645225525,139,87
0.012703180313110352,positive,10.0,10.0,0.8344460725784302,1.2628881931304932,0.08973148465156555,-0.07680314779281616,139,97
0.012855052947998047,positive,10.0,10.0,0.8810359239578247,1.260360836982727,0.09305116534233093,-0.020825490355491638,139,99
0.013002395629882812,positive,10.0,10.0,0.9353237748146057,1.6477205753326416,0.0869794487953186,-0.5448495149612427,139,101
0.013067007064819336,positive,10.0,10.0,0.9682782292366028,1.4514909982681274,0.07608245313167572,-0.22607816755771637,139,102
0.013130426406860352,positive,10.0,10.0,0.9973080158233643,1.645447850227356,0.07156089693307877,-0.49382510781288147,139,103
0.013277530670166016,positive,10.0,10.0,1.0592048168182373,1.2534455060958862,0.05809488520026207,0.13201136887073517,139,105
0.013424396514892578,positive,10.0,10.0,1.1132274866104126,1.251752495765686,0.057899266481399536,0.16941609978675842,139,107
0.013491630554199219,positive,10.0,10.0,1.1382626295089722,1.4459999799728394,0.061287589371204376,-0.10445398092269897,139,108
0.013637304306030273,positive,10.0,10.0,1.1921837329864502,1.444283366203308,0.06333686411380768,-0.06651908159255981,139,110
0.013700485229492188,positive,10.0,10.0,1.2210693359375,1.2483131885528564,0.06200648471713066,0.2454553097486496,139,111
0.013845682144165039,positive,10.0,10.0,1.2748855352401733,1.2464826107025146,0.06637473404407501,0.28597959876060486,139,113
0.013909578323364258,positive,10.0,10.0,1.2998151779174805,1.0504800081253052,0.07209432870149612,0.5988360643386841,139,114
0.013973236083984375,positive,10.0,10.0,1.3208248615264893,0.8544272780418396,0.08407104760408401,0.9133285284042358,139,115
0.014284849166870117,negative,10.0,-10.0,1.3734265565872192,0.45865505933761597,0.1841159164905548,1.6412851810455322,139,119
0.0003807544708251953,positive,10.0,10.0,0.045306723564863205,-0.17452892661094666,0.0031937062740325928,0.27115166187286377,140,1
0.00045561790466308594,positive,10.0,10.0,0.041816145181655884,-0.36969631910324097,0.008616738952696323,0.5648401975631714,140,2
0.0006935596466064453,positive,10.0,10.0,0.03133101388812065,-0.17534103989601135,0.025182191282510757,0.2891390025615692,140,5
0.0009236335754394531,positive,10.0,10.0,0.02468966878950596,-0.37168949842453003,0.03719090297818184,0.6091060042381287,140,8
0.001069784164428711,positive,10.0,10.0,0.013713745400309563,0.017278917133808136,0.05594032630324364,0.051651906222105026,140,10
0.0013034343719482422,positive,10.0,10.0,0.010800733231008053,-0.18031154572963715,0.06594747304916382,0.3994866609573364,140,13
0.0013687610626220703,positive,10.0,10.0,0.00719450181350112,0.013815933838486671,0.07393720746040344,0.1283029168844223,140,14
0.0015141963958740234,positive,10.0,10.0,0.011626922525465488,0.4017527401447296,0.07369989901781082,-0.4077686071395874,140,16
0.0017390251159667969,positive,10.0,10.0,0.023968728259205818,-0.1863016039133072,0.06808531284332275,0.5319034457206726,140,19
0.0018038749694824219,positive,10.0,10.0,0.02024269662797451,0.007799966260790825,0.07872337847948074,0.2614273130893707,140,20
0.0019488334655761719,positive,10.0,10.0,0.024432998150587082,0.39553895592689514,0.08384345471858978,-0.2704826891422272,140,22
0.0020956993103027344,positive,10.0,10.0,0.044131189584732056,0.3932384252548218,0.06772204488515854,-0.21925804018974304,140,24
0.002162456512451172,positive,10.0,10.0,0.051995955407619476,0.5873302817344666,0.06333688646554947,-0.48983335494995117,140,25
0.0030908584594726562,positive,10.0,10.0,0.11393435299396515,0.3820553123950958,0.07592198997735977,0.028045250102877617,140,36
0.0031554698944091797,positive,10.0,10.0,0.12157545238733292,0.5760110020637512,0.07648289948701859,-0.23975059390068054,140,37
0.003540515899658203,positive,10.0,10.0,0.17117351293563843,0.3762844502925873,0.06862594932317734,0.15561124682426453,140,42
0.0036079883575439453,positive,10.0,10.0,0.17869919538497925,0.18025046586990356,0.07173817604780197,0.4691303074359894,140,43
0.003672361373901367,positive,10.0,10.0,0.18230420351028442,-0.01580769382417202,0.08112078160047531,0.783534049987793,140,44
0.004488468170166016,positive,10.0,10.0,0.27258720993995667,0.7527385950088501,0.08427358418703079,-0.12644116580486298,140,52
0.004718780517578125,positive,10.0,10.0,0.321580708026886,0.9443660378456116,0.07243497669696808,-0.34257352352142334,140,55
0.004783153533935547,positive,10.0,10.0,0.34046801924705505,0.7482923269271851,0.06558351218700409,-0.027956929057836533,140,56
0.005008697509765625,positive,10.0,10.0,0.3736059069633484,0.5503727793693542,0.08266064524650574,0.3275417983531952,140,59
0.005072593688964844,positive,10.0,10.0,0.38461336493492126,0.7442265748977661,0.08921147882938385,0.062028512358665466,140,60
0.005377531051635742,positive,10.0,10.0,0.45959991216659546,1.1293904781341553,0.07423745840787888,-0.41282060742378235,140,64
0.005601406097412109,positive,10.0,10.0,0.5155996084213257,0.5413204431533813,0.06832849979400635,0.5272335410118103,140,67
0.005666971206665039,positive,10.0,10.0,0.5264260172843933,0.34530696272850037,0.0788731724023819,0.8406406044960022,140,68
0.00589299201965332,negative,10.0,-10.0,0.5431753396987915,0.5362831950187683,0.1367436796426773,0.6427425742149353,140,71
0.005959033966064453,negative,10.0,-10.0,0.553900957107544,0.7292609214782715,0.14959852397441864,0.39605551958084106,140,72
0.006025075912475586,negative,10.0,-10.0,0.568486213684082,0.9219788312911987,0.1575196385383606,0.15402543544769287,140,73
0.0060901641845703125,negative,10.0,-10.0,0.5869258046150208,1.1145358085632324,0.16060014069080353,-0.08511459827423096,140,74
0.0061550140380859375,negative,10.0,-10.0,0.6092165112495422,1.3070348501205444,0.15889786183834076,-0.3231336772441864,140,75
0.006223201751708984,negative,10.0,-10.0,0.6353572010993958,1.1100492477416992,0.15243518352508545,0.015142026357352734,140,76
0.006289482116699219,negative,10.0,-10.0,0.6575582027435303,1.3026938438415527,0.15273801982402802,-0.22583140432834625,140,77
0.006516218185424805,negative,10.0,-10.0,0.7394882440567017,1.4913567304611206,0.13626284897327423,-0.3770636320114136,140,80
0.007303714752197266,positive,10.0,10.0,1.040085792541504,1.8648964166641235,0.09017269313335419,-0.5930207967758179,140,90
0.007367849349975586,positive,10.0,10.0,1.0773837566375732,2.058648109436035,0.07831227779388428,-0.8559926748275757,140,91
0.007837533950805664,positive,10.0,10.0,1.343713641166687,2.0562541484832764,-0.04859399423003197,-0.8006114959716797,140,97
0.007983207702636719,positive,10.0,10.0,1.4220752716064453,1.6676750183105469,-0.07507827132940292,-0.25195688009262085,140,99
0.008130550384521484,positive,10.0,10.0,1.4849028587341309,1.2798140048980713,-0.07979476451873779,0.28250056505203247,140,101
0.008275508880615234,positive,10.0,10.0,1.5400186777114868,1.2819933891296387,-0.07482963800430298,0.23415493965148926,140,103
0.00842142105102539,positive,10.0,10.0,1.5952205657958984,1.2840503454208374,-0.07176976650953293,0.18859128654003143,140,105
0.008566617965698242,positive,10.0,10.0,1.6505039930343628,1.286036491394043,-0.07051476091146469,0.14463813602924347,140,107
0.008712530136108398,positive,10.0,10.0,1.6980645656585693,0.8978899717330933,-0.05933663621544838,0.6848893165588379,140,109
0.008775711059570312,positive,10.0,10.0,1.7160223722457886,0.7036398649215698,-0.04563885182142258,0.95831698179245,140,110
0.008840799331665039,positive,10.0,10.0,1.7300951480865479,0.5091602802276611,-0.026472512632608414,1.2363194227218628,140,111
0.008986949920654297,positive,10.0,10.0,1.7465661764144897,0.11928749829530716,0.028665736317634583,1.8127304315567017,140,113
0.0002205371856689453,positive,10.0,10.0,0.040793195366859436,0.04940562695264816,-0.02960364520549774,-0.04857199639081955,141,0
0.00044274330139160156,positive,10.0,10.0,0.03887571766972542,-0.33995166420936584,-0.025882570073008537,0.5175096392631531,141,2
0.0006146430969238281,positive,10.0,10.0,0.021382687613368034,-0.7296053171157837,0.0005061292904429138,1.0896821022033691,141,4
0.000762939453125,positive,10.0,10.0,-0.0038992201443761587,-0.7299107909202576,0.03824293240904808,1.0967718362808228,141,6
0.0009138584136962891,positive,10.0,10.0,-0.029203690588474274,-0.7312046885490417,0.07650494575500488,1.1273165941238403,141,8
0.0013077259063720703,negative,10.0,-10.0,-0.0635877400636673,0.23583878576755524,0.13706929981708527,-0.1511460244655609,141,13
0.002187490463256836,positive,10.0,10.0,0.029250942170619965,0.4129285514354706,0.08287869393825531,-0.04478613659739494,141,24
0.0022516250610351562,positive,10.0,10.0,0.03750951215624809,0.6067702770233154,0.08198297768831253,-0.31021225452423096,141,25
0.002315044403076172,positive,10.0,10.0,0.049644917249679565,0.4105817973613739,0.07577873021364212,0.007158055901527405,141,26
0.0026214122772216797,positive,10.0,10.0,0.09796653687953949,0.40653082728385925,0.055850550532341,0.09663961827754974,141,30
0.0026862621307373047,positive,10.0,10.0,0.10609714686870575,0.21065472066402435,0.057783342897892,0.4064071774482727,141,31
0.002751588821411133,positive,10.0,10.0,0.11031024158000946,0.40491172671318054,0.06591148674488068,0.13248683512210846,141,32
0.0028362274169921875,positive,10.0,10.0,0.11840847879648209,0.20891058444976807,0.06856122612953186,0.4452141225337982,141,33
0.002900838851928711,positive,10.0,10.0,0.122586689889431,0.012889002449810505,0.07746550440788269,0.7586969137191772,141,34
0.0037841796875,positive,10.0,10.0,0.25262540578842163,0.9727890491485596,0.08556608110666275,-0.3615630269050598,141,45
0.003931760787963867,positive,10.0,10.0,0.2876124083995819,0.9704780578613281,0.07747136056423187,-0.31014877557754517,141,47
0.003997325897216797,positive,10.0,10.0,0.30702197551727295,0.7743427157402039,0.07126838713884354,0.005925613921135664,141,48
0.004064798355102539,positive,10.0,10.0,0.322508841753006,0.5782749056816101,0.0713868960738182,0.32021597027778625,141,49
0.004210472106933594,positive,10.0,10.0,0.3417185842990875,0.5761683583259583,0.09048181772232056,0.36732402443885803,141,51
0.004520893096923828,positive,10.0,10.0,0.4110506474971771,0.9606985449790955,0.08849475532770157,-0.09380131959915161,141,55
0.004585742950439453,positive,10.0,10.0,0.4302646219730377,0.7644270062446594,0.08661872893571854,0.2254374623298645,141,56
0.0048105716705322266,positive,10.0,10.0,0.4877557158470154,0.9556303024291992,0.08432693034410477,0.01844301074743271,141,59
0.004874467849731445,positive,10.0,10.0,0.506868302822113,1.149448037147522,0.08469579368829727,-0.24648776650428772,141,60
0.0049381256103515625,positive,10.0,10.0,0.5298572778701782,1.3432646989822388,0.07976603507995605,-0.5112997889518738,141,61
0.005084991455078125,positive,10.0,10.0,0.5796648859977722,0.9510708451271057,0.06564835458993912,0.11919938772916794,141,63
0.005148410797119141,positive,10.0,10.0,0.5986862778663635,0.7550727128982544,0.06803233921527863,0.43185001611709595,141,64
0.005858659744262695,positive,10.0,10.0,0.7883003354072571,1.3281668424606323,0.08423416316509247,-0.17709088325500488,141,73
0.005922555923461914,positive,10.0,10.0,0.8148636817932129,1.5219886302947998,0.0806923434138298,-0.44205719232559204,141,74
0.005986213684082031,positive,10.0,10.0,0.845303475856781,1.3258230686187744,0.0718512013554573,-0.12506848573684692,141,75
0.0061299800872802734,positive,10.0,10.0,0.9022168517112732,1.713918924331665,0.06146491318941116,-0.6642829775810242,141,77
0.006196022033691406,positive,10.0,10.0,0.9364952445030212,1.9081344604492188,0.048179253935813904,-0.9369968175888062,141,78
0.006342887878417969,positive,10.0,10.0,1.0167094469070435,2.297304630279541,0.0051561263389885426,-1.4974740743637085,141,80
0.0064890384674072266,positive,10.0,10.0,1.1046979427337646,1.9073277711868286,-0.04885707050561905,-0.9183748960494995,141,82
0.006554365158081055,positive,10.0,10.0,1.1428444385528564,1.712899088859558,-0.06722456961870193,-0.6414381861686707,141,83
0.006949663162231445,negative,10.0,-10.0,1.3143503665924072,1.9140912294387817,-0.13628512620925903,-1.0753713846206665,141,88
0.0070133209228515625,negative,10.0,-10.0,1.3526321649551392,1.721007227897644,-0.15779255330562592,-0.8283747434616089,141,89
0.0071620941162109375,negative,10.0,-10.0,1.4254101514816284,2.114802122116089,-0.19768473505973816,-1.508121132850647,141,91
0.00023651123046875,positive,10.0,10.0,-0.03334308788180351,0.0497114323079586,-0.044556375592947006,-0.0414755679666996,142,0
0.0004527568817138672,positive,10.0,10.0,-0.035243745893239975,-0.339189350605011,-0.040649425238370895,0.5148516297340393,142,2
0.0005295276641845703,positive,10.0,10.0,-0.04202753305435181,-0.14351922273635864,-0.03035239316523075,0.20964127779006958,142,3
0.0006034374237060547,positive,10.0,10.0,-0.04489791393280029,-0.3381943106651306,-0.026159565895795822,0.49259719252586365,142,4
0.00077056884765625,positive,10.0,10.0,-0.05451606959104538,-0.3375982642173767,-0.012471902184188366,0.4792802929878235,142,6
0.0008392333984375,positive,10.0,10.0,-0.06126803532242775,-0.5325419306755066,-0.0028862960170954466,0.768006443977356,142,7
0.0009124279022216797,positive,10.0,10.0,-0.07191887497901917,-0.7276240587234497,0.012473832815885544,1.0597797632217407,142,8
0.0010614395141601562,positive,10.0,10.0,-0.09712474793195724,-0.7282382249832153,0.0490901879966259,1.0741217136383057,142,10
0.0011293888092041016,positive,10.0,10.0,-0.1116895079612732,-0.5337982177734375,0.0705726221203804,0.7972397804260254,142,11
0.0011954307556152344,positive,10.0,10.0,-0.12236547470092773,-0.33971190452575684,0.08651741594076157,0.527566134929657,142,12
0.0016715526580810547,positive,10.0,10.0,-0.11283649504184723,0.43217355012893677,0.08312098681926727,-0.45698636770248413,142,18
0.001735687255859375,positive,10.0,10.0,-0.10419302433729172,0.23598089814186096,0.07398126274347305,-0.13930396735668182,142,19
0.0018010139465332031,positive,10.0,10.0,-0.09947340935468674,0.42996954917907715,0.07119517773389816,-0.4077603816986084,142,20
0.0019445419311523438,positive,10.0,10.0,-0.08619572967290878,0.03794794902205467,0.06116980314254761,0.21837835013866425,142,22
0.0020079612731933594,positive,10.0,10.0,-0.08543677628040314,-0.1579926609992981,0.06553737074136734,0.5297122597694397,142,23
0.0021543502807617188,positive,10.0,10.0,-0.08787364512681961,-0.15997253358364105,0.08129919320344925,0.574070394039154,142,25
0.0022211074829101562,positive,10.0,10.0,-0.09107309579849243,0.03392115235328674,0.09278060495853424,0.30806615948677063,142,26
0.003096342086791992,positive,10.0,10.0,-0.011213398538529873,0.6019966006278992,0.08756686002016068,-0.19065646827220917,142,37
0.0034008026123046875,positive,10.0,10.0,0.04460390284657478,0.5974767208099365,0.06383486837148666,-0.09037735313177109,142,41
0.003629446029663086,positive,10.0,10.0,0.06869443506002426,0.3996767997741699,0.07712874561548233,0.26230594515800476,142,44
0.003858804702758789,positive,10.0,10.0,0.10430968552827835,0.9813252091407776,0.07685940712690353,-0.536327064037323,142,47
0.004011869430541992,positive,10.0,10.0,0.1396404206752777,0.5892096161842346,0.06172385811805725,0.09233854711055756,142,49
0.004076719284057617,positive,10.0,10.0,0.1514246165752411,0.39325979351997375,0.06357062608003616,0.4038388729095459,142,50
0.004140377044677734,positive,10.0,10.0,0.15928980708122253,0.5874252915382385,0.07164740562438965,0.13185614347457886,142,51
0.00420379638671875,positive,10.0,10.0,0.17103831470012665,0.7814516425132751,0.07428453117609024,-0.13739044964313507,142,52
0.004433631896972656,positive,10.0,10.0,0.22176356613636017,0.5834047794342041,0.06159398332238197,0.22060611844062805,142,55
0.0044977664947509766,positive,10.0,10.0,0.23343166708946228,0.3874589502811432,0.06600610166788101,0.53206467628479,142,56
0.004566669464111328,positive,10.0,10.0,0.24118085205554962,0.5815934538841248,0.07664740085601807,0.2608887553215027,142,57
0.004800081253051758,positive,10.0,10.0,0.28771156072616577,1.1632670164108276,0.07628300786018372,-0.5382665991783142,142,60
0.00494694709777832,positive,10.0,10.0,0.3303201198577881,0.7711659073829651,0.06106654554605484,0.09005267173051834,142,62
0.005011081695556641,positive,10.0,10.0,0.34574344754219055,0.5752242207527161,0.06286760419607162,0.4013597369194031,142,63
0.00516057014465332,positive,10.0,10.0,0.3648332953453064,0.1832413375377655,0.08515843749046326,1.0273113250732422,142,65
0.0054781436920166016,negative,10.0,-10.0,0.3871365785598755,0.17731019854545593,0.1593678742647171,1.1680444478988647,142,69
0.00034928321838378906,positive,10.0,10.0,-0.008338047191500664,-0.1574888527393341,-0.014032241888344288,0.2494349181652069,143,1
0.00042724609375,positive,10.0,10.0,-0.011487824842333794,-0.35240763425827026,-0.009043543599545956,0.5376589298248291,143,2
0.0005114078521728516,positive,10.0,10.0,-0.018535977229475975,-0.1571597158908844,0.0017096351366490126,0.2421402782201767,143,3
0.0006771087646484375,positive,10.0,10.0,-0.020920416340231895,-0.15727750957012177,0.0055523826740682125,0.24474015831947327,143,5
0.0007429122924804688,positive,10.0,10.0,-0.02406596578657627,0.037764694541692734,0.010447186417877674,-0.04618624970316887,143,6
0.0009746551513671875,positive,10.0,10.0,-0.03351602703332901,-0.15784718096256256,0.025427870452404022,0.25737279653549194,143,9
0.0012848377227783203,positive,10.0,10.0,-0.053998980671167374,-0.15990550816059113,0.05884846672415733,0.30318310856819153,143,13
0.0013496875762939453,positive,10.0,10.0,-0.05719709023833275,0.03433053195476532,0.06491212546825409,0.029624857008457184,143,14
0.0016558170318603516,positive,10.0,10.0,-0.05456448346376419,0.4204803705215454,0.06979498267173767,-0.46680960059165955,143,18
0.0018014907836914062,positive,10.0,10.0,-0.04166597127914429,0.028512094169855118,0.05739939212799072,0.15815700590610504,143,20
0.0020346641540527344,positive,10.0,10.0,-0.04390670731663704,-0.16921520233154297,0.07383786886930466,0.5092827677726746,143,23
0.002101421356201172,positive,10.0,10.0,-0.04729101434350014,-0.36529549956321716,0.08402352035045624,0.82429039478302,143,24
0.002816438674926758,positive,10.0,10.0,-0.004915275145322084,0.5961945056915283,0.09316316992044449,-0.3316914737224579,143,33
0.0029604434967041016,positive,10.0,10.0,0.015006184577941895,0.5936597585678101,0.08630646020174026,-0.2753205895423889,143,35
0.003106355667114258,positive,10.0,10.0,0.04262840375304222,0.5912918448448181,0.07000838965177536,-0.22257471084594727,143,37
0.0031692981719970703,positive,10.0,10.0,0.05445423722267151,0.39524272084236145,0.06555689126253128,0.09134426712989807,143,38
0.0037140846252441406,positive,10.0,10.0,0.12106677144765854,0.19311308860778809,0.07021327316761017,0.5395646691322327,143,45
0.003778696060180664,positive,10.0,10.0,0.1249290332198143,0.38718143105506897,0.0810045674443245,0.2698051929473877,143,46
0.003937482833862305,positive,10.0,10.0,0.1442938596010208,0.7748429775238037,0.08647528290748596,-0.2604897916316986,143,48
0.004004955291748047,positive,10.0,10.0,0.15979072451591492,0.9686309099197388,0.08126548677682877,-0.5246933698654175,143,49
0.004311561584472656,positive,10.0,10.0,0.21374867856502533,0.5744796991348267,0.07714299857616425,0.14928622543811798,143,53
0.004375457763671875,positive,10.0,10.0,0.22523826360702515,0.7684171199798584,0.08012872189283371,-0.11809712648391724,143,54
0.004680633544921875,positive,10.0,10.0,0.2865784466266632,0.3740844130516052,0.07362400740385056,0.5591744184494019,143,58
0.0047473907470703125,positive,10.0,10.0,0.2940601408481598,0.5680999159812927,0.08480749279260635,0.2905654311180115,143,59
0.0048139095306396484,positive,10.0,10.0,0.3054221272468567,0.7619166970252991,0.0906188040971756,0.02578873746097088,143,60
0.005281925201416016,positive,10.0,10.0,0.42378321290016174,1.1451438665390015,0.06113342195749283,-0.4057905375957489,143,66
0.005427360534667969,positive,10.0,10.0,0.46567031741142273,0.7533705234527588,0.05112805590033531,0.21444962918758392,143,68
0.005650758743286133,positive,10.0,10.0,0.49912285804748535,0.5558628439903259,0.08252189308404922,0.5611701011657715,143,71
0.0061206817626953125,positive,10.0,10.0,0.6161364912986755,1.327978491783142,0.08283663541078568,-0.4282427430152893,143,77
0.006264925003051758,positive,10.0,10.0,0.6653317809104919,1.3257704973220825,0.07205900549888611,-0.37899571657180786,143,79
0.006409645080566406,positive,10.0,10.0,0.7144412398338318,0.9337188601493835,0.06318927556276321,0.24781841039657593,143,81
0.006476640701293945,positive,10.0,10.0,0.7331156134605408,0.7377540469169617,0.06814564019441605,0.5597442388534546,143,82
0.007508039474487305,positive,10.0,10.0,1.039747714996338,1.6939196586608887,0.087537482380867,-0.47800692915916443,143,95
0.007572174072265625,positive,10.0,10.0,1.0736260414123535,1.8877036571502686,0.07797733694314957,-0.7418668866157532,143,96
0.007639169692993164,positive,10.0,10.0,1.1113801002502441,2.08166766166687,0.06314000487327576,-1.0090265274047852,143,97
0.007706642150878906,positive,10.0,10.0,1.1530134677886963,1.8857622146606445,0.04295947402715683,-0.6972032189369202,143,98
0.00776982307434082,positive,10.0,10.0,1.1907286643981934,1.690071702003479,0.02901540882885456,-0.3913120627403259,143,99
0.007923126220703125,positive,10.0,10.0,1.2544211149215698,1.299131155014038,0.019396688789129257,0.2096680998802185,143,101
0.007991313934326172,positive,10.0,10.0,1.280403733253479,1.103737235069275,0.023590050637722015,0.5084060430526733,143,102
0.008056879043579102,positive,10.0,10.0,1.302478551864624,1.2985190153121948,0.033758170902729034,0.22324946522712708,143,103
0.008205413818359375,positive,10.0,10.0,1.3505074977874756,0.907292902469635,0.048750899732112885,0.8308650851249695,143,105
0.008270263671875,positive,10.0,10.0,1.368653416633606,1.1017158031463623,0.06536819785833359,0.5539042353630066,143,106
0.008742332458496094,negative,10.0,-10.0,1.46541166305542,0.7032642960548401,0.19236016273498535,1.3408602476119995,143,112
0.00019407272338867188,positive,10.0,10.0,0.014698784798383713,-0.022577358409762383,-0.04688779637217522,-0.028634537011384964,144,0
0.0004937648773193359,positive,10.0,10.0,0.00167910847812891,-0.2157166302204132,-0.03195786848664284,0.22047609090805054,144,3
0.0007417201995849609,positive,10.0,10.0,-0.015139942057430744,-0.40973585844039917,-0.013456684537231922,0.488788366317749,144,6
0.0009717941284179688,positive,10.0,10.0,-0.035813108086586,-0.2143760323524475,0.009825270622968674,0.19078099727630615,144,9
0.0012791156768798828,positive,10.0,10.0,-0.06079075112938881,-0.2154325395822525,0.03729886934161186,0.21421314775943756,144,13
0.0014262199401855469,positive,10.0,10.0,-0.07332074642181396,-0.21655476093292236,0.05195162445306778,0.23912984132766724,144,15
0.0014903545379638672,positive,10.0,10.0,-0.07765184342861176,-0.4123789072036743,0.05673421919345856,0.547736644744873,144,16
0.0016448497772216797,positive,10.0,10.0,-0.09026137739419937,-0.41411715745925903,0.07315805554389954,0.5866958498954773,144,18
0.0018739700317382812,positive,10.0,10.0,-0.1034710705280304,0.16742785274982452,0.09231401234865189,-0.2093793898820877,144,21
0.002186298370361328,positive,10.0,10.0,-0.08242721110582352,0.1626722812652588,0.06725913286209106,-0.10378389805555344,144,25
0.002250194549560547,positive,10.0,10.0,-0.07917376607656479,-0.03334586322307587,0.06518345326185226,0.20933778584003448,144,26
0.0023152828216552734,positive,10.0,10.0,-0.07984068244695663,-0.22933636605739594,0.06937021017074585,0.5218495726585388,144,27
0.0025453567504882812,positive,10.0,10.0,-0.08195970952510834,0.35245028138160706,0.08454987406730652,-0.27942782640457153,144,30
0.002777099609375,positive,10.0,10.0,-0.056982625275850296,0.1541077345609665,0.06351924687623978,0.08554410189390182,144,33
0.0028429031372070312,positive,10.0,10.0,-0.05390046909451485,0.3482643961906433,0.06523013114929199,-0.18644145131111145,144,34
0.002991914749145508,positive,10.0,10.0,-0.04388972744345665,-0.04367389902472496,0.06402299553155899,0.4375191032886505,144,36
0.0031418800354003906,positive,10.0,10.0,-0.04955602437257767,-0.04559412598609924,0.08776692301034927,0.480754017829895,144,38
0.0037009716033935547,positive,10.0,10.0,0.001991470344364643,0.5299282073974609,0.08034458011388779,-0.1824846714735031,144,45
0.0037674903869628906,positive,10.0,10.0,0.012590033933520317,0.723814070224762,0.07669489085674286,-0.4487794041633606,144,46
0.003833770751953125,positive,10.0,10.0,0.027066314592957497,0.917772114276886,0.06771930307149887,-0.7163350582122803,144,47
0.0039055347442626953,positive,10.0,10.0,0.04542175680398941,0.7217814922332764,0.053392600268125534,-0.4031287133693695,144,48
0.003969669342041016,positive,10.0,10.0,0.059857387095689774,0.5259445309638977,0.045330025255680084,-0.0941019207239151,144,49
0.0043642520904541016,positive,10.0,10.0,0.088908351957798,-0.06294067949056625,0.07393164932727814,0.8635553121566772,144,54
0.0052509307861328125,positive,10.0,10.0,0.21005675196647644,0.8966927528381348,0.09370353817939758,-0.2505417466163635,144,65
0.0053157806396484375,positive,10.0,10.0,0.22799061238765717,0.7003663182258606,0.08869270235300064,0.07016455382108688,144,66
0.005380153656005859,positive,10.0,10.0,0.24199794232845306,0.8941121101379395,0.09009599685668945,-0.19327040016651154,144,67
0.005607128143310547,positive,10.0,10.0,0.29946911334991455,1.0855467319488525,0.07435288280248642,-0.4050534665584564,144,70
0.0062367916107177734,negative,10.0,-10.0,0.38675224781036377,0.6853450536727905,0.151029571890831,0.4055689871311188,144,78
0.0063016414642333984,negative,10.0,-10.0,0.4004591405391693,0.878038763999939,0.159140944480896,0.16405270993709564,144,79
0.006365299224853516,negative,10.0,-10.0,0.4180199205875397,1.0705671310424805,0.16242200136184692,-0.07450039684772491,144,80
0.006429195404052734,negative,10.0,-10.0,0.4394312798976898,1.263033151626587,0.16093198955059052,-0.3118572235107422,144,81
0.006493806838989258,negative,10.0,-10.0,0.4646919369697571,1.066028118133545,0.1546948403120041,0.026941848918795586,144,82
0.00655817985534668,negative,10.0,-10.0,0.4860124886035919,1.2586323022842407,0.15523368120193481,-0.21321533620357513,144,83
0.006626605987548828,negative,10.0,-10.0,0.5111851096153259,1.4512335062026978,0.15096937119960785,-0.45318764448165894,144,84
0.007340431213378906,positive,10.0,10.0,0.778886616230011,1.6312036514282227,0.08737438917160034,-0.407875657081604,144,93
0.007405519485473633,positive,10.0,10.0,0.8115106821060181,1.4349584579467773,0.07921687513589859,-0.0889754667878151,144,94
0.007471561431884766,positive,10.0,10.0,0.8402098417282104,1.6288608312606812,0.07743736356496811,-0.35565149784088135,144,95
0.0076177120208740234,positive,10.0,10.0,0.9014416337013245,1.2366719245910645,0.06953252851963043,0.2744254469871521,144,97
0.007769584655761719,positive,10.0,10.0,0.9469876885414124,0.8445424437522888,0.08678510785102844,0.9035434126853943,144,99
0.008575677871704102,positive,10.0,10.0,1.2821595668792725,1.999251127243042,0.04895312339067459,-0.5027784109115601,144,109
0.008642435073852539,positive,10.0,10.0,1.322144627571106,1.8034745454788208,0.038897555321455,-0.19507892429828644,144,110
0.008790016174316406,positive,10.0,10.0,1.390370488166809,1.4122129678726196,0.03718830272555351,0.41313159465789795,144,112
0.008854389190673828,positive,10.0,10.0,1.4186147451400757,1.2165840864181519,0.04545093700289726,0.7173027992248535,144,113
0.009002923965454102,positive,10.0,10.0,1.4633636474609375,0.8249984383583069,0.080275759100914,1.3347808122634888,144,115
0.009232044219970703,negative,10.0,-10.0,1.5244957208633423,1.0159544944763184,0.1445559859275818,1.1411107778549194,144,118
0.009296655654907227,negative,10.0,-10.0,1.5448148250579834,1.208922028541565,0.16737820208072662,0.8970300555229187,144,119
0.00040030479431152344,positive,10.0,10.0,-0.015330174006521702,-0.02560458332300186,0.04851917922496796,0.02943175658583641,145,2
0.0004868507385253906,positive,10.0,10.0,-0.015842264518141747,-0.22138753533363342,0.04910781607031822,0.3370196223258972,145,3
0.0006537437438964844,positive,10.0,10.0,-0.028613470494747162,-0.22287166118621826,0.06874371320009232,0.3701889216899872,145,5
0.0007195472717285156,positive,10.0,10.0,-0.03307090327143669,-0.028790317475795746,0.07614748924970627,0.09994923323392868,145,6
0.0009465217590332031,positive,10.0,10.0,-0.023161783814430237,0.16298715770244598,0.0660947784781456,-0.11952298879623413,145,9
0.001010894775390625,positive,10.0,10.0,-0.01990204118192196,-0.033016446977853775,0.06370431929826736,0.19325819611549377,145,10
0.001074075698852539,positive,10.0,10.0,-0.020562369376420975,-0.2289891093969345,0.06756947934627533,0.5053372979164124,145,11
0.0011374950408935547,positive,10.0,10.0,-0.02514215186238289,-0.03488117828965187,0.07767622917890549,0.23469015955924988,145,12
0.0013625621795654297,positive,10.0,10.0,-0.015600775368511677,0.1567140370607376,0.07575741410255432,0.019180402159690857,145,15
0.0015931129455566406,positive,10.0,10.0,0.005439534317702055,0.348580926656723,0.06083960458636284,-0.2021661102771759,145,18
0.0016570091247558594,positive,10.0,10.0,0.012411152943968773,0.15264403820037842,0.05679628252983093,0.1090712770819664,145,19
0.0019631385803222656,positive,10.0,10.0,0.016718579456210136,0.14903812110424042,0.07944692671298981,0.1890149563550949,145,23
0.002507448196411133,positive,10.0,10.0,0.06441480666399002,0.33651202917099,0.07555404305458069,0.06464239954948425,145,30
0.002572298049926758,positive,10.0,10.0,0.07114505022764206,0.5304740071296692,0.0768468901515007,-0.20327876508235931,145,31
0.0027167797088623047,positive,10.0,10.0,0.09624288231134415,0.5283471941947937,0.06336601823568344,-0.15605898201465607,145,33
0.0027801990509033203,positive,10.0,10.0,0.1068098247051239,0.3323778808116913,0.060244835913181305,0.15592212975025177,145,34
0.002849102020263672,positive,10.0,10.0,0.11345738172531128,0.13644742965698242,0.06336327642202377,0.46698591113090515,145,35
0.0032358169555664062,positive,10.0,10.0,0.15811222791671753,0.32643792033195496,0.06776905804872513,0.28728988766670227,145,40
0.0033006668090820312,positive,10.0,10.0,0.16464097797870636,0.5205312967300415,0.07351485639810562,0.0167270228266716,145,41
0.0038700103759765625,positive,10.0,10.0,0.2488095462322235,0.3190331757068634,0.06737148761749268,0.4509159028530121,145,48
0.004015207290649414,positive,10.0,10.0,0.265453040599823,0.7070912718772888,0.07999394834041595,-0.08743326365947723,145,50
0.004159212112426758,positive,10.0,10.0,0.2976144552230835,0.7048385739326477,0.07116839289665222,-0.03755059465765953,145,52
0.0042226314544677734,positive,10.0,10.0,0.31171125173568726,0.5087720155715942,0.0704173818230629,0.276710569858551,145,53
0.004367828369140625,positive,10.0,10.0,0.32814106345176697,0.5067008137702942,0.08776650577783585,0.32292136549949646,145,55
0.004433870315551758,positive,10.0,10.0,0.33827510476112366,0.700470507144928,0.09422492980957031,0.05915581434965134,145,56
0.004583597183227539,positive,10.0,10.0,0.37016698718070984,1.0877611637115479,0.09136055409908295,-0.46350210905075073,145,58
0.004647731781005859,positive,10.0,10.0,0.3919222056865692,0.8914749026298523,0.08209051191806793,-0.14347799122333527,145,59
0.004709720611572266,positive,10.0,10.0,0.4097517132759094,1.0853310823440552,0.07922095060348511,-0.4091755747795105,145,60
0.004854440689086914,positive,10.0,10.0,0.4492419362068176,0.6931161284446716,0.06918532401323318,0.22161641716957092,145,62
0.00492095947265625,positive,10.0,10.0,0.463104248046875,0.49707701802253723,0.07361765205860138,0.5352959036827087,145,63
0.005067110061645508,positive,10.0,10.0,0.48686760663986206,0.8849143385887146,0.08965732157230377,0.0017469680169597268,145,65
0.005133390426635742,positive,10.0,10.0,0.5045658946037292,1.0786436796188354,0.08969225734472275,-0.2613559663295746,145,66
0.005198955535888672,positive,10.0,10.0,0.5261387825012207,1.2723784446716309,0.0844651386141777,-0.5244557857513428,145,67
0.005262851715087891,positive,10.0,10.0,0.5515863299369812,1.0761756896972656,0.07397602498531342,-0.2063976675271988,145,68
0.005326271057128906,positive,10.0,10.0,0.5731098651885986,1.2701661586761475,0.06984806805849075,-0.4748583436012268,145,69
0.005388736724853516,positive,10.0,10.0,0.5985131859779358,1.0741310119628906,0.06035090237855911,-0.1610039323568344,145,70
0.0054509639739990234,positive,10.0,10.0,0.6199958324432373,0.8781992793083191,0.05713082477450371,0.15009094774723053,145,71
0.006005048751831055,positive,10.0,10.0,0.7386202812194824,1.4551177024841309,0.09331898391246796,-0.5445805788040161,145,78
0.006310701370239258,positive,10.0,10.0,0.8470831513404846,1.0605119466781616,0.06468696147203445,0.13997569680213928,145,82
0.006374835968017578,positive,10.0,10.0,0.8682934045791626,0.864526093006134,0.0674864798784256,0.4523444175720215,145,83
0.006438732147216797,positive,10.0,10.0,0.8855838775634766,0.6685178875923157,0.07653336971998215,0.7655134201049805,145,84
0.006997346878051758,positive,10.0,10.0,1.0527267456054688,1.2440003156661987,0.08535236865282059,0.10397211462259293,145,91
0.007061481475830078,positive,10.0,10.0,1.0776067972183228,1.4378019571304321,0.08743181079626083,-0.16060897707939148,145,92
0.007126808166503906,positive,10.0,10.0,1.1063628196716309,1.6315704584121704,0.08421963453292847,-0.42447933554649353,145,93
0.007190704345703125,positive,10.0,10.0,1.1389942169189453,1.435362696647644,0.07573004812002182,-0.10647961497306824,145,94
0.007338762283325195,positive,10.0,10.0,1.200287938117981,1.8233258724212646,0.06611362099647522,-0.6429402232170105,145,96
0.007401943206787109,positive,10.0,10.0,1.2367544174194336,1.627347707748413,0.05325481295585632,-0.33019202947616577,145,97
0.007553815841674805,positive,10.0,10.0,1.2979316711425781,1.2357509136199951,0.04622693359851837,0.2858272194862366,145,99
0.007699728012084961,positive,10.0,10.0,1.3434466123580933,0.8441920280456543,0.0637979581952095,0.9013060331344604,145,101
0.0077631473541259766,positive,10.0,10.0,1.3603304624557495,0.6482664346694946,0.08182407915592194,1.2133405208587646,145,102
0.007911443710327148,negative,10.0,-10.0,1.382339596748352,0.6458843946456909,0.13670091331005096,1.2727247476577759,145,104
0.007976770401000977,negative,10.0,-10.0,1.3952573537826538,0.44930875301361084,0.1621554046869278,1.6049023866653442,145,105
0.00020694732666015625,positive,10.0,10.0,-0.049073927104473114,-0.034324873238801956,0.00034111060085706413,0.047562770545482635,146,0
0.0003020763397216797,positive,10.0,10.0,-0.049760423600673676,-0.2294517159461975,0.0012923660688102245,0.3403533101081848,146,1
0.0003886222839355469,positive,10.0,10.0,-0.05434945598244667,-0.034348174929618835,0.008099432103335857,0.04807819426059723,146,2
0.0005888938903808594,positive,10.0,10.0,-0.05182328820228577,-0.03459349274635315,0.00422022957354784,0.053488850593566895,146,4
0.0006611347198486328,positive,10.0,10.0,-0.05251515656709671,-0.22977569699287415,0.005290006287395954,0.3475002944469452,146,5
0.0009007453918457031,positive,10.0,10.0,-0.062405750155448914,-0.03509537875652313,0.020430009812116623,0.06457243114709854,146,8
0.0010516643524169922,positive,10.0,10.0,-0.06771774590015411,-0.035697586834430695,0.028994068503379822,0.07787512242794037,146,10
0.0011165142059326172,positive,10.0,10.0,-0.06843169778585434,0.15899698436260223,0.030551569536328316,-0.20552092790603638,146,11
0.0012619495391845703,positive,10.0,10.0,-0.06598272174596786,-0.23203898966312408,0.028373967856168747,0.39754718542099,146,13
0.0014088153839111328,positive,10.0,10.0,-0.07137011736631393,-0.23295393586158752,0.038603778928518295,0.41786161065101624,146,15
0.0030231475830078125,positive,10.0,10.0,-0.07679718732833862,-0.23416171967983246,0.0497129000723362,0.44471514225006104,146,17
0.003091096878051758,positive,10.0,10.0,-0.08148042112588882,-0.039777081459760666,0.058607202023267746,0.1681079864501953,146,18
0.00324249267578125,positive,10.0,10.0,-0.08698970079421997,-0.04149198532104492,0.0715431347489357,0.20616291463375092,146,20
0.0033888816833496094,positive,10.0,10.0,-0.08476878702640533,0.34649795293807983,0.07440396398305893,-0.3310045599937439,146,22
0.003792285919189453,positive,10.0,10.0,-0.05031626671552658,0.14684729278087616,0.045688506215810776,0.06265091896057129,146,27
0.003856182098388672,positive,10.0,10.0,-0.04737932235002518,-0.04889894276857376,0.04694152623414993,0.36939162015914917,146,28
0.003919839859008789,positive,10.0,10.0,-0.04835730046033859,0.1455257087945938,0.05432935804128647,0.09187161922454834,146,29
0.0041468143463134766,positive,10.0,10.0,-0.043574389070272446,-0.052029021084308624,0.06672514230012894,0.438952773809433,146,32
0.00421142578125,positive,10.0,10.0,-0.044614970684051514,0.14208821952342987,0.07550419867038727,0.16802749037742615,146,33
0.004274845123291016,positive,10.0,10.0,-0.04177320748567581,0.3360527753829956,0.07886474579572678,-0.09991323947906494,146,34
0.004420042037963867,positive,10.0,10.0,-0.024452930316329002,0.33383578062057495,0.06953229010105133,-0.05081365630030632,146,36
0.004485130310058594,positive,10.0,10.0,-0.017776213586330414,0.13778924942016602,0.06851602345705032,0.26297155022621155,146,37
0.009077787399291992,positive,10.0,10.0,-0.006878084037452936,0.5232830047607422,0.09232814610004425,-0.21919597685337067,146,41
0.009143590927124023,positive,10.0,10.0,0.0035875760950148106,0.7169722318649292,0.08794422447681427,-0.4813863933086395,146,42
0.009291410446166992,positive,10.0,10.0,0.028341542929410934,0.7146446704864502,0.0750698447227478,-0.42931729555130005,146,44
0.009521007537841797,positive,10.0,10.0,0.05945603922009468,0.1265571564435959,0.06818357855081558,0.5111750364303589,146,47
0.00966787338256836,positive,10.0,10.0,0.0684003010392189,0.514575183391571,0.08322176337242126,-0.026223327964544296,146,49
0.009731531143188477,positive,10.0,10.0,0.07869180291891098,0.7084111571311951,0.082697294652462,-0.29153206944465637,146,50
0.010215520858764648,positive,10.0,10.0,0.15947102010250092,0.31215906143188477,0.06085415929555893,0.42814525961875916,146,56
0.010365486145019531,positive,10.0,10.0,0.1758415848016739,0.31032508611679077,0.07252206653356552,0.4689995348453522,146,58
0.010429859161376953,positive,10.0,10.0,0.18204808235168457,0.5043516159057617,0.08190205693244934,0.20002757012844086,146,59
0.010663986206054688,positive,10.0,10.0,0.2161387801170349,0.6957893371582031,0.08964317291975021,-0.012084364891052246,146,62
0.010913372039794922,positive,10.0,10.0,0.2695101201534271,0.8870641589164734,0.07312978804111481,-0.2204984873533249,146,65
0.011066198348999023,positive,10.0,10.0,0.308872789144516,0.885047972202301,0.05893488600850105,-0.17572171986103058,146,67
0.01121377944946289,positive,10.0,10.0,0.3403564393520355,0.4932641088962555,0.05811955779790878,0.4445948898792267,146,69
0.011278390884399414,positive,10.0,10.0,0.3502217233181,0.2973700761795044,0.06701146066188812,0.7550173401832581,146,70
0.011425018310546875,positive,10.0,10.0,0.3659992516040802,0.6853803992271423,0.09179483354091644,0.21843568980693817,146,72
0.011810302734375,positive,10.0,10.0,0.45767146348953247,1.2638319730758667,0.08457745611667633,-0.510075032711029,146,77
0.011876344680786133,positive,10.0,10.0,0.4829481244087219,1.067626714706421,0.07437595725059509,-0.19198301434516907,146,78
0.01194000244140625,positive,10.0,10.0,0.5043006539344788,1.2616102695465088,0.0705362930893898,-0.4603074789047241,146,79
0.012085199356079102,positive,10.0,10.0,0.5508441925048828,0.8696216940879822,0.058405112475156784,0.16513173282146454,146,81
0.012151956558227539,positive,10.0,10.0,0.5682365894317627,0.6737144589424133,0.0617077462375164,0.47565290331840515,146,82
0.012298822402954102,positive,10.0,10.0,0.5912664532661438,0.2817535996437073,0.08696338534355164,1.1013411283493042,146,84
0.012532949447631836,negative,10.0,-10.0,0.6197962760925293,0.47246983647346497,0.1373462975025177,0.9101424217224121,146,87
0.012600183486938477,negative,10.0,-10.0,0.6292456984519958,0.665492594242096,0.15554913878440857,0.6635878086090088,146,88
0.012988567352294922,negative,10.0,-10.0,0.7342806458473206,1.627008080482483,0.17472022771835327,-0.5047648549079895,146,93
0.01313471794128418,negative,10.0,-10.0,0.7954190373420715,1.6223394870758057,0.16137468814849854,-0.3990725576877594,146,95
0.0131988525390625,negative,10.0,-10.0,0.8278657793998718,1.4253402948379517,0.1533932387828827,-0.06017450988292694,146,96
0.013263463973999023,negative,10.0,-10.0,0.856372594833374,1.617968201637268,0.15218974649906158,-0.30080273747444153,146,97
0.013409137725830078,negative,10.0,-10.0,0.9171528220176697,1.6137980222702026,0.14688856899738312,-0.2074848711490631,146,99
0.013473033905029297,negative,10.0,-10.0,0.9494287371635437,1.8065476417541504,0.14273887872695923,-0.4504655599594116,146,100
0.019589662551879883,positive,10.0,10.0,1.3364437818527222,1.790982961654663,0.04760456085205078,-0.10239363461732864,146,110
0.01965475082397461,positive,10.0,10.0,1.3722635507583618,1.5952123403549194,0.04555669054389,0.2049202173948288,146,111
0.019800424575805664,positive,10.0,10.0,1.4321571588516235,1.2036845684051514,0.059887468814849854,0.8195269107818604,146,113
0.019864559173583984,positive,10.0,10.0,1.456230878829956,1.007796287536621,0.07627800852060318,1.1304287910461426,146,114
0.02010941505432129,negative,10.0,-10.0,1.504933476448059,0.8090409636497498,0.1631651371717453,1.5175385475158691,146,117
0.020174741744995117,negative,10.0,-10.0,1.5211143493652344,1.0018569231033325,0.19351591169834137,1.2799140214920044,146,118
0.0002319812774658203,positive,10.0,10.0,-0.0341852605342865,0.021422268822789192,0.021792788058519363,0.021632440388202667,147,0
0.0004889965057373047,positive,10.0,10.0,-0.03723692148923874,0.020793182775378227,0.0286476518958807,0.035518940538167953,147,2
0.0005812644958496094,positive,10.0,10.0,-0.03682105615735054,-0.17472761869430542,0.0293580312281847,0.3371010720729828,147,3
0.0006587505340576172,positive,10.0,10.0,-0.04031560942530632,0.019964516162872314,0.036100052297115326,0.0538187250494957,147,4
0.0007359981536865234,positive,10.0,10.0,-0.03991631790995598,-0.17565596103668213,0.037176426500082016,0.3576693832874298,147,5
0.0011081695556640625,positive,10.0,10.0,-0.046234648674726486,-0.1782151311635971,0.05564185231924057,0.4144754111766815,147,9
0.0011904239654541016,positive,10.0,10.0,-0.04979895055294037,0.01607583463191986,0.06393136084079742,0.1398402601480484,147,10
0.001459360122680664,positive,10.0,10.0,-0.05279110372066498,0.20817779004573822,0.07938916236162186,-0.08678948879241943,147,13
0.0015347003936767578,positive,10.0,10.0,-0.048627547919750214,0.402077317237854,0.07765337079763412,-0.35340678691864014,147,14
0.0019152164459228516,positive,10.0,10.0,-0.039992764592170715,0.007827508263289928,0.08718924969434738,0.3226560056209564,147,18
0.002261638641357422,positive,10.0,10.0,-0.016120340675115585,0.3926376700401306,0.08146803081035614,-0.14451783895492554,147,22
0.0024347305297851562,positive,10.0,10.0,0.003462495282292366,0.3903612196445465,0.07036911696195602,-0.09404333680868149,147,24
0.002511262893676758,positive,10.0,10.0,0.011269720271229744,0.1943049430847168,0.06848824769258499,0.2199847251176834,147,25
0.0026900768280029297,positive,10.0,10.0,0.015121303498744965,0.1922995001077652,0.08355716615915298,0.26460617780685425,147,27
0.0028619766235351562,positive,10.0,10.0,0.026690006256103516,0.5798783898353577,0.08883736282587051,-0.2639768719673157,147,29
0.003132343292236328,positive,10.0,10.0,0.0653088316321373,0.7714415192604065,0.06881897896528244,-0.47835972905158997,147,32
0.003218412399291992,positive,10.0,10.0,0.0807376578450203,0.5754188895225525,0.05925178527832031,-0.16480498015880585,147,33
0.0032961368560791016,positive,10.0,10.0,0.09224604070186615,0.7696447968482971,0.055955685675144196,-0.4382227659225464,147,34
0.0033721923828125,positive,10.0,10.0,0.10763893276453018,0.5737773776054382,0.047191232442855835,-0.1284390091896057,147,35
0.003448963165283203,positive,10.0,10.0,0.1191144809126854,0.3780122399330139,0.044622451066970825,0.17875079810619354,147,36
0.0035250186920166016,positive,10.0,10.0,0.12667472660541534,0.18228109180927277,0.048197466880083084,0.4851699471473694,147,37
0.0035991668701171875,positive,10.0,10.0,0.13032034039497375,0.37669092416763306,0.057900864630937576,0.20805838704109192,147,38
0.003673076629638672,positive,10.0,10.0,0.13785415887832642,0.18079090118408203,0.06206203252077103,0.5184293389320374,147,39
0.003747701644897461,positive,10.0,10.0,0.14146998524665833,0.3749866783618927,0.07243061810731888,0.24593102931976318,147,40
0.00382232666015625,positive,10.0,10.0,0.14896972477436066,0.5690034031867981,0.0773492380976677,-0.023055048659443855,147,41
0.003896474838256836,positive,10.0,10.0,0.1603497862815857,0.7629358172416687,0.07688813656568527,-0.2903658449649811,147,42
0.003973484039306641,positive,10.0,10.0,0.17560850083827972,0.5668064951896667,0.07108082622289658,0.025541797280311584,147,43
0.004147529602050781,positive,10.0,10.0,0.1943594515323639,0.5647751092910767,0.07838720828294754,0.070501908659935,147,45
0.004222869873046875,positive,10.0,10.0,0.20565494894981384,0.7586908340454102,0.07979725301265717,-0.19645626842975616,147,46
0.004296541213989258,positive,10.0,10.0,0.22082877159118652,0.9525861144065857,0.07586812227964401,-0.462938129901886,147,47
0.004372835159301758,positive,10.0,10.0,0.2398804873228073,0.7564785480499268,0.06660936027765274,-0.14733915030956268,147,48
0.0044481754302978516,positive,10.0,10.0,0.25501006841659546,0.5604690909385681,0.0636625811457634,0.16559170186519623,147,49
0.004524946212768555,positive,10.0,10.0,0.26621943712234497,0.3644963204860687,0.06697440892457962,0.4776594936847687,147,50
0.0046041011810302734,positive,10.0,10.0,0.2735093832015991,0.5586119294166565,0.07652760297060013,0.20681467652320862,147,51
0.004678964614868164,positive,10.0,10.0,0.28468161821365356,0.36248379945755005,0.08066389709711075,0.5226229429244995,147,52
0.005051374435424805,positive,10.0,10.0,0.3369351029396057,1.1373416185379028,0.09077984094619751,-0.5279191732406616,147,56
0.005126476287841797,positive,10.0,10.0,0.3596819341182709,0.9410675764083862,0.08022145926952362,-0.20806775987148285,147,57
0.005201101303100586,positive,10.0,10.0,0.37850329279899597,1.1349562406539917,0.07606010138988495,-0.4744056165218353,147,58
0.005274057388305664,positive,10.0,10.0,0.40120241045951843,0.9388472437858582,0.06657198816537857,-0.15875244140625,147,59
0.005351543426513672,positive,10.0,10.0,0.41997936367988586,0.742838442325592,0.06339694559574127,0.15416716039180756,147,60
0.0054280757904052734,positive,10.0,10.0,0.43483611941337585,0.5468687415122986,0.06648028641939163,0.46615737676620483,147,61
0.005602121353149414,positive,10.0,10.0,0.4527909755706787,0.544875979423523,0.09138406068086624,0.5111284852027893,147,63
0.006074666976928711,positive,10.0,10.0,0.5459955334663391,1.1226481199264526,0.09051790088415146,-0.2022472620010376,147,68
0.006150722503662109,positive,10.0,10.0,0.5684484839439392,1.3163666725158691,0.08647295832633972,-0.46505969762802124,147,69
0.0062255859375,positive,10.0,10.0,0.5947757959365845,1.1201361417770386,0.07717176526784897,-0.14642222225666046,147,70
0.006598711013793945,positive,10.0,10.0,0.6842591762542725,0.7260034680366516,0.06827583909034729,0.5262463688850403,147,74
0.00780177116394043,positive,10.0,10.0,1.005947470664978,1.4865294694900513,0.09050987660884857,-0.20616473257541656,147,88
0.007868289947509766,positive,10.0,10.0,1.0356781482696533,1.680248498916626,0.08638657629489899,-0.4689801335334778,147,89
0.008021116256713867,positive,10.0,10.0,1.1067640781402588,1.677953839302063,0.062342312186956406,-0.4173422157764435,147,91
0.008249521255493164,positive,10.0,10.0,1.1956863403320312,1.090329885482788,0.05595280975103378,0.5121296048164368,147,94
0.008316755294799805,positive,10.0,10.0,1.217492938041687,0.8944662809371948,0.06619539856910706,0.8219067454338074,147,95
0.008791923522949219,negative,10.0,-10.0,1.32835853099823,1.2751562595367432,0.16757634282112122,0.451828271150589,147,101
0.008942365646362305,negative,10.0,-10.0,1.3832128047943115,1.6597764492034912,0.18093891441822052,-0.01588236354291439,147,103
0.00917196273803711,negative,10.0,-10.0,1.4865409135818481,1.8469501733779907,0.1776381880044937,-0.13520221412181854,147,106
0.009236335754394531,negative,10.0,-10.0,1.52347993850708,2.039141893386841,0.17493414878845215,-0.3670017421245575,147,107
0.00938105583190918,negative,10.0,-10.0,1.6088908910751343,2.423832416534424,0.15559765696525574,-0.835381031036377,147,109
0.009444952011108398,negative,10.0,-10.0,1.657367467880249,2.616525650024414,0.13889002799987793,-1.0753676891326904,147,110
0.009675264358520508,positive,10.0,10.0,1.8025622367858887,2.0269253253936768,0.09422577917575836,-0.09215801954269409,147,113
0.009741544723510742,positive,10.0,10.0,1.843100666999817,1.8305878639221191,0.09238261729478836,0.22870299220085144,147,114
0.010050773620605469,negative,10.0,-10.0,1.973785400390625,1.8246042728424072,0.13762466609477997,0.3630131185054779,147,118
0.010117053985595703,negative,10.0,-10.0,2.010277509689331,2.017529249191284,0.14488492906093597,0.11669594794511795,147,119
0.010180950164794922,negative,10.0,-10.0,2.050628185272217,1.8206605911254883,0.14721883833408356,0.45135220885276794,147,120
0.010326623916625977,negative,10.0,-10.0,2.127309799194336,1.8164563179016113,0.16041500866413116,0.5460629463195801,147,122
0.010390758514404297,negative,10.0,-10.0,2.1636388301849365,1.6194872856140137,0.17133626341819763,0.8846833109855652,147,123
0.010535717010498047,negative,10.0,-10.0,2.232267141342163,2.003977060317993,0.20203766226768494,0.42267781496047974,147,125
0.00039315223693847656,positive,10.0,10.0,0.005474246107041836,-0.162578284740448,-0.0022070787381380796,0.25268587470054626,148,1
0.000568389892578125,positive,10.0,10.0,-0.004930692724883556,-0.16258682310581207,0.013740075752139091,0.25288718938827515,148,3
0.0006349086761474609,positive,10.0,10.0,-0.008182428777217865,-0.3579022288322449,0.018797818571329117,0.549872100353241,148,4
0.0007836818695068359,positive,10.0,10.0,-0.01860146038234234,-0.35858359932899475,0.03505867347121239,0.565100371837616,148,6
0.0008609294891357422,positive,10.0,10.0,-0.02577313221991062,-0.16397060453891754,0.04636067897081375,0.28366538882255554,148,7
0.0010118484497070312,positive,10.0,10.0,-0.03624698519706726,-0.1653658002614975,0.06384603679180145,0.3147535026073456,148,9
0.0010769367218017578,positive,10.0,10.0,-0.039554301649332047,0.02879132516682148,0.07014110684394836,0.042869191616773605,148,10
0.0013093948364257812,positive,10.0,10.0,-0.0495900958776474,-0.16936466097831726,0.09155572950839996,0.4039357602596283,148,13
0.0016291141510009766,positive,10.0,10.0,-0.03990364074707031,0.21503731608390808,0.09256219863891602,-0.054386746138334274,148,17
0.0016949176788330078,positive,10.0,10.0,-0.03560289368033409,0.4087185561656952,0.09147445857524872,-0.3164904713630676,148,18
0.0018415451049804688,positive,10.0,10.0,-0.023180106654763222,0.4062249958515167,0.08521626889705658,-0.26106977462768555,148,20
0.002074718475341797,positive,10.0,10.0,0.005022717639803886,0.20783944427967072,0.065302275121212,0.10484065115451813,148,23
0.002218961715698242,positive,10.0,10.0,0.009416414424777031,0.20595069229602814,0.07574689388275146,0.14669378101825714,148,25
0.0022814273834228516,positive,10.0,10.0,0.01353542786091566,0.3999107778072357,0.07868076860904694,-0.12116381525993347,148,26
0.002344369888305664,positive,10.0,10.0,0.021533643826842308,0.5938224792480469,0.07625749707221985,-0.38802316784858704,148,27
0.002496957778930664,positive,10.0,10.0,0.04136420413851738,0.5917820930480957,0.06705093383789062,-0.3426145017147064,148,29
0.0025625228881835938,positive,10.0,10.0,0.05319984629750252,0.39577344059944153,0.060198646038770676,-0.0295640230178833,148,30
0.0027909278869628906,positive,10.0,10.0,0.06519061326980591,0.1980738341808319,0.07708431780338287,0.32091861963272095,148,33
0.002855062484741211,positive,10.0,10.0,0.0691520944237709,0.39201822876930237,0.08350269496440887,0.05350625514984131,148,34
0.0029993057250976562,positive,10.0,10.0,0.08870945125818253,0.7796670794487,0.08033867925405502,-0.4765588343143463,148,36
0.003304004669189453,positive,10.0,10.0,0.12755043804645538,0.3854815661907196,0.08005762100219727,0.1981159895658493,148,40
0.0033698081970214844,positive,10.0,10.0,0.13526006042957306,0.5793725848197937,0.08401994407176971,-0.06827723979949951,148,41
0.003435850143432617,positive,10.0,10.0,0.14684751629829407,0.773195743560791,0.08265439420938492,-0.33331355452537537,148,42
0.003501415252685547,positive,10.0,10.0,0.16231143474578857,0.9670499563217163,0.07598812878131866,-0.598829448223114,148,43
0.003650188446044922,positive,10.0,10.0,0.19707146286964417,0.5749779343605042,0.058347299695014954,0.02895335666835308,148,45
0.0037145614624023438,positive,10.0,10.0,0.20857101678848267,0.37906986474990845,0.05892636626958847,0.33945971727371216,148,46
0.0038595199584960938,positive,10.0,10.0,0.22761854529380798,0.37730643153190613,0.06703407317399979,0.37859678268432617,148,48
0.003923892974853516,positive,10.0,10.0,0.23516467213630676,0.5714155435562134,0.07460600882768631,0.10778031498193741,148,49
0.004151105880737305,positive,10.0,10.0,0.28108760714530945,0.7632549405097961,0.06499280780553818,-0.11304352432489395,148,52
0.004616975784301758,positive,10.0,10.0,0.3606845736503601,0.7570494413375854,0.07534652948379517,0.02415812760591507,148,58
0.004682064056396484,positive,10.0,10.0,0.37582558393478394,0.951014518737793,0.07582969218492508,-0.24383307993412018,148,59
0.004746913909912109,positive,10.0,10.0,0.3948458731174469,1.144976019859314,0.07095303386449814,-0.5116667747497559,148,60
0.004893302917480469,positive,10.0,10.0,0.4367239773273468,0.7529946565628052,0.05676979571580887,0.11370716243982315,148,62
0.004958152770996094,positive,10.0,10.0,0.4517838656902313,0.557107150554657,0.05904394015669823,0.42374640703201294,148,63
0.005105257034301758,positive,10.0,10.0,0.47015002369880676,0.5553280711174011,0.08220772445201874,0.46375077962875366,148,65
0.0053348541259765625,positive,10.0,10.0,0.5150985717773438,0.7465487718582153,0.0941559299826622,0.2567945420742035,148,68
0.005565643310546875,positive,10.0,10.0,0.5715092420578003,1.327353835105896,0.09390552341938019,-0.5243679881095886,148,71
0.005630016326904297,positive,10.0,10.0,0.5980563163757324,1.1310443878173828,0.08341816812753677,-0.20363366603851318,148,72
0.005693912506103516,positive,10.0,10.0,0.6206772327423096,1.3248804807662964,0.07934549450874329,-0.46888023614883423,148,73
0.005838632583618164,positive,10.0,10.0,0.6697494983673096,0.9326820969581604,0.06692226976156235,0.16162900626659393,148,75
0.005904197692871094,positive,10.0,10.0,0.6884031295776367,0.73666912317276,0.07015484571456909,0.4746508300304413,148,76
0.00597691535949707,positive,10.0,10.0,0.7031365036964417,0.5406302213668823,0.07964786887168884,0.7885944247245789,148,77
0.006524085998535156,positive,10.0,10.0,0.852349042892456,1.5056211948394775,0.09225878119468689,-0.44480687379837036,148,84
0.0065882205963134766,positive,10.0,10.0,0.8824614882469177,1.3093233108520508,0.0833626389503479,-0.12452666461467743,148,85
0.006733894348144531,positive,10.0,10.0,0.9387111067771912,1.3069871664047241,0.07307633012533188,-0.07274367660284042,148,87
0.0067980289459228516,positive,10.0,10.0,0.9648508429527283,1.5009894371032715,0.07162145525217056,-0.341505229473114,148,88
0.006944179534912109,positive,10.0,10.0,1.0209691524505615,1.10893714427948,0.06424885988235474,0.2852765619754791,148,90
0.0070912837982177734,positive,10.0,10.0,1.0614070892333984,0.7169329524040222,0.08190461248159409,0.9113830924034119,148,92
0.007643938064575195,negative,10.0,-10.0,1.1728627681732178,0.8994868397712708,0.20638106763362885,0.9112102389335632,148,99
0.00022363662719726562,positive,10.0,10.0,-0.016186311841011047,-0.03852866590023041,-0.004132053814828396,0.0431806705892086,149,0
0.0005137920379638672,positive,10.0,10.0,-0.02239716425538063,0.1566499024629593,0.0042396048083901405,-0.2507558763027191,149,3
0.0006625652313232422,positive,10.0,10.0,-0.02003481425344944,-0.23364315927028656,8.971337956609204e-05,0.3356994390487671,149,5
0.0007276535034179688,positive,10.0,10.0,-0.024707676842808723,-0.03852248564362526,0.006803702097386122,0.0430448092520237,149,6
0.0008757114410400391,positive,10.0,10.0,-0.030152952298521996,-0.038729287683963776,0.01442193053662777,0.04761046916246414,149,8
0.001104593276977539,positive,10.0,10.0,-0.036391742527484894,-0.23458920419216156,0.02341056987643242,0.3566383719444275,149,11
0.001169443130493164,positive,10.0,10.0,-0.041083525866270065,-0.039807770401239395,0.030543338507413864,0.07142836600542068,149,12
0.0012392997741699219,positive,10.0,10.0,-0.04187968000769615,-0.2353539913892746,0.03197190538048744,0.37358924746513367,149,13
0.0013859272003173828,positive,10.0,10.0,-0.04740076884627342,-0.2363649159669876,0.04126681387424469,0.3960181474685669,149,15
0.0019350051879882812,positive,10.0,10.0,-0.06128910928964615,0.3429386019706726,0.07427114993333817,-0.3496612310409546,149,22
0.001998424530029297,positive,10.0,10.0,-0.05443033576011658,0.14684325456619263,0.0672779232263565,-0.03451346978545189,149,23
0.0020613670349121094,positive,10.0,10.0,-0.05149346962571144,-0.049175746738910675,0.0665876492857933,0.2786146402359009,149,24
0.00220489501953125,positive,10.0,10.0,-0.057380612939596176,-0.05113983526825905,0.08399061858654022,0.32242560386657715,149,26
0.002351522445678711,positive,10.0,10.0,-0.05554956942796707,0.3364085555076599,0.09158647060394287,-0.20546746253967285,149,28
0.0024962425231933594,positive,10.0,10.0,-0.038219206035137177,0.33386772871017456,0.07811887562274933,-0.148989737033844,149,30
0.0026412010192871094,positive,10.0,10.0,-0.02098606899380684,0.33168721199035645,0.06681825965642929,-0.10064811259508133,149,32
0.0027077198028564453,positive,10.0,10.0,-0.014352325350046158,0.13567443192005157,0.0648052990436554,0.21234489977359772,149,33
0.0027730464935302734,positive,10.0,10.0,-0.01163883600383997,-0.06031133607029915,0.06905219703912735,0.5247458815574646,149,34
0.0029191970825195312,positive,10.0,10.0,-0.010169575922191143,0.3276757597923279,0.0846390351653099,-0.011973816901445389,149,36
0.00298309326171875,positive,10.0,10.0,-0.0036160603631287813,0.5214883089065552,0.08439955860376358,-0.2767977714538574,149,37
0.003371000289916992,positive,10.0,10.0,0.04050995036959648,0.32131528854370117,0.07328798621892929,0.12870456278324127,149,42
0.01400899887084961,positive,10.0,10.0,0.057242557406425476,0.709273099899292,0.07306234538555145,-0.40780478715896606,149,44
0.014085054397583008,positive,10.0,10.0,0.07142801582813263,0.5131953358650208,0.06490625441074371,-0.09301158040761948,149,45
0.014739751815795898,positive,10.0,10.0,0.1389550268650055,0.7008345723152161,0.0669664666056633,-0.22097890079021454,149,52
0.014815807342529297,positive,10.0,10.0,0.15297171473503113,0.5048224925994873,0.06254688650369644,0.0920536071062088,149,53
0.014993429183959961,positive,10.0,10.0,0.1692454218864441,0.5030149221420288,0.07246387749910355,0.13208746910095215,149,55
0.015166521072387695,positive,10.0,10.0,0.1932462751865387,0.8909984230995178,0.07236797362565994,-0.40495777130126953,149,57
0.015448808670043945,positive,10.0,10.0,0.2427462935447693,0.6931219100952148,0.05521951988339424,-0.05039339140057564,149,60
0.015526056289672852,positive,10.0,10.0,0.2566087245941162,0.4972534477710724,0.05421165004372597,0.259187787771225,149,61
0.015801191329956055,positive,10.0,10.0,0.27469179034233093,-0.09050977230072021,0.08834975957870483,1.19331693649292,149,64
0.01617431640625,negative,10.0,-10.0,0.290682852268219,0.6827064752578735,0.15279822051525116,0.18141745030879974,149,68
0.016352176666259766,negative,10.0,-10.0,0.3218439519405365,1.0679229497909546,0.15523792803287506,-0.29896339774131775,149,70
0.016429662704467773,negative,10.0,-10.0,0.3432024121284485,0.870968222618103,0.14925865828990936,0.03837285935878754,149,71
0.016509294509887695,negative,10.0,-10.0,0.36062178015708923,1.0636696815490723,0.1500261127948761,-0.20374619960784912,149,72
0.017854928970336914,positive,10.0,10.0,0.7133885025978088,1.4285798072814941,0.08465450257062912,-0.22883978486061096,149,86
0.018030643463134766,positive,10.0,10.0,0.7744080424308777,1.4262417554855347,0.07020440697669983,-0.17685812711715698,149,88
0.01810932159423828,positive,10.0,10.0,0.802932858467102,1.2301889657974243,0.06666724383831024,0.13711972534656525,149,89
0.01847672462463379,positive,10.0,10.0,0.9012324213981628,0.8362017869949341,0.08019039034843445,0.8068992495536804,149,93
0.019518375396728516,positive,10.0,10.0,1.2513715028762817,1.4073859453201294,0.04128439724445343,0.2396349310874939,149,104
0.019692659378051758,positive,10.0,10.0,1.3037532567977905,1.0159611701965332,0.056978072971105576,0.8518863916397095,149,106
0.020058393478393555,negative,10.0,-10.0,1.3615156412124634,0.23164865374565125,0.1627572625875473,2.1275274753570557,149,110
0.0003497600555419922,positive,10.0,10.0,0.04146213456988335,-0.2362118512392044,-0.00496826134622097,0.30152636766433716,150,1
0.0004222393035888672,positive,10.0,10.0,0.036737896502017975,-0.04101943597197533,0.0010622660629451275,0.007280712481588125,150,2
0.0005750656127929688,positive,10.0,10.0,0.031194377690553665,-0.04105189070105553,0.007213852368295193,0.007996867410838604,150,4
0.0006411075592041016,positive,10.0,10.0,0.030373338609933853,-0.2362765520811081,0.007373789791017771,0.30294710397720337,150,5
0.0010461807250976562,positive,10.0,10.0,0.01451720017939806,-0.4324544370174408,0.026698371395468712,0.6190544962882996,150,10
0.001195669174194336,positive,10.0,10.0,-0.006690667476505041,-0.8235666155815125,0.05747996270656586,1.224729061126709,150,12
0.0012624263763427734,positive,10.0,10.0,-0.023161999881267548,-0.6292300820350647,0.08197454363107681,0.950595498085022,150,13
0.0017385482788085938,negative,10.0,-10.0,-0.07180526107549667,0.14002737402915955,0.16526731848716736,0.025265363976359367,150,19
0.0018029212951660156,negative,10.0,-10.0,-0.06900471448898315,0.332441121339798,0.16577261686325073,-0.21105492115020752,150,20
0.0019512176513671875,negative,10.0,-10.0,-0.05185883492231369,0.3278583586215973,0.1526074856519699,-0.10826773196458817,150,22
0.0020973682403564453,negative,10.0,-10.0,-0.04268334060907364,0.3236040771007538,0.15501022338867188,-0.01329896692186594,150,24
0.0023288726806640625,negative,10.0,-10.0,-0.01171090081334114,0.5119344592094421,0.13980750739574432,-0.15763503313064575,150,27
0.0023937225341796875,negative,10.0,-10.0,-0.0014722113264724612,0.3151165246963501,0.136654794216156,0.17568092048168182,150,28
0.002546548843383789,negative,10.0,-10.0,0.014991020783782005,0.7009082436561584,0.1387491673231125,-0.31634521484375,150,30
0.0037145614624023438,positive,10.0,10.0,0.251058965921402,1.0696784257888794,0.054857440292835236,-0.4256070554256439,150,44
0.003778696060180664,positive,10.0,10.0,0.27245253324508667,0.8738240599632263,0.0463452972471714,-0.1161474883556366,150,45
0.00424504280090332,positive,10.0,10.0,0.34198394417762756,0.8686983585357666,0.0897134393453598,-0.0029792136047035456,150,51
0.004407167434692383,positive,10.0,10.0,0.38060644268989563,1.256162405014038,0.08433259278535843,-0.5291761755943298,150,53
0.004556179046630859,positive,10.0,10.0,0.42692893743515015,0.863866925239563,0.06952594220638275,0.10384856164455414,150,55
0.004620790481567383,positive,10.0,10.0,0.44420626759529114,0.6678210496902466,0.07160291075706482,0.4176310896873474,150,56
0.0047647953033447266,positive,10.0,10.0,0.47479987144470215,1.0557504892349243,0.08292259275913239,-0.11807294934988022,150,58
0.004912376403808594,positive,10.0,10.0,0.5209067463874817,1.053424596786499,0.07289142906665802,-0.06652876734733582,150,60
0.00497746467590332,positive,10.0,10.0,0.541975200176239,0.8573374152183533,0.07156085222959518,0.24823211133480072,150,61
0.0051229000091552734,positive,10.0,10.0,0.5801493525505066,1.245314121246338,0.0761045292019844,-0.2886391580104828,150,63
0.005189180374145508,positive,10.0,10.0,0.6050556302070618,1.049194097518921,0.07033174484968185,0.02704254537820816,150,64
0.00542902946472168,positive,10.0,10.0,0.6562439203262329,0.8510419130325317,0.0907982811331749,0.3879817724227905,150,67
0.005894899368286133,positive,10.0,10.0,0.8008597493171692,1.2329645156860352,0.0823540911078453,-0.015380555763840675,150,73
0.00595855712890625,positive,10.0,10.0,0.8255190849304199,1.4268146753311157,0.08204647898674011,-0.28098568320274353,150,74
0.0062639713287353516,positive,10.0,10.0,0.9395317435264587,1.0326354503631592,0.06250650435686111,0.39289718866348267,150,78
0.007168769836425781,positive,10.0,10.0,1.231454610824585,1.9903417825698853,0.0844087079167366,-0.679298460483551,150,89
0.007236003875732422,positive,10.0,10.0,1.27126145362854,2.1841959953308105,0.07082273811101913,-0.944257915019989,150,90
0.0073010921478271484,positive,10.0,10.0,1.3149453401565552,1.9881951808929443,0.05193758383393288,-0.6301891207695007,150,91
0.008014202117919922,positive,10.0,10.0,1.4746261835098267,1.0099436044692993,0.05006486177444458,0.893357515335083,150,96
0.008080482482910156,positive,10.0,10.0,1.4948251247406006,0.8141797184944153,0.06793200969696045,1.2013484239578247,150,97
0.00021719932556152344,positive,10.0,10.0,-0.03412545844912529,0.026285622268915176,0.041454069316387177,-0.04189358651638031,151,0
0.0004100799560546875,positive,10.0,10.0,-0.03698785603046417,-0.3650829493999481,0.045887697488069534,0.5687869191169739,151,2
0.0006513595581054688,positive,10.0,10.0,-0.047229647636413574,-0.17234018445014954,0.0634179413318634,0.3287189304828644,151,5
0.0007169246673583984,positive,10.0,10.0,-0.05067645013332367,0.0218243096023798,0.0699923187494278,0.056690048426389694,151,6
0.0008666515350341797,positive,10.0,10.0,-0.05372451990842819,0.019815372303128242,0.07853830605745316,0.10117373615503311,151,8
0.0009312629699707031,positive,10.0,10.0,-0.05332821235060692,0.21372903883457184,0.08056177943944931,-0.16573360562324524,151,9
0.0010752677917480469,positive,10.0,10.0,-0.040901415050029755,0.21148501336574554,0.06860803067684174,-0.11595400422811508,151,11
0.0011394023895263672,positive,10.0,10.0,-0.0366717129945755,0.015450520440936089,0.06628895550966263,0.1975608915090561,151,12
0.001444101333618164,positive,10.0,10.0,-0.035555582493543625,0.4012003540992737,0.08474881947040558,-0.29022425413131714,151,16
0.0015099048614501953,positive,10.0,10.0,-0.027531573548913002,0.20497861504554749,0.07894433289766312,0.027938317507505417,151,17
0.0016567707061767578,positive,10.0,10.0,-0.015454303473234177,0.5927863717079163,0.07472650706768036,-0.5054139494895935,151,19
0.0018084049224853516,positive,10.0,10.0,0.0043353307992219925,0.20071130990982056,0.060815248638391495,0.12219802290201187,151,21
0.0018734931945800781,positive,10.0,10.0,0.008349556475877762,0.004773166496306658,0.06325920671224594,0.433430552482605,151,22
0.001939535140991211,positive,10.0,10.0,0.008445019833743572,0.19894511997699738,0.07192782312631607,0.16134101152420044,151,23
0.0020868778228759766,positive,10.0,10.0,0.020283274352550507,0.5869365930557251,0.07299840450286865,-0.37586915493011475,151,25
0.0022323131561279297,positive,10.0,10.0,0.039839163422584534,0.19486109912395477,0.06425918638706207,0.2515108585357666,151,27
0.0023767948150634766,positive,10.0,10.0,0.043714046478271484,0.19296801090240479,0.08056440949440002,0.29367631673812866,151,29
0.0025224685668945312,positive,10.0,10.0,0.05531049892306328,0.5806372761726379,0.08698694407939911,-0.23675762116909027,151,31
0.002586841583251953,positive,10.0,10.0,0.06692324578762054,0.7744157314300537,0.08225178718566895,-0.5007843375205994,151,32
0.0026493072509765625,positive,10.0,10.0,0.08241155743598938,0.5782365202903748,0.07223610579967499,-0.18335556983947754,151,33
0.002714872360229492,positive,10.0,10.0,0.09397628903388977,0.772254467010498,0.06856898963451385,-0.452404648065567,151,34
0.0028710365295410156,positive,10.0,10.0,0.12094604223966599,0.3803115487098694,0.05674249306321144,0.1719306856393814,151,36
0.003098011016845703,positive,10.0,10.0,0.14761675894260406,0.18274396657943726,0.06230900064110756,0.5191604495048523,151,39
0.003164529800415039,positive,10.0,10.0,0.15127164125442505,0.3769358992576599,0.07269220799207687,0.2467447966337204,151,40
0.003232240676879883,positive,10.0,10.0,0.15881036221981049,0.5709484219551086,0.07762710750102997,-0.022152770310640335,151,41
0.0032987594604492188,positive,10.0,10.0,0.17022933065891266,0.7648762464523315,0.0771840512752533,-0.28936904668807983,151,42
0.0033652782440185547,positive,10.0,10.0,0.18552684783935547,0.5687434077262878,0.07139667123556137,0.026623941957950592,151,43
0.0034303665161132812,positive,10.0,10.0,0.19690172374248505,0.37267404794692993,0.07192914932966232,0.34095147252082825,151,44
0.003578662872314453,positive,10.0,10.0,0.2156892567873001,0.7606126666069031,0.0801839753985405,-0.19504545629024506,151,46
0.003643512725830078,positive,10.0,10.0,0.23090150952339172,0.9545015096664429,0.07628306746482849,-0.4613954722881317,151,47
0.0037899017333984375,positive,10.0,10.0,0.2651593089103699,0.5623739957809448,0.06414162367582321,0.16738446056842804,151,49
0.003855466842651367,positive,10.0,10.0,0.27640679478645325,0.36639535427093506,0.06748931109905243,0.47959262132644653,151,50
0.0039212703704833984,positive,10.0,10.0,0.2837347090244293,0.5605028867721558,0.07708116620779037,0.20892097055912018,151,51
0.004068851470947266,positive,10.0,10.0,0.30223211646080017,0.5582582950592041,0.09175735712051392,0.2588774859905243,151,53
0.004686117172241211,positive,10.0,10.0,0.39611056447029114,0.9398098587989807,0.09117883443832397,-0.13639825582504272,151,59
0.004754304885864258,positive,10.0,10.0,0.414906769990921,1.1335155963897705,0.08845086395740509,-0.39898040890693665,151,60
0.0048177242279052734,positive,10.0,10.0,0.4375770688056946,0.9372574687004089,0.08047126233577728,-0.0797734335064888,151,61
0.005047798156738281,positive,10.0,10.0,0.4976447820663452,1.1290092468261719,0.07136443257331848,-0.29868656396865845,151,64
0.0051136016845703125,positive,10.0,10.0,0.5202249884605408,1.323045253753662,0.0653907060623169,-0.5680363774299622,151,65
0.0052602291107177734,positive,10.0,10.0,0.5770297050476074,1.711536169052124,0.03724151849746704,-1.114636778831482,151,67
0.005411863327026367,positive,10.0,10.0,0.6493834257125854,1.7108452320098877,-0.012959386222064495,-1.098089337348938,151,69
0.005476713180541992,positive,10.0,10.0,0.6836003661155701,1.515896201133728,-0.03492117300629616,-0.8095004558563232,151,70
0.005543231964111328,positive,10.0,10.0,0.7139182686805725,1.71147882938385,-0.05111118033528328,-1.1129602193832397,151,71
0.005863189697265625,negative,10.0,-10.0,0.8665432929992676,1.716141939163208,-0.16604436933994293,-1.2294399738311768,151,75
0.005928993225097656,negative,10.0,-10.0,0.9008661508560181,1.9129644632339478,-0.190633162856102,-1.5692063570022583,151,76
0.0001983642578125,positive,10.0,10.0,-0.021108590066432953,-0.021685350686311722,-0.018959814682602882,0.002415337599813938,152,0
0.0003845691680908203,positive,10.0,10.0,-0.025872904807329178,-0.021143879741430283,-0.01313037984073162,-0.00953049398958683,152,2
0.0006163120269775391,positive,10.0,10.0,-0.03883737325668335,-0.21577481925487518,0.0036072840448468924,0.2723211348056793,152,5
0.0007624626159667969,positive,10.0,10.0,-0.05137183144688606,-0.2159542739391327,0.020376497879624367,0.27632269263267517,152,7
0.0014028549194335938,positive,10.0,10.0,-0.08619511127471924,-0.2209334522485733,0.07058972120285034,0.38698333501815796,152,15
0.0015501976013183594,positive,10.0,10.0,-0.0911514014005661,0.1670365184545517,0.08067669719457626,-0.1496134102344513,152,17
0.0016140937805175781,positive,10.0,10.0,-0.08781066536903381,0.3609161078929901,0.0776844322681427,-0.41579359769821167,152,18
0.0016789436340332031,positive,10.0,10.0,-0.08059234917163849,0.1647840291261673,0.06936855614185333,-0.0996665433049202,152,19
0.0017426013946533203,positive,10.0,10.0,-0.0772966668009758,-0.031259987503290176,0.06737522780895233,0.21407026052474976,152,20
0.0018062591552734375,positive,10.0,10.0,-0.07792186737060547,-0.2272772639989853,0.07165662944316864,0.5272223949432373,152,21
0.0018699169158935547,positive,10.0,10.0,-0.08246741443872452,-0.03323281928896904,0.08220107853412628,0.2579517066478729,152,22
0.0020139217376708984,positive,10.0,10.0,-0.07991956174373627,0.35439276695251465,0.08720584213733673,-0.2716052830219269,152,24
0.0020780563354492188,positive,10.0,10.0,-0.07283170521259308,0.5481691360473633,0.08177373558282852,-0.5355592370033264,152,25
0.0021419525146484375,positive,10.0,10.0,-0.061868324875831604,0.3519982397556305,0.07106254994869232,-0.21827153861522675,152,26
0.0023682117462158203,positive,10.0,10.0,-0.05251113697886467,0.15401026606559753,0.07679443806409836,0.1386260837316513,152,29
0.0024330615997314453,positive,10.0,10.0,-0.049430932849645615,0.34795311093330383,0.07956696301698685,-0.12887540459632874,152,30
0.0024971961975097656,positive,10.0,10.0,-0.04247187077999115,0.5418504476547241,0.07698944956064224,-0.3954331874847412,152,31
0.0025632381439208984,positive,10.0,10.0,-0.0316348634660244,0.34572532773017883,0.06908078491687775,-0.07950443029403687,152,32
0.0026330947875976562,positive,10.0,10.0,-0.02472035586833954,0.14968456327915192,0.06749069690704346,0.23414891958236694,152,33
0.0029442310333251953,positive,10.0,10.0,-0.012868288904428482,0.5352935791015625,0.08894272893667221,-0.2505539357662201,152,37
0.0030107498168945312,positive,10.0,10.0,-0.0021624171640723944,0.729040265083313,0.08393164724111557,-0.5139105319976807,152,38
0.0030755996704101562,positive,10.0,10.0,0.01241838838905096,0.922886073589325,0.0736534371972084,-0.7790087461471558,152,39
0.0035431385040283203,positive,10.0,10.0,0.07219904661178589,0.13790687918663025,0.06168842688202858,0.4942244589328766,152,45
0.003607511520385742,positive,10.0,10.0,0.07495718449354172,0.3321070671081543,0.0715729147195816,0.2216031849384308,152,46
0.0037527084350585938,positive,10.0,10.0,0.09212206304073334,0.7200913429260254,0.07505153864622116,-0.31543973088264465,152,48
0.0039010047912597656,positive,10.0,10.0,0.11700358986854553,0.3279479742050171,0.06874147057533264,0.3134915828704834,152,50
0.003964662551879883,positive,10.0,10.0,0.12356254458427429,0.522026777267456,0.07501129806041718,0.043255046010017395,152,51
0.004027605056762695,positive,10.0,10.0,0.13400308787822723,0.7159973978996277,0.0758763998746872,-0.22485008835792542,152,52
0.004253387451171875,positive,10.0,10.0,0.18080028891563416,0.5179592370986938,0.05795866996049881,0.13307051360607147,152,55
0.004319667816162109,positive,10.0,10.0,0.1911594718694687,0.3220570385456085,0.060620080679655075,0.44346070289611816,152,56
0.004866838455200195,positive,10.0,10.0,0.2709278166294098,0.8995357751846313,0.07969263195991516,-0.2622307538986206,152,63
0.0049326419830322266,positive,10.0,10.0,0.28891852498054504,1.0934350490570068,0.07444801926612854,-0.528751790523529,152,64
0.004998683929443359,positive,10.0,10.0,0.31078723073005676,0.8973490595817566,0.06387298554182053,-0.21356993913650513,152,65
0.0051479339599609375,positive,10.0,10.0,0.34276169538497925,0.5054515600204468,0.06157274171710014,0.40943342447280884,152,67
0.005213022232055664,positive,10.0,10.0,0.35287073254585266,0.3095131516456604,0.06976141035556793,0.7208750247955322,152,68
0.005276679992675781,positive,10.0,10.0,0.35906100273132324,0.5036041736602783,0.08417890965938568,0.4509398341178894,152,69
0.005339622497558594,positive,10.0,10.0,0.3691330850124359,0.6974409818649292,0.09319771081209183,0.18593354523181915,152,70
0.005571603775024414,positive,10.0,10.0,0.422598659992218,0.8883821964263916,0.08866613358259201,-0.015380170196294785,152,73
0.005719900131225586,positive,10.0,10.0,0.46200886368751526,1.2758857011795044,0.08278205990791321,-0.5423826575279236,152,75
0.005866289138793945,positive,10.0,10.0,0.5091206431388855,1.2737278938293457,0.06743825227022171,-0.493960440158844,152,77
0.005930185317993164,positive,10.0,10.0,0.5345951914787292,1.0777229070663452,0.057559046894311905,-0.1808093935251236,152,78
0.005994319915771484,positive,10.0,10.0,0.5561496615409851,0.8818265199661255,0.053942859172821045,0.12946151196956635,152,79
0.006060361862182617,positive,10.0,10.0,0.573786199092865,0.6859750151634216,0.05653208866715431,0.4386630058288574,152,80
0.007592439651489258,positive,10.0,10.0,0.9969590306282043,1.6311765909194946,0.08817267417907715,-0.35623496770858765,152,99
0.007657051086425781,positive,10.0,10.0,1.0295826196670532,1.4349188804626465,0.08104797452688217,-0.037102874368429184,152,100
0.007720470428466797,positive,10.0,10.0,1.0582809448242188,1.6287907361984253,0.08030591905117035,-0.30315396189689636,152,101
0.008026599884033203,positive,10.0,10.0,1.2040594816207886,1.6250276565551758,0.0355740562081337,-0.2192564457654953,152,105
0.008172750473022461,positive,10.0,10.0,1.265148401260376,1.2338608503341675,0.03287757560610771,0.386790007352829,152,107
0.008319616317749023,positive,10.0,10.0,1.3105913400650024,0.842626690864563,0.05440647527575493,0.9948420524597168,152,109
0.008630514144897461,negative,10.0,-10.0,1.354490876197815,0.44816672801971436,0.17159318923950195,1.6925545930862427,152,113
0.00034308433532714844,positive,10.0,10.0,-0.002592600416392088,-0.1545727550983429,0.04105870798230171,0.32887378334999084,153,1
0.00041484832763671875,positive,10.0,10.0,-0.005684055387973785,0.039941370487213135,0.047636184841394424,0.04941638186573982,153,2
0.0004904270172119141,positive,10.0,10.0,-0.004885227885097265,-0.15583012998104095,0.04862451180815697,0.35674023628234863,153,3
0.0007238388061523438,positive,10.0,10.0,-0.01818009279668331,0.03677283227443695,0.07684098184108734,0.1195935532450676,153,6
0.0008726119995117188,positive,10.0,10.0,-0.012830344960093498,0.424617737531662,0.07627502083778381,-0.41456377506256104,153,8
0.0009372234344482422,positive,10.0,10.0,-0.004337990190833807,0.22850222885608673,0.06798374652862549,-0.09884271025657654,153,9
0.0014040470123291016,positive,10.0,10.0,0.011074512265622616,0.6120105385780334,0.08035995811223984,-0.5374059677124023,153,15
0.001789093017578125,positive,10.0,10.0,0.0408630333840847,0.41189783811569214,0.07788284122943878,-0.13305561244487762,153,20
0.0018541812896728516,positive,10.0,10.0,0.04910099133849144,0.6058228015899658,0.07522173225879669,-0.4001868665218353,153,21
0.002237081527709961,positive,10.0,10.0,0.07827552407979965,0.4056570827960968,0.08633149415254593,0.005043152719736099,153,26
0.0023009777069091797,positive,10.0,10.0,0.08638866990804672,0.599441647529602,0.08643236011266708,-0.25920119881629944,153,27
0.002445220947265625,positive,10.0,10.0,0.11424210667610168,0.5970643758773804,0.070779949426651,-0.2062806338071823,153,29
0.0026693344116210938,positive,10.0,10.0,0.13830339908599854,0.3990776836872101,0.07722777128219604,0.15058757364749908,153,32
0.002818584442138672,positive,10.0,10.0,0.1581452190876007,0.786899745464325,0.07790417969226837,-0.38309523463249207,153,34
0.002884387969970703,positive,10.0,10.0,0.17388321459293365,0.5907631516456604,0.07024227827787399,-0.06690195202827454,153,35
0.0031173229217529297,positive,10.0,10.0,0.19756610691547394,0.39268526434898376,0.085059754550457,0.2921521067619324,153,38
0.003182649612426758,positive,10.0,10.0,0.20541980862617493,0.5864979028701782,0.09090279787778854,0.027461593970656395,153,39
0.0032465457916259766,positive,10.0,10.0,0.2171497642993927,0.7802066206932068,0.09145202487707138,-0.23521316051483154,153,40
0.0034737586975097656,positive,10.0,10.0,0.2677857279777527,0.9716237783432007,0.07321374863386154,-0.44649767875671387,153,43
0.0037810802459716797,positive,10.0,10.0,0.32199281454086304,0.5777616500854492,0.0751035138964653,0.22064125537872314,153,47
0.004015922546386719,positive,10.0,10.0,0.3682953417301178,1.1595511436462402,0.07228736579418182,-0.580918550491333,153,50
0.0040814876556396484,positive,10.0,10.0,0.39148637652397156,0.9634947776794434,0.06066899374127388,-0.26636794209480286,153,51
0.004307746887207031,positive,10.0,10.0,0.43754133582115173,0.37581709027290344,0.0633266419172287,0.664306640625,153,54
0.004460573196411133,positive,10.0,10.0,0.4564577341079712,0.7639594674110413,0.08445710688829422,0.12463808059692383,153,56
0.0045239925384521484,positive,10.0,10.0,0.47173693776130676,0.9577763080596924,0.08694986999034882,-0.14025002717971802,153,57
0.00458836555480957,positive,10.0,10.0,0.4908924698829651,1.1515523195266724,0.08414486795663834,-0.40428486466407776,153,58
0.004739046096801758,positive,10.0,10.0,0.5330303907394409,1.149298071861267,0.0743330791592598,-0.35405445098876953,153,60
0.004969120025634766,positive,10.0,10.0,0.5902240872383118,0.5611791610717773,0.07195883989334106,0.587117612361908,153,63
0.005033254623413086,positive,10.0,10.0,0.6014476418495178,0.7552234530448914,0.08370118588209152,0.3179420232772827,153,64
0.0050961971282958984,positive,10.0,10.0,0.6165521144866943,0.9490597248077393,0.0900600254535675,0.05278496444225311,153,65
0.005242347717285156,positive,10.0,10.0,0.6583889722824097,1.3364917039871216,0.0869121327996254,-0.47278714179992676,153,67
0.005307912826538086,positive,10.0,10.0,0.6851187944412231,1.140256643295288,0.07745638489723206,-0.15402564406394958,153,68
0.0053730010986328125,positive,10.0,10.0,0.707923948764801,1.3341890573501587,0.07437587529420853,-0.4213026165962219,153,69
0.006411552429199219,positive,10.0,10.0,0.9983459115028381,1.5123567581176758,0.0875323936343193,-0.34015217423439026,153,82
0.006480693817138672,positive,10.0,10.0,1.0285930633544922,1.3161054849624634,0.08072935044765472,-0.021200595423579216,153,83
0.006871223449707031,positive,10.0,10.0,1.1911885738372803,1.5061904191970825,0.03684511408209801,-0.2028811275959015,153,88
0.007018566131591797,positive,10.0,10.0,1.2475236654281616,1.1149853467941284,0.0348113551735878,0.4040375053882599,153,90
0.007082939147949219,positive,10.0,10.0,1.2698233127593994,0.9193874001502991,0.042892105877399445,0.7074890732765198,153,91
0.0072290897369384766,positive,10.0,10.0,1.302685022354126,0.5278638005256653,0.07730907201766968,1.3233944177627563,153,93
0.00021791458129882812,positive,10.0,10.0,0.03360331058502197,0.008267884142696857,0.032661207020282745,0.03357050195336342,154,0
0.0003178119659423828,positive,10.0,10.0,0.0337686687707901,-0.18730685114860535,0.033332616090774536,0.336376816034317,154,1
0.00039076805114746094,positive,10.0,10.0,0.030022529885172844,0.007325281389057636,0.04006015136837959,0.054388780146837234,154,2
0.0004570484161376953,positive,10.0,10.0,0.030169036239385605,-0.18834750354290009,0.041147928684949875,0.3594369888305664,154,3
0.0005209445953369141,positive,10.0,10.0,0.02640208601951599,0.0061660995706915855,0.04833666980266571,0.0800076574087143,154,4
0.0005848407745361328,positive,10.0,10.0,0.026525408029556274,-0.18961425125598907,0.049936823546886444,0.3875406086444855,154,5
0.00083160400390625,positive,10.0,10.0,0.019005725160241127,0.0030897697433829308,0.06833428889513016,0.14811034500598907,154,8
0.0009779930114746094,positive,10.0,10.0,0.015208704397082329,0.0011048591695725918,0.08052738755941391,0.19215898215770721,154,10
0.0011327266693115234,positive,10.0,10.0,0.019130561500787735,0.38880544900894165,0.08288909494876862,-0.33899033069610596,154,12
0.0013654232025146484,positive,10.0,10.0,0.038490038365125656,0.19044549763202667,0.06990012526512146,0.026464637368917465,154,15
0.0015153884887695312,positive,10.0,10.0,0.042186833918094635,-0.2016553282737732,0.07723656296730042,0.6543917059898376,154,17
0.00222015380859375,positive,10.0,10.0,0.09857276827096939,0.7620149254798889,0.07569839805364609,-0.5491800904273987,154,26
0.0023670196533203125,positive,10.0,10.0,0.12513138353824615,0.36993172764778137,0.06004200503230095,0.07873386144638062,154,28
0.0024302005767822266,positive,10.0,10.0,0.13253001868724823,0.1740027368068695,0.0616166815161705,0.3897395133972168,154,29
0.0025734901428222656,positive,10.0,10.0,0.14337404072284698,0.17215420305728912,0.07175352424383163,0.43085139989852905,154,31
0.0026366710662841797,positive,10.0,10.0,0.14681711792945862,0.366190642118454,0.08037055283784866,0.16162312030792236,154,32
0.002703428268432617,positive,10.0,10.0,0.15414093434810638,0.5600755214691162,0.08360300958156586,-0.10466190427541733,154,33
0.002851247787475586,positive,10.0,10.0,0.17261967062950134,0.1676741987466812,0.08577342331409454,0.530423104763031,154,35
0.0033249855041503906,positive,10.0,10.0,0.25083786249160767,0.9396123290061951,0.07100624591112137,-0.45481446385383606,154,41
0.0034728050231933594,positive,10.0,10.0,0.2845013439655304,0.5476104617118835,0.059097521007061005,0.1709323227405548,154,43
0.003536701202392578,positive,10.0,10.0,0.2954535484313965,0.35169464349746704,0.06251616775989532,0.48165759444236755,154,44
0.003922700881958008,positive,10.0,10.0,0.3616349697113037,0.5417083501815796,0.06835152208805084,0.30149179697036743,154,49
0.004395961761474609,negative,10.0,-10.0,0.3989925682544708,0.14365677535533905,0.15312334895133972,1.0693646669387817,154,55
0.004543304443359375,negative,10.0,-10.0,0.40859487652778625,0.13943549990653992,0.19107840955257416,1.1704802513122559,154,57
0.0006103515625,positive,10.0,10.0,-0.0488460399210453,-0.8229274749755859,-0.01314489170908928,1.1090234518051147,155,4
0.00067901611328125,positive,10.0,10.0,-0.06530459225177765,-0.6276352405548096,0.00903557799756527,0.8122459650039673,155,5
0.0009930133819580078,positive,10.0,10.0,-0.12335360795259476,-0.629607081413269,0.08650443702936172,0.8583515882492065,155,9
0.0018990039825439453,positive,10.0,10.0,-0.10366827994585037,0.3289604187011719,0.07434196770191193,-0.23256072402000427,155,20
0.0020470619201660156,positive,10.0,10.0,-0.09443188458681107,-0.06318885833024979,0.07134305685758591,0.3964458107948303,155,22
0.0022804737091064453,positive,10.0,10.0,-0.08658353239297867,0.5186149477958679,0.07902207225561142,-0.405368447303772,155,25
0.002428293228149414,positive,10.0,10.0,-0.06976190209388733,0.12640352547168732,0.06913759559392929,0.2253311425447464,155,27
0.002492189407348633,positive,10.0,10.0,-0.06723383069038391,-0.06963492184877396,0.07364421337842941,0.5389965772628784,155,28
0.0028772354125976562,positive,10.0,10.0,-0.035423241555690765,0.5094509124755859,0.07437951117753983,-0.20241479575634003,155,33
0.0031054019927978516,positive,10.0,10.0,-0.0010176608338952065,0.3114545941352844,0.057781580835580826,0.15451817214488983,155,36
0.003170490264892578,positive,10.0,10.0,0.005211430601775646,0.11555495113134384,0.06087194383144379,0.4648555517196655,155,37
0.003234386444091797,positive,10.0,10.0,0.007522529922425747,0.3097662925720215,0.07016905397176743,0.19196338951587677,155,38
0.0035490989685058594,positive,10.0,10.0,0.03217744082212448,0.30526861548423767,0.0883251205086708,0.29179972410202026,155,42
0.0038635730743408203,positive,10.0,10.0,0.07984362542629242,0.6900626420974731,0.08016542345285416,-0.17503678798675537,155,46
0.003928184509277344,positive,10.0,10.0,0.093644879758358,0.8839512467384338,0.07666468620300293,-0.44139227271080017,155,47
0.004076480865478516,positive,10.0,10.0,0.12508057057857513,0.4918079674243927,0.06532561779022217,0.1877283751964569,155,49
0.004141330718994141,positive,10.0,10.0,0.13491672277450562,0.2958151698112488,0.0690801814198494,0.5002825856208801,155,50
0.004288911819458008,positive,10.0,10.0,0.15063099563121796,0.6838067173957825,0.08368873596191406,-0.03658086061477661,155,52
0.004758596420288086,positive,10.0,10.0,0.2440458983182907,1.0672534704208374,0.069408118724823,-0.473201185464859,155,58
0.004826068878173828,positive,10.0,10.0,0.26539096236228943,0.8712234497070312,0.059944093227386475,-0.15947452187538147,155,59
0.004889249801635742,positive,10.0,10.0,0.28281542658805847,0.6752967834472656,0.05675460398197174,0.15150058269500732,155,60
0.005036592483520508,positive,10.0,10.0,0.30590957403182983,0.28349632024765015,0.06901530176401138,0.7724462747573853,155,62
0.00591278076171875,positive,10.0,10.0,0.49565553665161133,0.46566200256347656,0.07637815922498703,0.7658894062042236,155,73
0.006627798080444336,positive,10.0,10.0,0.6877132058143616,1.4284024238586426,0.0726422443985939,-0.41678377985954285,155,82
0.00677490234375,positive,10.0,10.0,0.7409278154373169,1.0363483428955078,0.06226430833339691,0.21014507114887238,155,84
0.007655620574951172,positive,10.0,10.0,1.0026626586914062,1.6068302392959595,0.08625075966119766,-0.34140825271606445,155,95
0.007723331451416016,positive,10.0,10.0,1.0347992181777954,1.4105937480926514,0.07942259311676025,-0.022821493446826935,155,96
0.007951498031616211,positive,10.0,10.0,1.1310690641403198,1.992426872253418,0.06205369532108307,-0.8249564170837402,155,99
0.008016824722290039,positive,10.0,10.0,1.1709175109863281,1.796513557434082,0.045554567128419876,-0.5134199857711792,155,100
0.008164405822753906,positive,10.0,10.0,1.238863468170166,1.405172348022461,0.031151432543992996,0.09686505049467087,155,102
0.008229494094848633,positive,10.0,10.0,1.2669669389724731,1.209618091583252,0.03308873251080513,0.39921116828918457,155,103
0.008375406265258789,positive,10.0,10.0,1.311440110206604,0.8183763027191162,0.05511575564742088,1.007464051246643,155,105
0.008684396743774414,negative,10.0,-10.0,1.3611977100372314,0.42384660243988037,0.161703959107399,1.7043004035949707,155,109
0.000553131103515625,positive,10.0,10.0,-0.020005833357572556,-0.6357073783874512,0.04354368895292282,0.8868479132652283,156,3
0.0007088184356689453,positive,10.0,10.0,-0.04154403507709503,-0.6371254324913025,0.0734439492225647,0.9195029139518738,156,5
0.0007865428924560547,positive,10.0,10.0,-0.054286543279886246,-0.4430689215660095,0.09183400869369507,0.6507759690284729,156,6
0.0015978813171386719,positive,10.0,10.0,-0.031152445822954178,0.3221789002418518,0.08305209875106812,-0.18691405653953552,156,16
0.0017476081848144531,positive,10.0,10.0,-0.022189408540725708,0.31987443566322327,0.08192920684814453,-0.13587439060211182,156,18
0.0020570755004882812,positive,10.0,10.0,0.0032647072803229094,-0.07452648878097534,0.07406209409236908,0.5429689288139343,156,22
0.0022826194763183594,positive,10.0,10.0,0.010429689660668373,0.5070117115974426,0.09060715138912201,-0.25306999683380127,156,25
0.002436399459838867,positive,10.0,10.0,0.034584540873765945,0.5045150518417358,0.07522865384817123,-0.19748753309249878,156,27
0.002583742141723633,positive,10.0,10.0,0.05084288492798805,0.112335205078125,0.07363782823085785,0.43223807215690613,156,29
0.0026497840881347656,positive,10.0,10.0,0.05308959260582924,0.3063414692878723,0.08228258788585663,0.16364727914333344,156,30
0.0029571056365966797,positive,10.0,10.0,0.09305598586797714,0.6917415261268616,0.0752120316028595,-0.3163990378379822,156,34
0.003021717071533203,positive,10.0,10.0,0.10689081251621246,0.4956333339214325,0.06888405233621597,-0.000976881361566484,156,35
0.003167390823364258,positive,10.0,10.0,0.12279537320137024,0.49367132782936096,0.07511691004037857,0.04242480918765068,156,37
0.003231525421142578,positive,10.0,10.0,0.13266879320144653,0.6876402497291565,0.07596540451049805,-0.22564446926116943,156,38
0.0034606456756591797,positive,10.0,10.0,0.17776450514793396,0.4895991384983063,0.05800164118409157,0.13234442472457886,156,41
0.003525257110595703,positive,10.0,10.0,0.18755647540092468,0.6838443279266357,0.06064853072166443,-0.14149050414562225,156,42
0.003592967987060547,positive,10.0,10.0,0.201233372092247,0.48790860176086426,0.05781871825456619,0.1696925014257431,156,43
0.0037403106689453125,positive,10.0,10.0,0.21683171391487122,0.48621562123298645,0.0708133801817894,0.20726102590560913,156,45
0.0039691925048828125,positive,10.0,10.0,0.24204210937023163,0.6779530048370361,0.09045213460922241,-0.01131367776542902,156,48
0.004036903381347656,positive,10.0,10.0,0.255601167678833,0.8716691732406616,0.09022586792707443,-0.27414336800575256,156,49
0.004102230072021484,positive,10.0,10.0,0.27303454279899597,0.675383448600769,0.08474300056695938,0.0455780029296875,156,50
0.004165172576904297,positive,10.0,10.0,0.28654220700263977,0.8691944479942322,0.08565455675125122,-0.21921060979366302,156,51
0.0042302608489990234,positive,10.0,10.0,0.30392611026763916,1.0629942417144775,0.08127034455537796,-0.48369285464286804,156,52
0.0043773651123046875,positive,10.0,10.0,0.3503236174583435,1.0608481168746948,0.05660257488489151,-0.4353686571121216,156,54
0.004524707794189453,positive,10.0,10.0,0.3888400197029114,0.6691983342170715,0.04538733512163162,0.18200694024562836,156,56
0.004749774932861328,positive,10.0,10.0,0.4172466993331909,0.4719470143318176,0.07472813874483109,0.5227572321891785,156,59
0.0048940181732177734,positive,10.0,10.0,0.44000449776649475,0.8597509860992432,0.09027381241321564,-0.010119207203388214,156,61
0.004957675933837891,positive,10.0,10.0,0.4571995139122009,1.0534701347351074,0.0900714322924614,-0.2730102241039276,156,62
0.005020856857299805,positive,10.0,10.0,0.47826892137527466,1.2471990585327148,0.08461122959852219,-0.5359805822372437,156,63
0.0050830841064453125,positive,10.0,10.0,0.5032128691673279,1.0509957075119019,0.07389161735773087,-0.21788227558135986,156,64
0.005228519439697266,positive,10.0,10.0,0.5491325855255127,1.0489572286605835,0.05980652943253517,-0.1726101189851761,156,66
0.005948781967163086,negative,10.0,-10.0,0.6747822761535645,1.231886386871338,0.13871736824512482,-0.19808213412761688,156,75
0.006751537322998047,positive,10.0,10.0,0.946851909160614,1.6051417589187622,0.09401170164346695,-0.4087485074996948,156,85
0.0068171024322509766,positive,10.0,10.0,0.9789547324180603,1.4088214635849,0.0858367308974266,-0.08796953409910202,156,86
0.007528066635131836,positive,10.0,10.0,1.239559531211853,0.8147153258323669,0.07566864788532257,0.9853809475898743,156,95
0.00024318695068359375,positive,10.0,10.0,0.04967368021607399,0.011684518307447433,-0.04990365356206894,-0.01731809601187706,157,0
0.00044655799865722656,positive,10.0,10.0,0.04625362157821655,-0.3770574629306793,-0.04506578668951988,0.535631000995636,157,2
0.0005981922149658203,positive,10.0,10.0,0.03508583456277847,-0.37594637274742126,-0.02977125346660614,0.5107475519180298,157,4
0.0008273124694824219,positive,10.0,10.0,0.016453450545668602,-0.17991949617862701,-0.00547395832836628,0.1977938562631607,157,7
0.0008938312530517578,positive,10.0,10.0,0.012855060398578644,-0.374962717294693,-0.0015180815244093537,0.48874497413635254,157,8
0.0009593963623046875,positive,10.0,10.0,0.005355806089937687,-0.17981939017772675,0.008256818167865276,0.1955839991569519,157,9
0.0011196136474609375,positive,10.0,10.0,-0.005741750821471214,-0.18011026084423065,0.021985700353980064,0.20203690230846405,157,11
0.0013470649719238281,positive,10.0,10.0,-0.020470628514885902,-0.37641239166259766,0.04040200263261795,0.5210403800010681,157,14
0.0014216899871826172,positive,10.0,10.0,-0.027998877689242363,-0.18188175559043884,0.05082280933856964,0.2413574904203415,157,15
0.0015711784362792969,positive,10.0,10.0,-0.03138693794608116,-0.18339523673057556,0.054952532052993774,0.2748374342918396,157,17
0.0017962455749511719,positive,10.0,10.0,-0.046340592205524445,0.008993027731776237,0.07836173474788666,0.042199332267045975,157,20
0.0018606185913085938,positive,10.0,10.0,-0.046160731464624405,0.2029089331626892,0.079205721616745,-0.22476714849472046,157,21
0.0019257068634033203,positive,10.0,10.0,-0.04210255295038223,0.3968147933483124,0.07471037656068802,-0.4914518892765045,157,22
0.0021533966064453125,positive,10.0,10.0,-0.014453006908297539,0.5892398357391357,0.040741387754678726,-0.7239280343055725,157,25
0.00238037109375,positive,10.0,10.0,0.016969745978713036,0.3929537236690521,0.0038288284558802843,-0.4047345221042633,157,28
0.0025310516357421875,positive,10.0,10.0,0.03658924251794815,0.3929586410522461,-0.018190018832683563,-0.4048708975315094,157,30
0.0025970935821533203,positive,10.0,10.0,0.04444841668009758,0.588333785533905,-0.026287436485290527,-0.7032326459884644,157,31
0.0026612281799316406,positive,10.0,10.0,0.05621509253978729,0.7838099598884583,-0.04035209119319916,-1.0040732622146606,157,32
0.002725839614868164,positive,10.0,10.0,0.07189129292964935,0.9794470071792603,-0.06043355539441109,-1.3091503381729126,157,33
0.002954721450805664,negative,10.0,-10.0,0.14241202175617218,1.5674844980239868,-0.15778888761997223,-2.26558518409729,157,36
0.003020048141479492,negative,10.0,-10.0,0.17376171052455902,1.7636905908584595,-0.20310059189796448,-2.602436065673828,157,37
0.0004417896270751953,positive,10.0,10.0,0.020573586225509644,-0.017479564994573593,0.05698084831237793,0.06933224946260452,158,2
0.0005116462707519531,positive,10.0,10.0,0.02022399567067623,-0.2133701890707016,0.058367494493722916,0.37943458557128906,158,3
0.0005781650543212891,positive,10.0,10.0,0.015956591814756393,-0.019123578444123268,0.06595618277788162,0.10571116209030151,158,4
0.0009021759033203125,positive,10.0,10.0,0.01430934201925993,0.3668176829814911,0.0770062655210495,-0.3862554728984833,158,8
0.0012903213500976562,positive,10.0,10.0,0.019578134641051292,0.16648733615875244,0.08963190764188766,0.022685430943965912,158,13
0.0013630390167236328,positive,10.0,10.0,0.022907881066203117,0.3602171838283539,0.09008561819791794,-0.24042630195617676,158,14
0.0014345645904541016,positive,10.0,10.0,0.03011222369968891,0.55394446849823,0.08527708798646927,-0.5033895969390869,158,15
0.0015819072723388672,positive,10.0,10.0,0.04834572598338127,0.5517004728317261,0.07150735706090927,-0.4531387686729431,158,17
0.001645803451538086,positive,10.0,10.0,0.059379737824201584,0.35564401745796204,0.06244457885622978,-0.13880041241645813,158,18
0.0017094612121582031,positive,10.0,10.0,0.06649261713027954,0.1596858650445938,0.05966857075691223,0.17291070520877838,158,19
0.0017719268798828125,positive,10.0,10.0,0.06968633085489273,-0.03623707592487335,0.06312678754329681,0.48380425572395325,158,20
0.0019176006317138672,positive,10.0,10.0,0.07212039083242416,0.35194942355155945,0.07703618705272675,-0.057192351669073105,158,22
0.002143383026123047,positive,10.0,10.0,0.0970725417137146,0.15372614562511444,0.06922031193971634,0.3047551214694977,158,25
0.0022907257080078125,positive,10.0,10.0,0.10710300505161285,0.5417625308036804,0.07600902765989304,-0.2333211600780487,158,27
0.002355337142944336,positive,10.0,10.0,0.11793825775384903,0.7357207536697388,0.0713426023721695,-0.5010933876037598,158,28
0.0024194717407226562,positive,10.0,10.0,0.1326526701450348,0.5396695137023926,0.06132073327898979,-0.18680760264396667,158,29
0.002482891082763672,positive,10.0,10.0,0.14344605803489685,0.343726247549057,0.05758458375930786,0.12457185238599777,158,30
0.002545595169067383,positive,10.0,10.0,0.15032058954238892,0.1478286236524582,0.060076020658016205,0.434851735830307,158,31
0.002611398696899414,positive,10.0,10.0,0.15327715873718262,0.3420509099960327,0.068773053586483,0.16169559955596924,158,32
0.0028388500213623047,positive,10.0,10.0,0.18544355034828186,0.5341038107872009,0.062283556908369064,-0.06378789246082306,158,35
0.002904653549194336,positive,10.0,10.0,0.19612562656402588,0.33814674615859985,0.061007797718048096,0.2478773146867752,158,36
0.003052949905395508,positive,10.0,10.0,0.20573274791240692,-0.05377385765314102,0.07714859396219254,0.8718770146369934,158,38
0.004094600677490234,positive,10.0,10.0,0.3689093291759491,0.9023573994636536,0.08591193705797195,-0.16464544832706451,158,51
0.004158735275268555,positive,10.0,10.0,0.38695648312568665,1.0961511135101318,0.08261902630329132,-0.429036945104599,158,52
0.00430750846862793,positive,10.0,10.0,0.42687875032424927,1.093949556350708,0.07180839031934738,-0.37993139028549194,158,54
0.004373073577880859,positive,10.0,10.0,0.44875773787498474,0.8978852033615112,0.06420975923538208,-0.06549933552742004,158,55
0.004437923431396484,positive,10.0,10.0,0.46671542525291443,0.7019042372703552,0.06289977580308914,0.24673102796077728,158,56
0.005498647689819336,positive,10.0,10.0,0.7017326951026917,1.2681660652160645,0.09156815707683563,-0.2113669365644455,158,69
0.005563259124755859,positive,10.0,10.0,0.7270960211753845,1.4618675708770752,0.0873408168554306,-0.4738185703754425,158,70
0.0056285858154296875,positive,10.0,10.0,0.7563334107398987,1.2656277418136597,0.07786444574594498,-0.1549353003501892,158,71
0.0058596134185791016,positive,10.0,10.0,0.8361061215400696,1.067449688911438,0.06418848782777786,0.20605969429016113,158,74
0.005925416946411133,positive,10.0,10.0,0.8574551343917847,0.8714713454246521,0.06830968707799911,0.5182802677154541,158,75
0.006644010543823242,positive,10.0,10.0,1.0757765769958496,1.8338969945907593,0.08941987156867981,-0.6584975719451904,158,84
0.006708860397338867,positive,10.0,10.0,1.1124545335769653,2.027667999267578,0.07624991983175278,-0.9217385053634644,158,85
0.006773233413696289,positive,10.0,10.0,1.153007984161377,1.8316031694412231,0.05781514570116997,-0.6060999631881714,158,86
0.007560014724731445,negative,10.0,-10.0,1.3586927652359009,0.6511738300323486,0.19157101213932037,1.3871153593063354,158,96
0.0002701282501220703,positive,10.0,10.0,0.0038861448410898447,-0.023021245375275612,0.04093640297651291,-0.04528340324759483,159,0
0.00037860870361328125,positive,10.0,10.0,0.003425719914957881,-0.21870556473731995,0.04003073647618294,0.2600291073322296,159,1
0.0004582405090332031,positive,10.0,10.0,-0.0009483913308940828,-0.02417725697159767,0.04523131623864174,-0.019763696938753128,159,2
0.0006346702575683594,positive,10.0,10.0,-0.005830290727317333,-0.02546289563179016,0.050572846084833145,0.008628452196717262,159,4
0.0007064342498779297,positive,10.0,10.0,-0.006339548621326685,-0.2212722897529602,0.050745416432619095,0.3168290853500366,159,5
0.0010156631469726562,positive,10.0,10.0,-0.01633012667298317,-0.22453714907169342,0.06644397974014282,0.3892585337162018,159,9
0.001501321792602539,positive,10.0,10.0,-0.02411142736673355,0.15803752839565277,0.0915398895740509,-0.02784866653382778,159,15
0.001569986343383789,positive,10.0,10.0,-0.0209506768733263,0.3517356216907501,0.09098292142152786,-0.29030418395996094,159,16
0.0016350746154785156,positive,10.0,10.0,-0.013915964402258396,0.15544207394123077,0.08517683297395706,0.029630417004227638,159,17
0.0016984939575195312,positive,10.0,10.0,-0.01080712303519249,0.3492458164691925,0.08576944470405579,-0.2350095510482788,159,18
0.00176239013671875,positive,10.0,10.0,-0.0038222072180360556,0.5430442690849304,0.08106925338506699,-0.4994533658027649,159,19
0.002069711685180664,positive,10.0,10.0,0.016088467091321945,0.14885975420475006,0.07897113263607025,0.17524279654026031,159,23
0.002452850341796875,positive,10.0,10.0,0.05415111780166626,0.3383631110191345,0.06652756035327911,0.005979270674288273,159,28
0.0028417110443115234,positive,10.0,10.0,0.09559332579374313,0.9185346364974976,0.059781331568956375,-0.7592639327049255,159,33
0.0029065608978271484,positive,10.0,10.0,0.1139640212059021,0.722642183303833,0.044596053659915924,-0.4483848810195923,159,34
0.0030553340911865234,positive,10.0,10.0,0.1389552354812622,0.7215127348899841,0.03278866410255432,-0.4232179820537567,159,36
0.00312042236328125,positive,10.0,10.0,0.1533854901790619,0.916155219078064,0.02432430349290371,-0.7053866386413574,159,37
0.003265857696533203,positive,10.0,10.0,0.18612270057201385,0.5254395008087158,0.0021136277355253696,-0.10926079005002975,159,39
0.0035719871520996094,positive,10.0,10.0,0.21254530549049377,0.13492964208126068,0.01684926077723503,0.4820062518119812,159,43
0.003719329833984375,positive,10.0,10.0,0.22184009850025177,0.13431911170482635,0.030383005738258362,0.495601087808609,159,45
0.003943681716918945,positive,10.0,10.0,0.23377297818660736,0.3277928829193115,0.05490320548415184,0.23944388329982758,159,48
0.004088640213012695,positive,10.0,10.0,0.24296745657920837,0.32616621255874634,0.07067061960697174,0.2756325900554657,159,50
0.004152536392211914,positive,10.0,10.0,0.24949078261852264,0.13011085987091064,0.0761832743883133,0.5897414088249207,159,51
0.004216194152832031,positive,10.0,10.0,0.25209301710128784,0.32408806681632996,0.08797810226678848,0.3219957947731018,159,52
0.004444122314453125,positive,10.0,10.0,0.2831619381904602,0.9051387310028076,0.09152085334062576,-0.4642276465892792,159,55
0.004591226577758789,positive,10.0,10.0,0.31544172763824463,0.9027045369148254,0.07935313880443573,-0.40980613231658936,159,57
0.004654884338378906,positive,10.0,10.0,0.3334958255290985,0.7065525054931641,0.07115701586008072,-0.09319859743118286,159,58
0.0048847198486328125,positive,10.0,10.0,0.364125519990921,0.11836923658847809,0.08440960198640823,0.8497384190559387,159,61
0.0051116943359375,negative,10.0,-10.0,0.3672544062137604,0.30910345911979675,0.14292846620082855,0.6574673652648926,159,64
0.0053365230560302734,negative,10.0,-10.0,0.38178351521492004,0.10798484832048416,0.19094118475914001,1.0941174030303955,159,67
0.00023174285888671875,positive,10.0,10.0,-0.045270003378391266,0.04132668301463127,-0.03474760800600052,0.0011607261840254068,160,0
0.000614166259765625,positive,10.0,10.0,-0.05751432478427887,-0.34723612666130066,-0.012536211870610714,0.5495352149009705,160,4
0.0007641315460205078,positive,10.0,10.0,-0.0674978569149971,-0.34704020619392395,0.003513073083013296,0.5451240539550781,160,6
0.0009107589721679688,positive,10.0,10.0,-0.07747801393270493,-0.34729257225990295,0.019486555829644203,0.550744891166687,160,8
0.0011477470397949219,positive,10.0,10.0,-0.09443272650241852,-0.1533912718296051,0.04711494594812393,0.2852126359939575,160,11
0.001379251480102539,positive,10.0,10.0,-0.09977618604898453,0.03951901197433472,0.059306733310222626,0.041105519980192184,160,14
0.0014531612396240234,positive,10.0,10.0,-0.09898580610752106,-0.15640103816986084,0.060128841549158096,0.3518948554992676,160,15
0.0015213489532470703,positive,10.0,10.0,-0.10211382806301117,0.0378166027367115,0.06716673821210861,0.07876212149858475,160,16
0.0015873908996582031,positive,10.0,10.0,-0.10135749727487564,0.23191460967063904,0.06874198466539383,-0.19199621677398682,160,17
0.001651763916015625,positive,10.0,10.0,-0.09671920537948608,0.03588004782795906,0.06490205973386765,0.12155536562204361,160,18
0.0017180442810058594,positive,10.0,10.0,-0.09600160270929337,-0.16010881960391998,0.0673331618309021,0.4339875280857086,160,19
0.0017817020416259766,positive,10.0,10.0,-0.09920378029346466,-0.35611623525619507,0.07601291686296463,0.7471134066581726,160,20
0.0028235912322998047,positive,10.0,10.0,-0.038058895617723465,0.5998373031616211,0.08772481232881546,-0.28574511408805847,160,33
0.002891063690185547,positive,10.0,10.0,-0.026062149554491043,0.4035808742046356,0.08200991153717041,0.03326550871133804,160,34
0.0031995773315429688,positive,10.0,10.0,0.021687043830752373,0.399129182100296,0.0644320473074913,0.1316128820180893,160,38
0.003263235092163086,positive,10.0,10.0,0.0296696275472641,0.20314627885818481,0.0670643076300621,0.4439071714878082,160,39
0.0033295154571533203,positive,10.0,10.0,0.03373255208134651,0.3972584009170532,0.07594244927167892,0.17309562861919403,160,40
0.0033953189849853516,positive,10.0,10.0,0.041677720844745636,0.20113633573055267,0.07940436154603958,0.48873645067214966,160,41
0.0037870407104492188,positive,10.0,10.0,0.09274949133396149,0.7799228429794312,0.08708986639976501,-0.24657264351844788,160,46
0.0038526058197021484,positive,10.0,10.0,0.10834795236587524,0.9736999869346619,0.0821584165096283,-0.5105646848678589,160,47
0.004082679748535156,positive,10.0,10.0,0.1628033071756363,0.7755307555198669,0.05883762612938881,-0.1489688903093338,160,50
0.004227876663208008,positive,10.0,10.0,0.1899062842130661,0.38374248147010803,0.059091854840517044,0.4714488089084625,160,52
0.0042917728424072266,positive,10.0,10.0,0.19758112728595734,0.5779821872711182,0.06852082908153534,0.19796068966388702,160,53
0.004354238510131836,positive,10.0,10.0,0.20914077758789062,0.3819504678249359,0.07248004525899887,0.5114476084709167,160,54
0.0044977664947509766,positive,10.0,10.0,0.22829939424991608,0.7698297500610352,0.08755813539028168,-0.02303393743932247,160,56
0.004652500152587891,positive,10.0,10.0,0.26296788454055786,0.7673448920249939,0.08136030286550522,0.03197436034679413,160,58
0.004798173904418945,positive,10.0,10.0,0.28973788022994995,0.7650219798088074,0.08898334205150604,0.08343689888715744,160,60
0.004864692687988281,positive,10.0,10.0,0.30503833293914795,0.9587631225585938,0.09065207839012146,-0.17989850044250488,160,61
0.005091667175292969,positive,10.0,10.0,0.3663879632949829,1.150159478187561,0.07572367042303085,-0.3908810615539551,160,64
0.006213188171386719,positive,10.0,10.0,0.6354246139526367,1.130910038948059,0.09291377663612366,0.035089991986751556,160,78
0.006278276443481445,positive,10.0,10.0,0.658042848110199,1.3245853185653687,0.0936155766248703,-0.2268923670053482,160,79
0.0063436031341552734,positive,10.0,10.0,0.6845345497131348,1.5182533264160156,0.08907772600650787,-0.48863962292671204,160,80
0.0064923763275146484,positive,10.0,10.0,0.7413395047187805,1.515897512435913,0.07591962814331055,-0.4359135031700134,160,82
0.006558656692504883,positive,10.0,10.0,0.7716574668884277,1.319787621498108,0.06720136106014252,-0.12029697746038437,160,83
0.006624937057495117,positive,10.0,10.0,0.7980532050132751,1.1237703561782837,0.06479541957378387,0.19280748069286346,160,84
0.007582426071166992,positive,10.0,10.0,1.1050770282745361,1.4978703260421753,0.09006436914205551,-0.037029772996902466,160,96
0.007727622985839844,positive,10.0,10.0,1.1688662767410278,1.8853356838226318,0.08332391828298569,-0.5632221698760986,160,98
0.007951021194458008,positive,10.0,10.0,1.2936221361160278,2.077455520629883,0.033534545451402664,-0.7881482839584351,160,101
0.00809788703918457,positive,10.0,10.0,1.3728090524673462,1.686521291732788,0.008069445379078388,-0.18687619268894196,160,103
0.008161783218383789,positive,10.0,10.0,1.4065394401550293,1.4912848472595215,0.004331921227276325,0.10834136605262756,160,104
0.00838470458984375,positive,10.0,10.0,1.4843049049377441,0.905566930770874,0.028488757088780403,0.9943389892578125,160,107
0.008538961410522461,positive,10.0,10.0,1.516617774963379,0.514373779296875,0.07429216802120209,1.6032577753067017,160,109
0.008685827255249023,negative,10.0,-10.0,1.5332744121551514,0.12236233800649643,0.14472025632858276,2.2418341636657715,160,111
0.008751630783081055,negative,10.0,-10.0,1.5357216596603394,-0.07380060851573944,0.18955692648887634,2.575402021408081,160,112
0.0003516674041748047,positive,10.0,10.0,0.022165190428495407,-0.19343839585781097,0.01388620026409626,0.28411319851875305,161,1
0.0005891323089599609,positive,10.0,10.0,0.006643044762313366,0.0007504561799578369,0.037085093557834625,0.012003595009446144,161,4
0.0006542205810546875,positive,10.0,10.0,0.006658053956925869,-0.19488318264484406,0.037325166165828705,0.31615281105041504,161,5
0.0008792877197265625,positive,10.0,10.0,-0.0011664945632219315,-0.0015683288220316172,0.05118962377309799,0.06322753429412842,161,8
0.0009458065032958984,positive,10.0,10.0,-0.0011978611582890153,-0.19738541543483734,0.05245417356491089,0.3716115951538086,161,9
0.001010894775390625,positive,10.0,10.0,-0.005145569331943989,-0.0030463854782283306,0.05988640338182449,0.0959184393286705,161,10
0.0010750293731689453,positive,10.0,10.0,-0.005206497386097908,-0.19897325336933136,0.06180477514863014,0.40687796473503113,161,11
0.0011394023895263672,positive,10.0,10.0,-0.00918596237897873,-0.004779648967087269,0.06994233280420303,0.1343027800321579,161,12
0.0019521713256835938,positive,10.0,10.0,0.00821098405867815,0.3714357018470764,0.09306593984365463,-0.14261730015277863,161,22
0.0020165443420410156,positive,10.0,10.0,0.01563969813287258,0.5651100873947144,0.0902135968208313,-0.40454980731010437,161,23
0.002160310745239258,positive,10.0,10.0,0.03431854769587517,0.5626869201660156,0.08042572438716888,-0.3505285382270813,161,25
0.0022344589233398438,positive,10.0,10.0,0.04557228460907936,0.3665187954902649,0.07341515272855759,-0.03360781446099281,161,26
0.002299785614013672,positive,10.0,10.0,0.05290266126394272,0.5605153441429138,0.0727429986000061,-0.3022541403770447,161,27
0.002529621124267578,positive,10.0,10.0,0.07477017492055893,-0.02758394181728363,0.07345527410507202,0.6384345889091492,161,30
0.002595186233520508,positive,10.0,10.0,0.0742184966802597,0.16644105315208435,0.08622396737337112,0.36975833773612976,161,31
0.0026597976684570312,positive,10.0,10.0,0.07754731923341751,0.3602388799190521,0.09361913055181503,0.10545999556779861,161,32
0.0029001235961914062,positive,10.0,10.0,0.11078082770109177,0.9412294626235962,0.08425682038068771,-0.6794078350067139,161,35
0.002965211868286133,positive,10.0,10.0,0.12960541248321533,1.135086178779602,0.07066866755485535,-0.9444191455841064,161,36
0.0030291080474853516,positive,10.0,10.0,0.15230713784694672,1.3291887044906616,0.051780279725790024,-1.214086890220642,161,37
0.003092527389526367,positive,10.0,10.0,0.1788909137248993,1.133438229560852,0.02749854326248169,-0.9056381583213806,161,38
0.0031566619873046875,positive,10.0,10.0,0.20155967772006989,1.3281772136688232,0.009385781362652779,-1.189552664756775,161,39
0.003220081329345703,positive,10.0,10.0,0.22812321782112122,1.1329349279403687,-0.014405271969735622,-0.8939427137374878,161,40
0.0034475326538085938,positive,10.0,10.0,0.3000181019306183,1.329394817352295,-0.07428104430437088,-1.2185035943984985,161,43
0.0036792755126953125,negative,10.0,-10.0,0.37594422698020935,1.5280169248580933,-0.14309026300907135,-1.5990558862686157,161,46
0.0004477500915527344,positive,10.0,10.0,0.011989198625087738,-0.420002281665802,0.0051682996563613415,0.5572336316108704,162,2
0.0008428096771240234,positive,10.0,10.0,-0.022247208282351494,-0.22650586068630219,0.05010070279240608,0.30074113607406616,162,7
0.0009088516235351562,positive,10.0,10.0,-0.026777325198054314,-0.032132480293512344,0.0561155267059803,0.024270331487059593,162,8
0.0009844303131103516,positive,10.0,10.0,-0.02741997502744198,-0.22801241278648376,0.05660093203186989,0.33411702513694763,162,9
0.00113677978515625,positive,10.0,10.0,-0.0404580682516098,-0.2297067642211914,0.07616523653268814,0.3719957768917084,162,11
0.0012848377227783203,positive,10.0,10.0,-0.045767102390527725,0.1580856740474701,0.08569049835205078,-0.16091163456439972,162,13
0.0013494491577148438,positive,10.0,10.0,-0.04260538890957832,0.3518829941749573,0.08247226476669312,-0.42537882924079895,162,14
0.0014967918395996094,positive,10.0,10.0,-0.03245381638407707,-0.040404062718153,0.07180711627006531,0.20719245076179504,162,16
0.0017819404602050781,positive,10.0,10.0,-0.031039517372846603,0.15147750079631805,0.07978377491235733,-0.014570453204214573,162,19
0.002422809600830078,positive,10.0,10.0,0.05507572740316391,0.5357362031936646,-0.003976500127464533,-0.4678915739059448,162,27
0.0027303695678710938,positive,10.0,10.0,0.09795372188091278,0.14671358466148376,-0.041834693402051926,0.09061985462903976,162,31
0.0029554367065429688,positive,10.0,10.0,0.10288995504379272,-0.04675683751702309,-0.03133023530244827,0.3470003306865692,162,34
0.0030221939086914062,positive,10.0,10.0,0.10195481777191162,0.1487964242696762,-0.02439022995531559,0.04460480064153671,162,35
0.0030863285064697266,positive,10.0,10.0,0.10493075102567673,0.34425947070121765,-0.023498134687542915,-0.2556725740432739,162,36
0.003149747848510742,positive,10.0,10.0,0.1118159368634224,0.14948076009750366,-0.02861158549785614,0.029507001861929893,162,37
0.0032215118408203125,positive,10.0,10.0,0.11480554938316345,-0.04521944373846054,-0.028021445497870445,0.31302711367607117,162,38
0.003696918487548828,positive,10.0,10.0,0.11337754130363464,-0.0436222143471241,0.0015619565965607762,0.27763986587524414,162,44
0.004086732864379883,positive,10.0,10.0,0.10118532925844193,0.15024423599243164,0.04159311205148697,0.012661218643188477,162,49
0.0041501522064208984,positive,10.0,10.0,0.10419021546840668,-0.045448772609233856,0.04184633493423462,0.3181717097759247,162,50
0.004465341567993164,positive,10.0,10.0,0.10828109830617905,-0.048211049288511276,0.05731118470430374,0.379415899515152,162,54
0.004530906677246094,positive,10.0,10.0,0.10731688141822815,0.14605218172073364,0.0648995041847229,0.10533975064754486,162,55
0.004594564437866211,positive,10.0,10.0,0.11023792624473572,0.3401869535446167,0.06700629740953445,-0.166182279586792,162,56
0.004666328430175781,positive,10.0,10.0,0.11704166233539581,0.14417299628257751,0.06368265300989151,0.1468639373779297,162,57
0.005068063735961914,positive,10.0,10.0,0.13906463980674744,0.33403730392456055,0.07103238254785538,-0.03021272085607052,162,62
0.0051343441009521484,positive,10.0,10.0,0.1457453817129135,0.5280725359916687,0.07042813301086426,-0.299665629863739,162,63
0.00519871711730957,positive,10.0,10.0,0.15630683302879333,0.3320210874080658,0.06443481892347336,0.014371294528245926,162,64
0.005264997482299805,positive,10.0,10.0,0.16294725239276886,0.13603705167770386,0.06472224742174149,0.32666799426078796,162,65
0.00532984733581543,positive,10.0,10.0,0.16566799581050873,-0.0599437952041626,0.07125560194253922,0.6390388011932373,162,66
0.005479574203491211,positive,10.0,10.0,0.16715145111083984,0.32794976234436035,0.09142876416444778,0.10457225143909454,162,68
0.005549430847167969,positive,10.0,10.0,0.173710435628891,0.5216506123542786,0.09352020919322968,-0.15792284905910492,162,69
0.005617618560791016,positive,10.0,10.0,0.18414345383644104,0.7153178453445435,0.09036175161600113,-0.41969940066337585,162,70
0.005767345428466797,positive,10.0,10.0,0.2088305950164795,0.7128968834877014,0.07996870577335358,-0.36569100618362427,162,72
0.005834341049194336,positive,10.0,10.0,0.22308853268623352,0.5167349576950073,0.07265488803386688,-0.0489027239382267,162,73
0.005899667739868164,positive,10.0,10.0,0.23342323303222656,0.7107439637184143,0.0716768279671669,-0.3178067207336426,162,74
0.005963802337646484,positive,10.0,10.0,0.24763812124729156,0.5146781802177429,0.0653206929564476,-0.003408305812627077,162,75
0.0060274600982666016,positive,10.0,10.0,0.2579316794872284,0.3186832070350647,0.06525252759456635,0.30914780497550964,162,76
0.00609278678894043,positive,10.0,10.0,0.26430535316467285,0.5128176808357239,0.07143548876047134,0.037736471742391586,162,77
0.006327152252197266,positive,10.0,10.0,0.3067159652709961,0.704860508441925,0.057545676827430725,-0.18746139109134674,162,80
0.0065615177154541016,positive,10.0,10.0,0.33725476264953613,0.507396936416626,0.06489182263612747,0.15753071010112762,162,83
0.00662684440612793,positive,10.0,10.0,0.3474026918411255,0.3114088177680969,0.06804244220256805,0.46995893120765686,162,84
0.0071086883544921875,negative,10.0,-10.0,0.3727414906024933,0.30362364649772644,0.14937268197536469,0.6473438739776611,162,90
0.0071735382080078125,negative,10.0,-10.0,0.3788139522075653,0.10677102953195572,0.16231955587863922,0.9830871820449829,162,91
0.00724029541015625,negative,10.0,-10.0,0.38094937801361084,0.29939004778862,0.18198129534721375,0.7454692721366882,162,92
0.0002181529998779297,positive,10.0,10.0,-0.019478056579828262,-0.043856553733348846,0.02304183505475521,-0.03945264592766762,163,0
0.0003151893615722656,positive,10.0,10.0,-0.020355187356472015,-0.23930121958255768,0.022252781316637993,0.26041021943092346,163,1
0.0004954338073730469,positive,10.0,10.0,-0.03383588418364525,-0.6302300691604614,0.038661547005176544,0.8612346053123474,163,3
0.0006453990936279297,positive,10.0,10.0,-0.05515359342098236,-0.6315139532089233,0.06750532239675522,0.8907055854797363,163,5
0.0012135505676269531,positive,10.0,10.0,-0.06997852772474289,0.33420655131340027,0.09313547611236572,-0.3578662872314453,163,12
0.001277923583984375,positive,10.0,10.0,-0.06329439580440521,0.1378924697637558,0.08597815036773682,-0.03732914477586746,163,13
0.001344442367553711,positive,10.0,10.0,-0.060536544770002365,0.3316829800605774,0.08523157238960266,-0.30169472098350525,163,14
0.0015802383422851562,positive,10.0,10.0,-0.04460659623146057,0.5232597589492798,0.07452823221683502,-0.5166527628898621,163,17
0.0018029212951660156,positive,10.0,10.0,-0.024974094703793526,-0.06473682820796967,0.06238177418708801,0.4218180477619171,163,20
0.0020258426666259766,positive,10.0,10.0,-0.02501211129128933,0.12739314138889313,0.08307868242263794,0.1950557678937912,163,23
0.0021698474884033203,positive,10.0,10.0,-0.016039559617638588,0.5150087475776672,0.08557367324829102,-0.33432909846305847,163,25
0.002233266830444336,positive,10.0,10.0,-0.005739384330809116,0.31877973675727844,0.07888709008693695,-0.01593467779457569,163,26
0.002377748489379883,positive,10.0,10.0,0.010889948345720768,0.7066054344177246,0.07291395217180252,-0.5496271848678589,163,28
0.002440929412841797,positive,10.0,10.0,0.025022057816386223,0.5105391144752502,0.061921410262584686,-0.23489142954349518,163,29
0.0025904178619384766,positive,10.0,10.0,0.041524630039930344,0.11869598180055618,0.058756835758686066,0.3868367671966553,163,31
0.0026543140411376953,positive,10.0,10.0,0.04389854893088341,0.31293678283691406,0.06649357080459595,0.11324295401573181,163,32
0.002719402313232422,positive,10.0,10.0,0.05015728622674942,0.11692816764116287,0.06875842809677124,0.42614084482192993,163,33
0.0028641223907470703,positive,10.0,10.0,0.058716095983982086,0.5049475431442261,0.0803992822766304,-0.1114349290728569,163,35
0.0030083656311035156,positive,10.0,10.0,0.08279166370630264,0.5026907920837402,0.07061640918254852,-0.06143813207745552,163,37
0.003072023391723633,positive,10.0,10.0,0.09284547716379166,0.3066311478614807,0.06938765197992325,0.2526623606681824,163,38
0.0036230087280273438,positive,10.0,10.0,0.16259773075580597,0.8834580183029175,0.07457000017166138,-0.4390081465244293,163,45
0.0038526058197021484,positive,10.0,10.0,0.2038414627313614,0.2953965365886688,0.0670924037694931,0.5008751153945923,163,48
0.004002094268798828,positive,10.0,10.0,0.21953962743282318,0.6834519505500793,0.08171126246452332,-0.03733024001121521,163,50
0.004231691360473633,positive,10.0,10.0,0.2643776535987854,0.8751083016395569,0.0751800388097763,-0.254218190908432,163,53
0.004300117492675781,positive,10.0,10.0,0.28187981247901917,1.0690807104110718,0.07009568065404892,-0.5222729444503784,163,54
0.004364490509033203,positive,10.0,10.0,0.3032614290714264,0.873045802116394,0.05965021997690201,-0.20835138857364655,163,55
0.00442814826965332,positive,10.0,10.0,0.3207223415374756,0.6771239042282104,0.05548319220542908,0.10253558307886124,163,56
0.00449061393737793,positive,10.0,10.0,0.3342648148536682,0.481252521276474,0.05753390118479729,0.41219425201416016,163,57
0.004552602767944336,positive,10.0,10.0,0.34388986229896545,0.28536418080329895,0.06577778607606888,0.7224462032318115,163,58
0.0046160221099853516,positive,10.0,10.0,0.34959715604782104,0.4795176088809967,0.08022671192884445,0.45117059350013733,163,59
0.004762411117553711,positive,10.0,10.0,0.37265586853027344,0.8671578168869019,0.09294643998146057,-0.07843147218227386,163,61
0.0048313140869140625,positive,10.0,10.0,0.38999903202056885,1.0608329772949219,0.09137780964374542,-0.3404032289981842,163,62
0.004897356033325195,positive,10.0,10.0,0.4112156927585602,0.8645376563072205,0.08456974476575851,-0.020361093804240227,163,63
0.00504302978515625,positive,10.0,10.0,0.44967347383499146,1.252178430557251,0.07845834642648697,-0.5502057075500488,163,65
0.005190372467041016,positive,10.0,10.0,0.4958379864692688,0.8600295782089233,0.06277681887149811,0.07930351048707962,163,67
0.005255699157714844,positive,10.0,10.0,0.5130385756492615,0.6640664935112,0.06436288356781006,0.39111337065696716,163,68
0.0054209232330322266,positive,10.0,10.0,0.5356817841529846,0.6621442437171936,0.08625264465808868,0.4342598021030426,163,70
0.00573277473449707,positive,10.0,10.0,0.6118988394737244,1.046822428703308,0.08948200941085815,-0.02994512766599655,163,74
0.005796670913696289,positive,10.0,10.0,0.632835328578949,1.240554690361023,0.08888310194015503,-0.29310840368270874,163,75
0.006025075912475586,positive,10.0,10.0,0.7032946348190308,1.431959867477417,0.07876261323690414,-0.5043515563011169,163,78
0.0061719417572021484,positive,10.0,10.0,0.7566502094268799,1.0397875308990479,0.06491710990667343,0.12560871243476868,163,80
0.006402730941772461,positive,10.0,10.0,0.8072777390480042,0.8417834043502808,0.09121416509151459,0.4834314286708832,163,83
0.007274150848388672,positive,10.0,10.0,1.1040494441986084,1.4125218391418457,0.06238541379570961,-0.07396356016397476,163,94
0.007339000701904297,positive,10.0,10.0,1.1322999000549316,1.2165635824203491,0.06090614199638367,0.2377314418554306,163,95
0.007483243942260742,positive,10.0,10.0,1.1848464012145996,1.2147657871246338,0.06495806574821472,0.27752041816711426,163,97
0.007546663284301758,positive,10.0,10.0,1.209141731262207,1.4089038372039795,0.07050848007202148,0.006011832971125841,163,98
0.007773160934448242,positive,10.0,10.0,1.2819125652313232,1.2107599973678589,0.08971384167671204,0.36671093106269836,163,101
0.00832819938659668,positive,10.0,10.0,1.5093605518341064,2.176849603652954,0.06607717275619507,-0.8906607627868652,163,108
0.008392095565795898,positive,10.0,10.0,1.5528974533081055,1.9808964729309082,0.04826395958662033,-0.5779598355293274,163,109
0.008536815643310547,positive,10.0,10.0,1.6282180547714233,1.5895065069198608,0.031295329332351685,0.0335584320127964,163,111
0.00860142707824707,positive,10.0,10.0,1.660008192062378,1.39395010471344,0.031966496258974075,0.33594876527786255,163,112
0.008745670318603516,positive,10.0,10.0,1.7118549346923828,1.002748727798462,0.05145623907446861,0.9431486129760742,163,114
0.008812665939331055,positive,10.0,10.0,1.731909990310669,0.8069726824760437,0.07031921297311783,1.2515455484390259,163,115
0.009125471115112305,negative,10.0,-10.0,1.7807366847991943,0.4118126630783081,0.19709080457687378,1.9744688272476196,163,119
0.0004515647888183594,positive,10.0,10.0,0.028149263933300972,0.043632667511701584,0.054066289216279984,0.07192377746105194,164,2
0.0005209445953369141,positive,10.0,10.0,0.029021916911005974,-0.15222103893756866,0.05550476536154747,0.3811627924442291,164,3
0.0006368160247802734,positive,10.0,10.0,0.025977496057748795,0.04207063466310501,0.0631280168890953,0.10648412257432938,164,4
0.0007028579711914062,positive,10.0,10.0,0.026818908751010895,-0.1538964956998825,0.06525770574808121,0.41839662194252014,164,5
0.0007674694061279297,positive,10.0,10.0,0.02374097891151905,0.04024294763803482,0.07362563163042068,0.1469794362783432,164,6
0.0009164810180664062,positive,10.0,10.0,0.029230589047074318,0.42818379402160645,0.07413326948881149,-0.3891766369342804,164,8
0.0009806156158447266,positive,10.0,10.0,0.037794265896081924,0.2320922166109085,0.06634973734617233,-0.07407191395759583,164,9
0.0013132095336914062,positive,10.0,10.0,0.04064333811402321,0.2280615270137787,0.0862930491566658,0.015060251578688622,164,13
0.0013802051544189453,positive,10.0,10.0,0.04520456865429878,0.031814828515052795,0.08659425377845764,0.3336736559867859,164,14
0.0016095638275146484,positive,10.0,10.0,0.05873843654990196,0.6129233837127686,0.09081072360277176,-0.45374128222465515,164,17
0.0018618106842041016,positive,10.0,10.0,0.08712993562221527,0.610499382019043,0.06740640103816986,-0.3992249071598053,164,19
0.0019283294677734375,positive,10.0,10.0,0.09933992475271225,0.41448917984962463,0.059421904385089874,-0.0860748291015625,164,20
0.0021600723266601562,positive,10.0,10.0,0.11245448887348175,-0.17326796054840088,0.0728965476155281,0.8466728329658508,164,23
0.0027921199798583984,positive,10.0,10.0,0.17759841680526733,0.5958114862442017,0.08503369987010956,-0.07451749593019485,164,31
0.0028591156005859375,positive,10.0,10.0,0.1895146369934082,0.7896179556846619,0.08354335278272629,-0.3392070233821869,164,32
0.0030100345611572266,positive,10.0,10.0,0.21717526018619537,0.7873547673225403,0.07633136212825775,-0.2889038920402527,164,34
0.0030739307403564453,positive,10.0,10.0,0.23292234539985657,0.5912320017814636,0.07055328041315079,0.026843236759305,164,35
0.003221273422241211,positive,10.0,10.0,0.2526504397392273,0.5892152190208435,0.07790866494178772,0.07148037105798721,164,37
0.0033702850341796875,positive,10.0,10.0,0.2800975441932678,0.9770415425300598,0.07542545348405838,-0.4622788429260254,164,39
0.0035958290100097656,positive,10.0,10.0,0.3269558548927307,0.3889673948287964,0.0665636882185936,0.4779427647590637,164,42
0.0036606788635253906,positive,10.0,10.0,0.3347351849079132,0.5830895304679871,0.07612253725528717,0.20695967972278595,164,43
0.0037240982055664062,positive,10.0,10.0,0.3463969826698303,0.7770450711250305,0.08026173710823059,-0.06077271327376366,164,44
0.003953218460083008,positive,10.0,10.0,0.3968520164489746,0.9687881469726562,0.07229311764240265,-0.27952054142951965,164,47
0.004017353057861328,positive,10.0,10.0,0.416227787733078,1.1628082990646362,0.0667027086019516,-0.5485550165176392,164,48
0.004080057144165039,positive,10.0,10.0,0.4394839406013489,0.9668158888816833,0.05573160573840141,-0.2356240600347519,164,49
0.0043866634368896484,positive,10.0,10.0,0.4933277666568756,0.573540449142456,0.07397399097681046,0.4180443286895752,164,53
0.004856586456298828,positive,10.0,10.0,0.5969159007072449,0.9565423130989075,0.07924730330705643,-0.008638772182166576,164,59
0.004921436309814453,positive,10.0,10.0,0.6160467863082886,1.1504435539245605,0.07907452434301376,-0.27530354261398315,164,60
0.00498509407043457,positive,10.0,10.0,0.639055609703064,1.3443535566329956,0.07356845587491989,-0.5420358777046204,164,61
0.005051851272583008,positive,10.0,10.0,0.6659427285194397,1.148278832435608,0.06272774189710617,-0.22710981965065002,164,62
0.005116939544677734,positive,10.0,10.0,0.6889082789421082,0.9523192048072815,0.05818554386496544,0.08468148857355118,164,63
0.005181789398193359,positive,10.0,10.0,0.7079546451568604,0.7564135193824768,0.05987917259335518,0.39513957500457764,164,64
0.007036685943603516,positive,10.0,10.0,1.120091438293457,1.8996391296386719,0.08586466312408447,-0.7583181262016296,164,82
0.007104158401489258,positive,10.0,10.0,1.1580842733383179,2.0934793949127197,0.07069829851388931,-1.022794246673584,164,83
0.007254362106323242,positive,10.0,10.0,1.2379035949707031,1.7017101049423218,0.03606686741113663,-0.40071210265159607,164,85
0.007319450378417969,positive,10.0,10.0,1.2719378471374512,1.896302342414856,0.02805262617766857,-0.6818093657493591,164,86
0.007467508316040039,positive,10.0,10.0,1.3438799381256104,1.5054786205291748,0.006807874888181686,-0.08323487639427185,164,88
0.00753331184387207,positive,10.0,10.0,1.373989462852478,1.7005022764205933,0.005143177695572376,-0.3737621605396271,164,89
0.007596731185913086,positive,10.0,10.0,1.4079995155334473,1.505307674407959,-0.002332065487280488,-0.07946198433637619,164,90
0.0076596736907958984,positive,10.0,10.0,1.4381057024002075,1.310219168663025,-0.0039213052950799465,0.21248425543308258,164,91
0.0078051090240478516,positive,10.0,10.0,1.486613154411316,0.920026957988739,0.010406932793557644,0.7967140674591064,164,93
0.007950544357299805,positive,10.0,10.0,1.519508957862854,0.5293048620223999,0.04819426313042641,1.3934826850891113,164,95
0.00816202163696289,positive,10.0,10.0,1.530095100402832,0.33361726999282837,0.07606391608715057,1.7008368968963623,164,96
0.008393526077270508,negative,10.0,-10.0,1.561750888824463,0.52476567029953,0.1622643768787384,1.509177565574646,164,99
0.0004405975341796875,positive,10.0,10.0,-0.0357685312628746,-0.3573671877384186,0.02550472505390644,0.6305071711540222,165,2
0.0005140304565429688,positive,10.0,10.0,-0.04291587322950363,-0.1626102179288864,0.038114868104457855,0.34596434235572815,165,3
0.0005810260772705078,positive,10.0,10.0,-0.04616807773709297,0.03194941207766533,0.04503415524959564,0.0655399039387703,165,4
0.0007321834564208984,positive,10.0,10.0,-0.04880485683679581,0.030645662918686867,0.05378664284944534,0.094367116689682,165,6
0.0008800029754638672,positive,10.0,10.0,-0.051496028900146484,0.029085678979754448,0.0637444406747818,0.12889914214611053,165,8
0.0009443759918212891,positive,10.0,10.0,-0.05091431364417076,-0.1668887585401535,0.06632242351770401,0.44099193811416626,165,9
0.001009225845336914,positive,10.0,10.0,-0.05425208806991577,0.027234997600317,0.0751422643661499,0.16993097960948944,165,10
0.0010788440704345703,positive,10.0,10.0,-0.053707391023635864,0.221205472946167,0.07854088395833969,-0.0981326624751091,165,11
0.0012290477752685547,positive,10.0,10.0,-0.04098089784383774,0.21899709105491638,0.06927745044231415,-0.04922625795006752,165,13
0.0016283988952636719,positive,10.0,10.0,-0.03488932549953461,0.4084584414958954,0.09221845865249634,-0.21791639924049377,165,18
0.0016951560974121094,positive,10.0,10.0,-0.026720156893134117,0.21214750409126282,0.08786012977361679,0.10237260162830353,165,19
0.0019328594207763672,positive,10.0,10.0,-0.002366351429373026,0.4033990800380707,0.07819321751594543,-0.10566804558038712,165,22
0.002082347869873047,positive,10.0,10.0,0.0176479984074831,0.40120282769203186,0.06862600147724152,-0.0570245236158371,165,24
0.0022306442260742188,positive,10.0,10.0,0.029775403439998627,0.009150112979114056,0.07261544466018677,0.5696789622306824,165,26
0.0022950172424316406,positive,10.0,10.0,0.02995840646326542,0.20318254828453064,0.08400902152061462,0.300727516412735,165,27
0.002522706985473633,positive,10.0,10.0,0.05377703905105591,0.7844522595405579,0.08619111031293869,-0.4900386929512024,165,30
0.0029096603393554688,positive,10.0,10.0,0.11639866232872009,0.19417470693588257,0.06544802337884903,0.4993448555469513,165,35
0.002974271774291992,positive,10.0,10.0,0.12028215825557709,0.3883158564567566,0.07543491572141647,0.22798456251621246,165,36
0.0031194686889648438,positive,10.0,10.0,0.13969413936138153,0.776172399520874,0.07919496297836304,-0.3063926100730896,165,38
0.003509521484375,positive,10.0,10.0,0.20149163901805878,0.9657038450241089,0.07669209688901901,-0.47631093859672546,165,43
0.0036547183990478516,positive,10.0,10.0,0.23619747161865234,0.573571503162384,0.0639563575387001,0.1526172161102295,165,45
0.003719329833984375,positive,10.0,10.0,0.24766890704631805,0.37759485840797424,0.06700870394706726,0.4647715389728546,165,46
0.004025459289550781,positive,10.0,10.0,0.30115917325019836,0.7633991837501526,0.07190676778554916,-0.02364906296133995,165,50
0.00408935546875,positive,10.0,10.0,0.3164271414279938,0.9574201703071594,0.07143378257751465,-0.29280611872673035,165,51
0.004155635833740234,positive,10.0,10.0,0.33557555079460144,0.7613562941551208,0.0655776634812355,0.021523335948586464,165,52
0.004304409027099609,positive,10.0,10.0,0.36210983991622925,0.36936190724372864,0.07269121706485748,0.6469010710716248,165,54
0.004369020462036133,positive,10.0,10.0,0.36949706077575684,0.1733064353466034,0.08562923967838287,0.961560070514679,165,55
0.004595756530761719,negative,10.0,-10.0,0.3837222456932068,0.36412787437438965,0.1392141580581665,0.7675811648368835,165,58
0.004739999771118164,negative,10.0,-10.0,0.39435264468193054,0.3601800501346588,0.1765783131122589,0.86015385389328,165,60
0.0002448558807373047,positive,10.0,10.0,-0.047147203236818314,-0.0034020724706351757,-0.0023875657934695482,-0.047638896852731705,166,0
0.0005333423614501953,positive,10.0,10.0,-0.05905631557106972,-0.19846360385417938,0.012263796292245388,0.2437216341495514,166,3
0.0006005764007568359,positive,10.0,10.0,-0.0630255863070488,-0.3937585651874542,0.017138227820396423,0.5402474999427795,166,4
0.0008308887481689453,positive,10.0,10.0,-0.08276621252298355,-0.19974786043167114,0.04409100115299225,0.2722727656364441,166,7
0.0009021759033203125,positive,10.0,10.0,-0.08676116913557053,-0.3954703211784363,0.04953645542263985,0.5785297155380249,166,8
0.0009701251983642578,positive,10.0,10.0,-0.09467057883739471,-0.20107632875442505,0.061107050627470016,0.3018541634082794,166,9
0.0013699531555175781,positive,10.0,10.0,-0.09935982525348663,-0.01094120368361473,0.07206526398658752,0.11896023154258728,166,14
0.0015959739685058594,positive,10.0,10.0,-0.08837589621543884,0.18100181221961975,0.06307268887758255,-0.10412188619375229,166,17
0.0017452239990234375,positive,10.0,10.0,-0.0850551500916481,-0.2109033167362213,0.06514574587345123,0.5190559029579163,166,19
0.0019707679748535156,positive,10.0,10.0,-0.08606413006782532,0.3710916042327881,0.0800718143582344,-0.28658968210220337,166,22
0.002115488052368164,positive,10.0,10.0,-0.07514380663633347,0.3689059615135193,0.07494470477104187,-0.23809851706027985,166,24
0.0024979114532470703,positive,10.0,10.0,-0.04625208303332329,0.16928218305110931,0.06715886294841766,0.15494473278522491,166,29
0.0026471614837646484,positive,10.0,10.0,-0.043401118367910385,0.1673288345336914,0.07961846888065338,0.19829875230789185,166,31
0.002879619598388672,positive,10.0,10.0,-0.02172885276377201,0.3588673174381256,0.07555097341537476,-0.015993066132068634,166,34
0.0030248165130615234,positive,10.0,10.0,-0.003494924632832408,0.7468018531799316,0.06955281645059586,-0.5519540309906006,166,36
0.0030889511108398438,positive,10.0,10.0,0.011441112495958805,0.5507755875587463,0.058513738214969635,-0.23819345235824585,166,37
0.003152608871459961,positive,10.0,10.0,0.02245662361383438,0.354868620634079,0.053749870508909225,0.07235727459192276,166,38
0.0032148361206054688,positive,10.0,10.0,0.02955399639904499,0.15901894867420197,0.05519701540470123,0.3815023899078369,166,39
0.0033600330352783203,positive,10.0,10.0,0.03980068489909172,0.15735207498073578,0.06496148556470871,0.41854530572891235,166,41
0.003426074981689453,positive,10.0,10.0,0.04294772818684578,0.35149621963500977,0.07333239167928696,0.14702856540679932,166,42
0.0034897327423095703,positive,10.0,10.0,0.04997765272855759,0.5454955697059631,0.07627296447753906,-0.12164798378944397,166,43
0.0035524368286132812,positive,10.0,10.0,0.06088756397366524,0.7394466400146484,0.07384000718593597,-0.38932618498802185,166,44
0.0036153793334960938,positive,10.0,10.0,0.07567649334669113,0.543358564376831,0.06605347990989685,-0.07430630177259445,166,45
0.0036780834197998047,positive,10.0,10.0,0.08654366433620453,0.3473548889160156,0.06456735730171204,0.2384636551141739,166,46
0.004148721694946289,positive,10.0,10.0,0.13961485028266907,0.7307633757591248,0.08263078331947327,-0.19731412827968597,166,52
0.004214763641357422,positive,10.0,10.0,0.15423011779785156,0.9246121644973755,0.078684501349926,-0.4628294110298157,166,53
0.00436091423034668,positive,10.0,10.0,0.19509314000606537,0.9225296974182129,0.05483371019363403,-0.41600918769836426,166,55
0.004510402679443359,positive,10.0,10.0,0.2280772477388382,0.5309186577796936,0.044382404536008835,0.20043134689331055,166,57
0.00465703010559082,positive,10.0,10.0,0.2532031834125519,0.5295975804328918,0.04683248698711395,0.22962194681167603,166,59
0.004723548889160156,positive,10.0,10.0,0.2637951374053955,0.3338387608528137,0.05142492428421974,0.5367019176483154,166,60
0.004787921905517578,positive,10.0,10.0,0.2704719007015228,0.1380329132080078,0.062158964574337006,0.8451346755027771,166,61
0.004935264587402344,positive,10.0,10.0,0.2798776626586914,0.5261837244033813,0.09051422774791718,0.305862694978714,166,63
0.0052454471588134766,positive,10.0,10.0,0.34521234035491943,0.9108179807662964,0.08357787877321243,-0.15754051506519318,166,67
0.005308866500854492,positive,10.0,10.0,0.36342868208885193,1.1046500205993652,0.08042706549167633,-0.4227304458618164,166,68
0.006578207015991211,positive,10.0,10.0,0.6595098972320557,1.0841704607009888,0.08869782090187073,0.030629022046923637,166,84
0.006725311279296875,positive,10.0,10.0,0.7067516446113586,1.4716557264328003,0.08465433120727539,-0.49603283405303955,166,86
0.0069696903228759766,positive,10.0,10.0,0.7910822629928589,1.6634724140167236,0.06225293502211571,-0.7155448794364929,166,89
0.007033824920654297,positive,10.0,10.0,0.8243516683578491,1.8576799631118774,0.047942034900188446,-0.9880013465881348,166,90
0.0070972442626953125,positive,10.0,10.0,0.8615052700042725,2.052128314971924,0.028182009235024452,-1.265249252319336,166,91
0.007161855697631836,positive,10.0,10.0,0.9025478363037109,2.2468791007995605,0.0028770247008651495,-1.548974871635437,166,92
0.007390499114990234,positive,10.0,10.0,1.033463716506958,2.0527472496032715,-0.08434531092643738,-1.2811269760131836,166,95
0.0077016353607177734,negative,10.0,-10.0,1.1822395324707031,1.6690144538879395,-0.16729234158992767,-0.8467238545417786,166,99
0.007768869400024414,negative,10.0,-10.0,1.2156198024749756,1.865975022315979,-0.18422681093215942,-1.186995029449463,166,100
0.0007455348968505859,positive,10.0,10.0,-0.05323987826704979,0.02155550941824913,0.07807765156030655,0.07589808851480484,167,6
0.0008144378662109375,positive,10.0,10.0,-0.052808765321969986,0.2154763787984848,0.07959561794996262,-0.1911655217409134,167,7
0.001046895980834961,positive,10.0,10.0,-0.036046385765075684,0.01725832000374794,0.06377510726451874,0.17078953981399536,167,10
0.0012774467468261719,positive,10.0,10.0,-0.03896759822964668,0.2093406468629837,0.08109105378389359,-0.055368199944496155,167,13
0.0013544559478759766,positive,10.0,10.0,-0.03478078544139862,0.40321189165115356,0.07998369634151459,-0.3214048147201538,167,14
0.0014216899871826172,positive,10.0,10.0,-0.026716547086834908,0.5971091389656067,0.0735555961728096,-0.587830662727356,167,15
0.0016794204711914062,positive,10.0,10.0,-0.0026517673395574093,0.009208805859088898,0.05711275711655617,0.3485158383846283,167,18
0.001990795135498047,positive,10.0,10.0,0.005784326698631048,0.39562666416168213,0.07560712844133377,-0.15342706441879272,167,22
0.002055644989013672,positive,10.0,10.0,0.013696860522031784,0.5895891785621643,0.0725385844707489,-0.42133232951164246,167,23
0.002282857894897461,positive,10.0,10.0,0.03730979934334755,0.001588198821991682,0.06608827412128448,0.5170809626579285,167,26
0.0024285316467285156,positive,10.0,10.0,0.04125596955418587,0.38967224955558777,0.08134858310222626,-0.021695740520954132,167,28
0.002493143081665039,positive,10.0,10.0,0.049049414694309235,0.5835390686988831,0.08091466873884201,-0.2876441776752472,167,29
0.002557039260864258,positive,10.0,10.0,0.06072019413113594,0.3873620331287384,0.07516178488731384,0.029421556740999222,167,30
0.002785921096801758,positive,10.0,10.0,0.09559989720582962,0.5792462229728699,0.06084771081805229,-0.19231346249580383,167,33
0.0032546520233154297,positive,10.0,10.0,0.13753843307495117,0.5735600590705872,0.08444318175315857,-0.06674928963184357,167,39
0.00331878662109375,positive,10.0,10.0,0.14900963008403778,0.767376184463501,0.08310819417238235,-0.3316407799720764,167,40
0.003545522689819336,positive,10.0,10.0,0.1910831183195114,0.5690008401870728,0.07056521624326706,0.034150779247283936,167,43
0.0036101341247558594,positive,10.0,10.0,0.20246313512325287,0.37294164299964905,0.07124823331832886,0.34823665022850037,167,44
0.003673553466796875,positive,10.0,10.0,0.2099219560623169,0.5669817328453064,0.07821296900510788,0.07884425669908524,167,45
0.0039043426513671875,positive,10.0,10.0,0.24777425825595856,0.7586880922317505,0.07859788835048676,-0.13918712735176086,167,48
0.003969430923461914,positive,10.0,10.0,0.26294803619384766,0.9526014924049377,0.0758141428232193,-0.40607523918151855,167,49
0.0040378570556640625,positive,10.0,10.0,0.2820000648498535,0.75649094581604,0.06769263744354248,-0.09048637002706528,167,50
0.004102468490600586,positive,10.0,10.0,0.29712986946105957,0.5604673027992249,0.06588291376829147,0.2227620929479599,167,51
0.004166603088378906,positive,10.0,10.0,0.3083392083644867,0.3644685745239258,0.07033815234899521,0.5354779362678528,167,52
0.004230022430419922,positive,10.0,10.0,0.3156285881996155,0.5585346221923828,0.08104771375656128,0.26576104760169983,167,53
0.004463911056518555,positive,10.0,10.0,0.36077144742012024,1.1399859189987183,0.0810663253068924,-0.5287762880325317,167,56
0.004771709442138672,positive,10.0,10.0,0.4284381866455078,0.35574132204055786,0.07660835236310959,0.7286089658737183,167,60
0.005079984664916992,negative,10.0,-10.0,0.44895458221435547,0.3502136468887329,0.14984942972660065,0.8573490381240845,167,64
0.005146503448486328,negative,10.0,-10.0,0.45595887303352356,0.5430112481117249,0.16699641942977905,0.6152846217155457,167,65
0.005212068557739258,negative,10.0,-10.0,0.46681907773017883,0.735454797744751,0.17930211126804352,0.3795040547847748,167,66
0.005437374114990234,negative,10.0,-10.0,0.5224741697311401,1.311625361442566,0.18825571238994598,-0.3073972463607788,167,69
0.005583763122558594,negative,10.0,-10.0,0.5709944367408752,1.306496500968933,0.18287277221679688,-0.19190087914466858,167,71
0.005728721618652344,negative,10.0,-10.0,0.6270962953567505,1.3014488220214844,0.17059917747974396,-0.07843052595853806,167,73
0.005792379379272461,negative,10.0,-10.0,0.6531252861022949,1.4937667846679688,0.16903056204319,-0.3128064274787903,167,74
0.0060956478118896484,negative,10.0,-10.0,0.7723495364189148,1.4846317768096924,0.1502278596162796,-0.10788853466510773,167,78
0.00680232048034668,positive,10.0,10.0,1.0849225521087646,2.052781581878662,0.09315237402915955,-0.6080307364463806,167,87
0.006867647171020508,positive,10.0,10.0,1.1259781122207642,2.246486186981201,0.08099175989627838,-0.8699807524681091,167,88
0.007092714309692383,positive,10.0,10.0,1.249003291130066,1.6585752964019775,0.04771367460489273,0.06782839447259903,167,91
0.0071561336517333984,positive,10.0,10.0,1.2821747064590454,1.4628028869628906,0.04907023906707764,0.37517526745796204,167,92
0.007219076156616211,positive,10.0,10.0,1.311430811882019,1.267019510269165,0.05657374486327171,0.6829176545143127,167,93
0.007283210754394531,positive,10.0,10.0,1.3367711305618286,1.0711594820022583,0.0702321007847786,0.9928615093231201,167,94
0.007506847381591797,negative,10.0,-10.0,1.3892784118652344,0.8726096153259277,0.14874869585037231,1.3719022274017334,167,97
0.007571220397949219,negative,10.0,-10.0,1.4067306518554688,0.6759738326072693,0.17618674039840698,1.707169771194458,167,98
0.00037789344787597656,positive,10.0,10.0,-0.01625477522611618,-0.22479142248630524,-0.03229478374123573,0.31898224353790283,168,1
0.0004527568817138672,positive,10.0,10.0,-0.020750602707266808,-0.02922476828098297,-0.02591513842344284,0.016292201355099678,168,2
0.0006902217864990234,positive,10.0,10.0,-0.026384182274341583,-0.22332432866096497,-0.019574647769331932,0.28648796677589417,168,5
0.0008382797241210938,positive,10.0,10.0,-0.03140924498438835,-0.22284944355487823,-0.014090963639318943,0.2759789526462555,168,7
0.0009028911590576172,positive,10.0,10.0,-0.035866230726242065,-0.41776755452156067,-0.008571384474635124,0.5641844868659973,168,8
0.0009679794311523438,positive,10.0,10.0,-0.044221583753824234,-0.2225264012813568,0.0027123051695525646,0.2688135504722595,168,9
0.0011148452758789062,positive,10.0,10.0,-0.05702584981918335,-0.22267943620681763,0.019335590302944183,0.272227019071579,168,11
0.0011932849884033203,positive,10.0,10.0,-0.061479438096284866,-0.4180718660354614,0.02478013001382351,0.5709452033042908,168,12
0.0012593269348144531,positive,10.0,10.0,-0.06984087824821472,-0.22330603003501892,0.03619903326034546,0.28617075085639954,168,13
0.001322031021118164,positive,10.0,10.0,-0.07430699467658997,-0.028718531131744385,0.04192245006561279,0.005120901856571436,168,14
0.0013854503631591797,positive,10.0,10.0,-0.07488136738538742,-0.2244158536195755,0.042024869471788406,0.31073057651519775,168,15
0.0014491081237792969,positive,10.0,10.0,-0.0793696865439415,-0.029917055740952492,0.04823948070406914,0.03159162774682045,168,16
0.0015115737915039062,positive,10.0,10.0,-0.07996802777051926,-0.22569639980793,0.04887131229043007,0.33909592032432556,168,17
0.0017414093017578125,positive,10.0,10.0,-0.08965153992176056,-0.032907161861658096,0.06433606147766113,0.09771179407835007,168,20
0.0018069744110107422,positive,10.0,10.0,-0.09030967950820923,0.16123653948307037,0.06629029661417007,-0.17399953305721283,168,21
0.0018732547760009766,positive,10.0,10.0,-0.08708494901657104,-0.03476843610405922,0.06281030178070068,0.13883726298809052,168,22
0.0020995140075683594,positive,10.0,10.0,-0.09312684834003448,0.15738439559936523,0.07818710058927536,-0.08890127390623093,168,25
0.0021638870239257812,positive,10.0,10.0,-0.0899791568517685,0.3513036370277405,0.07640907168388367,-0.35592788457870483,168,26
0.0023102760314941406,positive,10.0,10.0,-0.07984942197799683,-0.040860455483198166,0.068487249314785,0.2735517919063568,168,28
0.002374410629272461,positive,10.0,10.0,-0.08066663146018982,0.15322084724903107,0.07395828515291214,0.003231834154576063,168,29
0.0024368762969970703,positive,10.0,10.0,-0.07760221511125565,0.34720849990844727,0.07402292639017105,-0.265230268239975,168,30
0.002499103546142578,positive,10.0,10.0,-0.07065804302692413,0.5412001609802246,0.068718321621418,-0.5336780548095703,168,31
0.0025637149810791016,positive,10.0,10.0,-0.05983404070138931,0.34518247842788696,0.058044757694005966,-0.22015820443630219,168,32
0.0028793811798095703,positive,10.0,10.0,-0.047921594232320786,-0.04824451729655266,0.0659274086356163,0.4366702437400818,168,36
0.0029430389404296875,positive,10.0,10.0,-0.048886485397815704,0.14588527381420135,0.07466081529855728,0.16547676920890808,168,37
0.003248453140258789,positive,10.0,10.0,-0.021742327138781548,0.14163851737976074,0.06743374466896057,0.25926026701927185,168,41
0.003474712371826172,positive,10.0,10.0,-0.017204027622938156,0.33348405361175537,0.09013703465461731,0.038446031510829926,168,44
0.0035407543182373047,positive,10.0,10.0,-0.010534346103668213,0.5272055864334106,0.09090595692396164,-0.22449219226837158,168,45
0.0036051273345947266,positive,10.0,10.0,9.765317372512072e-06,0.7209186553955078,0.08641611039638519,-0.4871724247932434,168,46
0.003668069839477539,positive,10.0,10.0,0.014428137801587582,0.5246904492378235,0.07667265832424164,-0.16855376958847046,168,47
0.003734111785888672,positive,10.0,10.0,0.024921946227550507,0.7186359763145447,0.07330158352851868,-0.4360976815223694,168,48
0.0038809776306152344,positive,10.0,10.0,0.04974580928683281,0.3265721797943115,0.06215487793087959,0.19110000133514404,168,50
0.003945827484130859,positive,10.0,10.0,0.05627724900841713,0.1306186467409134,0.06597688049077988,0.5027244687080383,168,51
0.0041697025299072266,positive,10.0,10.0,0.07575884461402893,0.7125876545906067,0.07993774116039276,-0.30240556597709656,168,54
0.004474639892578125,positive,10.0,10.0,0.13263529539108276,0.7083773612976074,0.05864504352211952,-0.20887085795402527,168,58
0.00461888313293457,positive,10.0,10.0,0.1570522040128708,0.3166094720363617,0.05650201812386513,0.4110773801803589,168,60
0.004683732986450195,positive,10.0,10.0,0.16338439285755157,0.5108867883682251,0.06472356617450714,0.1367291957139969,168,61
0.00491023063659668,positive,10.0,10.0,0.19008027017116547,0.7029561400413513,0.08000890910625458,-0.08919386565685272,168,64
0.005054473876953125,positive,10.0,10.0,0.22207629680633545,0.7007035613059998,0.07111303508281708,-0.03931209817528725,168,66
0.005532264709472656,positive,10.0,10.0,0.2941330373287201,1.0836396217346191,0.09108396619558334,-0.4655546247959137,168,72
0.0057604312896728516,positive,10.0,10.0,0.36297738552093506,0.885205864906311,0.05899021402001381,-0.0978456661105156,168,75
0.005906343460083008,positive,10.0,10.0,0.394467294216156,0.4934011995792389,0.06129029393196106,0.5229641199111938,168,77
0.0059697628021240234,positive,10.0,10.0,0.4043353199958801,0.29747259616851807,0.07174957543611526,0.8343132734298706,168,78
0.006033897399902344,positive,10.0,10.0,0.41028478741645813,0.10144756734371185,0.08843584358692169,1.1486705541610718,168,79
0.00626373291015625,negative,10.0,-10.0,0.42799511551856995,0.6818645596504211,0.14169467985630035,0.37989670038223267,168,82
0.006411314010620117,negative,10.0,-10.0,0.4591268002986908,1.0674232244491577,0.15199324488639832,-0.1070786565542221,168,84
0.006636381149291992,negative,10.0,-10.0,0.5269403457641602,1.2559915781021118,0.14264175295829773,-0.25669002532958984,168,87
0.006700038909912109,negative,10.0,-10.0,0.5520601868629456,1.4488193988800049,0.13750794529914856,-0.5011996626853943,168,88
0.0073413848876953125,positive,10.0,10.0,0.7751075625419617,1.435742974281311,0.09063926339149475,-0.20852875709533691,168,96
0.00740504264831543,positive,10.0,10.0,0.8038224577903748,1.6294598579406738,0.08646868914365768,-0.47129979729652405,168,97
0.007467746734619141,positive,10.0,10.0,0.8364116549491882,1.4332298040390015,0.07704269140958786,-0.15266427397727966,168,98
0.00761103630065918,positive,10.0,10.0,0.8976196050643921,1.4310808181762695,0.06558777391910553,-0.10502143949270248,168,100
0.007677316665649414,positive,10.0,10.0,0.9262412190437317,1.2350832223892212,0.06348734349012375,0.2076117843389511,168,101
0.00790715217590332,positive,10.0,10.0,0.9963895678520203,1.4271472692489624,0.08301214873790741,-0.018083756789565086,168,104
0.007972002029418945,positive,10.0,10.0,1.0249325037002563,1.6209867000579834,0.08265047520399094,-0.28346407413482666,168,105
0.00803518295288086,positive,10.0,10.0,1.0573523044586182,1.8148385286331177,0.07698118686676025,-0.5489776134490967,168,106
0.008260726928710938,positive,10.0,10.0,1.1700818538665771,1.617053508758545,0.03959757089614868,-0.19584228098392487,168,109
0.008490800857543945,positive,10.0,10.0,1.2553660869598389,1.0301358699798584,0.04611775651574135,0.7171622514724731,168,112
0.008639335632324219,positive,10.0,10.0,1.2926570177078247,1.0286738872528076,0.08094094693660736,0.7508940100669861,168,114
0.009281158447265625,positive,10.0,10.0,1.557868242263794,2.187716007232666,0.06696797907352448,-0.7515919208526611,168,122
0.009430408477783203,positive,10.0,10.0,1.6414573192596436,1.795920491218567,0.043163955211639404,-0.1300174444913864,168,124
0.009497404098510742,positive,10.0,10.0,1.6773756742477417,1.6002076864242554,0.04056360572576523,0.17596463859081268,168,125
0.009726285934448242,positive,10.0,10.0,1.7616467475891113,1.0129969120025635,0.06945430487394333,1.0964913368225098,168,128
0.009790897369384766,positive,10.0,10.0,1.7819066047668457,0.817032516002655,0.09138413518667221,1.4101322889328003,168,129
0.010097265243530273,negative,10.0,-10.0,1.8471031188964844,0.8104683756828308,0.20843768119812012,1.5800520181655884,168,133
0.0010085105895996094,positive,10.0,10.0,0.0035316110588610172,-0.18670082092285156,0.054288528859615326,0.39871516823768616,169,9
0.0016472339630126953,positive,10.0,10.0,0.012099619023501873,0.1946883201599121,0.07235642522573471,0.008166520856320858,169,17
0.001878499984741211,positive,10.0,10.0,0.03542178124189377,0.3867168426513672,0.05670709162950516,-0.21668699383735657,169,20
0.002026081085205078,positive,10.0,10.0,0.04697275906801224,-0.004999957513064146,0.05423997342586517,0.40206682682037354,169,22
0.0023365020751953125,positive,10.0,10.0,0.054276201874017715,0.38149914145469666,0.07693447172641754,-0.1015254408121109,169,26
0.002645730972290039,positive,10.0,10.0,0.08466801047325134,-0.012689315713942051,0.0716424286365509,0.5724310278892517,169,30
0.0027914047241210938,positive,10.0,10.0,0.08804140239953995,0.3752043545246124,0.08915405720472336,0.037785910069942474,169,32
0.002860546112060547,positive,10.0,10.0,0.09554549306631088,0.5689421892166138,0.08990977704524994,-0.22549012303352356,169,33
0.0029249191284179688,positive,10.0,10.0,0.10692433267831802,0.7626718282699585,0.08539997041225433,-0.48851293325424194,169,34
0.0029883384704589844,positive,10.0,10.0,0.12217777222394943,0.5664553642272949,0.07562971115112305,-0.17018379271030426,169,35
0.0030517578125,positive,10.0,10.0,0.1335068792104721,0.7604179382324219,0.07222604006528854,-0.4380820095539093,169,36
0.0032804012298583984,positive,10.0,10.0,0.16736988723278046,0.172441765666008,0.06476326286792755,0.4997601807117462,169,39
0.0034248828887939453,positive,10.0,10.0,0.17815060913562775,0.5605722069740295,0.07932186126708984,-0.040026597678661346,169,41
0.003570079803466797,positive,10.0,10.0,0.20445150136947632,0.5583244562149048,0.07238800823688507,0.009710755199193954,169,43
0.0036339759826660156,positive,10.0,10.0,0.21561798453330994,0.752337634563446,0.07258222252130508,-0.2592833638191223,169,44
0.003700733184814453,positive,10.0,10.0,0.23066474497318268,0.9463523626327515,0.06739655137062073,-0.5282188653945923,169,45
0.0040056705474853516,positive,10.0,10.0,0.282860666513443,0.552939236164093,0.06250502169132233,0.1287161111831665,169,49
0.00431060791015625,positive,10.0,10.0,0.32698380947113037,0.9390488862991333,0.07527711987495422,-0.3668622076511383,169,53
0.00437474250793457,positive,10.0,10.0,0.34576478600502014,0.7429424524307251,0.0679398775100708,-0.05142505094408989,169,54
0.00451970100402832,positive,10.0,10.0,0.3715619444847107,0.35090529918670654,0.07214929908514023,0.574910581111908,169,56
0.0045833587646484375,positive,10.0,10.0,0.3785800337791443,0.15485000610351562,0.08364751189947128,0.8894219398498535,169,57
0.004981279373168945,negative,10.0,-10.0,0.4015966057777405,0.34198668599128723,0.16717316210269928,0.7802844047546387,169,62
0.0050506591796875,negative,10.0,-10.0,0.4084363281726837,0.14500954747200012,0.18277885019779205,1.120551347732544,169,63
0.00511479377746582,negative,10.0,-10.0,0.4113365411758423,0.33732593059539795,0.20518986880779266,0.8903203010559082,169,64
0.0002982616424560547,positive,10.0,10.0,-0.03476054221391678,-0.17387744784355164,-0.018908657133579254,0.3267004191875458,170,1
0.0004551410675048828,positive,10.0,10.0,-0.037807922810316086,-0.1734337955713272,-0.01181234885007143,0.3168680667877197,170,3
0.0007665157318115234,positive,10.0,10.0,-0.04386318102478981,-0.1731334775686264,0.001506518921814859,0.31020763516426086,170,7
0.0009150505065917969,positive,10.0,10.0,-0.04688651114702225,-0.17326469719409943,0.008070675656199455,0.3131059408187866,170,9
0.0011539459228515625,positive,10.0,10.0,-0.045583877712488174,0.02132493630051613,0.00948942918330431,0.032164234668016434,170,12
0.0013890266418457031,positive,10.0,10.0,-0.04821512848138809,-0.17431281507015228,0.01745634712278843,0.33625710010528564,170,15
0.0016186237335205078,positive,10.0,10.0,-0.05478833243250847,0.01985141448676586,0.03215094283223152,0.06470009684562683,170,18
0.0016837120056152344,positive,10.0,10.0,-0.05439130216836929,-0.17571640014648438,0.03344494476914406,0.3673509657382965,170,19
0.001748800277709961,positive,10.0,10.0,-0.05790562927722931,0.01891474425792694,0.040791962295770645,0.08539849519729614,170,20
0.0019872188568115234,positive,10.0,10.0,-0.06070815771818161,-0.17807911336421967,0.052546896040439606,0.4198034703731537,170,23
0.0020520687103271484,positive,10.0,10.0,-0.06426974385976791,0.016260430216789246,0.06094296649098396,0.1441381871700287,170,24
0.002278566360473633,positive,10.0,10.0,-0.0672484040260315,0.20849193632602692,0.07660401612520218,-0.08530627936124802,170,27
0.002342700958251953,positive,10.0,10.0,-0.06307856738567352,0.4024370014667511,0.0748978927731514,-0.3528711497783661,170,28
0.002727985382080078,positive,10.0,10.0,-0.05424442142248154,0.20215603709220886,0.09077809005975723,0.054933350533246994,170,33
0.0027923583984375,positive,10.0,10.0,-0.05020130053162575,0.3958670198917389,0.09187676012516022,-0.20778460800647736,170,34
0.00293731689453125,positive,10.0,10.0,-0.030492695048451424,0.3933188319206238,0.07831846922636032,-0.151138037443161,170,36
0.0030024051666259766,positive,10.0,10.0,-0.022626319900155067,0.5872370600700378,0.07529570907354355,-0.4181216359138489,170,37
0.0030672550201416016,positive,10.0,10.0,-0.010881577618420124,0.3911333680152893,0.066933274269104,-0.10268352180719376,170,38
0.0033805370330810547,positive,10.0,10.0,0.012492909096181393,-0.0028066562954336405,0.07291202247142792,0.5657590627670288,170,42
0.0036880970001220703,positive,10.0,10.0,0.03553750365972519,0.7724833488464355,0.08618410676717758,-0.49371138215065,170,46
0.0038373470306396484,positive,10.0,10.0,0.0625123381614685,0.7702099084854126,0.07280668616294861,-0.4428269863128662,170,48
0.0040645599365234375,positive,10.0,10.0,0.09696248918771744,0.18221619725227356,0.06506877392530441,0.4954414367675781,170,51
0.004376649856567383,positive,10.0,10.0,0.13482554256916046,0.5680874586105347,0.07235809415578842,0.0056301322765648365,170,55
0.004441738128662109,positive,10.0,10.0,0.14618729054927826,0.7621011137962341,0.07247070223093033,-0.26337411999702454,170,56
0.004588603973388672,positive,10.0,10.0,0.180551677942276,0.7601182460784912,0.05655626580119133,-0.21926891803741455,170,58
0.004814624786376953,positive,10.0,10.0,0.21440686285495758,0.5627221465110779,0.06197257339954376,0.1241941899061203,170,61
0.005201816558837891,positive,10.0,10.0,0.27829110622406006,0.752777636051178,0.06691496074199677,-0.05709701031446457,170,66
0.005507946014404297,positive,10.0,10.0,0.3227938115596771,0.7486855387687683,0.08824512362480164,0.033426541835069656,170,70
0.005753993988037109,positive,10.0,10.0,0.3793399930000305,0.93998122215271,0.0744398832321167,-0.1755090206861496,170,73
0.005827188491821289,positive,10.0,10.0,0.3981395959854126,1.1339632272720337,0.07092970609664917,-0.4438111484050751,170,74
0.0060558319091796875,positive,10.0,10.0,0.45441633462905884,0.5460395812988281,0.06309983134269714,0.4927889108657837,170,77
0.006120920181274414,positive,10.0,10.0,0.4653371274471283,0.3500870168209076,0.07295560836791992,0.8046718239784241,170,78
0.006432533264160156,negative,10.0,-10.0,0.4854064881801605,0.3446839451789856,0.1521838754415512,0.9316719174385071,170,82
0.006742715835571289,negative,10.0,-10.0,0.5360854268074036,0.7246636152267456,0.19828039407730103,0.5737283229827881,170,86
0.00018286705017089844,positive,10.0,10.0,-0.004120251629501581,0.021276434883475304,-0.04452148452401161,-0.03493108972907066,171,0
0.0003669261932373047,positive,10.0,10.0,-0.007158317603170872,-0.3676275610923767,-0.04035252332687378,0.5214625597000122,171,2
0.0007560253143310547,positive,10.0,10.0,-0.03602766618132591,-0.17078107595443726,-0.0019013327546417713,0.1901920735836029,171,7
0.0009028911590576172,positive,10.0,10.0,-0.04676080495119095,-0.1707807332277298,0.011548000387847424,0.19019189476966858,171,9
0.0009760856628417969,positive,10.0,10.0,-0.05017641931772232,-0.36606597900390625,0.015351838432252407,0.4864952564239502,171,10
0.0010416507720947266,positive,10.0,10.0,-0.05749773979187012,-0.5614011287689209,0.02508174441754818,0.7839767336845398,171,11
0.0011055469512939453,positive,10.0,10.0,-0.06872576475143433,-0.7568586468696594,0.040761277079582214,1.0844440460205078,171,12
0.0011692047119140625,positive,10.0,10.0,-0.08386293053627014,-0.5622974634170532,0.06245015934109688,0.8048251867294312,171,13
0.0012328624725341797,positive,10.0,10.0,-0.09510888159275055,-0.758217453956604,0.0785466656088829,1.1164807081222534,171,14
0.0015416145324707031,negative,10.0,-10.0,-0.13251547515392303,0.015755731612443924,0.13640190660953522,0.08760109543800354,171,18
0.0016870498657226562,negative,10.0,-10.0,-0.13582096993923187,0.011890731751918793,0.14655427634716034,0.1738802194595337,171,20
0.0017554759979248047,negative,10.0,-10.0,-0.13558316230773926,0.20464439690113068,0.15003187954425812,-0.06921794265508652,171,21
0.0018184185028076172,negative,10.0,-10.0,-0.13149027526378632,0.3973325192928314,0.1486475169658661,-0.3110591471195221,171,22
0.0018813610076904297,negative,10.0,-10.0,-0.1235436201095581,0.20043998956680298,0.14242634177207947,0.024564340710639954,171,23
0.0021910667419433594,negative,10.0,-10.0,-0.0999549925327301,0.5821648836135864,0.13816285133361816,-0.37701132893562317,171,27
0.0032210350036621094,positive,10.0,10.0,0.06432735919952393,0.75657719373703,0.07664576917886734,-0.2097136676311493,171,40
0.0033659934997558594,positive,10.0,10.0,0.09846939146518707,0.7544581890106201,0.06290613114833832,-0.1626587212085724,171,42
0.003511190414428711,positive,10.0,10.0,0.12472844868898392,0.3625715672969818,0.06263670325279236,0.46007686853408813,171,44
0.003584623336791992,positive,10.0,10.0,0.13197988271713257,0.5567548274993896,0.07183823734521866,0.1877763420343399,171,45
0.0037326812744140625,positive,10.0,10.0,0.15813057124614716,0.944740891456604,0.07396561652421951,-0.34931549429893494,171,47
0.0037975311279296875,positive,10.0,10.0,0.17702537775039673,0.7486491799354553,0.0669793039560318,-0.03425609692931175,171,48
0.0038635730743408203,positive,10.0,10.0,0.19199836254119873,0.5526338219642639,0.06629417836666107,0.2787848114967346,171,49
0.004494905471801758,positive,10.0,10.0,0.3187977373600006,0.9335314035415649,0.06649903208017349,-0.1012355163693428,171,57
0.0046405792236328125,positive,10.0,10.0,0.3522188067436218,0.5415408611297607,0.06870760768651962,0.5239682793617249,171,59
0.004704713821411133,positive,10.0,10.0,0.36304962635040283,0.34552261233329773,0.07918697595596313,0.8374860286712646,171,60
0.0050165653228759766,negative,10.0,-10.0,0.38274452090263367,0.33976346254348755,0.1612827479839325,0.9736056327819824,171,64
0.005244016647338867,negative,10.0,-10.0,0.4146801829338074,0.9165315628051758,0.2055637538433075,0.279549777507782,171,67
0.0002989768981933594,positive,10.0,10.0,-0.02105996198952198,-0.16991494596004486,-0.02149362862110138,0.2470269650220871,172,1
0.000370025634765625,positive,10.0,10.0,-0.0244582612067461,-0.36472344398498535,-0.016553089022636414,0.5328535437583923,172,2
0.00043582916259765625,positive,10.0,10.0,-0.031752727925777435,-0.16937263309955597,-0.005896018352359533,0.2350011169910431,172,3
0.0005850791931152344,positive,10.0,10.0,-0.04242837801575661,-0.1692710816860199,0.009320372715592384,0.23275889456272125,172,5
0.0011353492736816406,positive,10.0,10.0,-0.07795749604701996,-0.36746320128440857,0.06222449615597725,0.5941126942634583,172,12
0.001369476318359375,positive,10.0,10.0,-0.08835750073194504,0.2146081179380417,0.0816047340631485,-0.2129863202571869,172,15
0.0015947818756103516,positive,10.0,10.0,-0.07164884358644485,0.01632712222635746,0.06451135873794556,0.15043894946575165,172,18
0.0016586780548095703,positive,10.0,10.0,-0.07132229954004288,-0.17965643107891083,0.0675201416015625,0.46275594830513,172,19
0.0017268657684326172,positive,10.0,10.0,-0.07491543143987656,0.014449567534029484,0.07677526026964188,0.19209623336791992,172,20
0.0018715858459472656,positive,10.0,10.0,-0.0704585611820221,0.4022732675075531,0.07910890877246857,-0.3416122794151306,172,22
0.0019352436065673828,positive,10.0,10.0,-0.06241309270262718,0.20612014830112457,0.07227666676044464,-0.02506902441382408,172,23
0.001997709274291992,positive,10.0,10.0,-0.058290690183639526,0.4001351594924927,0.07177527993917465,-0.29410091042518616,172,24
0.0020599365234375,positive,10.0,10.0,-0.050287988036870956,0.20406721532344818,0.0658932626247406,0.020327607169747353,172,25
0.0022041797637939453,positive,10.0,10.0,-0.04604533687233925,0.20218393206596375,0.07296083867549896,0.061990708112716675,172,27
0.0022673606872558594,positive,10.0,10.0,-0.04200166091322899,0.39618805050849915,0.07420065253973007,-0.20680981874465942,172,28
0.002575397491455078,positive,10.0,10.0,-0.010427603498101234,0.0023086911533027887,0.06033261865377426,0.46008506417274475,172,32
0.0027229785919189453,positive,10.0,10.0,-0.006450864486396313,0.00048392018652521074,0.07327457517385483,0.500795304775238,172,34
0.0027878284454345703,positive,10.0,10.0,-0.006441186182200909,0.19450059533119202,0.08329048752784729,0.23207469284534454,172,35
0.002931833267211914,positive,10.0,10.0,0.005215620622038841,0.5820978879928589,0.08726763725280762,-0.2969125807285309,172,37
0.003157377243041992,positive,10.0,10.0,0.036168813705444336,0.7735790014266968,0.07688897103071213,-0.5097998380661011,172,40
0.0036203861236572266,positive,10.0,10.0,0.09359361976385117,0.767562210559845,0.07481948286294937,-0.37652119994163513,172,46
0.0038442611694335938,positive,10.0,10.0,0.1278829574584961,0.17944270372390747,0.07110299915075302,0.5646817088127136,172,49
0.003908395767211914,positive,10.0,10.0,0.13147181272506714,0.373498797416687,0.08239663392305374,0.295219749212265,172,50
0.0043866634368896484,positive,10.0,10.0,0.21883389353752136,1.1466915607452393,0.06172742694616318,-0.7172853946685791,172,56
0.004533290863037109,positive,10.0,10.0,0.2607831656932831,0.7550113797187805,0.03926512598991394,-0.09859307110309601,172,58
0.0046808719635009766,positive,10.0,10.0,0.2870703935623169,0.3637144863605499,0.04141756147146225,0.5104246735572815,172,60
0.004906654357910156,positive,10.0,10.0,0.3127574324607849,0.5566970705986023,0.06703930348157883,0.2651432454586029,172,63
0.005052089691162109,positive,10.0,10.0,0.3311050832271576,0.5547229647636414,0.08390606939792633,0.3091500401496887,172,65
0.005281686782836914,positive,10.0,10.0,0.376016229391098,1.1359895467758179,0.08659251779317856,-0.48154884576797485,172,68
0.0053462982177734375,positive,10.0,10.0,0.39873600006103516,0.9397588968276978,0.07696153968572617,-0.1628793179988861,172,69
0.005743741989135742,positive,10.0,10.0,0.4847032427787781,0.34966734051704407,0.07691238075494766,0.8218964338302612,172,74
0.005808353424072266,positive,10.0,10.0,0.4916965663433075,0.15358205139636993,0.09335030615329742,1.1377447843551636,172,75
0.006122589111328125,negative,10.0,-10.0,0.5272055864334106,0.9265420436859131,0.15353190898895264,0.13060115277767181,172,79
0.0061872005462646484,negative,10.0,-10.0,0.5457364320755005,1.1191694736480713,0.1561439335346222,-0.10997994989156723,172,80
0.006249904632568359,negative,10.0,-10.0,0.5681198239326477,1.3117493391036987,0.15394432842731476,-0.3496154844760895,172,81
0.006394386291503906,negative,10.0,-10.0,0.6166509985923767,1.307553768157959,0.14669960737228394,-0.25556984543800354,172,83
0.0064585208892822266,negative,10.0,-10.0,0.6428021192550659,1.5003098249435425,0.1415882110595703,-0.49862319231033325,172,84
0.007656574249267578,positive,10.0,10.0,1.0774645805358887,2.059377670288086,0.09290186315774918,-0.7953142523765564,172,99
0.007803440093994141,positive,10.0,10.0,1.1637142896652222,2.0570571422576904,0.055847860872745514,-0.7415633797645569,172,101
0.007868528366088867,positive,10.0,10.0,1.2048554420471191,2.2513654232025146,0.0410165935754776,-1.0161607265472412,172,102
0.007935523986816406,positive,10.0,10.0,1.249882698059082,2.0557212829589844,0.020693378522992134,-0.7108858227729797,172,103
0.007999181747436523,positive,10.0,10.0,1.2909971475601196,1.860318899154663,0.006475663278251886,-0.41176164150238037,172,104
0.008061647415161133,positive,10.0,10.0,1.328203558921814,1.6651058197021484,-0.0017595695098862052,-0.11704424023628235,172,105
0.008287429809570312,positive,10.0,10.0,1.4164047241210938,1.0798325538635254,0.008730598725378513,0.7589637041091919,172,108
0.008432388305664062,positive,10.0,10.0,1.455693244934082,0.6891607642173767,0.04499749466776848,1.354472041130066,172,110
0.008495330810546875,positive,10.0,10.0,1.4694764614105225,0.4935038387775421,0.07208693772554398,1.660885214805603,172,111
0.008723735809326172,negative,10.0,-10.0,1.4873300790786743,-0.0945698618888855,0.19077691435813904,2.6320266723632812,172,114
0.0003185272216796875,positive,10.0,10.0,-0.04477822408080101,-0.19404293596744537,0.02228497341275215,0.2664220929145813,173,1
0.00038933753967285156,positive,10.0,10.0,-0.048659082502126694,-0.3894757330417633,0.027613414451479912,0.5660497546195984,173,2
0.0005490779876708984,positive,10.0,10.0,-0.06034363433718681,-0.0002062423445750028,0.04457826167345047,0.0020391298457980156,173,4
0.0006139278411865234,positive,10.0,10.0,-0.06034776195883751,-0.19593822956085205,0.04461904242634773,0.30844709277153015,173,5
0.0007610321044921875,positive,10.0,10.0,-0.06429611146450043,-0.19729159772396088,0.05139124393463135,0.3384276330471039,173,7
0.0008258819580078125,positive,10.0,10.0,-0.06824194639921188,-0.0029371590353548527,0.05815979465842247,0.06238323822617531,173,8
0.001054525375366211,positive,10.0,10.0,-0.08017266541719437,-0.20062309503555298,0.08053696155548096,0.41273584961891174,173,11
0.0011208057403564453,positive,10.0,10.0,-0.08418512344360352,-0.006729628890752792,0.08879168331623077,0.1464906483888626,173,12
0.0011849403381347656,positive,10.0,10.0,-0.08431971818208694,0.18701598048210144,0.09172149002552032,-0.11691244691610336,173,13
0.0012481212615966797,positive,10.0,10.0,-0.08057940006256104,0.38071221113204956,0.08938324451446533,-0.3793071508407593,173,14
0.0014734268188476562,positive,10.0,10.0,-0.06171027570962906,0.18213032186031342,0.07408784329891205,-0.008656519465148449,173,17
0.001537322998046875,positive,10.0,10.0,-0.05806766822934151,0.3761158585548401,0.07391471415758133,-0.2770746946334839,173,18
0.001847982406616211,positive,10.0,10.0,-0.028097152709960938,-0.017634667456150055,0.05438115820288658,0.38696736097335815,173,22
0.002151012420654297,positive,10.0,10.0,-0.021804457530379295,0.3688819408416748,0.07586562633514404,-0.11703604459762573,173,26
0.002215862274169922,positive,10.0,10.0,-0.014426819048821926,0.5628395080566406,0.07352489978075027,-0.38485246896743774,173,27
0.0022809505462646484,positive,10.0,10.0,-0.0031700285617262125,0.366754949092865,0.0658278539776802,-0.06992340832948685,173,28
0.0023450851440429688,positive,10.0,10.0,0.0041650705970823765,0.17075401544570923,0.0644293874502182,0.2427806258201599,173,29
0.0024907588958740234,positive,10.0,10.0,0.007075625937432051,0.16885799169540405,0.08038640022277832,0.2849958539009094,173,31
0.0025548934936523438,positive,10.0,10.0,0.010452785529196262,0.362746924161911,0.08608631789684296,0.01870976760983467,173,32
0.0026183128356933594,positive,10.0,10.0,0.01770772412419319,0.556535542011261,0.08646051585674286,-0.24561862647533417,173,33
0.0026845932006835938,positive,10.0,10.0,0.02883843518793583,0.7503230571746826,0.08154813945293427,-0.5098263621330261,173,34
0.0028362274169921875,positive,10.0,10.0,0.054927948862314224,0.7481852173805237,0.06749961525201797,-0.4619487226009369,173,36
0.003065347671508789,positive,10.0,10.0,0.0880606397986412,0.16040368378162384,0.058519147336483,0.4713008999824524,173,39
0.0035331249237060547,positive,10.0,10.0,0.13432417809963226,0.5440583825111389,0.08071321994066238,0.030682101845741272,173,45
0.003680706024169922,positive,10.0,10.0,0.15996405482292175,0.9318072199821472,0.07661720365285873,-0.501445472240448,173,47
0.00374603271484375,positive,10.0,10.0,0.17860020697116852,0.7356935739517212,0.06658829003572464,-0.18563462793827057,173,48
0.0038099288940429688,positive,10.0,10.0,0.1933140754699707,0.5396851897239685,0.06287559866905212,0.1272888332605362,173,49
0.0038721561431884766,positive,10.0,10.0,0.20410777628421783,0.34372150897979736,0.06542137265205383,0.43912678956985474,173,50
0.0040166378021240234,positive,10.0,10.0,0.22173939645290375,0.7318452000617981,0.07755916565656662,-0.10061892122030258,173,52
0.004242420196533203,positive,10.0,10.0,0.26948511600494385,0.5336351990699768,0.06714271754026413,0.2610495388507843,173,55
0.004474163055419922,positive,10.0,10.0,0.2975434362888336,0.7254922389984131,0.08994822949171066,0.03998802974820137,173,58
0.004542827606201172,positive,10.0,10.0,0.31205326318740845,0.9192169308662415,0.09074798971414566,-0.22301511466503143,173,59
0.004610538482666016,positive,10.0,10.0,0.3304376006126404,1.112932562828064,0.08628768473863602,-0.48574960231781006,173,60
0.004837989807128906,positive,10.0,10.0,0.3932434320449829,0.9145746827125549,0.06453444808721542,-0.11990600824356079,173,63
0.005145072937011719,positive,10.0,10.0,0.44289249181747437,0.13057391345500946,0.09240071475505829,1.1323691606521606,173,67
0.005617856979370117,negative,10.0,-10.0,0.4853682816028595,0.8981098532676697,0.19902415573596954,0.24816419184207916,173,73
0.005772590637207031,negative,10.0,-10.0,0.5251287817955017,1.2816170454025269,0.20447269082069397,-0.1977703869342804,173,75
0.005837202072143555,negative,10.0,-10.0,0.5507611036300659,1.47331702709198,0.20051728188991547,-0.41963323950767517,173,76
0.005900382995605469,negative,10.0,-10.0,0.5802274346351624,1.2760027647018433,0.1921246200799942,-0.0710342600941658,173,77
0.006128787994384766,negative,10.0,-10.0,0.6605194211006165,1.4627277851104736,0.18572953343391418,-0.1804114431142807,173,80
0.006192922592163086,negative,10.0,-10.0,0.6897739768028259,1.6547737121582031,0.18212130665779114,-0.40923482179641724,173,81
0.006257057189941406,negative,10.0,-10.0,0.7228694558143616,1.4575999975204468,0.1739366054534912,-0.06511761993169785,173,82
0.006404876708984375,negative,10.0,-10.0,0.7850185632705688,1.4527485370635986,0.1666688174009323,0.0434989295899868,173,84
0.006633281707763672,negative,10.0,-10.0,0.8837265968322754,1.6404997110366821,0.1551363468170166,-0.08832753449678421,173,87
0.006780147552490234,negative,10.0,-10.0,0.9531985521316528,1.6361621618270874,0.14680325984954834,0.00852223951369524,173,89
0.007415294647216797,positive,10.0,10.0,1.2762585878372192,2.0119495391845703,0.0796477198600769,-0.25901204347610474,173,97
0.007479429244995117,positive,10.0,10.0,1.316497564315796,2.2058494091033936,0.0744674801826477,-0.5255481600761414,173,98
0.0075452327728271484,positive,10.0,10.0,1.360614538192749,2.009762763977051,0.06395651400089264,-0.2103603482246399,173,99
0.007608175277709961,positive,10.0,10.0,1.4008097648620605,1.8137874603271484,0.059749308973550797,0.10179205983877182,173,100
0.007752180099487305,positive,10.0,10.0,1.4694428443908691,1.4219214916229248,0.07003936916589737,0.7242148518562317,173,102
0.00805807113647461,negative,10.0,-10.0,1.5596644878387451,0.6371086239814758,0.16600191593170166,2.0105602741241455,173,106
0.008121490478515625,negative,10.0,-10.0,1.5724067687988281,0.44069355726242065,0.206213116645813,2.3497135639190674,173,107
0.00020456314086914062,positive,10.0,10.0,0.0003262254467699677,0.03690492734313011,-0.00928194634616375,0.03616093099117279,174,0
0.0003960132598876953,positive,10.0,10.0,-0.0020973298233002424,0.03716006129980087,-0.002040709601715207,0.030531270429491997,174,2
0.0006287097930908203,positive,10.0,10.0,-0.0037685856223106384,-0.15798388421535492,0.005610029678791761,0.323699027299881,174,5
0.0007765293121337891,positive,10.0,10.0,-0.0061871083453297615,-0.15823540091514587,0.012739820405840874,0.32926145195961,174,7
0.0009245872497558594,positive,10.0,10.0,-0.008617758750915527,-0.15869076550006866,0.020137513056397438,0.33934012055397034,174,9
0.0010726451873779297,positive,10.0,10.0,-0.011068794876337051,-0.15935851633548737,0.027985813096165657,0.3541295528411865,174,11
0.0012176036834716797,positive,10.0,10.0,-0.013548873364925385,-0.1602521389722824,0.03647642582654953,0.37393873929977417,174,13
0.0012819766998291016,positive,10.0,10.0,-0.016753915697336197,0.034333184361457825,0.04395519942045212,0.09297657757997513,174,14
0.0013453960418701172,positive,10.0,10.0,-0.016067253425717354,-0.16139031946659088,0.04581473022699356,0.39919692277908325,174,15
0.0017385482788085938,positive,10.0,10.0,-0.024550270289182663,0.029597556218504906,0.07732299715280533,0.1979173719882965,174,20
0.0018086433410644531,positive,10.0,10.0,-0.023958319798111916,-0.16654032468795776,0.08128134906291962,0.5139554142951965,174,21
0.0018739700317382812,positive,10.0,10.0,-0.027289126068353653,-0.3627072870731354,0.09156045317649841,0.8311048150062561,174,22
0.0028297901153564453,positive,10.0,10.0,0.04732980579137802,0.7883331179618835,0.09367130696773529,-0.4960770905017853,174,34
0.002895832061767578,positive,10.0,10.0,0.06309647113084793,0.5920237302780151,0.08374976366758347,-0.1754048615694046,174,35
0.0030412673950195312,positive,10.0,10.0,0.08285313099622726,0.5896958112716675,0.08309124410152435,-0.12384938448667526,174,37
0.003105640411376953,positive,10.0,10.0,0.09464704245328903,0.7835351228713989,0.08061425387859344,-0.3892045021057129,174,38
0.0033288002014160156,positive,10.0,10.0,0.13769255578517914,0.5853122472763062,0.06456394493579865,-0.026765698567032814,174,41
0.003392457962036133,positive,10.0,10.0,0.1493988037109375,0.38932663202285767,0.06402862817049026,0.2855687737464905,174,42
0.0034575462341308594,positive,10.0,10.0,0.15718533098697662,0.19335272908210754,0.06974000483751297,0.5977388620376587,174,43
0.0036017894744873047,positive,10.0,10.0,0.16880105435848236,0.5813027024269104,0.0882510393857956,0.061969924718141556,174,45
0.003665447235107422,positive,10.0,10.0,0.18042710423469543,0.7750557661056519,0.08949044346809387,-0.20161651074886322,174,46
0.0038971900939941406,positive,10.0,10.0,0.2307554930448532,0.9665257930755615,0.07323379814624786,-0.41415002942085266,174,49
0.003963470458984375,positive,10.0,10.0,0.2500860095024109,1.1605374813079834,0.06495079398155212,-0.6828759908676147,174,50
0.004109382629394531,positive,10.0,10.0,0.2925882935523987,0.7687647938728333,0.043883830308914185,-0.06206739693880081,174,52
0.004337787628173828,positive,10.0,10.0,0.326971173286438,0.5717610716819763,0.05852420628070831,0.272615909576416,174,55
0.0044019222259521484,positive,10.0,10.0,0.33840641379356384,0.3758549988269806,0.06397652626037598,0.5831682085990906,174,56
0.004466533660888672,positive,10.0,10.0,0.345923513174057,0.5700250864028931,0.07563988864421844,0.3113052248954773,174,57
0.00461268424987793,positive,10.0,10.0,0.3726038634777069,0.9578508734703064,0.08273405581712723,-0.2223690152168274,174,59
0.004755973815917969,positive,10.0,10.0,0.4147948622703552,0.9555646181106567,0.06852966547012329,-0.17155732214450836,174,61
0.004899740219116211,positive,10.0,10.0,0.44909679889678955,0.5635412335395813,0.06793718785047531,0.45442232489585876,174,63
0.005361318588256836,negative,10.0,-10.0,0.489065021276474,0.5546885132789612,0.17139871418476105,0.6576797962188721,174,69
0.005507707595825195,negative,10.0,-10.0,0.5151000618934631,0.9391563534736633,0.19302213191986084,0.19419507682323456,174,71
0.005827903747558594,negative,10.0,-10.0,0.6132577657699585,1.706742763519287,0.1815047264099121,-0.70840984582901,174,75
0.005891323089599609,negative,10.0,-10.0,0.6473926305770874,1.50963294506073,0.16733652353286743,-0.3645320236682892,174,76
0.006117105484008789,negative,10.0,-10.0,0.7339385151863098,1.6976125240325928,0.15431712567806244,-0.500737726688385,174,79
0.00691533088684082,positive,10.0,10.0,1.0756336450576782,2.0696280002593994,0.08716866374015808,-0.6806926131248474,174,89
0.007307767868041992,positive,10.0,10.0,1.2745918035507202,1.4802565574645996,0.035357870161533356,0.28889477252960205,174,94
0.007371664047241211,positive,10.0,10.0,1.3041969537734985,1.2846486568450928,0.0411357656121254,0.5925161838531494,174,95
0.0074350833892822266,positive,10.0,10.0,1.3298900127410889,1.0889757871627808,0.05298608914017677,0.8978677988052368,174,96
0.007498264312744141,positive,10.0,10.0,1.351669430732727,0.8931771516799927,0.0709434449672699,1.2067241668701172,174,97
0.007723331451416016,negative,10.0,-10.0,1.4012986421585083,0.6945828795433044,0.1506776064634323,1.5884207487106323,174,100
0.007786750793457031,negative,10.0,-10.0,1.41519033908844,0.8876276612281799,0.18244601786136627,1.346266269683838,174,101
0.00021576881408691406,positive,10.0,10.0,-0.04877963289618492,0.00505654513835907,0.02266848273575306,-0.03890789672732353,175,0
0.00030612945556640625,positive,10.0,10.0,-0.048678502440452576,-0.19038301706314087,0.021890323609113693,0.2608400881290436,175,1
0.0005600452423095703,positive,10.0,10.0,-0.064023956656456,-0.3867263197898865,0.04384055733680725,0.5808420777320862,175,4
0.0007197856903076172,positive,10.0,10.0,-0.07560338824987411,-0.3881118893623352,0.06150311604142189,0.6119301915168762,175,6
0.001356363296508789,positive,10.0,10.0,-0.0446525439620018,0.38435906171798706,0.032138384878635406,-0.38319650292396545,175,14
0.0014216899871826172,positive,10.0,10.0,-0.03696536272764206,0.5790103077888489,0.024474453181028366,-0.6655755639076233,175,15
0.0018074512481689453,positive,10.0,10.0,0.013095088303089142,0.3837054371833801,-0.029564429074525833,-0.3686542212963104,175,20
0.0019528865814208984,positive,10.0,10.0,0.03235389292240143,0.3846452534198761,-0.05034772679209709,-0.38968268036842346,175,22
0.002508878707885742,negative,10.0,-10.0,0.12170667201280594,0.977819561958313,-0.1664297878742218,-1.4564788341522217,175,29
0.002574443817138672,negative,10.0,-10.0,0.14126306772232056,1.1745465993881226,-0.19555936753749847,-1.7961968183517456,175,30
0.0004189014434814453,positive,10.0,10.0,0.01736179180443287,0.03832630440592766,0.010896537452936172,0.0042435298673808575,176,0
0.0005476474761962891,positive,10.0,10.0,0.018128318712115288,-0.1569502055644989,0.010981407947838306,0.30034443736076355,176,1
0.0008146762847900391,positive,10.0,10.0,0.012602626346051693,0.037524644285440445,0.02339397743344307,0.0219334214925766,176,4
0.0008795261383056641,positive,10.0,10.0,0.013353119604289532,-0.1579248607158661,0.023832647129893303,0.32190465927124023,176,5
0.0010259151458740234,positive,10.0,10.0,0.010931617580354214,-0.15869291126728058,0.031007375568151474,0.33890971541404724,176,7
0.00109100341796875,positive,10.0,10.0,0.007757759187370539,0.0359744094312191,0.037785571068525314,0.05616379156708717,176,8
0.0013172626495361328,positive,10.0,10.0,0.005981469992548227,-0.1608721762895584,0.04772654548287392,0.3872297704219818,176,11
0.0013823509216308594,positive,10.0,10.0,0.002764026401564479,0.03354094177484512,0.05547114089131355,0.10996842384338379,176,12
0.0016951560974121094,positive,10.0,10.0,-0.0024546473287045956,0.030008945614099503,0.07814498245716095,0.18826709687709808,176,16
0.0017628669738769531,positive,10.0,10.0,-0.0018544683698564768,0.2239309698343277,0.08191031962633133,-0.07877697795629501,176,17
0.0018303394317626953,positive,10.0,10.0,0.0026241508312523365,0.4177889823913574,0.08033478260040283,-0.34453436732292175,176,18
0.0018951892852783203,positive,10.0,10.0,0.010979930870234966,0.22162160277366638,0.07344409823417664,-0.027639228850603104,176,19
0.001959562301635742,positive,10.0,10.0,0.015412362292408943,0.4156176745891571,0.07289130985736847,-0.29627570509910583,176,20
0.002202272415161133,positive,10.0,10.0,0.02858586609363556,0.2176232486963272,0.07396558672189713,0.060801636427640915,176,23
0.002267599105834961,positive,10.0,10.0,0.03293833136558533,0.41161105036735535,0.07518162578344345,-0.20765839517116547,176,24
0.0023317337036132812,positive,10.0,10.0,0.041170552372932434,0.6055819392204285,0.0710284560918808,-0.4757102429866791,176,25
0.002397775650024414,positive,10.0,10.0,0.05328219011425972,0.40953266620635986,0.06151425093412399,-0.16151303052902222,176,26
0.002547740936279297,positive,10.0,10.0,0.06574457138776779,0.01768045872449875,0.06128247082233429,0.460409939289093,176,28
0.0026946067810058594,positive,10.0,10.0,0.06253314763307571,0.01583310030400753,0.08592591434717178,0.5020651817321777,176,30
0.0032470226287841797,positive,10.0,10.0,0.13049130141735077,0.591747522354126,0.06961613148450851,-0.16963091492652893,176,37
0.0033125877380371094,positive,10.0,10.0,0.1423262655735016,0.3957017958164215,0.06622350960969925,0.14417603611946106,176,38
0.0033767223358154297,positive,10.0,10.0,0.15024028718471527,0.19969701766967773,0.06910703331232071,0.4569942355155945,176,39
0.0035223960876464844,positive,10.0,10.0,0.16210977733135223,0.5876976847648621,0.08198431134223938,-0.08013946563005447,176,41
0.003587961196899414,positive,10.0,10.0,0.1738637387752533,0.7815545201301575,0.08038152754306793,-0.34587159752845764,176,42
0.003896951675415039,positive,10.0,10.0,0.23626013100147247,0.3875707983970642,0.055556654930114746,0.3236665427684784,176,46
0.004127025604248047,positive,10.0,10.0,0.26336684823036194,0.5800777673721313,0.07022213935852051,0.08843152225017548,176,49
0.004358768463134766,positive,10.0,10.0,0.309813916683197,1.1622402667999268,0.059356290847063065,-0.7208020091056824,176,52
0.0045070648193359375,positive,10.0,10.0,0.3523856997489929,0.7706202864646912,0.03673939406871796,-0.10353737324476242,176,54
0.004652261734008789,positive,10.0,10.0,0.3792979419231415,0.3793914020061493,0.03867877647280693,0.5039210915565491,176,56
0.004718780517578125,positive,10.0,10.0,0.38688576221466064,0.5739474892616272,0.048757199198007584,0.2236739695072174,176,57
0.004868984222412109,positive,10.0,10.0,0.40592798590660095,0.5724982023239136,0.06385726481676102,0.2558831572532654,176,59
0.005099058151245117,positive,10.0,10.0,0.43632078170776367,0.7645058631896973,0.08629150688648224,0.03151968866586685,176,62
0.005167722702026367,positive,10.0,10.0,0.45161089301109314,0.9582911729812622,0.08692190051078796,-0.23273847997188568,176,63
0.005233049392700195,positive,10.0,10.0,0.4707767069339752,1.1520705223083496,0.08226712793111801,-0.49678727984428406,176,64
0.005540370941162109,positive,10.0,10.0,0.5550117492675781,0.7579585909843445,0.057080212980508804,0.1760919988155365,176,68
0.005686044692993164,positive,10.0,10.0,0.5814123153686523,0.3661457598209381,0.07032648473978043,0.7973717451095581,176,70
0.006246328353881836,positive,10.0,10.0,0.7062591314315796,1.3321446180343628,0.08285844326019287,-0.45743194222450256,176,77
0.006304264068603516,positive,10.0,10.0,0.7329019904136658,1.1359550952911377,0.07370980083942413,-0.13982465863227844,176,78
0.006363391876220703,positive,10.0,10.0,0.7556211352348328,1.3299481868743896,0.07091330736875534,-0.408373087644577,176,79
0.006421327590942383,positive,10.0,10.0,0.7822200655937195,1.5239967107772827,0.0627458468079567,-0.6778833866119385,176,80
0.006483554840087891,positive,10.0,10.0,0.8127000331878662,1.7181934118270874,0.04918818175792694,-0.9501700401306152,176,81
0.006543636322021484,positive,10.0,10.0,0.8470638990402222,1.9126200675964355,0.030184779316186905,-1.227001667022705,176,82
0.006604671478271484,positive,10.0,10.0,0.8853162527084351,2.1073408126831055,0.005644746590405703,-1.510076642036438,176,83
0.0002887248992919922,positive,10.0,10.0,-0.006355795543640852,-0.03230912983417511,0.016399146988987923,-0.04695039615035057,177,0
0.0005104541778564453,positive,10.0,10.0,-0.011555224657058716,-0.42300161719322205,0.02047736383974552,0.5483801364898682,177,2
0.0006628036499023438,positive,10.0,10.0,-0.024578722193837166,-0.4237295985221863,0.03668934106826782,0.564651608467102,177,4
0.0007274150848388672,positive,10.0,10.0,-0.033053312450647354,-0.22914110124111176,0.04798237234354019,0.283749520778656,177,5
0.0008742809295654297,positive,10.0,10.0,-0.046134404838085175,-0.2305821180343628,0.0654807910323143,0.31586170196533203,177,7
0.0009400844573974609,positive,10.0,10.0,-0.050746046006679535,-0.036451030522584915,0.07179802656173706,0.04452673718333244,177,8
0.0010027885437011719,positive,10.0,10.0,-0.05147506669163704,0.15757185220718384,0.07268856465816498,-0.2246672809123993,177,9
0.0014045238494873047,positive,10.0,10.0,-0.012496331706643105,0.3487194776535034,0.01932569220662117,-0.4291820526123047,177,14
0.0016317367553710938,positive,10.0,10.0,0.012315177358686924,0.5434659123420715,-0.011965477839112282,-0.713472843170166,177,17
0.0016963481903076172,positive,10.0,10.0,0.02318449504673481,0.34851163625717163,-0.026234934106469154,-0.4245801270008087,177,18
0.0017709732055664062,positive,10.0,10.0,0.030154727399349213,0.543995201587677,-0.03472653776407242,-0.7254167795181274,177,19
0.00191497802734375,positive,10.0,10.0,0.048022035509347916,0.5451529622077942,-0.05811212956905365,-0.751650333404541,177,21
0.0019788742065429688,positive,10.0,10.0,0.058925095945596695,0.35087850689888,-0.07314513623714447,-0.47780588269233704,177,22
0.002042531967163086,positive,10.0,10.0,0.0659426674246788,0.5469528436660767,-0.08270125836133957,-0.7926164269447327,177,23
0.0023529529571533203,negative,10.0,-10.0,0.1254500448703766,0.9426451325416565,-0.17298468947410583,-1.5149368047714233,177,27
0.00021505355834960938,positive,10.0,10.0,-0.04882333055138588,0.03827481344342232,-0.0031337644904851913,-0.01595998741686344,178,0
0.00030922889709472656,positive,10.0,10.0,-0.048057831823825836,-0.15680205821990967,-0.0034529641270637512,0.27573254704475403,178,1
0.00038123130798339844,positive,10.0,10.0,-0.05119387432932854,-0.35187456011772156,0.00206168694421649,0.5673243999481201,178,2
0.00045299530029296875,positive,10.0,10.0,-0.05823136493563652,-0.15678159892559052,0.0134081756696105,0.27529171109199524,178,3
0.0005192756652832031,positive,10.0,10.0,-0.06136699765920639,-0.35209226608276367,0.018914010375738144,0.5721732378005981,178,4
0.0006906986236572266,positive,10.0,10.0,-0.07155365496873856,-0.3527820110321045,0.03606764227151871,0.5876091718673706,178,6
0.0007636547088623047,positive,10.0,10.0,-0.07860929518938065,-0.1581832468509674,0.0478198267519474,0.30650243163108826,178,7
0.0009126663208007812,positive,10.0,10.0,-0.08104844391345978,-0.15962663292884827,0.0545353889465332,0.338480681180954,178,9
0.0013818740844726562,positive,10.0,10.0,-0.0887594223022461,0.22477389872074127,0.08340009301900864,-0.11887301504611969,178,15
0.0014460086822509766,positive,10.0,10.0,-0.08426394313573837,0.41860803961753845,0.08102263510227203,-0.38412243127822876,178,16
0.0015091896057128906,positive,10.0,10.0,-0.07589178532361984,0.2224348485469818,0.07334018498659134,-0.06703338027000427,178,17
0.001573324203491211,positive,10.0,10.0,-0.0714430883526802,0.41643285751342773,0.07199951261281967,-0.3357054591178894,178,18
0.001804351806640625,positive,10.0,10.0,-0.05821976065635681,0.21850958466529846,0.07068773359060287,0.01978917047381401,178,21
0.0018696784973144531,positive,10.0,10.0,-0.05384956672787666,0.02244883030653,0.07108351588249207,0.33391073346138,178,22
0.0023336410522460938,positive,10.0,10.0,-0.016366785392165184,0.01627178303897381,0.06569688022136688,0.4702757000923157,178,28
0.0024805068969726562,positive,10.0,10.0,-0.011833205819129944,0.40437909960746765,0.0790824294090271,-0.06907658278942108,178,30
0.0026273727416992188,positive,10.0,10.0,0.008220045827329159,0.4021466374397278,0.07098493725061417,-0.01965942233800888,178,32
0.002691984176635742,positive,10.0,10.0,0.016262978315353394,0.2060822695493698,0.0705917477607727,0.29454854130744934,178,33
0.002755403518676758,positive,10.0,10.0,0.02038462460041046,0.4001305401325226,0.07648272067308426,0.02493782714009285,178,34
0.0030617713928222656,positive,10.0,10.0,0.06786836683750153,0.39600926637649536,0.05801398307085037,0.1159597635269165,178,38
0.0032892227172851562,positive,10.0,10.0,0.08767715841531754,0.19828703999519348,0.07192645221948624,0.46688467264175415,178,41
0.0033524036407470703,positive,10.0,10.0,0.09164290130138397,0.39232298731803894,0.08126414567232132,0.19771145284175873,178,42
0.003759145736694336,positive,10.0,10.0,0.14623895287513733,0.9712882041931152,0.08298353105783463,-0.5419359803199768,178,47
0.0038242340087890625,positive,10.0,10.0,0.16566471755504608,0.7751039862632751,0.07214481383562088,-0.22430309653282166,178,48
0.003974199295043945,positive,10.0,10.0,0.20054928958415985,0.773116946220398,0.057791054248809814,-0.1801694631576538,178,50
0.0042040348052978516,positive,10.0,10.0,0.2351832389831543,0.57563716173172,0.06557995080947876,0.16519030928611755,178,53
0.004429817199707031,positive,10.0,10.0,0.2657633125782013,0.7676437497138977,0.08259250968694687,-0.059326447546482086,178,56
0.005066871643066406,positive,10.0,10.0,0.40358415246009827,0.3696214556694031,0.06314481794834137,0.6989468336105347,178,64
0.005214691162109375,positive,10.0,10.0,0.4222528636455536,0.7577634453773499,0.08565957844257355,0.15938334167003632,178,66
0.0052793025970458984,positive,10.0,10.0,0.4374081492424011,0.9515612125396729,0.08884724229574203,-0.10509437322616577,178,67
0.0054247379302978516,positive,10.0,10.0,0.4793454706668854,0.9490644931793213,0.07937581092119217,-0.049751900136470795,178,69
0.00557255744934082,positive,10.0,10.0,0.5211860537528992,0.9468180537223816,0.07205331325531006,-3.7401616282295436e-05,178,71
0.005719661712646484,positive,10.0,10.0,0.5629391074180603,1.3348603248596191,0.06666966527700424,-0.5382601022720337,178,73
0.005785226821899414,positive,10.0,10.0,0.5896363258361816,1.528984785079956,0.05590446665883064,-0.8092134594917297,178,74
0.005932807922363281,positive,10.0,10.0,0.6546819806098938,1.9178738594055176,0.018044186756014824,-1.3637596368789673,178,76
0.006081581115722656,positive,10.0,10.0,0.735294759273529,1.9177522659301758,-0.04224589094519615,-1.36095130443573,178,78
0.0061492919921875,positive,10.0,10.0,0.7736498117446899,2.113377571105957,-0.06946491450071335,-1.666543960571289,178,79
0.006380796432495117,negative,10.0,-10.0,0.9122076034545898,2.7013912200927734,-0.18845053017139435,-2.635624408721924,178,82
0.0003952980041503906,positive,10.0,10.0,-0.0008536356617696583,-0.16251550614833832,-0.02997337095439434,0.3293541371822357,179,1
0.0004703998565673828,positive,10.0,10.0,-0.004103945568203926,0.0330200269818306,-0.023386286571621895,0.0273717250674963,179,2
0.0007848739624023438,positive,10.0,10.0,-0.009229091927409172,0.034151557832956314,-0.010327552445232868,0.0024032657966017723,179,6
0.0009310245513916016,positive,10.0,10.0,-0.011762475594878197,0.03444622829556465,-0.0044432892464101315,-0.004097226075828075,179,8
0.0012383460998535156,positive,10.0,10.0,-0.01680559478700161,0.03454160317778587,0.006802669260650873,-0.006201285403221846,179,12
0.0013108253479003906,positive,10.0,10.0,-0.01611476205289364,-0.1606772392988205,0.006678643170744181,0.2886201739311218,179,13
0.0015361309051513672,positive,10.0,10.0,-0.02186032012104988,0.03399336710572243,0.018304795026779175,0.005893677938729525,179,16
0.0015997886657714844,positive,10.0,10.0,-0.021180452778935432,-0.16138625144958496,0.018422668799757957,0.3042953312397003,179,17
0.0016632080078125,positive,10.0,10.0,-0.02440817840397358,0.033468376845121384,0.024508574977517128,0.017478933557868004,179,18
0.0018067359924316406,positive,10.0,10.0,-0.026978736743330956,0.03276291489601135,0.03121400810778141,0.03305167332291603,179,20
0.0018706321716308594,positive,10.0,10.0,-0.026323478668928146,-0.16279242932796478,0.031875040382146835,0.335417240858078,179,21
0.0019385814666748047,positive,10.0,10.0,-0.029579326510429382,0.03186172991991043,0.038583386689424515,0.05295398831367493,179,22
0.002001047134399414,positive,10.0,10.0,-0.028942091390490532,-0.16379161179065704,0.039642468094825745,0.3575562834739685,179,23
0.002063274383544922,positive,10.0,10.0,-0.03221792355179787,0.030744992196559906,0.04679359123110771,0.07763246446847916,179,24
0.002126932144165039,positive,10.0,10.0,-0.031603023409843445,-0.16501545906066895,0.04834624007344246,0.38470399379730225,179,25
0.0022704601287841797,positive,10.0,10.0,-0.034315574914216995,-0.16649039089679718,0.058193277567625046,0.41747137904167175,179,27
0.0023343563079833984,positive,10.0,10.0,-0.037645380944013596,0.027760673314332962,0.06654270738363266,0.1436871737241745,179,28
0.0023970603942871094,positive,10.0,10.0,-0.03709016740322113,-0.1682480275630951,0.06941644847393036,0.4565986692905426,179,29
0.002544403076171875,positive,10.0,10.0,-0.03993858024477959,0.2197427600622177,0.0822799950838089,-0.08032800257205963,179,31
0.002618551254272461,positive,10.0,10.0,-0.03554372489452362,0.41359472274780273,0.08067343384027481,-0.3459591865539551,179,32
0.0029230117797851562,positive,10.0,10.0,0.005218117963522673,0.4097491502761841,0.044170647859573364,-0.26018932461738586,179,36
0.0029859542846679688,positive,10.0,10.0,0.013413100503385067,0.2140253782272339,0.03896686062216759,0.04609190300107002,179,37
0.003134489059448242,positive,10.0,10.0,0.018060946837067604,-0.1772988885641098,0.046904899179935455,0.6557995676994324,179,39
0.003439188003540039,positive,10.0,10.0,0.019391730427742004,0.20940689742565155,0.07805325090885162,0.1483687162399292,179,43
0.0035834312438964844,positive,10.0,10.0,0.03164645656943321,0.5972026586532593,0.07864652574062347,-0.38476696610450745,179,45
0.003647327423095703,positive,10.0,10.0,0.04359050840139389,0.4010573923587799,0.0709511861205101,-0.06836024671792984,179,46
0.004029989242553711,positive,10.0,10.0,0.0678846687078476,0.5904526710510254,0.09205668419599533,-0.2356162965297699,179,51
0.0040929317474365234,positive,10.0,10.0,0.07969371974468231,0.7841470241546631,0.08734435588121414,-0.49790120124816895,179,52
0.004236698150634766,positive,10.0,10.0,0.1071348488330841,0.7818433046340942,0.07380593568086624,-0.44632163643836975,179,54
0.004462242126464844,positive,10.0,10.0,0.14228230714797974,0.193815678358078,0.065875343978405,0.4927622675895691,179,57
0.004528522491455078,positive,10.0,10.0,0.1461586207151413,0.3879496455192566,0.0757305845618248,0.22154627740383148,179,58
0.004593849182128906,positive,10.0,10.0,0.1539176106452942,0.5819120407104492,0.08016151189804077,-0.04631989821791649,179,59
0.004899501800537109,positive,10.0,10.0,0.20813758671283722,0.9676531553268433,0.06776212155818939,-0.5336588025093079,179,63
0.004965543746948242,positive,10.0,10.0,0.2274906486272812,0.7716469764709473,0.0570889413356781,-0.22041739523410797,179,64
0.005032777786254883,positive,10.0,10.0,0.2429235875606537,0.9659083485603333,0.052680592983961105,-0.49455976486206055,179,65
0.0050966739654541016,positive,10.0,10.0,0.26224175095558167,0.7700846195220947,0.04278939962387085,-0.18575067818164825,179,66
0.005247354507446289,positive,10.0,10.0,0.2891309857368469,0.3787180185317993,0.04147673770785332,0.4248676598072052,179,68
0.005313873291015625,positive,10.0,10.0,0.29670536518096924,0.573228657245636,0.04997409135103226,0.14554332196712494,179,69
0.005543947219848633,positive,10.0,10.0,0.3271537721157074,0.3758124113082886,0.0655164122581482,0.48957526683807373,179,72
0.0056073665618896484,positive,10.0,10.0,0.3346700072288513,0.5699518918991089,0.0753079205751419,0.21823890507221222,179,73
0.005670785903930664,positive,10.0,10.0,0.3460690677165985,0.7639210224151611,0.07967269420623779,-0.04977058246731758,179,74
0.005896568298339844,positive,10.0,10.0,0.3957371115684509,0.9556799530982971,0.07235407829284668,-0.2688761055469513,179,77
0.005961179733276367,positive,10.0,10.0,0.41485071182250977,1.1496987342834473,0.06697655469179153,-0.5378893613815308,179,78
0.006106853485107422,positive,10.0,10.0,0.45691871643066406,0.7578237652778625,0.05172121897339821,0.08499578386545181,179,80
0.0061724185943603516,positive,10.0,10.0,0.4720751941204071,0.562000036239624,0.05342113599181175,0.39353784918785095,179,81
0.006402492523193359,positive,10.0,10.0,0.5096493363380432,0.36441779136657715,0.07224594056606293,0.7415887117385864,179,84
0.0067958831787109375,positive,10.0,10.0,0.5848585367202759,0.9430364966392517,0.09342031925916672,0.010811862535774708,179,89
0.007021665573120117,positive,10.0,10.0,0.653060793876648,1.1341208219528198,0.07836189866065979,-0.1934966892004013,179,92
0.008296012878417969,positive,10.0,10.0,1.0053116083145142,1.503207802772522,0.09147938340902328,-0.3130044639110565,179,108
0.008441686630249023,positive,10.0,10.0,1.061513900756836,1.5007127523422241,0.08536067605018616,-0.2575565278530121,179,110
0.008509635925292969,positive,10.0,10.0,1.0915281772613525,1.6945189237594604,0.08020953834056854,-0.522141695022583,179,111
0.008735179901123047,positive,10.0,10.0,1.1970354318618774,1.4965771436691284,0.044502101838588715,-0.16551896929740906,179,114
0.008882284164428711,positive,10.0,10.0,1.2529839277267456,1.1051604747772217,0.0440090075135231,0.4462527334690094,179,116
0.00894618034362793,positive,10.0,10.0,1.2750871181488037,0.9094443917274475,0.05293406546115875,0.7524769902229309,179,117
0.009096622467041016,positive,10.0,10.0,1.3075487613677979,0.5176809430122375,0.08921033143997192,1.374558925628662,179,119
0.009335041046142578,negative,10.0,-10.0,1.324333667755127,0.5151617527008057,0.150576651096344,1.4395686388015747,179,121
0.009412050247192383,negative,10.0,-10.0,1.3346368074417114,0.7081422805786133,0.1793680191040039,1.197475790977478,179,122
0.009477376937866211,negative,10.0,-10.0,1.348799705505371,0.5112109780311584,0.2033175379037857,1.5405853986740112,179,123
0.00034928321838378906,positive,10.0,10.0,-0.029149159789085388,-0.21739180386066437,-0.0122270118445158,0.27564048767089844,180,1
0.0004208087921142578,positive,10.0,10.0,-0.03349699452519417,-0.41233718395233154,-0.006714202463626862,0.5644420385360718,180,2
0.0004878044128417969,positive,10.0,10.0,-0.04174374043941498,-0.2171216756105423,0.004574638791382313,0.2696514427661896,180,3
0.000553131103515625,positive,10.0,10.0,-0.04608617350459099,-0.41230860352516174,0.009967667050659657,0.5637736916542053,180,4
0.0007016658782958984,positive,10.0,10.0,-0.05867890268564224,-0.4127464294433594,0.02672809362411499,0.573554277420044,180,6
0.0008478164672851562,positive,10.0,10.0,-0.07129401713609695,-0.023452214896678925,0.04398737847805023,0.009015134535729885,180,8
0.0011522769927978516,positive,10.0,10.0,-0.08105117827653885,-0.02616114541888237,0.058108504861593246,0.06887781620025635,180,12
0.0014562606811523438,positive,10.0,10.0,-0.09104951471090317,-0.029776057228446007,0.07757222652435303,0.14893846213817596,180,16
0.0015208721160888672,positive,10.0,10.0,-0.09164503961801529,0.1641543060541153,0.08055099099874496,-0.11829894036054611,180,17
0.001664876937866211,positive,10.0,10.0,-0.08120124787092209,0.16189542412757874,0.07049459218978882,-0.06824704259634018,180,19
0.0017287731170654297,positive,10.0,10.0,-0.07796333730220795,-0.03416267782449722,0.06912965327501297,0.24581794440746307,180,20
0.0017933845520019531,positive,10.0,10.0,-0.07864659279584885,-0.2302003800868988,0.07404601573944092,0.5594800710678101,180,21
0.0019481182098388672,positive,10.0,10.0,-0.0839744284749031,0.15761813521385193,0.09105589240789413,0.026383697986602783,180,23
0.0024149417877197266,positive,10.0,10.0,-0.05376359447836876,0.5395731925964355,0.08567063510417938,-0.3777958154678345,180,29
0.0027184486389160156,positive,10.0,10.0,-0.01853715255856514,0.1450803428888321,0.07018835842609406,0.30352556705474854,180,33
0.002863645553588867,positive,10.0,10.0,-0.00885283574461937,0.5330857038497925,0.07693443447351456,-0.2339034229516983,180,35
0.0029287338256835938,positive,10.0,10.0,0.0018088783835992217,0.7270289063453674,0.07225636392831802,-0.5013613104820251,180,36
0.002991914749145508,positive,10.0,10.0,0.01634945720434189,0.5309667587280273,0.06222913786768913,-0.18681061267852783,180,37
0.0030548572540283203,positive,10.0,10.0,0.02696879208087921,0.3350122570991516,0.05849292874336243,0.12483581900596619,180,38
0.0032074451446533203,positive,10.0,10.0,0.036451101303100586,0.33331114053726196,0.0696973204612732,0.16253350675106049,180,40
0.0034322738647460938,positive,10.0,10.0,0.0524882972240448,0.5251361131668091,0.08662599325180054,-0.05803314223885536,180,43
0.003581523895263672,positive,10.0,10.0,0.0773693397641182,0.9127236008644104,0.07902178913354874,-0.58673095703125,180,45
0.0036461353302001953,positive,10.0,10.0,0.09562381356954575,0.7165890336036682,0.06728716939687729,-0.2702389061450958,180,46
0.0037119388580322266,positive,10.0,10.0,0.10995559394359589,0.5205746293067932,0.061882395297288895,0.04288484901189804,180,47
0.004103183746337891,positive,10.0,10.0,0.15402624011039734,0.7106879353523254,0.08192764222621918,-0.1398918330669403,180,52
0.004329204559326172,positive,10.0,10.0,0.20049887895584106,0.5123328566551208,0.06923487782478333,0.2251153290271759,180,55
0.004397869110107422,positive,10.0,10.0,0.21074552834033966,0.3162931799888611,0.07373718917369843,0.538809061050415,180,56
0.004624366760253906,positive,10.0,10.0,0.24136002361774445,0.8978509306907654,0.09002548456192017,-0.2576483488082886,180,59
0.004696369171142578,positive,10.0,10.0,0.2593170404434204,1.0915800333023071,0.08487251400947571,-0.5206333994865417,180,60
0.004845619201660156,positive,10.0,10.0,0.2990560829639435,1.0893547534942627,0.07041067630052567,-0.47075510025024414,180,62
0.0049097537994384766,positive,10.0,10.0,0.3208431899547577,0.8933125734329224,0.06099557504057884,-0.1567368060350418,180,63
0.005056619644165039,positive,10.0,10.0,0.35265690088272095,0.5014721155166626,0.06095179542899132,0.4649087190628052,180,65
0.005600690841674805,positive,10.0,10.0,0.4574964940547943,1.0778626203536987,0.08403725177049637,-0.21675704419612885,180,72
0.0057451725006103516,positive,10.0,10.0,0.5044875144958496,1.0755378007888794,0.07006625831127167,-0.16509230434894562,180,74
0.0059702396392822266,positive,10.0,10.0,0.5572575330734253,0.48744040727615356,0.07897776365280151,0.7756465077400208,180,77
0.006523609161376953,positive,10.0,10.0,0.6990306973457336,1.4525922536849976,0.08961759507656097,-0.46120354533195496,180,84
0.0065882205963134766,positive,10.0,10.0,0.728082537651062,1.2563254833221436,0.08039352297782898,-0.14167256653308868,180,85
0.006652355194091797,positive,10.0,10.0,0.7532090544700623,1.4502094984054565,0.07756007462739944,-0.4079490602016449,180,86
0.0067157745361328125,positive,10.0,10.0,0.7822132110595703,1.2540783882141113,0.0694010928273201,-0.09185706079006195,180,87
0.006859779357910156,positive,10.0,10.0,0.8284555077552795,0.8620145320892334,0.07200174033641815,0.5350962281227112,180,89
0.0072634220123291016,positive,10.0,10.0,0.9534366130828857,1.4412400722503662,0.07222934067249298,-0.20931456983089447,180,94
0.007570505142211914,positive,10.0,10.0,1.0920262336730957,1.8279526233673096,0.02304716780781746,-0.7165576219558716,180,98
0.007634639739990234,positive,10.0,10.0,1.1285853385925293,2.0227482318878174,0.008716016076505184,-1.0018980503082275,180,99
0.007780551910400391,positive,10.0,10.0,1.2055904865264893,1.6325474977493286,-0.02545175701379776,-0.4173930585384369,180,101
0.007925987243652344,positive,10.0,10.0,1.2669973373413086,1.2431734800338745,-0.03645644709467888,0.1489895135164261,180,103
0.007990121841430664,positive,10.0,10.0,1.291860818862915,1.438797950744629,-0.033476658165454865,-0.15496811270713806,180,104
0.008052825927734375,positive,10.0,10.0,1.3206367492675781,1.244170904159546,-0.03657601773738861,0.12696856260299683,180,105
0.00811624526977539,positive,10.0,10.0,1.345520257949829,1.439797282218933,-0.03403664752840996,-0.17702560126781464,180,106
0.008343935012817383,positive,10.0,10.0,1.428036093711853,1.2462213039398193,-0.039473965764045715,0.08171306550502777,180,109
0.008571147918701172,positive,10.0,10.0,1.4911366701126099,0.6624402403831482,-0.017761994153261185,0.9250903129577637,180,112
0.008635520935058594,positive,10.0,10.0,1.5043854713439941,0.46756264567375183,0.0007398118614219129,1.2121388912200928,180,113
0.00878143310546875,positive,10.0,10.0,1.5191854238510132,0.07701519876718521,0.055083658546209335,1.8054300546646118,180,115
0.009007453918457031,negative,10.0,-10.0,1.5198606252670288,0.26884889602661133,0.17051726579666138,1.6031135320663452,180,118
0.0002951622009277344,positive,10.0,10.0,0.043932683765888214,-0.0046921828761696815,-0.022393662482500076,-0.04525145888328552,181,0
0.00041174888610839844,positive,10.0,10.0,0.04383883997797966,-0.19948598742485046,-0.02329869195818901,0.2402827888727188,181,1
0.0004825592041015625,positive,10.0,10.0,0.03984912112355232,-0.3942674994468689,-0.018493035808205605,0.5255265831947327,181,2
0.0005445480346679688,positive,10.0,10.0,0.0319637730717659,-0.19889025390148163,-0.007982504554092884,0.22707417607307434,181,3
0.0006039142608642578,positive,10.0,10.0,0.027985965833067894,-0.39389723539352417,-0.003441021079197526,0.5172284841537476,181,4
0.0010361671447753906,positive,10.0,10.0,-0.003613448701798916,-0.19967077672481537,0.03689786046743393,0.24442504346370697,181,9
0.0011811256408691406,positive,10.0,10.0,-0.015512860380113125,-0.20078898966312408,0.052756648510694504,0.2692844569683075,181,11
0.002218008041381836,positive,10.0,10.0,-0.01495713833719492,-0.022056637331843376,0.08204551041126251,0.3388129472732544,181,24
0.002355813980102539,positive,10.0,10.0,-0.01196211390197277,0.36555156111717224,0.09028354287147522,-0.19030192494392395,181,26
0.0025014877319335938,positive,10.0,10.0,0.0065343910828232765,0.36304211616516113,0.07741361856460571,-0.1345541775226593,181,28
0.0027892589569091797,positive,10.0,10.0,0.03544957935810089,-0.031121619045734406,0.06948188692331314,0.5388274192810059,181,32
0.0029387474060058594,positive,10.0,10.0,0.038086313754320145,0.3568485975265503,0.08563485741615295,0.0024926327168941498,181,34
0.0030040740966796875,positive,10.0,10.0,0.045223284512758255,0.5506446957588196,0.08568470925092697,-0.26199036836624146,181,35
0.0030689239501953125,positive,10.0,10.0,0.05623617768287659,0.7444456815719604,0.08044490218162537,-0.5264648795127869,181,36
0.003451108932495117,positive,10.0,10.0,0.1070697233080864,0.15435560047626495,0.06740046292543411,0.45867836475372314,181,41
0.0035130977630615234,positive,10.0,10.0,0.1101568415760994,0.348463237285614,0.07657403498888016,0.18797871470451355,181,42
0.003652811050415039,positive,10.0,10.0,0.12017278373241425,0.34623733162879944,0.09040962904691696,0.23747697472572327,181,44
0.0038716793060302734,positive,10.0,10.0,0.15256865322589874,0.5372613668441772,0.08892002701759338,0.03438849002122879,181,47
0.003932476043701172,positive,10.0,10.0,0.1633138805627823,0.7310030460357666,0.08960779756307602,-0.22896790504455566,181,48
0.003993034362792969,positive,10.0,10.0,0.177933931350708,0.924737811088562,0.08502843976020813,-0.4920946955680847,181,49
0.004051685333251953,positive,10.0,10.0,0.19642868638038635,0.7285259366035461,0.07518654316663742,-0.17387187480926514,181,50
0.004109621047973633,positive,10.0,10.0,0.21099920570850372,0.9224957823753357,0.07170911133289337,-0.4419206380844116,181,51
0.004168272018432617,positive,10.0,10.0,0.22944912314414978,0.7264362573623657,0.06287069618701935,-0.12752270698547363,181,52
0.0042269229888916016,positive,10.0,10.0,0.2439778596162796,0.5304726362228394,0.06032023951411247,0.1843138039112091,181,53
0.004372596740722656,positive,10.0,10.0,0.2612781524658203,0.5287054777145386,0.07391449809074402,0.2235548496246338,181,55
0.004586696624755859,positive,10.0,10.0,0.30463844537734985,0.7204775214195251,0.0712493285536766,0.004192901309579611,181,58
0.004647254943847656,positive,10.0,10.0,0.3190480172634125,0.5244098901748657,0.07133318483829498,0.31847772002220154,181,59
0.004709959030151367,positive,10.0,10.0,0.32953619956970215,0.3283483386039734,0.07770273834466934,0.6327763199806213,181,60
0.005082607269287109,positive,10.0,10.0,0.4011264741420746,0.9068460464477539,0.08822241425514221,-0.09581586718559265,181,65
0.005144357681274414,positive,10.0,10.0,0.41926339268684387,1.100600004196167,0.08630610257387161,-0.35941281914711,181,66
0.005431413650512695,positive,10.0,10.0,0.4993704855442047,1.0961393117904663,0.07232704013586044,-0.26028162240982056,181,70
0.005496501922607422,positive,10.0,10.0,0.5212932825088501,1.2901581525802612,0.06712140887975693,-0.5293034911155701,181,71
0.0056498050689697266,positive,10.0,10.0,0.5689796209335327,0.898276686668396,0.05221036821603775,0.09371871501207352,181,73
0.005789041519165039,positive,10.0,10.0,0.6009941101074219,0.506601095199585,0.06213286891579628,0.7116382718086243,181,75
0.00670313835144043,positive,10.0,10.0,0.8454979062080383,1.268701434135437,0.08849532157182693,-0.054900918155908585,181,87
0.00676274299621582,positive,10.0,10.0,0.8708719611167908,1.462450385093689,0.08739729970693588,-0.3184033930301666,181,88
0.0068209171295166016,positive,10.0,10.0,0.9001209735870361,1.2661994695663452,0.08102923631668091,0.0005115814856253564,181,89
0.006879091262817383,positive,10.0,10.0,0.9254449605941772,1.4600714445114136,0.08103946596384048,-0.2655457556247711,181,90
0.00707554817199707,positive,10.0,10.0,0.9877253770828247,1.847928524017334,0.06509639322757721,-0.7995005249977112,181,92
0.007136106491088867,positive,10.0,10.0,1.024683952331543,2.042099952697754,0.049106381833553314,-1.0710159540176392,181,93
0.0071985721588134766,positive,10.0,10.0,1.0655258893966675,2.236539602279663,0.027686063200235367,-1.347892165184021,181,94
0.007416486740112305,positive,10.0,10.0,1.1879973411560059,1.6511114835739136,-0.035280659794807434,-0.4675094187259674,181,97
0.0074770450592041016,positive,10.0,10.0,1.2210195064544678,1.456505298614502,-0.04463084787130356,-0.1861521452665329,181,98
0.007775068283081055,positive,10.0,10.0,1.3298152685165405,1.4592149257659912,-0.0495748408138752,-0.24603168666362762,181,102
0.007911920547485352,positive,10.0,10.0,1.3842962980270386,1.4606941938400269,-0.05388324707746506,-0.27875539660453796,181,104
0.008049488067626953,positive,10.0,10.0,1.4388377666473389,1.4623026847839355,-0.059529200196266174,-0.3143763542175293,181,106
0.008109807968139648,positive,10.0,10.0,1.4680838584899902,1.26807701587677,-0.0658167228102684,-0.041045159101486206,181,107
0.008331537246704102,positive,10.0,10.0,1.548126220703125,1.466060757637024,-0.07536851614713669,-0.397796630859375,181,110
0.00839090347290039,positive,10.0,10.0,1.5774474143981934,1.6621665954589844,-0.08332444727420807,-0.7132576107978821,181,111
0.008686065673828125,negative,10.0,-10.0,1.7183737754821777,2.0577762126922607,-0.15557487308979034,-1.4293018579483032,181,115
0.008823633193969727,negative,10.0,-10.0,1.7968268394470215,1.6725589036941528,-0.20794104039669037,-0.9592410326004028,181,117
0.0005006790161132812,positive,10.0,10.0,0.010097403079271317,0.039974767714738846,0.01513893622905016,0.04756461828947067,182,0
0.0006625652313232422,positive,10.0,10.0,0.010896897874772549,-0.15536095201969147,0.016090229153633118,0.34498530626296997,182,1
0.0010097026824951172,positive,10.0,10.0,0.005461938679218292,0.03885515034198761,0.03128364682197571,0.07229136675596237,182,4
0.0015761852264404297,positive,10.0,10.0,-0.0017361799255013466,0.03530755266547203,0.060923852026462555,0.15078166127204895,182,10
0.0016622543334960938,positive,10.0,10.0,-0.0010300287976861,-0.1606314778327942,0.06393948197364807,0.46204546093940735,182,11
0.0017497539520263672,positive,10.0,10.0,-0.004242658149451017,0.03353129327297211,0.07318039238452911,0.19018183648586273,182,12
0.0018589496612548828,positive,10.0,10.0,-0.0035720323212444782,0.22753417491912842,0.07698403298854828,-0.07854776084423065,182,13
0.0019462108612060547,positive,10.0,10.0,0.0009786509908735752,0.03139786049723625,0.07541307806968689,0.23739628493785858,182,14
0.0024476051330566406,positive,10.0,10.0,0.027302511036396027,0.6110764145851135,0.069028839468956,-0.5172914862632751,182,19
0.002841949462890625,positive,10.0,10.0,0.05267367139458656,0.2175574004650116,0.06507430225610733,0.1420554518699646,182,23
0.0029256343841552734,positive,10.0,10.0,0.057024817913770676,0.02156675048172474,0.0679154172539711,0.4545375406742096,182,24
0.003008604049682617,positive,10.0,10.0,0.05745615437626839,0.21566595137119293,0.07700616866350174,0.18401171267032623,182,25
0.003094196319580078,positive,10.0,10.0,0.06176947429776192,0.4096064567565918,0.08068639785051346,-0.08341944962739944,182,26
0.0031778812408447266,positive,10.0,10.0,0.06996160000562668,0.2134261429309845,0.0790180116891861,0.23358969390392303,182,27
0.0032618045806884766,positive,10.0,10.0,0.0742301270365715,0.4073353707790375,0.08368980139493942,-0.03315943479537964,182,28
0.003756999969482422,positive,10.0,10.0,0.1225217804312706,0.5962521433830261,0.07407739013433456,-0.18940678238868713,182,33
0.004256248474121094,positive,10.0,10.0,0.17414778470993042,0.39655229449272156,0.07116427272558212,0.2053065299987793,182,38
0.004444122314453125,positive,10.0,10.0,0.18608860671520233,0.39447471499443054,0.08566164970397949,0.251515656709671,182,40
0.004526615142822266,positive,10.0,10.0,0.19397810101509094,0.5882756114006042,0.09069196879863739,-0.012966050766408443,182,41
0.004609346389770508,positive,10.0,10.0,0.20574361085891724,0.7819877862930298,0.09043264389038086,-0.2757132649421692,182,42
0.0047991275787353516,positive,10.0,10.0,0.24089758098125458,0.7795042991638184,0.07414718717336655,-0.22037410736083984,182,44
0.005126237869262695,positive,10.0,10.0,0.29150670766830444,0.5815327763557434,0.056465040892362595,0.13602471351623535,182,47
0.005296468734741211,positive,10.0,10.0,0.3108503520488739,0.5798863172531128,0.06810500472784042,0.17251859605312347,182,49
0.005384922027587891,positive,10.0,10.0,0.32244807481765747,0.3838590383529663,0.07155537605285645,0.4858852028846741,182,50
0.005577802658081055,positive,10.0,10.0,0.3416832983493805,0.7717738747596741,0.08560477197170258,-0.049395009875297546,182,52
0.0056610107421875,positive,10.0,10.0,0.35711878538131714,0.9655706882476807,0.08461686968803406,-0.31388863921165466,182,53
0.005949497222900391,positive,10.0,10.0,0.41108259558677673,1.157187819480896,0.07316900044679642,-0.529692530632019,182,56
0.006139993667602539,positive,10.0,10.0,0.45344868302345276,0.7651588320732117,0.05827753618359566,0.09686639159917831,182,58
0.006222248077392578,positive,10.0,10.0,0.46875184774398804,0.5692521333694458,0.06021486222743988,0.40735143423080444,182,59
0.006304502487182617,positive,10.0,10.0,0.480136901140213,0.37333035469055176,0.06836189329624176,0.7183939814567566,182,60
0.006491422653198242,positive,10.0,10.0,0.49895235896110535,0.7613033056259155,0.09168952703475952,0.18248678743839264,182,62
0.0066814422607421875,positive,10.0,10.0,0.5332784652709961,1.1486369371414185,0.09374082833528519,-0.3410678803920746,182,64
0.006871461868286133,positive,10.0,10.0,0.575297474861145,1.146089792251587,0.08651230484247208,-0.28440117835998535,182,66
0.007272481918334961,positive,10.0,10.0,0.6668447256088257,0.7516791224479675,0.0668666884303093,0.39481982588768005,182,70
0.007355690002441406,positive,10.0,10.0,0.6818782687187195,0.555675208568573,0.07476308196783066,0.7078127264976501,182,71
0.007437467575073242,positive,10.0,10.0,0.6929917931556702,0.7496862411499023,0.08891934156417847,0.43956902623176575,182,72
0.007837772369384766,positive,10.0,10.0,0.7762067914009094,1.1341915130615234,0.09268665313720703,-0.02090655267238617,182,76
0.007918119430541992,positive,10.0,10.0,0.7988906502723694,1.3278703689575195,0.09226852655410767,-0.28296706080436707,182,77
0.00800013542175293,positive,10.0,10.0,0.8254480361938477,1.5215635299682617,0.08660918474197388,-0.5451823472976685,182,78
0.008189916610717773,positive,10.0,10.0,0.8823860883712769,1.5193010568618774,0.07117521017789841,-0.49439120292663574,182,80
0.008275032043457031,positive,10.0,10.0,0.9127721190452576,1.7133508920669556,0.06128738448023796,-0.7638210654258728,182,81
0.008359432220458984,positive,10.0,10.0,0.9470391273498535,1.907577633857727,0.04601096361875534,-1.036607027053833,182,82
0.008548498153686523,positive,10.0,10.0,1.0272318124771118,2.296851873397827,-0.0010111263254657388,-1.5991625785827637,182,84
0.008632421493530273,positive,10.0,10.0,1.0731688737869263,2.1017417907714844,-0.03299437835812569,-1.3067951202392578,182,85
0.008821964263916016,positive,10.0,10.0,1.153344750404358,1.7127665281295776,-0.07962267100811005,-0.7510730624198914,182,87
0.009226799011230469,negative,10.0,-10.0,1.2983136177062988,2.108224630355835,-0.15478123724460602,-1.4640042781829834,182,91
0.00931406021118164,negative,10.0,-10.0,1.3404781818389893,1.9153003692626953,-0.18406131863594055,-1.2234015464782715,182,92
0.009406566619873047,negative,10.0,-10.0,1.3787841796875,2.112252712249756,-0.20852935314178467,-1.567649006843567,182,93
0.0003540515899658203,positive,10.0,10.0,0.02614591084420681,-0.2352459877729416,0.021874643862247467,0.258767694234848,183,1
0.00042819976806640625,positive,10.0,10.0,0.021440990269184113,-0.4306733012199402,0.027049997821450233,0.5582691431045532,183,2
0.0005180835723876953,positive,10.0,10.0,0.012827524915337563,-0.6261643171310425,0.038215380162000656,0.8593500852584839,183,3
0.0005869865417480469,positive,10.0,10.0,0.0003042393655050546,-0.43158313632011414,0.05540238320827484,0.5789240598678589,183,4
0.0006525516510009766,positive,10.0,10.0,-0.008327423594892025,-0.6274359822273254,0.06698086112737656,0.8885325193405151,183,5
0.0016219615936279297,positive,10.0,10.0,0.0032398172188550234,0.13821740448474884,0.07255146652460098,0.04356030002236366,183,17
0.0016863346099853516,positive,10.0,10.0,0.006004165392369032,0.33222806453704834,0.07342267781496048,-0.22537866234779358,183,18
0.001749277114868164,positive,10.0,10.0,0.012648725882172585,0.5262280702590942,0.06891509890556335,-0.4940277636051178,183,19
0.0018122196197509766,positive,10.0,10.0,0.023173287510871887,0.3302052915096283,0.059034544974565506,-0.1804465651512146,183,20
0.001875162124633789,positive,10.0,10.0,0.029777392745018005,0.1342904269695282,0.05542561411857605,0.13025985658168793,183,21
0.00202178955078125,positive,10.0,10.0,0.031231604516506195,0.13267482817173004,0.06682883203029633,0.16606085002422333,183,23
0.002088308334350586,positive,10.0,10.0,0.03388509899377823,0.32677966356277466,0.07015004754066467,-0.10481342673301697,183,24
0.0024743080139160156,positive,10.0,10.0,0.050755638629198074,0.5163462162017822,0.08751390874385834,-0.2758283317089081,183,29
0.0027799606323242188,positive,10.0,10.0,0.09192142635583878,0.12186881899833679,0.06859610229730606,0.40491604804992676,183,33
0.0028450489044189453,positive,10.0,10.0,0.09435880184173584,0.315954327583313,0.07669442147016525,0.13462388515472412,183,34
0.002912282943725586,positive,10.0,10.0,0.10067789256572723,0.5098987221717834,0.07938689738512039,-0.13291147351264954,183,35
0.0029757022857666016,positive,10.0,10.0,0.11087586730718613,0.7037990689277649,0.07672867178916931,-0.39953070878982544,183,36
0.0030393600463867188,positive,10.0,10.0,0.12495184689760208,0.5076773166656494,0.06873805075883865,-0.08367748558521271,183,37
0.0031855106353759766,positive,10.0,10.0,0.14133821427822113,0.11562776565551758,0.07166202366352081,0.5429366827011108,183,39
0.019829750061035156,positive,10.0,10.0,0.23721277713775635,0.49692991375923157,0.056082554161548615,0.1538180559873581,183,47
0.019893884658813477,positive,10.0,10.0,0.24715137481689453,0.30105167627334595,0.05915891379117966,0.4636531174182892,183,48
0.019957304000854492,positive,10.0,10.0,0.2531723976135254,0.4952898919582367,0.06843198090791702,0.19018805027008057,183,49
0.020020484924316406,positive,10.0,10.0,0.2630782127380371,0.2992590665817261,0.07223574072122574,0.5036493539810181,183,50
0.020169734954833984,positive,10.0,10.0,0.2789292335510254,0.6871479749679565,0.08700026571750641,-0.03105020709335804,183,52
0.020316600799560547,positive,10.0,10.0,0.3102906346321106,0.6846811175346375,0.08047795295715332,0.023561645299196243,183,54
0.020703554153442383,positive,10.0,10.0,0.3941376209259033,0.4843796193599701,0.06444993615150452,0.43121007084846497,183,59
0.020767927169799805,positive,10.0,10.0,0.40382522344589233,0.2884070873260498,0.07307413220405579,0.7434937357902527,183,60
0.02175307273864746,negative,10.0,-10.0,0.5564051866531372,1.4316861629486084,0.17790989577770233,-0.41592130064964294,183,72
0.021984338760375977,negative,10.0,-10.0,0.6382675170898438,1.229815125465393,0.16198253631591797,0.033038411289453506,183,75
0.022049903869628906,negative,10.0,-10.0,0.6628638505935669,1.4222882986068726,0.16264329850673676,-0.20447711646556854,183,76
0.022114276885986328,negative,10.0,-10.0,0.6913096308708191,1.6147559881210327,0.15855374932289124,-0.44176194071769714,183,77
0.02217888832092285,negative,10.0,-10.0,0.7236047387123108,1.4177874326705933,0.1497185230255127,-0.1035953089594841,183,78
0.022243261337280273,negative,10.0,-10.0,0.7519604563713074,1.6104819774627686,0.14764660596847534,-0.3455507159233093,183,79
0.022874116897583008,positive,10.0,10.0,1.0241554975509644,1.5963186025619507,0.09319106489419937,-0.029309580102562904,183,87
0.02301812171936035,positive,10.0,10.0,1.0918816328048706,1.9836770296096802,0.08678095042705536,-0.5532963871955872,183,89
0.023082494735717773,positive,10.0,10.0,1.131555199623108,2.1774799823760986,0.07571502029895782,-0.8174253106117249,183,90
0.023146629333496094,positive,10.0,10.0,1.1751047372817993,1.9814077615737915,0.05936651676893234,-0.5019205808639526,183,91
0.023209571838378906,positive,10.0,10.0,1.2147328853607178,1.785501480102539,0.04932810366153717,-0.19113528728485107,183,92
0.023272275924682617,positive,10.0,10.0,1.2504429817199707,1.589709758758545,0.04550539702177048,0.11669153720140457,183,93
0.02333664894104004,positive,10.0,10.0,1.28223717212677,1.3939663171768188,0.04783922806382179,0.4233767092227936,183,94
0.023485660552978516,positive,10.0,10.0,1.334080457687378,1.002347469329834,0.07092174142599106,1.0406084060668945,183,96
0.023551225662231445,positive,10.0,10.0,1.3541274070739746,0.8063586354255676,0.0917339101433754,1.3546860218048096,183,97
0.023784875869750977,negative,10.0,-10.0,1.3907374143600464,0.6071677207946777,0.1923556625843048,1.7599092721939087,183,100
0.00023221969604492188,positive,10.0,10.0,-0.005053619854152203,0.017907103523612022,0.029774047434329987,-0.04457084462046623,184,0
0.00043964385986328125,positive,10.0,10.0,-0.00824805535376072,-0.3731510043144226,0.03402973711490631,0.5590065717697144,184,2
0.000606536865234375,positive,10.0,10.0,-0.019281532615423203,-0.3742596209049225,0.05075459182262421,0.5838285088539124,184,4
0.0008385181427001953,positive,10.0,10.0,-0.045684464275836945,-0.1819179654121399,0.09266503155231476,0.3532750606536865,184,7
0.00130462646484375,positive,10.0,10.0,-0.025028685107827187,0.19998253881931305,0.08015526831150055,-0.04964892566204071,184,13
0.0013706684112548828,positive,10.0,10.0,-0.02102903462946415,0.3938691020011902,0.07916229218244553,-0.31600457429885864,184,14
0.0017549991607666016,positive,10.0,10.0,0.018146194517612457,0.19384273886680603,0.052265714854002,0.08606139570474625,184,19
0.0019826889038085938,positive,10.0,10.0,0.025829851627349854,-0.0036233996506780386,0.06427386403083801,0.4311268627643585,184,22
0.002048015594482422,positive,10.0,10.0,0.025757383555173874,-0.19959379732608795,0.07289639860391617,0.7433589696884155,184,23
0.0027577877044677734,positive,10.0,10.0,0.09032078832387924,0.7639128565788269,0.07564090192317963,-0.45622241497039795,184,32
0.0028219223022460938,positive,10.0,10.0,0.105599045753479,0.5678075551986694,0.0665164515376091,-0.14068832993507385,184,33
0.003047466278076172,positive,10.0,10.0,0.12790769338607788,0.36993926763534546,0.07683289796113968,0.21350756287574768,184,36
0.0031118392944335938,positive,10.0,10.0,0.1353064775466919,0.5638834834098816,0.08110304921865463,-0.05398380756378174,184,37
0.003421306610107422,positive,10.0,10.0,0.18808268010616302,0.949582040309906,0.06812318414449692,-0.5403898358345032,184,41
0.003485441207885742,positive,10.0,10.0,0.2070743292570114,0.7535719275474548,0.057315386831760406,-0.22704395651817322,184,42
0.003953456878662109,positive,10.0,10.0,0.2699500322341919,0.7483470439910889,0.0763300284743309,-0.11172181367874146,184,48
0.0040171146392822266,positive,10.0,10.0,0.2849169671535492,0.9422969222068787,0.07409559190273285,-0.37938034534454346,184,49
0.004080772399902344,positive,10.0,10.0,0.30376291275024414,0.7462052702903748,0.0665079802274704,-0.06428572535514832,184,50
0.004312276840209961,positive,10.0,10.0,0.3367750644683838,0.5482763648033142,0.08141738176345825,0.2913704216480255,184,53
0.004376649856567383,positive,10.0,10.0,0.3477405905723572,0.7421486973762512,0.08724479377269745,0.025435468181967735,184,54
0.0044403076171875,positive,10.0,10.0,0.36258357763290405,0.9359182119369507,0.08775350451469421,-0.2384958416223526,184,55
0.00475001335144043,positive,10.0,10.0,0.4451155960559845,0.9314737915992737,0.060177285224199295,-0.13975194096565247,184,59
0.004815101623535156,positive,10.0,10.0,0.4637450873851776,0.7355439066886902,0.0573822446167469,0.17129236459732056,184,60
0.0048787593841552734,positive,10.0,10.0,0.47845596075057983,0.5396496057510376,0.06080809235572815,0.48151132464408875,184,61
0.004943370819091797,positive,10.0,10.0,0.48924896121025085,0.34372439980506897,0.07043831795454025,0.7927224636077881,184,62
0.005006313323974609,positive,10.0,10.0,0.49612343311309814,0.5378122925758362,0.08629277348518372,0.5230042934417725,184,63
0.005475282669067383,positive,10.0,10.0,0.6109569668769836,1.309740662574768,0.082313671708107,-0.462460994720459,184,69
0.005781650543212891,positive,10.0,10.0,0.7156065702438354,1.6958327293395996,0.048217881470918655,-0.9561154246330261,184,73
0.005928516387939453,positive,10.0,10.0,0.7873287200927734,2.085010290145874,0.004430209752172232,-1.5166956186294556,184,75
0.005993366241455078,positive,10.0,10.0,0.8290289640426636,1.889835000038147,-0.025903701782226562,-1.2226331233978271,184,76
0.0060577392578125,positive,10.0,10.0,0.8668256402015686,2.0852808952331543,-0.050356362015008926,-1.5233184099197388,184,77
0.0062847137451171875,negative,10.0,-10.0,0.9880845546722412,2.2830777168273926,-0.13703079521656036,-1.8873484134674072,184,80
0.006350517272949219,negative,10.0,-10.0,1.0337461233139038,2.0896856784820557,-0.17477776110172272,-1.6401410102844238,184,81
0.006414651870727539,negative,10.0,-10.0,1.0755398273468018,2.286371946334839,-0.2075805813074112,-1.9817991256713867,184,82
0.00026035308837890625,positive,10.0,10.0,-0.0430791899561882,0.021030472591519356,-0.009483180940151215,0.02201792038977146,185,0
0.0005078315734863281,positive,10.0,10.0,-0.04613766446709633,0.021295400336384773,-0.0028089466504752636,0.016172785311937332,185,2
0.0014119148254394531,positive,10.0,10.0,-0.048760056495666504,-0.17380332946777344,0.00396391935646534,0.30834218859672546,185,5
0.0015523433685302734,positive,10.0,10.0,-0.05223612114787102,0.021261924877762794,0.010130763053894043,0.016912013292312622,185,6
0.0018837451934814453,positive,10.0,10.0,-0.054871611297130585,-0.17439033091068268,0.01719270460307598,0.321323424577713,185,9
0.001964092254638672,positive,10.0,10.0,-0.05835941806435585,0.020482614636421204,0.023619171231985092,0.034111592918634415,185,10
0.002044200897216797,positive,10.0,10.0,-0.057949766516685486,-0.17496994137763977,0.024301404133439064,0.3341520428657532,185,11
0.002833843231201172,positive,10.0,10.0,-0.0641903206706047,-0.17676003277301788,0.040381431579589844,0.37382081151008606,185,15
0.0029146671295166016,positive,10.0,10.0,-0.0677255243062973,0.017765730619430542,0.047857850790023804,0.0941389724612236,185,16
0.003232717514038086,positive,10.0,10.0,-0.0706028938293457,-0.17952586710453033,0.06026986986398697,0.435268372297287,185,19
0.0033218860626220703,positive,10.0,10.0,-0.07419341057538986,0.014693398959934711,0.06897523999214172,0.16217704117298126,185,20
0.0034084320068359375,positive,10.0,10.0,-0.07389954477548599,-0.18134471774101257,0.07221877574920654,0.4757976531982422,185,21
0.0035037994384765625,positive,10.0,10.0,-0.07752643525600433,0.01268712431192398,0.08173473179340363,0.2067224085330963,185,22
0.00416254997253418,positive,10.0,10.0,-0.056888364255428314,0.39466726779937744,0.08592841029167175,-0.19781716167926788,185,28
0.004252433776855469,positive,10.0,10.0,-0.048995018005371094,0.5884617567062378,0.08197207003831863,-0.4622045159339905,185,29
0.004338979721069336,positive,10.0,10.0,-0.03722578287124634,0.39228278398513794,0.0727279782295227,-0.14485131204128265,185,30
0.0044193267822265625,positive,10.0,10.0,-0.029380127787590027,0.5862919092178345,0.06983095407485962,-0.41373252868652344,185,31
0.004606723785400391,positive,10.0,10.0,-0.009849225170910358,0.19430555403232574,0.05955875292420387,0.21157339215278625,185,33
0.004959583282470703,positive,10.0,10.0,0.005586482118815184,0.5804425477981567,0.07889197021722794,-0.2845238745212555,185,37
0.0050258636474609375,positive,10.0,10.0,0.017195332795381546,0.7743558883666992,0.0732014924287796,-0.5513189435005188,185,38
0.005091428756713867,positive,10.0,10.0,0.032682452350854874,0.5782862901687622,0.062175117433071136,-0.23650014400482178,185,39
0.005343198776245117,positive,10.0,10.0,0.05189485102891922,0.18643726408481598,0.05894768238067627,0.3853680193424225,185,41
0.005499124526977539,positive,10.0,10.0,0.06323709338903427,0.18466436862945557,0.06889180839061737,0.4247831702232361,185,43
0.005563974380493164,positive,10.0,10.0,0.0669303834438324,0.37874624133110046,0.07738746702671051,0.15458908677101135,185,44
0.006632566452026367,positive,10.0,10.0,0.11269856244325638,0.37436115741729736,0.06939243525266647,0.25143730640411377,185,48
0.006703615188598633,positive,10.0,10.0,0.12018578499555588,0.17832045257091522,0.07442118227481842,0.5651756525039673,185,49
0.006771564483642578,positive,10.0,10.0,0.12375219166278839,0.3723237216472626,0.08572469651699066,0.29683586955070496,185,50
0.006836652755737305,positive,10.0,10.0,0.1311986744403839,0.5661256909370422,0.09166140854358673,0.03237264230847359,185,51
0.00690007209777832,positive,10.0,10.0,0.1425211876630783,0.7598217725753784,0.09230886399745941,-0.23004107177257538,185,52
0.006964683532714844,positive,10.0,10.0,0.15771761536598206,0.9535117149353027,0.08770804107189178,-0.4922387897968292,185,53
0.007936477661132812,positive,10.0,10.0,0.3307187557220459,0.5526315569877625,0.07858850061893463,0.3308241367340088,185,65
0.008167028427124023,positive,10.0,10.0,0.3755095303058624,1.134140968322754,0.08246926963329315,-0.4649055302143097,185,68
0.00823211669921875,positive,10.0,10.0,0.3981923460960388,0.9379564523696899,0.07317116111516953,-0.14741036295890808,185,69
0.008379459381103516,positive,10.0,10.0,0.4395906627178192,0.9359151721000671,0.061900123953819275,-0.10217282921075821,185,71
0.008526325225830078,positive,10.0,10.0,0.4731082320213318,0.5440387725830078,0.06404425203800201,0.5203269124031067,185,73
0.008591413497924805,positive,10.0,10.0,0.48398900032043457,0.3480764627456665,0.0744507908821106,0.8324838280677795,185,74
0.008655548095703125,positive,10.0,10.0,0.4909505248069763,0.1520203799009323,0.09110046178102493,1.1476216316223145,185,75
0.008884906768798828,negative,10.0,-10.0,0.5116927027702332,0.7323079705238342,0.1443512737751007,0.38161829113960266,185,78
0.008950233459472656,negative,10.0,-10.0,0.5263388752937317,0.9251168370246887,0.15198363363742828,0.1377049684524536,185,79
0.009014368057250977,negative,10.0,-10.0,0.5448412299156189,1.1177722215652466,0.15473774075508118,-0.10343553125858307,185,80
0.009321928024291992,negative,10.0,-10.0,0.6417974829673767,1.4989871978759766,0.1406535804271698,-0.49370476603507996,185,84
0.010045289993286133,positive,10.0,10.0,0.9025546908378601,1.6791187524795532,0.09175824373960495,-0.4525761306285858,185,93
0.010191679000854492,positive,10.0,10.0,0.9657936096191406,1.6766729354858398,0.08005795627832413,-0.3979250192642212,185,95
0.010337352752685547,positive,10.0,10.0,1.0289373397827148,1.6745301485061646,0.07047718018293381,-0.3502064645290375,185,97
0.011439085006713867,positive,10.0,10.0,1.091997504234314,1.282508373260498,0.06274987757205963,0.2758559584617615,185,99
0.011509418487548828,positive,10.0,10.0,1.117647647857666,1.4766815900802612,0.06826699525117874,0.003605810459703207,185,100
0.011662960052490234,positive,10.0,10.0,1.1727943420410156,1.0846248865127563,0.07467956095933914,0.630450427532196,185,102
0.012073516845703125,positive,10.0,10.0,1.3200223445892334,2.0533621311187744,0.0847557857632637,-0.6858136057853699,185,107
0.012301206588745117,positive,10.0,10.0,1.4470579624176025,1.855401635169983,0.03929589316248894,-0.3279227614402771,185,110
0.012446880340576172,positive,10.0,10.0,1.517360806465149,1.4641672372817993,0.03227521479129791,0.2797183096408844,185,112
0.012510538101196289,positive,10.0,10.0,1.5466442108154297,1.2686001062393188,0.03786958009004593,0.5824034810066223,185,113
0.012573957443237305,positive,10.0,10.0,1.5720162391662598,1.072968602180481,0.04951765015721321,0.8867713212966919,185,114
0.012639284133911133,positive,10.0,10.0,1.593475580215454,0.8772106766700745,0.06725307554006577,1.1946004629135132,185,115
0.012702465057373047,positive,10.0,10.0,1.6110197305679321,0.6812854409217834,0.09114508330821991,1.5075814723968506,185,116
0.01301121711730957,negative,10.0,-10.0,1.6731610298156738,0.6749853491783142,0.20422659814357758,1.6716305017471313,185,120
0.0003705024719238281,positive,10.0,10.0,-0.014567481353878975,-0.24329780042171478,0.025913655757904053,0.28705671429634094,186,1
0.0005295276641845703,positive,10.0,10.0,-0.020404532551765442,-0.24411609768867493,0.03170794993638992,0.30515798926353455,186,3
0.0007610321044921875,positive,10.0,10.0,-0.031178120523691177,-0.050546351820230484,0.04480413720011711,0.046635258942842484,186,6
0.0008263587951660156,positive,10.0,10.0,-0.03218904510140419,-0.24628117680549622,0.04573684185743332,0.3531108498573303,186,7
0.0009889602661132812,positive,10.0,10.0,-0.038151439279317856,-0.24767598509788513,0.05430293455719948,0.38405635952949524,186,9
0.0010561943054199219,positive,10.0,10.0,-0.04310495778918266,-0.05336535722017288,0.06198406219482422,0.1089772880077362,186,10
0.0011212825775146484,positive,10.0,10.0,-0.0441722646355629,-0.24931824207305908,0.06416360288858414,0.4205538034439087,186,11
0.001435995101928711,positive,10.0,10.0,-0.040828585624694824,0.1367332935333252,0.06538501381874084,-0.07326872646808624,186,15
0.0014998912811279297,positive,10.0,10.0,-0.038093920797109604,-0.05926213786005974,0.06391963362693787,0.23930570483207703,186,16
0.0015630722045898438,positive,10.0,10.0,-0.039279162883758545,-0.2552362084388733,0.06870575249195099,0.5514460802078247,186,17
0.0019459724426269531,positive,10.0,10.0,-0.026013320311903954,0.3241983652114868,0.0703655332326889,-0.19742445647716522,186,22
0.0020101070404052734,positive,10.0,10.0,-0.019529353827238083,0.12814417481422424,0.06641704589128494,0.11659947782754898,186,23
0.002154827117919922,positive,10.0,10.0,-0.018323738127946854,0.12622100114822388,0.07733853161334991,0.15923228859901428,186,25
0.0023844242095947266,positive,10.0,10.0,-0.0069166612811386585,0.3178965449333191,0.08253901451826096,-0.05809453874826431,186,28
0.002528667449951172,positive,10.0,10.0,0.009676149114966393,0.31556326150894165,0.07490438967943192,-0.006441157776862383,186,30
0.0025925636291503906,positive,10.0,10.0,0.015987414866685867,0.5095354914665222,0.0747755691409111,-0.2745823562145233,186,31
0.002657175064086914,positive,10.0,10.0,0.02617812529206276,0.703515350818634,0.06928391754627228,-0.5427755117416382,186,32
0.002721548080444336,positive,10.0,10.0,0.040248431265354156,0.5074915885925293,0.058428410440683365,-0.22909210622310638,186,33
0.003025531768798828,positive,10.0,10.0,0.06514520943164825,0.11405817419290543,0.0656057596206665,0.4278774559497833,186,37
0.0037229061126708984,positive,10.0,10.0,0.13175451755523682,0.6896491646766663,0.08883203566074371,-0.23637840151786804,186,46
0.003786325454711914,positive,10.0,10.0,0.14554749429225922,0.883397102355957,0.08410447090864182,-0.4997720718383789,186,47
0.0038492679595947266,positive,10.0,10.0,0.16321544349193573,0.6871964335441589,0.0741090252995491,-0.1818137764930725,186,48
0.003917217254638672,positive,10.0,10.0,0.17695936560630798,0.8811840415000916,0.07047274708747864,-0.45022833347320557,186,49
0.003979206085205078,positive,10.0,10.0,0.19458304345607758,0.6851397752761841,0.06146818399429321,-0.13619005680084229,186,50
0.0040433406829833984,positive,10.0,10.0,0.2082858383655548,0.48919370770454407,0.05874438211321831,0.17523421347141266,186,51
0.004106044769287109,positive,10.0,10.0,0.21806971728801727,0.2932823896408081,0.062249068170785904,0.48585522174835205,186,52
0.00416874885559082,positive,10.0,10.0,0.22393536567687988,0.4874732494354248,0.07196617126464844,0.2134225219488144,186,53
0.004231691360473633,positive,10.0,10.0,0.23368483781814575,0.6814964413642883,0.07623462378978729,-0.05571916326880455,186,54
0.004294157028198242,positive,10.0,10.0,0.24731476604938507,0.8754472136497498,0.0751202404499054,-0.3234090805053711,186,55
0.004355907440185547,positive,10.0,10.0,0.26482370495796204,0.6793404817581177,0.06865205615758896,-0.008013945072889328,186,56
0.0045032501220703125,positive,10.0,10.0,0.28807660937309265,0.2872768044471741,0.07460208237171173,0.6189881563186646,186,58
0.004651069641113281,positive,10.0,10.0,0.30344778299331665,0.6750660538673401,0.09399589896202087,0.08666575700044632,186,60
0.004800081253051758,positive,10.0,10.0,0.33432358503341675,1.062354564666748,0.09223032742738724,-0.4359593689441681,186,62
0.004864931106567383,positive,10.0,10.0,0.3555706739425659,0.8660563230514526,0.08351113647222519,-0.11568614095449448,186,63
0.005011320114135742,positive,10.0,10.0,0.39408954977989197,0.8637131452560425,0.07357946783304214,-0.06375806778669357,186,65
0.005077362060546875,positive,10.0,10.0,0.411363810300827,1.0577071905136108,0.07230430096387863,-0.3323490023612976,186,66
0.005223512649536133,positive,10.0,10.0,0.45755255222320557,1.0557535886764526,0.053629662841558456,-0.2887631356716156,186,68
0.0052869319915771484,positive,10.0,10.0,0.47866761684417725,0.8599094748497009,0.04785439744591713,0.02034018002450466,186,69
0.005432605743408203,positive,10.0,10.0,0.5091485381126404,0.46836045384407043,0.05481579154729843,0.6352327466011047,186,71
0.006667613983154297,positive,10.0,10.0,0.7005350589752197,1.4287651777267456,0.09086538106203079,-0.4959039092063904,186,82
0.0068206787109375,positive,10.0,10.0,0.7615602612495422,1.8164149522781372,0.0657748281955719,-1.0247770547866821,186,84
0.006886720657348633,positive,10.0,10.0,0.7978885769844055,2.0106022357940674,0.04527928680181503,-1.2961043119430542,186,85
0.006952524185180664,positive,10.0,10.0,0.8381006121635437,2.205120801925659,0.01935719884932041,-1.5742753744125366,186,86
0.007420063018798828,negative,10.0,-10.0,1.0910826921463013,2.208914279937744,-0.1538705676794052,-1.672773838043213,186,92
0.00034165382385253906,positive,10.0,10.0,0.022752536460757256,-0.23212438821792603,0.034896522760391235,0.2642250657081604,187,1
0.0004143714904785156,positive,10.0,10.0,0.01811004988849163,-0.4277265965938568,0.04018102586269379,0.5677072405815125,187,2
0.0006506443023681641,positive,10.0,10.0,0.004114904906600714,-0.23473484814167023,0.05753324180841446,0.32214999198913574,187,5
0.0009620189666748047,positive,10.0,10.0,-0.006964729167521,0.15170373022556305,0.07392140477895737,-0.18028350174427032,187,9
0.0010263919830322266,positive,10.0,10.0,-0.003930654376745224,0.34569433331489563,0.07031573355197906,-0.44876161217689514,187,10
0.0013484954833984375,positive,10.0,10.0,0.02361682802438736,-0.04757155850529671,0.036827825009822845,0.20465438067913055,187,14
0.0014977455139160156,positive,10.0,10.0,0.01780139096081257,-0.04867803677916527,0.0510953813791275,0.2292117178440094,187,16
0.0015635490417480469,positive,10.0,10.0,0.01682782918214798,-0.24449150264263153,0.05567961558699608,0.5375640988349915,187,17
0.0016286373138427734,positive,10.0,10.0,0.011937999166548252,-0.050194770097732544,0.06643089652061462,0.2629320025444031,187,18
0.001692056655883789,positive,10.0,10.0,0.010934104211628437,-0.24619896709918976,0.07168953865766525,0.5758061408996582,187,19
0.001837015151977539,positive,10.0,10.0,0.00496709905564785,0.14169250428676605,0.08933647722005844,0.041215408593416214,187,21
0.0019011497497558594,positive,10.0,10.0,0.007800948806107044,0.3354273736476898,0.0901607871055603,-0.22199799120426178,187,22
0.002045869827270508,positive,10.0,10.0,0.02509254962205887,0.3329322636127472,0.07602214068174362,-0.1665133386850357,187,24
0.002109050750732422,positive,10.0,10.0,0.03175119683146477,0.5268883109092712,0.07269187271595001,-0.4342781603336334,187,25
0.0022606849670410156,positive,10.0,10.0,0.04890529438853264,0.1348387598991394,0.06161441653966904,0.19257515668869019,187,27
0.0026504993438720703,positive,10.0,10.0,0.06999824196100235,0.3247249722480774,0.07346393167972565,0.015074165537953377,187,32
0.002880096435546875,positive,10.0,10.0,0.10112147778272629,0.516697883605957,0.05825250595808029,-0.20857585966587067,187,35
0.0029451847076416016,positive,10.0,10.0,0.11145543307065964,0.3207934498786926,0.054080989211797714,0.1018989086151123,187,36
0.0031735897064208984,positive,10.0,10.0,0.12675456702709198,0.5133673548698425,0.06707512587308884,-0.13504427671432495,187,39
0.003236532211303711,positive,10.0,10.0,0.13702191412448883,0.31735193729400635,0.06437423825263977,0.17802296578884125,187,40
0.003300189971923828,positive,10.0,10.0,0.1433689445257187,0.12137065827846527,0.06793469935655594,0.49029895663261414,187,41
0.003445148468017578,positive,10.0,10.0,0.15210579335689545,0.5094013810157776,0.08213619887828827,-0.04740678891539574,187,43
0.003509521484375,positive,10.0,10.0,0.16229382157325745,0.7032553553581238,0.08118806779384613,-0.3130865693092346,187,44
0.003573179244995117,positive,10.0,10.0,0.17635893821716309,0.5070763230323792,0.07492633163928986,0.004055751487612724,187,45
0.0036368370056152344,positive,10.0,10.0,0.1865004599094391,0.7010482549667358,0.07500744611024857,-0.2640780210494995,187,46
0.003701925277709961,positive,10.0,10.0,0.20052142441272736,0.8950238823890686,0.0697258859872818,-0.5321918725967407,187,47
0.003930091857910156,positive,10.0,10.0,0.2424633800983429,0.3072177469730377,0.05656128004193306,0.40177130699157715,187,50
0.003995180130004883,positive,10.0,10.0,0.24860772490501404,0.11134106665849686,0.06459670513868332,0.7117366194725037,187,51
0.004141807556152344,positive,10.0,10.0,0.25694477558135986,0.49943482875823975,0.08763276040554047,0.17323747277259827,187,53
0.004294872283935547,positive,10.0,10.0,0.28079748153686523,0.8869065046310425,0.08928622305393219,-0.35317322611808777,187,55
0.004359722137451172,positive,10.0,10.0,0.29853561520576477,0.6906359195709229,0.08222275972366333,-0.033724743872880936,187,56
0.0046825408935546875,positive,10.0,10.0,0.3536478877067566,0.6861487030982971,0.08258631080389023,0.06559624522924423,187,60
0.004751443862915039,positive,10.0,10.0,0.3673708736896515,0.8799954652786255,0.08389823883771896,-0.19993005692958832,187,61
0.00490260124206543,positive,10.0,10.0,0.39864638447761536,0.8776716589927673,0.08225953578948975,-0.1484490931034088,187,63
0.004967451095581055,positive,10.0,10.0,0.41619980335235596,1.0715252161026,0.07929055392742157,-0.4140891432762146,187,64
0.005031108856201172,positive,10.0,10.0,0.4376303255558014,0.8753741383552551,0.07100877165794373,-0.09749998152256012,187,65
0.005259275436401367,positive,10.0,10.0,0.4783894419670105,0.6772893667221069,0.08400018513202667,0.2616730332374573,187,68
0.0053234100341796875,positive,10.0,10.0,0.49193522334098816,0.8711180090904236,0.0892336443066597,-0.003377847373485565,187,69
0.005629777908325195,positive,10.0,10.0,0.5770747065544128,1.2564057111740112,0.06899481266736984,-0.4807420074939728,187,73
0.005694389343261719,positive,10.0,10.0,0.602202832698822,1.0603811740875244,0.059379976242780685,-0.1671363115310669,187,74
0.005757570266723633,positive,10.0,10.0,0.6234104633331299,0.8644617199897766,0.05603725090622902,0.14367236196994781,187,75
0.005820274353027344,positive,10.0,10.0,0.6406996846199036,0.668583869934082,0.05891069769859314,0.45349425077438354,187,76
0.006294965744018555,negative,10.0,-10.0,0.7089024186134338,1.0504112243652344,0.13816845417022705,0.053536683320999146,187,82
0.006360292434692383,negative,10.0,-10.0,0.7299106121063232,1.2433093786239624,0.13923919200897217,-0.19256067276000977,187,83
0.007149696350097656,positive,10.0,10.0,1.0120609998703003,1.6169188022613525,0.08405736088752747,-0.4107082486152649,187,93
0.0072138309478759766,positive,10.0,10.0,1.044399380683899,1.4207119941711426,0.0758431926369667,-0.09275346249341965,187,94
0.0072782039642333984,positive,10.0,10.0,1.072813630104065,1.6146695613861084,0.07398812472820282,-0.36057692766189575,187,95
0.0073413848876953125,positive,10.0,10.0,1.1051069498062134,1.8086661100387573,0.0667765885591507,-0.62904292345047,187,96
0.007484912872314453,positive,10.0,10.0,1.1735339164733887,1.4168286323547363,0.047873735427856445,-0.006829725578427315,187,98
0.0076291561126708984,positive,10.0,10.0,1.226291537284851,1.025285243988037,0.05374844744801521,0.6079132556915283,187,100
0.00777435302734375,positive,10.0,10.0,1.2633863687515259,0.6335064768791199,0.08424729853868484,1.2296760082244873,187,102
0.007996797561645508,negative,10.0,-10.0,1.2896277904510498,0.43450528383255005,0.17723293602466583,1.6258621215820312,187,105
0.00026798248291015625,positive,10.0,10.0,0.027585435658693314,0.047970689833164215,0.0026310605462640524,0.01839958317577839,188,0
0.0005645751953125,positive,10.0,10.0,0.026558876037597656,-0.14736299216747284,0.009640798904001713,0.3157588839530945,188,3
0.000713348388671875,positive,10.0,10.0,0.024564022198319435,-0.14772678911685944,0.016478614881634712,0.3238060772418976,188,5
0.0010366439819335938,positive,10.0,10.0,0.028321262449026108,-0.14889498054981232,0.019723670557141304,0.3495941758155823,188,9
0.0012629032135009766,positive,10.0,10.0,0.015466486103832722,0.0449841171503067,0.04696974903345108,0.08436840772628784,188,12
0.0014884471893310547,positive,10.0,10.0,0.014223003759980202,-0.15226362645626068,0.05877774581313133,0.42449456453323364,188,15
0.0016324520111083984,positive,10.0,10.0,0.01201730314642191,-0.15403887629508972,0.07028573751449585,0.46402809023857117,188,17
0.0017762184143066406,positive,10.0,10.0,0.009736987762153149,0.233922079205513,0.08345232158899307,-0.07225962728261948,188,19
0.001842498779296875,positive,10.0,10.0,0.014415428973734379,0.42775464057922363,0.08200712502002716,-0.33749011158943176,188,20
0.0019068717956542969,positive,10.0,10.0,0.022970521822571754,0.6216196417808533,0.0752573236823082,-0.6032273173332214,188,21
0.0020515918731689453,positive,10.0,10.0,0.043913520872592926,0.6196967959403992,0.05743635818362236,-0.5599231123924255,188,23
0.0025229454040527344,positive,10.0,10.0,0.0751517191529274,0.22543394565582275,0.05914066731929779,0.1154203787446022,188,29
0.00258636474609375,positive,10.0,10.0,0.07966040074825287,0.029516655951738358,0.0614490732550621,0.42615973949432373,188,30
0.0028138160705566406,positive,10.0,10.0,0.08527839928865433,-0.1684074103832245,0.08238904923200607,0.7821566462516785,188,33
0.003607034683227539,positive,10.0,10.0,0.17900972068309784,0.5975898504257202,0.07528447359800339,-0.07140516489744186,188,43
0.003671407699584961,positive,10.0,10.0,0.19096150994300842,0.40147385001182556,0.07385636866092682,0.2440483272075653,188,44
0.003977775573730469,positive,10.0,10.0,0.2385525107383728,0.7872443199157715,0.07292249798774719,-0.2439763993024826,188,48
0.0041234493255615234,positive,10.0,10.0,0.27392247319221497,0.7852420210838318,0.057787053287029266,-0.19947046041488647,188,50
0.004187822341918945,positive,10.0,10.0,0.2896273136138916,0.589343249797821,0.0537976436316967,0.11086719483137131,188,51
0.0042514801025390625,positive,10.0,10.0,0.3014141619205475,0.39349329471588135,0.05601498857140541,0.42002594470977783,188,52
0.00431513786315918,positive,10.0,10.0,0.3092840313911438,0.5877786874771118,0.06441550701856613,0.14551475644111633,188,53
0.004378318786621094,positive,10.0,10.0,0.321039617061615,0.39179620146751404,0.06732580065727234,0.4578038156032562,188,54
0.004918336868286133,positive,10.0,10.0,0.42616090178489685,0.5795665979385376,0.0653628408908844,0.3270074129104614,188,61
0.004982471466064453,positive,10.0,10.0,0.43775221705436707,0.3835779130458832,0.07190299034118652,0.639565646648407,188,62
0.00504612922668457,positive,10.0,10.0,0.44542378187179565,0.1875310242176056,0.08469430357217789,0.9539974331855774,188,63
0.005433082580566406,negative,10.0,-10.0,0.4717044532299042,0.37448152899742126,0.17481906712055206,0.8506085276603699,188,68
0.0054967403411865234,negative,10.0,-10.0,0.4791940748691559,0.17746207118034363,0.19183123111724854,1.1927686929702759,188,69
0.00023126602172851562,positive,10.0,10.0,0.014084463007748127,0.01069133821874857,-0.020687857642769814,-0.029922600835561752,189,0
0.0006783008575439453,positive,10.0,10.0,-0.008207741193473339,-0.18351170420646667,0.01027099508792162,0.24250347912311554,189,5
0.0008261203765869141,positive,10.0,10.0,-0.01945355162024498,-0.18387271463871002,0.025889232754707336,0.2505280077457428,189,7
0.0008912086486816406,positive,10.0,10.0,-0.023131007328629494,-0.3793546259403229,0.030899792909622192,0.5512632131576538,189,8
0.0009558200836181641,positive,10.0,10.0,-0.03071809932589531,-0.18467997014522552,0.04192505404353142,0.26847371459007263,189,9
0.0011837482452392578,positive,10.0,10.0,-0.045738112181425095,0.008290668949484825,0.0647093877196312,0.02308102510869503,189,12
0.0013303756713867188,positive,10.0,10.0,-0.04932623356580734,0.006440127268433571,0.07188016921281815,0.06401775032281876,189,14
0.001394510269165039,positive,10.0,10.0,-0.04919743165373802,0.20046181976795197,0.07316052168607712,-0.20514868199825287,189,15
0.0020208358764648438,positive,10.0,10.0,0.021444568410515785,0.5861382484436035,-0.008144384250044823,-0.6891964673995972,189,23
0.0024154186248779297,positive,10.0,10.0,0.07230983674526215,0.39321452379226685,-0.06662528961896896,-0.4458627700805664,189,28
0.0024805068969726562,positive,10.0,10.0,0.08017413318157196,0.5892126560211182,-0.07554254680871964,-0.7587810754776001,189,29
0.0027899742126464844,negative,10.0,-10.0,0.13525253534317017,0.5947117209434509,-0.15117259323596954,-0.8873165845870972,189,33
0.0004227161407470703,positive,10.0,10.0,0.005779600236564875,-0.017398284748196602,0.005471313372254372,-0.009498009458184242,190,0
0.0007314682006835938,positive,10.0,10.0,-0.006976233795285225,-0.21282877027988434,0.02256447821855545,0.2900460660457611,190,3
0.0007996559143066406,positive,10.0,10.0,-0.011232809163630009,-0.01803572289645672,0.028365399688482285,0.004564253613352776,190,4
0.0008673667907714844,positive,10.0,10.0,-0.011593523435294628,-0.21355274319648743,0.028456684201955795,0.30606013536453247,190,5
0.0009324550628662109,positive,10.0,10.0,-0.015864579007029533,-0.018847621977329254,0.03457788750529289,0.02248581312596798,190,6
0.0009999275207519531,positive,10.0,10.0,-0.01624153181910515,-0.21444794535636902,0.035027604550123215,0.32587480545043945,190,7
0.0011467933654785156,positive,10.0,10.0,-0.020927324891090393,-0.21553407609462738,0.04243391007184982,0.34993651509284973,190,9
0.0012128353118896484,positive,10.0,10.0,-0.025238007307052612,-0.021040501073002815,0.04943264275789261,0.0709306001663208,190,10
0.0012769699096679688,positive,10.0,10.0,-0.02565881796181202,-0.21683500707149506,0.0508512519299984,0.37879088521003723,190,11
0.001341104507446289,positive,10.0,10.0,-0.029995517805218697,-0.022470714524388313,0.05842706933617592,0.10256513208150864,190,12
0.0015676021575927734,positive,10.0,10.0,-0.03529580309987068,-0.2202000468969345,0.07154174149036407,0.4536271393299103,190,15
0.0017931461334228516,positive,10.0,10.0,-0.03686852753162384,0.36154139041900635,0.08266323804855347,-0.3468181788921356,190,18
0.002015352249145508,positive,10.0,10.0,-0.01914464496076107,0.1631975620985031,0.06919939070940018,0.018285024911165237,190,21
0.0020780563354492188,positive,10.0,10.0,-0.01588069461286068,-0.03284504637122154,0.06956509500741959,0.33197352290153503,190,22
0.002141237258911133,positive,10.0,10.0,-0.01653759554028511,0.16122132539749146,0.0762045606970787,0.06201369687914848,190,23
0.002301454544067383,positive,10.0,10.0,-0.006209715735167265,0.5491065979003906,0.07333111017942429,-0.47296950221061707,190,25
0.0023679733276367188,positive,10.0,10.0,0.004772416315972805,0.7431204319000244,0.06387171894311905,-0.7416681051254272,190,26
0.0025949478149414062,positive,10.0,10.0,0.04540982097387314,0.545913815498352,0.026318255811929703,-0.40128186345100403,190,29
0.0027387142181396484,positive,10.0,10.0,0.06333667039871216,0.15504933893680573,0.016284238547086716,0.1979786604642868,190,31
0.002882719039916992,positive,10.0,10.0,0.06563162058591843,0.15452902019023895,0.030158886685967445,0.20951879024505615,190,33
0.002946138381958008,positive,10.0,10.0,0.068722203373909,-0.04101089388132095,0.034349262714385986,0.5115606188774109,190,34
0.003009319305419922,positive,10.0,10.0,0.06790198385715485,0.15361079573631287,0.044580474495887756,0.22989700734615326,190,35
0.003072023391723633,positive,10.0,10.0,0.070974200963974,-0.04211891070008278,0.049178414046764374,0.5363022089004517,190,36
0.0036389827728271484,positive,10.0,10.0,0.10761291533708572,0.5360143780708313,0.06843695044517517,-0.18320463597774506,190,43
0.0037064552307128906,positive,10.0,10.0,0.11833319813013077,0.33998334407806396,0.06477285176515579,0.13025838136672974,190,44
0.003936052322387695,positive,10.0,10.0,0.13477486371994019,0.5320560932159424,0.0796700045466423,-0.09574733674526215,190,47
0.0040018558502197266,positive,10.0,10.0,0.14541597664356232,0.7259511351585388,0.07775506377220154,-0.3622691333293915,190,48
0.004148006439208984,positive,10.0,10.0,0.17053130269050598,0.33375659584999084,0.0695873349905014,0.2679525911808014,190,50
0.00437617301940918,positive,10.0,10.0,0.1865949183702469,0.5254991054534912,0.09285297989845276,0.049411796033382416,190,53
0.004439592361450195,positive,10.0,10.0,0.19710490107536316,0.719175398349762,0.09384121745824814,-0.21259167790412903,190,54
0.004503965377807617,positive,10.0,10.0,0.21148841083049774,0.9128391742706299,0.08958938717842102,-0.47426027059555054,190,55
0.004651069641113281,positive,10.0,10.0,0.244076669216156,0.9104629158973694,0.0770094022154808,-0.421114444732666,190,57
0.004719257354736328,positive,10.0,10.0,0.26228591799736023,0.7143391370773315,0.06858710944652557,-0.10518229752779007,190,58
0.0047838687896728516,positive,10.0,10.0,0.27657270431518555,0.518304705619812,0.06648346781730652,0.20832674205303192,190,59
0.00525212287902832,positive,10.0,10.0,0.3579535186290741,0.9016698598861694,0.06937864422798157,-0.2263442724943161,190,65
0.005317211151123047,positive,10.0,10.0,0.3759869337081909,0.705628514289856,0.06485176086425781,0.08739128708839417,190,66
0.0054645538330078125,positive,10.0,10.0,0.400292307138443,0.31363943219184875,0.07459577172994614,0.712723970413208,190,68
0.005531787872314453,positive,10.0,10.0,0.4065650701522827,0.11756826192140579,0.08885025233030319,1.0279237031936646,190,69
0.005918979644775391,negative,10.0,-10.0,0.42583733797073364,0.304116815328598,0.18671637773513794,0.935869574546814,190,74
0.005983829498291016,negative,10.0,-10.0,0.431919664144516,0.49629685282707214,0.20543377101421356,0.7071861624717712,190,75
0.00032639503479003906,positive,10.0,10.0,-0.003777126083150506,-0.22959837317466736,-0.0032968015875667334,0.2915346324443817,191,1
0.0003972053527832031,positive,10.0,10.0,-0.008369093760848045,-0.03442957624793053,0.0025338910054415464,-0.0021862408611923456,191,2
0.0007216930389404297,positive,10.0,10.0,-0.018934302031993866,-0.03473905846476555,0.014197912067174911,0.004641232546418905,191,6
0.0008757114410400391,positive,10.0,10.0,-0.024230318143963814,-0.035146333277225494,0.02032613195478916,0.013627850450575352,191,8
0.0010228157043457031,positive,10.0,10.0,-0.029544319957494736,-0.03573126345872879,0.026851767674088478,0.026537753641605377,191,10
0.001178741455078125,positive,10.0,10.0,-0.03488350287079811,-0.03650616481900215,0.03393393009901047,0.04364681988954544,191,12
0.0012447834014892578,positive,10.0,10.0,-0.03561362624168396,0.15811316668987274,0.03480686619877815,-0.23813945055007935,191,13
0.001308441162109375,positive,10.0,10.0,-0.032451361417770386,-0.03748830407857895,0.030044076964259148,0.06531618535518646,191,14
0.0013725757598876953,positive,10.0,10.0,-0.033201128244400024,-0.23302783071994781,0.03135040029883385,0.36732473969459534,191,15
0.0015175342559814453,positive,10.0,10.0,-0.03862898424267769,-0.23401974141597748,0.04039068892598152,0.38932591676712036,191,17
0.0016629695892333984,positive,10.0,10.0,-0.04409925267100334,-0.23527167737483978,0.05037013441324234,0.41713133454322815,191,19
0.0018095970153808594,positive,10.0,10.0,-0.04962265491485596,-0.23680995404720306,0.06152763590216637,0.45135635137557983,191,21
0.0018732547760009766,positive,10.0,10.0,-0.05435885488986969,-0.042609672993421555,0.07055476307868958,0.17868486046791077,191,22
0.0020203590393066406,positive,10.0,10.0,-0.05998437851667404,-0.04466422647237778,0.08398374915122986,0.22433389723300934,191,24
0.0022499561309814453,positive,10.0,10.0,-0.05103614926338196,0.5366830229759216,0.08157140016555786,-0.5680331587791443,191,27
0.0023162364959716797,positive,10.0,10.0,-0.04030248895287514,0.3405173122882843,0.07021073251962662,-0.25080767273902893,191,28
0.0023810863494873047,positive,10.0,10.0,-0.03349214419722557,0.14446665346622467,0.06519458442926407,0.06316880136728287,191,29
0.002687692642211914,positive,10.0,10.0,-0.022049911320209503,0.5305351614952087,0.07278963178396225,-0.4315313696861267,191,33
0.002751588821411133,positive,10.0,10.0,-0.011439207009971142,0.33446207642555237,0.06415900588035583,-0.11681928485631943,191,34
0.002814769744873047,positive,10.0,10.0,-0.004749965853989124,0.13848231732845306,0.061822619289159775,0.1953953355550766,191,35
0.0028777122497558594,positive,10.0,10.0,-0.001980319619178772,-0.05746697634458542,0.06573052704334259,0.5069220066070557,191,36
0.0029408931732177734,positive,10.0,10.0,-0.0031296592205762863,0.13667020201683044,0.07586896419525146,0.2356559783220291,191,37
0.0032494068145751953,positive,10.0,10.0,0.023273469880223274,0.5223326683044434,0.07433955371379852,-0.2500467002391815,191,41
0.003313302993774414,positive,10.0,10.0,0.03372012451291084,0.716318666934967,0.06933861970901489,-0.5183863043785095,191,42
0.003377199172973633,positive,10.0,10.0,0.04804649576544762,0.5202924609184265,0.05897089093923569,-0.20468437671661377,191,43
0.0036017894744873047,positive,10.0,10.0,0.06751023232936859,0.32278504967689514,0.0653068795800209,0.14129818975925446,191,46
0.004158735275268555,positive,10.0,10.0,0.11615436524152756,0.5096514225006104,0.08913221210241318,0.030542152002453804,191,53
0.004222393035888672,positive,10.0,10.0,0.1263473927974701,0.703389585018158,0.08974305540323257,-0.2327413260936737,191,54
0.0042877197265625,positive,10.0,10.0,0.14041519165039062,0.8971222639083862,0.08508823066949844,-0.49582186341285706,191,55
0.0044345855712890625,positive,10.0,10.0,0.18017658591270447,0.8948751091957092,0.05996134132146835,-0.44516438245773315,191,57
0.004660367965698242,positive,10.0,10.0,0.2221161276102066,0.307363897562027,0.051856957376003265,0.4816869795322418,191,60
0.004725456237792969,positive,10.0,10.0,0.22826340794563293,0.5017170310020447,0.06149069964885712,0.20578834414482117,191,61
0.005511283874511719,positive,10.0,10.0,0.35482412576675415,0.8786184787750244,0.08585737645626068,-0.08600287139415741,191,71
0.005575895309448242,positive,10.0,10.0,0.3723964989185333,1.0724115371704102,0.08413731306791306,-0.3504105806350708,191,72
0.005639791488647461,positive,10.0,10.0,0.39384472370147705,0.8762000203132629,0.07712910324335098,-0.032427337020635605,191,73
0.00570225715637207,positive,10.0,10.0,0.411368727684021,1.0701360702514648,0.07648056000471115,-0.29981303215026855,191,74
0.0057642459869384766,positive,10.0,10.0,0.4327714443206787,0.8740119934082031,0.07048429548740387,0.0159764364361763,191,75
0.005825996398925781,positive,10.0,10.0,0.4502516984939575,0.6779537200927734,0.07080382853746414,0.3300388753414154,191,76
0.005888223648071289,positive,10.0,10.0,0.4638107717037201,0.4818990230560303,0.07740460336208344,0.6441829800605774,191,77
0.0062787532806396484,positive,10.0,10.0,0.5507564544677734,1.0603877305984497,0.08906000852584839,-0.08417869359254837,191,82
0.0064239501953125,positive,10.0,10.0,0.5970467329025269,1.0578784942626953,0.08042667806148529,-0.02858119271695614,191,84
0.006648540496826172,positive,10.0,10.0,0.6643514633178711,1.2495839595794678,0.074396513402462,-0.24654521048069,191,87
0.006952762603759766,positive,10.0,10.0,0.7876056432723999,2.026428461074829,0.022303396835923195,-1.3370988368988037,191,91
0.007018327713012695,positive,10.0,10.0,0.8281342387199402,2.2212624549865723,-0.004438578151166439,-1.62272047996521,191,92
0.007081747055053711,positive,10.0,10.0,0.8725594878196716,2.026193141937256,-0.03689298778772354,-1.3314241170883179,191,93
0.007391214370727539,negative,10.0,-10.0,1.0425398349761963,2.030130386352539,-0.15718069672584534,-1.4325370788574219,191,97
0.00027942657470703125,positive,10.0,10.0,-0.007812757976353168,0.04279128089547157,-0.040827974677085876,0.014606914483010769,192,0
0.00038504600524902344,positive,10.0,10.0,-0.006956932600587606,-0.15172208845615387,-0.04053583741188049,0.294133722782135,192,1
0.0005803108215332031,positive,10.0,10.0,-0.009112302213907242,-0.1506546437740326,-0.03487422317266464,0.2704981565475464,192,3
0.0007317066192626953,positive,10.0,10.0,-0.011226451955735683,-0.14974014461040497,-0.030123800039291382,0.25026586651802063,192,5
0.000797271728515625,positive,10.0,10.0,-0.014221254736185074,-0.3444192409515381,-0.02511848323047161,0.5332970023155212,192,6
0.0009438991546630859,positive,10.0,10.0,-0.024088703095912933,-0.34386569261550903,-0.009796415455639362,0.5208956599235535,192,8
0.001089334487915039,positive,10.0,10.0,-0.03393816202878952,-0.34373804926872253,0.0051243361085653305,0.5180208086967468,192,10
0.001233816146850586,positive,10.0,10.0,-0.04378669708967209,-0.34402841329574585,0.0200238935649395,0.5244839787483215,192,12
0.0012965202331542969,positive,10.0,10.0,-0.05066726356744766,-0.1491938978433609,0.030513573437929153,0.23817740380764008,192,13
0.0014407634735107422,positive,10.0,10.0,-0.0605459064245224,-0.15012940764427185,0.046083658933639526,0.2589646577835083,192,15
0.0015861988067626953,positive,10.0,10.0,-0.0704660564661026,-0.15151120722293854,0.06257934123277664,0.2897171378135681,192,17
0.0017313957214355469,positive,10.0,10.0,-0.0726429745554924,-0.15336734056472778,0.06872186809778214,0.33085694909095764,192,19
0.0017940998077392578,positive,10.0,10.0,-0.07571031898260117,0.04071250930428505,0.07533900439739227,0.06061265245079994,192,20
0.0018575191497802734,positive,10.0,10.0,-0.07489606738090515,0.23467794060707092,0.07655125856399536,-0.2073814570903778,192,21
0.0019199848175048828,positive,10.0,10.0,-0.07020251452922821,0.42862653732299805,0.07240362465381622,-0.47496822476387024,192,22
0.0022308826446533203,positive,10.0,10.0,-0.05943334475159645,0.03485562279820442,0.07197380065917969,0.190105140209198,192,26
0.0022950172424316406,positive,10.0,10.0,-0.05873623117804527,0.22887805104255676,0.07577590644359589,-0.07903297245502472,192,27
0.0023593902587890625,positive,10.0,10.0,-0.05415867269039154,0.4228365421295166,0.0741952508687973,-0.3468790352344513,192,28
0.0024225711822509766,positive,10.0,10.0,-0.04570193961262703,0.2267419695854187,0.06725766509771347,-0.03175301477313042,192,29
0.002568483352661133,positive,10.0,10.0,-0.040552638471126556,-0.1652826964855194,0.07224999368190765,0.5942983627319336,192,31
0.0028738975524902344,positive,10.0,10.0,-0.030505388975143433,0.609997034072876,0.0877935066819191,-0.464910089969635,192,35
0.00302886962890625,positive,10.0,10.0,-0.010030421428382397,0.607666552066803,0.07557736337184906,-0.41282036900520325,192,37
0.003092050552368164,positive,10.0,10.0,0.002122910227626562,0.41155919432640076,0.06732095777988434,-0.0973004549741745,192,38
0.0032410621643066406,positive,10.0,10.0,0.014664898626506329,0.01954752951860428,0.0696917325258255,0.5284069776535034,192,40
0.003960371017456055,positive,10.0,10.0,0.07961959391832352,0.5916954874992371,0.09307564049959183,-0.05950269475579262,192,49
0.004025459289550781,positive,10.0,10.0,0.09145350754261017,0.7853682041168213,0.09188558906316757,-0.321429580450058,192,50
0.004253864288330078,positive,10.0,10.0,0.1345994919538498,0.9766703844070435,0.08011642843484879,-0.5303472876548767,192,53
0.004400014877319336,positive,10.0,10.0,0.16974326968193054,0.5844749212265015,0.06523881107568741,0.10024040192365646,192,55
0.004464387893676758,positive,10.0,10.0,0.18143276870250702,0.38848158717155457,0.06724361330270767,0.4127715826034546,192,56
0.004528522491455078,positive,10.0,10.0,0.18920239806175232,0.5825891494750977,0.0754990503191948,0.14202305674552917,192,57
0.0045928955078125,positive,10.0,10.0,0.20085418224334717,0.7765531539916992,0.07833950966596603,-0.12591853737831116,192,58
0.0046575069427490234,positive,10.0,10.0,0.21638524532318115,0.9704704880714417,0.07582113891839981,-0.3928941786289215,192,59
0.0047223567962646484,positive,10.0,10.0,0.23579464852809906,0.7743590474128723,0.06796325743198395,-0.07730213552713394,192,60
0.004786252975463867,positive,10.0,10.0,0.25128182768821716,0.5783320069313049,0.06641720980405807,0.23602551221847534,192,61
0.0048520565032958984,positive,10.0,10.0,0.26284846663475037,0.3823270797729492,0.07113771885633469,0.5488969087600708,192,62
0.0049173831939697266,positive,10.0,10.0,0.2704950273036957,0.5763813853263855,0.08211565762758255,0.2794485092163086,192,63
0.005146503448486328,positive,10.0,10.0,0.3167075514793396,1.1577662229537964,0.08297926932573318,-0.5137079358100891,192,66
0.005291938781738281,positive,10.0,10.0,0.3590944707393646,1.1555904150009155,0.06878365576267242,-0.46496352553367615,192,68
0.0053560733795166016,positive,10.0,10.0,0.3822062909603119,0.9595673084259033,0.05948438122868538,-0.1514178067445755,192,69
0.0054204463958740234,positive,10.0,10.0,0.40139761567115784,0.7636463046073914,0.05645602568984032,0.15942206978797913,192,70
0.005566835403442383,positive,10.0,10.0,0.4280258119106293,0.3718518614768982,0.06903181970119476,0.7802373766899109,192,72
0.0056304931640625,positive,10.0,10.0,0.4354628622531891,0.5659603476524353,0.08463656157255173,0.5100473761558533,192,73
0.006025552749633789,positive,10.0,10.0,0.5307984352111816,1.14426851272583,0.0831933319568634,-0.21477212011814117,192,78
0.00617218017578125,positive,10.0,10.0,0.5804459452629089,1.141966700553894,0.0692959651350975,-0.1636265516281128,192,80
0.0062367916107177734,positive,10.0,10.0,0.6032853126525879,0.9459247589111328,0.06602343916893005,0.1500874012708664,192,81
0.006300449371337891,positive,10.0,10.0,0.6222037672996521,0.7499225735664368,0.0690251812338829,0.46284693479537964,192,82
0.006363630294799805,positive,10.0,10.0,0.637202262878418,0.5538964867591858,0.07828212529420853,0.7764631509780884,192,83
0.006831645965576172,positive,10.0,10.0,0.761775016784668,1.3254443407058716,0.09293890744447708,-0.1999855488538742,192,89
0.007062196731567383,positive,10.0,10.0,0.8451235890388489,1.5167591571807861,0.0768473818898201,-0.40913885831832886,192,92
0.007207155227661133,positive,10.0,10.0,0.9018715023994446,1.1246010065078735,0.06679956614971161,0.22027957439422607,192,94
0.0072705745697021484,positive,10.0,10.0,0.9243635535240173,0.9285910129547119,0.07120515406131744,0.5332633852958679,192,95
0.007905960083007812,positive,10.0,10.0,1.1267861127853394,2.0868194103240967,0.09171057492494583,-0.9532518982887268,192,103
0.007971763610839844,positive,10.0,10.0,1.168522596359253,1.8905912637710571,0.07264553755521774,-0.6332213878631592,192,104
0.00803685188293457,positive,10.0,10.0,1.2063343524932861,2.0846285820007324,0.05998110771179199,-0.9021707773208618,192,105
0.00810098648071289,positive,10.0,10.0,1.248026967048645,1.8887476921081543,0.0419376939535141,-0.5912537574768066,192,106
0.008246421813964844,positive,10.0,10.0,1.319663166999817,1.4975262880325317,0.024399399757385254,0.01636512391269207,192,108
0.008310794830322266,positive,10.0,10.0,1.3496136665344238,1.30206298828125,0.02472670190036297,0.31664538383483887,192,109
0.008376121520996094,positive,10.0,10.0,1.375654935836792,1.1065977811813354,0.031059609726071358,0.6170225739479065,192,110
0.008522987365722656,positive,10.0,10.0,1.4160081148147583,0.7153751254081726,0.06178653612732887,1.225324273109436,192,112
0.00858759880065918,positive,10.0,10.0,1.430315613746643,0.5195143818855286,0.08629302680492401,1.5367084741592407,192,113
0.008736133575439453,negative,10.0,-10.0,1.4549758434295654,0.517093300819397,0.14247028529644012,1.599073886871338,192,115
0.008802175521850586,negative,10.0,-10.0,1.465317726135254,0.7102687954902649,0.17445175349712372,1.353991150856018,192,116
0.008867502212524414,negative,10.0,-10.0,1.4795230627059937,0.5134397745132446,0.20153158903121948,1.6957826614379883,192,117
0.0002865791320800781,positive,10.0,10.0,-0.04421335831284523,-0.027078980579972267,-0.0056963530369102955,-0.02325146645307541,193,0
0.0006113052368164062,positive,10.0,10.0,-0.05754035711288452,-0.22201895713806152,0.010358432307839394,0.26542437076568604,193,3
0.0006771087646484375,positive,10.0,10.0,-0.06198073551058769,-0.4172872006893158,0.015666920691728592,0.5613563656806946,193,4
0.0008242130279541016,positive,10.0,10.0,-0.07477425038814545,-0.4178837537765503,0.032367050647735596,0.5746927857398987,193,6
0.0008893013000488281,positive,10.0,10.0,-0.08313193172216415,-0.22323015332221985,0.04386090487241745,0.29237955808639526,193,7
0.0010356903076171875,positive,10.0,10.0,-0.08817173540592194,-0.22455841302871704,0.04998541995882988,0.3217889666557312,193,9
0.0013403892517089844,positive,10.0,10.0,-0.09842396527528763,-0.22778788208961487,0.06605403125286102,0.3934415876865387,193,13
0.0014045238494873047,positive,10.0,10.0,-0.10297972708940506,-0.033662404865026474,0.07392285764217377,0.12229414284229279,193,14
0.0015506744384765625,positive,10.0,10.0,-0.1004464328289032,0.3542768359184265,0.07344511151313782,-0.41382795572280884,193,16
0.0016143321990966797,positive,10.0,10.0,-0.09336090087890625,0.1581948846578598,0.06516855210065842,-0.09892447292804718,193,17
0.001676797866821289,positive,10.0,10.0,-0.09019699692726135,-0.03779759630560875,0.06319006532430649,0.21358618140220642,193,18
0.0017402172088623047,positive,10.0,10.0,-0.09095295518636703,-0.23376338183879852,0.06746178865432739,0.5255137085914612,193,19
0.0018045902252197266,positive,10.0,10.0,-0.09562821686267853,-0.03965238481760025,0.07797206193208694,0.25482824444770813,193,20
0.0019512176513671875,positive,10.0,10.0,-0.09333577007055283,0.34811317920684814,0.08282306790351868,-0.2776390016078949,193,22
0.0023550987243652344,positive,10.0,10.0,-0.05874017998576164,0.14805063605308533,0.059846438467502594,0.12527328729629517,193,27
0.0024194717407226562,positive,10.0,10.0,-0.055779166519641876,-0.047875359654426575,0.062351904809474945,0.4362204968929291,193,28
0.0024831295013427734,positive,10.0,10.0,-0.056736674159765244,0.14631108939647675,0.07107631117105484,0.16382642090320587,193,29
0.002549886703491211,positive,10.0,10.0,-0.05381045117974281,-0.04975255951285362,0.07435284554958344,0.47805818915367126,193,30
0.002614259719848633,positive,10.0,10.0,-0.05480550229549408,-0.24584117531776428,0.08391400426626205,0.7932180762290955,193,31
0.0034050941467285156,positive,10.0,10.0,0.023408683016896248,0.5197613835334778,0.07967553287744522,-0.0517159104347229,193,41
0.0034694671630859375,positive,10.0,10.0,0.03380391001701355,0.7136558294296265,0.07864121347665787,-0.3182350993156433,193,42
0.003534555435180664,positive,10.0,10.0,0.04807702824473381,0.517507016658783,0.0722765102982521,-0.0018245324026793242,193,43
0.0037641525268554688,positive,10.0,10.0,0.09076846390962601,0.7095482349395752,0.05602472275495529,-0.22694139182567596,193,46
0.0038290023803710938,positive,10.0,10.0,0.10495942831039429,0.5136722326278687,0.05148589611053467,0.08287426084280014,193,47
0.00397491455078125,positive,10.0,10.0,0.12158989906311035,0.5121805667877197,0.060970306396484375,0.1158810630440712,193,49
0.00404047966003418,positive,10.0,10.0,0.1318335086107254,0.3162404000759125,0.06328792870044708,0.4271593391895294,193,50
0.0041046142578125,positive,10.0,10.0,0.13815832138061523,0.5104115605354309,0.071831114590168,0.1550799459218979,193,51
0.004248380661010742,positive,10.0,10.0,0.1624552607536316,0.8984081745147705,0.07265061140060425,-0.3822382092475891,193,53
0.004311323165893555,positive,10.0,10.0,0.18042342364788055,0.702333927154541,0.0650058463215828,-0.06756214052438736,193,54
0.004624128341674805,positive,10.0,10.0,0.22089378535747528,0.6983687877655029,0.0854247584939003,0.020119573920965195,193,58
0.0046885013580322266,positive,10.0,10.0,0.23486116528511047,0.892168402671814,0.08582714945077896,-0.24443544447422028,193,59
0.004754543304443359,positive,10.0,10.0,0.25270453095436096,1.0859662294387817,0.0809384360909462,-0.5088600516319275,193,60
0.0049016475677490234,positive,10.0,10.0,0.30002105236053467,1.0838398933410645,0.05526166036725044,-0.46089786291122437,193,62
0.0050470829010009766,positive,10.0,10.0,0.33945751190185547,0.6922322511672974,0.04301728308200836,0.15552473068237305,193,64
0.0051116943359375,positive,10.0,10.0,0.35330215096473694,0.49652162194252014,0.04612777754664421,0.46146225929260254,193,65
0.00558781623840332,negative,10.0,-10.0,0.39312273263931274,0.4899686276912689,0.13651391863822937,0.6107945442199707,193,71
0.005650997161865234,negative,10.0,-10.0,0.4029220938682556,0.6829450130462646,0.1487298160791397,0.364033579826355,193,72
0.0061986446380615234,negative,10.0,-10.0,0.5482763051986694,1.252457857131958,0.1448170691728592,-0.17011629045009613,193,79
0.006264209747314453,negative,10.0,-10.0,0.5733254551887512,1.445242166519165,0.14141474664211273,-0.41383814811706543,193,80
0.007060050964355469,positive,10.0,10.0,0.8646621108055115,1.428531527519226,0.08888154476881027,-0.04097984358668327,193,90
0.007124662399291992,positive,10.0,10.0,0.8932327628135681,1.6222740411758423,0.08806195110082626,-0.30434951186180115,193,91
0.007188320159912109,positive,10.0,10.0,0.9256781935691833,1.4260146617889404,0.08197496086359024,0.014755519106984138,193,92
0.0072515010833740234,positive,10.0,10.0,0.9541984796524048,1.6198711395263672,0.0822700709104538,-0.25097906589508057,193,93
0.007479429244995117,positive,10.0,10.0,1.0552226305007935,1.4215959310531616,0.06290549784898758,0.11239033192396164,193,96
0.007544040679931641,positive,10.0,10.0,1.083654522895813,1.225631594657898,0.06515330821275711,0.4242374002933502,193,97
0.007692813873291016,positive,10.0,10.0,1.1287602186203003,1.223681926727295,0.088372603058815,0.4680984914302826,193,99
0.008907079696655273,positive,10.0,10.0,1.493247628211975,1.6027367115020752,0.02701370045542717,0.1278720647096634,193,109
0.009140253067016602,positive,10.0,10.0,1.577681303024292,1.0160826444625854,0.05276641249656677,1.0352517366409302,193,112
0.009448766708374023,negative,10.0,-10.0,1.643258810043335,0.6216488480567932,0.16150599718093872,1.730221152305603,193,116
0.009514093399047852,negative,10.0,-10.0,1.6556917428970337,0.8145992159843445,0.19611042737960815,1.4918386936187744,193,117
0.0006015300750732422,positive,10.0,10.0,0.027346285060048103,-0.20637355744838715,-0.0237125251442194,0.30187878012657166,194,1
0.0006966590881347656,positive,10.0,10.0,0.02321881242096424,-0.010921815410256386,-0.017674949020147324,0.001812760136090219,194,2
0.0008561611175537109,positive,10.0,10.0,0.018884658813476562,-0.010416900739073753,-0.011861353181302547,-0.00932635273784399,194,4
0.0009214878082275391,positive,10.0,10.0,0.01867632195353508,-0.20536674559116364,-0.01204787939786911,0.2795906960964203,194,5
0.0009868144989013672,positive,10.0,10.0,0.014568986371159554,-0.4003147780895233,-0.00645606592297554,0.5684495568275452,194,6
0.0010530948638916016,positive,10.0,10.0,0.00656269071623683,-0.20510287582874298,0.004912924952805042,0.27373969554901123,194,7
0.001117706298828125,positive,10.0,10.0,0.0024606329388916492,-0.40029457211494446,0.010387718677520752,0.5679681301116943,194,8
0.0013506412506103516,positive,10.0,10.0,-0.017666559666395187,-0.20601657032966614,0.03887934982776642,0.2940842807292938,194,11
0.001497030258178711,positive,10.0,10.0,-0.022016288712620735,-0.207204207777977,0.045039281249046326,0.3203752338886261,194,13
0.001802682876586914,positive,10.0,10.0,-0.030871475115418434,-0.21015113592147827,0.06080405041575432,0.3857324719429016,194,17
0.0018663406372070312,positive,10.0,10.0,-0.03507449850440025,-0.015942707657814026,0.06851869821548462,0.11282356828451157,194,18
0.0020170211791992188,positive,10.0,10.0,-0.039632875472307205,-0.01792430691421032,0.07930142432451248,0.15675397217273712,194,20
0.002081155776977539,positive,10.0,10.0,-0.039991360157728195,0.17597797513008118,0.08243650197982788,-0.10989518463611603,194,21
0.0021467208862304688,positive,10.0,10.0,-0.03647180274128914,0.3698278069496155,0.08023859560489655,-0.37547358870506287,194,22
0.002210378646850586,positive,10.0,10.0,-0.029075246304273605,0.17366328835487366,0.07272912561893463,-0.05860867351293564,194,23
0.0022735595703125,positive,10.0,10.0,-0.025601981207728386,0.3676711618900299,0.071556955575943,-0.32748764753341675,194,24
0.0023419857025146484,positive,10.0,10.0,-0.018248558044433594,0.17160728573799133,0.06500720232725143,-0.01312466710805893,194,25
0.002489328384399414,positive,10.0,10.0,-0.007501618936657906,0.16975687444210052,0.059052515774965286,0.02777038887143135,194,27
0.002554655075073242,positive,10.0,10.0,-0.004106481093913317,-0.026160025969147682,0.05960792675614357,0.33848485350608826,194,28
0.0026178359985351562,positive,10.0,10.0,-0.004629681818187237,-0.22207728028297424,0.06637762486934662,0.6493531465530396,194,29
0.003084421157836914,positive,10.0,10.0,0.0190991573035717,0.5511814951896667,0.07585962116718292,-0.36428534984588623,194,35
0.0031485557556152344,positive,10.0,10.0,0.0301227867603302,0.35506799817085266,0.06857391446828842,-0.048679787665605545,194,36
0.0032923221588134766,positive,10.0,10.0,0.04040480777621269,-0.03698525205254555,0.07289684563875198,0.578041672706604,194,38
0.003520488739013672,positive,10.0,10.0,0.04982330650091171,0.5445799827575684,0.09152709692716599,-0.21847820281982422,194,41
0.003667593002319336,positive,10.0,10.0,0.06768044829368591,0.15202102065086365,0.08918983489274979,0.420473575592041,194,43
0.004136800765991211,positive,10.0,10.0,0.12841777503490448,0.5339524745941162,0.08456594496965408,0.016976526007056236,194,49
0.004442691802978516,positive,10.0,10.0,0.18659229576587677,0.5293817520141602,0.06577886641025543,0.11798369884490967,194,53
0.004506826400756836,positive,10.0,10.0,0.19717994332313538,0.3333820402622223,0.06813853979110718,0.4306725263595581,194,54
0.004650592803955078,positive,10.0,10.0,0.2143971025943756,0.7214202880859375,0.07995647192001343,-0.10729265213012695,194,56
0.004714488983154297,positive,10.0,10.0,0.22882550954818726,0.9153108596801758,0.0778106153011322,-0.37371712923049927,194,57
0.00477910041809082,positive,10.0,10.0,0.24713172018527985,0.7191747426986694,0.07033627480268478,-0.05754995718598366,194,58
0.004933357238769531,positive,10.0,10.0,0.27197760343551636,0.32708048820495605,0.0743146538734436,0.570146918296814,194,60
0.0059757232666015625,positive,10.0,10.0,0.4794827699661255,1.2823173999786377,0.08807172626256943,-0.44725513458251953,194,73
0.006123065948486328,positive,10.0,10.0,0.5268504619598389,1.279971718788147,0.07656340301036835,-0.3948688507080078,194,75
0.006270647048950195,positive,10.0,10.0,0.5741269588470459,0.8878158926963806,0.06708476692438126,0.23446966707706451,194,77
0.0064182281494140625,positive,10.0,10.0,0.6057193279266357,0.8858468532562256,0.08272488415241241,0.2783028781414032,194,79
0.006482124328613281,positive,10.0,10.0,0.6234362721443176,1.0796972513198853,0.08829094469547272,0.012815103866159916,194,80
0.006545543670654297,positive,10.0,10.0,0.6450302004814148,1.2734493017196655,0.0885472446680069,-0.2507571578025818,194,81
0.006609201431274414,positive,10.0,10.0,0.6704992055892944,1.4672025442123413,0.08353210240602493,-0.5142495036125183,194,82
0.006833553314208984,positive,10.0,10.0,0.7545636296272278,1.6590890884399414,0.06001470983028412,-0.7352176308631897,194,85
0.007227420806884766,positive,10.0,10.0,0.9515708088874817,2.2430150508880615,-0.05758894607424736,-1.581282138824463,194,90
0.0072934627532958984,positive,10.0,10.0,0.9964311122894287,2.04862380027771,-0.08921458572149277,-1.3071006536483765,194,91
0.007599830627441406,negative,10.0,-10.0,1.1604853868484497,1.6657214164733887,-0.1978909969329834,-0.8957246541976929,194,95
0.00021195411682128906,positive,10.0,10.0,0.0013841590844094753,0.027400752529501915,0.02167258970439434,-0.0352596752345562,195,0
0.0005757808685302734,positive,10.0,10.0,-0.012071051634848118,-0.3643326163291931,0.043101198971271515,0.5833813548088074,195,4
0.0008077621459960938,positive,10.0,10.0,-0.022265300154685974,-0.171479269862175,0.0614536888897419,0.34090888500213623,195,7
0.0009562969207763672,positive,10.0,10.0,-0.025240547955036163,-0.17331403493881226,0.0696362778544426,0.3816382586956024,195,9
0.0010225772857666016,positive,10.0,10.0,-0.028706828132271767,0.02075359784066677,0.0772690400481224,0.11169885843992233,195,10
0.0010869503021240234,positive,10.0,10.0,-0.02829175628721714,0.21468818187713623,0.07950302213430405,-0.15564054250717163,195,11
0.001394033432006836,positive,10.0,10.0,-0.011247950606048107,-0.17955413460731506,0.06995353102684021,0.5195516347885132,195,15
0.0015385150909423828,positive,10.0,10.0,-0.014548695646226406,0.2084050178527832,0.08533869683742523,-0.01659146323800087,195,17
0.0017778873443603516,positive,10.0,10.0,0.009583906270563602,0.3998766839504242,0.06846567243337631,-0.22928257286548615,195,20
0.0018427371978759766,positive,10.0,10.0,0.01758144050836563,0.20384655892848969,0.06388002634048462,0.08418691903352737,195,21
0.001909494400024414,positive,10.0,10.0,0.02165837027132511,0.007869835942983627,0.06556376069784164,0.3963203728199005,195,22
0.0019729137420654297,positive,10.0,10.0,0.021815767511725426,0.20200327038764954,0.07349017262458801,0.12500780820846558,195,23
0.0022013187408447266,positive,10.0,10.0,0.045574940741062164,0.3938775062561035,0.06489024311304092,-0.09658046811819077,195,26
0.002265453338623047,positive,10.0,10.0,0.053452491760253906,0.5880122780799866,0.06295863538980484,-0.3681054413318634,195,27
0.0024938583374023438,positive,10.0,10.0,0.07697746902704239,0.0003259560326114297,0.059540219604969025,0.5627932548522949,195,30
0.002557039260864258,positive,10.0,10.0,0.0769839882850647,0.194564089179039,0.07079608738422394,0.2894468307495117,195,31
0.0026259422302246094,positive,10.0,10.0,0.08087527006864548,0.38860884308815,0.07658501714468002,0.01990547403693199,195,32
0.002771139144897461,positive,10.0,10.0,0.10029851645231247,0.7764966487884521,0.07202982902526855,-0.5151071548461914,195,34
0.002834320068359375,positive,10.0,10.0,0.11582845449447632,0.5804381966590881,0.06172768399119377,-0.20062358677387238,195,35
0.0029845237731933594,positive,10.0,10.0,0.1351270228624344,0.18859073519706726,0.05993271246552467,0.42119377851486206,195,37
0.003129243850708008,positive,10.0,10.0,0.1465551257133484,0.18678374588489532,0.07131640613079071,0.46143147349357605,195,39
0.0032820701599121094,positive,10.0,10.0,0.1579073816537857,0.5747119784355164,0.08438608795404434,-0.07417421787977219,195,41
0.0034275054931640625,positive,10.0,10.0,0.18477220833301544,0.572331428527832,0.07612089067697525,-0.021454086527228355,195,43
0.0035724639892578125,positive,10.0,10.0,0.21154451370239258,0.5701687335968018,0.06990816444158554,0.026380188763141632,195,45
0.0037183761596679688,positive,10.0,10.0,0.2304302304983139,0.5681702494621277,0.07724126428365707,0.07060860097408295,195,47
0.003781557083129883,positive,10.0,10.0,0.24179363250732422,0.7621047496795654,0.07865343987941742,-0.19673940539360046,195,48
0.004007577896118164,positive,10.0,10.0,0.29135459661483765,0.5639296174049377,0.06247955933213234,0.1642470508813858,195,51
0.004071474075317383,positive,10.0,10.0,0.3026331961154938,0.3679715096950531,0.06576450169086456,0.47596776485443115,195,52
0.004134178161621094,positive,10.0,10.0,0.30999261140823364,0.562106192111969,0.07528385519981384,0.2047160416841507,195,53
0.004280805587768555,positive,10.0,10.0,0.3363562524318695,0.949974775314331,0.0781121551990509,-0.3299216032028198,195,55
0.0043451786041259766,positive,10.0,10.0,0.35535573959350586,0.7538328170776367,0.07151372730731964,-0.01366415061056614,195,56
0.0044097900390625,positive,10.0,10.0,0.37043240666389465,0.9478601813316345,0.07124044001102448,-0.2829541563987732,195,57
0.0044744014739990234,positive,10.0,10.0,0.38938960433006287,0.7517982125282288,0.06558135896921158,0.0313197486102581,195,58
0.005255460739135742,negative,10.0,-10.0,0.46450358629226685,0.7348020672798157,0.2084495574235916,0.4146745204925537,195,68
0.0002186298370361328,positive,10.0,10.0,-0.020582493394613266,-0.04038960859179497,-0.038707152009010315,-0.04233007878065109,196,0
0.00042176246643066406,positive,10.0,10.0,-0.026088999584317207,-0.429470956325531,-0.03479588404297829,0.5178422927856445,196,2
0.000576019287109375,positive,10.0,10.0,-0.04716014117002487,-0.8188644647598267,-0.008451827801764011,1.0842562913894653,196,4
0.0006420612335205078,positive,10.0,10.0,-0.06353743374347687,-0.62363201379776,0.013233299367129803,0.7889333367347717,196,5
0.0008022785186767578,positive,10.0,10.0,-0.09238873422145844,-0.6242057085037231,0.05072696506977081,0.8023099303245544,196,7
0.0008680820465087891,positive,10.0,10.0,-0.10487285256385803,-0.8199852705001831,0.06677316129207611,1.1105087995529175,196,8
0.0019085407257080078,positive,10.0,10.0,-0.10975097119808197,0.525600254535675,0.09215512871742249,-0.4954088628292084,196,21
0.002142667770385742,positive,10.0,10.0,-0.08218955993652344,0.3270193934440613,0.06992746889591217,-0.12438031286001205,196,24
0.0022895336151123047,positive,10.0,10.0,-0.07302979379892349,-0.06504976749420166,0.07123023271560669,0.5026905536651611,196,26
0.0023546218872070312,positive,10.0,10.0,-0.07433079183101654,0.1289997100830078,0.0812840461730957,0.23327843844890594,196,27
0.0025839805603027344,positive,10.0,10.0,-0.05496010184288025,0.3204350769519806,0.0793541744351387,0.021244361996650696,196,30
0.0026476383209228516,positive,10.0,10.0,-0.048551399260759354,0.5143346190452576,0.07977905869483948,-0.24538403749465942,196,31
0.0027923583984375,positive,10.0,10.0,-0.02410007081925869,0.5121395587921143,0.06463389098644257,-0.1965685784816742,196,33
0.003179311752319336,positive,10.0,10.0,0.011326530948281288,0.7023996710777283,0.07236476242542267,-0.38269275426864624,196,38
0.0036454200744628906,positive,10.0,10.0,0.060212574899196625,0.6961868405342102,0.0854596272110939,-0.24548856914043427,196,44
0.0037894248962402344,positive,10.0,10.0,0.0919361338019371,0.6938320398330688,0.0703490749001503,-0.19309884309768677,196,46
0.003938913345336914,positive,10.0,10.0,0.11576832830905914,0.6918874382972717,0.06890551000833511,-0.15006764233112335,196,48
0.0040035247802734375,positive,10.0,10.0,0.12960608303546906,0.4958499073982239,0.0659041553735733,0.1635330319404602,196,49
0.0040662288665771484,positive,10.0,10.0,0.13952307403087616,0.2998494505882263,0.06917481869459152,0.4762572646141052,196,50
0.00421142578125,positive,10.0,10.0,0.1553986668586731,0.6878434419631958,0.08282303810119629,-0.06070205569267273,196,52
0.004517078399658203,positive,10.0,10.0,0.218088760972023,1.073449969291687,0.06936904042959213,-0.545113205909729,196,56
0.004581451416015625,positive,10.0,10.0,0.23955775797367096,0.8774253726005554,0.05846678093075752,-0.2314053475856781,196,57
0.004645586013793945,positive,10.0,10.0,0.2571062743663788,0.6815188527107239,0.05383867397904396,0.07913179695606232,196,58
0.004708528518676758,positive,10.0,10.0,0.2707366347312927,0.4856680929660797,0.05542130768299103,0.3883031904697418,196,59
0.00477147102355957,positive,10.0,10.0,0.2804500162601471,0.2898050546646118,0.0631873682141304,0.6979321837425232,196,60
0.004834651947021484,positive,10.0,10.0,0.286246120929718,0.48399657011032104,0.077146016061306,0.425790935754776,196,61
0.004980325698852539,positive,10.0,10.0,0.30948495864868164,0.8717436194419861,0.0888296514749527,-0.10608617216348648,196,63
0.005043983459472656,positive,10.0,10.0,0.326919823884964,1.0654877424240112,0.08670792728662491,-0.3694749176502228,196,64
0.005106687545776367,positive,10.0,10.0,0.3482295870780945,0.8692476749420166,0.07931842654943466,-0.05076051130890846,196,65
0.005168914794921875,positive,10.0,10.0,0.36561453342437744,1.0631479024887085,0.07830321788787842,-0.31740134954452515,196,66
0.005318403244018555,positive,10.0,10.0,0.40421757102012634,0.6709269285202026,0.07193343341350555,0.31340181827545166,196,68
0.005466461181640625,positive,10.0,10.0,0.43493518233299255,1.058872938156128,0.07908634096384048,-0.22277751564979553,196,70
0.005614280700683594,positive,10.0,10.0,0.4811682403087616,1.0566895008087158,0.06484073400497437,-0.1742638200521469,196,72
0.00567936897277832,positive,10.0,10.0,0.5023020505905151,0.860702395439148,0.06135545298457146,0.13814891874790192,196,73
0.0063974857330322266,positive,10.0,10.0,0.6642176508903503,1.4345142841339111,0.09251529723405838,-0.4876652657985687,196,82
0.006461381912231445,positive,10.0,10.0,0.692907989025116,1.2382171154022217,0.08276199549436569,-0.1673179715871811,196,83
0.006524801254272461,positive,10.0,10.0,0.7176722884178162,1.4320628643035889,0.07941563427448273,-0.43278712034225464,196,84
0.0065882205963134766,positive,10.0,10.0,0.7463135719299316,1.2359116077423096,0.07075989246368408,-0.11616386473178864,196,85
0.006651639938354492,positive,10.0,10.0,0.7710317969322205,1.0398509502410889,0.06843661516904831,0.19797733426094055,196,86
0.006715059280395508,positive,10.0,10.0,0.7918288111686707,0.8438202142715454,0.0723961591720581,0.5114396810531616,196,87
0.00677943229675293,positive,10.0,10.0,0.80870521068573,1.0378516912460327,0.08262495696544647,0.2424207329750061,196,88
0.006842613220214844,positive,10.0,10.0,0.8294622302055359,1.231702208518982,0.08747337013483047,-0.023098917677998543,196,89
0.006905794143676758,positive,10.0,10.0,0.8540962934494019,1.425467848777771,0.08701138943433762,-0.28695181012153625,196,90
0.0071332454681396484,positive,10.0,10.0,0.9356518387794495,1.6169497966766357,0.07722709327936172,-0.49988216161727905,196,93
0.0071980953216552734,positive,10.0,10.0,0.9679908156394958,1.420828938484192,0.06722944974899292,-0.18389545381069183,196,94
0.007261514663696289,positive,10.0,10.0,0.9964073896408081,1.224812626838684,0.06355154514312744,0.1292153149843216,196,95
0.007658481597900391,negative,10.0,-10.0,1.0796847343444824,0.2442672997713089,0.13920503854751587,1.7142006158828735,196,100
0.00772404670715332,negative,10.0,-10.0,1.084570050239563,0.437544047832489,0.173489049077034,1.4678841829299927,196,101
0.007791280746459961,negative,10.0,-10.0,1.0933209657669067,0.24077552556991577,0.2028467357158661,1.8093565702438354,196,102
0.0006089210510253906,positive,10.0,10.0,0.016100097447633743,-0.8274626731872559,0.0385788269340992,1.1381723880767822,197,4
0.0006763935089111328,positive,10.0,10.0,-0.0004491549916565418,-0.632865846157074,0.0613422729074955,0.857833743095398,197,5
0.0008225440979003906,positive,10.0,10.0,-0.02187908999621868,-0.2446911484003067,0.09019999951124191,0.31809383630752563,197,7
0.0011320114135742188,positive,10.0,10.0,-0.018214065581560135,0.13994120061397552,0.08423583954572678,-0.14526359736919403,197,11
0.001196146011352539,positive,10.0,10.0,-0.01541524101048708,0.33376213908195496,0.0813305675983429,-0.41022807359695435,197,12
0.001581430435180664,positive,10.0,10.0,0.01774960570037365,0.5240287184715271,0.04502434283494949,-0.5950843095779419,197,17
0.001645803451538086,positive,10.0,10.0,0.028230179101228714,0.3283064663410187,0.03312265872955322,-0.2885657846927643,197,18
0.00212860107421875,positive,10.0,10.0,0.06362326443195343,-0.06341525167226791,0.006593017838895321,0.3295869827270508,197,24
0.018293142318725586,positive,10.0,10.0,0.057182349264621735,-0.0636950135231018,0.025671591982245445,0.3358401954174042,197,26
0.018357515335083008,positive,10.0,10.0,0.0559084489941597,0.13105235993862152,0.03238839656114578,0.05136200413107872,197,27
0.01842021942138672,positive,10.0,10.0,0.05852949619293213,-0.06451866775751114,0.03341563418507576,0.354085236787796,197,28
0.018888473510742188,positive,10.0,10.0,0.054514095187187195,-0.06875067949295044,0.07394988089799881,0.44837039709091187,197,34
0.01895427703857422,positive,10.0,10.0,0.053139083087444305,0.12525159120559692,0.08291728794574738,0.17988377809524536,197,35
0.01950359344482422,positive,10.0,10.0,0.089628666639328,0.700883686542511,0.09106680750846863,-0.4863385856151581,197,42
0.019649744033813477,positive,10.0,10.0,0.12153854966163635,0.698466420173645,0.06636027246713638,-0.43185707926750183,197,44
0.01987433433532715,positive,10.0,10.0,0.15168872475624084,0.11070303618907928,0.059168945997953415,0.5009209513664246,197,47
0.020177364349365234,positive,10.0,10.0,0.1682380586862564,0.49673646688461304,0.09001055359840393,0.007706768345087767,197,51
0.02040410041809082,positive,10.0,10.0,0.2096657156944275,0.6879765391349792,0.07469495385885239,-0.19998350739479065,197,54
0.020467519760131836,positive,10.0,10.0,0.2234252542257309,0.881955087184906,0.07069528102874756,-0.46820011734962463,197,55
0.020691871643066406,positive,10.0,10.0,0.2645818293094635,0.2940598428249359,0.06139499694108963,0.4677600562572479,197,58
0.020835161209106445,positive,10.0,10.0,0.28022828698158264,0.2922041714191437,0.07465105503797531,0.509178638458252,197,60
0.0212247371673584,positive,10.0,10.0,0.3404209017753601,0.48125675320625305,0.08408691734075546,0.3502754867076874,197,65
0.021289348602294922,positive,10.0,10.0,0.3500460386276245,0.6750884652137756,0.09109242260456085,0.08524763584136963,197,66
0.02152252197265625,positive,10.0,10.0,0.4021731913089752,1.2562273740768433,0.08046233654022217,-0.7026572227478027,197,69
0.021587610244750977,positive,10.0,10.0,0.4272977411746979,1.0600879192352295,0.06640919297933578,-0.38576942682266235,197,70
0.021732568740844727,positive,10.0,10.0,0.4657812714576721,0.6681770086288452,0.05723561719059944,0.23769888281822205,197,72
0.021877050399780273,positive,10.0,10.0,0.4885905385017395,0.2763504981994629,0.07294704020023346,0.8594242930412292,197,74
0.022672653198242188,positive,10.0,10.0,0.6791566610336304,1.0429871082305908,0.0679396316409111,-0.007657010108232498,197,84
0.02281665802001953,positive,10.0,10.0,0.7169556021690369,0.6509408354759216,0.0738997757434845,0.618931770324707,197,86
0.02288079261779785,positive,10.0,10.0,0.7299744486808777,0.8449569940567017,0.08627840876579285,0.35040855407714844,197,87
0.02318572998046875,positive,10.0,10.0,0.8208183646202087,1.229775309562683,0.0827549546957016,-0.11692254990339279,197,91
0.02333545684814453,positive,10.0,10.0,0.8738862872123718,1.2274538278579712,0.07276865839958191,-0.06547700613737106,197,93
0.023400545120239258,positive,10.0,10.0,0.8984353542327881,1.4214611053466797,0.07145912200212479,-0.33434268832206726,197,94
0.02346348762512207,positive,10.0,10.0,0.9268645644187927,1.2253987789154053,0.06477226316928864,-0.020008569583296776,197,95
0.02352595329284668,positive,10.0,10.0,0.9513725638389587,1.0294106006622314,0.06437209248542786,0.2923869490623474,197,96
0.02366924285888672,positive,10.0,10.0,0.9886294007301331,0.6374025940895081,0.08231297880411148,0.918605387210846,197,98
0.024547100067138672,positive,10.0,10.0,1.286965012550354,1.9835243225097656,0.08545136451721191,-0.7006059885025024,197,109
0.024693965911865234,positive,10.0,10.0,1.370182752609253,1.9813591241836548,0.05213498696684837,-0.650969922542572,197,111
0.02484273910522461,positive,10.0,10.0,1.4455209970474243,1.5898953676223755,0.03226885944604874,-0.03757994994521141,197,113
0.02490830421447754,positive,10.0,10.0,1.4773188829421997,1.394325852394104,0.031517259776592255,0.2651069462299347,197,114
0.024972200393676758,positive,10.0,10.0,1.5052053928375244,1.1987686157226562,0.036819398403167725,0.5675617456436157,197,115
0.025120019912719727,positive,10.0,10.0,1.549243688583374,0.8074072003364563,0.06560289859771729,1.1790435314178467,197,117
0.0005557537078857422,positive,10.0,10.0,-0.03274508938193321,-0.17720133066177368,0.052996255457401276,0.3276178240776062,198,3
0.0007083415985107422,positive,10.0,10.0,-0.0359465628862381,-0.17879536747932434,0.06059075519442558,0.3629677891731262,198,5
0.0009381771087646484,positive,10.0,10.0,-0.04282636567950249,0.013458420522511005,0.07771556079387665,0.13334685564041138,198,8
0.0010864734649658203,positive,10.0,10.0,-0.03840947523713112,0.40127015113830566,0.07770566642284393,-0.4001213014125824,198,10
0.0013124942779541016,positive,10.0,10.0,-0.026099560782313347,-0.186936154961586,0.0726204663515091,0.5431884527206421,198,13
0.0013775825500488281,positive,10.0,10.0,-0.029838284477591515,0.00709411920979619,0.0834842398762703,0.27424177527427673,198,14
0.001523733139038086,positive,10.0,10.0,-0.025677764788269997,0.3946726620197296,0.0891493484377861,-0.2543256878852844,198,16
0.0016710758209228516,positive,10.0,10.0,-0.006015990860760212,0.39221736788749695,0.0737106055021286,-0.1996673345565796,198,18
0.0017437934875488281,positive,10.0,10.0,0.0018283568788319826,0.5862119197845459,0.06971725821495056,-0.468217670917511,198,19
0.0018084049224853516,positive,10.0,10.0,0.013552594929933548,0.390177845954895,0.06035290285944939,-0.15440064668655396,198,20
0.0022726058959960938,positive,10.0,10.0,0.032800812274217606,0.38436856865882874,0.08854762464761734,-0.026066215708851814,198,26
0.002336740493774414,positive,10.0,10.0,0.04048818349838257,0.5781164169311523,0.08802630007266998,-0.28955042362213135,198,27
0.002640962600708008,positive,10.0,10.0,0.08659294247627258,0.5734249353408813,0.06807319074869156,-0.18531179428100586,198,31
0.002704143524169922,positive,10.0,10.0,0.0980614423751831,0.3773983418941498,0.06436695158481598,0.12804509699344635,198,32
0.003006458282470703,positive,10.0,10.0,0.12813815474510193,0.7633951902389526,0.07715553790330887,-0.3651074767112732,198,36
0.003070354461669922,positive,10.0,10.0,0.14340606331825256,0.5672663450241089,0.06985338777303696,-0.04912826791405678,198,37
0.003134012222290039,positive,10.0,10.0,0.15475139021873474,0.37121590971946716,0.06887082010507584,0.2647504210472107,198,38
0.003197193145751953,positive,10.0,10.0,0.162175714969635,0.1751820147037506,0.07416582852602005,0.5783361792564392,198,39
0.003502368927001953,positive,10.0,10.0,0.19945670664310455,0.9503651857376099,0.08850216865539551,-0.4788884222507477,198,43
0.003647327423095703,positive,10.0,10.0,0.23354627192020416,0.9480211138725281,0.07573088258504868,-0.4264535903930664,198,45
0.0037119388580322266,positive,10.0,10.0,0.25250670313835144,0.7519127726554871,0.06720180809497833,-0.11089061200618744,198,46
0.0037751197814941406,positive,10.0,10.0,0.2675449550151825,0.5558954477310181,0.06498400121927261,0.20221419632434845,198,47
0.0038378238677978516,positive,10.0,10.0,0.27866286039352417,0.35990720987319946,0.06902828067541122,0.5146678686141968,198,48
0.003900289535522461,positive,10.0,10.0,0.28586098551750183,0.5539925694465637,0.07932163774967194,0.24451132118701935,198,49
0.004058837890625,positive,10.0,10.0,0.311898797750473,0.9417169094085693,0.08376916497945786,-0.28710517287254333,198,51
0.004122495651245117,positive,10.0,10.0,0.33073312044143677,0.7455064058303833,0.07802706211805344,0.030777834355831146,198,52
0.004358768463134766,positive,10.0,10.0,0.38709867000579834,1.3273497819900513,0.06385298073291779,-0.7716830372810364,198,55
0.004422903060913086,positive,10.0,10.0,0.4136456847190857,1.5215376615524292,0.048419322818517685,-1.0436112880706787,198,56
0.004485607147216797,positive,10.0,10.0,0.44407641887664795,1.7159843444824219,0.027547094970941544,-1.3207098245620728,198,57
0.004634857177734375,positive,10.0,10.0,0.5166110396385193,2.10585618019104,-0.030960017815232277,-1.8969753980636597,198,59
0.004944801330566406,negative,10.0,-10.0,0.6695481538772583,2.1094353199005127,-0.1613764762878418,-1.9958407878875732,198,63
0.005011320114135742,negative,10.0,-10.0,0.7117368578910828,2.3058362007141113,-0.20129330456256866,-2.3338534832000732,198,64
0.0002624988555908203,positive,10.0,10.0,0.017086660489439964,0.005809969734400511,-0.027436785399913788,-0.03793523460626602,199,0
0.0003635883331298828,positive,10.0,10.0,0.01720285974442959,-0.18890801072120667,-0.028195491060614586,0.24596640467643738,199,1
0.00043511390686035156,positive,10.0,10.0,0.013424700126051903,-0.3836161494255066,-0.023276161402463913,0.5296241641044617,199,2
0.0006020069122314453,positive,10.0,10.0,0.0019888849928975105,-0.3831130564212799,-0.008089705370366573,0.5183539390563965,199,4
0.0006678104400634766,positive,10.0,10.0,-0.00567337591201067,-0.18787814676761627,0.0022773733362555504,0.22313278913497925,199,5
0.0008995532989501953,positive,10.0,10.0,-0.02085171453654766,-0.3833678662776947,0.021590329706668854,0.5240002274513245,199,8
0.0009646415710449219,positive,10.0,10.0,-0.028519071638584137,-0.18855632841587067,0.0320703350007534,0.23819807171821594,199,9
0.0010418891906738281,positive,10.0,10.0,-0.032290197908878326,-0.3841214179992676,0.036834295839071274,0.54082190990448,199,10
0.0020034313201904297,positive,10.0,10.0,-0.047556377947330475,-0.004837587010115385,0.07435359805822372,0.19746199250221252,199,22
0.002068758010864258,positive,10.0,10.0,-0.04765312746167183,0.18914644420146942,0.07830283790826797,-0.0708702802658081,199,23
0.002132892608642578,positive,10.0,10.0,-0.04387019947171211,0.38306358456611633,0.07688543945550919,-0.337857186794281,199,24
0.002281665802001953,positive,10.0,10.0,-0.03247019648551941,-0.009117401205003262,0.06968922168016434,0.2920052111148834,199,26
0.002508401870727539,positive,10.0,10.0,-0.021375492215156555,0.572866678237915,0.07105433195829391,-0.5136250853538513,199,29
0.00273895263671875,positive,10.0,10.0,0.0012359048705548048,-0.015004354529082775,0.059029269963502884,0.421842485666275,199,32
0.0028052330017089844,positive,10.0,10.0,0.0009358177776448429,-0.21091076731681824,0.0674661174416542,0.7325348258018494,199,33
0.004180192947387695,positive,10.0,10.0,0.1432652473449707,0.736457109451294,0.08737465739250183,-0.10980420559644699,199,50
0.004327058792114258,positive,10.0,10.0,0.17659889161586761,0.7340033054351807,0.07770472764968872,-0.0554141029715538,199,52
0.0044727325439453125,positive,10.0,10.0,0.20983755588531494,0.731805682182312,0.07014436274766922,-0.006782963406294584,199,54
0.004618406295776367,positive,10.0,10.0,0.23518870770931244,0.3397054374217987,0.07615230977535248,0.6210951209068298,199,56
0.004681825637817383,positive,10.0,10.0,0.2419828176498413,0.5336859822273254,0.08857421576976776,0.35333478450775146,199,57
0.00491023063659668,positive,10.0,10.0,0.2856268882751465,1.1146763563156128,0.09401381015777588,-0.4316229522228241,199,60
0.004973173141479492,positive,10.0,10.0,0.3079204261302948,0.9183577299118042,0.08538135141134262,-0.11084601283073425,199,61
0.005036115646362305,positive,10.0,10.0,0.3262875974178314,1.112159013748169,0.08316443115472794,-0.3754173815250397,199,62
0.005339622497558594,positive,10.0,10.0,0.40732482075691223,0.7177935242652893,0.06778209656476974,0.3029514253139496,199,66
0.00549006462097168,positive,10.0,10.0,0.43211618065834045,0.7157911658287048,0.08616548031568527,0.34767505526542664,199,68
0.0057201385498046875,positive,10.0,10.0,0.4866889715194702,1.296907663345337,0.09121507406234741,-0.43989455699920654,199,71
0.005784511566162109,positive,10.0,10.0,0.512627124786377,1.1006211042404175,0.08241718262434006,-0.11990875005722046,199,72
0.00609135627746582,positive,10.0,10.0,0.6083416938781738,1.4863694906234741,0.06418098509311676,-0.6072117686271667,199,76
0.006237506866455078,positive,10.0,10.0,0.6716798543930054,1.8749159574508667,0.03445656970143318,-1.1548888683319092,199,78
0.006302833557128906,positive,10.0,10.0,0.7091781497001648,2.0695719718933105,0.011358791030943394,-1.436571478843689,199,79
