timestamp,feedback,magnitude,reward,cart_position,cart_velocity,pole_angle,pole_velocity,episode,timestep
0.00041556358337402344,positive,10.0,10.0,-0.02345697581768036,-0.211045041680336,0.03734977915883064,0.27074575424194336,0,1
0.0005559921264648438,positive,10.0,10.0,-0.03581146523356438,-0.6023740768432617,0.05426411330699921,0.8808135390281677,0,3
0.0006604194641113281,positive,10.0,10.0,-0.04785894602537155,-0.7981895208358765,0.07188038527965546,1.1900501251220703,0,4
0.00083160400390625,negative,10.0,-10.0,-0.09191101044416428,-0.6068570017814636,0.1389339119195938,0.9870173335075378,0,7
0.0009908676147460938,negative,10.0,-10.0,-0.12454010546207428,-0.8076914548873901,0.19507654011249542,1.420835256576538,0,10
0.00031757354736328125,positive,10.0,10.0,-0.018497414886951447,-0.22299407422542572,-0.011569620110094547,0.32298654317855835,1,1
0.0004019737243652344,positive,10.0,10.0,-0.022957295179367065,-0.027709295973181725,-0.005109889432787895,0.02667759358882904,1,2
0.0004723072052001953,positive,10.0,10.0,-0.023511480540037155,-0.22275759279727936,-0.004576337523758411,0.3177439272403717,1,3
0.0007724761962890625,positive,10.0,10.0,-0.04913795366883278,-0.6134345531463623,0.03257349878549576,0.9129152894020081,1,7
0.0008409023284912109,positive,10.0,10.0,-0.06140664592385292,-0.8089816570281982,0.05083180591464043,1.2156553268432617,1,8
0.0011897087097167969,negative,10.0,-10.0,-0.13470765948295593,-0.6206486821174622,0.16566042602062225,1.084808111190796,1,13
0.0013284683227539062,negative,10.0,-10.0,-0.15568168461322784,-0.6251685619354248,0.20432361960411072,1.1936113834381104,1,15
0.00035262107849121094,positive,10.0,10.0,0.009784816764295101,0.04809122905135155,0.038783349096775055,-0.022882288321852684,2,0
0.0014100074768066406,positive,10.0,10.0,0.00873514637351036,0.24145488440990448,0.043989863246679306,-0.2770674526691437,2,3
0.002485036849975586,positive,10.0,10.0,0.019284600391983986,0.43482741713523865,0.034008707851171494,-0.5312699675559998,2,6
0.002950429916381836,positive,10.0,10.0,0.07529307901859283,0.044427625834941864,-0.03395233675837517,0.057981833815574646,2,12
0.0030896663665771484,positive,10.0,10.0,0.07317779958248138,-0.3448318541049957,-0.025997458025813103,0.6219264268875122,2,14
0.003155231475830078,positive,10.0,10.0,0.06628116220235825,-0.539581298828125,-0.013558929786086082,0.9063095450401306,2,15
0.004323244094848633,positive,10.0,10.0,0.03781469166278839,-0.7348087430000305,0.03482545539736748,1.201415777206421,2,18
0.004569530487060547,positive,10.0,10.0,0.02311851643025875,-0.9303633570671082,0.05885377153754234,1.5048065185546875,2,19
0.00047516822814941406,positive,10.0,10.0,0.0015871025389060378,-0.562040388584137,0.0017188920173794031,0.8258440494537354,3,3
0.0006318092346191406,positive,10.0,10.0,-0.02479742094874382,-0.5623077750205994,0.040617115795612335,0.832159698009491,3,5
0.001093149185180664,negative,10.0,-10.0,-0.11205299198627472,-0.9595162272453308,0.17616015672683716,1.591286301612854,3,11
0.0004513263702392578,positive,10.0,10.0,-0.02970774844288826,-0.5358889698982239,0.00836922973394394,0.8358736634254456,4,3
0.0005249977111816406,positive,10.0,10.0,-0.04042552784085274,-0.7311242818832397,0.025086702778935432,1.1311768293380737,4,4
0.0009722709655761719,positive,10.0,10.0,-0.0735793262720108,-1.12224280834198,0.07634266465902328,1.738824486732483,4,6
0.0004086494445800781,positive,10.0,10.0,0.040952421724796295,-0.22020773589611053,0.050619617104530334,0.3533477783203125,5,3
0.0005540847778320312,positive,10.0,10.0,0.03603145107626915,-0.22174020111560822,0.05922750383615494,0.3873573839664459,5,5
0.0006203651428222656,positive,10.0,10.0,0.031596649438142776,-0.41765066981315613,0.06697464734315872,0.6981105208396912,5,6
0.0009725093841552734,negative,10.0,-10.0,-0.041594620794057846,-0.6197598576545715,0.1887383610010147,1.161873459815979,5,11
0.00012564659118652344,positive,10.0,10.0,-0.033267293125391006,0.016784729436039925,0.0366671159863472,0.040500130504369736,6,0
0.00020933151245117188,positive,10.0,10.0,-0.03293159604072571,-0.17884331941604614,0.037477120757102966,0.3445226848125458,6,1
0.0003921985626220703,positive,10.0,10.0,-0.04399802163243294,-0.5701888203620911,0.0573432557284832,0.955101490020752,6,3
0.0018012523651123047,negative,10.0,-10.0,-0.05029476433992386,-0.5936811566352844,0.16777509450912476,1.489781379699707,6,19
0.0018734931945800781,negative,10.0,-10.0,-0.062168385833501816,-0.4009521007537842,0.19757072627544403,1.2538418769836426,6,20
0.0001468658447265625,positive,10.0,10.0,0.028798891231417656,0.012793484143912792,-0.005060377065092325,0.008668806403875351,7,0
0.00024580955505371094,positive,10.0,10.0,0.029054760932922363,-0.18225553631782532,-0.004887001123279333,0.29975083470344543,7,1
0.0004134178161621094,positive,10.0,10.0,0.017863500863313675,-0.1822010576725006,0.012925785966217518,0.29855480790138245,7,3
0.0004849433898925781,positive,10.0,10.0,0.014219478704035282,0.012734275311231613,0.018896881490945816,0.009976299479603767,7,4
0.0006246566772460938,positive,10.0,10.0,0.018625767901539803,0.40242457389831543,0.013562707230448723,-0.5632843375205994,7,6
0.0006878376007080078,positive,10.0,10.0,0.026674259454011917,0.20711496472358704,0.002297020750120282,-0.2663595378398895,7,7
0.0008251667022705078,positive,10.0,10.0,0.03886064141988754,0.2071247696876526,-0.01419651135802269,-0.2665903568267822,7,9
0.001026153564453125,positive,10.0,10.0,0.05520414188504219,0.012934574857354164,-0.0363476537168026,0.005561066325753927,7,12
0.001088857650756836,positive,10.0,10.0,0.05546283349394798,0.20855844020843506,-0.03623643144965172,-0.2983647882938385,7,13
0.0012183189392089844,positive,10.0,10.0,0.059913426637649536,-0.18052083253860474,-0.042550262063741684,0.2617473602294922,7,15
0.0012786388397216797,positive,10.0,10.0,0.056303009390830994,0.015181868337094784,-0.03731531649827957,-0.04404699429869652,7,16
0.0013382434844970703,positive,10.0,10.0,0.05660664662718773,-0.17938567698001862,-0.03819625452160835,0.23663300275802612,7,17
0.001397848129272461,positive,10.0,10.0,0.05301893502473831,0.01626056805253029,-0.03346359729766846,-0.0678492859005928,7,18
0.0014562606811523438,positive,10.0,10.0,0.05334414541721344,-0.1783660352230072,-0.03482058271765709,0.21409070491790771,7,19
0.0015139579772949219,positive,10.0,10.0,0.049776822328567505,-0.37297332286834717,-0.03053876757621765,0.4955894947052002,7,20
0.0015711784362792969,positive,10.0,10.0,0.042317356914281845,-0.5676515698432922,-0.0206269770860672,0.7784937620162964,7,21
0.001699209213256836,positive,10.0,10.0,0.023519281297922134,-0.567302405834198,0.0045307595282793045,0.7704778909683228,7,23
0.0018260478973388672,positive,10.0,10.0,-0.0030764932744205,-0.9578664898872375,0.041231974959373474,1.3634568452835083,7,25
0.0018858909606933594,positive,10.0,10.0,-0.02223382331430912,-1.153480052947998,0.06850111484527588,1.6687465906143188,7,26
0.0020813941955566406,negative,10.0,-10.0,-0.10319724678993225,-1.351794719696045,0.18760272860527039,2.0583975315093994,7,29
0.0003056526184082031,positive,10.0,10.0,-0.046426162123680115,-0.17283722758293152,0.003400568151846528,0.3344660699367523,8,1
0.0003879070281982422,positive,10.0,10.0,-0.049882907420396805,0.022236159071326256,0.010089889168739319,0.042857445776462555,8,2
0.0006222724914550781,positive,10.0,10.0,-0.04465523362159729,-0.1732722669839859,0.0070043508894741535,0.3440651297569275,8,5
0.0007715225219726562,positive,10.0,10.0,-0.04768569394946098,-0.1735689342021942,0.014957636594772339,0.3506305515766144,8,7
0.0009839534759521484,positive,10.0,10.0,-0.054212186485528946,0.020691482350230217,0.03046896681189537,0.07696413993835449,8,10
0.0010485649108886719,positive,10.0,10.0,-0.05379835516214371,-0.17485371232032776,0.032008249312639236,0.37910228967666626,8,11
0.0011150836944580078,positive,10.0,10.0,-0.057295430451631546,0.019799407571554184,0.039590295404195786,0.09668097645044327,8,12
0.001184225082397461,positive,10.0,10.0,-0.05689943954348564,-0.17586694657802582,0.04152391478419304,0.40158703923225403,8,13
0.001249074935913086,positive,10.0,10.0,-0.06041678041219711,0.018642183393239975,0.04955565556883812,0.12227936089038849,8,14
0.0013120174407958984,positive,10.0,10.0,-0.06004393473267555,0.2130204141139984,0.052001241594552994,-0.1543666571378708,8,15
0.0015897750854492188,positive,10.0,10.0,-0.05869637057185173,-0.18018527328968048,0.06496051698923111,0.49746671319007874,8,19
0.0018389225006103516,positive,10.0,10.0,-0.057862017303705215,0.4018377959728241,0.07858467102050781,-0.30880528688430786,8,22
0.001977205276489258,positive,10.0,10.0,-0.03791011869907379,0.3996989130973816,0.0608944296836853,-0.2611202299594879,8,24
0.0021810531616210938,positive,10.0,10.0,-0.025683104991912842,0.20216119289398193,0.06387156248092651,0.08555874228477478,8,27
0.0022454261779785156,positive,10.0,10.0,-0.021639881655573845,0.006184590980410576,0.06558273732662201,0.39768970012664795,8,28
0.002447843551635742,positive,10.0,10.0,-0.009623564779758453,0.19818918406963348,0.07321973890066147,0.1734537035226822,8,31
0.0025110244750976562,positive,10.0,10.0,-0.00565978093072772,0.002099837176501751,0.07668881118297577,0.48830699920654297,8,32
0.0025730133056640625,positive,10.0,10.0,-0.005617784336209297,0.19606079161167145,0.08645495027303696,0.22074511647224426,8,33
0.002634763717651367,positive,10.0,10.0,-0.0016965686809271574,-0.00018372181511949748,0.09086985141038895,0.5393985509872437,8,34
0.0033867359161376953,negative,10.0,-10.0,0.04719097912311554,-0.21405094861984253,0.17341221868991852,1.2600427865982056,8,45
0.00033164024353027344,positive,10.0,10.0,-0.05010111629962921,-0.21955198049545288,0.0055721779353916645,0.26105010509490967,9,1
0.0005168914794921875,positive,10.0,10.0,-0.06278721988201141,-0.21978425979614258,0.021902887150645256,0.26622238755226135,9,3
0.0006389617919921875,positive,10.0,10.0,-0.06718289852142334,-0.024981653317809105,0.027227334678173065,-0.019472511485219002,9,4
0.0007259845733642578,positive,10.0,10.0,-0.06768253445625305,-0.22048327326774597,0.02683788537979126,0.2816750705242157,9,5
0.001123666763305664,positive,10.0,10.0,-0.08201409131288528,-0.027783947065472603,0.04524216055870056,0.042394816875457764,9,10
0.0012736320495605469,positive,10.0,10.0,-0.0870402604341507,-0.4192706048488617,0.05307009443640709,0.6558548808097839,9,12
0.0016093254089355469,positive,10.0,10.0,-0.10507827997207642,-0.423012375831604,0.0844641849398613,0.7398985028266907,9,16
0.002422809600830078,negative,10.0,-10.0,-0.10230384021997452,-0.24560239911079407,0.13872046768665314,0.8429104089736938,9,27
0.0026397705078125,negative,10.0,-10.0,-0.105467788875103,0.33241692185401917,0.17465509474277496,0.12142063677310944,9,30
0.002707958221435547,negative,10.0,-10.0,-0.09881944954395294,0.1352788656949997,0.17708350718021393,0.46371695399284363,9,31
0.0027740001678466797,negative,10.0,-10.0,-0.09611387550830841,0.3275144100189209,0.18635784089565277,0.23166388273239136,9,32
0.0003790855407714844,positive,10.0,10.0,0.03410963714122772,-0.36814364790916443,0.03384482488036156,0.5572704076766968,10,2
0.0005311965942382812,positive,10.0,10.0,0.015472283586859703,-0.7594287991523743,0.06219865754246712,1.1669042110443115,10,4
0.000885009765625,negative,10.0,-10.0,-0.052903126925230026,-0.5717781782150269,0.17282575368881226,1.0513705015182495,10,9
0.0001761913299560547,positive,10.0,10.0,-0.04296061396598816,-0.043072495609521866,0.016840901225805283,-0.028886040672659874,11,0
0.0003895759582519531,positive,10.0,10.0,-0.04859070107340813,-0.43378207087516785,0.021644428372383118,0.5668301582336426,11,2
0.0005385875701904297,positive,10.0,10.0,-0.0698503628373146,-0.8247557878494263,0.050306085497140884,1.169120192527771,11,4
0.0006091594696044922,positive,10.0,10.0,-0.08634547144174576,-1.0204946994781494,0.07368849217891693,1.4771409034729004,11,5
0.0008969306945800781,negative,10.0,-10.0,-0.1447262316942215,-0.6363149881362915,0.1603853851556778,1.0345795154571533,11,9
0.0010364055633544922,negative,10.0,-10.0,-0.16632546484470367,-0.2514101266860962,0.19700174033641815,0.5655434131622314,11,11
0.0011034011840820312,negative,10.0,-10.0,-0.17135366797447205,-0.059517763555049896,0.20831260085105896,0.3408169150352478,11,12
0.00036454200744628906,positive,10.0,10.0,0.00028266265871934593,-0.0005111002246849239,-0.02899940311908722,0.00422440841794014,12,0
0.0007352828979492188,positive,10.0,10.0,-0.003631667699664831,0.00031669685267843306,-0.023162545636296272,-0.014041912741959095,12,2
0.0009074211120605469,positive,10.0,10.0,-0.0036253337748348713,0.19576303660869598,-0.02344338409602642,-0.31394195556640625,12,3
0.0010478496551513672,positive,10.0,10.0,0.0002899270912166685,0.0009827539324760437,-0.029722223058342934,-0.028743544593453407,12,4
0.001664876937866211,positive,10.0,10.0,-0.007385841105133295,0.0025747029576450586,-0.021423008292913437,-0.06386272609233856,12,8
0.0017910003662109375,positive,10.0,10.0,-0.007334347348660231,-0.19223365187644958,-0.022700263187289238,0.22198486328125,12,9
0.0019068717956542969,positive,10.0,10.0,-0.011179020628333092,-0.3870238959789276,-0.018260564655065536,0.5074216723442078,12,10
0.002030611038208008,positive,10.0,10.0,-0.01891949772834778,-0.19164948165416718,-0.008112131617963314,0.2090405821800232,12,11
0.002141237258911133,positive,10.0,10.0,-0.022752488031983376,-0.38665449619293213,-0.003931320272386074,0.4991535544395447,12,12
0.002271890640258789,positive,10.0,10.0,-0.030485577881336212,-0.19147734344005585,0.0060517508536577225,0.20523427426815033,12,13
0.0024046897888183594,positive,10.0,10.0,-0.03431512415409088,-0.386685311794281,0.010156436823308468,0.4998200833797455,12,14
0.0032007694244384766,positive,10.0,10.0,-0.05742667615413666,-0.19338944554328918,0.0378914438188076,0.24756868183612823,12,19
0.003506898880004883,positive,10.0,10.0,-0.06127103790640831,-0.19453787803649902,0.04218430072069168,0.2729607820510864,12,21
0.0036554336547851562,positive,10.0,10.0,-0.065161794424057,-0.39023557305336,0.0476435162127018,0.5786446928977966,12,22
0.003904581069946289,positive,10.0,10.0,-0.08468633890151978,-0.7818654179573059,0.07693536579608917,1.1966426372528076,12,24
0.004663228988647461,negative,10.0,-10.0,-0.13177898526191711,-0.3976353108882904,0.15279127657413483,0.7492631077766418,12,28
0.004900932312011719,negative,10.0,-10.0,-0.13973169028759003,-0.594497561454773,0.16777653992176056,1.085862398147583,12,29
0.000553131103515625,positive,10.0,10.0,0.04544568434357643,-0.3739084303379059,0.04145679622888565,0.6268541812896729,13,2
0.0007588863372802734,positive,10.0,10.0,0.0343797393143177,0.01492515578866005,0.0609440840780735,0.07233055680990219,13,4
0.0010373592376708984,positive,10.0,10.0,0.03132130205631256,0.20721973478794098,0.07228723168373108,-0.15855708718299866,13,7
0.0011277198791503906,positive,10.0,10.0,0.03546569496393204,0.40123632550239563,0.06911608576774597,-0.42758795619010925,13,8
0.0012440681457519531,positive,10.0,10.0,0.043490421026945114,0.20520702004432678,0.060564327985048294,-0.11394212394952774,13,9
0.0013535022735595703,positive,10.0,10.0,0.04759456217288971,0.009271900169551373,0.058285485953092575,0.1972167193889618,13,10
0.0018453598022460938,positive,10.0,10.0,0.04834925755858421,0.19972288608551025,0.08182694762945175,0.0072722481563687325,13,15
0.0020194053649902344,positive,10.0,10.0,0.05241428315639496,0.1973934769630432,0.08846458047628403,0.05886131525039673,13,17
0.002402782440185547,positive,10.0,10.0,0.08365567028522491,0.5826092958450317,0.0732056275010109,-0.4170975387096405,13,21
0.0024836063385009766,positive,10.0,10.0,0.0953078493475914,0.38653039932250977,0.06486368179321289,-0.10226365923881531,13,22
0.0027375221252441406,positive,10.0,10.0,0.13014860451221466,0.9691506028175354,0.04242183640599251,-0.9207854270935059,13,25
0.002905130386352539,positive,10.0,10.0,0.1650012582540512,0.5780327916145325,0.01170456875115633,-0.31493186950683594,13,27
0.0030694007873535156,positive,10.0,10.0,0.19202163815498352,0.9680320024490356,-0.006672082934528589,-0.8948760032653809,13,29
0.0031480789184570312,positive,10.0,10.0,0.21138226985931396,0.7730011343955994,-0.02456960268318653,-0.6042978167533875,13,30
0.003240346908569336,positive,10.0,10.0,0.22684229910373688,0.9684579372406006,-0.03665556013584137,-0.9046172499656677,13,31
0.003337383270263672,positive,10.0,10.0,0.2462114542722702,1.164056658744812,-0.05474790558218956,-1.2085925340652466,13,32
0.0038080215454101562,negative,10.0,-10.0,0.3550136089324951,0.9754977822303772,-0.1687355637550354,-1.0729576349258423,13,37
0.0038886070251464844,negative,10.0,-10.0,0.3745235502719879,0.7829587459564209,-0.19019471108913422,-0.8376239538192749,13,38
0.003965139389038086,negative,10.0,-10.0,0.3901827335357666,0.5908721089363098,-0.2069471925497055,-0.6102704405784607,13,39
0.00039505958557128906,positive,10.0,10.0,-0.041693758219480515,-0.0371677428483963,-0.029297813773155212,-0.0006772497436031699,14,0
0.0006892681121826172,positive,10.0,10.0,-0.0424371100962162,-0.2318575382232666,-0.02931135892868042,0.28261977434158325,14,1
0.001264333724975586,positive,10.0,10.0,-0.05560525134205818,-0.23110367357730865,-0.012340645305812359,0.2658742070198059,14,3
0.001352071762084961,positive,10.0,10.0,-0.060227323323488235,-0.42604735493659973,-0.00702316127717495,0.5546393990516663,14,4
0.0015094280242919922,positive,10.0,10.0,-0.07336482405662537,-0.42600730061531067,0.009264666587114334,0.5537157654762268,14,6
0.0015802383422851562,positive,10.0,10.0,-0.08188496530056,-0.23101665079593658,0.020338982343673706,0.2639661431312561,14,7
0.0017228126525878906,positive,10.0,10.0,-0.08722911775112152,-0.23167063295841217,0.025173647329211235,0.278421550989151,14,9
0.002003192901611328,positive,10.0,10.0,-0.10581408441066742,-0.2337500900030136,0.04858377203345299,0.3245588541030884,14,13
0.00206756591796875,positive,10.0,10.0,-0.11048908531665802,-0.03935236483812332,0.05507495254278183,0.04758434370160103,14,14
0.0024161338806152344,positive,10.0,10.0,-0.12239252030849457,0.1512496918439865,0.07517201453447342,-0.14590345323085785,14,19
0.0024814605712890625,positive,10.0,10.0,-0.11936752498149872,0.34521913528442383,0.07225394994020462,-0.4139561653137207,14,20
0.0025441646575927734,positive,10.0,10.0,-0.11246313899755478,0.5392465591430664,0.06397482007741928,-0.6830137372016907,14,21
0.0027222633361816406,positive,10.0,10.0,-0.0870097205042839,0.9278348684310913,0.03121676668524742,-1.2313493490219116,14,23
0.002794504165649414,positive,10.0,10.0,-0.06845302134752274,0.7323256134986877,0.006589781027287245,-0.9290521144866943,14,24
0.002860546112060547,positive,10.0,10.0,-0.05380650982260704,0.5371153354644775,-0.011991260573267937,-0.6343056559562683,14,25
0.0030002593994140625,positive,10.0,10.0,-0.02841615304350853,0.5376220941543579,-0.04329218715429306,-0.6459134817123413,14,27
0.003064870834350586,positive,10.0,10.0,-0.017663709819316864,0.7333196997642517,-0.05621045455336571,-0.9519087672233582,14,28
0.003127574920654297,positive,10.0,10.0,-0.0029973159544169903,0.9291512370109558,-0.07524862885475159,-1.261709213256836,14,29
0.003335714340209961,negative,10.0,-10.0,0.04891466721892357,0.7379686832427979,-0.14667272567749023,-1.0632654428482056,14,32
0.0034706592559814453,negative,10.0,-10.0,0.07457525283098221,0.3525858223438263,-0.1843375861644745,-0.584469199180603,14,34
0.0035402774810791016,negative,10.0,-10.0,0.08162696659564972,0.16045929491519928,-0.1960269808769226,-0.35505080223083496,14,35
0.003759622573852539,negative,10.0,-10.0,0.07974517345428467,-0.4148053526878357,-0.20388147234916687,0.3137269914150238,14,38
0.0038270950317382812,negative,10.0,-10.0,0.07144907116889954,-0.6065280437469482,-0.1976069211959839,0.5358278751373291,14,39
0.0038912296295166016,negative,10.0,-10.0,0.059318508952856064,-0.40925663709640503,-0.1868903636932373,0.18796031177043915,14,40
0.003954172134399414,negative,10.0,-10.0,0.051133375614881516,-0.6012816429138184,-0.1831311583518982,0.4163556396961212,14,41
0.004015922546386719,negative,10.0,-10.0,0.03910774365067482,-0.7934001684188843,-0.17480404675006866,0.6461744904518127,14,42
0.00415349006652832,negative,10.0,-10.0,0.0035255164839327335,-1.178307294845581,-0.14429828524589539,1.116845726966858,14,44
0.004355907440185547,positive,10.0,10.0,-0.07875949889421463,-1.7585564851760864,-0.06247752532362938,1.8748955726623535,14,47
0.004557609558105469,positive,10.0,10.0,-0.19594570994377136,-2.3430821895599365,0.06661974638700485,2.730560064315796,14,50
0.0005095005035400391,positive,10.0,10.0,-0.038646191358566284,-0.23746636509895325,-0.015935249626636505,0.2534913122653961,15,1
0.0009202957153320312,positive,10.0,10.0,-0.0433955192565918,-0.0421205498278141,-0.010865422897040844,-0.044174980372190475,15,2
0.001322031021118164,positive,10.0,10.0,-0.044237930327653885,-0.2370850294828415,-0.011748922057449818,0.24506010115146637,15,3
0.002561330795288086,positive,10.0,10.0,-0.08660634607076645,-0.6273868680000305,0.042691539973020554,0.8321781158447266,15,7
0.003358125686645508,positive,10.0,10.0,-0.09915408492088318,-0.823065459728241,0.05933510139584541,1.137976050376892,15,8
0.003770112991333008,positive,10.0,10.0,-0.11561539024114609,-0.6287674903869629,0.08209462463855743,0.8644763231277466,15,9
0.0157012939453125,negative,10.0,-10.0,-0.15535759925842285,-0.44118642807006836,0.13965101540088654,0.7422983050346375,15,14
0.01691579818725586,negative,10.0,-10.0,-0.16914613544940948,-0.44516441226005554,0.16442939639091492,0.8337302207946777,15,16
0.017304658889770508,negative,10.0,-10.0,-0.17804941534996033,-0.6421051025390625,0.18110400438308716,1.1732814311981201,15,17
0.018286943435668945,negative,10.0,-10.0,-0.19089151918888092,-0.4497387707233429,0.20456962287425995,0.9424050450325012,15,18
0.0003981590270996094,positive,10.0,10.0,-0.03221720829606056,-0.005745983216911554,0.0030021951533854008,0.01993943750858307,16,0
0.00072479248046875,positive,10.0,10.0,-0.032332129776477814,-0.20091086626052856,0.003400983987376094,0.3135680854320526,16,1
0.00116729736328125,positive,10.0,10.0,-0.03646709769964218,0.18914438784122467,0.01011153869330883,-0.2676559090614319,16,3
0.001295328140258789,positive,10.0,10.0,-0.03268420696258545,0.3841205835342407,0.004758420400321484,-0.5571325421333313,16,4
0.0014522075653076172,positive,10.0,10.0,-0.02500179596245289,0.1889321655035019,-0.006384229753166437,-0.2629542052745819,16,5
0.0018932819366455078,positive,10.0,10.0,-0.021223153918981552,-0.006098085083067417,-0.01164331380277872,0.02770823799073696,16,6
0.0020482540130615234,positive,10.0,10.0,-0.021345114335417747,-0.20105114579200745,-0.011089149862527847,0.3166949450969696,16,7
0.0021681785583496094,positive,10.0,10.0,-0.02536613866686821,-0.005773013457655907,-0.00475525064393878,0.02053561806678772,16,8
0.0022733211517333984,positive,10.0,10.0,-0.02548159845173359,-0.20082645118236542,-0.004344538319855928,0.31171441078186035,16,9
0.0023775100708007812,positive,10.0,10.0,-0.029498126357793808,-0.005642871838063002,0.001889750245027244,0.017664531245827675,16,10
0.002498626708984375,positive,10.0,10.0,-0.02961098402738571,-0.2007918804883957,0.0022430408280342817,0.3109430968761444,16,11
0.0026106834411621094,positive,10.0,10.0,-0.033626820892095566,-0.005701950751245022,0.008461902849376202,0.018968403339385986,16,12
0.0027000904083251953,positive,10.0,10.0,-0.03374085947871208,0.1892976313829422,0.008841270580887794,-0.2710327208042145,16,13
0.0029418468475341797,positive,10.0,10.0,-0.030073896050453186,-0.20112019777297974,0.0039091287180781364,0.31818580627441406,16,15
0.003359556198120117,positive,10.0,10.0,-0.04617574065923691,-0.5919548273086548,0.02963482402265072,0.9167848825454712,16,19
0.0034945011138916016,positive,10.0,10.0,-0.05801483616232872,-0.3972458243370056,0.047970522195100784,0.6335610151290894,16,20
0.003774404525756836,positive,10.0,10.0,-0.07018854469060898,-0.20463965833187103,0.06943702697753906,0.3966723084449768,16,23
0.0039484500885009766,positive,10.0,10.0,-0.07449270039796829,0.18336515128612518,0.07990376651287079,-0.14064082503318787,16,25
0.0040340423583984375,positive,10.0,10.0,-0.07082539796829224,0.37725719809532166,0.07709094882011414,-0.40708422660827637,16,26
0.004124879837036133,positive,10.0,10.0,-0.06328025460243225,0.5712062120437622,0.06894925981760025,-0.674501359462738,16,27
0.0043163299560546875,positive,10.0,10.0,-0.04435218870639801,0.5694887638092041,0.04824060574173927,-0.6356241106987,16,29
0.004405021667480469,positive,10.0,10.0,-0.032962411642074585,0.37372836470603943,0.03552812337875366,-0.32814785838127136,16,30
0.004587888717651367,positive,10.0,10.0,-0.021925462409853935,-0.017405986785888672,0.028475645929574966,0.27720314264297485,16,32
0.004778385162353516,positive,10.0,10.0,-0.02653202973306179,-0.018293295055627823,0.04559430107474327,0.2969547212123871,16,34
0.0050661563873291016,positive,10.0,10.0,-0.02376832626760006,0.17467428743839264,0.05846284329891205,0.05160908401012421,16,37
0.005154609680175781,positive,10.0,10.0,-0.020274842157959938,-0.021235110238194466,0.059495024383068085,0.3621494174003601,16,38
0.005743980407714844,positive,10.0,10.0,0.0013257971731945872,0.7553235292434692,0.055824000388383865,-0.7239552736282349,16,42
0.005848884582519531,positive,10.0,10.0,0.0164322666823864,0.9496307969093323,0.04134489595890045,-0.9985584616661072,16,43
0.005941867828369141,positive,10.0,10.0,0.03542488440871239,1.1441763639450073,0.021373726427555084,-1.2779754400253296,16,44
0.006282806396484375,positive,10.0,10.0,0.11577261984348297,1.3394758701324463,-0.07262109220027924,-1.5764104127883911,16,47
0.0067291259765625,negative,10.0,-10.0,0.21526318788528442,0.9554367661476135,-0.19053053855895996,-1.1435883045196533,16,51
0.0009708404541015625,positive,10.0,10.0,0.025884008035063744,0.00725878169760108,0.06069478765130043,0.08607259392738342,17,4
0.001064300537109375,positive,10.0,10.0,0.026029184460639954,-0.1886782944202423,0.062416236847639084,0.3972703218460083,17,5
0.001354217529296875,positive,10.0,10.0,0.026356766000390053,0.3935592472553253,0.06996405124664307,-0.41361698508262634,17,8
0.0014357566833496094,positive,10.0,10.0,0.03422795236110687,0.1975189447402954,0.06169171631336212,-0.09972328692674637,17,9
0.0015151500701904297,positive,10.0,10.0,0.038178328424692154,0.3917049765586853,0.05969724804162979,-0.37232235074043274,17,10
0.0016243457794189453,positive,10.0,10.0,0.046012427657842636,0.19578801095485687,0.052250802516937256,-0.061429839581251144,17,11
0.0020148754119873047,positive,10.0,10.0,0.04597901180386543,0.19254273176193237,0.0727008506655693,0.010267353616654873,17,15
0.0021028518676757812,positive,10.0,10.0,0.049829866737127304,0.38655081391334534,0.07290619611740112,-0.25862082839012146,17,16
0.0021851062774658203,positive,10.0,10.0,0.05756088346242905,0.19046787917613983,0.0677337795495987,0.05613768845796585,17,17
0.002447843551635742,positive,10.0,10.0,0.05722739174962044,-0.3976791501045227,0.08990398049354553,0.9986531734466553,17,20
0.0027980804443359375,negative,10.0,-10.0,0.017451219260692596,-0.40409207344055176,0.18535499274730682,1.1543540954589844,17,24
0.000274658203125,positive,10.0,10.0,0.034501250833272934,-0.008691464550793171,0.025851130485534668,-0.018292181193828583,18,0
0.00045752525329589844,positive,10.0,10.0,0.034327421337366104,-0.20417442917823792,0.025485286489129066,0.2824336886405945,18,1
0.0005652904510498047,positive,10.0,10.0,0.03024393320083618,-0.3996504545211792,0.03113396093249321,0.5830443501472473,18,2
0.0006575584411621094,positive,10.0,10.0,0.02225092425942421,-0.20497819781303406,0.0427948459982872,0.30032938718795776,18,3
0.0008797645568847656,positive,10.0,10.0,0.017941530793905258,0.18389783799648285,0.04923032224178314,-0.25545063614845276,18,5
0.0012516975402832031,positive,10.0,10.0,0.016966015100479126,-0.20899705588817596,0.053950726985931396,0.389236718416214,18,9
0.0013422966003417969,positive,10.0,10.0,0.012786073610186577,-0.0146807124838233,0.06173546239733696,0.11404012888669968,18,10
0.0016167163848876953,positive,10.0,10.0,0.00795043259859085,0.17754167318344116,0.07560130953788757,-0.11524084210395813,18,13
0.0017964839935302734,positive,10.0,10.0,0.01893133670091629,0.1754215955734253,0.06563355028629303,-0.06828389316797256,18,15
0.0020644664764404297,positive,10.0,10.0,0.017697125673294067,-0.022468768060207367,0.08028724789619446,0.2864871919155121,18,18
0.002342700958251953,positive,10.0,10.0,0.027980420738458633,0.55899977684021,0.08153664320707321,-0.5084062814712524,18,21
0.0025720596313476562,positive,10.0,10.0,0.046417005360126495,0.16676285862922668,0.0675448477268219,0.12313251197338104,18,23
0.0028564929962158203,positive,10.0,10.0,0.052463214844465256,0.35871803760528564,0.08206461369991302,-0.1003241315484047,18,26
0.003500699996948242,positive,10.0,10.0,0.10371462255716324,0.9385972023010254,0.053645193576812744,-0.8586993217468262,18,31
0.0036373138427734375,positive,10.0,10.0,0.12248656898736954,0.7427871823310852,0.036471206694841385,-0.5496426224708557,18,32
0.003767251968383789,positive,10.0,10.0,0.13734230399131775,0.9373783469200134,0.02547835372388363,-0.8306151628494263,18,33
0.003900766372680664,positive,10.0,10.0,0.1560898721218109,1.1321429014205933,0.008866051211953163,-1.1151773929595947,18,34
0.004033565521240234,positive,10.0,10.0,0.1787327378988266,0.9369057416915894,-0.013437497429549694,-0.8197265267372131,18,35
0.004163026809692383,positive,10.0,10.0,0.19747084379196167,1.1322089433670044,-0.029832027852535248,-1.116605520248413,18,36
0.004533290863037109,positive,10.0,10.0,0.23886485397815704,0.7431191205978394,-0.06883269548416138,-0.5575958490371704,18,38
0.004881143569946289,positive,10.0,10.0,0.2647077739238739,0.7451936602592468,-0.08573198318481445,-0.6041675806045532,18,40
0.005690336227416992,positive,10.0,10.0,0.3004966676235199,0.1672448068857193,-0.09390576183795929,0.11276170611381531,18,45
0.006001472473144531,positive,10.0,10.0,0.3033132553100586,-0.2201235592365265,-0.08416245877742767,0.6368396282196045,18,47
0.0067958831787109375,positive,10.0,10.0,0.2889041006565094,-0.21463003754615784,-0.03206710144877434,0.5133879780769348,18,53
0.007449150085449219,positive,10.0,10.0,0.2749261260032654,-0.21405160427093506,0.010399769060313702,0.5002801418304443,18,59
0.007561445236206055,positive,10.0,10.0,0.2706451117992401,-0.40931859612464905,0.020405370742082596,0.7962222695350647,18,60
0.0076830387115478516,positive,10.0,10.0,0.2624587416648865,-0.21448253095149994,0.03632981702685356,0.5100277662277222,18,61
0.007903337478637695,positive,10.0,10.0,0.25777125358581543,-0.21564564108848572,0.05111059546470642,0.5360008478164673,18,63
0.008127212524414062,positive,10.0,10.0,0.25303277373313904,0.17290906608104706,0.06702762097120285,-0.012707307003438473,18,65
0.008226394653320312,positive,10.0,10.0,0.2564909756183624,-0.023106928914785385,0.06677347421646118,0.30034783482551575,18,66
0.008318662643432617,positive,10.0,10.0,0.25602883100509644,0.17100287973880768,0.07278043031692505,0.029448799788951874,18,67
0.008678674697875977,positive,10.0,10.0,0.2667490839958191,0.5590110421180725,0.06858115643262863,-0.5080803632736206,18,69
0.009354829788208008,positive,10.0,10.0,0.3119388818740845,1.1419035196304321,0.021809162572026253,-1.3310624361038208,18,72
0.009710073471069336,positive,10.0,10.0,0.3537071943283081,0.7514557242393494,-0.025444794446229935,-0.7404672503471375,18,74
0.01004171371459961,positive,10.0,10.0,0.37987020611763,0.362163782119751,-0.04937212914228439,-0.17617172002792358,18,76
0.010918140411376953,positive,10.0,10.0,0.3650101125240326,-0.8050684332847595,0.012582697905600071,1.5030046701431274,18,82
0.011030197143554688,positive,10.0,10.0,0.34890875220298767,-1.0003408193588257,0.04264279082417488,1.7995892763137817,18,83
0.011468172073364258,negative,10.0,-10.0,0.2687965929508209,-1.004421591758728,0.18899759650230408,1.916727066040039,18,87
0.0008237361907958984,positive,10.0,10.0,-0.02353975921869278,-0.17599225044250488,0.025446690618991852,0.28445833921432495,19,5
0.0009183883666992188,positive,10.0,10.0,-0.027059603482484818,-0.3714677095413208,0.031135857105255127,0.5850571393966675,19,6
0.0010161399841308594,positive,10.0,10.0,-0.03448895737528801,-0.17679542303085327,0.0428369976580143,0.3023426830768585,19,7
0.0010974407196044922,positive,10.0,10.0,-0.038024865090847015,-0.3725008964538574,0.04888385161757469,0.6082218289375305,19,8
0.0011768341064453125,positive,10.0,10.0,-0.045474883168935776,-0.17809520661830902,0.06104828789830208,0.33132776618003845,19,9
0.0013470649719238281,positive,10.0,10.0,-0.04871464893221855,0.21019667387008667,0.06884492933750153,-0.21208269894123077,19,11
0.001600503921508789,positive,10.0,10.0,-0.03225933387875557,0.012435004115104675,0.05155859515070915,0.13954663276672363,19,14
0.001682281494140625,positive,10.0,10.0,-0.03201063349843025,0.2067820429801941,0.05434952676296234,-0.13643503189086914,19,15
0.001889944076538086,positive,10.0,10.0,-0.019853292033076286,0.20527082681655884,0.04339106008410454,-0.10298842936754227,19,17
0.002293109893798828,positive,10.0,10.0,-0.011309145949780941,-0.18740074336528778,0.04847351834177971,0.5365412831306458,19,21
0.0029277801513671875,negative,10.0,-10.0,-0.04962325841188431,-0.7800024151802063,0.14962942898273468,1.5880708694458008,19,28
0.003015756607055664,negative,10.0,-10.0,-0.06522330641746521,-0.9765520095825195,0.18139085173606873,1.9234280586242676,19,29
0.0010442733764648438,positive,10.0,10.0,0.03134993463754654,-0.41562536358833313,0.02583126537501812,0.5525997281074524,20,2
0.0013852119445800781,positive,10.0,10.0,0.013103903271257877,-0.22327594459056854,0.048132333904504776,0.32128849625587463,20,7
0.0014672279357910156,positive,10.0,10.0,0.008638383820652962,-0.028871305286884308,0.054558105766773224,0.04416467994451523,20,8
0.0016083717346191406,positive,10.0,10.0,0.0035663293674588203,-0.03043985366821289,0.06251239776611328,0.07885170727968216,20,10
0.001707315444946289,positive,10.0,10.0,-0.0015704608522355556,-0.032243065536022186,0.0719011053442955,0.1187763586640358,20,12
0.0018367767333984375,positive,10.0,10.0,0.0010202577104791999,0.35576310753822327,0.0712689533829689,-0.4187406599521637,20,14
0.001980304718017578,positive,10.0,10.0,0.01060453150421381,-0.23219317197799683,0.06495228409767151,0.5186024904251099,20,17
0.0022203922271728516,positive,10.0,10.0,0.015314579010009766,0.1536470651626587,0.07410219311714172,0.0295100137591362,20,21
0.0022699832916259766,positive,10.0,10.0,0.01838752068579197,0.34763243794441223,0.07469239085912704,-0.23890338838100433,20,22
0.0024614334106445312,positive,10.0,10.0,0.06948476284742355,0.7342543601989746,0.023226803168654442,-0.7440409064292908,20,26
0.002553701400756836,positive,10.0,10.0,0.10275081545114517,0.7338162064552307,-0.012240509502589703,-0.7340332269668579,20,28
0.002643108367919922,positive,10.0,10.0,0.13600923120975494,1.1245746612548828,-0.04753204062581062,-1.3315552473068237,20,30
0.002871990203857422,negative,10.0,-10.0,0.2252451777458191,0.9354699850082397,-0.1501060128211975,-1.1821503639221191,20,35
0.0029125213623046875,negative,10.0,-10.0,0.24395456910133362,0.7425802946090698,-0.17374901473522186,-0.9400350451469421,20,36
0.0029523372650146484,negative,10.0,-10.0,0.25880616903305054,0.5501720309257507,-0.1925497204065323,-0.7065936923027039,20,37
0.00028824806213378906,positive,10.0,10.0,0.043294455856084824,-0.004214664921164513,0.04311466962099075,0.04630402475595474,21,0
0.0006265640258789062,positive,10.0,10.0,0.03910243883728981,-0.20127427577972412,0.05256210267543793,0.3821486532688141,21,3
0.0007319450378417969,positive,10.0,10.0,0.03507695347070694,-0.006936515681445599,0.06020507588982582,0.10649076104164124,21,4
0.0009045600891113281,positive,10.0,10.0,0.0308808796107769,-0.008681494742631912,0.07068577408790588,0.14514566957950592,21,6
0.0012118816375732422,positive,10.0,10.0,0.03006007894873619,0.376895010471344,0.08509083837270737,-0.338968962430954,21,10
0.0014240741729736328,positive,10.0,10.0,0.04901216924190521,0.7646540403366089,0.0662384033203125,-0.8706774711608887,21,12
0.0015187263488769531,positive,10.0,10.0,0.06430525332689285,0.5686966776847839,0.04882485792040825,-0.5579261779785156,21,13
0.002427339553833008,positive,10.0,10.0,0.1675453931093216,0.9581816792488098,-0.0680018737912178,-1.127564549446106,21,19
0.0032951831817626953,negative,10.0,-10.0,0.2400011569261551,0.5770102739334106,-0.1479102075099945,-0.7478705644607544,21,25
0.003414154052734375,negative,10.0,-10.0,0.2515413463115692,0.773829460144043,-0.16286762058734894,-1.0832030773162842,21,26
0.003505706787109375,negative,10.0,-10.0,0.2670179605484009,0.5811871886253357,-0.18453167378902435,-0.8457353711128235,21,27
0.003634214401245117,negative,10.0,-10.0,0.2786417007446289,0.3889974355697632,-0.20144638419151306,-0.6162900924682617,21,28
0.0006742477416992188,positive,10.0,10.0,-0.027576930820941925,-0.03149856999516487,0.05143588036298752,0.05048791691660881,22,2
0.0008535385131835938,positive,10.0,10.0,-0.03275328129529953,-0.032980188727378845,0.05962454527616501,0.08325012028217316,22,4
0.0010080337524414062,positive,10.0,10.0,-0.037990961223840714,-0.03470276668667793,0.069172203540802,0.12138578295707703,22,6
0.0011522769927978516,positive,10.0,10.0,-0.043299898505210876,-0.42680272459983826,0.08030121773481369,0.7494317889213562,22,8
0.0015902519226074219,negative,10.0,-10.0,-0.09103970229625702,-0.4366118013858795,0.17414997518062592,0.9770572781562805,22,14
0.0016720294952392578,negative,10.0,-10.0,-0.09977193921804428,-0.24419854581356049,0.19369111955165863,0.7437446713447571,22,15
0.0017726421356201172,negative,10.0,-10.0,-0.1046559140086174,-0.44139090180397034,0.20856600999832153,1.0905919075012207,22,16
0.0004360675811767578,positive,10.0,10.0,0.004313128534704447,-0.20449338853359222,-0.04702233895659447,0.3202454745769501,23,1
0.0005316734313964844,positive,10.0,10.0,0.00022326094040181488,-0.008734415285289288,-0.040617428719997406,0.013112109154462814,23,2
0.0006456375122070312,positive,10.0,10.0,4.857264138991013e-05,-0.20325103402137756,-0.04035518690943718,0.292708158493042,23,3
0.0007176399230957031,positive,10.0,10.0,-0.004016447812318802,-0.007577632553875446,-0.03450102359056473,-0.012424194253981113,23,4
0.0010404586791992188,positive,10.0,10.0,-0.02017322927713394,-0.005896503105759621,-0.013373744674026966,-0.049503158777952194,23,8
0.0013039112091064453,positive,10.0,10.0,-0.03222240135073662,-0.20048250257968903,0.000955764262471348,0.23136039078235626,23,11
0.001383066177368164,positive,10.0,10.0,-0.03623205050826073,-0.3956180810928345,0.005582972429692745,0.5243446230888367,23,12
0.001650094985961914,positive,10.0,10.0,-0.07168390601873398,-0.9816887974739075,0.05477500334382057,1.4191569089889526,23,15
0.0004508495330810547,positive,10.0,10.0,0.006563775707036257,-0.0029859391506761312,0.04769593104720116,0.04319462552666664,24,2
0.0010106563568115234,positive,10.0,10.0,-0.00573334563523531,-0.008353766053915024,0.075577512383461,0.16199587285518646,24,8
0.0014498233795166016,positive,10.0,10.0,0.016619252040982246,0.18143777549266815,0.06156783923506737,-0.01358301006257534,24,13
0.0017642974853515625,positive,10.0,10.0,0.01542219053953886,-0.21248699724674225,0.08620791137218475,0.6551129817962646,24,17
0.0022263526916503906,negative,10.0,-10.0,-0.014411034062504768,-0.2224910706281662,0.18063506484031677,0.8868025541305542,24,23
0.0022983551025390625,negative,10.0,-10.0,-0.01886085607111454,-0.030219949781894684,0.19837111234664917,0.6559066772460938,24,24
0.0012390613555908203,positive,10.0,10.0,0.029692938551306725,-0.5349138379096985,-0.0021651415154337883,0.9030775427818298,25,3
0.002735614776611328,negative,10.0,-10.0,-0.06487646698951721,-1.1251686811447144,0.15763908624649048,1.9074212312698364,25,10
0.002840280532836914,negative,10.0,-10.0,-0.08737984299659729,-1.321602702140808,0.19578750431537628,2.244572877883911,25,11
0.00021958351135253906,positive,10.0,10.0,0.04473131150007248,-0.17856042087078094,-0.023580411449074745,0.2858641445636749,26,1
0.0002665519714355469,positive,10.0,10.0,0.04116010293364525,0.016889745369553566,-0.01786312833428383,-0.014161600731313229,26,2
0.00030684471130371094,positive,10.0,10.0,0.04149789735674858,-0.17797152698040009,-0.01814636029303074,0.2728322148323059,26,3
0.00039958953857421875,positive,10.0,10.0,0.030481869354844093,-0.17753218114376068,-0.0014949783217161894,0.26308321952819824,26,5
0.0004372596740722656,positive,10.0,10.0,0.02693122625350952,-0.3726327419281006,0.0037666859570890665,0.5552942156791687,26,6
0.0005168914794921875,positive,10.0,10.0,0.01592729426920414,-0.37289494276046753,0.02014857903122902,0.5611369609832764,26,8
0.0005540847778320312,positive,10.0,10.0,0.008469394408166409,-0.17806147038936615,0.03137131780385971,0.2748693525791168,26,9
0.0005922317504882812,positive,10.0,10.0,0.00490816542878747,-0.37361663579940796,0.036868706345558167,0.5772794485092163,26,10
0.000629425048828125,positive,10.0,10.0,-0.002564167371019721,-0.17903032898902893,0.04841429367661476,0.29643526673316956,26,11
0.0007495880126953125,positive,10.0,10.0,-0.017250657081604004,-0.3764878809452057,0.07300076633691788,0.641770601272583,26,14
0.0009365081787109375,negative,10.0,-10.0,-0.07090570777654648,-0.7716478705406189,0.16243456304073334,1.3491876125335693,26,18
0.0005724430084228516,positive,10.0,10.0,-0.0047285589389503,-0.18560120463371277,0.05065855011343956,0.3478172719478607,27,3
0.0007407665252685547,positive,10.0,10.0,-0.008265283890068531,-0.18713361024856567,0.05904547870159149,0.381818950176239,27,5
0.00081634521484375,positive,10.0,10.0,-0.012007955461740494,0.007102406118065119,0.06668185442686081,0.10832194983959198,27,6
0.0009648799896240234,positive,10.0,10.0,-0.007841736078262329,0.005172017961740494,0.06559628993272781,0.1509833186864853,27,8
0.0010347366333007812,positive,10.0,10.0,-0.00773829547688365,-0.19082491099834442,0.06861595809459686,0.46361789107322693,27,9
0.0011811256408691406,positive,10.0,10.0,-0.0192917138338089,-0.5829477906227112,0.09343061596155167,1.0932518243789673,27,11
0.0014083385467529297,negative,10.0,-10.0,-0.050447434186935425,-0.7822366952896118,0.15507915616035461,1.4888570308685303,27,14
0.0014812946319580078,negative,10.0,-10.0,-0.06609217077493668,-0.9788699746131897,0.18485629558563232,1.8256781101226807,27,15
0.00026035308837890625,positive,10.0,10.0,0.02218789979815483,-0.038680605590343475,0.040029216557741165,0.048677992075681686,28,0
0.00038743019104003906,positive,10.0,10.0,0.021414287388324738,-0.2343529909849167,0.041002776473760605,0.3537169098854065,28,1
0.0004749298095703125,positive,10.0,10.0,0.016727227717638016,-0.43003326654434204,0.048077117651700974,0.6590420603752136,28,2
0.0005543231964111328,positive,10.0,10.0,0.008126562461256981,-0.6257901787757874,0.06125795841217041,0.9664673805236816,28,3
0.0012428760528564453,negative,10.0,-10.0,-0.061519522219896317,-0.24871233105659485,0.18596242368221283,0.6811181902885437,28,11
0.0004742145538330078,positive,10.0,10.0,0.006356379482895136,-0.23227393627166748,-0.022510135546326637,0.27410978078842163,29,1
0.0006768703460693359,positive,10.0,10.0,-0.00683045107871294,-0.6219464540481567,-0.005835763178765774,0.8468787670135498,29,3
0.0009291172027587891,positive,10.0,10.0,-0.05585421994328499,-1.2077765464782715,0.06253352016210556,1.7369327545166016,29,6
0.0011782646179199219,negative,10.0,-10.0,-0.12446997314691544,-1.4058864116668701,0.16227416694164276,2.1149563789367676,29,9
0.00035572052001953125,positive,10.0,10.0,0.04218927025794983,0.007230792660266161,0.03155393898487091,0.005936716217547655,30,0
0.0014345645904541016,positive,10.0,10.0,0.035012319684028625,-0.19049744307994843,0.04596167802810669,0.35643476247787476,30,5
0.0016117095947265625,positive,10.0,10.0,0.031202372163534164,0.003941945731639862,0.053090374916791916,0.07859168946743011,30,6
0.0021109580993652344,positive,10.0,10.0,0.03524649515748024,0.0024047314655035734,0.050724610686302185,0.1125333160161972,30,8
0.002447366714477539,positive,10.0,10.0,0.035350970923900604,-0.0005312244757078588,0.06166711077094078,0.17747943103313446,30,12
0.0025200843811035156,positive,10.0,10.0,0.03534034639596939,-0.1964789777994156,0.06521669775247574,0.48896101117134094,30,13
0.0025925636291503906,positive,10.0,10.0,0.031410764902830124,-0.0023348184768110514,0.07499592006206512,0.2175239771604538,30,14
0.002745389938354492,positive,10.0,10.0,0.03519685938954353,0.3855392336845398,0.07833456993103027,-0.31722262501716614,30,16
0.0028171539306640625,positive,10.0,10.0,0.04290764406323433,0.5794631242752075,0.07199011743068695,-0.5842096209526062,30,17
0.0030426979064941406,positive,10.0,10.0,0.06591475754976273,-0.008382527157664299,0.055737655609846115,0.3508217930793762,30,20
0.0031108856201171875,positive,10.0,10.0,0.06574710458517075,0.18590429425239563,0.06275409460067749,0.07622253149747849,30,21
0.0031790733337402344,positive,10.0,10.0,0.06946519017219543,-0.010058538056910038,0.06427854299545288,0.38802576065063477,30,22
0.0033228397369384766,positive,10.0,10.0,0.07294591516256332,0.3781147003173828,0.07436469942331314,-0.1528317630290985,30,24
0.003609895706176758,positive,10.0,10.0,0.09195016324520111,0.7661404609680176,0.06288488954305649,-0.690536618232727,30,26
0.0036895275115966797,positive,10.0,10.0,0.10727296769618988,0.9603360295295715,0.04907415807247162,-0.9627782106399536,30,27
0.0038461685180664062,positive,10.0,10.0,0.14957499504089355,0.9592735171318054,0.00502560893073678,-0.9377763271331787,30,29
0.003916501998901367,positive,10.0,10.0,0.16876046359539032,0.7640841603279114,-0.01372991781681776,-0.6435184478759766,30,30
0.004141330718994141,positive,10.0,10.0,0.21071819961071014,0.9602206349372864,-0.04682692512869835,-0.9592435956001282,30,33
0.00460052490234375,negative,10.0,-10.0,0.3225274682044983,0.7716799974441528,-0.17051832377910614,-0.8218165636062622,30,38
0.004675149917602539,negative,10.0,-10.0,0.3379610776901245,0.5792500376701355,-0.18695464730262756,-0.5872476696968079,30,39
0.004827022552490234,negative,10.0,-10.0,0.35728946328163147,0.1953456699848175,-0.2058754712343216,-0.13475218415260315,30,41
0.004896640777587891,negative,10.0,-10.0,0.361196368932724,0.003676009364426136,-0.20857052505016327,0.08658017963171005,30,42
0.004967689514160156,negative,10.0,-10.0,0.36126989126205444,-0.18794111907482147,-0.206838920712471,0.30690062046051025,30,43
0.005118131637573242,negative,10.0,-10.0,0.35769978165626526,0.2067847102880478,-0.20156553387641907,-0.391924113035202,30,45
0.005186557769775391,negative,10.0,-10.0,0.3618354797363281,0.015008275397121906,-0.20940402150154114,-0.16894321143627167,30,46
0.00025844573974609375,positive,10.0,10.0,0.04977969825267792,-0.026322750374674797,0.031768798828125,-0.02653706632554531,31,0
0.0003821849822998047,positive,10.0,10.0,0.04925324022769928,-0.221885547041893,0.03123805671930313,0.2759975790977478,31,1
0.0006160736083984375,positive,10.0,10.0,0.036466751247644424,-0.22285090386867523,0.048325348645448685,0.2974865734577179,31,3
0.0007960796356201172,positive,10.0,10.0,0.023637190461158752,-0.22430460155010223,0.06637528538703918,0.3299046754837036,31,5
0.0009624958038330078,positive,10.0,10.0,0.01854735240340233,0.1638166755437851,0.07415077835321426,-0.20992645621299744,31,7
0.0010769367218017578,positive,10.0,10.0,0.021823687478899956,0.35780438780784607,0.06995224952697754,-0.47832804918289185,31,8
0.0014162063598632812,positive,10.0,10.0,0.026930758729577065,-0.035830892622470856,0.06916597485542297,0.18362334370613098,31,12
0.0014955997467041016,positive,10.0,10.0,0.02621414139866829,-0.2318708300590515,0.0728384405374527,0.4972987473011017,31,13
0.0015697479248046875,positive,10.0,10.0,0.02157672308385372,-0.42794016003608704,0.08278441429138184,0.8120184540748596,31,14
0.0018093585968017578,negative,10.0,-10.0,-0.01587117277085781,-1.0167500972747803,0.1506473422050476,1.779651165008545,31,17
0.0018835067749023438,negative,10.0,-10.0,-0.03620617464184761,-0.8236107230186462,0.18624037504196167,1.5373462438583374,31,18
0.00024700164794921875,positive,10.0,10.0,0.04178875684738159,0.03265862539410591,-0.03468664735555649,0.004165534861385822,32,0
0.0003662109375,positive,10.0,10.0,0.04244193062186241,-0.16194914281368256,-0.034603334963321686,0.2857057750225067,32,1
0.0004506111145019531,positive,10.0,10.0,0.03920294716954231,0.033648788928985596,-0.02888922020792961,-0.01768684573471546,32,2
0.0007166862487792969,positive,10.0,10.0,0.029540183022618294,-0.16029007732868195,-0.01294687855988741,0.2489360272884369,32,5
0.0007925033569335938,positive,10.0,10.0,0.026334380730986595,-0.35522475838661194,-0.007968158461153507,0.5375072956085205,32,6
0.0008611679077148438,positive,10.0,10.0,0.019229885190725327,-0.15999169647693634,0.0027819869574159384,0.2423243522644043,32,7
0.000934600830078125,positive,10.0,10.0,0.016030052676796913,-0.35515329241752625,0.007628473918884993,0.5358834862709045,32,8
0.0010094642639160156,positive,10.0,10.0,0.00892698671668768,-0.16013941168785095,0.018346143886446953,0.2456139624118805,32,9
0.0011630058288574219,positive,10.0,10.0,-0.0013861724874004722,-0.1607310175895691,0.034138958901166916,0.2587618827819824,32,11
0.0013134479522705078,positive,10.0,10.0,-0.011727258563041687,-0.16177445650100708,0.05055448040366173,0.28197187185287476,32,13
0.0013866424560546875,positive,10.0,10.0,-0.014962747693061829,-0.35757967829704285,0.056193917989730835,0.5901612043380737,32,14
0.0014569759368896484,positive,10.0,10.0,-0.02211434207856655,-0.1632876992225647,0.06799714267253876,0.31569555401802063,32,15
0.001527547836303711,positive,10.0,10.0,-0.025380095466971397,0.03080311417579651,0.07431105524301529,0.04520786926150322,32,16
0.0016775131225585938,positive,10.0,10.0,-0.020268330350518227,0.41875597834587097,0.07075251638889313,-0.4911760091781616,32,18
0.0017473697662353516,positive,10.0,10.0,-0.011893210001289845,0.22271105647087097,0.06092899292707443,-0.17706045508384705,32,19
0.0018150806427001953,positive,10.0,10.0,-0.007438988890498877,0.026772476732730865,0.057387784123420715,0.13420407474040985,32,20
0.001965761184692383,positive,10.0,10.0,-0.010285989381372929,0.02510031871497631,0.06896037608385086,0.1712673455476761,32,22
0.002141237258911133,positive,10.0,10.0,-0.013202731497585773,-0.3670022189617157,0.08208338916301727,0.799473226070404,32,24
0.000247955322265625,positive,10.0,10.0,0.044127363711595535,-0.020496472716331482,0.021039307117462158,0.023923411965370178,33,0
0.0005795955657958984,positive,10.0,10.0,0.03897706791758537,-0.21661648154258728,0.028728151693940163,0.3387276232242584,33,3
0.0007431507110595703,positive,10.0,10.0,0.026402032002806664,-0.21752572059631348,0.04830929636955261,0.359034925699234,33,5
0.0009751319885253906,positive,10.0,10.0,0.01720917969942093,-0.024727674201130867,0.06496193259954453,0.11749124526977539,33,8
0.0010426044464111328,positive,10.0,10.0,0.01671462692320347,-0.22071734070777893,0.06731175631284714,0.4299410283565521,33,9
0.001108407974243164,positive,10.0,10.0,0.012300279922783375,-0.026609957218170166,0.07591057568788528,0.15921401977539062,33,10
0.0011773109436035156,positive,10.0,10.0,0.011768080294132233,0.1673477590084076,0.07909485697746277,-0.10858841985464096,33,11
0.0012476444244384766,positive,10.0,10.0,0.015115035697817802,0.36125242710113525,0.07692308723926544,-0.37530645728111267,33,12
0.0013155937194824219,positive,10.0,10.0,0.022340083494782448,0.16512693464756012,0.06941695511341095,-0.05939508229494095,33,13
0.0015034675598144531,positive,10.0,10.0,0.025024261325597763,-0.22694455087184906,0.07331618666648865,0.5677557587623596,33,15
0.0015757083892822266,positive,10.0,10.0,0.020485369488596916,-0.42301419377326965,0.08467130362987518,0.882605791091919,33,16
0.0018849372863769531,negative,10.0,-10.0,-0.00571073591709137,-0.03908292204141617,0.14721707999706268,0.43835756182670593,33,20
0.0021119117736816406,negative,10.0,-10.0,-0.019868018105626106,-0.6297409534454346,0.19367600977420807,1.4521948099136353,33,23
0.0004069805145263672,positive,10.0,10.0,0.014897603541612625,-0.15568503737449646,-0.04164488986134529,0.2903997302055359,34,1
0.0005130767822265625,positive,10.0,10.0,0.011783902533352375,0.04000523313879967,-0.03583689406514168,-0.015121238306164742,34,2
0.0008685588836669922,positive,10.0,10.0,-0.0005637880531139672,-0.34846439957618713,-0.014978630468249321,0.5312278866767883,34,6
0.0014774799346923828,negative,10.0,-10.0,-0.13134883344173431,-1.7170671224594116,0.1838572472333908,2.6739542484283447,34,13
0.00044846534729003906,positive,10.0,10.0,0.03315252438187599,0.013379746116697788,-0.033614713698625565,-0.017725054174661636,35,2
0.0005338191986083984,positive,10.0,10.0,0.03342011943459511,-0.1812444031238556,-0.0339692160487175,0.26416540145874023,35,3
0.0007622241973876953,positive,10.0,10.0,0.01867087371647358,-0.37521618604660034,-0.012879793532192707,0.5313884019851685,35,6
0.0009095668792724609,positive,10.0,10.0,0.0075682420283555984,-0.37500515580177307,0.0024414744693785906,0.5266467332839966,35,8
0.0009770393371582031,positive,10.0,10.0,6.813891377532855e-05,-0.17991763353347778,0.012974409386515617,0.23473414778709412,35,9
0.0012884140014648438,positive,10.0,10.0,-0.014354674145579338,-0.18122869729995728,0.032402943819761276,0.2637598216533661,35,13
0.0013623237609863281,positive,10.0,10.0,-0.017979247495532036,-0.37679779529571533,0.03767813742160797,0.5664843320846558,35,14
0.0014410018920898438,positive,10.0,10.0,-0.025515204295516014,-0.1822241097688675,0.049007825553417206,0.285905659198761,35,15
0.0017497539520263672,positive,10.0,10.0,-0.02457510493695736,0.20497821271419525,0.05046293884515762,-0.23300355672836304,35,19
0.0018205642700195312,positive,10.0,10.0,-0.020475540310144424,0.009172903373837471,0.04580286890268326,0.07516033202409744,35,20
0.0020101070404052734,positive,10.0,10.0,-0.024023577570915222,-0.3823353350162506,0.054944779723882675,0.6891503930091858,35,22
0.002240419387817383,positive,10.0,10.0,-0.03530929610133171,0.20000608265399933,0.07989316433668137,-0.12341716885566711,35,25
0.002308368682861328,positive,10.0,10.0,-0.03130917251110077,0.3938979208469391,0.07742482423782349,-0.38986364006996155,35,26
0.002544879913330078,positive,10.0,10.0,-0.019441470503807068,-0.19430610537528992,0.07295144349336624,0.553381085395813,35,29
0.002851724624633789,negative,10.0,-10.0,-0.05852188542485237,-0.9792076349258423,0.1552748680114746,1.837639570236206,35,33
0.0029196739196777344,negative,10.0,-10.0,-0.07810603827238083,-1.1756675243377686,0.19202765822410583,2.1742515563964844,35,34
0.00031447410583496094,positive,10.0,10.0,-0.03997131437063217,0.18204383552074432,0.021142514422535896,-0.25549718737602234,36,3
0.00035834312438964844,positive,10.0,10.0,-0.036330435425043106,-0.013373497873544693,0.016032569110393524,0.043778736144304276,36,4
0.000591278076171875,positive,10.0,10.0,-0.04552595317363739,-0.21010252833366394,0.03329605981707573,0.37207233905792236,36,9
0.0006301403045654297,positive,10.0,10.0,-0.04972800612449646,-0.015469029545783997,0.04073750972747803,0.09007112681865692,36,10
0.0006668567657470703,positive,10.0,10.0,-0.050037384033203125,-0.21115049719810486,0.04253892973065376,0.39532333612442017,36,11
0.0007021427154541016,positive,10.0,10.0,-0.05426039546728134,-0.016657136380672455,0.050445396453142166,0.11634987592697144,36,12
0.0007390975952148438,positive,10.0,10.0,-0.054593537002801895,-0.21246422827243805,0.0527723953127861,0.42451155185699463,36,13
0.0007762908935546875,positive,10.0,10.0,-0.058842822909355164,-0.01812799461185932,0.06126262620091438,0.14892089366912842,36,14
0.0008568763732910156,positive,10.0,10.0,-0.06348680704832077,-0.019913384690880775,0.07344672828912735,0.18852217495441437,36,16
0.0008950233459472656,positive,10.0,10.0,-0.06388507783412933,0.1740851253271103,0.07721717655658722,-0.0801171287894249,36,17
0.0010113716125488281,positive,10.0,10.0,-0.04960479959845543,-0.024127382785081863,0.06802661716938019,0.2815955877304077,36,20
0.0010483264923095703,positive,10.0,10.0,-0.050087347626686096,-0.2201503962278366,0.0736585259437561,0.5949344038963318,36,21
0.0010836124420166016,positive,10.0,10.0,-0.0544903539121151,-0.02613247185945511,0.08555721491575241,0.326332688331604,36,22
0.0013201236724853516,negative,10.0,-10.0,-0.093142569065094,-0.4258192181587219,0.18670155107975006,1.1364322900772095,36,28
0.0002124309539794922,positive,10.0,10.0,-0.044355958700180054,-0.015905842185020447,0.03226654976606369,-0.02680255100131035,37,0
0.0004315376281738281,positive,10.0,10.0,-0.048903580754995346,-0.4070352613925934,0.037248171865940094,0.578403115272522,37,2
0.0005056858062744141,positive,10.0,10.0,-0.05704428628087044,-0.21245458722114563,0.04881623387336731,0.2976830303668976,37,3
0.0005764961242675781,positive,10.0,10.0,-0.061293378472328186,-0.018061278387904167,0.05476989597082138,0.02078668586909771,37,4
0.0006437301635742188,positive,10.0,10.0,-0.061654604971408844,0.1762341856956482,0.055185627192258835,-0.25412517786026,37,5
0.0007917881011962891,positive,10.0,10.0,-0.058522529900074005,0.1747385561466217,0.05121194198727608,-0.22102263569831848,37,7
0.0009348392486572266,positive,10.0,10.0,-0.055449292063713074,0.17334450781345367,0.04853878542780876,-0.19019603729248047,37,9
0.0011479854583740234,positive,10.0,10.0,-0.05679455026984215,-0.02374599687755108,0.055559754371643066,0.1463729739189148,37,12
0.0012159347534179688,positive,10.0,10.0,-0.05726947262883186,-0.21961775422096252,0.058487214148044586,0.4560534358024597,37,13
0.0013561248779296875,positive,10.0,10.0,-0.06216921657323837,-0.22139033675193787,0.07125557214021683,0.49558591842651367,37,15
0.001489877700805664,positive,10.0,10.0,-0.06714385747909546,0.16653203964233398,0.0856909528374672,-0.0398331955075264,37,17
0.0015544891357421875,positive,10.0,10.0,-0.063813216984272,0.3603273332118988,0.08489429205656052,-0.30429717898368835,37,18
0.0016155242919921875,positive,10.0,10.0,-0.05660666897892952,0.16410459578037262,0.07880834490060806,0.01390585396438837,37,19
0.0018203258514404297,positive,10.0,10.0,-0.03512587770819664,0.35584011673927307,0.06363558769226074,-0.20457375049591064,37,22
0.0019867420196533203,positive,10.0,10.0,-0.024811703711748123,-0.0360538624227047,0.06169380992650986,0.41834327578544617,37,24
0.002202749252319336,positive,10.0,10.0,-0.02312813326716423,-0.2339831441640854,0.08216861635446548,0.7744302749633789,37,27
0.0024919509887695312,negative,10.0,-10.0,-0.04200137034058571,0.14985743165016174,0.14768747985363007,0.3315452039241791,37,31
0.0025589466094970703,negative,10.0,-10.0,-0.03900422155857086,-0.0470241941511631,0.15431839227676392,0.6669151782989502,37,32
0.0027666091918945312,negative,10.0,-10.0,-0.03805958852171898,-0.24845048785209656,0.19152747094631195,1.1095505952835083,37,35
0.0004830360412597656,positive,10.0,10.0,-0.029041042551398277,0.03828183934092522,-0.0012058839201927185,-0.02515953779220581,38,2
0.0008206367492675781,positive,10.0,10.0,-0.041587259620428085,-0.3521798253059387,0.020174503326416016,0.5650702118873596,38,6
0.0008985996246337891,positive,10.0,10.0,-0.04863085597753525,-0.15734665095806122,0.03147590905427933,0.2788107991218567,38,7
0.001138448715209961,positive,10.0,10.0,-0.05419795215129852,0.03625519573688507,0.04298367351293564,0.01956258900463581,38,10
0.0012118816375732422,positive,10.0,10.0,-0.053472850471735,-0.15945598483085632,0.0433749258518219,0.3254915177822113,38,11
0.0012831687927246094,positive,10.0,10.0,-0.05666197091341019,0.03502240777015686,0.04988475516438484,0.0467965230345726,38,12
0.0013561248779296875,positive,10.0,10.0,-0.055961523205041885,-0.16077804565429688,0.05082068592309952,0.35479187965393066,38,13
0.0014698505401611328,positive,10.0,10.0,-0.059177082031965256,0.03358585387468338,0.05791652575135231,0.07855729758739471,38,14
0.0015606880187988281,positive,10.0,10.0,-0.05850536376237869,-0.1623164713382721,0.05948767066001892,0.38893601298332214,38,15
0.0017380714416503906,positive,10.0,10.0,-0.06111343577504158,-0.16410517692565918,0.06957811862230301,0.4287099540233612,38,17
0.0019161701202392578,positive,10.0,10.0,-0.06379622220993042,0.223887100815773,0.08132725954055786,-0.10829336941242218,38,19
0.00199127197265625,positive,10.0,10.0,-0.059318479150533676,0.417755126953125,0.0791613906621933,-0.3742504119873047,38,20
0.002068758010864258,positive,10.0,10.0,-0.050963375717401505,0.22160319983959198,0.07167638093233109,-0.05769474431872368,38,21
0.0021414756774902344,positive,10.0,10.0,-0.0465313121676445,0.4156281352043152,0.0705224871635437,-0.32693007588386536,38,22
0.002307415008544922,positive,10.0,10.0,-0.03382721543312073,0.41372546553611755,0.06372653692960739,-0.2846962809562683,38,24
0.002960681915283203,positive,10.0,10.0,0.0006630257121287286,0.4064085781574249,0.075853131711483,-0.12302520126104355,38,32
0.0031175613403320312,positive,10.0,10.0,0.02079852670431137,0.4042837917804718,0.06557570397853851,-0.07595575600862503,38,34
0.0031974315643310547,positive,10.0,10.0,0.028884202241897583,0.20828603208065033,0.06405659019947052,0.23667442798614502,38,35
0.0033664703369140625,positive,10.0,10.0,0.0332961268723011,0.2064017951488495,0.07976718246936798,0.2786145508289337,38,37
0.0035605430603027344,positive,10.0,10.0,0.045430172234773636,0.5941015481948853,0.08558183163404465,-0.2524662911891937,38,39
0.0036385059356689453,positive,10.0,10.0,0.05731220543384552,0.7879038453102112,0.080532506108284,-0.5169754028320312,38,40
0.0037162303924560547,positive,10.0,10.0,0.07307028025388718,0.5917457938194275,0.07019299268722534,-0.20004095137119293,38,41
0.0038836002349853516,positive,10.0,10.0,0.09281907230615616,0.1996888667345047,0.06847082823514938,0.42674246430397034,38,43
0.004127025604248047,positive,10.0,10.0,0.11644274741411209,0.781605064868927,0.0779133290052414,-0.3773881196975708,38,46
0.0042002201080322266,positive,10.0,10.0,0.13207484781742096,0.5854679942131042,0.07036556303501129,-0.06119171157479286,38,47
0.0047571659088134766,negative,10.0,-10.0,0.1628669798374176,-0.00855785608291626,0.14802692830562592,1.0177953243255615,38,54
0.004830598831176758,negative,10.0,-10.0,0.16269582509994507,0.18431411683559418,0.16838283836841583,0.7750124335289001,38,55
0.004903316497802734,negative,10.0,-10.0,0.1663821041584015,-0.012674269266426563,0.18388308584690094,1.1155869960784912,38,56
0.004975318908691406,negative,10.0,-10.0,0.16612862050533295,0.179621160030365,0.20619483292102814,0.8857641816139221,38,57
0.0006148815155029297,positive,10.0,10.0,-0.02396841160953045,0.04813148081302643,0.029923109337687492,-0.018867410719394684,39,2
0.0007007122039794922,positive,10.0,10.0,-0.023005781695246696,-0.14740653336048126,0.02954575978219509,0.28310438990592957,39,3
0.0009419918060302734,positive,10.0,10.0,-0.027974816039204597,0.046276070177555084,0.04127483442425728,0.022089434787631035,39,6
0.0010535717010498047,positive,10.0,10.0,-0.027049293741583824,-0.14941275119781494,0.041716624051332474,0.32750403881073,39,7
0.0027246475219726562,positive,10.0,10.0,0.0690234899520874,0.6006577014923096,0.06602784246206284,-0.1730082780122757,39,29
0.0028808116912841797,positive,10.0,10.0,0.08912976086139679,0.20869621634483337,0.06536271423101425,0.4514990746974945,39,31
0.002996206283569336,positive,10.0,10.0,0.09330368787050247,0.4028358459472656,0.07439269870519638,0.18011446297168732,39,32
0.0031256675720214844,positive,10.0,10.0,0.10136040300130844,0.596818745136261,0.07799498736858368,-0.08820384740829468,39,33
0.0034062862396240234,positive,10.0,10.0,0.1332026869058609,0.7885010242462158,0.07999823242425919,-0.3058038353919983,39,36
0.0037162303924560547,positive,10.0,10.0,0.17274697124958038,0.003993841353803873,0.09344595670700073,0.95809006690979,39,40
0.004013776779174805,negative,10.0,-10.0,0.1729007214307785,-0.39193466305732727,0.17400555312633514,1.6864726543426514,39,44
0.0011184215545654297,positive,10.0,10.0,-0.040789853781461716,-0.006336634978652,0.0015848067123442888,0.040532443672418594,40,2
0.001363515853881836,positive,10.0,10.0,-0.04091658815741539,-0.20148128271102905,0.0023954554926604033,0.33371496200561523,40,3
0.001750946044921875,positive,10.0,10.0,-0.04507408291101456,-0.20164433121681213,0.00990552268922329,0.3373190760612488,40,5
0.0019321441650390625,positive,10.0,10.0,-0.04910697042942047,-0.006664727348834276,0.016651904210448265,0.047776199877262115,40,6
0.002115011215209961,positive,10.0,10.0,-0.04924026131629944,-0.20202144980430603,0.0176074281334877,0.3456660807132721,40,7
0.0027709007263183594,positive,10.0,10.0,-0.057476162910461426,-0.007871651090681553,0.0328705795109272,0.07443242520093918,40,10
0.003875255584716797,positive,10.0,10.0,-0.06617085635662079,-0.20587919652462006,0.054297253489494324,0.4312771260738373,40,15
0.004070758819580078,positive,10.0,10.0,-0.07028844207525253,-0.011566448956727982,0.06292279809713364,0.1561931073665619,40,16
0.004489898681640625,positive,10.0,10.0,-0.07051976770162582,0.18260079622268677,0.06604665517807007,-0.11599428206682205,40,17
0.004611968994140625,positive,10.0,10.0,-0.06686775386333466,-0.013402271084487438,0.06372677534818649,0.19677290320396423,40,18
0.004927635192871094,positive,10.0,10.0,-0.06805159151554108,-0.01721416600048542,0.08193899691104889,0.2813681662082672,40,22
0.008389711380004883,negative,10.0,-10.0,-0.10611927509307861,-0.22321577370166779,0.18644756078720093,0.8262708783149719,40,29
0.00033855438232421875,positive,10.0,10.0,0.029728563502430916,0.006849298719316721,-0.028892118483781815,0.019699206575751305,41,0
0.00045490264892578125,positive,10.0,10.0,0.029865548014640808,-0.18784664571285248,-0.028498133644461632,0.3031281530857086,41,1
0.0005536079406738281,positive,10.0,10.0,0.02610861510038376,0.007669615093618631,-0.022435571998357773,0.0015955124981701374,41,2
0.0006339550018310547,positive,10.0,10.0,0.026262007653713226,-0.18712350726127625,-0.022403661161661148,0.2871161699295044,41,3
0.0008590221405029297,positive,10.0,10.0,0.02268575131893158,-0.18656843900680542,-0.016912290826439857,0.27483221888542175,41,5
0.0014336109161376953,positive,10.0,10.0,0.0005578429554589093,-0.7705875039100647,0.013739803805947304,1.1231410503387451,41,12
0.0015072822570800781,positive,10.0,10.0,-0.014853906817734241,-0.9658868312835693,0.036202624440193176,1.4201018810272217,41,13
0.0017349720001220703,negative,10.0,-10.0,-0.08454512804746628,-1.1632652282714844,0.13980107009410858,1.7754958868026733,41,16
0.0003380775451660156,positive,10.0,10.0,0.028373708948493004,0.04805350303649902,0.011753201484680176,-0.04373621568083763,42,0
0.0005896091461181641,positive,10.0,10.0,0.02639007940888405,-0.3425105810165405,0.015931110829114914,0.5487259030342102,42,2
0.0006744861602783203,positive,10.0,10.0,0.01953986845910549,-0.5378526449203491,0.02690562978386879,0.8463854193687439,42,3
0.0003795623779296875,positive,10.0,10.0,0.011300157755613327,-0.16921916604042053,-0.00443069264292717,0.33459359407424927,43,1
0.0005702972412109375,positive,10.0,10.0,0.008435085415840149,-0.1691887527704239,0.003071514656767249,0.3339122533798218,43,3
0.0006933212280273438,positive,10.0,10.0,0.0050513106398284435,0.025889353826642036,0.009749759919941425,0.042199503630399704,43,4
0.0008785724639892578,positive,10.0,10.0,0.002181677147746086,0.025598572567105293,0.017352601513266563,0.04861905425786972,43,6
0.001119375228881836,positive,10.0,10.0,-0.00019993408932350576,-0.17038612067699432,0.026457050815224648,0.36042168736457825,43,9
0.0011963844299316406,positive,10.0,10.0,-0.0036076565738767385,0.02434995211660862,0.033665481954813004,0.07619725167751312,43,10
0.0013496875762939453,positive,10.0,10.0,0.0012588127283379436,0.023366477340459824,0.031075891107320786,0.09789557754993439,43,12
0.0018017292022705078,positive,10.0,10.0,-0.007799845188856125,0.019728876650333405,0.06383325159549713,0.1784379482269287,43,18
0.0021674633026123047,positive,10.0,10.0,-0.006336862221360207,0.40566474199295044,0.08066000044345856,-0.3133685290813446,43,22
0.002315521240234375,positive,10.0,10.0,0.013767443597316742,0.4034692347049713,0.06280136108398438,-0.2644036114215851,43,24
0.0023839473724365234,positive,10.0,10.0,0.02183682844042778,0.20750974118709564,0.057513292878866196,0.04740762710571289,43,25
0.0025954246520996094,positive,10.0,10.0,0.030336398631334305,0.009858323261141777,0.06729433685541153,0.39661839604377747,43,28
0.0028076171875,positive,10.0,10.0,0.04257149621844292,0.591859757900238,0.07490155845880508,-0.40932393074035645,43,31
0.0028705596923828125,positive,10.0,10.0,0.054408688098192215,0.395760178565979,0.06671507656574249,-0.09399887174367905,43,32
0.0029985904693603516,positive,10.0,10.0,0.06631886214017868,0.003762648208066821,0.06921438127756119,0.5313735604286194,43,34
0.0030889511108398438,positive,10.0,10.0,0.06639412045478821,0.19784626364707947,0.07984185963869095,0.261277973651886,43,35
0.0031604766845703125,positive,10.0,10.0,0.07035104185342789,0.39174309372901917,0.08506741374731064,-0.005192147102206945,43,36
0.0032258033752441406,positive,10.0,10.0,0.07818590849637985,0.5855485200881958,0.08496357500553131,-0.26986947655677795,43,37
0.0035676956176757812,positive,10.0,10.0,0.1521231234073639,0.7756128907203674,0.03955726698040962,-0.45039835572242737,43,42
0.0038874149322509766,positive,10.0,10.0,0.2530192732810974,0.9698226451873779,-0.03882884979248047,-0.7228895425796509,43,47
0.0040166378021240234,positive,10.0,10.0,0.29572492837905884,0.9710858464241028,-0.07383736968040466,-0.7520486116409302,43,49
0.004074573516845703,positive,10.0,10.0,0.31514662504196167,0.777055561542511,-0.0888783410191536,-0.4834846556186676,43,50
0.004403352737426758,positive,10.0,10.0,0.3541252315044403,-0.1909770518541336,-0.08503581583499908,0.8181659579277039,43,55
0.004523277282714844,positive,10.0,10.0,0.3426089286804199,-0.5789902806282043,-0.04701375961303711,1.353304386138916,43,57
0.00476837158203125,positive,10.0,10.0,0.2961918115615845,-0.7733901739120483,0.05101701617240906,1.6285909414291382,43,60
0.0006506443023681641,positive,10.0,10.0,0.03283406049013138,-0.022678285837173462,0.06179685890674591,0.07180666923522949,44,4
0.0007634162902832031,positive,10.0,10.0,0.032380495220422745,-0.21862924098968506,0.06323299556970596,0.38332876563072205,44,5
0.001001119613647461,positive,10.0,10.0,0.023108283057808876,-0.4165993630886078,0.0816325768828392,0.7402256727218628,44,8
0.00032067298889160156,positive,10.0,10.0,-0.03140190243721008,-0.023503582924604416,-0.04613000527024269,-0.040318094193935394,45,0
0.0006439685821533203,positive,10.0,10.0,-0.03623066842556,-0.022174736484885216,-0.042187146842479706,-0.06964986771345139,45,2
0.0007464885711669922,positive,10.0,10.0,-0.03667416423559189,-0.2166672646999359,-0.04358014464378357,0.2094300091266632,45,3
0.0012257099151611328,positive,10.0,10.0,-0.053540006279945374,-0.41017064452171326,-0.025966065004467964,0.46641087532043457,45,6
0.002654552459716797,positive,10.0,10.0,-0.10231003910303116,-0.9948261976242065,0.03122296743094921,1.328818678855896,45,11
0.003063201904296875,positive,10.0,10.0,-0.12220656126737595,-1.1903280019760132,0.05779934301972389,1.6311064958572388,45,12
0.0037598609924316406,negative,10.0,-10.0,-0.18197277188301086,-0.9985095858573914,0.13943906128406525,1.421034574508667,45,15
0.003879547119140625,negative,10.0,-10.0,-0.20194296538829803,-1.1950538158416748,0.167859748005867,1.7538518905639648,45,16
0.003975391387939453,negative,10.0,-10.0,-0.22584404051303864,-1.002186894416809,0.2029367834329605,1.5177369117736816,45,17
0.0002295970916748047,positive,10.0,10.0,-0.03039694018661976,0.0003256974450778216,0.04063877835869789,0.008624196983873844,46,0
0.00046539306640625,positive,10.0,10.0,-0.03429752215743065,-0.0008372597512789071,0.04708820581436157,0.034308936446905136,46,2
0.0005517005920410156,positive,10.0,10.0,-0.034314267337322235,-0.1966017335653305,0.047774385660886765,0.3414689600467682,46,3
0.0007026195526123047,positive,10.0,10.0,-0.04609369486570358,-0.19804921746253967,0.06758029013872147,0.37382543087005615,46,5
0.0010676383972167969,positive,10.0,10.0,-0.03489655628800392,-0.008118094876408577,0.06283138692378998,0.1952349692583084,46,10
0.0011358261108398438,positive,10.0,10.0,-0.035058919340372086,-0.20407991111278534,0.06673608720302582,0.5070579648017883,46,11
0.0013496875762939453,positive,10.0,10.0,-0.03565997630357742,0.3778482973575592,0.08097289502620697,-0.29721009731292725,46,14
0.001735687255859375,positive,10.0,10.0,0.009708869270980358,0.5677778720855713,0.044420186430215836,-0.4748913049697876,46,19
0.0018765926361083984,positive,10.0,10.0,0.03630933538079262,0.5666597485542297,0.019857367500662804,-0.44978490471839905,46,21
0.0020787715911865234,positive,10.0,10.0,0.07419693470001221,0.761401355266571,-0.012662418186664581,-0.7339590787887573,46,24
0.002142667770385742,positive,10.0,10.0,0.08942496031522751,0.9566959738731384,-0.027341598644852638,-1.0306000709533691,46,25
0.002203702926635742,positive,10.0,10.0,0.10855887830257416,0.7619482278823853,-0.04795360192656517,-0.7466251850128174,46,26
0.0023314952850341797,positive,10.0,10.0,0.14295180141925812,0.7634634375572205,-0.0839662030339241,-0.7817056179046631,46,28
0.003199338912963867,positive,10.0,10.0,0.17621435225009918,-0.3846820294857025,-0.09115585684776306,0.4807916283607483,46,42
0.0032558441162109375,positive,10.0,10.0,0.1685207039117813,-0.1883995532989502,-0.08154001832008362,0.16082757711410522,46,43
0.0033092498779296875,positive,10.0,10.0,0.16475272178649902,-0.38226523995399475,-0.07832346856594086,0.4267136752605438,46,44
0.0034394264221191406,positive,10.0,10.0,0.15338487923145294,-0.3801824450492859,-0.06758112460374832,0.38027796149253845,46,46
0.003634214401245117,positive,10.0,10.0,0.1345302015542984,-0.1824771761894226,-0.05182906985282898,0.02966790832579136,46,49
0.0038628578186035156,positive,10.0,10.0,0.11221511662006378,-0.1797160655260086,-0.03967563435435295,-0.03130555897951126,46,53
0.004088640213012695,positive,10.0,10.0,0.07449284940958023,-0.5679263472557068,-0.008570721372961998,0.5092793703079224,46,57
0.004198789596557617,positive,10.0,10.0,0.047875795513391495,-0.9580705761909485,0.01759984903037548,1.0924396514892578,46,59
0.004425525665283203,negative,10.0,-10.0,-0.052231043577194214,-1.7408602237701416,0.14133110642433167,2.330404043197632,46,63
0.004477500915527344,negative,10.0,-10.0,-0.0870482474565506,-1.54727303981781,0.18793918192386627,2.084331512451172,46,64
0.00030541419982910156,positive,10.0,10.0,-0.022111156955361366,0.002565277274698019,-0.008429418317973614,-0.032465193420648575,47,0
0.00042819976806640625,positive,10.0,10.0,-0.02205985225737095,-0.19243478775024414,-0.009078721515834332,0.2575462758541107,47,1
0.0005152225494384766,positive,10.0,10.0,-0.025908546522259712,0.002815596992149949,-0.003927796147763729,-0.03798632323741913,47,2
0.0005958080291748047,positive,10.0,10.0,-0.025852235034108162,-0.19224980473518372,-0.004687522538006306,0.2534547746181488,47,3
0.0007786750793457031,positive,10.0,10.0,-0.03744332119822502,-0.19218793511390686,0.011274682357907295,0.25209280848503113,47,5
0.0009136199951171875,positive,10.0,10.0,-0.04903646185994148,-0.19258007407188416,0.027282750234007835,0.2608128488063812,47,7
0.0010232925415039062,positive,10.0,10.0,-0.052845221012830734,-0.1934305727481842,0.032036177814006805,0.2796155512332916,47,9
0.0011334419250488281,positive,10.0,10.0,-0.06449372321367264,-0.19441942870616913,0.0492730475962162,0.3016321063041687,47,11
0.0011827945709228516,positive,10.0,10.0,-0.06838211417198181,-3.310783358756453e-05,0.055305689573287964,0.024886921048164368,47,12
0.0012314319610595703,positive,10.0,10.0,-0.06838277727365494,-0.1959027796983719,0.05580342933535576,0.3344937860965729,47,13
0.0012824535369873047,positive,10.0,10.0,-0.07230082899332047,-0.0016176070785149932,0.062493305653333664,0.05991737172007561,47,14
0.0013310909271240234,positive,10.0,10.0,-0.07233317941427231,0.192555233836174,0.0636916533112526,-0.2124122530221939,47,15
0.0013804435729980469,positive,10.0,10.0,-0.06848207861185074,0.3867114782333374,0.059443406760692596,-0.48434340953826904,47,16
0.0015430450439453125,positive,10.0,10.0,-0.05703166872262955,-0.20074757933616638,0.048974283039569855,0.4413398206233978,47,19
0.0015940666198730469,positive,10.0,10.0,-0.06104661896824837,-0.006351650692522526,0.057801079005002975,0.16448822617530823,47,20
0.0016710758209228516,positive,10.0,10.0,-0.06117365509271622,-0.2022513449192047,0.06109084188938141,0.47483110427856445,47,21
0.0017237663269042969,positive,10.0,10.0,-0.06521867960691452,-0.008042888715863228,0.07058746367692947,0.202011376619339,47,22
0.001844167709350586,positive,10.0,10.0,-0.06946153193712234,-0.01010352373123169,0.08494968712329865,0.24783559143543243,47,24
0.0018978118896484375,positive,10.0,10.0,-0.06966359913349152,0.18370896577835083,0.08990639448165894,-0.01688961684703827,47,25
0.0019490718841552734,positive,10.0,10.0,-0.0659894198179245,0.37743422389030457,0.0895686075091362,-0.2799069583415985,47,26
0.0022118091583251953,positive,10.0,10.0,-0.012876695953309536,0.9573383331298828,0.043445151299238205,-1.0378282070159912,47,31
0.0023102760314941406,positive,10.0,10.0,0.021503403782844543,0.5662387013435364,0.008052010089159012,-0.43209245800971985,47,33
0.002356290817260742,positive,10.0,10.0,0.03282817825675011,0.7612457275390625,-0.000589838600717485,-0.7222262024879456,47,34
0.0027532577514648438,negative,10.0,-10.0,0.1705099493265152,0.3786105215549469,-0.14591184258460999,-0.3077331781387329,47,42
0.002797365188598633,negative,10.0,-10.0,0.1780821532011032,0.18583634495735168,-0.15206651389598846,-0.0643906220793724,47,43
0.0028951168060302734,negative,10.0,-10.0,0.18166257441043854,-0.19944807887077332,-0.1498199850320816,0.41736510396003723,47,45
0.003529787063598633,positive,10.0,10.0,0.11708216369152069,-0.3723994791507721,-0.08231060206890106,0.21681487560272217,47,58
0.003572225570678711,positive,10.0,10.0,0.109634168446064,-0.17620320618152618,-0.07797430455684662,-0.10065516829490662,47,59
0.00362396240234375,positive,10.0,10.0,0.1061101108789444,-0.3701260983943939,-0.07998740673065186,0.1664441078901291,47,60
0.003675699234008789,positive,10.0,10.0,0.09870758652687073,-0.5640173554420471,-0.07665852457284927,0.4328598976135254,47,61
0.0037195682525634766,positive,10.0,10.0,0.08742723613977432,-0.7579749822616577,-0.06800132989883423,0.7004263401031494,47,62
0.003950357437133789,positive,10.0,10.0,-0.0272475928068161,-1.7314631938934326,0.05725734680891037,2.116611957550049,47,67
0.00028252601623535156,positive,10.0,10.0,-0.01628054305911064,-0.036376915872097015,-0.038180023431777954,-0.035313624888658524,48,0
0.0005209445953369141,positive,10.0,10.0,-0.030136238783597946,-0.22989344596862793,-0.02347961813211441,0.2220558226108551,48,3
0.0005741119384765625,positive,10.0,10.0,-0.03473410755395889,-0.42467206716537476,-0.019038502126932144,0.5072408318519592,48,4
0.0006146430969238281,positive,10.0,10.0,-0.04322754964232445,-0.6195206642150879,-0.008893685415387154,0.7938637733459473,48,5
0.0007011890411376953,positive,10.0,10.0,-0.07190834730863571,-1.0097328424453735,0.028658302500844002,1.3786017894744873,48,7
0.0008935928344726562,negative,10.0,-10.0,-0.1605602651834488,-1.4031460285186768,0.15243776142597198,2.0517477989196777,48,11
0.0003333091735839844,positive,10.0,10.0,0.0075164190493524075,-0.21003125607967377,-0.008882232010364532,0.2684665620326996,49,1
0.0005230903625488281,positive,10.0,10.0,0.003020120318979025,-0.2098550796508789,-0.004052992444485426,0.26456791162490845,49,3
0.00060272216796875,positive,10.0,10.0,-0.00117698113899678,-0.40491893887519836,0.0012383656576275826,0.5559697151184082,49,4
0.0008020401000976562,positive,10.0,10.0,-0.013471648097038269,-0.01487099938094616,0.017631305381655693,-0.025082463398575783,49,6
0.0009670257568359375,positive,10.0,10.0,-0.010476553812623024,-0.21064439415931702,0.010604334063827991,0.28198254108428955,49,9
0.0010180473327636719,positive,10.0,10.0,-0.01468944177031517,-0.4059159755706787,0.016243984922766685,0.5779910683631897,49,10
0.0010676383972167969,positive,10.0,10.0,-0.022807762026786804,-0.2110254317522049,0.027803806588053703,0.29046931862831116,49,11
0.001176595687866211,positive,10.0,10.0,-0.027354484423995018,-0.21189822256565094,0.033746860921382904,0.3097793459892273,49,13
0.001489400863647461,positive,10.0,10.0,-0.04126634821295738,-0.2161705195903778,0.057577863335609436,0.404460072517395,49,19
0.001537322998046875,positive,10.0,10.0,-0.04558975622057915,-0.021910378709435463,0.065667062997818,0.13047127425670624,49,20
0.001684427261352539,positive,10.0,10.0,-0.050862450152635574,-0.21995215117931366,0.08059351146221161,0.48871004581451416,49,23
0.0017309188842773438,positive,10.0,10.0,-0.05526149645447731,-0.41611313819885254,0.09036771208047867,0.8056653141975403,49,24
0.0002765655517578125,positive,10.0,10.0,-0.00608457438647747,-0.2175845056772232,0.015071425586938858,0.29060447216033936,50,1
0.00045371055603027344,positive,10.0,10.0,-0.015251793898642063,-0.02327842265367508,0.02697598561644554,0.015904072672128677,50,4
0.0005018711090087891,positive,10.0,10.0,-0.015717362985014915,-0.2187766432762146,0.027294067665934563,0.3169746994972229,50,5
0.0005629062652587891,positive,10.0,10.0,-0.02009289525449276,-0.024053875356912613,0.03363355994224548,0.03302278742194176,50,6
0.0007746219635009766,positive,10.0,10.0,-0.0254672858864069,-0.22070938348770142,0.042105525732040405,0.359787255525589,50,9
0.0009984970092773438,positive,10.0,10.0,-0.0348457470536232,-0.02763954922556877,0.05868460610508919,0.11228855699300766,50,12
0.001049041748046875,positive,10.0,10.0,-0.035398539155721664,-0.22355115413665771,0.06093037500977516,0.4228934645652771,50,13
0.0010895729064941406,positive,10.0,10.0,-0.03986956179141998,-0.02934294380247593,0.069388248026371,0.1500241756439209,50,14
0.0011310577392578125,positive,10.0,10.0,-0.04045642167329788,-0.2253863513469696,0.07238873094320297,0.4637654423713684,50,15
0.0013780593872070312,negative,10.0,-10.0,-0.10222692787647247,-1.2066938877105713,0.18237583339214325,2.0792341232299805,50,20
0.00028133392333984375,positive,10.0,10.0,-0.0005863985861651599,0.017252355813980103,-0.029090799391269684,0.012045805342495441,51,0
0.0003616809844970703,positive,10.0,10.0,-0.00024135147396009415,-0.1774405837059021,-0.028849883005023003,0.29541015625,51,1
0.00041413307189941406,positive,10.0,10.0,-0.003790162969380617,0.018080532550811768,-0.022941680625081062,-0.006230160128325224,51,2
0.00058746337890625,positive,10.0,10.0,-0.006962652783840895,0.018738260492682457,-0.017483742907643318,-0.020740799605846405,51,4
0.0008990764617919922,positive,10.0,10.0,-0.0019208769081160426,-0.17552155256271362,-0.024914393201470375,0.2530224025249481,51,7
0.0009756088256835938,positive,10.0,10.0,-0.0054313079454004765,-0.3702790439128876,-0.019853943958878517,0.5377439260482788,51,8
0.0010120868682861328,positive,10.0,10.0,-0.012836889363825321,-0.1748836785554886,-0.009099065326154232,0.2388719618320465,51,9
0.001171112060546875,positive,10.0,10.0,-0.034623946994543076,-0.1749364137649536,0.02152993530035019,0.24006342887878418,51,13
0.001209259033203125,positive,10.0,10.0,-0.03812267258763313,-0.3703592121601105,0.026331204921007156,0.5394589900970459,51,14
0.0012450218200683594,positive,10.0,10.0,-0.04552985727787018,-0.5658411979675293,0.037120383232831955,0.8403208255767822,51,15
0.0012805461883544922,positive,10.0,10.0,-0.056846681982278824,-0.7614497542381287,0.053926799446344376,1.1444424390792847,51,16
0.0014412403106689453,negative,10.0,-10.0,-0.1178736686706543,-0.3763759136199951,0.14816467463970184,0.6787971258163452,51,20
0.0015385150909423828,negative,10.0,-10.0,-0.13686542212963104,-0.3805729150772095,0.18202495574951172,0.7763749361038208,51,22
0.0015823841094970703,negative,10.0,-10.0,-0.14447687566280365,-0.577669084072113,0.19755245745182037,1.1203551292419434,51,23
0.0004067420959472656,positive,10.0,10.0,-0.044753286987543106,-0.18159964680671692,-0.030774816870689392,0.2657817006111145,52,1
0.0005214214324951172,positive,10.0,10.0,-0.04838528111577034,-0.3762691617012024,-0.025459183380007744,0.5486013293266296,52,2
0.0006113052368164062,positive,10.0,10.0,-0.055910661816596985,-0.5710243582725525,-0.014487157575786114,0.8331552743911743,52,3
0.000896453857421875,positive,10.0,10.0,-0.10187197476625443,-1.1565138101577759,0.052893124520778656,1.7148818969726562,52,6
0.0009796619415283203,positive,10.0,10.0,-0.12500225007534027,-1.352201223373413,0.08719076216220856,2.023545742034912,52,7
0.0012054443359375,negative,10.0,-10.0,-0.1752079427242279,-0.9646173715591431,0.16284321248531342,1.5086699724197388,52,9
0.0012938976287841797,negative,10.0,-10.0,-0.19450028240680695,-1.1612954139709473,0.19301661849021912,1.847448706626892,52,10
0.0003285408020019531,positive,10.0,10.0,-0.011821855790913105,-0.1961612105369568,0.026019776239991188,0.2883671522140503,53,1
0.0004971027374267578,positive,10.0,10.0,-0.019713131710886955,-0.002329147420823574,0.03799803555011749,0.024078134447336197,53,4
0.0005555152893066406,positive,10.0,10.0,-0.019759714603424072,-0.19797484576702118,0.038479600101709366,0.3285035789012909,53,5
0.0006039142608642578,positive,10.0,10.0,-0.023719212040305138,-0.39362287521362305,0.045049671083688736,0.6330685615539551,53,6
0.0007023811340332031,positive,10.0,10.0,-0.035574816167354584,-0.004901439882814884,0.0648091733455658,0.08096524327993393,53,8
0.0007488727569580078,positive,10.0,10.0,-0.03567284718155861,-0.2008896917104721,0.06642847508192062,0.39337098598480225,53,9
0.0010833740234375,positive,10.0,10.0,-0.0015692160231992602,0.5735318064689636,0.032843783497810364,-0.6448608040809631,53,15
0.0011315345764160156,positive,10.0,10.0,0.009901420213282108,0.7681810259819031,0.019946569576859474,-0.9270228147506714,53,16
0.001325368881225586,positive,10.0,10.0,0.06353747844696045,0.768450140953064,-0.042188696563243866,-0.933067798614502,53,20
0.0013687610626220703,positive,10.0,10.0,0.07890647649765015,0.9641150832176208,-0.060850054025650024,-1.238703966140747,53,21
0.0014104843139648438,positive,10.0,10.0,0.09818878024816513,0.7698252201080322,-0.08562412858009338,-0.9656873941421509,53,22
0.0020427703857421875,positive,10.0,10.0,0.094432033598423,-0.3777090609073639,-0.09053796529769897,0.2828874886035919,53,36
0.002133607864379883,positive,10.0,10.0,0.07544923573732376,-0.7652639746665955,-0.07396624982357025,0.8104763627052307,53,38
0.002172708511352539,positive,10.0,10.0,0.060143955051898956,-0.959298849105835,-0.05775672197341919,1.079006552696228,53,39
0.0022978782653808594,positive,10.0,10.0,-0.009079515002667904,-1.5432758331298828,0.023567205294966698,1.9239981174468994,53,42
0.0024237632751464844,negative,10.0,-10.0,-0.11340384185314178,-2.1301074028015137,0.15722593665122986,2.858351945877075,53,45
0.0002503395080566406,positive,10.0,10.0,0.04969802871346474,-0.034753840416669846,-0.045164480805397034,0.01615174487233162,54,0
0.0005242824554443359,positive,10.0,10.0,0.044418953359127045,-0.0334683395922184,-0.038956452161073685,-0.012231617234647274,54,2
0.0006327629089355469,positive,10.0,10.0,0.04374958947300911,-0.22801057994365692,-0.03920108452439308,0.26791003346443176,54,3
0.0007145404815673828,positive,10.0,10.0,0.039189375936985016,-0.4225517809391022,-0.03384288400411606,0.547975480556488,54,4
0.0007901191711425781,positive,10.0,10.0,0.030738340690732002,-0.22697114944458008,-0.022883376106619835,0.24482461810112,54,5
0.0008633136749267578,positive,10.0,10.0,0.026198917999863625,-0.42175889015197754,-0.017986882477998734,0.5302026271820068,54,6
0.0009374618530273438,positive,10.0,10.0,0.017763739451766014,-0.2263886034488678,-0.0073828306049108505,0.2319067269563675,54,7
0.0011157989501953125,positive,10.0,10.0,0.00480788154527545,-0.6164875030517578,0.007700339425355196,0.8140685558319092,54,9
0.0012919902801513672,positive,10.0,10.0,-0.023756150156259537,-0.6169153451919556,0.04616498202085495,0.8240994215011597,54,11
0.0014567375183105469,positive,10.0,10.0,-0.052347201853990555,-0.6183890700340271,0.08526571840047836,0.8585426807403564,54,13
0.0017902851104736328,negative,10.0,-10.0,-0.10977420210838318,-1.0141359567642212,0.16927655041217804,1.5815383195877075,54,17
0.0018661022186279297,negative,10.0,-10.0,-0.13005691766738892,-0.8213847279548645,0.20090730488300323,1.3460739850997925,54,18
0.00024890899658203125,positive,10.0,10.0,-0.01863827183842659,-0.04050450399518013,0.006747272796928883,0.0027573665138334036,55,0
0.00036454200744628906,positive,10.0,10.0,-0.019448362290859222,-0.23572257161140442,0.0068024201318621635,0.2975614666938782,55,1
0.00044989585876464844,positive,10.0,10.0,-0.024162814021110535,-0.04069824144244194,0.012753649614751339,0.007031656336039305,55,2
0.0005273818969726562,positive,10.0,10.0,-0.024976778775453568,-0.23600076138973236,0.012894283048808575,0.30371108651161194,55,3
0.0009291172027587891,positive,10.0,10.0,-0.036079395562410355,-0.23709028959274292,0.026089249178767204,0.3278176486492157,55,7
0.0010216236114501953,positive,10.0,10.0,-0.04082120209932327,-0.04234929010272026,0.03264560177922249,0.04347493126988411,55,8
0.0012679100036621094,positive,10.0,10.0,-0.047292545437812805,0.15122529864311218,0.04172758385539055,-0.21530674397945404,55,11
0.0013463497161865234,positive,10.0,10.0,-0.04426804184913635,-0.044467587023973465,0.03742145001888275,0.09024141728878021,55,12
0.0015833377838134766,positive,10.0,10.0,-0.043066661804914474,-0.24117304384708405,0.037706002593040466,0.4180338382720947,55,15
0.001737833023071289,positive,10.0,10.0,-0.048822224140167236,-0.2423555999994278,0.048816125839948654,0.44432535767555237,55,17
0.001809835433959961,positive,10.0,10.0,-0.053669337183237076,-0.04795711115002632,0.05770263448357582,0.16742122173309326,55,18
0.002201080322265625,positive,10.0,10.0,-0.05084305256605148,0.14228864014148712,0.06675160676240921,-0.018009711056947708,55,23
0.0022759437561035156,positive,10.0,10.0,-0.04799727723002434,-0.05372396111488342,0.06639141589403152,0.2949647903442383,55,24
0.002427339553833008,positive,10.0,10.0,-0.0462639220058918,0.3344065248966217,0.07276945561170578,-0.24508967995643616,55,26
0.0024979114532470703,positive,10.0,10.0,-0.03957579284906387,0.5284177660942078,0.06786766648292542,-0.5139610171318054,55,27
0.002727031707763672,positive,10.0,10.0,-0.014557004906237125,0.5266575813293457,0.041898272931575775,-0.4742780029773712,55,29
0.002895832061767578,positive,10.0,10.0,0.010399417020380497,0.9158239960670471,0.01734338328242302,-1.0357760190963745,55,31
0.0029697418212890625,positive,10.0,10.0,0.028715895488858223,0.7204757928848267,-0.003372138598933816,-0.7376991510391235,55,32
0.0031256675720214844,positive,10.0,10.0,0.06143829599022865,0.7207679748535156,-0.03875495120882988,-0.7445039749145508,55,34
0.003284931182861328,positive,10.0,10.0,0.09418170899152756,0.7220319509506226,-0.07462757080793381,-0.7737542390823364,55,36
0.003731966018676758,positive,10.0,10.0,0.12270195782184601,-0.04987850785255432,-0.08857223391532898,0.21044974029064178,55,42
0.0038001537322998047,positive,10.0,10.0,0.12170438468456268,-0.24362972378730774,-0.08436323702335358,0.47393113374710083,55,43
0.0038695335388183594,positive,10.0,10.0,0.11683179438114166,-0.04742401838302612,-0.07488461583852768,0.1558958739042282,55,44
0.0039365291595458984,positive,10.0,10.0,0.11588331311941147,-0.24139836430549622,-0.071766696870327,0.42404645681381226,55,45
0.00429987907409668,positive,10.0,10.0,0.10753301531076431,-0.04205910116434097,-0.05682477355003357,0.03715386241674423,55,50
0.00443577766418457,positive,10.0,10.0,0.10196539014577866,-0.04044785723090172,-0.049854084849357605,0.0015517037827521563,55,52
0.004579782485961914,positive,10.0,10.0,0.0964600220322609,-0.429197758436203,-0.04426109790802002,0.5546595454216003,55,54
0.0046710968017578125,positive,10.0,10.0,0.08787606656551361,-0.6236711740493774,-0.03316790610551834,0.8330755233764648,55,55
0.00475001335144043,positive,10.0,10.0,0.0754026398062706,-0.818324625492096,-0.016506396234035492,1.1151454448699951,55,56
0.004821062088012695,positive,10.0,10.0,0.059036146849393845,-1.01322603225708,0.005796512588858604,1.4026050567626953,55,57
0.004888057708740234,positive,10.0,10.0,0.038771625608205795,-1.2084194421768188,0.03384861350059509,1.6970945596694946,55,58
0.00510859489440918,negative,10.0,-10.0,-0.045468587428331375,-1.4056909084320068,0.15405292809009552,2.055342674255371,55,61
0.00025773048400878906,positive,10.0,10.0,0.007230638060718775,-0.03835791349411011,-0.009113588370382786,-0.025020861998200417,56,0
0.0003829002380371094,positive,10.0,10.0,0.006463479716330767,-0.23334799706935883,-0.0096140056848526,0.2647727429866791,56,1
0.00047707557678222656,positive,10.0,10.0,0.0017965197330340743,-0.4283314049243927,-0.004318550229072571,0.5544078946113586,56,2
0.0015048980712890625,negative,10.0,-10.0,-0.10373308509588242,-0.04668590798974037,0.1439075917005539,0.16020983457565308,56,12
0.0015914440155029297,negative,10.0,-10.0,-0.1046668067574501,0.1461140215396881,0.14711178839206696,-0.08383770287036896,56,13
0.0019376277923583984,negative,10.0,-10.0,-0.09322641789913177,0.5273659229278564,0.14594528079032898,-0.4754279851913452,56,17
0.0020225048065185547,negative,10.0,-10.0,-0.08267910033464432,0.3305172026157379,0.13643671572208405,-0.14053823053836823,56,18
0.0022821426391601562,negative,10.0,-10.0,-0.07465458661317825,0.1299232691526413,0.14793476462364197,0.2771531641483307,56,21
0.002362489700317383,negative,10.0,-10.0,-0.0720561221241951,0.32265910506248474,0.15347783267498016,0.03454149141907692,56,22
0.002533435821533203,negative,10.0,-10.0,-0.055297236889600754,0.7079049348831177,0.15004755556583405,-0.4464122951030731,56,24
0.003530740737915039,positive,10.0,10.0,0.10229408740997314,0.8840263485908508,0.0918964073061943,-0.31606173515319824,56,35
0.0036170482635498047,positive,10.0,10.0,0.11997461318969727,0.6877238154411316,0.0855751782655716,0.004129198845475912,56,36
0.0037012100219726562,positive,10.0,10.0,0.13372908532619476,0.8815208673477173,0.0856577605009079,-0.2603742480278015,56,37
0.004305601119995117,positive,10.0,10.0,0.25278764963150024,0.6793307065963745,0.06509735435247421,0.1896360218524933,56,44
0.0049741268157958984,negative,10.0,-10.0,0.29672476649284363,0.0851382166147232,0.17795953154563904,1.2795482873916626,56,51
0.0002467632293701172,positive,10.0,10.0,0.003769508097320795,-0.015378833748400211,-0.042718082666397095,0.04469321668148041,57,0
0.0003714561462402344,positive,10.0,10.0,0.0034619313664734364,-0.20986302196979523,-0.04182421788573265,0.32359805703163147,57,1
0.0004773139953613281,positive,10.0,10.0,-0.0007353289402090013,-0.014171252958476543,-0.035352256149053574,0.018024379387497902,57,2
0.0006711483001708984,positive,10.0,10.0,-0.005194130819290876,-0.013166047632694244,-0.02900482900440693,-0.004163085017353296,57,4
0.0008668899536132812,positive,10.0,10.0,-0.017665766179561615,-0.20711171627044678,-0.012251551263034344,0.2626037001609802,57,7
0.0013129711151123047,positive,10.0,10.0,-0.04639057442545891,-0.20700213313102722,0.02442806214094162,0.2602190375328064,57,13
0.0014486312866210938,positive,10.0,10.0,-0.05857989937067032,-0.20777033269405365,0.040842559188604355,0.27730387449264526,57,15
0.001516103744506836,positive,10.0,10.0,-0.06273530423641205,-0.01325413677841425,0.04638863354921341,-0.0022227258887141943,57,16
0.0015807151794433594,positive,10.0,10.0,-0.06300038844347,-0.20900961756706238,0.04634417966008186,0.3047279715538025,57,17
0.0019292831420898438,positive,10.0,10.0,-0.06419869512319565,-0.2118586003780365,0.04921028017997742,0.36767178773880005,57,21
0.0020165443420410156,positive,10.0,10.0,-0.06843586266040802,-0.01746918261051178,0.056563716381788254,0.0909026488661766,57,22
0.0020911693572998047,positive,10.0,10.0,-0.06878525018692017,-0.21335434913635254,0.05838176980614662,0.4008813500404358,57,23
0.002159595489501953,positive,10.0,10.0,-0.07305233180522919,-0.019107013940811157,0.06639939546585083,0.12716124951839447,57,24
0.0022280216217041016,positive,10.0,10.0,-0.07343447208404541,-0.21511425077915192,0.06894262135028839,0.4400312900543213,57,25
0.0025272369384765625,positive,10.0,10.0,-0.0673641562461853,0.17061379551887512,0.07192681729793549,-0.046781640499830246,57,29
0.0025968551635742188,positive,10.0,10.0,-0.06395187973976135,0.36463460326194763,0.07099118083715439,-0.31593209505081177,57,30
0.0027430057525634766,positive,10.0,10.0,-0.05328764766454697,-0.02740994095802307,0.06463789194822311,0.31063374876976013,57,32
0.0028142929077148438,positive,10.0,10.0,-0.05383584648370743,0.16673439741134644,0.07085056602954865,0.03901568800210953,57,33
0.0035698413848876953,positive,10.0,10.0,-0.01688588410615921,0.35030725598335266,0.08528342097997665,0.0009742197580635548,57,42
0.003749847412109375,positive,10.0,10.0,0.0010024436051025987,0.7379165291786194,0.08003032207489014,-0.5282344818115234,57,44
0.003830432891845703,positive,10.0,10.0,0.015760773792862892,0.5417652130126953,0.06946563720703125,-0.2114454209804535,57,45
0.0039975643157958984,positive,10.0,10.0,0.03351052477955818,0.14972905814647675,0.06728304922580719,0.4148466885089874,57,47
0.005126237869262695,positive,10.0,10.0,0.21914170682430267,1.5044509172439575,-0.012526054866611958,-1.3892903327941895,57,60
0.0052394866943359375,positive,10.0,10.0,0.24923072755336761,1.309487223625183,-0.04031186178326607,-1.1005504131317139,57,61
0.0053369998931884766,positive,10.0,10.0,0.2754204571247101,1.1149183511734009,-0.06232286989688873,-0.8207825422286987,57,62
0.005994081497192383,negative,10.0,-10.0,0.4281350076198578,1.3203691244125366,-0.18361012637615204,-1.3598788976669312,57,69
0.0004982948303222656,positive,10.0,10.0,0.011979811824858189,-0.21420714259147644,0.0464225672185421,0.35155758261680603,58,1
0.0008614063262939453,positive,10.0,10.0,0.00298774940893054,-0.021320201456546783,0.06258954107761383,0.1080542579293251,58,4
0.0012907981872558594,positive,10.0,10.0,0.004040115047246218,0.3626672625541687,0.07613668590784073,-0.34060531854629517,58,10
0.0013477802276611328,positive,10.0,10.0,0.011293460614979267,0.16654925048351288,0.06932458281517029,-0.024917952716350555,58,11
0.0014014244079589844,positive,10.0,10.0,0.014624444767832756,-0.029494866728782654,0.06882622092962265,0.2888069748878479,58,12
0.0016186237335205078,positive,10.0,10.0,0.03554804250597954,0.746604859828949,0.05962616205215454,-0.7876028418540955,58,16
0.0016722679138183594,positive,10.0,10.0,0.05048013851046562,0.940859317779541,0.0438741035759449,-1.0609469413757324,58,17
0.0018024444580078125,positive,10.0,10.0,0.09200479835271835,0.9399738311767578,-0.004135691560804844,-1.039858341217041,58,19
0.0018649101257324219,positive,10.0,10.0,0.11080427467823029,0.7449070811271667,-0.02493285946547985,-0.7484766244888306,58,20
0.0019183158874511719,positive,10.0,10.0,0.1257024109363556,0.5501378178596497,-0.03990238904953003,-0.4637429714202881,58,21
0.001967191696166992,positive,10.0,10.0,0.1367051750421524,0.745800256729126,-0.049177251756191254,-0.7687312364578247,58,22
0.002016782760620117,positive,10.0,10.0,0.15162117779254913,0.5513885021209717,-0.06455187499523163,-0.4919183850288391,58,23
0.0020651817321777344,positive,10.0,10.0,0.16264894604682922,0.7473587393760681,-0.0743902400135994,-0.8042265772819519,58,24
0.0021126270294189453,positive,10.0,10.0,0.17759612202644348,0.5533312559127808,-0.09047477692365646,-0.5358408689498901,58,25
0.0024013519287109375,negative,10.0,-10.0,0.22542190551757812,-0.02326197363436222,-0.13897940516471863,0.1522509604692459,58,30
0.0032176971435546875,positive,10.0,10.0,0.17133797705173492,-0.3908810615539551,-0.09000761806964874,0.23810341954231262,58,44
0.0032646656036376953,positive,10.0,10.0,0.16352035105228424,-0.5846095681190491,-0.08524554967880249,0.5010933876037598,58,45
0.003505706787109375,positive,10.0,10.0,0.06624981015920639,-1.5562865734100342,0.01865595206618309,1.8758487701416016,58,50
0.003647327423095703,negative,10.0,-10.0,-0.03885263949632645,-1.7530685663223267,0.14933297038078308,2.2231945991516113,58,53
0.0036907196044921875,negative,10.0,-10.0,-0.07391401380300522,-1.559652328491211,0.19379685819149017,1.980040192604065,58,54
0.0002646446228027344,positive,10.0,10.0,0.04826357960700989,0.010901365429162979,0.029083671048283577,-0.03679988905787468,59,0
0.0005614757537841797,positive,10.0,10.0,0.04478909820318222,-0.38014015555381775,0.033645983785390854,0.5664030313491821,59,2
0.0009360313415527344,positive,10.0,10.0,0.022114142775535583,0.007316626142710447,0.06877925992012024,0.04238418489694595,59,6
0.0011210441589355469,positive,10.0,10.0,0.018486060202121735,0.005345751065760851,0.07674594968557358,0.08600951731204987,59,8
0.001207113265991211,positive,10.0,10.0,0.01859297603368759,0.1992885023355484,0.07846613973379135,-0.18150712549686432,59,9
0.0013790130615234375,positive,10.0,10.0,0.030442846938967705,0.19710876047611237,0.06586716324090958,-0.13313917815685272,59,11
0.0014734268188476562,positive,10.0,10.0,0.03438502177596092,0.00110817258246243,0.06320437788963318,0.179575115442276,59,12
0.0015556812286376953,positive,10.0,10.0,0.03440718725323677,-0.1948586106300354,0.06679587811231613,0.4915080964565277,59,13
0.001634359359741211,positive,10.0,10.0,0.030510013923048973,-0.0007393176783807576,0.07662604004144669,0.2206018567085266,59,14
0.0017116069793701172,positive,10.0,10.0,0.03049522638320923,0.1932084709405899,0.08103808015584946,-0.046960148960351944,59,15
0.0017895698547363281,positive,10.0,10.0,0.0343593955039978,0.38708052039146423,0.08009887486696243,-0.3130147159099579,59,16
0.0019664764404296875,positive,10.0,10.0,0.04591929167509079,0.3849038779735565,0.07391488552093506,-0.26468756794929504,59,18
0.0022461414337158203,positive,10.0,10.0,0.07285293191671371,0.1869802623987198,0.05356408655643463,0.09070699661970139,59,21
0.0024650096893310547,positive,10.0,10.0,0.07641519606113434,0.18542754650115967,0.06337416172027588,0.12507471442222595,59,23
0.0025582313537597656,positive,10.0,10.0,0.08012374490499496,-0.010542372241616249,0.06587565690279007,0.4370590150356293,59,24
0.0027472972869873047,positive,10.0,10.0,0.08358466625213623,0.37756720185279846,0.07793379575014114,-0.10239366441965103,59,26
0.003011465072631836,positive,10.0,10.0,0.11007337272167206,0.17934343218803406,0.06741791218519211,0.25958919525146484,59,29
0.0030922889709472656,positive,10.0,10.0,0.11366023868322372,0.3734413981437683,0.07260969281196594,-0.011090505868196487,59,30
0.003261089324951172,positive,10.0,10.0,0.12467621266841888,0.37137696146965027,0.07845966517925262,0.034585267305374146,59,32
0.0034301280975341797,positive,10.0,10.0,0.1434095799922943,0.7591982483863831,0.07450441271066666,-0.49905145168304443,59,34
0.003771066665649414,positive,10.0,10.0,0.18842478096485138,0.7554853558540344,0.060527503490448,-0.4164350926876068,59,38
0.003941059112548828,positive,10.0,10.0,0.21472568809986115,0.3637305498123169,0.050092779099941254,0.20338258147239685,59,40
0.004109382629394531,positive,10.0,10.0,0.22535888850688934,-0.027912026271224022,0.064389169216156,0.8206837773323059,59,42
0.004273176193237305,positive,10.0,10.0,0.22812609374523163,-0.02988601289689541,0.09178140759468079,0.8659358620643616,59,44
0.004663705825805664,negative,10.0,-10.0,0.20997217297554016,-0.036491509526968,0.18828344345092773,1.0248535871505737,59,48
0.0006892681121826172,positive,10.0,10.0,0.023830946534872055,-0.3838318884372711,-0.02010074257850647,0.5608988404273987,60,4
0.0007824897766113281,positive,10.0,10.0,0.01615430787205696,-0.1884336769580841,-0.008882766589522362,0.2619515061378479,60,5
0.0009577274322509766,positive,10.0,10.0,0.0047170803882181644,-0.18825477361679077,0.007392654661089182,0.2579908072948456,60,7
0.0011854171752929688,positive,10.0,10.0,-0.00671764463186264,-0.5787774324417114,0.02361239679157734,0.8496074676513672,60,9
0.0013837814331054688,positive,10.0,10.0,-0.025972899049520493,-0.18945589661598206,0.05189339071512222,0.2848229706287384,60,11
0.0014736652374267578,positive,10.0,10.0,-0.029762016609311104,-0.3852780759334564,0.057589851319789886,0.5934106707572937,60,12
0.0016591548919677734,positive,10.0,10.0,-0.041287731379270554,0.00305999000556767,0.07584626227617264,0.04941489174962044,60,14
0.0017442703247070312,positive,10.0,10.0,-0.04122652858495712,0.19701705873012543,0.07683455944061279,-0.21840685606002808,60,15
0.0018281936645507812,positive,10.0,10.0,-0.0372861884534359,0.3909613788127899,0.0724664255976677,-0.48589789867401123,60,16
0.002186298370361328,positive,10.0,10.0,-0.029530057683587074,-0.002794128144159913,0.07115920633077621,0.1788385808467865,60,20
0.0023584365844726562,positive,10.0,10.0,-0.03356310725212097,-0.004865734837949276,0.0845978632569313,0.22486907243728638,60,22
0.0024328231811523438,positive,10.0,10.0,-0.03366042301058769,0.18895165622234344,0.08909524232149124,-0.03997517749667168,60,23
0.003008604049682617,positive,10.0,10.0,0.01178930327296257,-0.013975594192743301,0.06554121524095535,0.42585277557373047,60,30
0.003283262252807617,positive,10.0,10.0,0.015112986788153648,0.3741474747657776,0.07714887708425522,-0.11390047520399094,60,32
0.0034651756286621094,positive,10.0,10.0,0.03395761922001839,0.7620674967765808,0.067245252430439,-0.6494492292404175,60,34
0.003630399703979492,positive,10.0,10.0,0.0683227926492691,0.7603798508644104,0.03585182875394821,-0.6109931468963623,60,36
0.003884553909301758,positive,10.0,10.0,0.11782101541757584,0.9545888900756836,-0.006054570432752371,-0.8830088973045349,60,39
0.003963470458984375,positive,10.0,10.0,0.13691279292106628,0.7595496773719788,-0.02371474914252758,-0.5922355055809021,60,40
0.004040241241455078,positive,10.0,10.0,0.15210378170013428,0.9549954533576965,-0.035559460520744324,-0.8922932147979736,60,41
0.004114627838134766,positive,10.0,10.0,0.17120370268821716,0.7603734135627747,-0.05340532213449478,-0.6109970211982727,60,42
0.004276752471923828,positive,10.0,10.0,0.2055351585149765,0.7620230317115784,-0.08402548730373383,-0.6486532688140869,60,44
0.0066378116607666016,positive,10.0,10.0,0.21412555873394012,-0.9540433883666992,-0.054421696811914444,1.1070070266723633,60,69
0.00690460205078125,positive,10.0,10.0,0.14521421492099762,-1.5381816625595093,0.028652045875787735,1.955782413482666,60,72
0.006985902786254883,positive,10.0,10.0,0.11445058882236481,-1.3433752059936523,0.06776769459247589,1.6721150875091553,60,73
0.0071563720703125,negative,10.0,-10.0,0.056798771023750305,-1.3452917337417603,0.14091219007968903,1.7254176139831543,60,75
0.0005056858062744141,positive,10.0,10.0,-0.016048438847064972,-0.38658711314201355,-0.03858984634280205,0.5533297657966614,61,2
0.0006289482116699219,positive,10.0,10.0,-0.023780182003974915,-0.190945103764534,-0.02752324938774109,0.24874264001846313,61,3
0.0007114410400390625,positive,10.0,10.0,-0.02759908325970173,-0.38566339015960693,-0.02254839614033699,0.5326186418533325,61,4
0.0007884502410888672,positive,10.0,10.0,-0.03531235083937645,-0.19023169577121735,-0.011896023526787758,0.2329169362783432,61,5
0.0009598731994628906,positive,10.0,10.0,-0.04682061821222305,-0.1899585872888565,0.0031987917609512806,0.22686904668807983,61,7
0.001093149185180664,positive,10.0,10.0,-0.05832231417298317,-0.19011391699314117,0.018147358670830727,0.2303241342306137,61,9
0.0012226104736328125,positive,10.0,10.0,-0.0698343962430954,-0.1906958520412445,0.03332735598087311,0.24324852228164673,61,11
0.0014150142669677734,positive,10.0,10.0,-0.08520811796188354,-0.3874998092651367,0.05443432927131653,0.5736071467399597,61,14
0.0014755725860595703,positive,10.0,10.0,-0.09295811504125595,-0.1931816041469574,0.06590647250413895,0.2985573410987854,61,15
0.0016014575958251953,positive,10.0,10.0,-0.1046053096652031,-0.19513046741485596,0.08410314470529556,0.34207025170326233,61,17
0.0017244815826416016,positive,10.0,10.0,-0.10853390395641327,0.1924089789390564,0.09248552471399307,-0.18561242520809174,61,19
0.0018463134765625,positive,10.0,10.0,-0.09696383774280548,0.18983612954616547,0.07981833815574646,-0.12845367193222046,61,21
0.0019614696502685547,positive,10.0,10.0,-0.08549252897500992,0.18760110437870026,0.06935074925422668,-0.07892213016748428,61,23
0.0021347999572753906,positive,10.0,10.0,-0.08599865436553955,-0.010431385599076748,0.08343004435300827,0.27907833456993103,61,26
0.002307415008544922,positive,10.0,10.0,-0.07499618828296661,0.5708884596824646,0.08429837226867676,-0.5127311944961548,61,29
0.002359628677368164,positive,10.0,10.0,-0.06357841938734055,0.37468665838241577,0.07404374331235886,-0.19471918046474457,61,30
0.0024132728576660156,positive,10.0,10.0,-0.056084681302309036,0.5686756372451782,0.07014936208724976,-0.46315640211105347,61,31
0.0025451183319091797,positive,10.0,10.0,-0.029456375166773796,0.9569699168205261,0.04622764140367508,-1.005845546722412,61,33
0.002861499786376953,positive,10.0,10.0,0.058362241834402084,0.7611254453659058,-0.04091338813304901,-0.6960141658782959,61,38
0.0029158592224121094,positive,10.0,10.0,0.07358475029468536,0.5665940642356873,-0.05483367294073105,-0.4164865016937256,61,39
0.004385948181152344,positive,10.0,10.0,0.11628512293100357,-0.9542785286903381,-0.08910306543111801,1.0463510751724243,61,65
0.004436969757080078,positive,10.0,10.0,0.09719955176115036,-0.7580941915512085,-0.0681760385632515,0.7270803451538086,61,66
0.004484653472900391,positive,10.0,10.0,0.08203767240047455,-0.9522106647491455,-0.053634434938430786,0.997550368309021,61,67
0.0046689510345458984,positive,10.0,10.0,0.013236889615654945,-1.536274790763855,0.022872259840369225,1.8449716567993164,61,70
0.004822492599487305,negative,10.0,-10.0,-0.09066741913557053,-2.1231300830841064,0.15176893770694733,2.7775237560272217,61,73
0.0048711299896240234,negative,10.0,-10.0,-0.1331300139427185,-2.31892991065979,0.20731942355632782,3.1122965812683105,61,74
0.0004363059997558594,positive,10.0,10.0,0.03513886779546738,-0.18814074993133545,0.013181298039853573,0.3342919647693634,62,1
0.0010333061218261719,positive,10.0,10.0,0.016381587833166122,-0.19021496176719666,0.049278076738119125,0.38042664527893066,62,7
0.0012156963348388672,positive,10.0,10.0,0.012660766951739788,-0.19171524047851562,0.0589601956307888,0.4137532413005829,62,9
0.0013899803161621094,positive,10.0,10.0,0.008876933716237545,-0.19349367916584015,0.0700397714972496,0.4533393979072571,62,11
0.0015625953674316406,positive,10.0,10.0,0.005018491297960281,-0.19558793306350708,0.08277715742588043,0.50008225440979,62,13
0.001989603042602539,positive,10.0,10.0,0.01640644669532776,0.3829001188278198,0.09183979034423828,-0.2288287729024887,62,18
0.002202749252319336,positive,10.0,10.0,0.03559640422463417,0.38036033511161804,0.07743945717811584,-0.17232884466648102,62,20
0.002288341522216797,positive,10.0,10.0,0.04320361092686653,0.5742934346199036,0.07399288564920425,-0.4396122395992279,62,21
0.002371072769165039,positive,10.0,10.0,0.05468948185443878,0.3782065212726593,0.06520063430070877,-0.12455262988805771,62,22
0.0025434494018554688,positive,10.0,10.0,0.06589788943529129,-0.013746455311775208,0.06646892428398132,0.4997543394565582,62,24
0.0026280879974365234,positive,10.0,10.0,0.0656229630112648,0.18037855625152588,0.07646401226520538,0.22873730957508087,62,25
0.002801179885864258,positive,10.0,10.0,0.07671711593866348,0.5682012438774109,0.08026115596294403,-0.30493441224098206,62,27
0.002972126007080078,positive,10.0,10.0,0.09552180022001266,0.17592984437942505,0.07440131902694702,0.3270721137523651,62,29
0.003142833709716797,positive,10.0,10.0,0.09863702952861786,0.1737377941608429,0.09378793835639954,0.37612372636795044,62,31
0.0035202503204345703,positive,10.0,10.0,0.13576781749725342,0.5580487847328186,0.09264689683914185,-0.08028517663478851,62,35
0.0038633346557617188,positive,10.0,10.0,0.1802535355091095,0.942707896232605,0.08972420543432236,-0.544613242149353,62,39
0.004030942916870117,positive,10.0,10.0,0.21403664350509644,0.9403592348098755,0.07433068007230759,-0.491875022649765,62,41
0.004326581954956055,positive,10.0,10.0,0.2586950361728668,0.35234934091567993,0.06367047876119614,0.44686228036880493,62,44
0.00520014762878418,positive,10.0,10.0,0.3943776786327362,0.729710578918457,0.0782538577914238,0.14527906477451324,62,54
0.005371570587158203,positive,10.0,10.0,0.4196431040763855,0.337390661239624,0.09039118885993958,0.7787078022956848,62,56
0.005719900131225586,negative,10.0,-10.0,0.4542700946331024,0.3313676416873932,0.14479683339595795,0.9173795580863953,62,60
0.0058917999267578125,negative,10.0,-10.0,0.46358975768089294,-0.06217598542571068,0.18818122148513794,1.5908604860305786,62,62
0.0008404254913330078,positive,10.0,10.0,-0.00019326034816913307,-0.3532145619392395,-0.03846755623817444,0.5436555743217468,63,2
0.0009510517120361328,positive,10.0,10.0,-0.01040902640670538,-0.3522908389568329,-0.02281234972178936,0.522957444190979,63,4
0.0009932518005371094,positive,10.0,10.0,-0.017454843968153,-0.15685537457466125,-0.01235320046544075,0.22317427396774292,63,5
0.0010333061218261719,positive,10.0,10.0,-0.02059195004403591,0.038440946489572525,-0.007889715023338795,-0.07337959855794907,63,6
0.0010712146759033203,positive,10.0,10.0,-0.01982313208281994,-0.15656700730323792,-0.009357307106256485,0.2168036848306656,63,7
0.0011091232299804688,positive,10.0,10.0,-0.02295447140932083,-0.35155394673347473,-0.005021233577281237,0.5065202713012695,63,8
0.0013582706451416016,positive,10.0,10.0,-0.05108008161187172,-0.7421923875808716,0.03552865609526634,1.1009137630462646,63,12
0.0014548301696777344,positive,10.0,10.0,-0.08467920124530792,-1.133550763130188,0.08563749492168427,1.7146326303482056,63,14
0.0015921592712402344,negative,10.0,-10.0,-0.16445475816726685,-1.721832275390625,0.20778322219848633,2.6974093914031982,63,17
0.0002536773681640625,positive,10.0,10.0,-0.04124794900417328,0.013439442031085491,-0.023426223546266556,0.04777064919471741,64,0
0.0006887912750244141,positive,10.0,10.0,-0.052128616720438004,-0.18079473078250885,-0.0034416988492012024,0.3208636939525604,64,3
0.0008656978607177734,positive,10.0,10.0,-0.055456988513469696,-0.18078842759132385,0.003517522942274809,0.3207176625728607,64,5
0.0010249614715576172,positive,10.0,10.0,-0.06659196317195892,-0.18097852170467377,0.022222032770514488,0.32496947050094604,64,7
0.0013399124145507812,positive,10.0,10.0,-0.07330939918756485,-0.18263526260852814,0.03748352825641632,0.36166760325431824,64,11
0.0014963150024414062,positive,10.0,10.0,-0.07672341912984848,-0.18379907310009003,0.04633759334683418,0.3874847888946533,64,13
0.0015730857849121094,positive,10.0,10.0,-0.08039940148591995,0.010635532438755035,0.05408728867769241,0.10976431518793106,64,14
0.001974344253540039,positive,10.0,10.0,-0.08730458468198776,0.2011282742023468,0.08041948825120926,-0.08123651146888733,64,19
0.002213716506958008,positive,10.0,10.0,-0.07140456885099411,0.0027869325131177902,0.07122370600700378,0.2834075093269348,64,22
0.002293825149536133,positive,10.0,10.0,-0.07134883105754852,-0.19327479600906372,0.07689186185598373,0.5976765751838684,64,23
0.0023908615112304688,positive,10.0,10.0,-0.07521432638168335,0.0006917827413417399,0.0888453871011734,0.33017030358314514,64,24
0.0034608840942382812,positive,10.0,10.0,0.008907970041036606,0.7640594840049744,0.08079779148101807,-0.46589574217796326,64,36
0.0035448074340820312,positive,10.0,10.0,0.024189159274101257,0.5678943991661072,0.07147987931966782,-0.14887934923171997,64,37
0.0037970542907714844,positive,10.0,10.0,0.05430162698030472,0.7599266767501831,0.06971488893032074,-0.37403035163879395,64,40
0.004378557205200195,positive,10.0,10.0,0.20331142842769623,0.9520329833030701,-0.04023487865924835,-0.5995473861694336,64,47
0.004846811294555664,negative,10.0,-10.0,0.3298759162425995,1.152255654335022,-0.15043382346630096,-1.0143709182739258,64,52
0.004930734634399414,negative,10.0,-10.0,0.3529210388660431,0.9594252109527588,-0.17072124779224396,-0.7724528908729553,64,53
0.005008220672607422,negative,10.0,-10.0,0.3721095323562622,1.156433343887329,-0.186170294880867,-1.1136175394058228,64,54
0.0002608299255371094,positive,10.0,10.0,0.0008058007806539536,0.040007151663303375,0.023705117404460907,0.022455962374806404,65,0
0.00039696693420410156,positive,10.0,10.0,0.001605943776667118,-0.1554465889930725,0.024154236540198326,0.3225228488445282,65,1
0.0004885196685791016,positive,10.0,10.0,-0.001502988045103848,0.03932322561740875,0.030604694038629532,0.03755401074886322,65,2
0.0005624294281005859,positive,10.0,10.0,-0.0007165235001593828,-0.15622392296791077,0.03135577589273453,0.339733749628067,65,3
0.0006313323974609375,positive,10.0,10.0,-0.003841002006083727,0.038438159972429276,0.038150448352098465,0.05710124224424362,65,4
0.0008893013000488281,positive,10.0,10.0,-0.005469775293022394,-0.15842430293560028,0.04815460368990898,0.38852453231811523,65,7
0.0009617805480957031,positive,10.0,10.0,-0.008638261817395687,0.03598222881555557,0.055925093591213226,0.11140475422143936,65,8
0.001196146011352539,positive,10.0,10.0,-0.010429365560412407,-0.1616518199443817,0.06952499598264694,0.4603176712989807,65,11
0.0012745857238769531,positive,10.0,10.0,-0.013662401586771011,0.03242207691073418,0.07873135060071945,0.1903340071439743,65,12
0.0013475418090820312,positive,10.0,10.0,-0.013013959862291813,0.2263345718383789,0.08253803104162216,-0.07651060819625854,65,13
0.0014934539794921875,positive,10.0,10.0,-8.362364314962178e-05,0.22400681674480438,0.07416674494743347,-0.024965187534689903,65,15
0.0015680789947509766,positive,10.0,10.0,0.004396512638777494,0.41799113154411316,0.07366744428873062,-0.29335668683052063,65,16
0.0016312599182128906,positive,10.0,10.0,0.01275633554905653,0.6119896769523621,0.06780030578374863,-0.5619266033172607,65,17
0.0018410682678222656,positive,10.0,10.0,0.06112615019083023,0.8047799468040466,0.017774265259504318,-0.8019413948059082,65,20
0.0020110607147216797,positive,10.0,10.0,0.08941012620925903,0.8045162558555603,-0.008338975720107555,-0.7958561778068542,65,22
0.002079486846923828,positive,10.0,10.0,0.10550045222043991,0.9997516870498657,-0.02425609901547432,-1.0911506414413452,65,23
0.00295257568359375,positive,10.0,10.0,0.19555290043354034,0.04153740406036377,-0.09059571474790573,-0.011300144717097282,65,36
0.003016233444213867,positive,10.0,10.0,0.19638365507125854,-0.1521763652563095,-0.09082172065973282,0.2514801621437073,65,37
0.0031490325927734375,positive,10.0,10.0,0.18642228841781616,-0.14967316389083862,-0.07550829648971558,0.19575342535972595,65,39
0.0033965110778808594,positive,10.0,10.0,0.17457455396652222,-0.5356205105781555,-0.06263922154903412,0.6874402165412903,65,43
0.0035161972045898438,positive,10.0,10.0,0.14926575124263763,-0.9242514967918396,-0.029695142060518265,1.2366949319839478,65,45
0.0035724639892578125,positive,10.0,10.0,0.13078072667121887,-1.118979573249817,-0.004961243364959955,1.5199291706085205,65,46
0.003699779510498047,positive,10.0,10.0,0.08212030678987503,-1.5094372034072876,0.061658527702093124,2.1115362644195557,65,48
0.0039136409759521484,negative,10.0,-10.0,-0.012391513213515282,-1.3176969289779663,0.1956125944852829,1.9215166568756104,65,51
0.00042700767517089844,positive,10.0,10.0,0.049096181988716125,-0.16316506266593933,0.029872331768274307,0.28022128343582153,66,1
0.0005340576171875,positive,10.0,10.0,0.04583287984132767,0.03151831030845642,0.03547675907611847,-0.0028923368081450462,66,2
0.000728607177734375,positive,10.0,10.0,0.05098552629351616,0.030505239963531494,0.029735427349805832,0.01946587674319744,66,4
0.0009455680847167969,positive,10.0,10.0,0.048295024782419205,0.029650038108229637,0.03655235096812248,0.03834777697920799,66,6
0.0010309219360351562,positive,10.0,10.0,0.04888802766799927,-0.16597649455070496,0.03731931000947952,0.3423355519771576,66,7
0.0011091232299804688,positive,10.0,10.0,0.045568495988845825,0.02859519049525261,0.044166021049022675,0.061650585383176804,66,8
0.0013699531555175781,positive,10.0,10.0,0.04334411770105362,-0.16851972043514252,0.054555825889110565,0.39875537157058716,66,11
0.0014507770538330078,positive,10.0,10.0,0.039973724633455276,0.025787554681301117,0.06253093481063843,0.12375953793525696,66,12
0.0015287399291992188,positive,10.0,10.0,0.040489476174116135,-0.17017191648483276,0.06500612199306488,0.43549638986587524,66,13
0.0016045570373535156,positive,10.0,10.0,0.037086036056280136,0.023972446098923683,0.07371605187654495,0.16399326920509338,66,14
0.0017762184143066406,positive,10.0,10.0,0.04192480444908142,0.411904901266098,0.07490483671426773,-0.37198591232299805,66,16
0.0018541812896728516,positive,10.0,10.0,0.0501629039645195,0.21580317616462708,0.06746511906385422,-0.056656721979379654,66,17
0.002187490463256836,positive,10.0,10.0,0.05170677602291107,0.2116788923740387,0.08885053545236588,0.03458369895815849,66,21
0.0022656917572021484,positive,10.0,10.0,0.055940352380275726,0.40542176365852356,0.0895422101020813,-0.2287965714931488,66,22
0.0024302005767822266,positive,10.0,10.0,0.07603193819522858,0.402946412563324,0.07512736320495605,-0.17374075949192047,66,24
0.002506256103515625,positive,10.0,10.0,0.08409086614847183,0.5969172120094299,0.07165254652500153,-0.44180959463119507,66,25
0.0025796890258789062,positive,10.0,10.0,0.09602921456098557,0.4008583426475525,0.06281635165214539,-0.1274280697107315,66,26
0.002656221389770508,positive,10.0,10.0,0.10404638200998306,0.20489539206027985,0.06026779115200043,0.18439248204231262,66,27
0.0027320384979248047,positive,10.0,10.0,0.10814429074525833,0.3991055488586426,0.0639556422829628,-0.08868584781885147,66,28
0.0028066635131835938,positive,10.0,10.0,0.1161263957619667,0.5932552218437195,0.062181927263736725,-0.36052483320236206,66,29
0.0030107498168945312,positive,10.0,10.0,0.14374032616615295,0.9817544221878052,0.04231202229857445,-0.9078472852706909,66,31
0.0034439563751220703,positive,10.0,10.0,0.24184609949588776,0.786054790019989,-0.04685308784246445,-0.6017097234725952,66,36
0.003522157669067383,positive,10.0,10.0,0.2575671970844269,0.9817997217178345,-0.05888728052377701,-0.9087746739387512,66,37
0.0036852359771728516,positive,10.0,10.0,0.29295364022254944,0.5935548543930054,-0.08976610004901886,-0.36771291494369507,66,39
0.004018306732177734,positive,10.0,10.0,0.3171980082988739,0.2089812010526657,-0.08778070658445358,0.09434632211923599,66,43
0.004271984100341797,positive,10.0,10.0,0.3259110450744629,0.4076087474822998,-0.07793965935707092,-0.2768368422985077,66,46
0.004434108734130859,positive,10.0,10.0,0.3383368253707886,0.01984851248562336,-0.08367075771093369,0.255503386259079,66,48
0.0046138763427734375,positive,10.0,10.0,0.33525407314300537,0.02214951626956463,-0.06814736127853394,0.20429854094982147,66,50
0.004718780517578125,positive,10.0,10.0,0.33569708466529846,-0.1719350516796112,-0.06406138837337494,0.4747298061847687,66,51
0.004797697067260742,positive,10.0,10.0,0.3322583734989166,0.024030286818742752,-0.05456679314374924,0.16256360709667206,66,52
0.004891157150268555,positive,10.0,10.0,0.3327389657497406,-0.17026977241039276,-0.05131552368402481,0.43754521012306213,66,53
0.005080461502075195,positive,10.0,10.0,0.32204100489616394,-0.16894464194774628,-0.028292207047343254,0.4078492522239685,66,55
0.00516510009765625,positive,10.0,10.0,0.3186621069908142,0.026566801592707634,-0.020135222002863884,0.10638265311717987,66,56
0.005242824554443359,positive,10.0,10.0,0.31919345259666443,0.22197142243385315,-0.018007569015026093,-0.19258421659469604,66,57
0.005322933197021484,positive,10.0,10.0,0.3236328661441803,0.02711164392530918,-0.02185925468802452,0.09436412155628204,66,58
0.005494117736816406,positive,10.0,10.0,0.32082128524780273,0.027709491550922394,-0.012370549142360687,0.08115851879119873,66,60
0.005747079849243164,positive,10.0,10.0,0.3185916244983673,0.22320982813835144,-0.0018719047075137496,-0.2198769599199295,66,63
0.0058248043060302734,positive,10.0,10.0,0.32305583357810974,0.02811468578875065,-0.006269443780183792,0.07221490144729614,66,64
0.0059015750885009766,positive,10.0,10.0,0.3236181139945984,-0.1669168323278427,-0.004825145937502384,0.36291322112083435,66,65
0.006063699722290039,positive,10.0,10.0,0.32084524631500244,-0.16688337922096252,0.0038073731120675802,0.362162321805954,66,67
0.006426334381103516,positive,10.0,10.0,0.3074815571308136,-0.1675502359867096,0.03306925669312477,0.3770350515842438,66,71
0.006682157516479492,positive,10.0,10.0,0.3046723008155823,-0.16859294474124908,0.04250914976000786,0.4001733958721161,66,73
0.006852626800537109,positive,10.0,10.0,0.30181846022605896,-0.1699068695306778,0.05293641611933708,0.42937150597572327,66,75
0.0069692134857177734,positive,10.0,10.0,0.2984203100204468,-0.3657369613647461,0.06152384728193283,0.7382611632347107,66,76
0.007051706314086914,positive,10.0,10.0,0.29110556840896606,-0.17151615023612976,0.07628907263278961,0.4655577838420868,66,77
0.0073125362396240234,positive,10.0,10.0,0.2924492359161377,0.4099809527397156,0.08822473138570786,-0.32977494597435,66,80
0.00757288932800293,positive,10.0,10.0,0.3052738606929779,-0.17865288257598877,0.08754981309175491,0.6238630414009094,66,83
0.009397268295288086,negative,10.0,-10.0,0.4656626582145691,0.5669628977775574,0.14390921592712402,0.22245872020721436,66,105
0.009474515914916992,negative,10.0,-10.0,0.47700193524360657,0.7597661018371582,0.14835838973522186,-0.02159317024052143,66,106
0.009547948837280273,negative,10.0,-10.0,0.4921972453594208,0.5628624558448792,0.14792652428150177,0.31397542357444763,66,107
0.009696245193481445,negative,10.0,-10.0,0.5107740163803101,0.1690814197063446,0.16719424724578857,0.9864060878753662,66,109
0.009765863418579102,negative,10.0,-10.0,0.5141556859016418,-0.027836887165904045,0.1869223713874817,1.32659113407135,66,110
0.0007576942443847656,positive,10.0,10.0,-0.05317050963640213,-0.22397585213184357,0.06668873131275177,0.39836442470550537,67,5
0.0008435249328613281,positive,10.0,10.0,-0.05765002965927124,-0.0298602432012558,0.07465602457523346,0.12743020057678223,67,6
0.0009071826934814453,positive,10.0,10.0,-0.05824723467230797,0.164117231965065,0.0772046223282814,-0.14079703390598297,67,7
0.0009648799896240234,positive,10.0,10.0,-0.05496488884091377,-0.0320206917822361,0.07438868284225464,0.17520907521247864,67,8
0.001020193099975586,positive,10.0,10.0,-0.05560530349612236,0.16196218132972717,0.07789286971092224,-0.09311040490865707,67,9
0.0014073848724365234,positive,10.0,10.0,-0.03258224204182625,0.15606416761875153,0.06780937314033508,0.037371180951595306,67,15
0.0014700889587402344,positive,10.0,10.0,-0.029460957273840904,-0.039961349219083786,0.06855679303407669,0.35065439343452454,67,16
0.0015327930450439453,positive,10.0,10.0,-0.030260184779763222,0.15412205457687378,0.07556988298892975,0.08035307377576828,67,17
0.001795053482055664,positive,10.0,10.0,-0.002456779358908534,0.14996108412742615,0.06152611970901489,0.1722210794687271,67,21
0.0019223690032958984,positive,10.0,10.0,-0.0003772583440877497,0.14816270768642426,0.07464376837015152,0.21214212477207184,67,23
0.0020499229431152344,positive,10.0,10.0,0.009428844787180424,0.5360499024391174,0.07776476442813873,-0.322880357503891,67,25
0.0021097660064697266,positive,10.0,10.0,0.020149841904640198,0.33991166949272156,0.07130715250968933,-0.006722388323396444,67,26
0.0021696090698242188,positive,10.0,10.0,0.026948075741529465,0.1438433676958084,0.07117270678281784,0.3075792193412781,67,27
0.002231121063232422,positive,10.0,10.0,0.029824944213032722,-0.052216753363609314,0.0773242935538292,0.6218319535255432,67,28
0.002510547637939453,negative,10.0,-10.0,0.009904072619974613,-0.05785283446311951,0.15367381274700165,0.7526007890701294,67,32
0.002687692642211914,negative,10.0,-10.0,0.011444094590842724,0.3272477388381958,0.17896482348442078,0.276827335357666,67,34
0.0028405189514160156,negative,10.0,-10.0,0.028377555310726166,0.7114881873130798,0.18541137874126434,-0.18376830220222473,67,36
0.0030622482299804688,negative,10.0,-10.0,0.07480552047491074,0.8986353278160095,0.17210805416107178,-0.30200910568237305,67,39
0.003214120864868164,negative,10.0,-10.0,0.1068088635802269,0.8939312100410461,0.1668604463338852,-0.19640029966831207,67,41
0.0033659934997558594,negative,10.0,-10.0,0.14641393721103668,0.8893135786056519,0.15428945422172546,-0.0928594172000885,67,43
0.0045871734619140625,negative,10.0,-10.0,0.45979365706443787,1.0564069747924805,0.14191527664661407,0.2361217439174652,67,58
0.004686594009399414,negative,10.0,-10.0,0.48092180490493774,0.8595728278160095,0.1466377228498459,0.5699880123138428,67,59
0.005093574523925781,negative,10.0,-10.0,0.5650166869163513,0.8508369326591492,0.174885094165802,0.7677924633026123,67,63
0.00044035911560058594,positive,10.0,10.0,-0.027506669983267784,-0.20447325706481934,-0.049000006169080734,0.26029637455940247,68,1
0.0006470680236816406,positive,10.0,10.0,-0.039573390036821365,-0.5933424234390259,-0.033051472157239914,0.8156988620758057,68,3
0.0010182857513427734,positive,10.0,10.0,-0.11041967570781708,-1.3735685348510742,0.06651242822408676,1.9822505712509155,68,7
0.0013005733489990234,negative,10.0,-10.0,-0.20458254218101501,-1.9611785411834717,0.2044161707162857,2.9531943798065186,68,10
0.0002875328063964844,positive,10.0,10.0,-0.040271006524562836,0.01305317785590887,0.027791030704975128,-0.007334141526371241,69,0
0.000415802001953125,positive,10.0,10.0,-0.04000994190573692,-0.1824560910463333,0.02764434739947319,0.2939860224723816,69,1
0.0005102157592773438,positive,10.0,10.0,-0.043659064918756485,0.012261053547263145,0.03352406993508339,0.010148313827812672,69,2
0.0007352828979492188,positive,10.0,10.0,-0.047080349177122116,-0.37891101837158203,0.03999137878417969,0.6163428425788879,69,4
0.0008172988891601562,positive,10.0,10.0,-0.054658569395542145,-0.18436992168426514,0.052318233996629715,0.3365188539028168,69,5
0.0008935928344726562,positive,10.0,10.0,-0.058345966041088104,0.009969961829483509,0.0590486116707325,0.06078242510557175,69,6
0.0010688304901123047,positive,10.0,10.0,-0.06186550483107567,0.00826959777623415,0.06769417226314545,0.09840681403875351,69,8
0.0012390613555908203,positive,10.0,10.0,-0.06545519083738327,0.006314871367067099,0.07789541780948639,0.14172254502773285,69,10
0.0014951229095458984,positive,10.0,10.0,-0.05344173684716225,0.19797810912132263,0.07039045542478561,-0.0752820298075676,69,13
0.0016710758209228516,positive,10.0,10.0,-0.049443747848272324,-0.194113627076149,0.07365986704826355,0.5523437261581421,69,15
0.001760721206665039,positive,10.0,10.0,-0.05332602187991142,-9.922585741151124e-05,0.08470673859119415,0.28374770283699036,69,16
0.0037848949432373047,positive,10.0,10.0,0.12298927456140518,0.7458440661430359,0.08957424014806747,-0.12654151022434235,69,38
0.0038695335388183594,positive,10.0,10.0,0.13790616393089294,0.939576268196106,0.0870434045791626,-0.3896750807762146,69,39
0.004035472869873047,positive,10.0,10.0,0.17156435549259186,0.9372352957725525,0.07783256471157074,-0.33753159642219543,69,41
0.004113197326660156,positive,10.0,10.0,0.1903090626001358,0.7410969734191895,0.07108192890882492,-0.02135520614683628,69,42
0.00439453125,positive,10.0,10.0,0.22301116585731506,0.542950451374054,0.0886521264910698,0.3393478989601135,69,45
0.004725933074951172,positive,10.0,10.0,0.2896901071071625,0.9276415109634399,0.08433587849140167,-0.12525777518749237,69,49
0.004803657531738281,positive,10.0,10.0,0.30824294686317444,1.1214603185653687,0.0818307176232338,-0.3901873826980591,69,50
0.004877328872680664,positive,10.0,10.0,0.33067214488983154,1.3153313398361206,0.07402697205543518,-0.6559893488883972,69,51
0.004948854446411133,positive,10.0,10.0,0.35697877407073975,1.1192611455917358,0.060907185077667236,-0.34094542264938354,69,52
0.005018472671508789,positive,10.0,10.0,0.379364013671875,0.9233278632164001,0.054088279604911804,-0.029694855213165283,69,53
0.005089282989501953,positive,10.0,10.0,0.3978305459022522,0.7274736166000366,0.05349438264966011,0.27955102920532227,69,54
0.005158424377441406,positive,10.0,10.0,0.41238003969192505,0.5316309928894043,0.05908540263772011,0.5886145830154419,69,55
0.0053098201751708984,positive,10.0,10.0,0.42972731590270996,0.13972657918930054,0.08884387463331223,1.213396430015564,69,57
0.0004661083221435547,positive,10.0,10.0,0.0409838892519474,-0.14686521887779236,0.012087716720998287,0.34449782967567444,70,1
0.0006535053253173828,positive,10.0,10.0,0.03804658725857735,0.04808271676301956,0.01897767372429371,0.0556509904563427,70,2
0.0008113384246826172,positive,10.0,10.0,0.0390082411468029,-0.14730612933635712,0.02009069360792637,0.3542605936527252,70,3
0.0009644031524658203,positive,10.0,10.0,0.03606211766600609,0.04752447456121445,0.02717590518295765,0.06797992438077927,70,4
0.0011293888092041016,positive,10.0,10.0,0.03701260685920715,-0.1479763388633728,0.028535503894090652,0.3691115975379944,70,5
0.0012826919555664062,positive,10.0,10.0,0.03405307978391647,0.04672878235578537,0.0359177365899086,0.0855611115694046,70,6
0.0014345645904541016,positive,10.0,10.0,0.03498765453696251,-0.14888912439346313,0.03762895613908768,0.38935625553131104,70,7
0.001585245132446289,positive,10.0,10.0,0.032009873539209366,0.04567909985780716,0.04541608318686485,0.10877083241939545,70,8
0.002300739288330078,positive,10.0,10.0,0.02992219105362892,0.04435301944613457,0.05590008571743965,0.13812175393104553,70,10
0.0025017261505126953,positive,10.0,10.0,0.030809251591563225,-0.1515231728553772,0.058662522584199905,0.4479031562805176,70,11
0.0028769969940185547,positive,10.0,10.0,0.027778787538409233,0.04272202029824257,0.06762058287858963,0.17427346110343933,70,12
0.0033457279205322266,positive,10.0,10.0,0.02556724287569523,0.04075115546584129,0.08085602521896362,0.21804620325565338,70,14
0.0035326480865478516,positive,10.0,10.0,0.026382265612483025,0.2346297651529312,0.0852169543504715,-0.04807581380009651,70,15
0.0037229061126708984,positive,10.0,10.0,0.03107486106455326,0.4284329414367676,0.08425543457269669,-0.3127022087574005,70,16
0.004873514175415039,positive,10.0,10.0,0.07369191944599152,0.22804275155067444,0.05801358446478844,0.09755950421094894,70,21
0.005077362060546875,positive,10.0,10.0,0.07825277745723724,0.03213939815759659,0.059964776039123535,0.40796661376953125,70,22
0.005509376525878906,positive,10.0,10.0,0.08342280983924866,0.030333857983350754,0.07081961631774902,0.44814857840538025,70,24
0.005722761154174805,positive,10.0,10.0,0.08402948826551437,0.2243863195180893,0.07978258281946182,0.17860311269760132,70,25
0.005952358245849609,positive,10.0,10.0,0.0885172113776207,0.41828128695487976,0.0833546444773674,-0.08788298815488815,70,26
0.006968975067138672,positive,10.0,10.0,0.1296420693397522,0.4138202667236328,0.06773307174444199,0.010861563496291637,70,30
0.007436513900756836,positive,10.0,10.0,0.1422743946313858,0.021775221452116966,0.07443275302648544,0.6374366879463196,70,32
0.00839090347290039,positive,10.0,10.0,0.16728122532367706,0.7968297600746155,0.09353987127542496,-0.4169842004776001,70,36
0.008920907974243164,positive,10.0,10.0,0.19522812962532043,0.7943193316459656,0.08327340334653854,-0.36097219586372375,70,38
0.009394407272338867,positive,10.0,10.0,0.22307687997817993,0.4019930362701416,0.07518922537565231,0.2724394202232361,70,40
0.009611129760742188,positive,10.0,10.0,0.23111674189567566,0.595966100692749,0.08063801378011703,0.0043867407366633415,70,41
0.009833812713623047,positive,10.0,10.0,0.24303606152534485,0.7898445129394531,0.08072574436664581,-0.2618040442466736,70,42
0.010063648223876953,positive,10.0,10.0,0.2588329613208771,0.9837269186973572,0.07548966258764267,-0.527972936630249,70,43
0.010578155517578125,positive,10.0,10.0,0.29426005482673645,0.5916412472724915,0.06068040058016777,0.09994728118181229,70,45
0.010814905166625977,positive,10.0,10.0,0.30609288811683655,0.3957045078277588,0.06267934292554855,0.4111405611038208,70,46
0.014309167861938477,negative,10.0,-10.0,0.4884980022907257,0.5699489116668701,0.14507465064525604,0.583958625793457,70,61
0.014545917510986328,negative,10.0,-10.0,0.49989697337150574,0.7627725601196289,0.15675382316112518,0.3402640223503113,70,62
0.014771699905395508,negative,10.0,-10.0,0.5151524543762207,0.9553573131561279,0.16355910897254944,0.10082589834928513,70,63
0.015198945999145508,negative,10.0,-10.0,0.5494258999824524,0.561284601688385,0.17438195645809174,0.7802777290344238,70,65
0.0005762577056884766,positive,10.0,10.0,0.038615189492702484,-0.1494818925857544,0.017640070989727974,0.2726260721683502,71,3
0.0007190704345703125,positive,10.0,10.0,0.03562555089592934,0.045383963733911514,0.023092592135071754,-0.014441345818340778,71,4
0.0008203983306884766,positive,10.0,10.0,0.03653322905302048,-0.15006141364574432,0.022803764790296555,0.2854371964931488,71,5
0.0009579658508300781,positive,10.0,10.0,0.026621980592608452,-0.15078984200954437,0.04021698981523514,0.3016575872898102,71,7
0.0010542869567871094,positive,10.0,10.0,0.0244809128344059,-0.15201714634895325,0.046688634902238846,0.32883378863334656,71,9
0.0011000633239746094,positive,10.0,10.0,0.021440571174025536,0.04241013526916504,0.05326531082391739,0.05123214051127434,71,10
0.0012502670288085938,positive,10.0,10.0,0.012234433554112911,-0.1550680249929428,0.07488520443439484,0.39682459831237793,71,13
0.0012981891632080078,positive,10.0,10.0,0.009133072569966316,0.038916025310754776,0.08282169699668884,0.1286596953868866,71,14
0.001394510269165039,positive,10.0,10.0,0.014566591009497643,0.42656150460243225,0.08265914022922516,-0.40135517716407776,71,16
0.0018694400787353516,positive,10.0,10.0,0.038735244423151016,0.22419913113117218,0.08880589157342911,0.05277205631136894,71,23
0.0019397735595703125,positive,10.0,10.0,0.043219227343797684,0.4179428815841675,0.08986133337020874,-0.21062374114990234,71,24
0.0021245479583740234,positive,10.0,10.0,0.07212058454751968,0.6094055771827698,0.07307039946317673,-0.42297282814979553,71,27
0.002185821533203125,positive,10.0,10.0,0.0843086987733841,0.413328617811203,0.06461094319820404,-0.10817863047122955,71,28
0.002233266830444336,positive,10.0,10.0,0.09257526695728302,0.21734313666820526,0.06244737282395363,0.20416857302188873,71,29
0.0023834705352783203,positive,10.0,10.0,0.10515251010656357,0.21550942957401276,0.0651671439409256,0.24472960829734802,71,31
0.002499818801879883,positive,10.0,10.0,0.1098531037569046,0.21359221637248993,0.08120644092559814,0.2874224781990051,71,33
0.0025599002838134766,positive,10.0,10.0,0.11412494629621506,0.40746787190437317,0.08695489168167114,0.021415837109088898,71,34
0.0026879310607910156,positive,10.0,10.0,0.1342991441488266,0.7950142621994019,0.0825309082865715,-0.506506085395813,71,36
0.0027365684509277344,positive,10.0,10.0,0.15019942820072174,0.9888821840286255,0.0724007859826088,-0.7720816135406494,71,37
0.002828836441040039,positive,10.0,10.0,0.18583393096923828,0.9871150851249695,0.04780864715576172,-0.7317245602607727,71,39
0.002868175506591797,positive,10.0,10.0,0.20557624101638794,1.1815448999404907,0.03317415714263916,-1.0089856386184692,71,40
0.002954244613647461,positive,10.0,10.0,0.2489270567893982,1.1809357404708862,-0.0011270089307799935,-0.9946369528770447,71,42
0.0032083988189697266,positive,10.0,10.0,0.37123095989227295,1.1844239234924316,-0.09358181804418564,-1.0752637386322021,71,48
0.003377676010131836,negative,10.0,-10.0,0.45055773854255676,0.801048219203949,-0.16033338010311127,-0.6452878713607788,71,52
0.0034182071685791016,negative,10.0,-10.0,0.4665786921977997,0.9979981780052185,-0.17323912680149078,-0.9838601350784302,71,53
0.0035066604614257812,negative,10.0,-10.0,0.5026500225067139,1.0027518272399902,-0.20792056620121002,-1.0968683958053589,71,55
0.00038886070251464844,positive,10.0,10.0,-0.03621582314372063,-0.008314762264490128,0.008811084553599358,0.0344373993575573,72,0
0.0011408329010009766,positive,10.0,10.0,-0.04488436132669449,0.18572668731212616,0.0246731024235487,-0.2344971001148224,72,5
0.0012803077697753906,positive,10.0,10.0,-0.04116982966661453,-0.009738942608237267,0.019983161240816116,0.06586526334285736,72,6
0.0015196800231933594,positive,10.0,10.0,-0.04546744003891945,-0.010328749194741249,0.028596173971891403,0.07889426499605179,72,8
0.0016236305236816406,positive,10.0,10.0,-0.04567401483654976,-0.20584872364997864,0.03017405979335308,0.3804604411125183,72,9
0.001857757568359375,positive,10.0,10.0,-0.0578187070786953,-0.2068084180355072,0.051433317363262177,0.40195024013519287,72,11
0.0020558834075927734,positive,10.0,10.0,-0.062203921377658844,-0.20837357640266418,0.0619906485080719,0.43675321340560913,72,13
0.0022399425506591797,positive,10.0,10.0,-0.06665501743555069,-0.21024076640605927,0.07401047646999359,0.4783678948879242,72,15
0.002331972122192383,positive,10.0,10.0,-0.07085983455181122,-0.016237471252679825,0.08357783406972885,0.20989881455898285,72,16
0.0024254322052001953,positive,10.0,10.0,-0.07118458300828934,0.17759616672992706,0.0877758115530014,-0.05529347434639931,72,17
0.0025131702423095703,positive,10.0,10.0,-0.06763266026973724,-0.01866753399372101,0.0866699367761612,0.263741672039032,72,18
0.0031805038452148438,positive,10.0,10.0,-0.03569590672850609,0.557115912437439,0.08336061239242554,-0.4054637849330902,72,25
0.003943204879760742,positive,10.0,10.0,0.013841439038515091,0.5484491586685181,0.08999844640493393,-0.2136436104774475,72,33
0.004129171371459961,positive,10.0,10.0,0.0396539606153965,0.5459557175636292,0.07619286328554153,-0.15821193158626556,72,35
0.004401683807373047,positive,10.0,10.0,0.07624790072441101,0.3478483557701111,0.062287524342536926,0.20118100941181183,72,38
0.004484415054321289,positive,10.0,10.0,0.08320486545562744,0.15189342200756073,0.06631114333868027,0.5128440856933594,72,39
0.004754066467285156,positive,10.0,10.0,0.10396260023117065,0.343781977891922,0.08088728040456772,0.29140549898147583,72,42
0.004927635192871094,positive,10.0,10.0,0.12159150093793869,0.7314412593841553,0.0872211828827858,-0.2388230860233307,72,44
0.0051860809326171875,positive,10.0,10.0,0.16930533945560455,0.9230501651763916,0.06868360936641693,-0.454283207654953,72,47
0.0052678585052490234,positive,10.0,10.0,0.18776634335517883,1.1171371936798096,0.05959794670343399,-0.7245500683784485,72,48
0.005527019500732422,positive,10.0,10.0,0.25865063071250916,1.310455560684204,0.01132114976644516,-0.9760552048683167,72,51
0.005606651306152344,positive,10.0,10.0,0.2848597466945648,1.1151835918426514,-0.008199954405426979,-0.679837703704834,72,52
0.0058155059814453125,positive,10.0,10.0,0.3333717882633209,1.1155955791473389,-0.041298527270555496,-0.6893337368965149,72,54
0.005903482437133789,positive,10.0,10.0,0.35568371415138245,1.3112655878067017,-0.0550852008163929,-0.994726836681366,72,55
0.005985260009765625,positive,10.0,10.0,0.38190901279449463,1.1169220209121704,-0.0749797374010086,-0.7198404669761658,72,56
0.006357431411743164,negative,10.0,-10.0,0.4792031943798065,1.5121510028839111,-0.14745579659938812,-1.4262834787368774,72,60
0.0065479278564453125,negative,10.0,-10.0,0.5358287692070007,1.5160398483276367,-0.19964314997196198,-1.525363802909851,72,62
0.0006232261657714844,positive,10.0,10.0,-0.02993577904999256,0.19421888887882233,0.009941351599991322,-0.28680095076560974,73,3
0.001028299331665039,positive,10.0,10.0,-0.030020102858543396,-0.19643643498420715,0.010679716244339943,0.30767109990119934,73,7
0.0011737346649169922,positive,10.0,10.0,-0.03397819772362709,0.1934082806110382,0.017200643196702003,-0.26894938945770264,73,9
0.0012280941009521484,positive,10.0,10.0,-0.030110029503703117,-0.001954860519617796,0.011821655556559563,0.029108701273798943,73,10
0.0012810230255126953,positive,10.0,10.0,-0.030149128288030624,-0.197244331240654,0.012403829954564571,0.32549792528152466,73,11
0.0013339519500732422,positive,10.0,10.0,-0.03409401327371597,-0.002301161177456379,0.018913788720965385,0.03675229474902153,73,12
0.0014500617980957031,positive,10.0,10.0,-0.038093820214271545,-0.0028522773645818233,0.026355678215622902,0.0489196740090847,73,14
0.0016293525695800781,positive,10.0,10.0,-0.04219009354710579,-0.19921618700027466,0.035647280514240265,0.36917388439178467,73,17
0.0016851425170898438,positive,10.0,10.0,-0.046174414455890656,-0.004618380684405565,0.0430307574570179,0.08794069290161133,73,18
0.001865386962890625,positive,10.0,10.0,-0.050390806049108505,-0.2017066329717636,0.05498027056455612,0.42447441816329956,73,21
0.001982450485229492,positive,10.0,10.0,-0.06237618997693062,-0.20337224006652832,0.07814916968345642,0.46191906929016113,73,23
0.002105236053466797,positive,10.0,10.0,-0.06663236767053604,0.18433354794979095,0.09128466993570328,-0.06903091818094254,73,25
0.002227306365966797,positive,10.0,10.0,-0.05538497120141983,0.18175727128982544,0.0832725539803505,-0.011949200183153152,73,27
0.002285480499267578,positive,10.0,10.0,-0.0517498254776001,0.3755923807621002,0.08303356915712357,-0.277240514755249,73,28
0.002344369888305664,positive,10.0,10.0,-0.044237978756427765,0.5694376230239868,0.07748876512050629,-0.5426227450370789,73,29
0.0024008750915527344,positive,10.0,10.0,-0.03284922614693642,0.37331703305244446,0.06663630902767181,-0.22656574845314026,73,30
0.002585172653198242,positive,10.0,10.0,-0.022209612652659416,0.1755155622959137,0.07179204374551773,0.12608811259269714,73,33
0.002933502197265625,positive,10.0,10.0,0.010741161182522774,-0.024445915594697,0.06557627767324448,0.5261796712875366,73,38
0.003134489059448242,positive,10.0,10.0,0.02091919258236885,0.5575218200683594,0.0809394121170044,-0.278882771730423,73,41
0.0032711029052734375,positive,10.0,10.0,0.04709765687584877,0.5553058981895447,0.06446216255426407,-0.22953614592552185,73,43
0.0033349990844726562,positive,10.0,10.0,0.05820377543568611,0.3593248724937439,0.05987143516540527,0.08276362717151642,73,44
0.0036199092864990234,positive,10.0,10.0,0.07904116809368134,-0.03451002016663551,0.08051806688308716,0.7492286562919617,73,48
0.00455784797668457,positive,10.0,10.0,0.22492629289627075,0.7293944358825684,0.06817416846752167,-0.057910844683647156,73,60
0.004671812057495117,positive,10.0,10.0,0.23951418697834015,0.5333645939826965,0.06701595336198807,0.25547856092453003,73,61
0.004763364791870117,positive,10.0,10.0,0.2501814663410187,0.337352991104126,0.07212552428245544,0.5685239434242249,73,62
0.0049479007720947266,positive,10.0,10.0,0.26755639910697937,0.7252318263053894,0.08948414027690887,0.03418117016553879,73,64
0.005224943161010742,positive,10.0,10.0,0.30044031143188477,1.112689733505249,0.08558813482522964,-0.491915762424469,73,66
0.005488395690917969,positive,10.0,10.0,0.3410235345363617,1.1104320287704468,0.07227914780378342,-0.4413909912109375,73,68
0.005740642547607422,positive,10.0,10.0,0.38151949644088745,0.7183948159217834,0.0609147772192955,0.18517917394638062,73,70
0.00581812858581543,positive,10.0,10.0,0.3958874046802521,0.5224565863609314,0.06461835652589798,0.49643927812576294,73,71
0.005982875823974609,positive,10.0,10.0,0.4128662347793579,0.5205113291740417,0.0907224789261818,0.5404330492019653,73,73
0.006595134735107422,negative,10.0,-10.0,0.5046167373657227,0.7042010426521301,0.15118356049060822,0.5033307671546936,73,80
0.006787300109863281,negative,10.0,-10.0,0.5366389155387878,0.6998927593231201,0.1664871871471405,0.6007378697395325,73,82
0.0004150867462158203,positive,10.0,10.0,-0.03570837900042534,-0.21297603845596313,-0.029424674808979034,0.28906700015068054,74,1
0.0005030632019042969,positive,10.0,10.0,-0.03996789827942848,-0.01744711957871914,-0.023643333464860916,-0.012749012559652328,74,2
0.0007221698760986328,positive,10.0,10.0,-0.052701186388731,-0.2116190493106842,-0.007302047684788704,0.25899356603622437,74,5
0.0009074211120605469,positive,10.0,10.0,-0.0692959725856781,-0.4067316949367523,0.013985383324325085,0.5514794588088989,74,8
0.0010385513305664062,positive,10.0,10.0,-0.08166678249835968,-0.407278835773468,0.03027968294918537,0.5637022852897644,74,10
0.0010952949523925781,positive,10.0,10.0,-0.08981236070394516,-0.21259455382823944,0.04155372828245163,0.2807105779647827,74,11
0.0011518001556396484,positive,10.0,10.0,-0.09406425058841705,-0.40828385949134827,0.04716794192790985,0.5862044095993042,74,12
0.0012345314025878906,positive,10.0,10.0,-0.10222993046045303,-0.21385318040847778,0.05889203026890755,0.30874499678611755,74,13
0.001294851303100586,positive,10.0,10.0,-0.10650699585676193,-0.019617637619376183,0.06506692618131638,0.03520103916525841,74,14
0.001547098159790039,positive,10.0,10.0,-0.1081906333565712,0.3665120303630829,0.07040472328662872,-0.46080341935157776,74,18
0.001600503921508789,positive,10.0,10.0,-0.10086039453744888,0.1704692840576172,0.06118865683674812,-0.1467858850955963,74,19
0.0016522407531738281,positive,10.0,10.0,-0.09745100885629654,-0.02547312155365944,0.05825293809175491,0.16455590724945068,74,20
0.0017638206481933594,positive,10.0,10.0,-0.10238803923130035,-0.027177156880497932,0.07104469835758209,0.2023642361164093,74,22
0.0018160343170166016,positive,10.0,10.0,-0.10293158888816833,-0.2232394516468048,0.07509198784828186,0.5165853500366211,74,23
0.001928567886352539,positive,10.0,10.0,-0.10798139125108719,0.16455397009849548,0.09039326757192612,-0.016084399074316025,74,25
0.002153158187866211,positive,10.0,10.0,-0.09497307986021042,0.5492234230041504,0.09255698323249817,-0.4807377755641937,74,29
0.0022635459899902344,positive,10.0,10.0,-0.07693010568618774,0.5467677712440491,0.079734668135643,-0.425785094499588,74,31
0.0023164749145507812,positive,10.0,10.0,-0.0659947544336319,0.3506122827529907,0.07121896743774414,-0.10906953364610672,74,32
0.0026481151580810547,positive,10.0,10.0,-0.03594132512807846,0.7338725328445435,0.08264455944299698,-0.5422411561012268,74,38
0.002818584442138672,positive,10.0,10.0,0.004124341066926718,0.9258298277854919,0.057427555322647095,-0.7646386027336121,74,41
0.0032231807708740234,positive,10.0,10.0,0.15308432281017303,1.1203886270523071,-0.07504022121429443,-1.0454713106155396,74,48
0.003503561019897461,negative,10.0,-10.0,0.24197302758693695,0.5429553985595703,-0.1504538357257843,-0.34385251998901367,74,53
0.003612518310546875,negative,10.0,-10.0,0.2598372995853424,0.15769988298416138,-0.15937365591526031,0.13706658780574799,74,55
0.004673480987548828,positive,10.0,10.0,0.21646158397197723,-0.3936052620410919,-0.09090493619441986,0.26324325799942017,74,76
0.004723548889160156,positive,10.0,10.0,0.20858947932720184,-0.5873200297355652,-0.0856400728225708,0.5259263515472412,74,77
0.0048236846923828125,positive,10.0,10.0,0.18122030794620514,-0.9751535058021545,-0.05931270122528076,1.0585778951644897,74,79
0.004870176315307617,positive,10.0,10.0,0.1617172360420227,-1.1694416999816895,-0.03814114257693291,1.332069993019104,74,80
0.0049669742584228516,positive,10.0,10.0,0.11104714870452881,-1.1688066720962524,0.020751819014549255,1.3163329362869263,74,82
0.0052721500396728516,negative,10.0,-10.0,-0.041146136820316315,-0.7867226600646973,0.20216815173625946,0.9280127286911011,74,88
0.0004496574401855469,positive,10.0,10.0,0.01926848664879799,-0.010663580149412155,0.022037966176867485,-0.03548407182097435,75,0
0.0005784034729003906,positive,10.0,10.0,0.019055215641856194,-0.20609451830387115,0.021328285336494446,0.2640697956085205,75,1
0.0006761550903320312,positive,10.0,10.0,0.014933325350284576,-0.40151429176330566,0.02660967968404293,0.5634028315544128,75,2
0.0010466575622558594,positive,10.0,10.0,-0.005280810873955488,-0.20792987942695618,0.055134255439043045,0.3049241900444031,75,5
0.001539468765258789,positive,10.0,10.0,-0.01843998394906521,-0.01736384443938732,0.07769246399402618,0.11265262216329575,75,10
0.0016262531280517578,positive,10.0,10.0,-0.018787261098623276,0.17656384408473969,0.07994551211595535,-0.15454281866550446,75,11
0.0018107891082763672,positive,10.0,10.0,-0.007846874184906483,0.5644091963768005,0.06843520700931549,-0.6884711980819702,75,13
0.0018963813781738281,positive,10.0,10.0,0.0034413100220263004,0.7585179805755615,0.054665785282850266,-0.9588485360145569,75,14
0.0020737648010253906,positive,10.0,10.0,0.029865777119994164,0.757315456867218,0.02249872125685215,-0.930804431438446,75,16
0.002251863479614258,positive,10.0,10.0,0.05625003203749657,0.7569648027420044,-0.008740111254155636,-0.9225948452949524,75,18
0.0024259090423583984,positive,10.0,10.0,0.08262856304645538,0.7574525475502014,-0.039845436811447144,-0.9337922930717468,75,20
0.002507925033569336,positive,10.0,10.0,0.09777761995792389,0.5628901124000549,-0.05852128192782402,-0.6538917422294617,75,21
0.002679586410522461,positive,10.0,10.0,0.12421093881130219,0.5646851658821106,-0.09088737517595291,-0.695054829120636,75,23
0.0035352706909179688,positive,10.0,10.0,0.12554970383644104,-0.006701844744384289,-0.08885518461465836,-0.1233103945851326,75,32
0.003806591033935547,positive,10.0,10.0,0.11352377384901047,-0.19789065420627594,-0.08046792447566986,0.08337708562612534,75,35
0.0038912296295166016,positive,10.0,10.0,0.10956595838069916,-0.39177241921424866,-0.07880038022994995,0.34962666034698486,75,36
0.004067659378051758,positive,10.0,10.0,0.0978180393576622,0.00045094991219229996,-0.07114439457654953,-0.28127413988113403,75,38
0.0041501522064208984,positive,10.0,10.0,0.09782706201076508,-0.19358786940574646,-0.0767698734998703,-0.01185101643204689,75,39
0.004230976104736328,positive,10.0,10.0,0.09395530074834824,-0.3875297009944916,-0.07700689882040024,0.2556566894054413,75,40
0.004311084747314453,positive,10.0,10.0,0.08620470762252808,-0.5814725160598755,-0.07189375907182693,0.5230911374092102,75,41
0.00439143180847168,positive,10.0,10.0,0.0745752602815628,-0.7755128741264343,-0.06143194064497948,0.7922812104225159,75,42
0.004472017288208008,positive,10.0,10.0,0.05906499922275543,-0.9697400331497192,-0.04558631405234337,1.0650228261947632,75,43
0.005141258239746094,negative,10.0,-10.0,-0.11179330945014954,-1.1678009033203125,0.155740424990654,1.4352275133132935,75,50
0.00522923469543457,negative,10.0,-10.0,-0.13514932990074158,-1.3644626140594482,0.18444497883319855,1.7722524404525757,75,51
0.0002605915069580078,positive,10.0,10.0,-0.023080414161086082,0.0027498924173414707,-0.037067070603370667,0.03592763468623161,76,0
0.0005681514739990234,positive,10.0,10.0,-0.026861844584345818,0.003798880148679018,-0.03001474030315876,0.012768159620463848,76,2
0.0007762908935546875,positive,10.0,10.0,-0.030603468418121338,-0.3855654001235962,-0.023842735216021538,0.5789827704429626,76,4
0.00095367431640625,positive,10.0,10.0,-0.042117126286029816,-0.38506242632865906,-0.006685376167297363,0.5676752924919128,76,6
0.001035451889038086,positive,10.0,10.0,-0.04981837421655655,-0.18984735012054443,0.004668130073696375,0.2728937268257141,76,7
0.001455068588256836,positive,10.0,10.0,-0.07664166390895844,0.003805971471592784,0.044415101408958435,0.012617162428796291,76,12
0.0015354156494140625,positive,10.0,10.0,-0.07656554132699966,-0.19192388653755188,0.04466744512319565,0.31897613406181335,76,13
0.0016605854034423828,positive,10.0,10.0,-0.08040402084589005,0.002534389728680253,0.05104696750640869,0.0407075397670269,76,14
0.0019030570983886719,positive,10.0,10.0,-0.08421895653009415,0.0010664756409823895,0.05884210392832756,0.07316038012504578,76,16
0.0020864009857177734,positive,10.0,10.0,-0.08809457719326019,-0.0006313039339147508,0.06798156350851059,0.11073663085699081,76,18
0.0023543834686279297,positive,10.0,10.0,-0.08429010212421417,-0.1986132115125656,0.07008591294288635,0.4672735929489136,76,21
0.0031273365020751953,positive,10.0,10.0,-0.06998634338378906,0.5704120397567749,0.0909404382109642,-0.4537690281867981,76,29
0.0032091140747070312,positive,10.0,10.0,-0.05857810005545616,0.7641382813453674,0.08186506479978561,-0.7164579629898071,76,30
0.0032873153686523438,positive,10.0,10.0,-0.04329533502459526,0.567984402179718,0.067535899579525,-0.3991711437702179,76,31
0.003365039825439453,positive,10.0,10.0,-0.03193564713001251,0.7620865702629089,0.05955247953534126,-0.6698201298713684,76,32
0.003442049026489258,positive,10.0,10.0,-0.01669391430914402,0.5661894083023071,0.04615607485175133,-0.3589971959590912,76,33
0.0036084651947021484,positive,10.0,10.0,0.0020387277472764254,0.5649847388267517,0.03793363645672798,-0.3322601914405823,76,35
0.0036826133728027344,positive,10.0,10.0,0.0133384233340621,0.7595468163490295,0.03128843382000923,-0.6127434968948364,76,36
0.003846406936645508,positive,10.0,10.0,0.0476137176156044,0.7588430643081665,0.0011253651464357972,-0.596805214881897,76,38
0.004174947738647461,positive,10.0,10.0,0.11613879352807999,0.759936511516571,-0.05861915647983551,-0.6217659711837769,76,42
0.0042498111724853516,positive,10.0,10.0,0.13133752346038818,0.9558259844779968,-0.07105447351932526,-0.9323195815086365,76,43
0.005289793014526367,positive,10.0,10.0,0.19095571339130402,-0.19754713773727417,-0.07927019149065018,0.44432252645492554,76,55
0.0053708553314208984,positive,10.0,10.0,0.18700477480888367,-0.0013983378885313869,-0.07038374245166779,0.1277422308921814,76,56
0.005448102951049805,positive,10.0,10.0,0.18697680532932281,-0.19544510543346405,-0.06782890111207962,0.39741599559783936,76,57
0.00574183464050293,positive,10.0,10.0,0.1830793023109436,-0.1936444491147995,-0.05819772556424141,0.35734817385673523,76,59
0.005834817886352539,positive,10.0,10.0,0.17920641601085663,0.0022545168176293373,-0.051050763577222824,0.04689675197005272,76,60
0.006101846694946289,positive,10.0,10.0,0.17548349499702454,-0.19077087938785553,-0.04335211589932442,0.2935868501663208,76,63
0.006351947784423828,positive,10.0,10.0,0.16797442734241486,-0.3841872215270996,-0.03236575797200203,0.5487265586853027,76,66
0.006513118743896484,positive,10.0,10.0,0.15651817619800568,-0.3834359049797058,-0.016470739617943764,0.531883955001831,76,68
0.006707906723022461,positive,10.0,10.0,0.14508773386478424,-0.38312435150146484,-0.0011519195977598429,0.5248942971229553,76,70
0.0067920684814453125,positive,10.0,10.0,0.1374252438545227,-0.18798619508743286,0.009345966391265392,0.2318486124277115,76,71
0.006876230239868164,positive,10.0,10.0,0.1336655169725418,-0.3832404315471649,0.013982938602566719,0.5274648666381836,76,72
0.006963491439819336,positive,10.0,10.0,0.12600070238113403,-0.18831798434257507,0.02453223615884781,0.23922061920166016,76,73
0.007142782211303711,positive,10.0,10.0,0.11455871164798737,-0.18908381462097168,0.04010744020342827,0.2562362551689148,76,75
0.0072247982025146484,positive,10.0,10.0,0.11077703535556793,-0.3847547769546509,0.04523216560482979,0.5612950325012207,76,76
0.0075681209564208984,positive,10.0,10.0,0.07990577071905136,0.001648184028454125,0.09218335896730423,0.06043999642133713,76,80
0.00782155990600586,positive,10.0,10.0,0.09162558615207672,0.19274304807186127,0.080083929002285,-0.14416052401065826,76,83
0.008070230484008789,positive,10.0,10.0,0.1070232018828392,-0.005533943418413401,0.06709878146648407,0.21907223761081696,76,86
0.008725404739379883,negative,10.0,-10.0,0.07845386117696762,0.17938928306102753,0.14960961043834686,0.15250074863433838,76,93
0.008973836898803711,negative,10.0,-10.0,0.10077798366546631,0.36781781911849976,0.14426186680793762,0.0058089750818908215,76,96
0.009133577346801758,negative,10.0,-10.0,0.1193464994430542,0.7534038424491882,0.13961593806743622,-0.48199132084846497,76,98
0.010073661804199219,positive,10.0,10.0,0.29022490978240967,0.7350926995277405,0.08349008858203888,-0.07328516244888306,76,110
0.010147571563720703,positive,10.0,10.0,0.3049267828464508,0.9289246201515198,0.08202438801527023,-0.3385027348995209,76,111
0.01038217544555664,positive,10.0,10.0,0.3566940724849701,0.7305988669395447,0.06904897093772888,0.02616884559392929,76,114
0.010533571243286133,positive,10.0,10.0,0.3819972276687622,0.33851873874664307,0.07636862248182297,0.6535989046096802,76,116
0.010625362396240234,positive,10.0,10.0,0.3887676000595093,0.5324988961219788,0.08944059908390045,0.3859073519706726,76,117
0.011196136474609375,negative,10.0,-10.0,0.45099401473999023,0.32579389214515686,0.17505517601966858,0.9457225799560547,76,124
0.011272192001342773,negative,10.0,-10.0,0.4575099050998688,0.12880155444145203,0.19396963715553284,1.2878988981246948,76,125
0.00030922889709472656,positive,10.0,10.0,-0.0025115073658525944,-0.2393411546945572,0.011956200003623962,0.34338799118995667,77,1
0.0005123615264892578,positive,10.0,10.0,-0.00818615686148405,-0.2397780567407608,0.019913943484425545,0.3530612587928772,77,3
0.0006868839263916016,positive,10.0,10.0,-0.0186894740909338,-0.0457344651222229,0.03566552326083183,0.0841701552271843,77,6
0.0007331371307373047,positive,10.0,10.0,-0.019604163244366646,-0.24134904146194458,0.037348926067352295,0.3878888487815857,77,7
0.0008141994476318359,positive,10.0,10.0,-0.033170755952596664,-0.24251261353492737,0.05894889682531357,0.41396117210388184,77,9
0.0008513927459716797,positive,10.0,10.0,-0.03802100941538811,-0.04827360063791275,0.06722811609506607,0.14042967557907104,77,10
0.0008885860443115234,positive,10.0,10.0,-0.038986481726169586,-0.2442907840013504,0.07003671675920486,0.45354142785072327,77,11
0.0009264945983886719,positive,10.0,10.0,-0.043872296810150146,-0.05022547021508217,0.07910754531621933,0.1837310791015625,77,12
0.0009624958038330078,positive,10.0,10.0,-0.04487680643796921,-0.24638497829437256,0.08278216421604156,0.5002835392951965,77,13
0.001313924789428711,positive,10.0,10.0,-0.020041413605213165,0.325482040643692,0.0905354917049408,-0.08192035555839539,77,22
0.0013508796691894531,positive,10.0,10.0,-0.013531772419810295,0.519197404384613,0.08889708667993546,-0.3447222411632538,77,23
0.0014281272888183594,positive,10.0,10.0,0.003310789819806814,0.5167867541313171,0.08149497210979462,-0.2911086082458496,77,25
0.0014634132385253906,positive,10.0,10.0,0.013646525330841541,0.3206031024456024,0.07567279785871506,0.026123272255063057,77,26
0.0015406608581542969,positive,10.0,10.0,0.030349845066666603,0.708518385887146,0.07136011868715286,-0.5094665884971619,77,28
0.001650094985961914,positive,10.0,10.0,0.06257154047489166,1.0967961549758911,0.04559407755732536,-1.051662564277649,77,30
0.0016891956329345703,positive,10.0,10.0,0.08450746536254883,0.901100218296051,0.024560827761888504,-0.7450236082077026,77,31
0.0017282962799072266,positive,10.0,10.0,0.10252946615219116,1.0958747863769531,0.009660355746746063,-1.0298771858215332,77,32
0.0018265247344970703,positive,10.0,10.0,0.1424594670534134,1.0958969593048096,-0.025620726868510246,-1.030281901359558,77,34
0.0018737316131591797,positive,10.0,10.0,0.16437740623950958,0.9011250734329224,-0.046226367354393005,-0.745751678943634,77,35
0.001969575881958008,positive,10.0,10.0,0.19653332233428955,0.5124631524085999,-0.07050073891878128,-0.19516484439373016,77,37
0.002007007598876953,positive,10.0,10.0,0.20678257942199707,0.3184168040752411,-0.0744040384888649,0.0744716078042984,77,38
0.0020859241485595703,positive,10.0,10.0,0.22344136238098145,0.32051345705986023,-0.07772915065288544,0.028094707056879997,77,40
0.0022017955780029297,positive,10.0,10.0,0.23883777856826782,0.12868821620941162,-0.07167595624923706,0.24866382777690887,77,43
0.002278566360473633,positive,10.0,10.0,0.24010471999645233,0.1306537538766861,-0.05634457617998123,0.20497126877307892,77,45
0.0024347305297851562,positive,10.0,10.0,0.24284368753433228,0.13336817920207977,-0.03025216795504093,0.14481642842292786,77,49
0.0025506019592285156,positive,10.0,10.0,0.24696871638298035,-0.06065693125128746,-0.01626727357506752,0.41331735253334045,77,52
0.0025856494903564453,positive,10.0,10.0,0.24575556814670563,0.13469178974628448,-0.008000927045941353,0.11555067449808121,77,53
0.0026214122772216797,positive,10.0,10.0,0.2484494149684906,-0.060314618051052094,-0.005689913872629404,0.40569865703582764,77,54
0.0026557445526123047,positive,10.0,10.0,0.24724312126636505,-0.2553554177284241,0.0024240596685558558,0.6965823173522949,77,55
0.002730131149291992,positive,10.0,10.0,0.24093066155910492,0.13461905717849731,0.024448975920677185,0.11718159168958664,77,57
0.0028035640716552734,positive,10.0,10.0,0.24240615963935852,0.13388770818710327,0.035142138600349426,0.13335919380187988,77,59
0.002878427505493164,positive,10.0,10.0,0.243849515914917,0.1328473836183548,0.046547695994377136,0.15639005601406097,77,61
0.002913236618041992,positive,10.0,10.0,0.246506467461586,-0.06290904432535172,0.04967549443244934,0.4633867144584656,77,62
0.0029473304748535156,positive,10.0,10.0,0.24524828791618347,0.1314769834280014,0.05894323065876961,0.18676595389842987,77,63
0.003058910369873047,positive,10.0,10.0,0.24918405711650848,0.3237610459327698,0.07713056355714798,-0.0437629334628582,77,66
0.003257274627685547,positive,10.0,10.0,0.27495521306991577,0.3195802569389343,0.07649397850036621,0.04873621463775635,77,70
0.003599882125854492,positive,10.0,10.0,0.3223026990890503,0.11949170380830765,0.062754325568676,0.45160940289497375,77,75
0.003738880157470703,positive,10.0,10.0,0.3309659957885742,0.5076978206634521,0.07537349313497543,-0.08985203504562378,77,77
0.003907918930053711,positive,10.0,10.0,0.3551532030105591,0.5055763721466064,0.06641975790262222,-0.042888786643743515,77,79
0.004195690155029297,positive,10.0,10.0,0.37988027930259705,0.5014882683753967,0.08887585252523422,0.04756839945912361,77,83
0.004261016845703125,positive,10.0,10.0,0.3899100422859192,0.6952307820320129,0.08982721716165543,-0.21580331027507782,77,84
0.004319667816162109,positive,10.0,10.0,0.4038146436214447,0.4989471733570099,0.08551115542650223,0.10380879044532776,77,85
0.004357576370239258,positive,10.0,10.0,0.4137935936450958,0.6927462220191956,0.08758732676506042,-0.1607179194688797,77,86
0.004461050033569336,positive,10.0,10.0,0.4375782608985901,0.6903055906295776,0.08753818273544312,-0.10665734112262726,77,88
0.00454401969909668,positive,10.0,10.0,0.4612652659416199,0.2978127598762512,0.08965121954679489,0.530663788318634,77,90
0.004784107208251953,negative,10.0,-10.0,0.5082768201828003,0.2885070741176605,0.14542995393276215,0.7411423921585083,77,96
0.004819631576538086,negative,10.0,-10.0,0.5140469670295715,0.4813539385795593,0.16025279462337494,0.497531533241272,77,97
0.0048558712005615234,negative,10.0,-10.0,0.5236740112304688,0.28437837958335876,0.17020343244075775,0.8361219763755798,77,98
0.004891157150268555,negative,10.0,-10.0,0.5293616056442261,0.08739140629768372,0.18692587316036224,1.1771314144134521,77,99
0.0009851455688476562,positive,10.0,10.0,-0.016101431101560593,-0.205718994140625,-0.00278546754270792,0.3069435954093933,78,1
0.001367807388305664,positive,10.0,10.0,-0.020426960662007332,-0.20572735369205475,0.00362107390537858,0.3071225583553314,78,3
0.0021004676818847656,positive,10.0,10.0,-0.03321767598390579,-0.40164899826049805,0.02313116006553173,0.6175383925437927,78,8
0.0023965835571289062,positive,10.0,10.0,-0.045387811958789825,-0.01225826982408762,0.04212652146816254,0.05094365403056145,78,10
0.002538919448852539,positive,10.0,10.0,-0.0456329770386219,-0.2079581618309021,0.04314539209008217,0.3566145896911621,78,11
0.003211498260498047,positive,10.0,10.0,-0.04979214072227478,-0.40366610884666443,0.05027768388390541,0.662584125995636,78,12
0.0034084320068359375,positive,10.0,10.0,-0.05786546319723129,-0.209278404712677,0.0635293647646904,0.3861464560031891,78,13
0.003694772720336914,positive,10.0,10.0,-0.06235329434275627,-0.21117988228797913,0.07353532314300537,0.42843547463417053,78,15
0.003815174102783203,positive,10.0,10.0,-0.06657689064741135,-0.017172202467918396,0.08210402727127075,0.15981033444404602,78,16
0.003928661346435547,positive,10.0,10.0,-0.06692033261060715,0.1766841858625412,0.08530023694038391,-0.10588321834802628,78,17
0.004038333892822266,positive,10.0,10.0,-0.06338664889335632,0.3704867362976074,0.08318257331848145,-0.3704822063446045,78,18
0.004149675369262695,positive,10.0,10.0,-0.05597691610455513,0.17428754270076752,0.07577292621135712,-0.05277354642748833,78,19
0.004899024963378906,positive,10.0,10.0,-0.03147353231906891,0.5581532716751099,0.07050012052059174,-0.4987350106239319,78,25
0.0050411224365234375,positive,10.0,10.0,-0.005266185384243727,0.5563135743141174,0.04515755549073219,-0.4572969377040863,78,27
0.005104541778564453,positive,10.0,10.0,0.005860086530447006,0.7507690191268921,0.03601161763072014,-0.7354109287261963,78,28
0.005227088928222656,positive,10.0,10.0,0.03978297486901283,0.7499760389328003,0.0009724743431434035,-0.7172508835792542,78,30
0.005410432815551758,positive,10.0,10.0,0.08868706226348877,0.9457134008407593,-0.047988567501306534,-1.0242295265197754,78,33
0.0054683685302734375,positive,10.0,10.0,0.10760132968425751,0.7512623071670532,-0.06847316026687622,-0.7469918131828308,78,34
0.005718708038330078,negative,10.0,-10.0,0.17563293874263763,0.7563725113868713,-0.1428961306810379,-0.8661333918571472,78,38
0.00026798248291015625,positive,10.0,10.0,-0.02583613619208336,-0.016517486423254013,0.02841733582317829,-0.017079681158065796,79,0
0.000370025634765625,positive,10.0,10.0,-0.026166485622525215,-0.21203520894050598,0.028075741603970528,0.284432053565979,79,1
0.0007233619689941406,positive,10.0,10.0,-0.04318572208285332,0.1758784055709839,0.05208021402359009,-0.2500015199184418,79,5
0.0011925697326660156,positive,10.0,10.0,-0.053987592458724976,-0.024810072034597397,0.0765356570482254,0.166320338845253,79,12
0.001322031021118164,positive,10.0,10.0,-0.051101040095090866,-0.027032649144530296,0.07783666253089905,0.21550199389457703,79,14
0.0014078617095947266,positive,10.0,10.0,-0.051641691476106644,0.16689524054527283,0.08214670419692993,-0.05164821073412895,79,15
0.001542806625366211,positive,10.0,10.0,-0.041088808327913284,0.1645711362361908,0.07476725429296494,-0.00020376012253109366,79,17
0.0016050338745117188,positive,10.0,10.0,-0.03779738396406174,0.3585456311702728,0.07476317882537842,-0.268391489982605,79,18
0.0017323493957519531,positive,10.0,10.0,-0.02737765572965145,-0.03360412269830704,0.07033342868089676,0.36064937710762024,79,20
0.0018546581268310547,positive,10.0,10.0,-0.024840714409947395,0.3543809950351715,0.07936535030603409,-0.17629766464233398,79,22
0.0019109249114990234,positive,10.0,10.0,-0.01775309257209301,0.5482827425003052,0.07583940029144287,-0.4429258108139038,79,23
0.0019681453704833984,positive,10.0,10.0,-0.006787438876926899,0.35217419266700745,0.06698088347911835,-0.12733308970928192,79,24
0.0021982192993164062,positive,10.0,10.0,0.0025827998761087656,0.15427619218826294,0.07810836285352707,0.22754867374897003,79,27
0.0022842884063720703,positive,10.0,10.0,0.005668323952704668,0.3482000529766083,0.08265933394432068,-0.03950972482562065,79,28
0.002364635467529297,positive,10.0,10.0,0.012632325291633606,0.5420453548431396,0.08186914026737213,-0.30501073598861694,79,29
0.002573251724243164,positive,10.0,10.0,0.038191452622413635,0.5398128628730774,0.06435307115316391,-0.2552344799041748,79,31
0.002771615982055664,positive,10.0,10.0,0.05586438626050949,0.14791469275951385,0.06038902699947357,0.3678041696548462,79,33
0.002900362014770508,positive,10.0,10.0,0.06566525995731354,0.14610466361045837,0.06964026391506195,0.4080212116241455,79,35
0.003011941909790039,positive,10.0,10.0,0.07539082318544388,0.5341000556945801,0.08056230843067169,-0.12907829880714417,79,37
0.0030629634857177734,positive,10.0,10.0,0.08607282489538193,0.7279810309410095,0.07798074185848236,-0.3952968418598175,79,38
0.003118753433227539,positive,10.0,10.0,0.100632444024086,0.5318441987037659,0.07007480412721634,-0.07908260077238083,79,39
0.003303050994873047,positive,10.0,10.0,0.12078037858009338,0.3337826132774353,0.08415710180997849,0.2795829176902771,79,42
0.0033659934997558594,positive,10.0,10.0,0.12745602428913116,0.5276095271110535,0.08974875509738922,0.014584514312446117,79,43
0.004273653030395508,positive,10.0,10.0,0.25152960419654846,1.1053797006607056,0.027060382068157196,-0.6964178681373596,79,50
0.0044901371002197266,positive,10.0,10.0,0.2996395230293274,1.1048206090927124,-0.006477192509919405,-0.6836821436882019,79,52
0.004662275314331055,positive,10.0,10.0,0.34773656725883484,1.105185866355896,-0.03971878066658974,-0.6921113729476929,79,54
0.004744768142700195,positive,10.0,10.0,0.3698402941226959,0.9106367826461792,-0.0535610057413578,-0.4121922552585602,79,55
0.004830598831176758,positive,10.0,10.0,0.3880530297756195,0.7163134217262268,-0.06180485337972641,-0.1368645578622818,79,56
0.00491642951965332,positive,10.0,10.0,0.4023793041706085,0.5221286416053772,-0.06454214453697205,0.1356973797082901,79,57
0.0050966739654541016,positive,10.0,10.0,0.41938161849975586,0.13379442691802979,-0.0536813922226429,0.6799076199531555,79,59
0.005180835723876953,positive,10.0,10.0,0.42205750942230225,0.32961931824684143,-0.04008323699235916,0.3708186745643616,79,60
0.005262851715087891,positive,10.0,10.0,0.42864990234375,0.13508909940719604,-0.03266686573624611,0.6505983471870422,79,61
0.0053615570068359375,positive,10.0,10.0,0.4313516914844513,0.3306504487991333,-0.0196548979729414,0.34781044721603394,79,62
0.005553722381591797,positive,10.0,10.0,0.4484856128692627,0.33110877871513367,-0.01171878818422556,0.3376445174217224,79,64
0.0057315826416015625,positive,10.0,10.0,0.4656357169151306,0.7215883135795593,-0.004140112549066544,-0.2529563009738922,79,66
0.006169319152832031,positive,10.0,10.0,0.514397919178009,0.5268219113349915,0.005288850981742144,0.03188348188996315,79,71
0.006255626678466797,positive,10.0,10.0,0.5249343514442444,0.33162450790405273,0.005926520563662052,0.32623040676116943,79,72
0.006590127944946289,positive,10.0,10.0,0.5592532753944397,0.3308953046798706,0.02066979371011257,0.3423669636249542,79,76
0.006836652755737305,positive,10.0,10.0,0.5829897522926331,0.5249149799346924,0.03579277917742729,0.07399389892816544,79,79
0.006912708282470703,positive,10.0,10.0,0.5934880375862122,0.3292986750602722,0.037272658199071884,0.37775126099586487,79,80
0.007071971893310547,positive,10.0,10.0,0.60274738073349,0.32813939452171326,0.05846667289733887,0.40370994806289673,79,82
0.007313728332519531,positive,10.0,10.0,0.6262854337692261,0.5204555988311768,0.07799981534481049,0.17281778156757355,79,85
0.007941246032714844,negative,10.0,-10.0,0.6932408809661865,0.5088966488838196,0.14495430886745453,0.43156397342681885,79,93
0.008012533187866211,negative,10.0,-10.0,0.7034187912940979,0.31205159425735474,0.15358558297157288,0.7662023901939392,79,94
0.00808095932006836,negative,10.0,-10.0,0.7096598148345947,0.5047630071640015,0.16890962421894073,0.5255147814750671,79,95
0.008151054382324219,negative,10.0,-10.0,0.7197551131248474,0.6971558332443237,0.17941991984844208,0.29045623540878296,79,96
0.00821542739868164,negative,10.0,-10.0,0.7336981892585754,0.8893263339996338,0.18522904813289642,0.05929456278681755,79,97
0.008282184600830078,negative,10.0,-10.0,0.751484751701355,0.6920984387397766,0.1864149421453476,0.4042222797870636,79,98
0.000461578369140625,positive,10.0,10.0,0.005050870589911938,-0.19325248897075653,-0.04369813948869705,0.281291127204895,80,1
0.0005261898040771484,positive,10.0,10.0,0.0011858207872137427,-0.38772475719451904,-0.03807231783866882,0.5598779320716858,80,2
0.0005939006805419922,positive,10.0,10.0,-0.006568674463778734,-0.19208970665931702,-0.026874760165810585,0.2554474174976349,80,3
0.0006811618804931641,positive,10.0,10.0,-0.010410468094050884,-0.3868178427219391,-0.02176581136882305,0.5395339131355286,80,4
0.0009317398071289062,positive,10.0,10.0,-0.02197476103901863,-0.3863602578639984,-0.0061736698262393475,0.5292741060256958,80,6
0.0013663768768310547,positive,10.0,10.0,-0.041251737624406815,-0.1913440227508545,0.019679326564073563,0.23892340064048767,80,9
0.0016429424285888672,positive,10.0,10.0,-0.06445742398500443,-0.7777832746505737,0.051973480731248856,1.141581654548645,80,12
0.0005033016204833984,positive,10.0,10.0,-0.034318409860134125,-0.23590533435344696,0.04674157127737999,0.30101653933525085,81,1
0.0006227493286132812,positive,10.0,10.0,-0.03903651610016823,-0.4316612482070923,0.052761904895305634,0.608066737651825,81,2
0.0008101463317871094,positive,10.0,10.0,-0.060219332575798035,-0.8234164714813232,0.08326104283332825,1.229250431060791,81,4
0.00048351287841796875,positive,10.0,10.0,0.024838073179125786,-0.1678006500005722,-0.0288213063031435,0.24950270354747772,82,3
0.0005335807800292969,positive,10.0,10.0,0.021482061594724655,-0.3624994158744812,-0.02383125200867653,0.5329572558403015,82,4
0.0006263256072998047,positive,10.0,10.0,0.010891061276197433,-0.3619818389415741,-0.00851487647742033,0.5213605761528015,82,6
0.0007498264312744141,positive,10.0,10.0,-0.022530851885676384,-0.9474867582321167,0.040231939405202866,1.4029501676559448,82,9
0.0007889270782470703,positive,10.0,10.0,-0.04148058593273163,-1.1430846452713013,0.06829094141721725,1.7079346179962158,82,10
0.00102996826171875,negative,10.0,-10.0,-0.09842030704021454,-0.5618930459022522,0.1547604501247406,0.9294307231903076,82,13
0.0011065006256103516,negative,10.0,-10.0,-0.10965816676616669,-0.3691605031490326,0.173349067568779,0.689105212688446,82,14
0.0012614727020263672,negative,10.0,-10.0,-0.12057765573263168,0.01523781567811966,0.196243554353714,0.22726693749427795,82,16
0.0014994144439697266,negative,10.0,-10.0,-0.10815395414829254,0.5906237363815308,0.1964177042245865,-0.4441159963607788,82,19
0.0019533634185791016,negative,10.0,-10.0,-0.04194945842027664,0.5753503441810608,0.16645953059196472,-0.0996226817369461,82,25
0.0020182132720947266,negative,10.0,-10.0,-0.030442452058196068,0.7677440047264099,0.16446706652641296,-0.3355107307434082,82,26
0.002082347869873047,negative,10.0,-10.0,-0.015087572857737541,0.5707101225852966,0.15775686502456665,0.00418749637901783,82,27
0.0021538734436035156,negative,10.0,-10.0,-0.003673371160402894,0.373718798160553,0.15784060955047607,0.34219351410865784,82,28
0.002483844757080078,negative,10.0,-10.0,0.04153371602296829,0.754082977771759,0.16821801662445068,-0.029848378151655197,82,32
0.002549409866333008,negative,10.0,-10.0,0.056615374982357025,0.9464433193206787,0.16762104630470276,-0.2650928199291229,82,33
0.002610445022583008,negative,10.0,-10.0,0.07554423809051514,1.1388256549835205,0.16231918334960938,-0.5005717873573303,82,34
0.0027458667755126953,negative,10.0,-10.0,0.11715740710496902,1.1344830989837646,0.14907868206501007,-0.4024786949157715,82,36
0.002793550491333008,negative,10.0,-10.0,0.139847069978714,0.9375959634780884,0.14102910459041595,-0.0667567178606987,82,37
0.003365039825439453,positive,10.0,10.0,0.4248371720314026,1.697209358215332,0.08561883866786957,-0.7798592448234558,82,49
0.003515958786010742,positive,10.0,10.0,0.5149014592170715,1.1090456247329712,0.057839225977659225,0.16361725330352783,82,52
0.0037581920623779297,negative,10.0,-10.0,0.5866146683692932,0.1287705898284912,0.13663779199123383,1.742238163948059,82,57
0.0038199424743652344,negative,10.0,-10.0,0.5891900658607483,0.32209816575050354,0.17148256301879883,1.4949963092803955,82,58
0.0038878917694091797,negative,10.0,-10.0,0.595632016658783,0.5147703289985657,0.20138248801231384,1.260396122932434,82,59
0.0005269050598144531,positive,10.0,10.0,-0.03266456723213196,-0.005129071418195963,0.0012718159705400467,0.04503297433257103,83,0
0.0006792545318603516,positive,10.0,10.0,-0.032767150551080704,-0.20026923716068268,0.0021724754478782415,0.33811691403388977,83,1
0.0007870197296142578,positive,10.0,10.0,-0.036772534251213074,-0.005178266670554876,0.008934813551604748,0.04611984267830849,83,2
0.0014064311981201172,positive,10.0,10.0,-0.045128438621759415,-0.2014063596725464,0.025987645611166954,0.3632933497428894,83,7
0.001504659652709961,positive,10.0,10.0,-0.049156565219163895,-0.006663210690021515,0.033253513276576996,0.07891679555177689,83,8
0.0017004013061523438,positive,10.0,10.0,-0.05333474278450012,-0.007635192014276981,0.04246991127729416,0.10040286183357239,83,10
0.0020551681518554688,positive,10.0,10.0,-0.06553548574447632,-0.5948720574378967,0.0668523758649826,1.02130925655365,83,13
0.0021545886993408203,positive,10.0,10.0,-0.07743293046951294,-0.7908179759979248,0.08727855980396271,1.3342114686965942,83,14
0.0023527145385742188,negative,10.0,-10.0,-0.11298778653144836,-0.7933033108711243,0.1470203846693039,1.3977636098861694,83,16
0.0024437904357910156,negative,10.0,-10.0,-0.12885385751724243,-0.6002834439277649,0.17497564852237701,1.1544257402420044,83,17
0.0025348663330078125,negative,10.0,-10.0,-0.14085951447486877,-0.4078204333782196,0.1980641633272171,0.9213201403617859,83,18
0.0004749298095703125,positive,10.0,10.0,0.04836197942495346,-0.02091994136571884,-0.04740263149142265,-0.04551269859075546,84,0
0.0006554126739501953,positive,10.0,10.0,0.04794358089566231,-0.21533124148845673,-0.04831288382411003,0.23184552788734436,84,1
0.0010831356048583984,positive,10.0,10.0,0.03544234111905098,-0.21402154862880707,-0.033497851341962814,0.20278558135032654,84,3
0.001245737075805664,positive,10.0,10.0,0.03116190992295742,-0.408648818731308,-0.029442140832543373,0.48471617698669434,84,4
0.002554178237915039,positive,10.0,10.0,-0.006435777060687542,-0.21268823742866516,0.006891596131026745,0.17324820160865784,84,11
0.0027208328247070312,positive,10.0,10.0,-0.010689541697502136,-0.4079081416130066,0.010356560349464417,0.4680972099304199,84,12
0.0032625198364257812,positive,10.0,10.0,-0.03127303346991539,-0.21354703605175018,0.03284311667084694,0.1922825276851654,84,15
0.003437519073486328,positive,10.0,10.0,-0.03554397448897362,-0.4091230630874634,0.03668876737356186,0.49514248967170715,84,16
0.0038008689880371094,positive,10.0,10.0,-0.055821292102336884,-0.8004717826843262,0.06257478892803192,1.1061265468597412,84,18
0.004392147064208984,negative,10.0,-10.0,-0.11560629308223724,-0.9987547397613525,0.14776615798473358,1.4801990985870361,84,21
0.004558086395263672,negative,10.0,-10.0,-0.1355813890695572,-0.8057127594947815,0.17737014591693878,1.237076997756958,84,22
0.004722118377685547,negative,10.0,-10.0,-0.1516956388950348,-0.6132565140724182,0.20211169123649597,1.0047955513000488,84,23
0.0009205341339111328,positive,10.0,10.0,0.026790039613842964,-0.018152879551053047,0.03804657608270645,0.06738387793302536,85,4
0.0011353492736816406,positive,10.0,10.0,0.029955053701996803,-0.019258860498666763,0.03513312339782715,0.09178825467824936,85,6
0.0013356208801269531,positive,10.0,10.0,0.0252725500613451,-0.020287876948714256,0.044875796884298325,0.11454352736473083,85,8
0.001428365707397461,positive,10.0,10.0,0.024866793304681778,-0.21602314710617065,0.04716666787862778,0.4210399091243744,85,9
0.0019080638885498047,positive,10.0,10.0,0.010915538296103477,-0.0251929834485054,0.08097213506698608,0.22332988679409027,85,14
0.002000093460083008,positive,10.0,10.0,0.01041167788207531,0.16868390142917633,0.08543873578310013,-0.04275279492139816,85,15
0.002089977264404297,positive,10.0,10.0,0.013785356655716896,0.3624833822250366,0.08458367735147476,-0.30730319023132324,85,16
0.002279520034790039,positive,10.0,10.0,0.024360312148928642,0.36017894744873047,0.07865383476018906,-0.25612950325012207,85,18
0.0023703575134277344,positive,10.0,10.0,0.0315638929605484,0.5540949702262878,0.07353124022483826,-0.523003876209259,85,19
0.002463817596435547,positive,10.0,10.0,0.04264578968286514,0.35801932215690613,0.06307116150856018,-0.20808640122413635,85,20
0.0025517940521240234,positive,10.0,10.0,0.049806177616119385,0.5521853566169739,0.05890943855047226,-0.48022574186325073,85,21
0.002637624740600586,positive,10.0,10.0,0.060849882662296295,0.746428370475769,0.04930492118000984,-0.7537755370140076,85,22
0.0027854442596435547,positive,10.0,10.0,0.07577845454216003,0.9408371448516846,0.03422941267490387,-1.0305445194244385,85,23
0.0030934810638427734,positive,10.0,10.0,0.1283048838376999,0.745098352432251,-0.02124137058854103,-0.7232887744903564,85,26
0.0032842159271240234,positive,10.0,10.0,0.16201701760292053,0.7458789944648743,-0.05615876615047455,-0.7413198351860046,85,28
0.0033729076385498047,positive,10.0,10.0,0.17693458497524261,0.9417294263839722,-0.07098516076803207,-1.0511343479156494,85,29
0.0039637088775634766,negative,10.0,-10.0,0.2708168625831604,0.9505799412727356,-0.17679014801979065,-1.261513590812683,85,35
0.004062175750732422,negative,10.0,-10.0,0.28982847929000854,1.1474661827087402,-0.20202042162418365,-1.6039456129074097,85,36
0.0004317760467529297,positive,10.0,10.0,0.002831696532666683,0.031458478420972824,0.0215383842587471,0.005651588551700115,86,0
0.0007340908050537109,positive,10.0,10.0,0.00346086616627872,-0.16396564245224,0.021651415154337883,0.3050515651702881,86,1
0.0009431838989257812,positive,10.0,10.0,0.00018155349243897945,0.03084118291735649,0.02775244601070881,0.019274843856692314,86,2
0.0016314983367919922,positive,10.0,10.0,-0.0046243625693023205,-0.16665416955947876,0.04327213019132614,0.3645966053009033,86,7
0.00176239013671875,positive,10.0,10.0,-0.007957445457577705,0.027826951816678047,0.05056406185030937,0.0858660340309143,86,8
0.002100229263305664,positive,10.0,10.0,-0.010233333334326744,-0.16956940293312073,0.06252888590097427,0.42935213446617126,86,11
0.0023865699768066406,positive,10.0,10.0,-0.013132443651556969,-0.1714503914117813,0.0742562860250473,0.47126147150993347,86,13
0.0025110244750976562,positive,10.0,10.0,-0.01656145043671131,0.022548476234078407,0.08368151634931564,0.20287635922431946,86,14
0.002613544464111328,positive,10.0,10.0,-0.016110481694340706,0.21638017892837524,0.08773904293775558,-0.06228012591600418,86,15
0.0029387474060058594,positive,10.0,10.0,0.0006979896570555866,0.40779101848602295,0.07982489466667175,-0.273802787065506,86,18
0.0033469200134277344,positive,10.0,10.0,0.03319237008690834,0.013718443922698498,0.06077875569462776,0.39761340618133545,86,22
0.003444194793701172,positive,10.0,10.0,0.03346674144268036,0.20792782306671143,0.06873102486133575,0.12469520419836044,86,23
0.003858804702758789,positive,10.0,10.0,0.049978457391262054,0.5936629772186279,0.08141506463289261,-0.3628372550010681,86,27
0.003954410552978516,positive,10.0,10.0,0.06185171380639076,0.3974839150905609,0.07415831834077835,-0.045633863657712936,86,28
0.004149436950683594,positive,10.0,10.0,0.08163075894117355,0.39538368582725525,0.06696507334709167,0.0008251252584159374,86,30
0.0042421817779541016,positive,10.0,10.0,0.08953843265771866,0.1993684470653534,0.06698157638311386,0.31386199593544006,86,31
0.0044403076171875,positive,10.0,10.0,0.10139531642198563,0.5874746441841125,0.0741194635629654,-0.22566711902618408,86,33
0.00497746467590332,positive,10.0,10.0,0.17168061435222626,0.9741052985191345,0.023696769028902054,-0.7310500741004944,86,37
0.005125284194946289,positive,10.0,10.0,0.19116272032260895,1.1688919067382812,0.009075768291950226,-1.0161817073822021,86,38
0.00622105598449707,negative,10.0,-10.0,0.3588196337223053,1.5626169443130493,-0.1557275652885437,-1.6945487260818481,86,44
0.0063931941986083984,negative,10.0,-10.0,0.3900719881057739,1.7591558694839478,-0.1896185427904129,-2.031388759613037,86,45
0.0006392002105712891,positive,10.0,10.0,-0.010598605498671532,-0.23028074204921722,-0.03041561134159565,0.317632794380188,87,1
0.0010607242584228516,positive,10.0,10.0,-0.020489158108830452,-0.03405550867319107,-0.017742455005645752,0.00043148259283043444,87,4
0.0011751651763916016,positive,10.0,10.0,-0.021170267835259438,-0.22891856729984283,-0.017733825370669365,0.28746405243873596,87,5
0.0013782978057861328,positive,10.0,10.0,-0.026419606059789658,-0.22849631309509277,-0.012199719436466694,0.27811890840530396,87,7
0.0016887187957763672,positive,10.0,10.0,-0.044022928923368454,-0.423416405916214,0.010144497267901897,0.5663246512413025,87,10
0.0017840862274169922,positive,10.0,10.0,-0.05249125510454178,-0.6186791658401489,0.021470990031957626,0.8621861934661865,87,11
0.002083301544189453,positive,10.0,10.0,-0.093536376953125,-0.8153961300849915,0.07957044988870621,1.192740797996521,87,14
0.002367734909057617,negative,10.0,-10.0,-0.15422667562961578,-1.014251947402954,0.17025785148143768,1.583993673324585,87,17
0.0024552345275878906,negative,10.0,-10.0,-0.17451171576976776,-0.8215149641036987,0.2019377201795578,1.3488826751708984,87,18
0.0003762245178222656,positive,10.0,10.0,0.01697004772722721,0.04642624035477638,-0.03492618724703789,0.04492124170064926,88,0
0.0005481243133544922,positive,10.0,10.0,0.017898572608828545,-0.14817793667316437,-0.034027762711048126,0.3263832628726959,88,1
0.0008175373077392578,positive,10.0,10.0,0.015883244574069977,-0.1473054438829422,-0.027036765590310097,0.30704769492149353,88,3
0.0009181499481201172,positive,10.0,10.0,0.012937135994434357,0.048191118985414505,-0.020895810797810555,0.005962184630334377,88,4
0.0010111331939697266,positive,10.0,10.0,0.013900958001613617,-0.14662501215934753,-0.020776567980647087,0.29197967052459717,88,5
0.0011258125305175781,positive,10.0,10.0,0.010968457907438278,0.048786912113428116,-0.014936973340809345,-0.007182831410318613,88,6
0.0012254714965820312,positive,10.0,10.0,0.011944196186959743,-0.1461176723241806,-0.015080630779266357,0.2807501256465912,88,7
0.0014369487762451172,positive,10.0,10.0,0.002201416762545705,-0.14576786756515503,0.0019071476999670267,0.2729889154434204,88,9
0.0015316009521484375,positive,10.0,10.0,-0.0007139405934140086,-0.3409169912338257,0.007366925943642855,0.5662727355957031,88,10
0.0017247200012207031,positive,10.0,10.0,-0.010450262576341629,-0.3412827253341675,0.024210775271058083,0.5744391679763794,88,12
0.0020227432250976562,positive,10.0,10.0,-0.019244350492954254,0.24258990585803986,0.041654519736766815,-0.2710420489311218,88,15
0.00211334228515625,positive,10.0,10.0,-0.014392552897334099,0.43709346652030945,0.036233678460121155,-0.5503014326095581,88,16
0.0022020339965820312,positive,10.0,10.0,-0.005650683306157589,0.6316882371902466,0.02522764913737774,-0.831351637840271,88,17
0.0022912025451660156,positive,10.0,10.0,0.006983081344515085,0.8264564871788025,0.008600616827607155,-1.115994930267334,88,18
0.002481698989868164,positive,10.0,10.0,0.03613666445016861,0.8265296816825867,-0.030131811276078224,-1.117592692375183,88,20
0.002716064453125,positive,10.0,10.0,0.06530357897281647,0.8276140093803406,-0.0691739022731781,-1.1432279348373413,88,22
0.0030219554901123047,negative,10.0,-10.0,0.12672103941440582,1.4159518480300903,-0.156708762049675,-2.1045081615448,88,25
0.0002715587615966797,positive,10.0,10.0,-0.01109294407069683,-0.23023027181625366,0.0080758947879076,0.3277863562107086,89,1
0.0005886554718017578,positive,10.0,10.0,-0.01640203408896923,-0.23055289685726166,0.01538484450429678,0.3349243104457855,89,3
0.0006608963012695312,positive,10.0,10.0,-0.02101309224963188,-0.0356532484292984,0.022083330899477005,0.047132402658462524,89,4
0.0007467269897460938,positive,10.0,10.0,-0.01854325272142887,-0.036298006772994995,0.018255937844514847,0.06135408207774162,89,6
0.0008695125579833984,positive,10.0,10.0,-0.024639494717121124,-0.2323312759399414,0.02814311347901821,0.37424322962760925,89,9
0.0009493827819824219,positive,10.0,10.0,-0.03003852441906929,-0.2332341969013214,0.03743928298354149,0.39427244663238525,89,11
0.0009872913360595703,positive,10.0,10.0,-0.03470320999622345,-0.038662947714328766,0.04532473161816597,0.11362466961145401,89,12
0.0010247230529785156,positive,10.0,10.0,-0.03547646850347519,-0.234404057264328,0.04759722203016281,0.42025572061538696,89,13
0.0012214183807373047,positive,10.0,10.0,-0.05126701295375824,-0.043603118509054184,0.08135069161653519,0.2231893390417099,89,18
0.0012576580047607422,positive,10.0,10.0,-0.052139073610305786,0.1502675563097,0.08581448346376419,-0.04276421293616295,89,19
0.001293182373046875,positive,10.0,10.0,-0.049133721739053726,0.34406083822250366,0.08495919406414032,-0.30718591809272766,89,20
0.0013279914855957031,positive,10.0,10.0,-0.04225250706076622,0.14783748984336853,0.07881547510623932,0.011035419069230556,89,21
0.0013625621795654297,positive,10.0,10.0,-0.039295755326747894,0.34174585342407227,0.079036183655262,-0.25577640533447266,89,22
0.0014400482177734375,positive,10.0,10.0,-0.021747726947069168,0.33957532048225403,0.06347024440765381,-0.207490473985672,89,24
0.001474618911743164,positive,10.0,10.0,-0.014956220984458923,0.14360590279102325,0.05932043492794037,0.10451947897672653,89,25
0.0015096664428710938,positive,10.0,10.0,-0.01208410318940878,-0.05231378600001335,0.061410825699567795,0.4153120517730713,89,26
0.0015850067138671875,positive,10.0,10.0,-0.010292650200426579,-0.05416110157966614,0.07256915420293808,0.4564414322376251,89,28
0.0016217231750488281,positive,10.0,10.0,-0.011375872418284416,0.13986384868621826,0.081697978079319,0.18748661875724792,89,29
0.0016987323760986328,positive,10.0,10.0,-0.0019040413899347186,0.13749133050441742,0.08388078212738037,0.24002496898174286,89,31
0.0017347335815429688,positive,10.0,10.0,0.0008457850781269372,0.3313210904598236,0.08868128061294556,-0.025065403431653976,89,32
0.001809835433959961,positive,10.0,10.0,0.01797354221343994,0.32880523800849915,0.08240989595651627,0.030636057257652283,89,34
0.0018453598022460938,positive,10.0,10.0,0.02454964630305767,0.5226545929908752,0.08302261680364609,-0.23495009541511536,89,35
0.0018801689147949219,positive,10.0,10.0,0.03500273823738098,0.7164982557296753,0.0783236175775528,-0.5003334879875183,89,36
0.0019142627716064453,positive,10.0,10.0,0.04933270439505577,0.5203646421432495,0.06831694394350052,-0.18403130769729614,89,37
0.0019507408142089844,positive,10.0,10.0,0.05973999574780464,0.3243350386619568,0.06463631987571716,0.1293967068195343,89,38
0.0019865036010742188,positive,10.0,10.0,0.06622669845819473,0.12834957242012024,0.06722425669431686,0.4417508542537689,89,39
0.00202178955078125,positive,10.0,10.0,0.06879369169473648,0.32245904207229614,0.07605927437543869,0.170993372797966,89,40
0.0020792484283447266,positive,10.0,10.0,0.07524286955595016,0.1263355016708374,0.07947913557291031,0.48666802048683167,89,41
0.0021178722381591797,positive,10.0,10.0,0.07776957750320435,0.32025131583213806,0.08921249955892563,0.22005482017993927,89,42
0.0021538734436035156,positive,10.0,10.0,0.08417460322380066,0.5139923095703125,0.09361359477043152,-0.04320723935961723,89,43
0.0022935867309570312,positive,10.0,10.0,0.11883442848920822,0.7051222920417786,0.08696017414331436,-0.24865056574344635,89,46
0.002332925796508789,positive,10.0,10.0,0.13293687999248505,0.5088729858398438,0.0819871574640274,0.07014506310224533,89,47
0.002507925033569336,positive,10.0,10.0,0.17350289225578308,0.8938941955566406,0.09077904373407364,-0.4020898938179016,89,51
0.002547025680541992,positive,10.0,10.0,0.19138078391551971,0.6976098418235779,0.08273724466562271,-0.08222324401140213,89,52
0.0025856494903564453,positive,10.0,10.0,0.20533297955989838,0.89145427942276,0.08109277486801147,-0.34769827127456665,89,53
0.0027909278869628906,positive,10.0,10.0,0.2786594033241272,0.3011326193809509,0.07444944977760315,0.6424450874328613,89,58
0.0028297901153564453,positive,10.0,10.0,0.2846820652484894,0.49514222145080566,0.08729835599660873,0.374104768037796,89,59
0.003458738327026367,negative,10.0,-10.0,0.49457210302352905,1.2512978315353394,0.14466474950313568,-0.26419639587402344,89,73
0.003499746322631836,negative,10.0,-10.0,0.5195980668067932,1.0544391870498657,0.1393808275461197,0.07039032876491547,89,74
0.003540515899658203,negative,10.0,-10.0,0.540686845779419,0.8576226830482483,0.14078862965106964,0.4035973846912384,89,75
0.003581523895263672,negative,10.0,-10.0,0.5578393340110779,1.0504964590072632,0.14886058866977692,0.15840445458889008,89,76
0.003864288330078125,negative,10.0,-10.0,0.7027155160903931,1.4265270233154297,0.15375132858753204,-0.1166614443063736,89,82
0.003960609436035156,negative,10.0,-10.0,0.7636290192604065,1.4222360849380493,0.14427484571933746,-0.020824288949370384,89,84
0.004006862640380859,negative,10.0,-10.0,0.7920737862586975,1.2253714799880981,0.14385835826396942,0.3136744797229767,89,85
0.004247188568115234,negative,10.0,-10.0,0.9453660249710083,1.4098368883132935,0.13824790716171265,0.25525981187820435,89,90
0.004386425018310547,negative,10.0,-10.0,1.0181481838226318,0.81939297914505,0.17356298863887787,1.259474754333496,89,93
0.000560760498046875,positive,10.0,10.0,0.005618854891508818,-0.16641376912593842,-0.022914787754416466,0.23583324253559113,90,1
0.000804901123046875,positive,10.0,10.0,-0.004933440126478672,-0.1658276468515396,-0.00777410389855504,0.22283954918384552,90,3
0.001100301742553711,positive,10.0,10.0,-0.01878012716770172,-0.36088961362838745,0.011330562643706799,0.514198899269104,90,6
0.0011911392211914062,positive,10.0,10.0,-0.025997919961810112,-0.16592906415462494,0.021614540368318558,0.22510792315006256,90,7
0.0012767314910888672,positive,10.0,10.0,-0.029316501691937447,-0.36135315895080566,0.02611669898033142,0.524529755115509,90,8
0.0014579296112060547,positive,10.0,10.0,-0.039875730872154236,-0.36223354935646057,0.041411083191633224,0.5441909432411194,90,10
0.0017910003662109375,positive,10.0,10.0,-0.05774564668536186,-0.16927587985992432,0.06906258314847946,0.29954782128334045,90,13
0.001977205276489258,positive,10.0,10.0,-0.060635220259428024,0.21876704692840576,0.0756419450044632,-0.238670215010643,90,15
0.0025222301483154297,positive,10.0,10.0,-0.030768685042858124,0.21369938552379608,0.04751676321029663,-0.12630394101142883,90,21
0.002607107162475586,positive,10.0,10.0,-0.026494698598980904,0.017930058762431145,0.04499068111181259,0.1809832751750946,90,22
0.0039026737213134766,positive,10.0,10.0,0.01951766386628151,0.3915967345237732,0.07388298958539963,-0.039037298411130905,90,36
0.003989696502685547,positive,10.0,10.0,0.027349598705768585,0.1954973340034485,0.07310225069522858,0.2760111689567566,90,37
0.004071474075317383,positive,10.0,10.0,0.03125954419374466,0.3895043432712555,0.07862246781587601,0.007250829134136438,90,38
0.004151821136474609,positive,10.0,10.0,0.03904963284730911,0.5834158658981323,0.07876748591661453,-0.25962668657302856,90,39
0.004235982894897461,positive,10.0,10.0,0.050717949867248535,0.7773301601409912,0.07357495278120041,-0.5264626145362854,90,40
0.004316091537475586,positive,10.0,10.0,0.0662645548582077,0.9713438749313354,0.06304570287466049,-0.7950843572616577,90,41
0.004497051239013672,positive,10.0,10.0,0.10900235921144485,0.9698336124420166,0.025798287242650986,-0.7601880431175232,90,43
0.004685640335083008,positive,10.0,10.0,0.15169085562229156,0.969329833984375,-0.010298329405486584,-0.748652994632721,90,45
0.0050318241119384766,positive,10.0,10.0,0.21376559138298035,0.775358259677887,-0.061360862106084824,-0.4821077883243561,90,48
0.005217313766479492,positive,10.0,10.0,0.2408958226442337,0.3871150016784668,-0.07519057393074036,0.060089416801929474,90,50
0.005299806594848633,positive,10.0,10.0,0.2486381232738495,0.19314716756343842,-0.07398878782987595,0.3281339108943939,90,51
0.005383491516113281,positive,10.0,10.0,0.25250107049942017,0.38924017548561096,-0.06742610782384872,0.013066248036921024,90,52
0.005462169647216797,positive,10.0,10.0,0.260285884141922,0.19514675438404083,-0.06716478615999222,0.28373658657073975,90,53
0.005539417266845703,positive,10.0,10.0,0.2641887962818146,0.001043846714310348,-0.061490051448345184,0.5545028448104858,90,54
0.005615711212158203,positive,10.0,10.0,0.26420968770980835,0.19697286188602448,-0.05039999634027481,0.24309809505939484,90,55
0.006033658981323242,positive,10.0,10.0,0.2762283384799957,0.004464413970708847,-0.017170796170830727,0.4779062867164612,90,60
0.006109714508056641,positive,10.0,10.0,0.27631762623786926,0.1998245269060135,-0.007612669840455055,0.17986133694648743,90,61
0.006185054779052734,positive,10.0,10.0,0.2803141176700592,0.004812339320778847,-0.004015443380922079,0.4701330363750458,90,62
0.006261348724365234,positive,10.0,10.0,0.2804103493690491,0.19999077916145325,0.005387217737734318,0.176187202334404,90,63
0.0064239501953125,positive,10.0,10.0,0.28450602293014526,0.19978709518909454,0.018322257325053215,0.18070371448993683,90,65
0.0065000057220458984,positive,10.0,10.0,0.2885017693042755,0.004407824017107487,0.021936330944299698,0.47910988330841064,90,66
0.006574153900146484,positive,10.0,10.0,0.2885899245738983,0.19921332597732544,0.03151853010058403,0.1934206783771515,90,67
0.006646394729614258,positive,10.0,10.0,0.2925741672515869,0.003655018052086234,0.03538694232702255,0.49587738513946533,90,68
0.006836414337158203,positive,10.0,10.0,0.2966125011444092,0.0025211714673787355,0.049595557153224945,0.5211761593818665,90,70
0.007129192352294922,positive,10.0,10.0,0.3006208539009094,-0.19498474895954132,0.07601995766162872,0.8679255247116089,90,73
0.007211208343505859,positive,10.0,10.0,0.2967211604118347,-0.0009749060263857245,0.0933784693479538,0.6000795960426331,90,74
0.008076667785644531,positive,10.0,10.0,0.40048760175704956,0.7647106051445007,0.08578640222549438,-0.24747183918952942,90,84
0.008324861526489258,positive,10.0,10.0,0.4501989483833313,0.5662901997566223,0.06670098751783371,0.119203582406044,90,87
0.008656740188598633,positive,10.0,10.0,0.49538323283195496,0.5621032118797302,0.0788659006357193,0.21193735301494598,90,91
0.008951663970947266,positive,10.0,10.0,0.5407426357269287,0.7536640167236328,0.07560316473245621,-0.0028349270578473806,90,94
0.009046554565429688,positive,10.0,10.0,0.5558159351348877,0.9476248621940613,0.07554646581411362,-0.27073895931243896,90,95
0.009226083755493164,positive,10.0,10.0,0.5976002812385559,0.9455578327178955,0.05935828387737274,-0.22474005818367004,90,97
0.009593486785888672,positive,10.0,10.0,0.6497377157211304,0.5520708560943604,0.07860556244850159,0.4338045120239258,90,101
0.009677410125732422,positive,10.0,10.0,0.6607791185379028,0.7459970712661743,0.08728165179491043,0.1668996661901474,90,102
0.010011434555053711,positive,10.0,10.0,0.7359084486961365,1.1310838460922241,0.08067288249731064,-0.30642271041870117,90,106
0.0100860595703125,positive,10.0,10.0,0.7585301399230957,0.9349105358123779,0.07454442232847214,0.010572325438261032,90,107
0.010156393051147461,positive,10.0,10.0,0.7772283554077148,1.1288886070251465,0.07475586980581284,-0.25769102573394775,90,108
0.010227680206298828,positive,10.0,10.0,0.7998061180114746,1.3228681087493896,0.06960204988718033,-0.5258898735046387,90,109
0.010459423065185547,positive,10.0,10.0,0.8830236792564392,1.5155513286590576,0.03346347436308861,-0.7639564275741577,90,112
0.010534048080444336,positive,10.0,10.0,0.9133347272872925,1.710196852684021,0.018184347078204155,-1.0459247827529907,90,113
0.010603904724121094,positive,10.0,10.0,0.9475386738777161,1.5148383378982544,-0.0027341488748788834,-0.7475895285606384,90,114
0.010674715042114258,positive,10.0,10.0,0.9778354167938232,1.7099978923797607,-0.017685938626527786,-1.041131615638733,90,115
0.010744571685791016,positive,10.0,10.0,1.0120353698730469,1.5151152610778809,-0.038508571684360504,-0.7540528178215027,90,116
0.011234045028686523,positive,10.0,10.0,1.1068800687789917,1.3223545551300049,-0.09042580425739288,-0.5149515867233276,90,119
0.012340068817138672,positive,10.0,10.0,1.3169413805007935,0.17008258402347565,-0.09294993430376053,0.8402847647666931,90,131
0.012605905532836914,positive,10.0,10.0,1.319869875907898,-0.21769797801971436,-0.054097242653369904,1.370205044746399,90,133
0.012894392013549805,positive,10.0,10.0,1.3072738647460938,-0.6069027185440063,0.006216641515493393,1.9297378063201904,90,135
0.0004360675811767578,positive,10.0,10.0,-0.035538721829652786,-0.16719888150691986,0.005216888152062893,0.31464752554893494,91,1
0.0005433559417724609,positive,10.0,10.0,-0.038325730711221695,0.22280338406562805,0.011982126161456108,-0.2654149532318115,91,3
0.0005843639373779297,positive,10.0,10.0,-0.0338696651160717,0.027512485161423683,0.006673826836049557,0.03102302737534046,91,4
0.0007865428924560547,positive,10.0,10.0,-0.03894918039441109,-0.16851110756397247,0.02205513045191765,0.3436548709869385,91,9
0.0008630752563476562,positive,10.0,10.0,-0.041793595999479294,-0.1692342758178711,0.030088379979133606,0.3596753776073456,91,11
0.0008995532989501953,positive,10.0,10.0,-0.045178283005952835,0.02544732391834259,0.03728188946843147,0.07662981003522873,91,12
0.0009772777557373047,positive,10.0,10.0,-0.04807310923933983,0.024361202493309975,0.046431250870227814,0.10064180195331573,91,14
0.0010623931884765625,positive,10.0,10.0,-0.051013775169849396,0.023008402436971664,0.05659617856144905,0.13057951629161835,91,16
0.0011508464813232422,positive,10.0,10.0,-0.05401114001870155,0.021359562873840332,0.06801910698413849,0.16712015867233276,91,18
0.0011878013610839844,positive,10.0,10.0,-0.05358394980430603,-0.17466676235198975,0.07136151194572449,0.4804619252681732,91,19
0.0012221336364746094,positive,10.0,10.0,-0.05707728490233421,0.019379103556275368,0.08097074925899506,0.21109642088413239,91,20
0.0012562274932861328,positive,10.0,10.0,-0.05668970197439194,0.2132555991411209,0.08519268035888672,-0.05498611927032471,91,21
0.0012907981872558594,positive,10.0,10.0,-0.0524245910346508,0.4070592522621155,0.08409295976161957,-0.31962093710899353,91,22
0.0013251304626464844,positive,10.0,10.0,-0.04428340494632721,0.21084661781787872,0.07770054042339325,-0.0016478216275572777,91,23
0.0013592243194580078,positive,10.0,10.0,-0.04006647318601608,0.40477320551872253,0.07766758650541306,-0.2688390612602234,91,24
0.0015141963958740234,positive,10.0,10.0,-0.007809970062226057,0.4009586572647095,0.058939121663570404,-0.1841633915901184,91,28
0.00154876708984375,positive,10.0,10.0,0.00020920306269545108,0.20504508912563324,0.05525585636496544,0.12651477754116058,91,29
0.0016231536865234375,positive,10.0,10.0,0.004493642132729292,0.20343522727489471,0.06650826334953308,0.16218414902687073,91,31
0.0018455982208251953,positive,10.0,10.0,0.024632740765810013,0.0029982721898704767,0.08725303411483765,0.5736991763114929,91,36
0.0023572444915771484,positive,10.0,10.0,0.15583324432373047,0.9597009420394897,0.08671783655881882,-0.47665926814079285,91,49
0.002532958984375,positive,10.0,10.0,0.22467109560966492,0.5653205513954163,0.06331406533718109,0.20236042141914368,91,53
0.0026595592498779297,positive,10.0,10.0,0.2546338438987732,0.7573966979980469,0.08251990377902985,-0.023609314113855362,91,56
0.0026962757110595703,positive,10.0,10.0,0.26978179812431335,0.9512442350387573,0.0820477157831192,-0.28915783762931824,91,57
0.0027313232421875,positive,10.0,10.0,0.288806676864624,0.7550539970397949,0.07626456022262573,0.028232526034116745,91,58
0.0028946399688720703,positive,10.0,10.0,0.3646846115589142,0.7509397268295288,0.058052387088537216,0.1190965473651886,91,62
0.002933502197265625,positive,10.0,10.0,0.3797034025192261,0.5550361275672913,0.06043431535363197,0.42951470613479614,91,63
0.003209352493286133,negative,10.0,-10.0,0.45304086804389954,0.35094085335731506,0.13689380884170532,0.9270730018615723,91,70
0.0032453536987304688,negative,10.0,-10.0,0.46005967259407043,0.154262512922287,0.15543527901172638,1.2594517469406128,91,71
0.003281116485595703,negative,10.0,-10.0,0.4631449282169342,-0.04246830940246582,0.18062430620193481,1.59650456905365,91,72
0.0007114410400390625,positive,10.0,10.0,-0.0010091200238093734,-0.4068182408809662,0.0011887358268722892,0.5691669583320618,92,2
0.0008044242858886719,positive,10.0,10.0,-0.009145484305918217,-0.21171297132968903,0.012572075240314007,0.2768588066101074,92,3
0.0009987354278564453,positive,10.0,10.0,-0.021519985049962997,-0.21214857697486877,0.029578857123851776,0.2865568995475769,92,5
0.0012476444244384766,positive,10.0,10.0,-0.02611216902732849,-0.21307076513767242,0.03537694737315178,0.3069589138031006,92,7
0.0013363361358642578,positive,10.0,10.0,-0.03037358447909355,-0.40867850184440613,0.041516128927469254,0.6105855703353882,92,8
0.001421213150024414,positive,10.0,10.0,-0.038547154515981674,-0.21416068077087402,0.05372783914208412,0.3312624990940094,92,9
0.0016222000122070312,positive,10.0,10.0,-0.04797433316707611,0.17249251902103424,0.07070302218198776,-0.17579388618469238,92,13
0.0016655921936035156,positive,10.0,10.0,-0.044524483382701874,-0.023566313087940216,0.06718714535236359,0.13832899928092957,92,14
0.0017876625061035156,positive,10.0,10.0,-0.049897801131010056,0.168391615152359,0.08261411637067795,-0.08516812324523926,92,17
0.0018246173858642578,positive,10.0,10.0,-0.046529967337846756,0.3622381389141083,0.08091074973344803,-0.3506852686405182,92,18
0.0018610954284667969,positive,10.0,10.0,-0.03928520530462265,0.1660643368959427,0.07389704138040543,-0.03362542390823364,92,19
0.001895904541015625,positive,10.0,10.0,-0.03596391901373863,0.36005306243896484,0.07322453707456589,-0.30210840702056885,92,20
0.0019712448120117188,positive,10.0,10.0,-0.025483496487140656,-0.03204987943172455,0.06743716448545456,0.3258400857448578,92,22
0.002007722854614258,positive,10.0,10.0,-0.026124494150280952,0.16205033659934998,0.07395396381616592,0.05516303330659866,92,23
0.0020418167114257812,positive,10.0,10.0,-0.02288348600268364,0.35603827238082886,0.07505722343921661,-0.21330086886882782,92,24
0.0020766258239746094,positive,10.0,10.0,-0.01576272025704384,0.5500113368034363,0.07079120725393295,-0.4813951849937439,92,25
0.0022156238555908203,positive,10.0,10.0,0.028884712606668472,0.7425887584686279,0.02566865272819996,-0.716972291469574,92,28
0.0024182796478271484,positive,10.0,10.0,0.11092135310173035,0.9381939172744751,-0.057122621685266495,-1.0210686922073364,92,33
0.0027794837951660156,positive,10.0,10.0,0.16365058720111847,-0.025107039138674736,-0.08555714040994644,0.17270387709140778,92,42
0.0029001235961914062,positive,10.0,10.0,0.15831582248210907,-0.2167230099439621,-0.07096224278211594,0.3884907066822052,92,45
0.0030603408813476562,positive,10.0,10.0,0.1488935798406601,-0.21318355202674866,-0.05408003181219101,0.30982404947280884,92,49
0.0030975341796875,positive,10.0,10.0,0.14462991058826447,-0.017334453761577606,-0.04788355156779289,0.0005881073884665966,92,50
0.0031805038452148438,positive,10.0,10.0,0.14004845917224884,-0.4061456322669983,-0.042316045612096786,0.5549952387809753,92,52
0.0032618045806884766,positive,10.0,10.0,0.12771643698215485,-0.4051184356212616,-0.02623041905462742,0.5319616794586182,92,54
0.0034017562866210938,positive,10.0,10.0,0.10733064264059067,-0.20925863087177277,-0.000591481919400394,0.22273577749729156,92,57
0.0034971237182617188,positive,10.0,10.0,0.09505803138017654,-0.2093047946691513,0.014167875051498413,0.22376903891563416,92,59
0.0035829544067382812,positive,10.0,10.0,0.0827794075012207,-0.20977172255516052,0.029060998931527138,0.23413683474063873,92,61
0.00362396240234375,positive,10.0,10.0,0.0785839706659317,-0.40529659390449524,0.033743735402822495,0.535843014717102,92,62
0.003665447235107422,positive,10.0,10.0,0.07047804445028305,-0.21066495776176453,0.04446059837937355,0.2539805471897125,92,63
0.0038454532623291016,positive,10.0,10.0,0.045738235116004944,-0.2138005793094635,0.07831837236881256,0.32383957505226135,92,67
0.0038902759552001953,positive,10.0,10.0,0.04146222397685051,-0.019876090809702873,0.08479516208171844,0.05684658885002136,92,68
0.004078388214111328,positive,10.0,10.0,0.05532902106642723,0.3655688464641571,0.06922707706689835,-0.4240328371524811,92,72
0.0041351318359375,positive,10.0,10.0,0.06264039874076843,0.1695380061864853,0.06074642017483711,-0.11035438627004623,92,73
0.004189491271972656,positive,10.0,10.0,0.06603115797042847,-0.026399442926049232,0.05853933095932007,0.20085813105106354,92,74
0.0042362213134765625,positive,10.0,10.0,0.06550317257642746,0.16783854365348816,0.06255649775266647,-0.07279903441667557,92,75
0.004282951354980469,positive,10.0,10.0,0.06885994225740433,0.36201047897338867,0.061100516468286514,-0.3451076149940491,92,76
0.004328012466430664,positive,10.0,10.0,0.07610014826059341,0.1660749763250351,0.054198361933231354,-0.03380043804645538,92,77
0.0045206546783447266,positive,10.0,10.0,0.07368604093790054,0.16267062723636627,0.07694355398416519,0.04146431013941765,92,81
0.004669189453125,positive,10.0,10.0,0.09508242458105087,0.35446447134017944,0.06339000910520554,-0.17831675708293915,92,84
0.0047152042388916016,positive,10.0,10.0,0.10217171162366867,0.15849535167217255,0.05982367321848869,0.13367070257663727,92,85
0.004759311676025391,positive,10.0,10.0,0.10534162074327469,-0.037430230528116226,0.0624970868229866,0.4446110129356384,92,86
0.0048046112060546875,positive,10.0,10.0,0.10459301620721817,0.15675437450408936,0.07138931006193161,0.1722649484872818,92,87
0.0048503875732421875,positive,10.0,10.0,0.10772810131311417,-0.039312876760959625,0.07483460754156113,0.4865873456001282,92,88
0.004895687103271484,positive,10.0,10.0,0.10694184899330139,0.15467776358127594,0.08456635475158691,0.2183966338634491,92,89
0.004939079284667969,positive,10.0,10.0,0.11003540456295013,0.3484954237937927,0.0889342874288559,-0.04645805433392525,92,90
0.004982948303222656,positive,10.0,10.0,0.11700531095266342,0.5422370433807373,0.08800512552261353,-0.30980968475341797,92,91
0.0050258636474609375,positive,10.0,10.0,0.12785005569458008,0.34597861766815186,0.08180893212556839,0.00927878450602293,92,92
0.005069255828857422,positive,10.0,10.0,0.13476961851119995,0.5398378372192383,0.08199450373649597,-0.25651246309280396,92,93
0.00511479377746582,positive,10.0,10.0,0.14556637406349182,0.7336992025375366,0.07686425745487213,-0.5222482085227966,92,94
0.005162715911865234,positive,10.0,10.0,0.16024036705493927,0.5375843048095703,0.06641929596662521,-0.2063685804605484,92,95
0.005208492279052734,positive,10.0,10.0,0.17099204659461975,0.34157854318618774,0.06229192018508911,0.10650471597909927,92,96
0.0053098201751708984,positive,10.0,10.0,0.18073605000972748,0.339774489402771,0.07278545200824738,0.14647376537322998,92,98
0.005534172058105469,positive,10.0,10.0,0.22339528799057007,0.3356652855873108,0.06395401060581207,0.23719516396522522,92,102
0.005587100982666016,positive,10.0,10.0,0.2301086038351059,0.529818058013916,0.06869791448116302,-0.03464890271425247,92,103
0.005698204040527344,positive,10.0,10.0,0.2473805844783783,0.5278708934783936,0.07358280569314957,0.008410530164837837,92,105
0.00586247444152832,positive,10.0,10.0,0.2906925082206726,1.1099544763565063,0.057973068207502365,-0.7990386486053467,92,108
0.005970001220703125,positive,10.0,10.0,0.33897629380226135,1.1085841655731201,0.02053358405828476,-0.7673755884170532,92,110
0.0060193538665771484,positive,10.0,10.0,0.36114799976348877,1.3034175634384155,0.005186072550714016,-1.053527593612671,92,111
0.006069183349609375,positive,10.0,10.0,0.38721632957458496,1.108227252960205,-0.015884479507803917,-0.7592213153839111,92,112
0.006429910659790039,positive,10.0,10.0,0.4696044623851776,0.3307747542858124,-0.03380974382162094,0.3448287844657898,92,118
0.006612539291381836,positive,10.0,10.0,0.4933798611164093,0.527118444442749,-0.01956458017230034,0.024958647787570953,92,121
0.006669521331787109,positive,10.0,10.0,0.5039222240447998,0.3322824239730835,-0.019065406173467636,0.31140509247779846,92,122
0.006788730621337891,positive,10.0,10.0,0.5211213231086731,0.33273524045944214,-0.012581884860992432,0.3013761043548584,92,124
0.0070323944091796875,positive,10.0,10.0,0.5633661150932312,0.33327630162239075,-0.012246225029230118,0.28943684697151184,92,128
0.007088422775268555,positive,10.0,10.0,0.5700316429138184,0.5285707116127014,-0.006457488052546978,-0.007083126809448004,92,129
0.007330656051635742,positive,10.0,10.0,0.6279398798942566,0.5292937159538269,-0.030723683536052704,-0.0230416227132082,92,133
0.007582902908325195,positive,10.0,10.0,0.6547262668609619,0.14053726196289062,-0.010304720140993595,0.5295901894569397,92,137
0.007641315460205078,positive,10.0,10.0,0.657537043094635,0.3358026444911957,0.0002870833268389106,0.23367811739444733,92,138
0.00776219367980957,positive,10.0,10.0,0.6670666337013245,0.33572840690612793,0.015489676967263222,0.23533590137958527,92,140
0.007884740829467773,positive,10.0,10.0,0.6765889525413513,0.3352207541465759,0.03085367940366268,0.24661292135715485,92,142
0.00807046890258789,positive,10.0,10.0,0.6927722692489624,0.13851644098758698,0.052116647362709045,0.5747274160385132,92,145
0.008144855499267578,positive,10.0,10.0,0.6955426335334778,0.3328705132007599,0.06361119449138641,0.2989075183868408,92,146
0.008218050003051758,positive,10.0,10.0,0.7022000551223755,0.13690222799777985,0.06958934664726257,0.6109545230865479,92,147
0.008282184600830078,positive,10.0,10.0,0.7049380540847778,0.33098605275154114,0.0818084329366684,0.34097614884376526,92,148
0.008420705795288086,positive,10.0,10.0,0.7220548987388611,0.7186014652252197,0.09013137221336365,-0.18828637897968292,92,150
0.008773088455200195,positive,10.0,10.0,0.8014745712280273,0.5179204940795898,0.06499634683132172,0.2282821536064148,92,155
0.009047746658325195,positive,10.0,10.0,0.842789888381958,0.9036935567855835,0.08588135242462158,-0.2599586248397827,92,159
0.009248971939086914,positive,10.0,10.0,0.9008402228355408,0.7052801847457886,0.06604707986116409,0.10658469051122665,92,162
0.00931239128112793,positive,10.0,10.0,0.9149458408355713,0.5092769861221313,0.06817877292633057,0.4193522036075592,92,163
0.010004997253417969,positive,10.0,10.0,1.0819709300994873,0.8862911462783813,0.0781833603978157,0.1252884864807129,92,173
0.010069847106933594,positive,10.0,10.0,1.0996967554092407,0.6901412010192871,0.08068912476301193,0.4415770471096039,92,174
0.010144233703613281,positive,10.0,10.0,1.113499641418457,0.8840341567993164,0.08952067047357559,0.17538081109523773,92,175
0.010741710662841797,negative,10.0,-10.0,1.2715623378753662,1.0644077062606812,0.14476104080677032,0.20946434140205383,92,184
0.010800361633300781,negative,10.0,-10.0,1.2928504943847656,0.867544412612915,0.14895032346248627,0.5440817475318909,92,185
0.010859489440917969,negative,10.0,-10.0,1.3102014064788818,1.0602939128875732,0.1598319560289383,0.3017885088920593,92,186
0.010921001434326172,negative,10.0,-10.0,1.3314073085784912,1.2528197765350342,0.16586773097515106,0.06347136199474335,92,187
0.011232614517211914,negative,10.0,-10.0,1.4718044996261597,1.4362441301345825,0.15951593220233917,0.028264757245779037,92,192
0.011349201202392578,negative,10.0,-10.0,1.5253140926361084,1.0422452688217163,0.16741569340229034,0.7052953839302063,92,194
0.011404752731323242,negative,10.0,-10.0,1.546159029006958,0.8452481031417847,0.18152159452438354,1.0456503629684448,92,195
0.0005269050598144531,positive,10.0,10.0,-0.046006735414266586,-0.16611795127391815,-0.017008101567626,0.2558136582374573,93,1
0.0008590221405029297,positive,10.0,10.0,-0.059863071888685226,-0.360813170671463,0.0039034036453813314,0.5390356183052063,93,4
0.0009524822235107422,positive,10.0,10.0,-0.0670793354511261,-0.1657463163137436,0.014684116467833519,0.24758517742156982,93,5
0.0012865066528320312,positive,10.0,10.0,-0.08817601948976517,-0.16717533767223358,0.04691344127058983,0.27936169505119324,93,9
0.0013446807861328125,positive,10.0,10.0,-0.09151951968669891,-0.36293402314186096,0.05250067636370659,0.5864641666412354,93,10
0.0014650821685791016,positive,10.0,10.0,-0.10214991122484207,0.02556566335260868,0.07044537365436554,0.03901555389165878,93,12
0.001583099365234375,positive,10.0,10.0,-0.10504843294620514,0.023548608645796776,0.07828701287508011,0.08366616815328598,93,14
0.0017037391662597656,positive,10.0,10.0,-0.10022813826799393,0.4113583266735077,0.07629381120204926,-0.4497520625591278,93,16
0.0018818378448486328,positive,10.0,10.0,-0.08731154352426529,-0.1767575740814209,0.06820026785135269,0.4914510250091553,93,19
0.0019414424896240234,positive,10.0,10.0,-0.09084669500589371,0.01733941212296486,0.07802928239107132,0.22101770341396332,93,20
0.0019958019256591797,positive,10.0,10.0,-0.09049990773200989,0.21126434206962585,0.08244963735342026,-0.046067263931035995,93,21
0.0020515918731689453,positive,10.0,10.0,-0.08627461642026901,0.405113160610199,0.08152829110622406,-0.3116399943828583,93,22
0.0021028518676757812,positive,10.0,10.0,-0.07817235589027405,0.20893007516860962,0.07529549300670624,0.0055999672040343285,93,23
0.0021533966064453125,positive,10.0,10.0,-0.0739937573671341,0.4028959274291992,0.0754074901342392,-0.2624085247516632,93,24
0.0022635459899902344,positive,10.0,10.0,-0.05399853363633156,0.7909335494041443,0.05955159291625023,-0.800163209438324,93,26
0.0023145675659179688,positive,10.0,10.0,-0.03817986324429512,0.5950475335121155,0.043548326939344406,-0.48935720324516296,93,27
0.0024232864379882812,positive,10.0,10.0,-0.018292130902409554,0.20375075936317444,0.03009570762515068,0.11986548453569412,93,29
0.0024716854095458984,positive,10.0,10.0,-0.014217115938663483,0.008210835047066212,0.03249301761388779,0.42188936471939087,93,30
0.0025212764739990234,positive,10.0,10.0,-0.014052899554371834,0.20285773277282715,0.04093080386519432,0.13962440192699432,93,31
0.0025691986083984375,positive,10.0,10.0,-0.009995744563639164,0.39737027883529663,0.04372329264879227,-0.13986974954605103,93,32
0.0026934146881103516,positive,10.0,10.0,0.0019846661016345024,0.005967097356915474,0.04425150156021118,0.4715880751609802,93,34
0.002749204635620117,positive,10.0,10.0,0.0021040078718215227,0.20043699443340302,0.053683262318372726,0.19317446649074554,93,35
0.002864360809326172,positive,10.0,10.0,0.0062045445665717125,0.1988554447889328,0.06759270280599594,0.22829067707061768,93,37
0.0029158592224121094,positive,10.0,10.0,0.010181653313338757,0.0028359279967844486,0.07215851545333862,0.5415056347846985,93,38
0.0029659271240234375,positive,10.0,10.0,0.010238371789455414,0.19687344133853912,0.08298862725496292,0.2724030017852783,93,39
0.003182649612426758,positive,10.0,10.0,0.0141758406534791,0.3907192051410675,0.08843668550252914,0.007005706895142794,93,40
0.0033016204833984375,positive,10.0,10.0,0.033679600805044174,0.778221845626831,0.08344647288322449,-0.519999086856842,93,42
0.003406524658203125,positive,10.0,10.0,0.06088464707136154,0.7760358452796936,0.06900186091661453,-0.4710066318511963,93,44
0.0034554004669189453,positive,10.0,10.0,0.0764053612947464,0.5800105333328247,0.059581730514764786,-0.15739797055721283,93,45
0.003503084182739258,positive,10.0,10.0,0.08800557255744934,0.3840883672237396,0.056433770805597305,0.15347044169902802,93,46
0.0035495758056640625,positive,10.0,10.0,0.09568734467029572,0.18820568919181824,0.05950317904353142,0.463409423828125,93,47
0.0038166046142578125,positive,10.0,10.0,0.129922553896904,0.378022700548172,0.08672115206718445,0.2880597710609436,93,52
0.003978252410888672,positive,10.0,10.0,0.16422897577285767,0.9591695666313171,0.0881972685456276,-0.5001659393310547,93,55
0.004083871841430664,positive,10.0,10.0,0.19867080450057983,0.9568432569503784,0.0745730996131897,-0.4480697810649872,93,57
0.0041849613189697266,positive,10.0,10.0,0.2408243864774704,1.344990849494934,0.0512847974896431,-0.9876757264137268,93,59
0.004231691360473633,positive,10.0,10.0,0.2677241861820221,1.1492211818695068,0.031531285494565964,-0.6793360710144043,93,60
0.004277229309082031,positive,10.0,10.0,0.29070863127708435,1.3438912630081177,0.017944563180208206,-0.9619274139404297,93,61
0.004321575164794922,positive,10.0,10.0,0.3175864517688751,1.148532748222351,-0.0012939851731061935,-0.6636614799499512,93,62
0.004474639892578125,positive,10.0,10.0,0.3904055655002594,0.95411217212677,-0.04707586020231247,-0.3867967426776886,93,65
0.004628419876098633,positive,10.0,10.0,0.4359894394874573,0.37113192677497864,-0.053686629980802536,0.43974947929382324,93,68
0.004689931869506836,positive,10.0,10.0,0.44341209530830383,0.566970944404602,-0.04489164054393768,0.13063788414001465,93,69
0.004786968231201172,positive,10.0,10.0,0.46220189332962036,0.5682149529457092,-0.034102343022823334,0.1031203418970108,93,71
0.004976987838745117,positive,10.0,10.0,0.4843004643917084,-0.21080222725868225,0.008046034723520279,1.2413907051086426,93,75
0.005253791809082031,negative,10.0,-10.0,0.4627605676651001,-0.6055199503898621,0.15472380816936493,1.943395972251892,93,81
0.005297183990478516,negative,10.0,-10.0,0.450650155544281,-0.8019165396690369,0.19359172880649567,2.2797791957855225,93,82
0.00025343894958496094,positive,10.0,10.0,0.007489882409572601,-0.24148403108119965,-0.0204368457198143,0.280249685049057,94,1
0.0002942085266113281,positive,10.0,10.0,0.0026602018624544144,-0.4363085627555847,-0.014831853099167347,0.5664174556732178,94,2
0.00037598609924316406,positive,10.0,10.0,-0.018690356984734535,-0.826293408870697,0.0135843176394701,1.1459702253341675,94,4
0.0004279613494873047,positive,10.0,10.0,-0.03521622344851494,-1.0215901136398315,0.03650372475385666,1.4428819417953491,94,5
0.0006551742553710938,negative,10.0,-10.0,-0.11702843010425568,-0.6358263492584229,0.1541047990322113,0.9659856557846069,94,9
0.0008533000946044922,negative,10.0,-10.0,-0.1447942703962326,0.1331554502248764,0.20304886996746063,0.03950192406773567,94,13
0.0010423660278320312,negative,10.0,-10.0,-0.11113417148590088,0.5111793875694275,0.17951208353042603,-0.2819795310497284,94,17
0.0010762214660644531,negative,10.0,-10.0,-0.10091058909893036,0.703347384929657,0.17387250065803528,-0.5131060481071472,94,18
0.0011420249938964844,negative,10.0,-10.0,-0.07671847939491272,0.6987060904502869,0.16018901765346527,-0.40799811482429504,94,20
0.0015799999237060547,positive,10.0,10.0,0.12522923946380615,1.259873628616333,0.08883131295442581,-0.7503032684326172,94,33
0.0016107559204101562,positive,10.0,10.0,0.1504267156124115,1.0636461973190308,0.07382524758577347,-0.43104052543640137,94,34
0.0017161369323730469,positive,10.0,10.0,0.202482208609581,0.4756055772304535,0.06681370735168457,0.5083305239677429,94,37
0.0021212100982666016,positive,10.0,10.0,0.37053707242012024,1.2421716451644897,0.0837918072938919,-0.35772308707237244,94,47
0.0021524429321289062,positive,10.0,10.0,0.39538049697875977,1.0459645986557007,0.07663734257221222,-0.03983915224671364,94,48
0.0022649765014648438,positive,10.0,10.0,0.46197381615638733,0.8477439284324646,0.06985696405172348,0.32204437255859375,94,51
0.002295255661010742,positive,10.0,10.0,0.47892871499061584,0.6517003178596497,0.07629784941673279,0.6359137892723083,94,52
0.0023241043090820312,positive,10.0,10.0,0.4919627010822296,0.8456798791885376,0.08901612460613251,0.36820074915885925,94,53
0.0024919509887695312,positive,10.0,10.0,0.607464611530304,1.4240726232528687,0.08514229208230972,-0.35883671045303345,94,58
0.0025281906127929688,positive,10.0,10.0,0.6359460353851318,1.2278499603271484,0.07796555757522583,-0.04056740552186966,94,59
0.002558469772338867,positive,10.0,10.0,0.6605030298233032,1.4217723608016968,0.07715421169996262,-0.30766868591308594,94,60
0.0025870800018310547,positive,10.0,10.0,0.6889384984970093,1.2256406545639038,0.071000836789608,0.008314482867717743,94,61
0.002811908721923828,positive,10.0,10.0,0.8561499714851379,1.4120097160339355,0.0885370522737503,-0.09170137345790863,94,68
0.0028421878814697266,positive,10.0,10.0,0.8843901753425598,1.6057584285736084,0.08670302480459213,-0.3551902174949646,94,69
0.0028710365295410156,positive,10.0,10.0,0.9165053367614746,1.409517526626587,0.07959921658039093,-0.03647591173648834,94,70
0.0029926300048828125,positive,10.0,10.0,1.0049091577529907,1.6012672185897827,0.07307840883731842,-0.2553950548171997,94,73
0.00310516357421875,positive,10.0,10.0,1.1048252582550049,1.793519377708435,0.05327007919549942,-0.48486822843551636,94,76
0.0031795501708984375,positive,10.0,10.0,1.1726495027542114,1.792159914970398,0.0400550439953804,-0.4545084834098816,94,78
0.0032188892364501953,positive,10.0,10.0,1.208492636680603,1.986693263053894,0.030964873731136322,-0.7343014478683472,94,79
0.0033872127532958984,positive,10.0,10.0,1.351782202720642,1.9858720302581787,-0.0035378020256757736,-0.715647280216217,94,83
0.004582405090332031,positive,10.0,10.0,1.391499638557434,1.7907992601394653,-0.01785074733197689,-0.4240799844264984,94,84
0.005174160003662109,positive,10.0,10.0,1.4273157119750977,1.5959346294403076,-0.026332346722483635,-0.13707752525806427,94,85
0.005333900451660156,positive,10.0,10.0,1.459234356880188,1.4011995792388916,-0.029073897749185562,0.14718303084373474,94,86
0.005511760711669922,positive,10.0,10.0,1.5191928148269653,1.4019873142242432,-0.029220806434750557,0.12979774177074432,94,88
0.005665779113769531,positive,10.0,10.0,1.5791829824447632,1.4027843475341797,-0.03006402961909771,0.11220725625753403,94,90
0.005764961242675781,positive,10.0,10.0,1.6392050981521606,1.7938326597213745,-0.03161602467298508,-0.49113455414772034,94,92
0.005824089050292969,positive,10.0,10.0,1.675081729888916,1.5991705656051636,-0.041438717395067215,-0.20858098566532135,94,93
0.005895853042602539,positive,10.0,10.0,1.7070651054382324,1.7948598861694336,-0.04561033472418785,-0.514042317867279,94,94
0.0059490203857421875,positive,10.0,10.0,1.74296236038208,1.600408911705017,-0.05589118227362633,-0.23607409000396729,94,95
0.006048679351806641,positive,10.0,10.0,1.8030930757522583,1.2119253873825073,-0.05984329432249069,0.3114284574985504,94,97
0.0061321258544921875,positive,10.0,10.0,1.847685694694519,0.8233733177185059,-0.04192163795232773,0.8599777221679688,94,99
0.0062177181243896484,positive,10.0,10.0,1.8767300844192505,0.43405649065971375,-0.0019382823957130313,1.424018383026123,94,101
0.006287574768066406,positive,10.0,10.0,1.8901903629302979,0.04354245588183403,0.060863982886075974,2.016918182373047,94,103
0.006319761276245117,negative,10.0,-10.0,1.8910613059997559,-0.1521558314561844,0.1012023463845253,2.3278050422668457,94,104
0.006352901458740234,negative,10.0,-10.0,1.8880181312561035,-0.348038911819458,0.14775845408439636,2.6498289108276367,94,105
0.0006291866302490234,positive,10.0,10.0,-0.004275819286704063,-0.18436892330646515,0.014793644659221172,0.32188552618026733,95,1
0.0007281303405761719,positive,10.0,10.0,-0.00796319730579853,0.010539272800087929,0.021231355145573616,0.03390439972281456,95,2
0.0009665489196777344,positive,10.0,10.0,-0.011251568794250488,-0.1855970174074173,0.029523950070142746,0.3490751087665558,95,5
0.0010750293731689453,positive,10.0,10.0,-0.018512310460209846,0.008031786419451237,0.04521877318620682,0.08929851651191711,95,8
0.001142263412475586,positive,10.0,10.0,-0.022105839103460312,0.006716436240822077,0.05492270737886429,0.11839763075113297,95,10
0.0012111663818359375,positive,10.0,10.0,-0.02575446292757988,-0.3850322365760803,0.0658484548330307,0.7380689382553101,95,12
0.0012438297271728516,positive,10.0,10.0,-0.03345510736107826,-0.19087845087051392,0.08060983568429947,0.46681490540504456,95,13
0.0015785694122314453,positive,10.0,10.0,0.0011386978439986706,0.1840272843837738,0.0928230881690979,0.2192813605070114,95,23
0.0018112659454345703,positive,10.0,10.0,0.061443619430065155,0.7599515318870544,0.08347783237695694,-0.45320117473602295,95,30
0.0018477439880371094,positive,10.0,10.0,0.07664264738559723,0.5637544393539429,0.07441380620002747,-0.13541638851165771,95,31
0.0019283294677734375,positive,10.0,10.0,0.10307245701551437,0.5616742372512817,0.06363096088171005,-0.08932576328516006,95,33
0.001999378204345703,positive,10.0,10.0,0.12161995470523834,0.16975179314613342,0.06629913300275803,0.5342666506767273,95,35
0.0020313262939453125,positive,10.0,10.0,0.125014990568161,0.36388179659843445,0.0769844725728035,0.26318904757499695,95,36
0.0020623207092285156,positive,10.0,10.0,0.13229262828826904,0.5578253269195557,0.0822482481598854,-0.004253465682268143,95,37
0.002104043960571289,positive,10.0,10.0,0.14344912767410278,0.7516772747039795,0.08216317743062973,-0.26989471912384033,95,38
0.0022521018981933594,positive,10.0,10.0,0.20344804227352142,0.7472811341285706,0.06357287615537643,-0.17231187224388123,95,42
0.0023202896118164062,positive,10.0,10.0,0.22941985726356506,0.3553803563117981,0.06292122602462769,0.45075881481170654,95,44
0.002420663833618164,positive,10.0,10.0,0.26239025592803955,0.9375443458557129,0.0736955776810646,-0.35853323340415955,95,47
0.0024864673614501953,positive,10.0,10.0,0.30377206206321716,1.3256789445877075,0.053982947021722794,-0.8981103301048279,95,49
0.0025510787963867188,positive,10.0,10.0,0.3528830111026764,1.3244680166244507,0.024241557344794273,-0.87008136510849,95,51
0.0025818347930908203,positive,10.0,10.0,0.37937238812446594,1.129024863243103,0.006839930545538664,-0.5698764324188232,95,52
0.002612590789794922,positive,10.0,10.0,0.401952862739563,0.9338076114654541,-0.004557597450911999,-0.27504652738571167,95,53
0.002641916275024414,positive,10.0,10.0,0.42062902450561523,0.7387509942054749,-0.010058527812361717,0.016195453703403473,95,54
0.0026705265045166016,positive,10.0,10.0,0.4354040324687958,0.5437747240066528,-0.009734618477523327,0.30568790435791016,95,55
0.0028183460235595703,positive,10.0,10.0,0.47110921144485474,0.5436449646949768,0.026249069720506668,0.30860793590545654,95,59
0.0028519630432128906,positive,10.0,10.0,0.48198211193084717,0.3481590449810028,0.03242122754454613,0.6094521880149841,95,60
0.0028846263885498047,positive,10.0,10.0,0.4889453053474426,0.5428131222724915,0.04461027309298515,0.32715466618537903,95,61
0.0029211044311523438,positive,10.0,10.0,0.4998015761375427,0.3470853865146637,0.05115336552262306,0.6335652470588684,95,62
0.0029566287994384766,positive,10.0,10.0,0.5067432522773743,0.5414578318595886,0.06382466852664948,0.3574204742908478,95,63
0.002989053726196289,positive,10.0,10.0,0.5175724029541016,0.3454893231391907,0.07097307592630386,0.6695264577865601,95,64
0.003020048141479492,positive,10.0,10.0,0.5244821906089783,0.5395564436912537,0.08436360955238342,0.4000072181224823,95,65
0.0030510425567626953,positive,10.0,10.0,0.5352733731269836,0.7333866357803345,0.09236375242471695,0.13506938517093658,95,66
0.0031189918518066406,positive,10.0,10.0,0.568482518196106,1.120713233947754,0.09252304583787918,-0.3883470892906189,95,68
0.003149747848510742,positive,10.0,10.0,0.5908967852592468,0.9244080781936646,0.08475610613822937,-0.06798592209815979,95,69
0.003213167190551758,positive,10.0,10.0,0.6317493319511414,0.9220152497291565,0.07674098014831543,-0.014997354708611965,95,71
0.003490924835205078,positive,10.0,10.0,0.8567933440208435,1.6975150108337402,-0.031231362372636795,-1.0759329795837402,95,79
0.0035250186920166016,positive,10.0,10.0,0.890743613243103,1.502819299697876,-0.05275002121925354,-0.793212354183197,95,80
0.0035588741302490234,positive,10.0,10.0,0.9208000302314758,1.6986241340637207,-0.06861426681280136,-1.1020123958587646,95,81
0.0037670135498046875,negative,10.0,-10.0,1.0821096897125244,1.3174238204956055,-0.14545276761054993,-0.7211845517158508,95,87
0.003797769546508789,negative,10.0,-10.0,1.108458161354065,1.1245814561843872,-0.15987646579742432,-0.4775879681110382,95,88
0.003827333450317383,negative,10.0,-10.0,1.1309497356414795,1.321556806564331,-0.16942821443080902,-0.81608647108078,95,89
0.0038573741912841797,negative,10.0,-10.0,1.1573809385299683,1.5185428857803345,-0.18574994802474976,-1.1569088697433472,95,90
0.0038864612579345703,negative,10.0,-10.0,1.1877517700195312,1.3262628316879272,-0.20888812839984894,-0.9277469515800476,95,91
0.0005371570587158203,positive,10.0,10.0,-0.035405345261096954,-0.04209289699792862,-0.013837583363056183,-0.005854880902916193,96,2
0.0006079673767089844,positive,10.0,10.0,-0.03624720498919487,-0.23701369762420654,-0.013954680413007736,0.2824302017688751,96,3
0.0007371902465820312,positive,10.0,10.0,-0.04962615296244621,-0.6269383430480957,0.0031075116712599993,0.8607341051101685,96,5
0.0007965564727783203,positive,10.0,10.0,-0.062164921313524246,-0.8221024870872498,0.020322194322943687,1.1543924808502197,96,6
0.0008635520935058594,positive,10.0,10.0,-0.0786069706082344,-1.0174834728240967,0.0434100441634655,1.4533778429031372,96,7
0.0009171962738037109,positive,10.0,10.0,-0.0989566370844841,-0.8229206800460815,0.07247760146856308,1.1745671033859253,96,8
0.001087188720703125,negative,10.0,-10.0,-0.14250117540359497,0.14432494342327118,0.1375531107187271,-0.10770343244075775,96,13
0.0011548995971679688,negative,10.0,-10.0,-0.14066413044929504,0.14048054814338684,0.1398993879556656,-0.022077137604355812,96,15
0.0011866092681884766,negative,10.0,-10.0,-0.13785451650619507,0.333347886800766,0.1394578516483307,-0.26755526661872864,96,16
0.00164794921875,positive,10.0,10.0,-0.012413746677339077,0.7025889158248901,0.07877709716558456,-0.3882707953453064,96,30
0.0016789436340332031,positive,10.0,10.0,0.0016380313318222761,0.5064423084259033,0.07101167738437653,-0.07182683795690536,96,31
0.0017535686492919922,positive,10.0,10.0,0.017974436283111572,0.11433470249176025,0.0744229108095169,0.5561803579330444,96,33
0.0018229484558105469,positive,10.0,10.0,0.026427874341607094,0.5021416544914246,0.09130336344242096,0.02331870049238205,96,35
0.001922607421875,positive,10.0,10.0,0.0681784376502037,0.6933095455169678,0.07695332914590836,-0.1828233152627945,96,38
0.0019538402557373047,positive,10.0,10.0,0.08204463124275208,0.8872508406639099,0.07329686731100082,-0.45027241110801697,96,39
0.0019843578338623047,positive,10.0,10.0,0.09978964924812317,0.6911728978157043,0.06429141759872437,-0.1354151964187622,96,40
0.0020492076873779297,positive,10.0,10.0,0.12351693958044052,0.29924505949020386,0.06511987000703812,0.48829469084739685,96,42
0.0020813941955566406,positive,10.0,10.0,0.1295018494129181,0.4933907091617584,0.0748857632279396,0.21682517230510712,96,43
0.0021483898162841797,positive,10.0,10.0,0.15311698615550995,0.8812685608863831,0.0781957134604454,-0.31800106167793274,96,45
0.002179384231567383,positive,10.0,10.0,0.17074236273765564,0.6851249933242798,0.07183569669723511,-0.0017186796758323908,96,46
0.0022444725036621094,positive,10.0,10.0,0.2020278126001358,1.0731749534606934,0.06638332456350327,-0.54010009765625,96,48
0.0023429393768310547,positive,10.0,10.0,0.25466132164001465,0.48550036549568176,0.05268455296754837,0.3907610774040222,96,51
0.003278017044067383,positive,10.0,10.0,0.6980654001235962,1.2298051118850708,0.09244390577077866,0.017681576311588287,96,75
0.0034132003784179688,positive,10.0,10.0,0.8118932247161865,1.6148549318313599,0.07402937859296799,-0.45462119579315186,96,79
0.0034444332122802734,positive,10.0,10.0,0.8441902995109558,1.4187686443328857,0.06493695825338364,-0.13955248892307281,96,80
0.003477334976196289,positive,10.0,10.0,0.8725656867027283,1.222779631614685,0.0621459074318409,0.17288945615291595,96,81
0.003506898880004883,positive,10.0,10.0,0.8970212936401367,1.0268257856369019,0.06560369580984116,0.4845118820667267,96,82
0.0035364627838134766,positive,10.0,10.0,0.9175577759742737,0.8308423161506653,0.07529393583536148,0.7971283793449402,96,83
0.003564596176147461,positive,10.0,10.0,0.934174656867981,1.0248547792434692,0.09123650193214417,0.5290496349334717,96,84
0.003776073455810547,positive,10.0,10.0,1.1152271032333374,2.186272382736206,0.07687125355005264,-1.0275980234146118,96,90
0.0038475990295410156,positive,10.0,10.0,1.1987569332122803,2.1845147609710693,0.04208321124315262,-0.9862409830093384,96,92
0.0038793087005615234,positive,10.0,10.0,1.2424472570419312,1.988855242729187,0.02235838957130909,-0.6806427240371704,96,93
0.003909111022949219,positive,10.0,10.0,1.2822242975234985,1.793429970741272,0.008745535276830196,-0.38100531697273254,96,94
0.00393986701965332,positive,10.0,10.0,1.318092942237854,1.5981849431991577,0.0011254288256168365,-0.0855778157711029,96,95
0.0039691925048828125,positive,10.0,10.0,1.3500566482543945,1.40304696559906,-0.000586127454880625,0.2074599713087082,96,96
0.004100799560546875,positive,10.0,10.0,1.4779080152511597,1.7933026552200317,-0.007358316797763109,-0.37816813588142395,96,100
0.0041980743408203125,positive,10.0,10.0,1.5894169807434082,1.5989092588424683,-0.0360892079770565,-0.10161442309617996,96,103
0.004360198974609375,positive,10.0,10.0,1.7103877067565918,0.6254052519798279,0.010017081163823605,1.3154562711715698,96,108
0.004389286041259766,positive,10.0,10.0,1.7228957414627075,0.43015801906585693,0.03632620722055435,1.6112574338912964,96,109
0.0005352497100830078,positive,10.0,10.0,0.014283273369073868,-0.18665795028209686,0.018538247793912888,0.25569117069244385,97,5
0.0005853176116943359,positive,10.0,10.0,0.010550114326179028,-0.3820396065711975,0.02365207113325596,0.5541632175445557,97,6
0.0006289482116699219,positive,10.0,10.0,0.002909321803599596,-0.18725761771202087,0.034735336899757385,0.269025057554245,97,7
0.0006694793701171875,positive,10.0,10.0,-0.0008358307532034814,-0.38285762071609497,0.040115837007761,0.5724582076072693,97,8
0.0007703304290771484,positive,10.0,10.0,-0.012259392067790031,-0.38413822650909424,0.05741856247186661,0.6011677384376526,97,10
0.0008106231689453125,positive,10.0,10.0,-0.019942156970500946,-0.18986451625823975,0.06944191455841064,0.3271091878414154,97,11
0.0008511543273925781,positive,10.0,10.0,-0.023739445954561234,0.004203613847494125,0.07598410546779633,0.05710811913013458,97,12
0.0008895397186279297,positive,10.0,10.0,-0.023655373603105545,0.19815848767757416,0.07712626457214355,-0.21066690981388092,97,13
0.0009207725524902344,positive,10.0,10.0,-0.019692204892635345,0.3920978009700775,0.07291292399168015,-0.47805842757225037,97,14
0.000988006591796875,positive,10.0,10.0,-0.007929722778499126,5.730490738642402e-05,0.06008545309305191,0.1486615687608719,97,16
0.0010535717010498047,positive,10.0,10.0,-0.011846003122627735,-0.001694735256023705,0.07225225865840912,0.1875196397304535,97,18
0.0010848045349121094,positive,10.0,10.0,-0.01187989767640829,0.19232310354709625,0.07600264996290207,-0.08152412623167038,97,19
0.0011143684387207031,positive,10.0,10.0,-0.00803343579173088,0.3862779438495636,0.07437217235565186,-0.34929323196411133,97,20
0.0011794567108154297,positive,10.0,10.0,0.003495750715956092,-0.005838966928422451,0.06670398265123367,0.2790435254573822,97,22
0.0012776851654052734,positive,10.0,10.0,-0.0008140755235217512,0.18602317571640015,0.09058339148759842,0.057917945086956024,97,25
0.0013763904571533203,positive,10.0,10.0,0.021969852969050407,0.37719202041625977,0.07829923927783966,-0.14828820526599884,97,28
0.0015282630920410156,positive,10.0,10.0,0.040935903787612915,0.37500616908073425,0.06702791154384613,-0.09982897341251373,97,30
0.0016741752624511719,positive,10.0,10.0,0.055217575281858444,0.3709813356399536,0.0849221870303154,-0.010855854488909245,97,34
0.001817941665649414,positive,10.0,10.0,0.10035444796085358,0.36643698811531067,0.06390861421823502,0.0896001085639,97,38
0.0018587112426757812,positive,10.0,10.0,0.10768318921327591,0.17045998573303223,0.06570061296224594,0.4017418622970581,97,39
0.0019631385803222656,positive,10.0,10.0,0.12955589592456818,0.7525341510772705,0.07358365505933762,-0.40571877360343933,97,42
0.0020444393157958984,positive,10.0,10.0,0.155735582113266,0.3604537844657898,0.06365378946065903,0.22182433307170868,97,44
0.002079486846923828,positive,10.0,10.0,0.16294465959072113,0.1644824892282486,0.0680902749300003,0.5338875651359558,97,45
0.0021126270294189453,positive,10.0,10.0,0.1662343144416809,0.35858410596847534,0.07876802980899811,0.26341283321380615,97,46
0.0023238658905029297,positive,10.0,10.0,0.23621104657649994,0.7413009405136108,0.07746049761772156,-0.15719717741012573,97,52
0.002405405044555664,positive,10.0,10.0,0.2697417438030243,1.129228115081787,0.06582709401845932,-0.6928330063819885,97,54
0.002542734146118164,positive,10.0,10.0,0.33657437562942505,0.3460005223751068,0.04763105884194374,0.5406861901283264,97,58
0.0026099681854248047,positive,10.0,10.0,0.3543028235435486,0.3445163667201996,0.06371244788169861,0.5739126801490784,97,60
0.002640962600708008,positive,10.0,10.0,0.36119315028190613,0.538689911365509,0.0751907080411911,0.30196207761764526,97,61
0.0027077198028564453,positive,10.0,10.0,0.3866202235221863,0.9265329837799072,0.08190810680389404,-0.23208095133304596,97,63
0.0027403831481933594,positive,10.0,10.0,0.4051508903503418,1.1203948259353638,0.07726648449897766,-0.49784475564956665,97,64
0.002771615982055664,positive,10.0,10.0,0.4275587797164917,0.9242733716964722,0.06730959564447403,-0.181846484541893,97,65
0.002801179885864258,positive,10.0,10.0,0.44604426622390747,0.7282560467720032,0.06367266178131104,0.13128773868083954,97,66
0.0028672218322753906,positive,10.0,10.0,0.47125503420829773,0.336288183927536,0.07516560703516006,0.7561825513839722,97,68
0.002897977828979492,positive,10.0,10.0,0.4779807925224304,0.5302980542182922,0.09028925746679306,0.4880673289299011,97,69
0.0031311511993408203,positive,10.0,10.0,0.6101346611976624,1.105499029159546,0.08428433537483215,-0.16821829974651337,97,76
0.003165006637573242,positive,10.0,10.0,0.6322446465492249,1.2993197441101074,0.08091997355222702,-0.43316707015037537,97,77
0.0033016204833984375,positive,10.0,10.0,0.7360619902610779,1.685433030128479,0.04913151636719704,-0.9274473786354065,97,81
0.0033330917358398438,positive,10.0,10.0,0.7697706818580627,1.4896833896636963,0.030582569539546967,-0.6197383403778076,97,82
0.0033729076385498047,positive,10.0,10.0,0.7995643615722656,1.684365153312683,0.01818780228495598,-0.9026345610618591,97,83
0.0034401416778564453,positive,10.0,10.0,0.8630316853523254,1.2938777208328247,-0.011950706131756306,-0.3115653097629547,97,85
0.003637552261352539,positive,10.0,10.0,1.0457193851470947,1.2974262237548828,-0.09271323680877686,-0.3913593292236328,97,91
0.0002512931823730469,positive,10.0,10.0,-0.022721048444509506,-0.04101621359586716,0.011387985199689865,0.026056930422782898,98,0
0.0004506111145019531,positive,10.0,10.0,-0.02826736494898796,-0.04134925454854965,0.018355345353484154,0.03340742737054825,98,2
0.0006659030914306641,positive,10.0,10.0,-0.03466661274433136,-0.237363800406456,0.026564007624983788,0.34586817026138306,98,5
0.0009546279907226562,negative,10.0,-10.0,-0.12184528261423111,-1.0225105285644531,0.15970617532730103,1.6361820697784424,98,11
0.00043964385986328125,positive,10.0,10.0,0.007606822066009045,-0.20390008389949799,-0.01994413509964943,0.2821418046951294,99,1
0.0005877017974853516,positive,10.0,10.0,-0.0044458182528615,-0.20341235399246216,-0.002931933617219329,0.27131444215774536,99,3
0.0006475448608398438,positive,10.0,10.0,-0.00851406529545784,-0.00824869517236948,0.002494355197995901,-0.02229178510606289,99,4
0.0008141994476318359,positive,10.0,10.0,-0.020718315616250038,-0.2035411298274994,0.018762169405817986,0.2741858661174774,99,7
0.0008466243743896484,positive,10.0,10.0,-0.02478913776576519,-0.008691836148500443,0.024245887994766235,-0.012520868331193924,99,8
0.0008780956268310547,positive,10.0,10.0,-0.024962974712252617,-0.20415295660495758,0.023995470255613327,0.2877122461795807,99,9
0.0009462833404541016,positive,10.0,10.0,-0.02923365868628025,0.18530166149139404,0.029803570359945297,-0.2804572582244873,99,11
0.000978708267211914,positive,10.0,10.0,-0.025527626276016235,-0.010232464410364628,0.024194424971938133,0.021474633365869522,99,12
0.0010089874267578125,positive,10.0,10.0,-0.02573227509856224,-0.20569288730621338,0.024623919278383255,0.32169193029403687,99,13
0.0010383129119873047,positive,10.0,10.0,-0.029846133664250374,-0.010930085554718971,0.031057756394147873,0.03687498718500137,99,14
0.0010673999786376953,positive,10.0,10.0,-0.03006473369896412,-0.20648331940174103,0.031795255839824677,0.3391928970813751,99,15
0.001096963882446289,positive,10.0,10.0,-0.034194402396678925,-0.011827882379293442,0.03857911378145218,0.05670354515314102,99,16
0.0011627674102783203,positive,10.0,10.0,-0.03858058154582977,-0.012945524416863918,0.04693927615880966,0.08140376210212708,99,18
0.0011935234069824219,positive,10.0,10.0,-0.038839492946863174,-0.20870782434940338,0.04856735095381737,0.3885188698768616,99,19
0.0012581348419189453,positive,10.0,10.0,-0.043299801647663116,-0.21018975973129272,0.05856844037771225,0.42144715785980225,99,21
0.001321554183959961,positive,10.0,10.0,-0.047822486609220505,-0.2119586169719696,0.06995314359664917,0.4608321785926819,99,23
0.0014503002166748047,positive,10.0,10.0,-0.041502129286527634,0.1736730933189392,0.07465378195047379,-0.023868514224886894,99,27
0.0014801025390625,positive,10.0,10.0,-0.038028668612241745,0.36764946579933167,0.07417640835046768,-0.29209479689598083,99,28
0.0015482902526855469,positive,10.0,10.0,-0.027244627475738525,-0.024479422718286514,0.0687950998544693,0.336465984582901,99,30
0.0015804767608642578,positive,10.0,10.0,-0.027734216302633286,-0.22050951421260834,0.07552441954612732,0.6500253677368164,99,31
0.0016109943389892578,positive,10.0,10.0,-0.03214440494775772,-0.02651628851890564,0.08852493017911911,0.3820481300354004,99,32
0.0017809867858886719,positive,10.0,10.0,-0.003861337434500456,0.551872968673706,0.08602050691843033,-0.34491047263145447,99,37
0.0018124580383300781,positive,10.0,10.0,0.0071761212311685085,0.35563936829566956,0.07912229746580124,-0.026389604434370995,99,38
0.0018427371978759766,positive,10.0,10.0,0.014288908801972866,0.5495427250862122,0.07859450578689575,-0.29309701919555664,99,39
0.0018892288208007812,positive,10.0,10.0,0.025279764086008072,0.3533933162689209,0.07273256778717041,0.02330186404287815,99,40
0.001959562301635742,positive,10.0,10.0,0.03549378365278244,0.3513158857822418,0.0799589455127716,0.06928534060716629,99,42
0.002124786376953125,positive,10.0,10.0,0.08600317686796188,0.1509302258491516,0.06852559000253677,0.4788447618484497,99,47
0.0021903514862060547,positive,10.0,10.0,0.0881200060248375,0.14887894690036774,0.09394876658916473,0.525188148021698,99,49
0.0024538040161132812,positive,10.0,10.0,0.18912005424499512,0.917626142501831,0.07965297251939774,-0.3900735676288605,99,57
0.002616405487060547,positive,10.0,10.0,0.2728797197341919,0.3279415965080261,0.05678296089172363,0.5853857398033142,99,62
0.002778768539428711,positive,10.0,10.0,0.32889652252197266,0.9080148339271545,0.08441344648599625,-0.17736341059207916,99,67
0.0028095245361328125,positive,10.0,10.0,0.3470568060874939,1.101833701133728,0.08086618036031723,-0.44226840138435364,99,68
0.002874135971069336,positive,10.0,10.0,0.3872067928314209,1.0996863842010498,0.06951621174812317,-0.39434996247291565,99,70
0.0029044151306152344,positive,10.0,10.0,0.409200519323349,0.9036503434181213,0.06162921339273453,-0.08058492094278336,99,71
0.002968311309814453,positive,10.0,10.0,0.44923028349876404,0.901915431022644,0.05295342206954956,-0.042216602712869644,99,73
0.002997159957885742,positive,10.0,10.0,0.46726858615875244,0.7060757279396057,0.052109092473983765,0.26669225096702576,99,74
0.0030603408813476562,positive,10.0,10.0,0.4915951192378998,0.31437212228775024,0.06894983351230621,0.8855563998222351,99,76
0.0031888484954833984,negative,10.0,-10.0,0.5088131427764893,-0.08065801113843918,0.1545400768518448,1.5903146266937256,99,80
0.00023365020751953125,positive,10.0,10.0,-0.026244232431054115,-0.020636476576328278,-0.034279607236385345,0.0076684169471263885,100,0
0.0003361701965332031,positive,10.0,10.0,-0.02665696293115616,-0.21525046229362488,-0.03412623703479767,0.28934168815612793,100,1
0.0004088878631591797,positive,10.0,10.0,-0.03096197172999382,-0.019658925011754036,-0.028339404612779617,-0.013905986212193966,100,2
0.0006558895111083984,positive,10.0,10.0,-0.0438237227499485,-0.21362511813640594,-0.012158999219536781,0.2533153295516968,100,5
0.0008511543273925781,positive,10.0,10.0,-0.052729882299900055,-0.408358633518219,-0.0030110713560134172,0.5374216437339783,100,8
0.0010390281677246094,positive,10.0,10.0,-0.07332946360111237,-0.21348369121551514,0.02339128777384758,0.25022274255752563,100,11
0.0010991096496582031,positive,10.0,10.0,-0.07759913802146912,-0.4089317321777344,0.028395744040608406,0.5501910448074341,100,12
0.0011582374572753906,positive,10.0,10.0,-0.08577777445316315,-0.21421989798545837,0.039399564266204834,0.2665882408618927,100,13
0.0012164115905761719,positive,10.0,10.0,-0.09006217122077942,-0.4098813831806183,0.04473133012652397,0.5714331269264221,100,14
0.0014064311981201172,positive,10.0,10.0,-0.10299080610275269,-0.2170902043581009,0.06239772215485573,0.3303046226501465,100,17
0.0014655590057373047,positive,10.0,10.0,-0.10733260959386826,-0.02290942333638668,0.06900381296873093,0.05793331563472748,100,18
0.0017161369323730469,positive,10.0,10.0,-0.11708828806877136,-0.027125496417284012,0.08798830211162567,0.15136821568012238,100,22
0.001903533935546875,positive,10.0,10.0,-0.10709129273891449,0.16407811641693115,0.0812704786658287,-0.05564853549003601,100,25
0.0019598007202148438,positive,10.0,10.0,-0.10380972921848297,0.35794639587402344,0.08015751093626022,-0.32162392139434814,100,26
0.0020165443420410156,positive,10.0,10.0,-0.09665080159902573,0.16177991032600403,0.07372502982616425,-0.00477789668366313,100,27
0.0023641586303710938,positive,10.0,10.0,-0.06507185846567154,-0.03796997666358948,0.054387349635362625,0.3905060887336731,100,32
0.0024261474609375,positive,10.0,10.0,-0.065831258893013,-0.23381994664669037,0.06219746917486191,0.6998286843299866,100,33
0.0026111602783203125,positive,10.0,10.0,-0.06821288168430328,0.348164826631546,0.08793379366397858,-0.10516011714935303,100,36
0.0026679039001464844,positive,10.0,10.0,-0.06124958395957947,0.5419237613677979,0.08583059161901474,-0.36885637044906616,100,37
0.0027921199798583984,positive,10.0,10.0,-0.0434972308576107,0.5396082997322083,0.0774456337094307,-0.317327082157135,100,39
0.0028486251831054688,positive,10.0,10.0,-0.032705068588256836,0.3434735834598541,0.07109908759593964,-0.0012606335803866386,100,40
0.00308990478515625,positive,10.0,10.0,-0.005350821651518345,0.7293039560317993,0.07372842729091644,-0.4908103048801422,100,44
0.0032694339752197266,positive,10.0,10.0,0.026644691824913025,0.14131532609462738,0.0631217435002327,0.4474170207977295,100,47
0.003325939178466797,positive,10.0,10.0,0.02947099693119526,0.3354901969432831,0.07207008451223373,0.17528022825717926,100,48
0.0033807754516601562,positive,10.0,10.0,0.036180801689624786,0.5295106768608093,0.07557568699121475,-0.09382473677396774,100,49
0.003435373306274414,positive,10.0,10.0,0.04677101597189903,0.7234726548194885,0.07369919121265411,-0.36173906922340393,100,50
0.0034906864166259766,positive,10.0,10.0,0.06124046817421913,0.5273847579956055,0.06646440923213959,-0.04675770550966263,100,51
0.003543853759765625,positive,10.0,10.0,0.07178816199302673,0.3313758075237274,0.06552925705909729,0.2661326825618744,100,52
0.003719329833984375,positive,10.0,10.0,0.08771221339702606,0.5233007073402405,0.08861066401004791,0.04360289126634598,100,55
0.0038340091705322266,positive,10.0,10.0,0.11251918226480484,0.9107840657234192,0.08508552610874176,-0.4830290675163269,100,57
0.003886699676513672,positive,10.0,10.0,0.1307348608970642,0.7145708203315735,0.07542494684457779,-0.1647888869047165,100,58
0.003938913345336914,positive,10.0,10.0,0.1450262814760208,0.9085365533828735,0.07212916761636734,-0.4327563941478729,100,59
0.003990650177001953,positive,10.0,10.0,0.16319701075553894,0.7124714255332947,0.06347403675317764,-0.11823581904172897,100,60
0.0040435791015625,positive,10.0,10.0,0.17744643986225128,0.5165001749992371,0.06110932305455208,0.193777933716774,100,61
0.004094600677490234,positive,10.0,10.0,0.18777644634246826,0.32055971026420593,0.06498488038778305,0.5050949454307556,100,62
0.00423741340637207,positive,10.0,10.0,0.2044818103313446,0.7086818218231201,0.07975835353136063,-0.034506767988204956,100,64
0.0043604373931884766,positive,10.0,10.0,0.23670694231987,0.7064201235771179,0.07304826378822327,0.0155370207503438,100,66
0.004420757293701172,positive,10.0,10.0,0.2508353292942047,0.9004225730895996,0.07335900515317917,-0.25323352217674255,100,67
0.00447845458984375,positive,10.0,10.0,0.26884379982948303,1.0944246053695679,0.06829433143138885,-0.5219056010246277,100,68
0.004599571228027344,positive,10.0,10.0,0.3087005019187927,0.7025116682052612,0.05368606373667717,0.10184982419013977,100,70
0.004660844802856445,positive,10.0,10.0,0.3227507472038269,0.5066630840301514,0.05572305992245674,0.4109756052494049,100,71
0.00478672981262207,positive,10.0,10.0,0.3469030559062958,0.5049758553504944,0.06666992604732513,0.44851845502853394,100,73
0.0054819583892822266,positive,10.0,10.0,0.5130681395530701,1.271880865097046,0.08251827955245972,-0.4251386225223541,100,83
0.0056116580963134766,positive,10.0,10.0,0.5600196719169617,1.2696805000305176,0.07186300307512283,-0.3760691285133362,100,85
0.0056705474853515625,positive,10.0,10.0,0.5854132771492004,1.073615312576294,0.06434162706136703,-0.06162092462182045,100,86
0.0057277679443359375,positive,10.0,10.0,0.606885552406311,0.8776326775550842,0.06310920417308807,0.2506481111049652,100,87
0.005854606628417969,positive,10.0,10.0,0.638071596622467,0.8757721781730652,0.07937317341566086,0.2920832633972168,100,89
0.005912303924560547,positive,10.0,10.0,0.6555870175361633,1.0696779489517212,0.08521483838558197,0.025451535359025,100,90
0.006035566329956055,positive,10.0,10.0,0.6944494843482971,1.0672483444213867,0.09259901940822601,0.07929016649723053,100,92
0.0062465667724609375,positive,10.0,10.0,0.7701047658920288,1.2583078145980835,0.0816418007016182,-0.12455873936414719,100,95
0.006310462951660156,positive,10.0,10.0,0.7952709197998047,1.452170968055725,0.07915062457323074,-0.39040887355804443,100,96
0.006499767303466797,positive,10.0,10.0,0.8706337809562683,0.8639049530029297,0.07467436045408249,0.554330050945282,100,99
0.006559610366821289,positive,10.0,10.0,0.887911856174469,1.0579032897949219,0.08576096594333649,0.2860773801803589,100,100
0.0066204071044921875,positive,10.0,10.0,0.9090699553489685,1.2517040967941284,0.09148251265287399,0.021627342328429222,100,101
0.006746053695678711,positive,10.0,10.0,0.9630120992660522,1.6391000747680664,0.08709809929132462,-0.5031818747520447,100,103
0.006803989410400391,positive,10.0,10.0,0.9957940578460693,1.4428654909133911,0.07703446596860886,-0.1843712329864502,100,104
0.006992816925048828,positive,10.0,10.0,1.0862020254135132,1.6348717212677002,0.061572760343551636,-0.4086417555809021,100,107
0.007115840911865234,positive,10.0,10.0,1.1476781368255615,1.6332508325576782,0.05145592242479324,-0.372568815946579,100,109
0.007559299468994141,positive,10.0,10.0,1.3721845149993896,1.4348549842834473,0.01062978059053421,-0.007096264511346817,100,116
0.007684230804443359,positive,10.0,10.0,1.4334779977798462,1.4345530271530151,0.004559725057333708,-0.00043441742309369147,100,118
0.008131742477416992,positive,10.0,10.0,1.6538218259811401,1.6299630403518677,-0.024641526862978935,-0.29954028129577637,100,125
0.008348464965820312,positive,10.0,10.0,1.7477400302886963,1.4360802173614502,-0.03726527839899063,-0.034146327525377274,100,128
0.008664846420288086,positive,10.0,10.0,1.8524272441864014,0.46246445178985596,0.01559887733310461,1.385354995727539,100,133
0.00872349739074707,positive,10.0,10.0,1.8616764545440674,0.26715150475502014,0.043305978178977966,1.6828746795654297,100,134
0.00897526741027832,negative,10.0,-10.0,1.8829543590545654,0.2627834677696228,0.1804875135421753,1.8024743795394897,100,138
0.0002510547637939453,positive,10.0,10.0,-0.002409758046269417,0.022707127034664154,-0.04369089752435684,-0.0004827605152968317,101,0
0.0003674030303955078,positive,10.0,10.0,-0.001955615356564522,-0.1717618852853775,-0.043700553476810455,0.2781013548374176,101,1
0.0004558563232421875,positive,10.0,10.0,-0.005390853155404329,-0.36623403429985046,-0.03813852369785309,0.5566872358322144,101,2
0.0008404254913330078,positive,10.0,10.0,-0.026831984519958496,0.02538023330271244,-0.006499230861663818,-0.059445179998874664,101,6
0.0009160041809082031,positive,10.0,10.0,-0.026324380189180374,-0.1696479320526123,-0.00768813444301486,0.2311801314353943,101,7
0.0009877681732177734,positive,10.0,10.0,-0.02971733920276165,0.02558302879333496,-0.003064531832933426,-0.06391794234514236,101,8
0.0010616779327392578,positive,10.0,10.0,-0.029205678030848503,-0.1694948524236679,-0.004342890810221434,0.2277965247631073,101,9
0.0012080669403076172,positive,10.0,10.0,-0.03988666459918022,-0.169435515999794,0.010595167987048626,0.22649060189723969,101,11
0.0013539791107177734,positive,10.0,10.0,-0.05056951940059662,-0.16980144381523132,0.02557491511106491,0.23461797833442688,101,13
0.002562284469604492,positive,10.0,10.0,-0.06808894127607346,0.5920084118843079,0.09081843495368958,-0.5266971588134766,101,29
0.0027837753295898438,positive,10.0,10.0,-0.036541663110256195,0.3935112953186035,0.0666847825050354,-0.1574723869562149,101,32
0.002848386764526367,positive,10.0,10.0,-0.02867143787443638,0.19750110805034637,0.06353533267974854,0.15548020601272583,101,33
0.0029108524322509766,positive,10.0,10.0,-0.02472141571342945,0.0015297173522412777,0.06664493680000305,0.46751099824905396,101,34
0.0030448436737060547,positive,10.0,10.0,-0.02077782340347767,0.3896072208881378,0.07992628216743469,-0.07121897488832474,101,36
0.0031824111938476562,positive,10.0,10.0,-0.0013157238718122244,0.7774199843406677,0.07174884527921677,-0.6045845746994019,101,38
0.0033195018768310547,positive,10.0,10.0,0.03366205468773842,0.7755889296531677,0.042180486023426056,-0.5630069971084595,101,40
0.0033812522888183594,positive,10.0,10.0,0.049173835664987564,0.5799012780189514,0.030920345336198807,-0.2573391795158386,101,41
0.003442525863647461,positive,10.0,10.0,0.06077186018228531,0.38435181975364685,0.025773562490940094,0.04493390768766403,101,42
0.0035071372985839844,positive,10.0,10.0,0.06845889985561371,0.18886995315551758,0.02667224034667015,0.34563592076301575,101,43
0.0035741329193115234,positive,10.0,10.0,0.07223629206418991,0.3836025297641754,0.03358495980501175,0.06148163229227066,101,44
0.0036394596099853516,positive,10.0,10.0,0.0799083486199379,0.18801555037498474,0.03481459245085716,0.3645687997341156,101,45
0.003701925277709961,positive,10.0,10.0,0.08366865664720535,0.38262587785720825,0.042105965316295624,0.08306361734867096,101,46
0.0038406848907470703,positive,10.0,10.0,0.09505970031023026,0.3814007043838501,0.051541801542043686,0.1101595014333725,101,48
0.003996849060058594,positive,10.0,10.0,0.106399305164814,0.37990033626556396,0.06211794540286064,0.14338088035583496,101,50
0.004128932952880859,positive,10.0,10.0,0.11767624318599701,0.37809211015701294,0.07408548146486282,0.1834842711687088,101,52
0.004188060760498047,positive,10.0,10.0,0.1252380758523941,0.5720800757408142,0.0777551680803299,-0.08493833988904953,101,53
0.004317045211791992,positive,10.0,10.0,0.1519998162984848,0.5698899030685425,0.06901416927576065,-0.036448512226343155,101,55
0.00451207160949707,positive,10.0,10.0,0.17443107068538666,0.37183812260627747,0.08564092218875885,0.32205691933631897,101,58
0.004704713821411133,positive,10.0,10.0,0.20836731791496277,0.9530056118965149,0.08913920074701309,-0.46658384799957275,101,61
0.0047643184661865234,positive,10.0,10.0,0.2274274379014969,0.7567447423934937,0.07980751991271973,-0.14718914031982422,101,62
0.004822492599487305,positive,10.0,10.0,0.24256233870983124,0.950638473033905,0.07686373591423035,-0.4136655330657959,101,63
0.00487971305847168,positive,10.0,10.0,0.2615751028060913,1.1445915699005127,0.0685904249548912,-0.6811605095863342,101,64
0.005311012268066406,positive,10.0,10.0,0.37860071659088135,0.5551674962043762,0.04422760009765625,0.2886122763156891,101,71
0.005430459976196289,positive,10.0,10.0,0.3968929350376129,0.16365891695022583,0.061898037791252136,0.9029135704040527,101,73
0.005738258361816406,negative,10.0,-10.0,0.3974432349205017,-0.03797777369618416,0.18062500655651093,1.357021689414978,101,78
0.0004146099090576172,positive,10.0,10.0,0.0032698733266443014,-0.2005149871110916,0.008079043589532375,0.24622343480587006,102,1
0.0008666515350341797,positive,10.0,10.0,-0.024628398939967155,-0.39723262190818787,0.04534085839986801,0.5745583772659302,102,6
0.0010519027709960938,positive,10.0,10.0,-0.036628544330596924,-0.008507010526955128,0.06276196241378784,0.022265445441007614,102,8
0.0016629695892333984,negative,10.0,-10.0,-0.09676939249038696,-0.212879940867424,0.16328221559524536,0.5254809856414795,102,15
0.0018410682678222656,negative,10.0,-10.0,-0.10143472999334335,0.17188607156276703,0.17955930531024933,0.05514692887663841,102,17
0.0019216537475585938,negative,10.0,-10.0,-0.09799700975418091,0.36403995752334595,0.18066224455833435,-0.17594261467456818,102,18
0.002000570297241211,negative,10.0,-10.0,-0.09071620553731918,0.16685429215431213,0.177143394947052,0.16784828901290894,102,19
0.002079486846923828,negative,10.0,-10.0,-0.08737912029027939,0.359056681394577,0.1805003583431244,-0.06413546949625015,102,20
0.0021560192108154297,negative,10.0,-10.0,-0.08019798994064331,0.1618676781654358,0.1792176514863968,0.2796221673488617,102,21
0.0024018287658691406,negative,10.0,-10.0,-0.07453002035617828,0.34868454933166504,0.2051466405391693,0.16920505464076996,102,24
0.0025599002838134766,negative,10.0,-10.0,-0.05674893036484718,0.7319868206977844,0.20748268067836761,-0.2727368175983429,102,26
0.0026357173919677734,negative,10.0,-10.0,-0.04210919514298439,0.9236376881599426,0.20202794671058655,-0.49348434805870056,102,27
0.002709627151489258,negative,10.0,-10.0,-0.02363644167780876,1.1154230833053589,0.19215825200080872,-0.7163186073303223,102,28
0.0027832984924316406,negative,10.0,-10.0,-0.0013279782142490149,0.9182345271110535,0.17783188819885254,-0.369832307100296,102,29
0.002855062484741211,negative,10.0,-10.0,0.017036711797118187,0.7210906147956848,0.17043523490428925,-0.026772597804665565,102,30
0.002926349639892578,negative,10.0,-10.0,0.031458526849746704,0.9134106636047363,0.16989979147911072,-0.26120710372924805,102,31
0.003002166748046875,negative,10.0,-10.0,0.04972673952579498,1.1057515144348145,0.16467563807964325,-0.4958537518978119,102,32
0.003169536590576172,negative,10.0,-10.0,0.09001650661230087,1.1013436317443848,0.15163588523864746,-0.39627334475517273,102,34
0.003334522247314453,negative,10.0,-10.0,0.1301320195198059,1.097232460975647,0.1425127238035202,-0.3039986491203308,102,36
0.003412008285522461,negative,10.0,-10.0,0.15207667648792267,0.900397539138794,0.13643275201320648,0.030017543584108353,102,37
0.004265308380126953,positive,10.0,10.0,0.3890102803707123,1.2734031677246094,0.0913434624671936,-0.1761932075023651,102,47
0.004515171051025391,positive,10.0,10.0,0.46923768520355225,1.0746989250183105,0.07665125280618668,0.19683979451656342,102,50
0.004679441452026367,positive,10.0,10.0,0.5161045789718628,1.4625252485275269,0.07917380332946777,-0.33692091703414917,102,52
0.004866361618041992,positive,10.0,10.0,0.5706825256347656,1.4603835344314575,0.07202820479869843,-0.28933677077293396,102,54
0.004942893981933594,positive,10.0,10.0,0.5998901724815369,1.2643122673034668,0.06624147295951843,0.025165418162941933,102,55
0.005021095275878906,positive,10.0,10.0,0.6251764297485352,1.4584248065948486,0.06674478203058243,-0.24590405821800232,102,56
0.005178213119506836,positive,10.0,10.0,0.6795932650566101,1.066464900970459,0.06316795200109482,0.3785935342311859,102,58
0.0004405975341796875,positive,10.0,10.0,0.009816001169383526,-0.1613917350769043,0.028907548636198044,0.34460508823394775,103,1
0.0005419254302978516,positive,10.0,10.0,0.006588166579604149,0.03330732509493828,0.035799652338027954,0.06117614731192589,103,2
0.0006306171417236328,positive,10.0,10.0,0.007254313211888075,-0.16230913996696472,0.03702317178249359,0.3649356961250305,103,3
0.0008292198181152344,positive,10.0,10.0,0.004653483163565397,-0.16346070170402527,0.046004943549633026,0.39048340916633606,103,5
0.0011875629425048828,positive,10.0,10.0,-0.0007052942528389394,-0.16656985878944397,0.06745046377182007,0.459637850522995,103,9
0.0012710094451904297,positive,10.0,10.0,-0.004036691505461931,0.027537059038877487,0.07664322108030319,0.18895494937896729,103,10
0.0015659332275390625,positive,10.0,10.0,0.009251043200492859,0.21921616792678833,0.07195302844047546,-0.02839614637196064,103,13
0.0018448829650878906,positive,10.0,10.0,0.01844167150557041,0.4111115038394928,0.0774419829249382,-0.25064224004745483,103,16
0.0020236968994140625,positive,10.0,10.0,0.038764841854572296,0.40898409485816956,0.062070563435554504,-0.20332954823970795,103,18
0.0021054744720458984,positive,10.0,10.0,0.046944525092840195,0.21303190290927887,0.058003973215818405,0.10826971381902695,103,19
0.0021820068359375,positive,10.0,10.0,0.05120516195893288,0.01712879166007042,0.060169368982315063,0.4186738133430481,103,20
0.0022592544555664062,positive,10.0,10.0,0.051547739654779434,0.21134880185127258,0.06854284554719925,0.14555010199546814,103,21
0.0024268627166748047,positive,10.0,10.0,0.056081026792526245,0.20935861766338348,0.08063475042581558,0.1897130161523819,103,23
0.002508401870727539,positive,10.0,10.0,0.06026820093393326,0.4032399356365204,0.08442901074886322,-0.0764830932021141,103,24
0.0025854110717773438,positive,10.0,10.0,0.06833299994468689,0.5970564484596252,0.08289934694766998,-0.3413796126842499,103,25
0.0026607513427734375,positive,10.0,10.0,0.08027412742376328,0.40085887908935547,0.07607175409793854,-0.02374943532049656,103,26
0.002826690673828125,positive,10.0,10.0,0.10018754750490189,0.39869824051856995,0.06976687908172607,0.024040544405579567,103,28
0.0030896663665771484,positive,10.0,10.0,0.12014857679605484,0.5906426906585693,0.07836886495351791,-0.19926360249519348,103,31
0.0034470558166503906,positive,10.0,10.0,0.18287581205368042,0.5868023037910461,0.04192458465695381,-0.11401880532503128,103,35
0.003652811050415039,positive,10.0,10.0,0.2024339735507965,0.19543950259685516,0.04347602277994156,0.49651142954826355,103,37
0.0037369728088378906,positive,10.0,10.0,0.20634277164936066,0.38992229104042053,0.0534062497317791,0.21784082055091858,103,38
0.0038192272186279297,positive,10.0,10.0,0.21414120495319366,0.19407919049263,0.05776306614279747,0.5268806219100952,103,39
0.003995656967163086,positive,10.0,10.0,0.2257896512746811,0.1923154592514038,0.07335955649614334,0.5663643479347229,103,41
0.004079580307006836,positive,10.0,10.0,0.22963596880435944,0.3863357603549957,0.08468684554100037,0.29766497015953064,103,42
0.0041582584381103516,positive,10.0,10.0,0.23736268281936646,0.5801548361778259,0.09064014256000519,0.03284648433327675,103,43
0.004515647888183594,positive,10.0,10.0,0.2992215156555176,0.9652864933013916,0.07337408512830734,-0.4412502944469452,103,47
0.0046007633209228516,positive,10.0,10.0,0.3185272216796875,0.7692070603370667,0.06454908102750778,-0.1263698935508728,103,48
0.004774808883666992,positive,10.0,10.0,0.34537583589553833,0.3772706687450409,0.06574085354804993,0.4975443184375763,103,50
0.004859209060668945,positive,10.0,10.0,0.3529212474822998,0.5714070796966553,0.07569174468517303,0.22628264129161835,103,51
0.004937171936035156,positive,10.0,10.0,0.3643493950366974,0.76537024974823,0.0802173912525177,-0.04159696400165558,103,52
0.005013704299926758,positive,10.0,10.0,0.3796567916870117,0.9592557549476624,0.07938545942306519,-0.3079313635826111,103,53
0.005093574523925781,positive,10.0,10.0,0.39884188771247864,0.7630976438522339,0.07322683185338974,0.008693922311067581,103,54
0.00547027587890625,positive,10.0,10.0,0.4831717312335968,1.1493351459503174,0.04164466634392738,-0.4888715147972107,103,58
0.0055768489837646484,positive,10.0,10.0,0.5061584115028381,0.9536511301994324,0.03186723589897156,-0.1833600252866745,103,59
0.005844593048095703,positive,10.0,10.0,0.5516446828842163,0.367031991481781,0.03899705410003662,0.7228133678436279,103,62
0.005925655364990234,positive,10.0,10.0,0.5589853525161743,0.5615934729576111,0.053453318774700165,0.4426552653312683,103,63
0.006865978240966797,positive,10.0,10.0,0.7397014498710632,1.1315504312515259,0.09317470341920853,-0.096532441675663,103,74
0.006947040557861328,positive,10.0,10.0,0.7623324990272522,1.3252220153808594,0.09124405682086945,-0.35842597484588623,103,75
0.007021665573120117,positive,10.0,10.0,0.7888368964195251,1.1289293766021729,0.08407553285360336,-0.0384233333170414,103,76
0.0071985721588134766,positive,10.0,10.0,0.8378705382347107,1.12654709815979,0.07723826169967651,0.014309501275420189,103,78
0.007370948791503906,positive,10.0,10.0,0.8868110775947571,1.5144155025482178,0.07246367633342743,-0.5202973484992981,103,80
0.007547855377197266,positive,10.0,10.0,0.9434664845466614,1.1224004030227661,0.057943955063819885,0.10590676963329315,103,82
0.007726907730102539,positive,10.0,10.0,0.9844444394111633,0.7305784821510315,0.0683879554271698,0.7272900938987732,103,84
0.008064985275268555,negative,10.0,-10.0,1.019360899925232,0.33558717370033264,0.164541095495224,1.4322482347488403,103,88
0.00814509391784668,negative,10.0,-10.0,1.02607262134552,0.5283411145210266,0.19318605959415436,1.1951794624328613,103,89
0.0001480579376220703,positive,10.0,10.0,0.03970908373594284,-0.02582191489636898,-0.04652722179889679,0.044683199375867844,104,0
0.00031113624572753906,positive,10.0,10.0,0.026493901386857033,-0.21904267370700836,-0.027181321755051613,0.295516699552536,104,3
0.0003483295440673828,positive,10.0,10.0,0.022113047540187836,-0.02354397252202034,-0.021270986646413803,-0.0056133451871573925,104,4
0.00045490264892578125,positive,10.0,10.0,0.009011778049170971,-0.21782530844211578,-0.0044546728022396564,0.26853442192077637,104,7
0.0005214214324951172,positive,10.0,10.0,-0.003602396696805954,-0.21777433156967163,0.012112194672226906,0.26741477847099304,104,9
0.0007233619689941406,positive,10.0,10.0,-0.03373216837644577,-0.2204742729663849,0.0521504245698452,0.3273547291755676,104,15
0.0008251667022705078,positive,10.0,10.0,-0.04310518130660057,-0.02782001718878746,0.06697223335504532,0.08890535682439804,104,18
0.0008575916290283203,positive,10.0,10.0,-0.043661583214998245,-0.223834827542305,0.06875033676624298,0.401943564414978,104,19
0.0009570121765136719,positive,10.0,10.0,-0.045449499040842056,0.35809066891670227,0.07670729607343674,-0.40240633487701416,104,22
0.001180410385131836,positive,10.0,10.0,-0.03789519891142845,0.35159048438072205,0.08778059482574463,-0.25876954197883606,104,28
0.0012140274047851562,positive,10.0,10.0,-0.030863387510180473,0.5453567504882812,0.08260520547628403,-0.5225254893302917,104,29
0.001245737075805664,positive,10.0,10.0,-0.019956253468990326,0.34917521476745605,0.0721546933054924,-0.20499829947948456,104,30
0.0012769699096679688,positive,10.0,10.0,-0.012972748838365078,0.5431951284408569,0.06805472820997238,-0.4740758240222931,104,31
0.0013074874877929688,positive,10.0,10.0,-0.0021088463254272938,0.34718140959739685,0.05857321247458458,-0.16074320673942566,104,32
0.0013382434844970703,positive,10.0,10.0,0.004834781866520643,0.15127195417881012,0.05535834655165672,0.14982770383358002,104,33
0.001371622085571289,positive,10.0,10.0,0.007860220968723297,-0.04459720477461815,0.058354903012514114,0.4594484269618988,104,34
0.0014033317565917969,positive,10.0,10.0,0.006968277040868998,0.14965341985225677,0.0675438717007637,0.18571506440639496,104,35
0.001470804214477539,positive,10.0,10.0,0.016836289316415787,0.14767999947071075,0.06955979019403458,0.2293676733970642,104,37
0.0016088485717773438,positive,10.0,10.0,0.028524570167064667,0.5331703424453735,0.09070517122745514,-0.2527919113636017,104,41
0.0016417503356933594,positive,10.0,10.0,0.039187975227832794,0.7268879413604736,0.08564933389425278,-0.5155429840087891,104,42
0.0017466545104980469,positive,10.0,10.0,0.07883193343877792,0.5285845994949341,0.06209266185760498,-0.15083958208560944,104,45
0.0018138885498046875,positive,10.0,10.0,0.0960562452673912,0.13671523332595825,0.0622912272810936,0.47148704528808594,104,47
0.0019497871398925781,positive,10.0,10.0,0.1302850842475891,0.5227946639060974,0.0675387755036354,-0.02286842279136181,104,51
0.001981496810913086,positive,10.0,10.0,0.14074097573757172,0.32677245140075684,0.06708140671253204,0.29033589363098145,104,52
0.0020117759704589844,positive,10.0,10.0,0.14727643132209778,0.520876944065094,0.07288812100887299,0.019541162997484207,104,53
0.0020782947540283203,positive,10.0,10.0,0.17199160158634186,0.90888512134552,0.06829327344894409,-0.5179826021194458,104,55
0.0021123886108398438,positive,10.0,10.0,0.1901693046092987,0.7128714323043823,0.05793362110853195,-0.20458486676216125,104,56
0.0021431446075439453,positive,10.0,10.0,0.20442673563957214,0.5169709324836731,0.05384192615747452,0.10579589009284973,104,57
0.002173185348510742,positive,10.0,10.0,0.21476615965366364,0.32112038135528564,0.055957842618227005,0.4149678647518158,104,58
0.0022394657135009766,positive,10.0,10.0,0.2314966917037964,0.3194258213043213,0.06706596165895462,0.4526807963848114,104,60
0.0023047924041748047,positive,10.0,10.0,0.24815598130226135,0.7074933052062988,0.079756960272789,-0.08586325496435165,104,62
0.0025033950805664062,positive,10.0,10.0,0.3108848035335541,0.5071150660514832,0.0876736119389534,0.32421693205833435,104,67
0.002928018569946289,positive,10.0,10.0,0.4852984845638275,0.8855121731758118,0.06646548956632614,-0.0010114718461409211,104,77
0.0029969215393066406,positive,10.0,10.0,0.5167987942695618,0.4935005307197571,0.07268285006284714,0.6247550249099731,104,79
0.003030061721801758,positive,10.0,10.0,0.5266687870025635,0.2974431812763214,0.0851779505610466,0.9394145607948303,104,80
0.0038132667541503906,positive,10.0,10.0,0.8293320536613464,1.4458413124084473,0.08115523308515549,-0.3280569016933441,104,94
0.0038840770721435547,positive,10.0,10.0,0.883242130279541,1.4436407089233398,0.07437559217214584,-0.2791716456413269,104,96
0.003920555114746094,positive,10.0,10.0,0.9121149778366089,1.6376272439956665,0.06879216432571411,-0.5475006699562073,104,97
0.003968000411987305,positive,10.0,10.0,0.9448674917221069,1.4416097402572632,0.05784214660525322,-0.2339608520269394,104,98
0.004002094268798828,positive,10.0,10.0,0.973699688911438,1.245711088180542,0.05316293239593506,0.0763918086886406,104,99
0.004072666168212891,positive,10.0,10.0,1.0274145603179932,1.6343309879302979,0.05070965737104416,-0.4739968776702881,104,101
0.004173994064331055,positive,10.0,10.0,1.129335880279541,1.4375529289245605,0.01732603833079338,-0.14407582581043243,104,104
0.004205942153930664,positive,10.0,10.0,1.1580870151519775,1.6324224472045898,0.014444520696997643,-0.4312427341938019,104,105
0.004237174987792969,positive,10.0,10.0,1.1907354593276978,1.8273369073867798,0.00581966619938612,-0.7193374037742615,104,106
0.00426793098449707,positive,10.0,10.0,1.227282166481018,1.6321349143981934,-0.0085670817643404,-0.4248284101486206,104,107
0.00429844856262207,positive,10.0,10.0,1.2599248886108398,1.4371354579925537,-0.017063649371266365,-0.13485850393772125,104,108
0.0043642520904541016,positive,10.0,10.0,1.3135128021240234,1.0474284887313843,-0.016712967306375504,0.43877652287483215,104,110
0.004430055618286133,positive,10.0,10.0,1.3515123128890991,0.65753573179245,0.006585453171283007,1.016318678855896,104,112
0.004530191421508789,positive,10.0,10.0,1.3792470693588257,0.07116683572530746,0.08537397533655167,1.9208061695098877,104,115
0.004596233367919922,negative,10.0,-10.0,1.3859758377075195,0.06894407421350479,0.15690560638904572,1.9843181371688843,104,117
0.0005311965942382812,positive,10.0,10.0,0.03519577905535698,-0.14651402831077576,0.040199220180511475,0.34426772594451904,105,1
0.0007274150848388672,positive,10.0,10.0,0.03322577103972435,-0.1477506011724472,0.048375118523836136,0.37168601155281067,105,3
0.0008089542388916016,positive,10.0,10.0,0.030270759016275406,0.04665191471576691,0.055808838456869125,0.09464011341333389,105,4
0.0010766983032226562,positive,10.0,10.0,0.02610071189701557,0.04312567040324211,0.0772612988948822,0.17277753353118896,105,8
0.0011074542999267578,positive,10.0,10.0,0.02696322463452816,0.23706169426441193,0.08071684837341309,-0.0945664569735527,105,9
0.0011374950408935547,positive,10.0,10.0,0.031704459339380264,0.43093955516815186,0.07882551848888397,-0.3607313930988312,105,10
0.0011675357818603516,positive,10.0,10.0,0.040323249995708466,0.23479078710079193,0.07161089032888412,-0.04427114129066467,105,11
0.0011975765228271484,positive,10.0,10.0,0.04501906409859657,0.42881670594215393,0.0707254707813263,-0.31352847814559937,105,12
0.0012269020080566406,positive,10.0,10.0,0.0535954013466835,0.23276223242282867,0.06445489823818207,0.0005939765251241624,105,13
0.0012900829315185547,positive,10.0,10.0,0.058986205607652664,0.23092511296272278,0.07072471082210541,0.04122088477015495,105,15
0.0013189315795898438,positive,10.0,10.0,0.06360470503568649,0.03486400842666626,0.07154912501573563,0.35535308718681335,105,16
0.0013470649719238281,positive,10.0,10.0,0.0643019899725914,0.22889958322048187,0.07865618914365768,0.08606187999248505,105,17
0.0014095306396484375,positive,10.0,10.0,0.07733619958162308,0.6166964173316956,0.07676132768392563,-0.44708847999572754,105,19
0.0016655921936035156,positive,10.0,10.0,0.13642023503780365,0.608156144618988,0.07640182226896286,-0.2580265402793884,105,27
0.0017294883728027344,positive,10.0,10.0,0.16462552547454834,0.6060606241226196,0.06072795391082764,-0.2114129364490509,105,29
0.0018243789672851562,positive,10.0,10.0,0.20483987033367157,0.4086326062679291,0.043324995785951614,0.13267864286899567,105,32
0.0018532276153564453,positive,10.0,10.0,0.21301251649856567,0.21291768550872803,0.045978568494319916,0.4387090802192688,105,33
0.002015829086303711,positive,10.0,10.0,0.23415502905845642,0.40360260009765625,0.09318869560956955,0.2445181906223297,105,38
0.002115011215209961,positive,10.0,10.0,0.2699899971485138,0.9844688177108765,0.09217999875545502,-0.5379050374031067,105,41
0.0021448135375976562,positive,10.0,10.0,0.2896793782711029,0.7881799936294556,0.08142189681529999,-0.2176593393087387,105,42
0.002173900604248047,positive,10.0,10.0,0.3054429590702057,0.9820493459701538,0.07706870883703232,-0.483588308095932,105,43
0.0022394657135009766,positive,10.0,10.0,0.34080252051353455,0.5899103879928589,0.0640440359711647,0.1455148160457611,105,45
0.0022788047790527344,positive,10.0,10.0,0.35260075330734253,0.7840595245361328,0.06695433706045151,-0.12629573047161102,105,46
0.0024144649505615234,positive,10.0,10.0,0.3996073603630066,0.3900150954723358,0.08271533995866776,0.544854462146759,105,50
0.002676725387573242,positive,10.0,10.0,0.5392842888832092,1.1600364446640015,0.06955944001674652,-0.39776909351348877,105,58
0.0028095245361328125,positive,10.0,10.0,0.6085686087608337,0.37616053223609924,0.07524249702692032,0.8507212996482849,105,62
0.003366231918334961,positive,10.0,10.0,0.9741913676261902,1.7151201963424683,0.0940343365073204,-0.6099230647087097,105,79
0.003397226333618164,positive,10.0,10.0,1.0084937810897827,1.9088106155395508,0.08183587342500687,-0.8715697526931763,105,80
0.003493070602416992,positive,10.0,10.0,1.1268610954284668,1.7111612558364868,0.025150107219815254,-0.5197882056236267,105,83
0.003522634506225586,positive,10.0,10.0,1.1610842943191528,1.515694499015808,0.014754343777894974,-0.21928738057613373,105,84
0.0035507678985595703,positive,10.0,10.0,1.1913982629776,1.7106025218963623,0.010368595831096172,-0.5072798728942871,105,85
0.0036134719848632812,positive,10.0,10.0,1.255916953086853,1.7104547023773193,-0.004003953188657761,-0.503960132598877,105,87
0.0036423206329345703,positive,10.0,10.0,1.290126085281372,1.5153894424438477,-0.014083156362175941,-0.21254171431064606,105,88
0.0037698745727539062,positive,10.0,10.0,1.4191924333572388,1.5167261362075806,-0.0434688962996006,-0.2422172576189041,105,92
0.003798961639404297,positive,10.0,10.0,1.4495270252227783,1.7124412059783936,-0.048313241451978683,-0.5482883453369141,105,93
0.0038919448852539062,positive,10.0,10.0,1.5562187433242798,1.5199679136276245,-0.08804135769605637,-0.3146509826183319,105,96
0.003991127014160156,positive,10.0,10.0,1.6357932090759277,1.328898549079895,-0.09114373475313187,-0.11066163331270218,105,99
0.004220485687255859,negative,10.0,-10.0,1.8185346126556396,0.7546936869621277,-0.11400771886110306,0.5254663825035095,105,106
0.004298210144042969,positive,10.0,10.0,1.8448554277420044,0.367786705493927,-0.08789517730474472,1.038570523262024,105,108
0.004369020462036133,positive,10.0,10.0,1.8556898832321167,-0.02027350664138794,-0.041075434535741806,1.5733548402786255,105,110
0.004534721374511719,negative,10.0,-10.0,1.8380755186080933,-0.21674378216266632,0.13913896679878235,1.9070483446121216,105,115
0.0045659542083740234,negative,10.0,-10.0,1.8337407112121582,-0.023371705785393715,0.17727993428707123,1.660568356513977,105,116
0.0004315376281738281,positive,10.0,10.0,0.02800823003053665,-0.020838789641857147,0.002675639931112528,-0.047995831817388535,106,0
0.0005145072937011719,positive,10.0,10.0,0.027591455727815628,-0.21599900722503662,0.001715723192319274,0.24553008377552032,106,1
0.0005564689636230469,positive,10.0,10.0,0.023271474987268448,-0.020901599898934364,0.006626324728131294,-0.04661117494106293,106,2
0.0005924701690673828,positive,10.0,10.0,0.022853443399071693,-0.21611793339252472,0.005694101098924875,0.24815502762794495,106,3
0.0006248950958251953,positive,10.0,10.0,0.018531084060668945,-0.4113207459449768,0.010657201521098614,0.5426285266876221,106,4
0.000713348388671875,positive,10.0,10.0,0.005977665539830923,-0.41177254915237427,0.026576222851872444,0.5527116060256958,106,6
0.0007455348968505859,positive,10.0,10.0,-0.0022577857598662376,-0.21703371405601501,0.03763045370578766,0.26851898431777954,106,7
0.0008187294006347656,positive,10.0,10.0,-0.014851897954940796,-0.21817843616008759,0.054457418620586395,0.2939971089363098,106,9
0.0009548664093017578,positive,10.0,10.0,-0.03240382298827171,-0.2216157168149948,0.08014345169067383,0.3705156147480011,106,13
0.0010216236114501953,positive,10.0,10.0,-0.03739050775766373,0.16604679822921753,0.08963656425476074,-0.15968643128871918,106,15
0.001119852066040039,positive,10.0,10.0,-0.023603089153766632,0.3574680685997009,0.07590351998806,-0.37126126885414124,106,18
0.0011510848999023438,positive,10.0,10.0,-0.016453728079795837,0.1613544225692749,0.0684782937169075,-0.05564362183213234,106,19
0.0011816024780273438,positive,10.0,10.0,-0.013226639479398727,0.35543107986450195,0.06736541539430618,-0.3259594440460205,106,20
0.0012466907501220703,positive,10.0,10.0,-0.0029296595603227615,-0.03652149438858032,0.06058990955352783,0.29842686653137207,106,22
0.0012772083282470703,positive,10.0,10.0,-0.003660089336335659,0.15768678486347198,0.06655844300985336,0.025451533496379852,106,23
0.0013077259063720703,positive,10.0,10.0,-0.0005063535645604134,-0.038323406130075455,0.0670674741268158,0.33836954832077026,106,24
0.0013370513916015625,positive,10.0,10.0,-0.0012728216825053096,-0.23433241248130798,0.0738348662853241,0.6514251232147217,106,25
0.0013663768768310547,positive,10.0,10.0,-0.005959469825029373,-0.04031223803758621,0.08686336874961853,0.38287553191185,106,26
0.0014750957489013672,positive,10.0,10.0,0.0032463122624903917,0.5407357811927795,0.09404408186674118,-0.4032450020313263,106,29
0.0015125274658203125,positive,10.0,10.0,0.014061027206480503,0.3444145917892456,0.08597917854785919,-0.0824563130736351,106,30
0.0017244815826416016,positive,10.0,10.0,0.06674428284168243,0.33776867389678955,0.06629867851734161,0.06459968537092209,106,36
0.0017557144165039062,positive,10.0,10.0,0.0734996572136879,0.1417618989944458,0.06759067624807358,0.3774414360523224,106,37
0.0018932819366455078,positive,10.0,10.0,0.10032261908054352,0.5276808738708496,0.0771462693810463,-0.11365752667188644,106,41
0.0019237995147705078,positive,10.0,10.0,0.11087623983621597,0.7216175198554993,0.07487311959266663,-0.38103872537612915,106,42
0.0019533634185791016,positive,10.0,10.0,0.1253085881471634,0.5255166292190552,0.06725234538316727,-0.06571943312883377,106,43
0.001983165740966797,positive,10.0,10.0,0.13581891357898712,0.32949817180633545,0.06593795120716095,0.2474009096622467,106,44
0.002147197723388672,positive,10.0,10.0,0.18417571485042572,0.9095067977905273,0.07169383019208908,-0.5145251750946045,106,49
0.0022122859954833984,positive,10.0,10.0,0.21663488447666168,0.9076446890830994,0.05740054324269295,-0.4728374183177948,106,51
0.0022749900817871094,positive,10.0,10.0,0.24902300536632538,0.5159866809844971,0.04469120875000954,0.1447848081588745,106,53
0.002372264862060547,positive,10.0,10.0,0.27604126930236816,0.3187873661518097,0.06008969247341156,0.48390504717826843,106,56
0.0024366378784179688,positive,10.0,10.0,0.28487443923950195,0.31696972250938416,0.08566588908433914,0.5249602794647217,106,58
0.0027420520782470703,positive,10.0,10.0,0.41284412145614624,1.086782455444336,0.06974479556083679,-0.4131891429424286,106,66
0.0027768611907958984,positive,10.0,10.0,0.4345797598361969,0.8907447457313538,0.061481013894081116,-0.09935916215181351,106,67
0.00284576416015625,positive,10.0,10.0,0.4662906229496002,0.49887815117836,0.0637352243065834,0.5229104161262512,106,69
0.0028777122497558594,positive,10.0,10.0,0.4762681722640991,0.30291977524757385,0.07419343292713165,0.8349766135215759,106,70
0.002908945083618164,positive,10.0,10.0,0.48232656717300415,0.4969539940357208,0.0908929631114006,0.5665188431739807,106,71
0.003044605255126953,negative,10.0,-10.0,0.5219156742095947,0.8805562853813171,0.13999946415424347,0.1267467737197876,106,75
0.003077983856201172,negative,10.0,-10.0,0.5395268201828003,1.073423981666565,0.14253439009189606,-0.11869872361421585,106,76
0.003109455108642578,negative,10.0,-10.0,0.5609952807426453,1.2662465572357178,0.1401604264974594,-0.3632362186908722,106,77
0.003376483917236328,positive,10.0,10.0,0.7703757286071777,1.252657175064087,0.09315576404333115,-0.059965867549180984,106,85
0.0034067630767822266,positive,10.0,10.0,0.7954288721084595,1.4463286399841309,0.09195644408464432,-0.32186514139175415,106,86
0.0034363269805908203,positive,10.0,10.0,0.82435542345047,1.2500256299972534,0.08551914244890213,-0.0016577269416302443,106,87
0.003464937210083008,positive,10.0,10.0,0.849355936050415,1.4438236951828003,0.08548598736524582,-0.2661803662776947,106,88
0.0034952163696289062,positive,10.0,10.0,0.8782324194908142,1.6376280784606934,0.08016238361597061,-0.5307231545448303,106,89
0.0035238265991210938,positive,10.0,10.0,0.910984992980957,1.441475510597229,0.06954791396856308,-0.21389655768871307,106,90
0.003551959991455078,positive,10.0,10.0,0.9398145079612732,1.245431661605835,0.06526998430490494,0.09988881647586823,106,91
0.003846406936645508,positive,10.0,10.0,1.1709587574005127,1.8191159963607788,0.09003359079360962,-0.5231276750564575,106,100
0.0038764476776123047,positive,10.0,10.0,1.2073410749435425,2.0128631591796875,0.07957103848457336,-0.7861371040344238,106,101
0.0039408206939697266,positive,10.0,10.0,1.2917344570159912,2.401026725769043,0.04279303178191185,-1.3247407674789429,106,103
0.0039708614349365234,positive,10.0,10.0,1.3397550582885742,2.2053914070129395,0.016298215836286545,-1.0189789533615112,106,104
0.004001617431640625,positive,10.0,10.0,1.383862853050232,2.0100560188293457,-0.004081363324075937,-0.7212233543395996,106,105
0.004065513610839844,positive,10.0,10.0,1.460363745689392,1.6201356649398804,-0.027102386578917503,-0.14303569495677948,106,107
0.004096031188964844,positive,10.0,10.0,1.4927664995193481,1.815635085105896,-0.02996310219168663,-0.44414421916007996,106,108
0.004160642623901367,positive,10.0,10.0,1.5693025588989258,1.8166028261184692,-0.053768377751111984,-0.4659101068973541,106,110
0.004189968109130859,positive,10.0,10.0,1.6056345701217651,1.622280240058899,-0.06308657675981522,-0.1906476765871048,106,111
0.004220247268676758,positive,10.0,10.0,1.6380802392959595,1.8182452917099,-0.06689953058958054,-0.5025457143783569,106,112
0.004320859909057617,positive,10.0,10.0,1.743332862854004,1.6263725757598877,-0.09253595769405365,-0.28169864416122437,106,115
0.004418134689331055,negative,10.0,-10.0,1.8526946306228638,1.8255579471588135,-0.12869125604629517,-0.6678785085678101,106,118
0.004502296447753906,negative,10.0,-10.0,1.929650068283081,2.2189180850982666,-0.16201186180114746,-1.3318605422973633,106,120
0.001119375228881836,positive,10.0,10.0,0.0329301655292511,0.01959889382123947,-0.03639831021428108,-0.010675081051886082,107,0
0.003939390182495117,positive,10.0,10.0,0.02243121899664402,-0.174017533659935,-0.02018131874501705,0.24887025356292725,107,3
0.004813194274902344,positive,10.0,10.0,0.018950866535305977,-0.36884555220603943,-0.015203914605081081,0.5351198315620422,107,4
0.006697654724121094,positive,10.0,10.0,0.008103693835437298,-0.368570476770401,0.00025218885275535285,0.5289449691772461,107,6
0.0074651241302490234,positive,10.0,10.0,0.0007322842138819396,-0.5636959671974182,0.010831087827682495,0.8217073082923889,107,7
0.007648944854736328,positive,10.0,10.0,-0.010541635565459728,-0.36872389912605286,0.027265233919024467,0.5324506163597107,107,8
0.007755279541015625,positive,10.0,10.0,-0.017916113138198853,-0.17399582266807556,0.03791424632072449,0.24848206341266632,107,9
0.008405685424804688,positive,10.0,10.0,-0.04290073364973068,0.2112235575914383,0.07808959484100342,-0.22696052491664886,107,15
0.008724212646484375,positive,10.0,10.0,-0.01859011873602867,0.4032210111618042,0.04841684177517891,-0.45063334703445435,107,18
0.00880742073059082,positive,10.0,10.0,-0.010525696910917759,0.20744892954826355,0.03940417617559433,-0.1430903524160385,107,19
0.00925135612487793,positive,10.0,10.0,-0.0061410097405314445,0.20636573433876038,0.039777547121047974,-0.11917562782764435,107,21
0.009813070297241211,positive,10.0,10.0,-0.0017997527029365301,-0.18493936955928802,0.04110976681113243,0.4900274872779846,107,23
0.01000523567199707,positive,10.0,10.0,-0.005498540122061968,0.009579266421496868,0.05091031640768051,0.21057893335819244,107,24
0.010206222534179688,positive,10.0,10.0,-0.005306954495608807,-0.18623225390911102,0.05512189492583275,0.518876850605011,107,25
0.010631322860717773,positive,10.0,10.0,-0.008870157413184643,0.20220032334327698,0.07038064301013947,-0.027264248579740524,107,27
0.010883569717407227,positive,10.0,10.0,-0.004826151300221682,0.006143331993371248,0.0698353573679924,0.28676798939704895,107,28
0.011102676391601562,positive,10.0,10.0,-0.004703284706920385,0.20020344853401184,0.0755707174539566,0.01690225675702095,107,29
0.011291027069091797,positive,10.0,10.0,-0.0006992155686020851,0.3941648602485657,0.07590876519680023,-0.25101280212402344,107,30
0.011475086212158203,positive,10.0,10.0,0.007184081710875034,0.5881254076957703,0.07088850438594818,-0.51882004737854,107,31
0.011890411376953125,positive,10.0,10.0,0.02678820490837097,0.19614799320697784,0.05641875043511391,0.10647304356098175,107,33
0.012516260147094727,positive,10.0,10.0,0.03460666537284851,-0.0015025580069050193,0.06973124295473099,0.45575201511383057,107,36
0.012997150421142578,positive,10.0,10.0,0.03842797130346298,-0.0035885777324438095,0.08256305009126663,0.5023155808448792,107,38
0.013795614242553711,positive,10.0,10.0,0.06139233708381653,0.38120460510253906,0.0911216139793396,0.03579024225473404,107,42
0.014180183410644531,positive,10.0,10.0,0.08051462471485138,0.7686073780059814,0.08730123192071915,-0.4891691207885742,107,44
0.0143585205078125,positive,10.0,10.0,0.09588677436113358,0.5723692774772644,0.07751785218715668,-0.1702989935874939,107,45
0.014539480209350586,positive,10.0,10.0,0.10733415931463242,0.7663010358810425,0.07411187142133713,-0.4375556707382202,107,46
0.01673126220703125,positive,10.0,10.0,0.1638878732919693,0.7601889967918396,0.0806429386138916,-0.3024429678916931,107,52
0.01714301109313965,positive,10.0,10.0,0.1981731504201889,0.7579899430274963,0.06322122365236282,-0.2534235417842865,107,54
0.017606735229492188,positive,10.0,10.0,0.22457344830036163,0.36611947417259216,0.05932298302650452,0.3689601421356201,107,56
0.017794370651245117,positive,10.0,10.0,0.2318958342075348,0.5603505969047546,0.06670218706130981,0.09555674344301224,107,57
0.01798391342163086,positive,10.0,10.0,0.24310284852981567,0.364339143037796,0.06861332058906555,0.40851593017578125,107,58
0.018164873123168945,positive,10.0,10.0,0.25038963556289673,0.1683148592710495,0.07678363472223282,0.7220170497894287,107,59
0.018342971801757812,positive,10.0,10.0,0.25375592708587646,0.3622954487800598,0.09122397750616074,0.4544556736946106,107,60
0.019834518432617188,positive,10.0,10.0,0.36239007115364075,0.9376022219657898,0.08049183338880539,-0.20416398346424103,107,67
0.020533323287963867,positive,10.0,10.0,0.4224793016910553,0.7393587827682495,0.06390725076198578,0.15838943421840668,107,70
0.02094101905822754,positive,10.0,10.0,0.4481341540813446,0.7374964356422424,0.07648562639951706,0.1997188925743103,107,72
0.02133774757385254,positive,10.0,10.0,0.48151299357414246,1.125327229499817,0.07912220805883408,-0.3341350257396698,107,74
0.022206783294677734,positive,10.0,10.0,0.5636090040206909,0.731106162071228,0.0669155865907669,0.3408145308494568,107,78
0.022592544555664062,positive,10.0,10.0,0.5889331102371216,0.7291211485862732,0.08680839091539383,0.3852408230304718,107,80
0.025097370147705078,positive,10.0,10.0,0.8555101156234741,1.4910831451416016,0.08404967188835144,-0.3797231614589691,107,92
0.025739192962646484,positive,10.0,10.0,0.9410057067871094,1.2927141189575195,0.06863220781087875,-0.013959130272269249,107,95
0.025918245315551758,positive,10.0,10.0,0.9668599963188171,1.096678376197815,0.06835302710533142,0.2995641231536865,107,96
0.026098251342773438,positive,10.0,10.0,0.9887935519218445,0.9006521105766296,0.07434430718421936,0.6129971146583557,107,97
0.026887178421020508,positive,10.0,10.0,1.084111213684082,1.6757581233978271,0.09147948026657104,-0.44255331158638,107,101
0.02706766128540039,positive,10.0,10.0,1.1176263093948364,1.8694746494293213,0.08262841403484344,-0.7050555944442749,107,102
0.027494192123413086,positive,10.0,10.0,1.196282982826233,1.8673888444900513,0.04911477118730545,-0.6572282314300537,107,104
0.02769947052001953,positive,10.0,10.0,1.2336307764053345,1.6716188192367554,0.035970207303762436,-0.3494934141635895,107,105
0.028107404708862305,positive,10.0,10.0,1.2965832948684692,1.6706990003585815,0.028066568076610565,-0.3290887475013733,107,107
0.028690576553344727,positive,10.0,10.0,1.3929009437561035,1.474582552909851,0.014660694636404514,-0.014306547120213509,107,110
0.028872013092041016,positive,10.0,10.0,1.4223926067352295,1.669491171836853,0.014374563470482826,-0.3023280203342438,107,111
0.02906489372253418,positive,10.0,10.0,1.455782413482666,1.4741673469543457,0.008328002877533436,-0.005146565847098827,107,112
0.0300750732421875,positive,10.0,10.0,1.5481277704238892,1.6690192222595215,0.002322770655155182,-0.29187434911727905,107,115
0.030266761779785156,positive,10.0,10.0,1.5815081596374512,1.473864197731018,-0.003514716401696205,0.0015402392018586397,107,116
0.03044867515563965,positive,10.0,10.0,1.6109853982925415,1.6690363883972168,-0.0034839115105569363,-0.29224956035614014,107,117
0.030627965927124023,positive,10.0,10.0,1.6443661451339722,1.4739643335342407,-0.009328902699053288,-0.0006674351170659065,107,118
0.030806779861450195,positive,10.0,10.0,1.6738454103469849,1.6692187786102295,-0.009342251345515251,-0.29627907276153564,107,119
0.030984163284301758,positive,10.0,10.0,1.7072298526763916,1.474231243133545,-0.015267833136022091,-0.006557130254805088,107,120
0.031162023544311523,positive,10.0,10.0,1.736714482307434,1.6695687770843506,-0.01539897546172142,-0.3040178716182709,107,121
0.031578779220581055,positive,10.0,10.0,1.7701058387756348,1.4746696949005127,-0.021479332819581032,-0.016230927780270576,107,122
0.031911373138427734,positive,10.0,10.0,1.7995991706848145,1.2798621654510498,-0.021803950890898705,0.2695983648300171,107,123
0.032416582107543945,positive,10.0,10.0,1.8468976020812988,0.8901703953742981,-0.005305479280650616,0.8427925705909729,107,125
0.03261137008666992,positive,10.0,10.0,1.8647010326385498,0.6951212286949158,0.011550371535122395,1.1338022947311401,107,126
0.032808780670166016,positive,10.0,10.0,1.878603458404541,0.4998500645160675,0.034226417541503906,1.430085301399231,107,127
0.033110857009887695,positive,10.0,10.0,1.888600468635559,0.30432265996932983,0.06282812356948853,1.7332652807235718,107,128
0.03358006477355957,negative,10.0,-10.0,1.9046603441238403,0.6924747824668884,0.12670889496803284,1.200069785118103,107,130
0.034245967864990234,negative,10.0,-10.0,1.9422087669372559,0.8813919425010681,0.20705334842205048,1.056648850440979,107,133
0.0001876354217529297,positive,10.0,10.0,0.026777023449540138,0.01834757998585701,-0.04847244173288345,-0.022847039625048637,108,0
0.0005657672882080078,positive,10.0,10.0,0.00533257843926549,-0.17384392023086548,-0.018591810017824173,0.20526745915412903,108,5
0.0006248950958251953,positive,10.0,10.0,0.0018557001603767276,-0.36869513988494873,-0.014486460946500301,0.4920280873775482,108,6
0.0007889270782470703,positive,10.0,10.0,-0.016354180872440338,-0.1732945442199707,0.008970978669822216,0.19310973584651947,108,9
0.0008397102355957031,positive,10.0,10.0,-0.019820071756839752,-0.3685436546802521,0.012833173386752605,0.48860907554626465,108,10
0.0008873939514160156,positive,10.0,10.0,-0.02719094604253769,-0.17360509932041168,0.022605353966355324,0.199998140335083,108,11
0.0013196468353271484,negative,10.0,-10.0,-0.10988374799489975,-0.5700420141220093,0.1430543214082718,0.9302514791488647,108,19
0.0013709068298339844,negative,10.0,-10.0,-0.12128458172082901,-0.3771103322505951,0.1616593599319458,0.6857247948646545,108,20
0.0014195442199707031,negative,10.0,-10.0,-0.1288267970085144,-0.18455781042575836,0.1753738522529602,0.4479829967021942,108,21
0.0015232563018798828,negative,10.0,-10.0,-0.13236382603645325,0.19978012144565582,0.18863964080810547,-0.014035617001354694,108,23
0.001627206802368164,negative,10.0,-10.0,-0.12053289264440536,0.5837686061859131,0.18352344632148743,-0.4696333706378937,108,25
0.0016739368438720703,negative,10.0,-10.0,-0.10885751992464066,0.38659316301345825,0.17413076758384705,-0.12518344819545746,108,26
0.0017223358154296875,negative,10.0,-10.0,-0.10112565755844116,0.5788483619689941,0.17162710428237915,-0.3582690954208374,108,27
0.0018239021301269531,negative,10.0,-10.0,-0.08191358298063278,0.5741834044456482,0.16412648558616638,-0.25337526202201843,108,29
0.001870870590209961,negative,10.0,-10.0,-0.07042992115020752,0.7666279077529907,0.15905898809432983,-0.4901258945465088,108,30
0.0019724369049072266,negative,10.0,-10.0,-0.04370412603020668,0.7623663544654846,0.1462196707725525,-0.3939642906188965,108,32
0.002019643783569336,negative,10.0,-10.0,-0.0284567978233099,0.9551436901092529,0.13834038376808167,-0.6372089982032776,108,33
0.002572298049926758,negative,10.0,-10.0,0.09473273158073425,0.9371097683906555,0.14480765163898468,-0.23527014255523682,108,43
0.0026264190673828125,negative,10.0,-10.0,0.11347492784261703,1.129897952079773,0.14010225236415863,-0.47900089621543884,108,44
0.0031974315643310547,positive,10.0,10.0,0.3641282618045807,1.308612585067749,0.06980244070291519,-0.40583038330078125,108,55
0.003243684768676758,positive,10.0,10.0,0.3903005123138428,1.5026788711547852,0.06168583780527115,-0.6757156252861023,108,56
0.003342151641845703,positive,10.0,10.0,0.4542919397354126,1.5011556148529053,0.029204385355114937,-0.6409361362457275,108,58
0.003388643264770508,positive,10.0,10.0,0.48431503772735596,1.6958584785461426,0.01638566330075264,-0.9242810606956482,108,59
0.0034317970275878906,positive,10.0,10.0,0.5182322263717651,1.500519037246704,-0.002099958248436451,-0.6264941096305847,108,60
0.0035295486450195312,positive,10.0,10.0,0.5821560025215149,1.500749111175537,-0.033026594668626785,-0.6317881941795349,108,62
0.003575563430786133,positive,10.0,10.0,0.6121709942817688,1.3061031103134155,-0.04566235840320587,-0.34968650341033936,108,63
0.003622293472290039,positive,10.0,10.0,0.6382930278778076,1.5018436908721924,-0.05265608802437782,-0.6564114689826965,108,64
0.0036678314208984375,positive,10.0,10.0,0.6683298945426941,1.697657585144043,-0.06578432023525238,-0.9651989340782166,108,65
0.004018068313598633,positive,10.0,10.0,0.8246196508407593,0.34227287769317627,-0.09031734615564346,0.8585402965545654,108,72
0.004063606262207031,positive,10.0,10.0,0.8314650654792786,0.5385014414787292,-0.07314653694629669,0.538879930973053,108,73
0.004107952117919922,positive,10.0,10.0,0.8422350883483887,0.34447988867759705,-0.06236893683671951,0.8076481223106384,108,74
0.004152774810791016,positive,10.0,10.0,0.8491247296333313,0.5403985977172852,-0.0462159737944603,0.49601683020591736,108,75
0.004248619079589844,positive,10.0,10.0,0.866851806640625,0.5415598154067993,-0.02081996016204357,0.46990564465522766,108,77
0.004395008087158203,positive,10.0,10.0,0.8954581022262573,0.3468415439128876,0.012891223654150963,0.7535452246665955,108,80
0.004503965377807617,positive,10.0,10.0,0.9132305979728699,0.34627771377563477,0.03726106137037277,0.7663103342056274,108,82
0.0045623779296875,positive,10.0,10.0,0.9201561808586121,0.5408673882484436,0.05258726701140404,0.4855806529521942,108,83
0.0046155452728271484,positive,10.0,10.0,0.9309735298156738,0.3450443148612976,0.06229887902736664,0.7943627238273621,108,84
0.004833698272705078,positive,10.0,10.0,0.981862485408783,1.120611548423767,0.09354917705059052,-0.27031615376472473,108,88
0.004991292953491211,positive,10.0,10.0,1.0451213121414185,1.311784267425537,0.08488419651985168,-0.47656145691871643,108,91
0.005201578140258789,positive,10.0,10.0,1.1499321460723877,0.9177828431129456,0.04971238970756531,0.19384369254112244,108,95
0.005519866943359375,negative,10.0,-10.0,1.201296329498291,-0.258416086435318,0.16633513569831848,2.092712879180908,108,101
0.00040149688720703125,positive,10.0,10.0,0.013984261080622673,-0.20203490555286407,-0.0025842320173978806,0.22869184613227844,109,3
0.00047898292541503906,positive,10.0,10.0,0.009943563491106033,-0.39711982011795044,0.0019896049052476883,0.5205584764480591,109,4
0.0007050037384033203,positive,10.0,10.0,-0.014034685678780079,-0.00772489607334137,0.03222796693444252,-0.046107836067676544,109,8
0.0009131431579589844,positive,10.0,10.0,-0.03031715378165245,-0.4000241160392761,0.05317573994398117,0.5852856636047363,109,12
0.0009601116180419922,positive,10.0,10.0,-0.03831763565540314,-0.20568573474884033,0.06488145142793655,0.3098164498806,109,13
0.0010077953338623047,positive,10.0,10.0,-0.04243135079741478,-0.01154532004147768,0.07107778638601303,0.038280319422483444,109,14
0.0010552406311035156,positive,10.0,10.0,-0.04266225919127464,-0.20761074125766754,0.07184339314699173,0.3525151312351227,109,15
0.0011019706726074219,positive,10.0,10.0,-0.04681447148323059,-0.013580040074884892,0.07889369130134583,0.08332367241382599,109,16
0.0012564659118652344,positive,10.0,10.0,-0.04379650577902794,0.17809201776981354,0.07956106960773468,-0.13396106660366058,109,19
0.0013031959533691406,positive,10.0,10.0,-0.04023466631770134,0.37198951840400696,0.07688184827566147,-0.40052101016044617,109,20
0.0013499259948730469,positive,10.0,10.0,-0.03279487416148186,0.1758659929037094,0.06887143105268478,-0.08462372422218323,109,21
0.0014452934265136719,positive,10.0,10.0,-0.029680998995900154,-0.21618658304214478,0.07175832241773605,0.5420627593994141,109,23
0.001489400863647461,positive,10.0,10.0,-0.034004729241132736,-0.022142652422189713,0.08259958028793335,0.272824764251709,109,24
0.0016360282897949219,positive,10.0,10.0,-0.023704081773757935,0.5592246651649475,0.08307480067014694,-0.5199695229530334,109,27
0.001682281494140625,positive,10.0,10.0,-0.012519588693976402,0.3630375266075134,0.07267540693283081,-0.202307790517807,109,28
0.001726388931274414,positive,10.0,10.0,-0.005258838180452585,0.16695551574230194,0.06862925738096237,0.11238660663366318,109,29
0.001873016357421875,positive,10.0,10.0,0.008600260131061077,-0.031053876504302025,0.07084529846906662,0.4695495069026947,109,32
0.0019714832305908203,positive,10.0,10.0,0.011239172890782356,0.35688769817352295,0.0842365026473999,-0.06632175296545029,109,34
0.0020172595977783203,positive,10.0,10.0,0.018376925960183144,0.550707221031189,0.08291006833314896,-0.33128395676612854,109,35
0.002065420150756836,positive,10.0,10.0,0.02939107082784176,0.35450899600982666,0.07628438621759415,-0.0136498948559165,109,36
0.0021102428436279297,positive,10.0,10.0,0.03648125007748604,0.5484587550163269,0.07601138949394226,-0.28132256865501404,109,37
0.0021562576293945312,positive,10.0,10.0,0.04745042696595192,0.7424188256263733,0.0703849345445633,-0.5490967631340027,109,38
0.0022020339965820312,positive,10.0,10.0,0.06229880452156067,0.5463824272155762,0.05940300226211548,-0.2350941151380539,109,39
0.0022466182708740234,positive,10.0,10.0,0.0732264518737793,0.7406075596809387,0.05470111966133118,-0.5084637403488159,109,40
0.002289295196533203,positive,10.0,10.0,0.0880386009812355,0.5447592735290527,0.044531844556331635,-0.19905664026737213,109,41
0.0023937225341796875,positive,10.0,10.0,0.10591437667608261,0.15335074067115784,0.04269740730524063,0.41253048181533813,109,43
0.002454519271850586,positive,10.0,10.0,0.10898139327764511,0.3478422462940216,0.050948020070791245,0.13360834121704102,109,44
0.0025064945220947266,positive,10.0,10.0,0.11593823879957199,0.15202894806861877,0.05362018570303917,0.4419194161891937,109,45
0.0025551319122314453,positive,10.0,10.0,0.1189788207411766,0.346352756023407,0.062458574771881104,0.16660942137241364,109,46
0.0026001930236816406,positive,10.0,10.0,0.1259058713912964,0.15039493143558502,0.06579076498746872,0.47832387685775757,109,47
0.00264739990234375,positive,10.0,10.0,0.1289137750864029,0.34452933073043823,0.07535724341869354,0.20708079636096954,109,48
0.002692699432373047,positive,10.0,10.0,0.13580435514450073,0.5384973287582397,0.07949885725975037,-0.060911428183317184,109,49
0.0027370452880859375,positive,10.0,10.0,0.14657430350780487,0.7323947548866272,0.07828062772750854,-0.3274909257888794,109,50
0.0027823448181152344,positive,10.0,10.0,0.1612222045660019,0.5362507104873657,0.07173080742359161,-0.011184792034327984,109,51
0.002826690673828125,positive,10.0,10.0,0.17194721102714539,0.3401772379875183,0.07150711119174957,0.3032398521900177,109,52
0.0029985904693603516,positive,10.0,10.0,0.1894349753856659,0.7281398773193359,0.07825066894292831,-0.23329710960388184,109,54
0.003214597702026367,positive,10.0,10.0,0.25536149740219116,0.7242260575294495,0.0507243387401104,-0.1464025378227234,109,58
0.0033698081970214844,positive,10.0,10.0,0.2870672047138214,0.527008593082428,0.060417354106903076,0.19304059445858002,109,61
0.0034720897674560547,positive,10.0,10.0,0.30422893166542053,0.5252367258071899,0.07436124980449677,0.2324003279209137,109,63
0.003519296646118164,positive,10.0,10.0,0.3147336542606354,0.7192217111587524,0.07900925725698471,-0.03593099117279053,109,64
0.0037713050842285156,positive,10.0,10.0,0.3942278325557709,0.9084919691085815,0.06881557404994965,-0.1999327391386032,109,69
0.0038177967071533203,positive,10.0,10.0,0.41239768266677856,0.7124567031860352,0.064816914498806,0.11363997310400009,109,70
0.003865957260131836,positive,10.0,10.0,0.42664679884910583,0.5164687633514404,0.06708971410989761,0.4260473847389221,109,71
0.003912210464477539,positive,10.0,10.0,0.4369761645793915,0.3204638361930847,0.07561066001653671,0.7391029000282288,109,72
0.004689931869506836,positive,10.0,10.0,0.7209481000900269,1.272027611732483,0.0845985859632492,-0.19647899270057678,109,87
0.004793405532836914,positive,10.0,10.0,0.7757055163383484,1.2696800231933594,0.07144258171319962,-0.14434155821800232,109,89
0.004840373992919922,positive,10.0,10.0,0.8010991215705872,1.463710069656372,0.06855574995279312,-0.4136577844619751,109,90
0.004885673522949219,positive,10.0,10.0,0.8303733468055725,1.6577966213226318,0.060282591730356216,-0.6839642524719238,109,91
0.005036115646362305,positive,10.0,10.0,0.9336962103843689,1.8510442972183228,0.014459325931966305,-0.9340336322784424,109,94
0.005084514617919922,positive,10.0,10.0,0.9707171320915222,2.0459682941436768,-0.004221347160637379,-1.2221380472183228,109,95
0.00523686408996582,positive,10.0,10.0,1.0973869562149048,1.8520647287368774,-0.08363775163888931,-0.9589064717292786,109,98
0.005384922027587891,negative,10.0,-10.0,1.204682469367981,2.0510153770446777,-0.13702498376369476,-1.343753457069397,109,101
0.005431413650512695,negative,10.0,-10.0,1.2457027435302734,1.85785710811615,-0.16390004754066467,-1.096891164779663,109,102
0.00024437904357910156,positive,10.0,10.0,0.007467452436685562,0.047355785965919495,-0.003214421682059765,-0.005132720805704594,110,0
0.000354766845703125,positive,10.0,10.0,0.00841456837952137,-0.14771991968154907,-0.003317076014354825,0.28653427958488464,110,1
0.00043487548828125,positive,10.0,10.0,0.00546016963198781,0.047449178993701935,0.0024136097636073828,-0.007192971184849739,110,2
0.0005064010620117188,positive,10.0,10.0,0.006409153342247009,-0.14770729839801788,0.002269750228151679,0.286250501871109,110,3
0.0007195472717285156,positive,10.0,10.0,0.004402651451528072,-0.14785347878932953,0.007880446501076221,0.2894788980484009,110,5
0.0007929801940917969,positive,10.0,10.0,0.0014455815544351935,0.04715521261096001,0.013670024462044239,-0.0007082270458340645,110,6
0.0008575916290283203,positive,10.0,10.0,0.002388685941696167,-0.14816008508205414,0.013655859977006912,0.2962562143802643,110,7
0.0009207725524902344,positive,10.0,10.0,-0.0005745160160586238,0.0467645488679409,0.019580984488129616,0.007911218330264091,110,8
0.0009846687316894531,positive,10.0,10.0,0.00036077495315112174,-0.14863267540931702,0.01973920874297619,0.3067072927951813,110,9
0.0013904571533203125,positive,10.0,10.0,-0.013701356947422028,-0.15182705223560333,0.05353903770446777,0.37760260701179504,110,15
0.0014522075653076172,positive,10.0,10.0,-0.01673789881169796,0.042495258152484894,0.061091091483831406,0.10226975381374359,110,16
0.0015125274658203125,positive,10.0,10.0,-0.015887992456555367,-0.15344658493995667,0.06313648819923401,0.4135838449001312,110,17
0.0015707015991210938,positive,10.0,10.0,-0.018956925719976425,0.04072626680135727,0.07140816003084183,0.14145466685295105,110,18
0.0017635822296142578,positive,10.0,10.0,-0.02047611214220524,0.2324928641319275,0.0871007964015007,-0.07787451893091202,110,21
0.0018897056579589844,positive,10.0,10.0,-0.007300951052457094,0.23003695905208588,0.07870618999004364,-0.02347075380384922,110,23
0.0019462108612060547,positive,10.0,10.0,-0.002700211713090539,0.42394712567329407,0.07823677361011505,-0.2903198301792145,110,24
0.0020003318786621094,positive,10.0,10.0,0.005778730846941471,0.2278018295764923,0.07243037968873978,0.025976287201046944,110,25
0.002118825912475586,positive,10.0,10.0,0.018771054223179817,0.6158226132392883,0.06808983534574509,-0.5118136405944824,110,27
0.002244710922241211,positive,10.0,10.0,0.039483726024627686,0.22391127049922943,0.05388407036662102,0.11188280582427979,110,29
0.002371549606323242,positive,10.0,10.0,0.04452315345406532,0.22234401106834412,0.06454306840896606,0.14659151434898376,110,31
0.0025701522827148438,positive,10.0,10.0,0.05390656366944313,0.41441282629966736,0.08041812479496002,-0.07930796593427658,110,34
0.0027740001678466797,positive,10.0,10.0,0.08260364085435867,0.6061665415763855,0.07133825123310089,-0.2982635796070099,110,37
0.0029058456420898438,positive,10.0,10.0,0.10292905569076538,0.2141084223985672,0.06569373607635498,0.3286091983318329,110,39
0.003029346466064453,positive,10.0,10.0,0.10757353901863098,0.21215985715389252,0.08509120345115662,0.3721853792667389,110,41
0.0030846595764160156,positive,10.0,10.0,0.11181673407554626,0.015938645228743553,0.09253491461277008,0.6904389262199402,110,42
0.004309415817260742,positive,10.0,10.0,0.358264684677124,1.1573203802108765,0.08473246544599533,-0.42257609963417053,110,60
0.004429817199707031,positive,10.0,10.0,0.4006332457065582,1.1550571918487549,0.0741923451423645,-0.3721048831939697,110,62
0.004483699798583984,positive,10.0,10.0,0.4237343966960907,0.9589639902114868,0.06675025075674057,-0.056981656700372696,110,63
0.0045413970947265625,positive,10.0,10.0,0.44291365146636963,0.7629516124725342,0.0656106173992157,0.2559921443462372,110,64
0.0046808719635009766,positive,10.0,10.0,0.4773142635822296,0.7610171437263489,0.07042454183101654,0.29883813858032227,110,66
0.004811763763427734,positive,10.0,10.0,0.511635959148407,1.1490161418914795,0.0769847184419632,-0.23846237361431122,110,68
0.004890918731689453,positive,10.0,10.0,0.5346162915229797,1.342958688735962,0.07221546769142151,-0.505903422832489,110,69
0.004966020584106445,positive,10.0,10.0,0.5614754557609558,1.1468974351882935,0.062097400426864624,-0.191365048289299,110,70
0.005129098892211914,positive,10.0,10.0,0.603432297706604,0.7550382614135742,0.06067495048046112,0.43072494864463806,110,72
0.005242824554443359,positive,10.0,10.0,0.6297153234481812,0.3631054162979126,0.08412747085094452,1.0555602312088013,110,74
0.005517244338989258,negative,10.0,-10.0,0.6735354661941528,0.9388521313667297,0.18489669263362885,0.39309945702552795,110,79
0.005568981170654297,negative,10.0,-10.0,0.6923125386238098,1.1309350728988647,0.1927586793899536,0.16393645107746124,110,80
0.0057353973388671875,negative,10.0,-10.0,0.7716822624206543,1.3174114227294922,0.18904612958431244,0.059963490813970566,110,83
0.005787849426269531,negative,10.0,-10.0,0.7980304956436157,1.5093908309936523,0.1902453899383545,-0.16762614250183105,110,84
0.005839347839355469,negative,10.0,-10.0,0.8282182812690735,1.7013527154922485,0.18689286708831787,-0.39477843046188354,110,85
0.005939960479736328,negative,10.0,-10.0,0.892328143119812,1.696302890777588,0.17800766229629517,-0.28077784180641174,110,87
0.005986452102661133,negative,10.0,-10.0,0.926254153251648,1.8884981870651245,0.1723921149969101,-0.5124570727348328,110,88
0.0061380863189697266,negative,10.0,-10.0,1.0355304479599,1.6869211196899414,0.1505620777606964,-0.0700363889336586,110,91
0.006499767303466797,positive,10.0,10.0,1.3215254545211792,2.259103536605835,0.08417332172393799,-0.6593160629272461,110,98
0.006547451019287109,positive,10.0,10.0,1.366707444190979,2.0629172325134277,0.07098700106143951,-0.34136074781417847,110,99
0.006747722625732422,positive,10.0,10.0,1.486523151397705,1.865038514137268,0.05763782188296318,0.013114592991769314,110,102
0.006856203079223633,positive,10.0,10.0,1.5650097131729126,2.253538131713867,0.052683304995298386,-0.5347135663032532,110,104
0.006903171539306641,positive,10.0,10.0,1.6100804805755615,2.0577166080474854,0.0419890359044075,-0.2259068340063095,110,105
0.007058143615722656,positive,10.0,10.0,1.7374107837677002,2.2513046264648438,0.02335374802350998,-0.484727680683136,110,108
0.007157087326049805,positive,10.0,10.0,1.8235541582107544,2.2507848739624023,0.009963657706975937,-0.47311970591545105,110,110
0.007315635681152344,negative,10.0,-10.0,1.9468882083892822,1.6653163433074951,-0.0007344409823417664,0.4072486162185669,110,113
0.007363080978393555,negative,10.0,-10.0,1.9801944494247437,1.4702048301696777,0.007410530932247639,0.699699878692627,110,114
0.0075190067291259766,negative,10.0,-10.0,2.056689739227295,0.8839576244354248,0.06717933714389801,1.599354863166809,110,117
0.0076181888580322266,negative,10.0,-10.0,2.0881311893463135,0.4920661449432373,0.137410506606102,2.2339277267456055,110,119
0.007666110992431641,negative,10.0,-10.0,2.0979723930358887,0.29593440890312195,0.18208906054496765,2.5656237602233887,110,120
0.0001976490020751953,positive,10.0,10.0,0.0245331022888422,0.017709091305732727,-0.026795748621225357,-0.0003165876551065594,111,0
0.0005044937133789062,positive,10.0,10.0,0.010385222733020782,-0.3713175356388092,-0.004395334981381893,0.5582267045974731,111,4
0.0005602836608886719,positive,10.0,10.0,0.0029588721226900816,-0.1761341542005539,0.006769199855625629,0.2641622722148895,111,5
0.000667572021484375,positive,10.0,10.0,-0.007990852929651737,-0.17640134692192078,0.02323189750313759,0.2701110541820526,111,7
0.0007810592651367188,positive,10.0,10.0,-0.018955819308757782,-0.1771380752325058,0.04003471881151199,0.2865035831928253,111,9
0.0008296966552734375,positive,10.0,10.0,-0.022498581558465958,-0.37280744314193726,0.04576478898525238,0.5915395021438599,111,10
0.00087738037109375,positive,10.0,10.0,-0.029954729601740837,-0.17835505306720734,0.05759558081626892,0.3136165142059326,111,11
0.0009250640869140625,positive,10.0,10.0,-0.033521831035614014,0.01590113900601864,0.06386791169643402,0.03963910788297653,111,12
0.0009713172912597656,positive,10.0,10.0,-0.03320380672812462,-0.1800757646560669,0.0646606907248497,0.35176950693130493,111,13
0.001093149185180664,positive,10.0,10.0,-0.03652392327785492,0.2080947607755661,0.07329921424388885,-0.1890724152326584,111,15
0.0012705326080322266,positive,10.0,10.0,-0.020198848098516464,0.4002712368965149,0.05748249590396881,-0.4170471727848053,111,18
0.0013227462768554688,positive,10.0,10.0,-0.012193423695862293,0.20438377559185028,0.04914155229926109,-0.10681072622537613,111,19
0.0013713836669921875,positive,10.0,10.0,-0.0081057483330369,0.008593306876718998,0.04700533673167229,0.20096223056316376,111,20
0.0014202594757080078,positive,10.0,10.0,-0.007933882996439934,-0.18716830015182495,0.051024582237005234,0.5080947875976562,111,21
0.0015869140625,positive,10.0,10.0,-0.015308097004890442,-0.3847237229347229,0.07668996602296829,0.8559315204620361,111,24
0.0021119117736816406,positive,10.0,10.0,0.02364121936261654,0.5775032639503479,0.09004916250705719,-0.3157413601875305,111,33
0.002161264419555664,positive,10.0,10.0,0.035191282629966736,0.3812217116355896,0.08373433351516724,0.003926712088286877,111,34
0.002211332321166992,positive,10.0,10.0,0.04281571879982948,0.5750492215156555,0.08381287008523941,-0.261206716299057,111,35
0.0022623538970947266,positive,10.0,10.0,0.05431670323014259,0.37883704900741577,0.07858873158693314,0.0566905215382576,111,36
0.002313375473022461,positive,10.0,10.0,0.06189344450831413,0.5727493762969971,0.07972254604101181,-0.21019884943962097,111,37
0.002361774444580078,positive,10.0,10.0,0.07334843277931213,0.7666462659835815,0.07551857084035873,-0.4767068326473236,111,38
0.0024106502532958984,positive,10.0,10.0,0.08868135511875153,0.5705437660217285,0.06598442792892456,-0.16121013462543488,111,39
0.002572298049926758,positive,10.0,10.0,0.11115468293428421,0.37271395325660706,0.07505780458450317,0.1920994520187378,111,42
0.0027277469635009766,positive,10.0,10.0,0.12955161929130554,0.564274251461029,0.09386289864778519,-0.022648034617304802,111,45
0.0027761459350585938,positive,10.0,10.0,0.14083710312843323,0.757933497428894,0.0934099331498146,-0.28430306911468506,111,46
0.0029647350311279297,positive,10.0,10.0,0.19013532996177673,0.9493149518966675,0.07225851714611053,-0.49464526772499084,111,49
0.003019094467163086,positive,10.0,10.0,0.20912162959575653,0.7532523274421692,0.062365613877773285,-0.18009324371814728,111,50
0.0030679702758789062,positive,10.0,10.0,0.22418667376041412,0.9474289417266846,0.05876374989748001,-0.4524683356285095,111,51
0.0032265186309814453,positive,10.0,10.0,0.26928040385246277,0.3599694073200226,0.0501989871263504,0.4731817841529846,111,54
0.0032758712768554688,positive,10.0,10.0,0.2764797806739807,0.554347813129425,0.05966262146830559,0.19673380255699158,111,55
0.003322124481201172,positive,10.0,10.0,0.28756675124168396,0.35842543840408325,0.06359729915857315,0.5076248049736023,111,56
0.003427743911743164,positive,10.0,10.0,0.30578717589378357,0.7465913891792297,0.0784626379609108,-0.032896481454372406,111,58
0.0036034584045410156,positive,10.0,10.0,0.3317277431488037,0.7443680167198181,0.08347419649362564,0.016309229657053947,111,60
0.003696918487548828,positive,10.0,10.0,0.34661510586738586,0.9381998181343079,0.08380037546157837,-0.24891316890716553,111,61
0.003920316696166992,positive,10.0,10.0,0.38801971077919006,0.9358928203582764,0.06854148209095001,-0.19758768379688263,111,63
0.00408172607421875,positive,10.0,10.0,0.4480169713497162,0.7381312251091003,0.05212072655558586,0.1540188491344452,111,66
0.004186153411865234,positive,10.0,10.0,0.47362565994262695,0.3464463949203491,0.06445467472076416,0.7722371816635132,111,68
0.004446744918823242,positive,10.0,10.0,0.5470613241195679,0.9255842566490173,0.08820294588804245,0.03040137328207493,111,73
0.004497528076171875,positive,10.0,10.0,0.5655730366706848,1.1193379163742065,0.08881097286939621,-0.23320120573043823,111,74
0.004601478576660156,positive,10.0,10.0,0.6142215132713318,1.1168845891952515,0.07421490550041199,-0.17863111197948456,111,76
0.004650115966796875,positive,10.0,10.0,0.6365591883659363,1.3108704090118408,0.07064228504896164,-0.4470096528530121,111,77
0.004749298095703125,positive,10.0,10.0,0.6928751468658447,1.6991417407989502,0.04736979305744171,-0.9892558455467224,111,79
0.00479578971862793,positive,10.0,10.0,0.7268579602241516,1.5034188032150269,0.027584677562117577,-0.6820792555809021,111,80
0.004841804504394531,positive,10.0,10.0,0.7569263577461243,1.3079248666763306,0.013943091966211796,-0.3808409869670868,111,81
0.004939079284667969,positive,10.0,10.0,0.8131417632102966,1.697879433631897,-0.007055632770061493,-0.9597796201705933,111,83
0.0050334930419921875,positive,10.0,10.0,0.8771563768386841,1.698330044746399,-0.03963765874505043,-0.9701529741287231,111,85
0.005177974700927734,positive,10.0,10.0,0.9751912355422974,1.8956671953201294,-0.09286133944988251,-1.315491795539856,111,88
0.00527644157409668,negative,10.0,-10.0,1.0549412965774536,2.288134813308716,-0.15188588201999664,-1.96305251121521,111,90
0.00532221794128418,negative,10.0,-10.0,1.1007039546966553,2.094912528991699,-0.19114692509174347,-1.7210389375686646,111,91
0.00018835067749023438,positive,10.0,10.0,0.03848538175225258,0.012843893840909004,0.028578143566846848,0.000843248562887311,112,0
0.0002918243408203125,positive,10.0,10.0,0.03874225914478302,-0.18267600238323212,0.028595007956027985,0.30240416526794434,112,1
0.0004363059997558594,positive,10.0,10.0,0.02752486616373062,-0.5737824440002441,0.0467224195599556,0.9073567390441895,112,3
0.00048732757568359375,positive,10.0,10.0,0.01604921743273735,-0.3793231248855591,0.06486955285072327,0.6297174692153931,112,4
0.0006444454193115234,positive,10.0,10.0,0.004935016389936209,0.20259004831314087,0.08644413948059082,-0.1739664226770401,112,7
0.0006930828094482422,positive,10.0,10.0,0.008986817672848701,0.39637526869773865,0.08296480774879456,-0.4381759762763977,112,8
0.0007948875427246094,positive,10.0,10.0,0.020917983725667,0.39416781067848206,0.07179056853055954,-0.3889174461364746,112,10
0.0009510517120361328,positive,10.0,10.0,0.03280593827366829,-0.19383111596107483,0.0672760084271431,0.5494116544723511,112,13
0.00099945068359375,positive,10.0,10.0,0.028929315507411957,0.00028451569960452616,0.07826424390077591,0.2786611020565033,112,14
0.00104522705078125,positive,10.0,10.0,0.028935005888342857,-0.19586162269115448,0.08383746445178986,0.5949658751487732,112,15
0.0013985633850097656,positive,10.0,10.0,0.0672508254647255,0.37971338629722595,0.08066444844007492,-0.06920138001441956,112,22
0.0014462471008300781,positive,10.0,10.0,0.074845090508461,0.5735917687416077,0.07928042113780975,-0.33538368344306946,112,23
0.0015463829040527344,positive,10.0,10.0,0.09386565536260605,0.5714464783668518,0.07219693809747696,-0.28772225975990295,112,25
0.0016937255859375,positive,10.0,10.0,0.13199354708194733,0.3736133277416229,0.050427984446287155,0.0656668171286583,112,28
0.001739501953125,positive,10.0,10.0,0.1394658237695694,0.17780601978302002,0.05174132063984871,0.37382397055625916,112,29
0.001834869384765625,positive,10.0,10.0,0.15046507120132446,0.1762377917766571,0.06117567792534828,0.40865635871887207,112,31
0.0018935203552246094,positive,10.0,10.0,0.15398982167243958,0.3704414367675781,0.06934880465269089,0.13587026298046112,112,32
0.0019431114196777344,positive,10.0,10.0,0.16139864921569824,0.17439822852611542,0.07206621021032333,0.4496004283428192,112,33
0.0019922256469726562,positive,10.0,10.0,0.16488660871982574,0.3684307932853699,0.08105821907520294,0.18047615885734558,112,34
0.0020427703857421875,positive,10.0,10.0,0.1722552329301834,0.5623049139976501,0.08466774225234985,-0.08557512611150742,112,35
0.0020911693572998047,positive,10.0,10.0,0.18350133299827576,0.756117582321167,0.0829562395811081,-0.35039013624191284,112,36
0.0021371841430664062,positive,10.0,10.0,0.1986236870288849,0.5599198937416077,0.07594843953847885,-0.03274444490671158,112,37
0.0022525787353515625,positive,10.0,10.0,0.22489957511425018,0.5577653050422668,0.06928291916847229,0.014915422536432743,112,39
0.002313375473022461,positive,10.0,10.0,0.23605488240718842,0.3617216646671295,0.06958122551441193,0.328628271818161,112,40
0.0024263858795166016,positive,10.0,10.0,0.25440508127212524,0.7497397661209106,0.07732727378606796,-0.20904330909252167,112,42
0.0024759769439697266,positive,10.0,10.0,0.26939988136291504,0.9436757564544678,0.07314641028642654,-0.47636643052101135,112,43
0.002539396286010742,positive,10.0,10.0,0.2882733941078186,0.747601330280304,0.06361908465623856,-0.16155534982681274,112,44
0.002592325210571289,positive,10.0,10.0,0.30322539806365967,0.5516290068626404,0.06038797274231911,0.15049982070922852,112,45
0.0026493072509765625,positive,10.0,10.0,0.31425797939300537,0.3556966483592987,0.06339797377586365,0.46160590648651123,112,46
0.0026962757110595703,positive,10.0,10.0,0.3213719129562378,0.5498679280281067,0.07263009250164032,0.18956059217453003,112,47
0.0027420520782470703,positive,10.0,10.0,0.33236926794052124,0.7438797354698181,0.07642129808664322,-0.07935536652803421,112,48
0.0028412342071533203,positive,10.0,10.0,0.3660034239292145,0.741725504398346,0.06789454817771912,-0.03167146444320679,112,50
0.002938508987426758,positive,10.0,10.0,0.3917519152164459,0.3496852517127991,0.07289385050535202,0.5947521924972534,112,52
0.0029845237731933594,positive,10.0,10.0,0.3987456262111664,0.5437152981758118,0.08478889614343643,0.32589176297187805,112,53
0.0030808448791503906,positive,10.0,10.0,0.4243706166744232,0.9312363862991333,0.09252884984016418,-0.20143014192581177,112,55
0.0031249523162841797,positive,10.0,10.0,0.4429953396320343,1.1249215602874756,0.0885002464056015,-0.4635504186153412,112,56
0.003219127655029297,positive,10.0,10.0,0.4840671420097351,1.1225708723068237,0.07634250819683075,-0.41100993752479553,112,58
0.0032656192779541016,positive,10.0,10.0,0.506518542766571,0.9264543652534485,0.06812231242656708,-0.09526907652616501,112,59
0.003416776657104492,positive,10.0,10.0,0.5503445863723755,0.3383825123310089,0.08119738847017288,0.8449793457984924,112,62
0.003936290740966797,positive,10.0,10.0,0.7454068064689636,1.1037423610687256,0.08728569746017456,0.0056418729946017265,112,72
0.0039844512939453125,positive,10.0,10.0,0.7674816846847534,1.297511100769043,0.08739853650331497,-0.2582753300666809,112,73
0.004032611846923828,positive,10.0,10.0,0.7934318780899048,1.4912837743759155,0.08223302662372589,-0.5221623182296753,112,74
0.0042285919189453125,positive,10.0,10.0,0.9126070737838745,1.8775084018707275,0.043325215578079224,-1.0183532238006592,112,78
0.004346370697021484,positive,10.0,10.0,0.9837939739227295,1.8766332864761353,0.00871040765196085,-0.9977561235427856,112,80
0.004393815994262695,positive,10.0,10.0,1.0213266611099243,1.6813958883285522,-0.011244715191423893,-0.7023504376411438,112,81
0.004606962203979492,positive,10.0,10.0,1.155874490737915,1.2931991815567017,-0.06825749576091766,-0.16248363256454468,112,85
0.0047109127044677734,positive,10.0,10.0,1.2115230560302734,1.6852835416793823,-0.08102506399154663,-0.7902311682701111,112,87
0.005277395248413086,negative,10.0,-10.0,1.4680489301681519,1.3119163513183594,-0.1474136859178543,-0.5808424353599548,112,97
0.005381107330322266,negative,10.0,-10.0,1.5166698694229126,0.9265902042388916,-0.16579030454158783,-0.09937497973442078,112,99
0.005554914474487305,negative,10.0,-10.0,1.576299786567688,0.7390374541282654,-0.1806461364030838,0.028216011822223663,112,102
0.0056574344635009766,negative,10.0,-10.0,1.6020185947418213,0.7440784573554993,-0.1749037206172943,-0.08473234623670578,112,104
0.0057048797607421875,negative,10.0,-10.0,1.6169002056121826,0.9412199258804321,-0.17659837007522583,-0.42709288001060486,112,105
0.005853414535522461,negative,10.0,-10.0,1.661842703819275,0.36494436860084534,-0.18835417926311493,0.26176440715789795,112,108
0.005948543548583984,negative,10.0,-10.0,1.6726003885269165,-0.019190194085240364,-0.17332634329795837,0.7194681763648987,112,110
0.005995273590087891,negative,10.0,-10.0,1.672216534614563,-0.21154434978961945,-0.1589369773864746,0.9529730677604675,112,111
0.006821393966674805,positive,10.0,10.0,1.6321401596069336,-0.9848010540008545,-0.05345289036631584,1.956135630607605,112,115
0.007182598114013672,positive,10.0,10.0,1.6124441623687744,-1.1793166399002075,-0.014330178499221802,2.2317845821380615,112,116
0.007289886474609375,positive,10.0,10.0,1.588857889175415,-1.3742998838424683,0.030305514112114906,2.5200164318084717,112,117
0.0002875328063964844,positive,10.0,10.0,0.006138880271464586,-0.21600757539272308,-0.02290371246635914,0.32164427638053894,113,1
0.0003674030303955078,positive,10.0,10.0,0.001818728749640286,-0.02056708373129368,-0.01647082529962063,0.021827323362231255,113,2
0.00042319297790527344,positive,10.0,10.0,0.0014073870843276381,-0.2154490053653717,-0.016034279018640518,0.30926835536956787,113,3
0.0005927085876464844,positive,10.0,10.0,-0.007605271879583597,-0.019823936745524406,-0.0035948436707258224,0.005430871620774269,113,6
0.0006973743438720703,positive,10.0,10.0,-0.012299633584916592,-0.019722674041986465,0.0024533222895115614,0.0031970355194061995,113,8
0.0008497238159179688,positive,10.0,10.0,-0.01738755591213703,-0.21503585577011108,0.00854562409222126,0.3001021146774292,113,11
0.0011119842529296875,positive,10.0,10.0,-0.026396295055747032,-0.020455583930015564,0.02089747041463852,0.019368834793567657,113,14
0.0011663436889648438,positive,10.0,10.0,-0.02680540643632412,-0.2158709019422531,0.02128484658896923,0.31857120990753174,113,15
0.0013246536254882812,positive,10.0,10.0,-0.03587530925869942,-0.02185804210603237,0.0349888913333416,0.05033215135335922,113,18
0.0014328956604003906,positive,10.0,10.0,-0.04066174849867821,-0.022871650755405426,0.043072447180747986,0.07272709906101227,113,20
0.0017561912536621094,positive,10.0,10.0,-0.0459732860326767,-0.21994996070861816,0.05410793423652649,0.40901947021484375,113,23
0.0019021034240722656,positive,10.0,10.0,-0.05088499188423157,-0.2215915471315384,0.06496579945087433,0.44553929567337036,113,25
0.0019519329071044922,positive,10.0,10.0,-0.05531682074069977,-0.02744598127901554,0.07387658953666687,0.17402178049087524,113,26
0.002000093460083008,positive,10.0,10.0,-0.05586574226617813,0.16654516756534576,0.07735702395439148,-0.0944712832570076,113,27
0.0021028518676757812,positive,10.0,10.0,-0.045325275510549545,0.16436909139156342,0.0682319924235344,-0.04628778621554375,113,29
0.0029137134552001953,positive,10.0,10.0,0.027373116463422775,0.5311083793640137,0.0914190486073494,-0.11362402141094208,113,45
0.0030150413513183594,positive,10.0,10.0,0.05249147489666939,0.5285419821739197,0.0816241130232811,-0.05671604350209236,113,47
0.0031714439392089844,positive,10.0,10.0,0.09583627432584763,0.7202171683311462,0.06226189061999321,-0.2737680673599243,113,50
0.0032737255096435547,positive,10.0,10.0,0.12072591483592987,0.32837629318237305,0.05754421651363373,0.3479295074939728,113,52
0.0035543441772460938,positive,10.0,10.0,0.16899004578590393,0.518645703792572,0.07293858379125595,0.16218943893909454,113,57
0.003603696823120117,positive,10.0,10.0,0.179362952709198,0.712651789188385,0.07618237286806107,-0.10662102699279785,113,58
0.003653287887573242,positive,10.0,10.0,0.19361598789691925,0.9066040515899658,0.07404995709657669,-0.3743295967578888,113,59
0.003700733184814453,positive,10.0,10.0,0.21174806356430054,0.710512638092041,0.06656336039304733,-0.059247758239507675,113,60
0.003746509552001953,positive,10.0,10.0,0.22595831751823425,0.5145025253295898,0.06537840515375137,0.25367143750190735,113,61
0.0037949085235595703,positive,10.0,10.0,0.23624837398529053,0.3185109496116638,0.07045183330774307,0.566238284111023,113,62
0.00389862060546875,positive,10.0,10.0,0.2528701424598694,0.706444263458252,0.08770772814750671,0.030743535608053207,113,64
0.0039463043212890625,positive,10.0,10.0,0.2669990360736847,0.9002060890197754,0.08832259476184845,-0.23302899301052094,113,65
0.004207134246826172,positive,10.0,10.0,0.36458730697631836,0.6997766494750977,0.05854137986898422,0.177986279129982,113,70
0.004312038421630859,positive,10.0,10.0,0.388660192489624,0.30792728066444397,0.0718720480799675,0.8001376390457153,113,72
0.004688739776611328,positive,10.0,10.0,0.505345344543457,1.2737324237823486,0.0850272849202156,-0.45053455233573914,113,79
0.00473785400390625,positive,10.0,10.0,0.5308200120925903,1.0775172710418701,0.07601658999919891,-0.13230721652507782,113,80
0.004843473434448242,positive,10.0,10.0,0.5777997970581055,1.4654814004898071,0.06536899507045746,-0.6687512397766113,113,82
0.005056142807006836,positive,10.0,10.0,0.7027491331100464,1.463103175163269,0.0022858513984829187,-0.6145756840705872,113,86
0.005162715911865234,positive,10.0,10.0,0.7651751041412354,1.4632080793380737,-0.028136417269706726,-0.6170164346694946,113,88
0.00526118278503418,positive,10.0,10.0,0.8276134729385376,1.4641594886779785,-0.05884527787566185,-0.6387344598770142,113,90
0.005863666534423828,positive,10.0,10.0,1.0302457809448242,0.503547191619873,-0.05047331377863884,0.4956290125846863,113,101
0.005919694900512695,positive,10.0,10.0,1.0403167009353638,0.30917197465896606,-0.040560733526945114,0.7719876766204834,113,102
0.006022453308105469,positive,10.0,10.0,1.0565966367721558,0.3100696802139282,-0.015784507617354393,0.7514839172363281,113,104
0.006122589111328125,positive,10.0,10.0,1.0729061365127563,0.3102944493293762,0.00832268875092268,0.7463208436965942,113,106
0.006169319152832031,positive,10.0,10.0,1.0791120529174805,0.5053005814552307,0.023249106481671333,0.4562686085700989,113,107
0.006214618682861328,positive,10.0,10.0,1.089218020439148,0.3098577558994293,0.03237447887659073,0.7561882138252258,113,108
0.006314516067504883,positive,10.0,10.0,1.1055055856704712,0.3087594509124756,0.05697556212544441,0.7811331748962402,113,110
0.00635981559753418,positive,10.0,10.0,1.1116807460784912,0.5030538439750671,0.07259822636842728,0.506906270980835,113,111
0.006611347198486328,negative,10.0,-10.0,1.122753381729126,-0.47827962040901184,0.1869574785232544,2.12489914894104,113,116
0.0003590583801269531,positive,10.0,10.0,-0.017975125461816788,-0.2039782851934433,0.015268797986209393,0.32496362924575806,114,1
0.0004475116729736328,positive,10.0,10.0,-0.022236231714487076,-0.20450426638126373,0.022510763257741928,0.33660537004470825,114,3
0.0006070137023925781,positive,10.0,10.0,-0.030836479738354683,-0.2061963677406311,0.038719989359378815,0.37410208582878113,114,7
0.000640869140625,positive,10.0,10.0,-0.03496040776371956,-0.011645209044218063,0.046202030032873154,0.09387491643428802,114,8
0.0006723403930664062,positive,10.0,10.0,-0.0351933091878891,-0.20739787817001343,0.04807952791452408,0.4007691442966461,114,9
0.0009160041809082031,positive,10.0,10.0,-0.0437784343957901,-0.014622614718973637,0.06723665446043015,0.15980282425880432,114,12
0.0011358261108398438,positive,10.0,10.0,-0.04506897181272507,0.3711387515068054,0.08269155770540237,-0.32827040553092957,114,16
0.0015873908996582031,positive,10.0,10.0,0.01928119920194149,0.35924720764160156,0.06811457872390747,-0.06489109247922897,114,28
0.0017337799072265625,positive,10.0,10.0,0.04790398105978966,0.35528555512428284,0.06550638377666473,0.02270320989191532,114,32
0.0017666816711425781,positive,10.0,10.0,0.055009692907333374,0.15928833186626434,0.06596044450998306,0.335313618183136,114,33
0.0018322467803955078,positive,10.0,10.0,0.06526371091604233,0.5474215149879456,0.07394949346780777,-0.20476140081882477,114,35
0.0019299983978271484,positive,10.0,10.0,0.10194792598485947,0.349444717168808,0.05720215290784836,0.1517317146062851,114,38
0.00196075439453125,positive,10.0,10.0,0.10893681645393372,0.1535523384809494,0.06023678928613663,0.46189796924591064,114,39
0.0019927024841308594,positive,10.0,10.0,0.11200786381959915,0.3477735221385956,0.06947474926710129,0.18879348039627075,114,40
0.002081155776977539,positive,10.0,10.0,0.12199793756008148,0.34574711322784424,0.08330179005861282,0.23382966220378876,114,42
0.002114534378051758,positive,10.0,10.0,0.12891288101673126,0.5395861864089966,0.08797838538885117,-0.031458258628845215,114,43
0.002146005630493164,positive,10.0,10.0,0.1397045999765396,0.7333435416221619,0.08734921365976334,-0.2951379120349884,114,44
0.0022122859954833984,positive,10.0,10.0,0.16511331498622894,0.7309570908546448,0.0819217637181282,-0.24214984476566315,114,46
0.0022430419921875,positive,10.0,10.0,0.17973245680332184,0.9248191118240356,0.07707876712083817,-0.5079095959663391,114,47
0.002276182174682617,positive,10.0,10.0,0.1982288360595703,0.728700578212738,0.06692057102918625,-0.1919664889574051,114,48
0.002307415008544922,positive,10.0,10.0,0.21280284225940704,0.532688319683075,0.06308124214410782,0.1210537999868393,114,49
0.002523660659790039,positive,10.0,10.0,0.28033265471458435,0.9165717363357544,0.07826883345842361,-0.32534259557724,114,55
0.0026607513427734375,positive,10.0,10.0,0.3535313010215759,0.912498414516449,0.055065855383872986,-0.23479023575782776,114,59
0.0026924610137939453,positive,10.0,10.0,0.37178128957748413,0.7166346907615662,0.050370052456855774,0.07474119961261749,114,60
0.0027227401733398438,positive,10.0,10.0,0.3861139714717865,0.5208281874656677,0.0518648736178875,0.3828809857368469,114,61
0.00275421142578125,positive,10.0,10.0,0.39653053879737854,0.32500964403152466,0.05952249467372894,0.6914552450180054,114,62
0.002819538116455078,positive,10.0,10.0,0.4134158790111542,0.71326744556427,0.08171337842941284,0.1494024246931076,114,64
0.002849102020263672,positive,10.0,10.0,0.42768123745918274,0.9071300029754639,0.08470142632722855,-0.11642409861087799,114,65
0.002988576889038086,positive,10.0,10.0,0.5079123377799988,0.9026418924331665,0.06683439016342163,-0.017028657719492912,114,69
0.003021240234375,positive,10.0,10.0,0.52596515417099,0.7066283226013184,0.06649381667375565,0.29597002267837524,114,70
0.0030851364135742188,positive,10.0,10.0,0.5503101944923401,0.7046634554862976,0.08459043502807617,0.3398360311985016,114,72
0.0032825469970703125,positive,10.0,10.0,0.6773961782455444,1.087360143661499,0.06961342692375183,-0.0804002434015274,114,78
0.0033125877380371094,positive,10.0,10.0,0.6991434097290039,0.8913129568099976,0.06800542771816254,0.23340819776058197,114,79
0.0033452510833740234,positive,10.0,10.0,0.7169696688652039,0.6952885389328003,0.07267358899116516,0.5467433333396912,114,80
0.0034782886505126953,positive,10.0,10.0,0.7958627343177795,1.4706305265426636,0.08440443128347397,-0.5138373970985413,114,84
0.003576040267944336,positive,10.0,10.0,0.8801321983337402,1.6624783277511597,0.060927700251340866,-0.7339562773704529,114,87
0.0036420822143554688,positive,10.0,10.0,0.9505159258842468,1.6610000133514404,0.026111403480172157,-0.7000182271003723,114,89
0.0037076473236083984,positive,10.0,10.0,1.0208508968353271,1.660468339920044,-0.00757632777094841,-0.6879062056541443,114,91
0.0037384033203125,positive,10.0,10.0,1.0540603399276733,1.8556946516036987,-0.0213344506919384,-0.9829646348953247,114,92
0.0037682056427001953,positive,10.0,10.0,1.0911741256713867,1.6608649492263794,-0.040993742644786835,-0.6970584392547607,114,93
0.004029035568237305,positive,10.0,10.0,1.2637107372283936,0.49632012844085693,-0.021997392177581787,0.9234632849693298,114,101
0.004059553146362305,positive,10.0,10.0,1.2736371755599976,0.30150216817855835,-0.0035281265154480934,1.2091528177261353,114,102
0.00408935546875,positive,10.0,10.0,1.2796672582626343,0.1064259484410286,0.020654931664466858,1.5007281303405762,114,103
0.004118680953979492,positive,10.0,10.0,1.2817957401275635,0.3012910485267639,0.05066949129104614,1.2145649194717407,114,104
0.0043048858642578125,negative,10.0,-10.0,1.319522500038147,0.48963645100593567,0.16537708044052124,1.0833899974822998,114,109
0.004336357116699219,negative,10.0,-10.0,1.329315185546875,0.6822362542152405,0.1870448887348175,0.8468314409255981,114,110
0.00436711311340332,negative,10.0,-10.0,1.3429598808288574,0.4851227402687073,0.20398151874542236,1.1920157670974731,114,111
0.00031065940856933594,positive,10.0,10.0,0.019542640075087547,-0.01718772016465664,-0.03520689904689789,-0.028708115220069885,115,0
0.00047278404235839844,positive,10.0,10.0,0.014963134191930294,-0.4063808023929596,-0.030727822333574295,0.5338476896286011,115,2
0.0005323886871337891,positive,10.0,10.0,0.006835518404841423,-0.21084049344062805,-0.02005086839199066,0.23164314031600952,115,3
0.0006499290466308594,positive,10.0,10.0,-0.005494697019457817,-0.2103346735239029,-0.005059314426034689,0.22043323516845703,115,5
0.0006983280181884766,positive,10.0,10.0,-0.009701390750706196,-0.4053839445114136,-0.0006506498320959508,0.5115159749984741,115,6
0.0007455348968505859,positive,10.0,10.0,-0.0178090687841177,-0.21025283634662628,0.009579669684171677,0.21862806379795074,115,7
0.000820159912109375,positive,10.0,10.0,-0.03012433461844921,-0.21058771014213562,0.024238577112555504,0.2260635793209076,115,9
0.0008533000946044922,positive,10.0,10.0,-0.034336090087890625,-0.406047523021698,0.028759850189089775,0.526292622089386,115,10
0.0008852481842041016,positive,10.0,10.0,-0.04245704039931297,-0.21134181320667267,0.039285700768232346,0.24280908703804016,115,11
0.0009531974792480469,positive,10.0,10.0,-0.054823920130729675,-0.2125273495912552,0.055094290524721146,0.26916560530662537,115,13
0.0009932518005371094,positive,10.0,10.0,-0.05907446891069412,-0.40839049220085144,0.0604776032269001,0.5787040591239929,115,14
0.0012204647064208984,negative,10.0,-10.0,-0.11228931695222855,-0.4157384932041168,0.142737478017807,0.7467672228813171,115,20
0.0012900829315185547,negative,10.0,-10.0,-0.12506097555160522,-0.030254945158958435,0.1677166372537613,0.26305437088012695,115,22
0.0013213157653808594,negative,10.0,-10.0,-0.1256660670042038,0.16212555766105652,0.1729777306318283,0.027610551565885544,115,23
0.0013883113861083984,negative,10.0,-10.0,-0.11533557623624802,0.5466699600219727,0.1694120615720749,-0.43920618295669556,115,25
0.0014197826385498047,negative,10.0,-10.0,-0.10440217703580856,0.3496062457561493,0.16062794625759125,-0.09827309846878052,115,26
0.0014841556549072266,negative,10.0,-10.0,-0.0865679457783699,0.3451230227947235,0.1519368290901184,0.0019306110916659236,115,28
0.001516103744506836,negative,10.0,-10.0,-0.07966548204421997,0.5377764105796814,0.15197543799877167,-0.23922263085842133,115,29
0.0015482902526855469,negative,10.0,-10.0,-0.06890995800495148,0.34084704518318176,0.14719098806381226,0.09727569669485092,115,30
0.0016162395477294922,negative,10.0,-10.0,-0.051421284675598145,0.7262929081916809,0.1462247222661972,-0.38775643706321716,115,32
0.0016467571258544922,negative,10.0,-10.0,-0.036895427852869034,0.5294308066368103,0.13846959173679352,-0.052777595818042755,115,33
0.0016758441925048828,negative,10.0,-10.0,-0.026306811720132828,0.7223236560821533,0.13741403818130493,-0.2987673580646515,115,34
0.0017757415771484375,negative,10.0,-10.0,0.005226416047662497,0.5218210816383362,0.1394166201353073,0.11671562492847443,115,37
0.0018067359924316406,negative,10.0,-10.0,0.015662837773561478,0.7146987318992615,0.14175093173980713,-0.12893781065940857,115,38
0.0021352767944335938,positive,10.0,10.0,0.19983813166618347,0.6978564262390137,0.08873245865106583,0.24480177462100983,115,48
0.002166271209716797,positive,10.0,10.0,0.2137952595949173,0.891606330871582,0.09362848848104477,-0.01862662099301815,115,49
0.002197265625,positive,10.0,10.0,0.23162738978862762,1.085269570350647,0.09325595945119858,-0.28036248683929443,115,50
0.002226591110229492,positive,10.0,10.0,0.25333279371261597,1.278946042060852,0.08764871209859848,-0.542237401008606,115,51
0.0022895336151123047,positive,10.0,10.0,0.3005658686161041,1.2766536474227905,0.07233845442533493,-0.4907771646976471,115,53
0.0023849010467529297,positive,10.0,10.0,0.3654033839702606,0.6887161731719971,0.061709508299827576,0.44622859358787537,115,56
0.002414226531982422,positive,10.0,10.0,0.37917768955230713,0.492777943611145,0.07063408195972443,0.7577075362205505,115,57
0.002577066421508789,negative,10.0,-10.0,0.4360111355781555,1.0703178644180298,0.14034107327461243,0.05117926374077797,115,62
0.0030989646911621094,positive,10.0,10.0,0.891284704208374,1.4350626468658447,0.07536764442920685,0.027809947729110718,115,78
0.0031282901763916016,positive,10.0,10.0,0.9199859499931335,1.6290273666381836,0.07592383772134781,-0.24017411470413208,115,79
0.003246307373046875,positive,10.0,10.0,1.0293670892715454,2.2112720012664795,0.0454123355448246,-1.050322413444519,115,82
0.003346681594848633,positive,10.0,10.0,1.1503065824508667,1.6248723268508911,0.000661642465274781,-0.14780284464359283,115,85
0.0033791065216064453,positive,10.0,10.0,1.182803988456726,1.819984793663025,-0.002294414211064577,-0.44027695059776306,115,86
0.0034096240997314453,positive,10.0,10.0,1.2192037105560303,1.6248953342437744,-0.011099953204393387,-0.14831817150115967,115,87
0.003537416458129883,positive,10.0,10.0,1.3570241928100586,1.6259536743164062,-0.035203322768211365,-0.17175276577472687,115,91
0.0035669803619384766,positive,10.0,10.0,1.3895432949066162,1.821561336517334,-0.03863837942481041,-0.475330114364624,115,92
0.003629446029663086,positive,10.0,10.0,1.4585145711898804,1.822782039642334,-0.052046407014131546,-0.5025447607040405,115,94
0.0036907196044921875,positive,10.0,10.0,1.5275388956069946,1.8243827819824219,-0.06663145124912262,-0.5383136868476868,115,96
0.003718852996826172,positive,10.0,10.0,1.5640264749526978,1.6302577257156372,-0.07739772647619247,-0.26734742522239685,115,97
0.003974199295043945,negative,10.0,-10.0,1.8177896738052368,1.6414915323257446,-0.12459015846252441,-0.5181229114532471,115,105
0.004037380218505859,negative,10.0,-10.0,1.8795859813690186,1.6450875997543335,-0.14029565453529358,-0.5991700291633606,115,107
0.00406646728515625,negative,10.0,-10.0,1.9124877452850342,1.841864824295044,-0.1522790491580963,-0.9325474500656128,115,108
0.0041294097900390625,negative,10.0,-10.0,1.9900985956192017,2.2355189323425293,-0.1963089406490326,-1.6099157333374023,115,110
0.00043702125549316406,positive,10.0,10.0,-0.008915744721889496,-0.03136157989501953,-0.04173112288117409,0.0016933504957705736,116,0
0.0006647109985351562,positive,10.0,10.0,-0.014060195535421371,-0.4203640818595886,-0.036078792065382004,0.5601686835289001,116,2
0.0008294582366943359,positive,10.0,10.0,-0.02696257457137108,-0.41951295733451843,-0.01974860206246376,0.5410750508308411,116,4
0.0009157657623291016,positive,10.0,10.0,-0.039835214614868164,-0.4191123843193054,-0.004082386381924152,0.5320894718170166,116,6
0.0009913444519042969,positive,10.0,10.0,-0.05269612744450569,-0.4191482961177826,0.01132186222821474,0.5328676700592041,116,8
0.001026153564453125,positive,10.0,10.0,-0.06107909232378006,-0.22418738901615143,0.02197921648621559,0.24377363920211792,116,9
0.0010726451873779297,positive,10.0,10.0,-0.06556284427642822,-0.4196162819862366,0.02685469016432762,0.5433075428009033,116,10
0.0011739730834960938,positive,10.0,10.0,-0.07845280319452286,-0.4205213785171509,0.04290495067834854,0.563543438911438,116,12
0.001321554183959961,positive,10.0,10.0,-0.09982132911682129,-0.22764289379119873,0.07174833863973618,0.320706307888031,116,15
0.0013544559478759766,positive,10.0,10.0,-0.10437418520450592,-0.42370936274528503,0.07816246896982193,0.6351252794265747,116,16
0.001562356948852539,positive,10.0,10.0,-0.1048964112997055,0.3484874963760376,0.08710098266601562,-0.3558914065361023,116,22
0.0016300678253173828,positive,10.0,10.0,-0.08708126097917557,0.3461274802684784,0.06758539378643036,-0.3031247556209564,116,24
0.0017616748809814453,positive,10.0,10.0,-0.05949835851788521,-0.047237809747457504,0.04571515694260597,0.35217589139938354,116,28
0.0017919540405273438,positive,10.0,10.0,-0.06044311448931694,0.14720524847507477,0.05275867506861687,0.07425159215927124,116,29
0.0018553733825683594,positive,10.0,10.0,-0.058471646159887314,0.14567971229553223,0.06190575286746025,0.10800354927778244,116,31
0.0020775794982910156,positive,10.0,10.0,-0.029574738815426826,0.1397937685251236,0.06371436268091202,0.23808978497982025,116,37
0.0021474361419677734,positive,10.0,10.0,-0.02790241874754429,0.1379188746213913,0.07947956025600433,0.2798236012458801,116,39
0.002179861068725586,positive,10.0,10.0,-0.025144042447209358,0.33182239532470703,0.08507603406906128,0.013228900730609894,116,40
0.0022118091583251953,positive,10.0,10.0,-0.018507594242691994,0.5256277322769165,0.08534061163663864,-0.251445472240448,116,41
0.002287149429321289,positive,10.0,10.0,0.006393639370799065,0.5232783555984497,0.06999095529317856,-0.19916588068008423,116,43
0.002360820770263672,positive,10.0,10.0,0.02340378239750862,0.13122616708278656,0.06830262392759323,0.42750483751296997,116,45
0.002553224563598633,positive,10.0,10.0,0.06752313673496246,0.32095903158187866,0.0690394788980484,0.2533729374408722,116,50
0.002721071243286133,positive,10.0,10.0,0.09307415038347244,0.706437885761261,0.0920984148979187,-0.228493794798851,116,54
0.0028536319732666016,positive,10.0,10.0,0.15723973512649536,0.7017289996147156,0.0654962807893753,-0.12387789040803909,116,58
0.0028848648071289062,positive,10.0,10.0,0.1712743192911148,0.5057328343391418,0.06301872432231903,0.18872813880443573,116,59
0.0029506683349609375,positive,10.0,10.0,0.18758434057235718,0.5038884878158569,0.07680541276931763,0.22969834506511688,116,61
0.003053903579711914,positive,10.0,10.0,0.22945278882980347,0.695526659488678,0.07456862926483154,0.01325238961726427,116,64
0.0031180381774902344,positive,10.0,10.0,0.2611533999443054,1.0834825038909912,0.069733627140522,-0.523175060749054,116,66
0.003181934356689453,positive,10.0,10.0,0.30057209730148315,0.6915348172187805,0.05508294701576233,0.10141611844301224,116,68
0.003283262252807617,positive,10.0,10.0,0.3303118646144867,0.4939455986022949,0.07975206524133682,0.4496578276157379,116,71
0.003314495086669922,positive,10.0,10.0,0.3401907682418823,0.6878542900085449,0.08874522149562836,0.1831415593624115,116,72
0.0033464431762695312,positive,10.0,10.0,0.35394784808158875,0.8816016912460327,0.09240805357694626,-0.08027905225753784,116,73
0.003448009490966797,positive,10.0,10.0,0.4106655716896057,0.6827779412269592,0.08350259810686111,0.2953885495662689,116,76
0.0034780502319335938,positive,10.0,10.0,0.42432111501693726,0.48657095432281494,0.08941037207841873,0.6131947636604309,116,77
0.003731250762939453,positive,10.0,10.0,0.5581356883049011,1.0614266395568848,0.08967683464288712,-0.03534810245037079,116,84
0.003969669342041016,positive,10.0,10.0,0.6890175342559814,1.4436075687408447,0.08822750300168991,-0.4446524679660797,116,90
0.00406956672668457,positive,10.0,10.0,0.7428368330001831,1.4412564039230347,0.07682417333126068,-0.39215075969696045,116,92
0.004105806350708008,positive,10.0,10.0,0.7716619372367859,1.2451330423355103,0.06898116320371628,-0.07626935094594955,116,93
0.0041544437408447266,positive,10.0,10.0,0.7965645790100098,1.04909348487854,0.06745577603578568,0.237355038523674,116,94
0.004202365875244141,positive,10.0,10.0,0.8175464868545532,0.8530758619308472,0.07220287621021271,0.5505296587944031,116,95
0.00455784797668457,positive,10.0,10.0,1.0688971281051636,1.619685173034668,0.08594551682472229,-0.3166165351867676,116,105
0.004590034484863281,positive,10.0,10.0,1.1012908220291138,1.4234509468078613,0.07961318641901016,0.0018852930516004562,116,106
0.004620075225830078,positive,10.0,10.0,1.1297599077224731,1.617346167564392,0.0796508938074112,-0.26465481519699097,116,107
0.00465083122253418,positive,10.0,10.0,1.1621067523956299,1.8112462759017944,0.07435779273509979,-0.5311902165412903,116,108
0.004681110382080078,positive,10.0,10.0,1.1983317136764526,2.0052478313446045,0.06373399496078491,-0.7995474338531494,116,109
0.004709720611572266,positive,10.0,10.0,1.2384366989135742,1.8093122243881226,0.047743044793605804,-0.48751556873321533,116,110
0.00484156608581543,positive,10.0,10.0,1.375306487083435,1.8072705268859863,0.022030198946595192,-0.4419499635696411,116,114
0.004872560501098633,positive,10.0,10.0,1.411451816558838,2.0020737648010254,0.01319119893014431,-0.727607786655426,116,115
0.004936933517456055,positive,10.0,10.0,1.4876288175582886,1.6116694211959839,-0.0099770063534379,-0.13854888081550598,116,117
0.005034208297729492,positive,10.0,10.0,1.5882407426834106,1.8074159622192383,-0.024349743500351906,-0.44509294629096985,116,120
0.005065441131591797,positive,10.0,10.0,1.6243890523910522,1.6126468181610107,-0.033251602202653885,-0.16018396615982056,116,121
0.005095243453979492,positive,10.0,10.0,1.656641960144043,1.808228611946106,-0.03645528107881546,-0.4631687104701996,116,122
0.00512385368347168,positive,10.0,10.0,1.6928064823150635,1.613640308380127,-0.04571865499019623,-0.18219564855098724,116,123
0.005153179168701172,positive,10.0,10.0,1.7250792980194092,1.8093856573104858,-0.04936257004737854,-0.4889434278011322,116,124
0.005181550979614258,positive,10.0,10.0,1.761267066001892,1.6149935722351074,-0.05914143845438957,-0.21221722662448883,116,125
0.0052492618560791016,positive,10.0,10.0,1.8219821453094482,1.2266062498092651,-0.062161002308130264,0.33326902985572815,116,127
0.005350351333618164,positive,10.0,10.0,1.8839250802993774,0.6436111927032471,-0.025772830471396446,1.1591548919677734,116,130
0.005384922027587891,positive,10.0,10.0,1.8967972993850708,0.4488343894481659,-0.0025897326413542032,1.443646788597107,116,131
0.005425214767456055,positive,10.0,10.0,1.9057739973068237,0.2537444233894348,0.026283202692866325,1.7355194091796875,116,132
0.005455970764160156,positive,10.0,10.0,1.9108489751815796,0.05833280459046364,0.06099358946084976,2.036262035369873,116,133
0.0054857730865478516,negative,10.0,-10.0,1.9120155572891235,-0.13736192882061005,0.10171882808208466,2.3471791744232178,116,134
0.005553245544433594,negative,10.0,-10.0,1.9026035070419312,-0.5291177034378052,0.20204901695251465,3.003453016281128,116,136
0.00018858909606933594,positive,10.0,10.0,-0.04085016995668411,-0.03649081662297249,0.02637730911374092,-0.004167023114860058,117,0
0.0004067420959472656,positive,10.0,10.0,-0.04696447402238846,-0.23281246423721313,0.03247726336121559,0.3151191473007202,117,3
0.0005328655242919922,positive,10.0,10.0,-0.05238408222794533,-0.23382382094860077,0.0394367016851902,0.3375144898891449,117,5
0.0007503032684326172,positive,10.0,10.0,-0.06335937231779099,-0.23647965490818024,0.05636625364422798,0.39642998576164246,117,9
0.0008518695831298828,positive,10.0,10.0,-0.06893298774957657,-0.2381822019815445,0.06673560291528702,0.434291809797287,117,11
0.0010046958923339844,positive,10.0,10.0,-0.07157992571592331,0.34381163120269775,0.07659688591957092,-0.3714543879032135,117,14
0.0010521411895751953,positive,10.0,10.0,-0.06470369547605515,0.1476898044347763,0.06916779279708862,-0.05563673749566078,117,15
0.0012035369873046875,positive,10.0,10.0,-0.06760447472333908,-0.05035342648625374,0.08464372158050537,0.3026421368122101,117,18
0.0012493133544921875,positive,10.0,10.0,-0.06861153990030289,0.14346659183502197,0.09069656580686569,0.037808507680892944,117,19
0.0013959407806396484,positive,10.0,10.0,-0.048380978405475616,0.3346484899520874,0.07720539718866348,-0.16865777969360352,117,22
0.0014438629150390625,positive,10.0,10.0,-0.04168801009654999,0.5285853147506714,0.07383224368095398,-0.4360206127166748,117,23
0.001489400863647461,positive,10.0,10.0,-0.0311163030564785,0.7225886583328247,0.06511183083057404,-0.7045459151268005,117,24
0.0015528202056884766,positive,10.0,10.0,-0.016664529219269753,0.526627779006958,0.05102091282606125,-0.392098069190979,117,25
0.0016598701477050781,positive,10.0,10.0,0.00048443200648762286,0.13510684669017792,0.04150344431400299,0.2222118079662323,117,27
0.0018148422241210938,positive,10.0,10.0,0.004652176517993212,-0.062018007040023804,0.061498213559389114,0.5597902536392212,117,30
0.002064943313598633,positive,10.0,10.0,0.037262652069330215,0.5179516077041626,0.0635138601064682,-0.20056210458278656,117,35
0.0022122859954833984,positive,10.0,10.0,0.056582506746053696,0.3202551007270813,0.07017797976732254,0.14970625936985016,117,38
0.002257108688354492,positive,10.0,10.0,0.06298761069774628,0.12420206516981125,0.07317210733890533,0.4636773467063904,117,39
0.002306699752807617,positive,10.0,10.0,0.06547164916992188,0.31821781396865845,0.0824456512928009,0.19492585957050323,117,40
0.002613544464111328,positive,10.0,10.0,0.12280499190092087,0.31119275093078613,0.08454184979200363,0.35041701793670654,117,46
0.0026612281799316406,positive,10.0,10.0,0.12902884185314178,0.5050169825553894,0.09155018627643585,0.08554472029209137,117,47
0.002706766128540039,positive,10.0,10.0,0.13912919163703918,0.6987155079841614,0.09326108545064926,-0.17690812051296234,117,48
0.002905607223510742,positive,10.0,10.0,0.20267345011234283,0.693848192691803,0.07085723429918289,-0.06891556829214096,117,52
0.003004312515258789,positive,10.0,10.0,0.22650612890720367,0.30174368619918823,0.07438401877880096,0.5590186715126038,117,54
0.0030498504638671875,positive,10.0,10.0,0.2325410097837448,0.49574705958366394,0.08556438982486725,0.2906670570373535,117,55
0.003094911575317383,positive,10.0,10.0,0.24245594441890717,0.29951587319374084,0.09137773513793945,0.6090622544288635,117,56
0.003744363784790039,positive,10.0,10.0,0.44500166177749634,1.0622056722640991,0.0824836939573288,-0.17197678983211517,117,68
0.0037932395935058594,positive,10.0,10.0,0.4662458002567291,1.2560561895370483,0.0790441557765007,-0.4375411570072174,117,69
0.003996372222900391,positive,10.0,10.0,0.543198823928833,0.8618723750114441,0.08185800909996033,0.23703566193580627,117,73
0.004094362258911133,positive,10.0,10.0,0.5815509557723999,1.249515414237976,0.08602380752563477,-0.29289838671684265,117,75
0.00413966178894043,positive,10.0,10.0,0.6065412759780884,1.0532790422439575,0.08016584068536758,0.025627581402659416,117,76
0.004185914993286133,positive,10.0,10.0,0.6276068687438965,1.247165322303772,0.08067839592695236,-0.24072425067424774,117,77
0.004285335540771484,positive,10.0,10.0,0.6813710927963257,1.6350232362747192,0.06572575122117996,-0.7747519612312317,117,79
0.0043315887451171875,positive,10.0,10.0,0.7140715718269348,1.4390617609024048,0.050230707973241806,-0.46213486790657043,117,80
0.00442957878112793,positive,10.0,10.0,0.7677181363105774,1.047582983970642,0.03790697455406189,0.1512749046087265,117,82
0.0044744014739990234,positive,10.0,10.0,0.7886698246002197,0.8519393801689148,0.04093247279524803,0.4556715488433838,117,83
0.004520416259765625,positive,10.0,10.0,0.8057085871696472,0.6562632918357849,0.05004590377211571,0.7609705924987793,117,84
0.0046176910400390625,positive,10.0,10.0,0.8280436396598816,0.2645673155784607,0.08664475381374359,1.3814029693603516,117,86
0.004716396331787109,negative,10.0,-10.0,0.842505156993866,0.6519598364830017,0.13661332428455353,0.8622629046440125,117,88
0.00496673583984375,negative,10.0,-10.0,0.9462456703186035,1.6145553588867188,0.17455697059631348,-0.32659661769866943,117,93
0.00501251220703125,negative,10.0,-10.0,0.9785367846488953,1.4174336194992065,0.16802504658699036,0.0156521238386631,117,94
0.005057334899902344,negative,10.0,-10.0,1.0068854093551636,1.6097973585128784,0.1683380901813507,-0.2196625918149948,117,95
0.005153179168701172,negative,10.0,-10.0,1.0751246213912964,1.994633674621582,0.15484733879566193,-0.691724956035614,117,97
0.005568027496337891,positive,10.0,10.0,1.4166992902755737,1.9832794666290283,0.03133047744631767,-0.4325060248374939,117,105
0.005620241165161133,positive,10.0,10.0,1.4563648700714111,1.7877283096313477,0.022680355235934258,-0.13011348247528076,117,106
0.005667209625244141,positive,10.0,10.0,1.4921194314956665,1.9825180768966675,0.020078087225556374,-0.4155556261539459,117,107
0.005713224411010742,positive,10.0,10.0,1.5317697525024414,1.7871174812316895,0.01176697388291359,-0.11661113053560257,117,108
0.005864381790161133,positive,10.0,10.0,1.6428897380828857,1.9819172620773315,-0.0008747425745241344,-0.4021811783313751,117,111
0.005910396575927734,positive,10.0,10.0,1.6825281381607056,1.7868077754974365,-0.008918366394937038,-0.1097741648554802,117,112
0.0060579776763916016,positive,10.0,10.0,1.793647289276123,1.5922523736953735,-0.02154097706079483,0.1704590916633606,117,115
0.006105899810791016,positive,10.0,10.0,1.8254923820495605,1.3974453210830688,-0.018131794407963753,0.45626941323280334,117,116
0.0061511993408203125,positive,10.0,10.0,1.8534412384033203,1.5928188562393188,-0.009006406180560589,0.15792681276798248,117,117
0.0063533782958984375,negative,10.0,-10.0,1.9730720520019531,1.592898964881897,0.015109832398593426,0.15616486966609955,117,121
0.00655364990234375,negative,10.0,-10.0,2.1004762649536133,1.2016969919204712,0.028216753154993057,0.7628182768821716,117,125
0.006703615188598633,negative,10.0,-10.0,2.160844564437866,0.6146588921546936,0.09216298907995224,1.6824628114700317,117,128
0.006852865219116211,negative,10.0,-10.0,2.2015531063079834,0.8052367568016052,0.18919022381305695,1.5080453157424927,117,131
0.0003247261047363281,positive,10.0,10.0,-0.008322767913341522,-0.19148103892803192,-0.03173750638961792,0.2593501806259155,118,1
0.00039076805114746094,positive,10.0,10.0,-0.01215238869190216,-0.38613587617874146,-0.026550503447651863,0.5418561100959778,118,2
0.00044536590576171875,positive,10.0,10.0,-0.01987510547041893,-0.19065101444721222,-0.01571338251233101,0.24092726409435272,118,3
0.0006899833679199219,positive,10.0,10.0,-0.042912233620882034,-0.19032806158065796,0.014829707331955433,0.23378178477287292,118,7
0.0007970333099365234,positive,10.0,10.0,-0.0544319674372673,-0.1908164918422699,0.030127450823783875,0.2446317970752716,118,9
0.0008492469787597656,positive,10.0,10.0,-0.05824830010533333,-0.38635551929473877,0.03502008691430092,0.5466633439064026,118,10
0.0009000301361083984,positive,10.0,10.0,-0.06597540527582169,-0.1917426437139511,0.04595335200428963,0.2652168273925781,118,11
0.00095367431640625,positive,10.0,10.0,-0.06981026381254196,-0.38748931884765625,0.05125769227743149,0.5720324516296387,118,12
0.0010609626770019531,positive,10.0,10.0,-0.08142249286174774,0.0010525219840928912,0.06861689686775208,0.02365928515791893,118,14
0.001107931137084961,positive,10.0,10.0,-0.08140143752098083,-0.19498294591903687,0.06909008324146271,0.3371780514717102,118,15
0.0011539459228515625,positive,10.0,10.0,-0.08530110120773315,-0.0009087147191166878,0.07583364099264145,0.06705756485462189,118,16
0.0011997222900390625,positive,10.0,10.0,-0.08531927317380905,0.19304871559143066,0.07717479020357132,-0.20076869428157806,118,17
0.001302480697631836,positive,10.0,10.0,-0.07371856272220612,0.19091178476810455,0.06379655003547668,-0.15332761406898499,118,19
0.0013496875762939453,positive,10.0,10.0,-0.06990032643079758,-0.005062873009592295,0.06073000282049179,0.15877984464168549,118,20
0.00139617919921875,positive,10.0,10.0,-0.07000157982110977,-0.20099933445453644,0.06390559673309326,0.4699863791465759,118,21
0.0014431476593017578,positive,10.0,10.0,-0.07402157038450241,-0.006835572421550751,0.07330532371997833,0.1981106847524643,118,22
0.0015118122100830078,positive,10.0,10.0,-0.07415828108787537,0.1871654987335205,0.07726754248142242,-0.07057692110538483,118,23
0.0016782283782958984,positive,10.0,10.0,-0.05129168555140495,0.37904804944992065,0.05698274448513985,-0.29212483763694763,118,26
0.0017940998077392578,positive,10.0,10.0,-0.04004748910665512,-0.012654773890972137,0.05149967595934868,0.32634100317955017,118,28
0.0019598007202148438,positive,10.0,10.0,-0.03695075958967209,0.18002896010875702,0.06624805182218552,0.08724495023488998,118,31
0.002007722854614258,positive,10.0,10.0,-0.033350180834531784,-0.015976957976818085,0.06799295544624329,0.4000715911388397,118,32
0.002162456512451172,positive,10.0,10.0,-0.02266588807106018,0.565987229347229,0.07582198828458786,-0.4050886929035187,118,35
0.0022101402282714844,positive,10.0,10.0,-0.011346143670380116,0.3698764741420746,0.0677202120423317,-0.08949746191501617,118,36
0.0023603439331054688,positive,10.0,10.0,-0.0009144992218352854,0.17191827297210693,0.08113522082567215,0.2667944133281708,118,39
0.0024595260620117188,positive,10.0,10.0,0.00983974989503622,0.5595763921737671,0.08648640662431717,-0.2634316682815552,118,41
0.002508878707885742,positive,10.0,10.0,0.021031277254223824,0.7533642649650574,0.08121777325868607,-0.5276316404342651,118,42
0.0025572776794433594,positive,10.0,10.0,0.03609856218099594,0.5571991205215454,0.0706651359796524,-0.21050213277339935,118,43
0.0026040077209472656,positive,10.0,10.0,0.04724254459142685,0.3611416816711426,0.06645509600639343,0.10360834747552872,118,44
0.0026504993438720703,positive,10.0,10.0,0.05446537956595421,0.16513341665267944,0.06852725893259048,0.4164952039718628,118,45
0.0028476715087890625,positive,10.0,10.0,0.09095683693885803,0.5509264469146729,0.06959898769855499,-0.07175159454345703,118,49
0.002892732620239258,positive,10.0,10.0,0.10197536647319794,0.3548792898654938,0.06816395372152328,0.24205277860164642,118,50
0.0029387474060058594,positive,10.0,10.0,0.10907295346260071,0.158853217959404,0.07300501316785812,0.5554337501525879,118,51
0.0030345916748046875,positive,10.0,10.0,0.11930758506059647,0.5467062592506409,0.08984600007534027,0.02160199172794819,118,53
0.0030786991119384766,positive,10.0,10.0,0.13024170696735382,0.7404325008392334,0.09027803689241409,-0.24143613874912262,118,54
0.0031228065490722656,positive,10.0,10.0,0.14505036175251007,0.9341567158699036,0.08544931560754776,-0.5043333172798157,118,55
0.0031659603118896484,positive,10.0,10.0,0.16373349726200104,0.7379409670829773,0.07536265254020691,-0.18599209189414978,118,56
0.0033648014068603516,positive,10.0,10.0,0.22264529764652252,0.34396645426750183,0.06321393698453903,0.48306572437286377,118,60
0.003410816192626953,positive,10.0,10.0,0.229524627327919,0.5381419062614441,0.0728752464056015,0.21095678210258484,118,61
0.0034673213958740234,positive,10.0,10.0,0.24028746783733368,0.7321503162384033,0.07709438353776932,-0.057877060025930405,118,62
0.0035250186920166016,positive,10.0,10.0,0.2549304664134979,0.9260870814323425,0.07593684643507004,-0.32527482509613037,118,63
0.0036306381225585938,positive,10.0,10.0,0.29585322737693787,0.9240286350250244,0.057569801807403564,-0.27935677766799927,118,65
0.0037844181060791016,positive,10.0,10.0,0.3395426273345947,0.726642906665802,0.05939161404967308,0.06389117985963821,118,68
0.003831148147583008,positive,10.0,10.0,0.35407549142837524,0.5307219624519348,0.0606694370508194,0.37470534443855286,118,69
0.0038785934448242188,positive,10.0,10.0,0.3646899163722992,0.3347930610179901,0.06816354393959045,0.6858838200569153,118,70
0.003975391387939453,positive,10.0,10.0,0.38196390867233276,0.7227776050567627,0.09018953144550323,0.14962826669216156,118,72
0.004019498825073242,positive,10.0,10.0,0.3964194655418396,0.9165000915527344,0.09318209439516068,-0.11329465359449387,118,73
0.004064083099365234,positive,10.0,10.0,0.41474947333335876,1.110171914100647,0.09091620147228241,-0.37518611550331116,118,74
0.004264116287231445,positive,10.0,10.0,0.4878145754337311,0.7152664065361023,0.08749484270811081,0.3158566951751709,118,78
0.004413604736328125,positive,10.0,10.0,0.5423547029495239,1.2963472604751587,0.09065846353769302,-0.47099408507347107,118,81
0.004614591598510742,positive,10.0,10.0,0.6381178498268127,0.9017515778541565,0.06785445660352707,0.21300488710403442,118,85
0.004710674285888672,positive,10.0,10.0,0.6780697107315063,1.2898589372634888,0.07096404582262039,-0.32661256194114685,118,87
0.0047550201416015625,positive,10.0,10.0,0.7038668990135193,1.4839025735855103,0.06443179398775101,-0.5960994958877563,118,88
0.004852294921875,positive,10.0,10.0,0.767106294631958,1.4822708368301392,0.0351535826921463,-0.5590917468070984,118,90
0.004896879196166992,positive,10.0,10.0,0.7967516779899597,1.2866735458374023,0.02397174946963787,-0.2555440366268158,118,91
0.004993438720703125,positive,10.0,10.0,0.8443095088005066,0.8958304524421692,0.01975291781127453,0.34317606687545776,118,93
0.0050389766693115234,positive,10.0,10.0,0.862226128578186,0.7004331350326538,0.02661643922328949,0.6420218348503113,118,94
0.005084514617919922,positive,10.0,10.0,0.8762348294258118,0.5049504637718201,0.03945687785744667,0.9429662823677063,118,95
0.005559444427490234,negative,10.0,-10.0,1.013145089149475,1.4663690328598022,0.1572076976299286,-0.2107042521238327,118,104
0.005609035491943359,negative,10.0,-10.0,1.0424724817276,1.6589348316192627,0.15299361944198608,-0.44996193051338196,118,105
0.00565648078918457,negative,10.0,-10.0,1.0756511688232422,1.8515993356704712,0.14399437606334686,-0.6907782554626465,118,106
0.0059359073638916016,positive,10.0,10.0,1.2682526111602783,1.648746371269226,0.07144366949796677,-0.2202731966972351,118,111
0.006230592727661133,positive,10.0,10.0,1.4775364398956299,1.6439615488052368,0.03347622603178024,-0.1141943484544754,118,117
0.006277322769165039,positive,10.0,10.0,1.5104155540466309,1.8385882377624512,0.031192339956760406,-0.39613065123558044,118,118
0.006322622299194336,positive,10.0,10.0,1.547187328338623,1.6430379152297974,0.02326972596347332,-0.09377879649400711,118,119
0.006367683410644531,positive,10.0,10.0,1.5800480842590332,1.8378187417984009,0.0213941503316164,-0.3790302574634552,118,120
0.0064127445220947266,positive,10.0,10.0,1.6168044805526733,2.032630443572998,0.013813545927405357,-0.6648915410041809,118,121
0.006456851959228516,positive,10.0,10.0,1.6574571132659912,2.22755765914917,0.0005157148698344827,-0.9531932473182678,118,122
0.006501913070678711,positive,10.0,10.0,1.7020082473754883,2.032428741455078,-0.0185481496155262,-0.6603483557701111,118,123
0.006598949432373047,positive,10.0,10.0,1.7872129678726196,2.0331227779388428,-0.050931382924318314,-0.6762736439704895,118,125
0.0066432952880859375,positive,10.0,10.0,1.8278753757476807,1.8387441635131836,-0.06445685774087906,-0.4000511169433594,118,126
0.0066869258880615234,positive,10.0,10.0,1.8646502494812012,1.6445928812026978,-0.07245787978172302,-0.12836623191833496,118,127
0.006781816482543945,negative,10.0,-10.0,1.934355616569519,1.6466894149780273,-0.08388520777225494,-0.17487846314907074,118,129
0.006879091262817383,negative,10.0,-10.0,2.004147529602051,1.6491177082061768,-0.09723879396915436,-0.2288861870765686,118,131
0.006974220275878906,negative,10.0,-10.0,2.066240072250366,1.6519335508346558,-0.10118431597948074,-0.2913815975189209,118,133
0.007020473480224609,negative,10.0,-10.0,2.099278688430786,1.4583890438079834,-0.10701194405555725,-0.03224708512425423,118,134
0.007066249847412109,negative,10.0,-10.0,2.128446578979492,1.654869794845581,-0.10765688866376877,-0.35668396949768066,118,135
0.007110118865966797,negative,10.0,-10.0,2.161543846130371,1.4614300727844238,-0.11479056626558304,-0.09979411214590073,118,136
0.007207632064819336,negative,10.0,-10.0,2.2239322662353516,1.8545597791671753,-0.12531393766403198,-0.7534713745117188,118,138
0.007251739501953125,negative,10.0,-10.0,2.26102352142334,2.05116605758667,-0.14038336277008057,-1.082814335823059,118,139
0.007348537445068359,negative,10.0,-10.0,2.34700345993042,2.4445483684539795,-0.1903606504201889,-1.7546889781951904,118,141
0.00020360946655273438,positive,10.0,10.0,-0.04855057969689369,-0.01682411879301071,0.004092099145054817,-0.039721615612506866,119,0
0.00041413307189941406,positive,10.0,10.0,-0.06551402807235718,-0.40756288170814514,0.02450089156627655,0.5566611886024475,119,4
0.0004754066467285156,positive,10.0,10.0,-0.07366528362035751,-0.21279330551624298,0.0356341153383255,0.2717970907688141,119,5
0.0005321502685546875,positive,10.0,10.0,-0.07792115211486816,-0.4084051251411438,0.04107005521655083,0.5755027532577515,119,6
0.0008397102355957031,positive,10.0,10.0,-0.0954914391040802,-0.21721899509429932,0.06667539477348328,0.3700166344642639,119,11
0.0008943080902099609,positive,10.0,10.0,-0.0998358204960823,-0.023104587569832802,0.07407572865486145,0.09908004105091095,119,12
0.0010230541229248047,positive,10.0,10.0,-0.09688027203083038,0.3648374378681183,0.07267046719789505,-0.4370962679386139,119,14
0.0011761188507080078,positive,10.0,10.0,-0.09121553599834442,-0.41913431882858276,0.07529778778553009,0.813672661781311,119,18
0.0014209747314453125,negative,10.0,-10.0,-0.11541951447725296,0.54319167137146,0.1509103626012802,-0.3631124794483185,119,25
0.001453399658203125,negative,10.0,-10.0,-0.10455568134784698,0.3462831377983093,0.14364810287952423,-0.026907144114375114,119,26
0.0015206336975097656,negative,10.0,-10.0,-0.08684833347797394,0.7319048643112183,0.13768911361694336,-0.5153859853744507,119,28
0.0018663406372070312,positive,10.0,10.0,0.04626040533185005,1.105260968208313,0.0873766615986824,-0.7262434959411621,119,38
0.0018987655639648438,positive,10.0,10.0,0.06836562603712082,1.2990731000900269,0.07285179197788239,-0.9901965856552124,119,39
0.001967191696166992,positive,10.0,10.0,0.11640819907188416,0.9072381854057312,0.039536841213703156,-0.3666491210460663,119,41
0.0019991397857666016,positive,10.0,10.0,0.1345529556274414,0.7115773558616638,0.03220386058092117,-0.061766449362039566,119,42
0.0020296573638916016,positive,10.0,10.0,0.14878450334072113,0.5160088539123535,0.030968530103564262,0.24090053141117096,119,43
0.0021986961364746094,positive,10.0,10.0,0.1924743503332138,0.3176969289779663,0.069132961332798,0.6050699353218079,119,48
0.0022296905517578125,positive,10.0,10.0,0.1988282948732376,0.511787474155426,0.08123435825109482,0.3349384665489197,119,49
0.002332925796508789,positive,10.0,10.0,0.24116580188274384,1.0931618213653564,0.08541673421859741,-0.45798438787460327,119,52
0.0023658275604248047,positive,10.0,10.0,0.2630290389060974,0.8969427943229675,0.07625704258680344,-0.13964687287807465,119,53
0.002397775650024414,positive,10.0,10.0,0.2809678912162781,1.0908944606781006,0.07346410304307938,-0.4073309898376465,119,54
0.002429485321044922,positive,10.0,10.0,0.3027857840061188,0.8948118090629578,0.06531748920679092,-0.09242144227027893,119,55
0.0024962425231933594,positive,10.0,10.0,0.3346583843231201,0.5028483867645264,0.06787171214818954,0.5321420431137085,119,57
0.0025272369384765625,positive,10.0,10.0,0.3447153568267822,0.3068407475948334,0.07851455360651016,0.8454155325889587,119,58
0.0027971267700195312,positive,10.0,10.0,0.4866257309913635,1.0752149820327759,0.09152854233980179,-0.06053029000759125,119,66
0.002828359603881836,positive,10.0,10.0,0.5081300139427185,1.2689135074615479,0.09031793475151062,-0.3229900896549225,119,67
0.002859830856323242,positive,10.0,10.0,0.53350830078125,1.0726293325424194,0.08385813236236572,-0.0032464645337313414,119,68
0.0030062198638916016,positive,10.0,10.0,0.6347787976264954,1.0681331157684326,0.06341462582349777,0.09613168984651566,119,72
0.0030426979064941406,positive,10.0,10.0,0.656141459941864,0.8721622824668884,0.06533726304769516,0.4081284701824188,119,73
0.003290891647338867,positive,10.0,10.0,0.8050621151924133,1.4484362602233887,0.09245345741510391,-0.27141639590263367,119,80
0.0033605098724365234,positive,10.0,10.0,0.8668733239173889,1.4458945989608765,0.07635378837585449,-0.21478122472763062,119,82
0.0033943653106689453,positive,10.0,10.0,0.895791232585907,1.639846682548523,0.07205816358327866,-0.4824354350566864,119,83
0.00342559814453125,positive,10.0,10.0,0.9285881519317627,1.443785548210144,0.06240945681929588,-0.16794022917747498,119,84
0.0034563541412353516,positive,10.0,10.0,0.9574638605117798,1.2478283643722534,0.059050653129816055,0.14375977218151093,119,85
0.003487110137939453,positive,10.0,10.0,0.9824204444885254,1.0519126653671265,0.061925847083330154,0.45447197556495667,119,86
0.003695964813232422,negative,10.0,-10.0,1.096610188484192,1.4334595203399658,0.14158879220485687,0.0607154555618763,119,92
0.0037300586700439453,negative,10.0,-10.0,1.1252793073654175,1.6262974739074707,0.1428031027317047,-0.18415866792201996,119,93
0.003763437271118164,negative,10.0,-10.0,1.157805323600769,1.8191180229187012,0.1391199380159378,-0.4286039471626282,119,94
0.003936290740966797,positive,10.0,10.0,1.3471436500549316,2.0052313804626465,0.0929587259888649,-0.5206984877586365,119,99
0.0039675235748291016,positive,10.0,10.0,1.3872482776641846,2.198930263519287,0.08254475146532059,-0.782701849937439,119,100
0.0040357112884521484,positive,10.0,10.0,1.4712823629379272,1.806776523590088,0.05758606269955635,-0.15223869681358337,119,102
0.0041010379791259766,positive,10.0,10.0,1.5474385023117065,1.8051782846450806,0.046017032116651535,-0.11684706062078476,119,104
0.004200935363769531,positive,10.0,10.0,1.6596122980117798,1.998489260673523,0.03401608392596245,-0.3697167634963989,119,107
0.0042667388916015625,positive,10.0,10.0,1.735640048980713,1.997631311416626,0.025291645899415016,-0.35067135095596313,119,109
0.004332780838012695,positive,10.0,10.0,1.8116358518600464,1.997014045715332,0.01727578602731228,-0.3369820713996887,119,111
0.004431486129760742,negative,10.0,-10.0,1.935346245765686,1.8015244007110596,-0.00851090531796217,-0.036116763949394226,119,114
0.0044629573822021484,negative,10.0,-10.0,1.971376657485962,1.6065255403518677,-0.00923324003815651,0.25386878848075867,119,115
0.004492998123168945,negative,10.0,-10.0,2.003507137298584,1.4115365743637085,-0.00415586493909359,0.5436251163482666,119,116
0.004559040069580078,negative,10.0,-10.0,2.0638723373413086,1.4114995002746582,0.011709352023899555,0.5444296002388,119,118
0.004597187042236328,negative,10.0,-10.0,2.092102289199829,1.6064549684524536,0.022597942501306534,0.25545889139175415,119,119
0.0046536922454833984,negative,10.0,-10.0,2.1242313385009766,1.4110177755355835,0.027707122266292572,0.5551830530166626,119,120
0.004705190658569336,negative,10.0,-10.0,2.152451753616333,1.605739951133728,0.03881078213453293,0.2713567316532135,119,121
0.004827737808227539,negative,10.0,-10.0,2.237055778503418,1.0185399055480957,0.07340455055236816,1.1919857263565063,119,124
0.004965305328369141,negative,10.0,-10.0,2.2950074672698975,0.23379985988140106,0.20709228515625,2.496018409729004,119,128
0.0002617835998535156,positive,10.0,10.0,-0.034289438277482986,-0.03714216500520706,-0.04326795041561127,-0.014581289142370224,120,2
0.00030159950256347656,positive,10.0,10.0,-0.035032279789447784,-0.2316177487373352,-0.04355957731604576,0.2641422748565674,120,3
0.00033593177795410156,positive,10.0,10.0,-0.03966463729739189,-0.4260917603969574,-0.038276731967926025,0.5427740812301636,120,4
0.0003674030303955078,positive,10.0,10.0,-0.048186469823122025,-0.23045337200164795,-0.027421249076724052,0.23828084766864777,120,5
0.0004360675811767578,positive,10.0,10.0,-0.061298999935388565,-0.22973966598510742,-0.012211836874485016,0.2224547117948532,120,7
0.0004673004150390625,positive,10.0,10.0,-0.06589379161596298,-0.42468497157096863,-0.007762742228806019,0.5112606883049011,120,8
0.0004980564117431641,positive,10.0,10.0,-0.07438749074935913,-0.22945453226566315,0.0024624706711620092,0.21614161133766174,120,9
0.0005292892456054688,positive,10.0,10.0,-0.0789765864610672,-0.4246115982532501,0.006785302888602018,0.5096002817153931,120,10
0.0006299018859863281,positive,10.0,10.0,-0.10055945813655853,-0.23013156652450562,0.03169963136315346,0.23117628693580627,120,13
0.00067138671875,positive,10.0,10.0,-0.10516209155321121,-0.4256918132305145,0.03632315993309021,0.5336874127388,120,14
0.0007469654083251953,positive,10.0,10.0,-0.11829791218042374,-0.42685943841934204,0.05205025523900986,0.5597957968711853,120,16
0.0010144710540771484,positive,10.0,10.0,-0.14038895070552826,0.3436734974384308,0.08503814041614532,-0.3935779631137848,120,24
0.00104522705078125,positive,10.0,10.0,-0.13351547718048096,0.14745424687862396,0.07716657966375351,-0.07534158229827881,120,25
0.0011436939239501953,positive,10.0,10.0,-0.12083303928375244,-0.050759997218847275,0.06826213747262955,0.2864081859588623,120,28
0.0011749267578125,positive,10.0,10.0,-0.12184823304414749,0.14332540333271027,0.07399030029773712,0.016011595726013184,120,29
0.0012049674987792969,positive,10.0,10.0,-0.1189817264676094,0.3373125493526459,0.0743105337023735,-0.2524396777153015,120,30
0.0012347698211669922,positive,10.0,10.0,-0.11223547905683517,0.5312990546226501,0.06926173716783524,-0.5207892656326294,120,31
0.0012645721435546875,positive,10.0,10.0,-0.1016094982624054,0.33527398109436035,0.05884595587849617,-0.2071099430322647,120,32
0.0013306140899658203,positive,10.0,10.0,-0.09211677312850952,-0.056499410420656204,0.0567745566368103,0.41296762228012085,120,34
0.0013623237609863281,positive,10.0,10.0,-0.09324676543474197,0.13777373731136322,0.06503390520811081,0.13871020078659058,120,35
0.0013949871063232422,positive,10.0,10.0,-0.09049128741025925,-0.058216486126184464,0.0678081139922142,0.4511805474758148,120,36
0.0014255046844482422,positive,10.0,10.0,-0.09165561944246292,0.13588422536849976,0.07683172076940536,0.18061888217926025,120,37
0.0014920234680175781,positive,10.0,10.0,-0.08234138041734695,0.5237097144126892,0.07870667427778244,-0.35312920808792114,120,39
0.001622915267944336,positive,10.0,10.0,-0.03276665136218071,0.5199889540672302,0.041550397872924805,-0.2701231837272644,120,43
0.0016527175903320312,positive,10.0,10.0,-0.022366873919963837,0.3242994546890259,0.03614793345332146,0.03537002578377724,120,44
0.0016837120056152344,positive,10.0,10.0,-0.0158808846026659,0.12867827713489532,0.03685533627867699,0.3392352759838104,120,45
0.0017795562744140625,positive,10.0,10.0,-0.0042914338409900665,0.3219947814941406,0.05209850147366524,0.08630023151636124,120,48
0.0018086433410644531,positive,10.0,10.0,0.002148462226614356,0.12616625428199768,0.05382450670003891,0.39495450258255005,120,49
0.001939535140991211,positive,10.0,10.0,0.019946061074733734,0.5127027630805969,0.07593049854040146,-0.10946271568536758,120,53
0.0019693374633789062,positive,10.0,10.0,0.030200116336345673,0.7066591382026672,0.07374124228954315,-0.3772569000720978,120,54
0.0019989013671875,positive,10.0,10.0,0.04433329775929451,0.5105715990066528,0.06619609892368317,-0.06226462125778198,120,55
0.002027273178100586,positive,10.0,10.0,0.054544731974601746,0.31456607580184937,0.06495080888271332,0.2505471706390381,120,56
0.0020906925201416016,positive,10.0,10.0,0.06320764124393463,0.31265372037887573,0.08122153580188751,0.29314208030700684,120,58
0.0025815963745117188,positive,10.0,10.0,0.259443461894989,0.87787926197052,0.07531525194644928,-0.14200547337532043,120,73
0.0026111602783203125,positive,10.0,10.0,0.2770010530948639,0.6817639470100403,0.0724751427769661,0.17345526814460754,120,74
0.002640962600708008,positive,10.0,10.0,0.2906363308429718,0.8757778406143188,0.07594424486160278,-0.0955125242471695,120,75
0.002681732177734375,positive,10.0,10.0,0.30815190076828003,0.6796541810035706,0.07403399050235748,0.22013112902641296,120,76
0.0027153491973876953,positive,10.0,10.0,0.32174497842788696,0.8736441135406494,0.07843661308288574,-0.048310536891222,120,77
0.0028200149536132812,positive,10.0,10.0,0.38579896092414856,1.0654536485671997,0.05951472744345665,-0.2683071196079254,120,80
0.002852201461791992,positive,10.0,10.0,0.40710803866386414,0.8695350885391235,0.054148584604263306,0.04253743961453438,120,81
0.0028829574584960938,positive,10.0,10.0,0.4244987368583679,0.6736801266670227,0.05499933287501335,0.35180115699768066,120,82
0.002913236618041992,positive,10.0,10.0,0.4379723370075226,0.4778209328651428,0.06203535571694374,0.6613073348999023,120,83
0.0029451847076416016,positive,10.0,10.0,0.44752874970436096,0.28189316391944885,0.07526150345802307,0.9728604555130005,120,84
0.0033075809478759766,positive,10.0,10.0,0.6678212881088257,1.240302324295044,0.08679214864969254,-0.11378377676010132,120,95
0.0033385753631591797,positive,10.0,10.0,0.6926273107528687,1.4340803623199463,0.08451647311449051,-0.3778718411922455,120,96
0.0033690929412841797,positive,10.0,10.0,0.7213089466094971,1.2378661632537842,0.0769590362906456,-0.05978281423449516,120,97
0.0034339427947998047,positive,10.0,10.0,0.7747023701667786,1.235690951347351,0.06921884417533875,-0.011646006256341934,120,99
0.0034651756286621094,positive,10.0,10.0,0.799416184425354,1.0396480560302734,0.06898592412471771,0.3020481765270233,120,100
0.003564596176147461,positive,10.0,10.0,0.8734374642372131,1.6216566562652588,0.07094068825244904,-0.5040941834449768,120,103
0.0035965442657470703,positive,10.0,10.0,0.9058706164360046,1.8157109022140503,0.06085880473256111,-0.7736042737960815,120,104
0.003626585006713867,positive,10.0,10.0,0.9421848058700562,2.0099451541900635,0.04538671672344208,-1.046534776687622,120,105
0.0036916732788085938,positive,10.0,10.0,1.0186687707901,2.0090270042419434,0.009656881913542747,-1.0248440504074097,120,107
0.003788471221923828,positive,10.0,10.0,1.1275010108947754,1.4240542650222778,-0.03422076255083084,-0.1553315371274948,120,110
0.003916263580322266,positive,10.0,10.0,1.2492930889129639,1.4264484643936157,-0.05975618585944176,-0.20840975642204285,120,114
0.0039784908294677734,positive,10.0,10.0,1.3102694749832153,1.4282052516937256,-0.07431093603372574,-0.24745401740074158,120,116
0.0040400028228759766,positive,10.0,10.0,1.3713197708129883,1.4303799867630005,-0.09051241725683212,-0.2959229350090027,120,118
0.004369497299194336,negative,10.0,-10.0,1.6391984224319458,1.4461406469345093,-0.14958687126636505,-0.6491413712501526,120,128
0.0044019222259521484,negative,10.0,-10.0,1.6681212186813354,1.2533841133117676,-0.16256968677043915,-0.40705010294914246,120,129
0.004433393478393555,negative,10.0,-10.0,1.6931889057159424,1.4503929615020752,-0.1707106977701187,-0.7462520599365234,120,130
0.0045316219329833984,negative,10.0,-10.0,1.768674373626709,0.8740295767784119,-0.2015286535024643,-0.05778399482369423,120,133
0.004595041275024414,negative,10.0,-10.0,1.7998006343841553,0.8796409964561462,-0.19938097894191742,-0.18399329483509064,120,135
0.0007641315460205078,positive,10.0,10.0,-0.05266990885138512,-0.20270854234695435,0.06461326777935028,0.3095724284648895,121,5
0.0010182857513427734,positive,10.0,10.0,-0.06119969114661217,0.1833215355873108,0.08026198297739029,-0.1840684562921524,121,9
0.0010790824890136719,positive,10.0,10.0,-0.05753326043486595,0.37720879912376404,0.07658061385154724,-0.45039141178131104,121,10
0.0011339187622070312,positive,10.0,10.0,-0.04998908191919327,0.18109199404716492,0.06757278740406036,-0.1345856785774231,121,11
0.0012004375457763672,positive,10.0,10.0,-0.04666583240032196,-0.21091705560684204,0.06845360994338989,0.49105122685432434,121,13
0.0012316703796386719,positive,10.0,10.0,-0.050884176045656204,-0.016824113205075264,0.07827463001012802,0.2207033336162567,121,14
0.0012617111206054688,positive,10.0,10.0,-0.05122065916657448,0.17709679901599884,0.08268869668245316,-0.046298135071992874,121,15
0.0013964176177978516,positive,10.0,10.0,-0.02939041145145893,0.17260240018367767,0.07038906961679459,0.0531364344060421,121,19
0.0014278888702392578,positive,10.0,10.0,-0.0259383637458086,-0.02345454879105091,0.07145179808139801,0.36717092990875244,121,20
0.0015265941619873047,positive,10.0,10.0,-0.015705939382314682,0.5583714246749878,0.07737266272306442,-0.4351290762424469,121,23
0.0015575885772705078,positive,10.0,10.0,-0.004538510460406542,0.36224427819252014,0.06867007911205292,-0.1190936416387558,121,24
0.0016252994537353516,positive,10.0,10.0,0.006030556280165911,-0.02979540266096592,0.07017698884010315,0.5072746872901917,121,26
0.0021545886993408203,positive,10.0,10.0,0.14097993075847626,0.7244299650192261,0.09369173645973206,-0.08571705967187881,121,42
0.002221345901489258,positive,10.0,10.0,0.17383038997650146,0.72179114818573,0.0850287526845932,-0.02722100354731083,121,44
0.0022547245025634766,positive,10.0,10.0,0.18826620280742645,0.9155973196029663,0.08448433130979538,-0.29191163182258606,121,45
0.002287149429321289,positive,10.0,10.0,0.20657815039157867,0.7193787097930908,0.07864610105752945,0.026175297796726227,121,46
0.002318143844604492,positive,10.0,10.0,0.22096572816371918,0.9132899045944214,0.07916960120201111,-0.24069425463676453,121,47
0.0023903846740722656,positive,10.0,10.0,0.26137545704841614,0.9111103415489197,0.06420787423849106,-0.1922345906496048,121,49
0.0024268627166748047,positive,10.0,10.0,0.279597669839859,0.7151314616203308,0.06036318466067314,0.11999215185642242,121,50
0.0024576187133789062,positive,10.0,10.0,0.2939003109931946,0.5191988945007324,0.0627630278468132,0.43109166622161865,121,51
0.002523660659790039,positive,10.0,10.0,0.31074920296669006,0.5173147916793823,0.08624248206615448,0.47348999977111816,121,53
0.0026574134826660156,positive,10.0,10.0,0.37537914514541626,0.9019290208816528,0.09263121336698532,0.010745945386588573,121,57
0.002688169479370117,positive,10.0,10.0,0.39341774582862854,1.0956088304519653,0.09284612536430359,-0.251333624124527,121,58
0.0027875900268554688,positive,10.0,10.0,0.46297669410705566,1.2869807481765747,0.07366583496332169,-0.46157926321029663,121,61
0.0028183460235595703,positive,10.0,10.0,0.4887163043022156,1.090899109840393,0.06443425267934799,-0.1466163843870163,121,62
0.002849102020263672,positive,10.0,10.0,0.5105342864990234,0.8949164748191833,0.06150192394852638,0.16567814350128174,121,63
0.002878427505493164,positive,10.0,10.0,0.5284326076507568,0.6989704966545105,0.06481548398733139,0.4771115481853485,121,64
0.002941608428955078,positive,10.0,10.0,0.552471935749054,0.6970224380493164,0.09014768153429031,0.5211040377616882,121,66
0.0032036304473876953,positive,10.0,10.0,0.7490114569664001,1.466288447380066,0.06278179585933685,-0.4049573242664337,121,74
0.0032341480255126953,positive,10.0,10.0,0.7783372402191162,1.6604664325714111,0.0546826496720314,-0.6772048473358154,121,75
0.0032989978790283203,positive,10.0,10.0,0.8486423492431641,1.6591371297836304,0.022094907239079475,-0.6468633413314819,121,77
0.0034270286560058594,positive,10.0,10.0,0.9891570210456848,1.6591379642486572,-0.04088409245014191,-0.6470033526420593,121,81
0.0035288333892822266,positive,10.0,10.0,1.0926448106765747,1.856501817703247,-0.08640920370817184,-0.9916834831237793,121,84
0.0036630630493164062,negative,10.0,-10.0,1.2569198608398438,2.252370595932007,-0.19284066557884216,-1.7249572277069092,121,88
0.0003368854522705078,positive,10.0,10.0,-0.021800348535180092,-0.048215657472610474,-0.030932962894439697,0.017151745036244392,122,0
0.0006275177001953125,positive,10.0,10.0,-0.027622275054454803,-0.04733633995056152,-0.0245915949344635,-0.002254574792459607,122,2
0.0009596347808837891,positive,10.0,10.0,-0.033410944044589996,-0.04663259908556938,-0.01898530311882496,-0.01778119057416916,122,4
0.0011930465698242188,positive,10.0,10.0,-0.03917314112186432,-0.43631789088249207,-0.013963893987238407,0.5553721785545349,122,6
0.001283407211303711,positive,10.0,10.0,-0.04789949581027031,-0.6312410235404968,-0.002856450155377388,0.8436231017112732,122,7
0.0014047622680664062,positive,10.0,10.0,-0.089678555727005,-0.43678581714630127,0.053667180240154266,0.5662398934364319,122,10
0.0018606185913085938,positive,10.0,10.0,-0.11616908758878708,0.13976749777793884,0.09040893614292145,-0.11862242221832275,122,17
0.002216339111328125,positive,10.0,10.0,-0.09733712673187256,0.13495922088623047,0.07258660346269608,-0.012088902294635773,122,21
0.0022950172424316406,positive,10.0,10.0,-0.09463794529438019,0.32896918058395386,0.0723448246717453,-0.2810157835483551,122,22
0.0023267269134521484,positive,10.0,10.0,-0.08805856108665466,0.5229886174201965,0.0667245090007782,-0.5500328540802002,122,23
0.0025730133056640625,positive,10.0,10.0,-0.06590461730957031,-0.06814786791801453,0.07335995137691498,0.457863986492157,122,30
0.002605438232421875,positive,10.0,10.0,-0.06726757436990738,0.12586449086666107,0.08251722902059555,0.18917666375637054,122,31
0.002672910690307617,positive,10.0,10.0,-0.05835598334670067,0.513500452041626,0.0847732201218605,-0.3406326174736023,122,33
0.002705812454223633,positive,10.0,10.0,-0.048085976392030716,0.3172810673713684,0.07796057313680649,-0.022467011585831642,122,34
0.0027391910552978516,positive,10.0,10.0,-0.041740354150533676,0.5112034678459167,0.07751122862100601,-0.2895698547363281,122,35
0.002770662307739258,positive,10.0,10.0,-0.03151628375053406,0.31506672501564026,0.07171983271837234,0.02651739865541458,122,36
0.0028378963470458984,positive,10.0,10.0,-0.015033135190606117,0.7031103372573853,0.0673961192369461,-0.5117499232292175,122,38
0.00290679931640625,positive,10.0,10.0,0.009171211160719395,0.7013667225837708,0.05318886414170265,-0.47273045778274536,122,40
0.0029714107513427734,positive,10.0,10.0,0.03330925479531288,0.3098156750202179,0.04045887663960457,0.14238396286964417,122,42
0.0030510425567626953,positive,10.0,10.0,0.041788335889577866,0.30862176418304443,0.052257586270570755,0.16882793605327606,122,44
0.003217935562133789,positive,10.0,10.0,0.06468381732702255,0.4990787208080292,0.08445665240287781,-0.021254874765872955,122,49
0.003319263458251953,positive,10.0,10.0,0.10625775158405304,0.6905941963195801,0.06728506833314896,-0.23489128053188324,122,52
0.003349781036376953,positive,10.0,10.0,0.12006963044404984,0.49457862973213196,0.06258723884820938,0.07823362946510315,122,53
0.0033807754516601562,positive,10.0,10.0,0.12996120750904083,0.2986178994178772,0.06415191292762756,0.38998785614967346,122,54
0.0034101009368896484,positive,10.0,10.0,0.13593356311321259,0.49277347326278687,0.07195167243480682,0.11820130050182343,122,55
0.003509044647216797,positive,10.0,10.0,0.1771404892206192,0.6847221851348877,0.06291114538908005,-0.10500500351190567,122,58
0.0035750865936279297,positive,10.0,10.0,0.20841270685195923,0.6829582452774048,0.05326714739203453,-0.06597508490085602,122,60
0.003605365753173828,positive,10.0,10.0,0.22207187116146088,0.48711466789245605,0.05194764584302902,0.2430267632007599,122,61
0.003702878952026367,positive,10.0,10.0,0.24735139310359955,0.2895497977733612,0.07338832318782806,0.5906598567962646,122,64
0.0037658214569091797,positive,10.0,10.0,0.26281383633613586,0.6773834824562073,0.09164086729288101,0.05732298642396927,122,66
0.0038290023803710938,positive,10.0,10.0,0.2937830984592438,1.0647611618041992,0.08868536353111267,-0.46712952852249146,122,68
0.003893613815307617,positive,10.0,10.0,0.33244842290878296,1.0624068975448608,0.076385498046875,-0.41449838876724243,122,70
0.0039234161376953125,positive,10.0,10.0,0.3536965548992157,0.8662900328636169,0.06809553503990173,-0.0987454503774643,122,71
0.0040187835693359375,positive,10.0,10.0,0.39391279220581055,0.27822136878967285,0.08096115291118622,0.8414192795753479,122,74
0.004316091537475586,positive,10.0,10.0,0.5599482655525208,1.2399717569351196,0.0809720829129219,-0.3197439908981323,122,83
0.004381418228149414,positive,10.0,10.0,0.6134247779846191,1.6278553009033203,0.06286054849624634,-0.8541224002838135,122,85
0.0044460296630859375,positive,10.0,10.0,0.6824231743812561,1.6263757944107056,0.023250192403793335,-0.8197124004364014,122,87
0.004476308822631836,positive,10.0,10.0,0.7149507403373718,1.430943489074707,0.00685594417154789,-0.5198082327842712,122,88
0.004572391510009766,positive,10.0,10.0,0.8125117421150208,1.62628173828125,-0.04182902351021767,-0.8176943063735962,122,91
0.004603862762451172,positive,10.0,10.0,0.8450373411178589,1.8219506740570068,-0.058182910084724426,-1.1232349872589111,122,92
0.0049059391021728516,negative,10.0,-10.0,1.0959223508834839,1.2512356042861938,-0.16531363129615784,-0.5743935704231262,122,101
0.00048661231994628906,positive,10.0,10.0,-0.04089546948671341,-0.024892913177609444,-0.026350710541009903,0.03090503066778183,123,0
0.0010249614715576172,positive,10.0,10.0,-0.041393328458070755,-0.2196272611618042,-0.025732608512043953,0.3151589334011078,123,1
0.0012905597686767578,positive,10.0,10.0,-0.045785874128341675,-0.024148395285010338,-0.01942943036556244,0.014473157934844494,123,2
0.0015163421630859375,positive,10.0,10.0,-0.04626883938908577,-0.2189863920211792,-0.01913996785879135,0.3009631037712097,123,3
0.002257823944091797,positive,10.0,10.0,-0.06329572200775146,-0.023385709151625633,0.004445504862815142,-0.002352853072807193,123,6
0.0027360916137695312,positive,10.0,10.0,-0.0681348592042923,-0.41375550627708435,0.010233035311102867,0.5857962369918823,123,8
0.003312349319458008,positive,10.0,10.0,-0.08126505464315414,0.1707352101802826,0.02808952145278454,-0.27308523654937744,123,11
0.0036764144897460938,positive,10.0,10.0,-0.0783458724617958,-0.2202150672674179,0.02319427952170372,0.328058660030365,123,13
0.0038437843322753906,positive,10.0,10.0,-0.08275017142295837,-0.025430861860513687,0.029755452647805214,0.04277946427464485,123,14
0.0042150020599365234,positive,10.0,10.0,-0.08820398896932602,-0.22193221747875214,0.03874154016375542,0.36610105633735657,123,17
0.004316091537475586,positive,10.0,10.0,-0.09264262765645981,-0.02738161012530327,0.046063560992479324,0.08588127791881561,123,18
0.00449061393737793,positive,10.0,10.0,-0.09765291213989258,-0.0287200678139925,0.05563586950302124,0.11549054831266403,123,20
0.0046122074127197266,positive,10.0,10.0,-0.10271918028593063,-0.030337905511260033,0.06644956767559052,0.1513267606496811,123,22
0.004668235778808594,positive,10.0,10.0,-0.10332594066858292,-0.22634531557559967,0.06947609782218933,0.4642108082771301,123,23
0.004730939865112305,positive,10.0,10.0,-0.10785284638404846,-0.0322703942656517,0.07876031845808029,0.19421027600765228,123,24
0.00511479377746582,positive,10.0,10.0,-0.11306676268577576,-0.034559041261672974,0.09285777062177658,0.24512510001659393,123,26
0.005679607391357422,positive,10.0,10.0,-0.08559394627809525,0.5439119338989258,0.07677675783634186,-0.48349854350090027,123,31
0.005884408950805664,positive,10.0,10.0,-0.06775980442762375,0.15177996456623077,0.06375399231910706,0.14543578028678894,123,33
0.006412982940673828,positive,10.0,10.0,-0.04497625678777695,0.3416431248188019,0.07096356898546219,-0.03161679953336716,123,38
0.006562948226928711,positive,10.0,10.0,-0.03814339637756348,0.14557905495166779,0.07033123821020126,0.28258487582206726,123,39
0.0067026615142822266,positive,10.0,10.0,-0.028439193964004517,0.14350625872612,0.076240673661232,0.32854267954826355,123,41
0.006742000579833984,positive,10.0,10.0,-0.025569068267941475,0.33746472001075745,0.08281152695417404,0.06084318459033966,123,42
0.00677800178527832,positive,10.0,10.0,-0.018819773569703102,0.5313076972961426,0.08402838557958603,-0.2046061009168625,123,43
0.006928682327270508,positive,10.0,10.0,0.03134911134839058,0.5270137786865234,0.05903596431016922,-0.1093243733048439,123,47
0.007012844085693359,positive,10.0,10.0,0.048511337488889694,0.13521073758602142,0.06087716296315193,0.5114447474479675,123,49
0.007091045379638672,positive,10.0,10.0,0.05000128224492073,0.13336731493473053,0.0875595286488533,0.5531755685806274,123,51
0.007274150848388672,positive,10.0,10.0,0.10206529498100281,0.7113189697265625,0.09069062024354935,-0.163948193192482,123,56
0.0073773860931396484,positive,10.0,10.0,0.14856812357902527,0.9026974439620972,0.07672186195850372,-0.37458255887031555,123,59
0.007857084274291992,positive,10.0,10.0,0.33457523584365845,1.0807180404663086,0.09102767705917358,-0.2901346981525421,123,72
0.007941246032714844,positive,10.0,10.0,0.3738780915737152,1.078226923942566,0.085821233689785,-0.23481091856956482,123,74
0.007975339889526367,positive,10.0,10.0,0.3954426348209381,1.2720245122909546,0.08112502098083496,-0.49923697113990784,123,75
0.008153438568115234,positive,10.0,10.0,0.4834263026714325,0.6816819906234741,0.09423127770423889,0.4924522042274475,123,80
0.008429765701293945,positive,10.0,10.0,0.6445482969284058,1.256744384765625,0.0777287557721138,-0.16085506975650787,123,87
0.008607625961303711,positive,10.0,10.0,0.78561931848526,1.837158441543579,0.042895589023828506,-0.9304693937301636,123,92
0.008676767349243164,positive,10.0,10.0,0.8551921844482422,1.8362592458724976,0.011793777346611023,-0.9095575213432312,123,94
0.008757829666137695,positive,10.0,10.0,0.9247369766235352,1.8361904621124268,-0.018661197274923325,-0.9078822135925293,123,96
0.00883626937866211,positive,10.0,10.0,0.9942873120307922,1.8369423151016235,-0.04924129322171211,-0.925170361995697,123,98
0.008872270584106445,positive,10.0,10.0,1.0310261249542236,1.6425187587738037,-0.06774470210075378,-0.6483596563339233,123,99
0.008905172348022461,positive,10.0,10.0,1.0638765096664429,1.448402762413025,-0.08071189373731613,-0.37775519490242004,123,100
0.009091377258300781,negative,10.0,-10.0,1.2323707342147827,1.6506911516189575,-0.15920817852020264,-0.8369457125663757,123,105
0.009172677993774414,negative,10.0,-10.0,1.30233633518219,1.65513277053833,-0.19945038855075836,-0.9424015879631042,123,107
0.0009152889251708984,positive,10.0,10.0,-0.030691877007484436,-0.8270126581192017,0.054078929126262665,1.1794164180755615,124,4
0.0010290145874023438,positive,10.0,10.0,-0.04723212867975235,-0.6326329708099365,0.07766725867986679,0.9041645526885986,124,5
0.002229928970336914,positive,10.0,10.0,-0.03591308370232582,0.3261527717113495,0.08518573641777039,-0.19110220670700073,124,16
0.0025377273559570312,positive,10.0,10.0,-0.01251510251313448,0.5178036689758301,0.06947754323482513,-0.40760713815689087,124,19
0.0026330947875976562,positive,10.0,10.0,-0.0021590280812233686,0.3217689096927643,0.061325401067733765,-0.09385442733764648,124,20
0.002727508544921875,positive,10.0,10.0,0.004276350140571594,0.12582406401634216,0.05944830924272537,0.21752873063087463,124,21
0.0035398006439208984,positive,10.0,10.0,0.055062346160411835,0.11792229861021042,0.0598134770989418,0.3920818269252777,124,29
0.0037407875061035156,positive,10.0,10.0,0.06366372853517532,0.11612387746572495,0.07003193348646164,0.43207788467407227,124,31
0.003835916519165039,positive,10.0,10.0,0.06598620116710663,0.310187965631485,0.07867348939180374,0.16226786375045776,124,32
0.004057168960571289,positive,10.0,10.0,0.08227197825908661,0.6979588866233826,0.07982694357633591,-0.37035033106803894,124,34
0.004279375076293945,positive,10.0,10.0,0.10626713186502457,0.6958117485046387,0.07134786993265152,-0.3225867450237274,124,36
0.004378080368041992,positive,10.0,10.0,0.12018337100744247,0.49975019693374634,0.06489613652229309,-0.008284141309559345,124,37
0.0046045780181884766,positive,10.0,10.0,0.13625358045101166,0.49790307879447937,0.07081340998411179,0.03256111964583397,124,39
0.004706382751464844,positive,10.0,10.0,0.146211639046669,0.3018408417701721,0.07146462798118591,0.3467191457748413,124,40
0.0049114227294921875,positive,10.0,10.0,0.16216601431369781,0.6897929906845093,0.07994700968265533,-0.18955424427986145,124,42
0.005465269088745117,positive,10.0,10.0,0.22312983870506287,0.48968446254730225,0.07738501578569412,0.21438144147396088,124,47
0.005776166915893555,positive,10.0,10.0,0.26414555311203003,0.6813093423843384,0.07423899322748184,-0.0017830965807661414,124,50
0.006322383880615234,positive,10.0,10.0,0.33986029028892517,0.8708294034004211,0.06720057874917984,-0.17130903899669647,124,55
0.006742954254150391,positive,10.0,10.0,0.38600674271583557,0.476843923330307,0.09102433919906616,0.4988681972026825,124,59
0.007906436920166016,positive,10.0,10.0,0.5106698274612427,1.0518977642059326,0.08668634295463562,-0.15421850979328156,124,66
0.008124828338623047,positive,10.0,10.0,0.5566213726997375,1.049477458000183,0.07523508369922638,-0.10052027553319931,124,68
0.008760452270507812,positive,10.0,10.0,0.6705509424209595,1.0433259010314941,0.08741851150989532,0.035601675510406494,124,74
0.008896350860595703,positive,10.0,10.0,0.6914174556732178,1.2370926141738892,0.08813054114580154,-0.22827011346817017,124,75
0.00900411605834961,positive,10.0,10.0,0.7161592841148376,1.4308518171310425,0.0835651382803917,-0.4919041097164154,124,76
0.009101390838623047,positive,10.0,10.0,0.7447763681411743,1.2346566915512085,0.07372705638408661,-0.17409883439540863,124,77
0.009316682815551758,positive,10.0,10.0,0.7980424761772156,1.6227115392684937,0.06139222905039787,-0.7123816013336182,124,79
0.00941610336303711,positive,10.0,10.0,0.8304967284202576,1.816932201385498,0.04714459553360939,-0.9851256608963013,124,80
0.009514331817626953,positive,10.0,10.0,0.866835355758667,1.6212115287780762,0.02744208462536335,-0.6780155301094055,124,81
0.009611368179321289,positive,10.0,10.0,0.8992595672607422,1.8159416913986206,0.013881773687899113,-0.9619337916374207,124,82
0.009711742401123047,positive,10.0,10.0,0.9355784058570862,1.620635986328125,-0.005356902256608009,-0.6649223566055298,124,83
0.009806394577026367,positive,10.0,10.0,0.9679911732673645,1.8158320188522339,-0.01865534856915474,-0.959287166595459,124,84
0.00989842414855957,positive,10.0,10.0,1.004307746887207,1.6209657192230225,-0.03784109279513359,-0.6725229620933533,124,85
0.00998687744140625,positive,10.0,10.0,1.0367270708084106,1.8165926933288574,-0.05129155144095421,-0.9768759608268738,124,86
0.011250019073486328,negative,10.0,-10.0,1.3113830089569092,1.0504961013793945,-0.13630111515522003,-0.12381459027528763,124,96
0.011349678039550781,negative,10.0,-10.0,1.332392930984497,1.2472808361053467,-0.13877740502357483,-0.45620256662368774,124,97
0.011550426483154297,negative,10.0,-10.0,1.3784258365631104,1.2512587308883667,-0.1521070897579193,-0.5457215905189514,124,99
0.011645793914794922,negative,10.0,-10.0,1.4034510850906372,1.4481538534164429,-0.163021519780159,-0.8822014927864075,124,100
0.011735677719116211,negative,10.0,-10.0,1.432414174079895,1.6450698375701904,-0.18066555261611938,-1.2213754653930664,124,101
0.011829137802124023,negative,10.0,-10.0,1.465315580368042,1.8420000076293945,-0.20509305596351624,-1.5647902488708496,124,102
0.00031447410583496094,positive,10.0,10.0,-0.009632083587348461,-0.15820525586605072,0.04592270404100418,0.34563758969306946,125,1
0.0003783702850341797,positive,10.0,10.0,-0.012796188704669476,0.03623438999056816,0.05283545330166817,0.06778214126825333,125,2
0.0004942417144775391,positive,10.0,10.0,-0.015263575129210949,0.03470839187502861,0.061724212020635605,0.10153986513614655,125,4
0.0005974769592285156,positive,10.0,10.0,-0.017794234678149223,0.03292166814208031,0.07201581448316574,0.1411186009645462,125,6
0.0006978511810302734,positive,10.0,10.0,-0.01259695552289486,0.4209167957305908,0.07227811217308044,-0.3961690366268158,125,8
0.000797271728515625,positive,10.0,10.0,0.00031833548564463854,0.02886512503027916,0.06272269040346146,0.2306705266237259,125,10
0.0008444786071777344,positive,10.0,10.0,0.0008956379606388509,-0.1670944094657898,0.06733609735965729,0.5424602031707764,125,11
0.000946044921875,positive,10.0,10.0,-0.0019058549078181386,-0.1691257357597351,0.08361991494894028,0.5880131721496582,125,13
0.001203298568725586,positive,10.0,10.0,0.019919972866773605,0.40903565287590027,0.09001000225543976,-0.13350769877433777,125,18
0.0012493133544921875,positive,10.0,10.0,0.02810068614780903,0.6027607321739197,0.087339848279953,-0.39649173617362976,125,19
0.001722097396850586,positive,10.0,10.0,0.12019941955804825,0.7883129715919495,0.05697556957602501,-0.47733208537101746,125,28
0.0018281936645507812,positive,10.0,10.0,0.14781437814235687,0.39666715264320374,0.04408393055200577,0.140010267496109,125,30
0.0019273757934570312,positive,10.0,10.0,0.1597665697336197,0.39537084102630615,0.05580950900912285,0.16872532665729523,125,32
0.0019724369049072266,positive,10.0,10.0,0.1676739901304245,0.5896514058113098,0.05918401479721069,-0.10584227740764618,125,33
0.0020685195922851562,positive,10.0,10.0,0.18734167516231537,0.1978437900543213,0.06116537004709244,0.5150348544120789,125,35
0.0021162033081054688,positive,10.0,10.0,0.19129855930805206,0.3920534551143646,0.07146606594324112,0.24223652482032776,125,36
0.002161741256713867,positive,10.0,10.0,0.19913962483406067,0.5860856771469116,0.07631079852581024,-0.027075717225670815,125,37
0.002207517623901367,positive,10.0,10.0,0.21086134016513824,0.7800350189208984,0.07576928287744522,-0.2947394847869873,125,38
0.0024023056030273438,positive,10.0,10.0,0.25753626227378845,0.7758617997169495,0.0782863050699234,-0.20241938531398773,125,42
0.0025463104248046875,positive,10.0,10.0,0.31572476029396057,0.9678261876106262,0.050093453377485275,-0.4254404306411743,125,45
0.0026390552520751953,positive,10.0,10.0,0.35052192211151123,0.5763394832611084,0.03923672437667847,0.18811118602752686,125,47
0.0026824474334716797,positive,10.0,10.0,0.3620486855506897,0.38067877292633057,0.04299895092844963,0.4929089844226837,125,48
0.002724885940551758,positive,10.0,10.0,0.3696622848510742,0.5751687288284302,0.05285713076591492,0.2140815258026123,125,49
0.0027670860290527344,positive,10.0,10.0,0.38116565346717834,0.3793324828147888,0.05713875964283943,0.5229583978652954,125,50
0.002809762954711914,positive,10.0,10.0,0.3887523114681244,0.5736056566238403,0.06759792566299438,0.24881386756896973,125,51
0.0028564929962158203,positive,10.0,10.0,0.4002244174480438,0.37758669257164,0.0725742056965828,0.5620294213294983,125,52
0.002898693084716797,positive,10.0,10.0,0.4077761471271515,0.5716191530227661,0.08381479233503342,0.2930649220943451,125,53
0.0029425621032714844,positive,10.0,10.0,0.4192085266113281,0.7654523253440857,0.08967608958482742,0.027948535978794098,125,54
0.002984285354614258,positive,10.0,10.0,0.4345175623893738,0.9591814875602722,0.09023506194353104,-0.23514804244041443,125,55
0.0031731128692626953,positive,10.0,10.0,0.5189061760902405,0.9545902609825134,0.06302478164434433,-0.13313744962215424,125,59
0.003366231918334961,positive,10.0,10.0,0.5717589259147644,0.5607679486274719,0.08977314829826355,0.533362865447998,125,63
0.0036814212799072266,positive,10.0,10.0,0.6893287897109985,1.3323115110397339,0.0874231830239296,-0.44393017888069153,125,69
0.0037839412689208984,positive,10.0,10.0,0.7386963963508606,1.3299823999404907,0.07604417949914932,-0.3919258415699005,125,71
0.0038330554962158203,positive,10.0,10.0,0.7652960419654846,1.1338682174682617,0.06820566207170486,-0.07626935094594955,125,72
0.0038805007934570312,positive,10.0,10.0,0.7879734039306641,0.9378381371498108,0.06668027490377426,0.23712900280952454,125,73
0.004253864288330078,negative,10.0,-10.0,0.899278461933136,1.123091220855713,0.13999298214912415,0.16316482424736023,125,80
0.004307270050048828,negative,10.0,-10.0,0.9217402935028076,1.31596040725708,0.143256276845932,-0.08228512108325958,125,81
0.004748106002807617,positive,10.0,10.0,1.2274199724197388,1.8856136798858643,0.05432640388607979,-0.6141220927238464,125,90
0.004794120788574219,positive,10.0,10.0,1.2651323080062866,1.6897763013839722,0.042043961584568024,-0.30483537912368774,125,91
0.004837751388549805,positive,10.0,10.0,1.2989277839660645,1.4940812587738037,0.03594725579023361,0.0008051480399444699,125,92
0.004931926727294922,positive,10.0,10.0,1.3547786474227905,1.1028472185134888,0.04205555096268654,0.6084141135215759,125,94
0.005026817321777344,positive,10.0,10.0,1.3949788808822632,0.7113514542579651,0.07250465452671051,1.2232611179351807,125,96
0.005211353302001953,negative,10.0,-10.0,1.4336974620819092,0.5127067565917969,0.15326166152954102,1.606632113456726,125,99
0.005262136459350586,negative,10.0,-10.0,1.4439516067504883,0.31614071130752563,0.1853943020105362,1.9429078102111816,125,100
0.0012936592102050781,positive,10.0,10.0,-0.0557384230196476,-0.19009867310523987,-0.026811126619577408,0.22745132446289062,126,3
0.001474142074584961,positive,10.0,10.0,-0.05954039469361305,-0.3848274052143097,-0.022262100130319595,0.511557936668396,126,4
0.0016548633575439453,positive,10.0,10.0,-0.06723694503307343,-0.18939906358718872,-0.012030941434204578,0.21194353699684143,126,5
0.0018935203552246094,positive,10.0,10.0,-0.07102492451667786,-0.38434696197509766,-0.007792070973664522,0.5008071660995483,126,6
0.002262115478515625,positive,10.0,10.0,-0.08249418437480927,-0.38426971435546875,0.006337649654597044,0.49906253814697266,126,8
0.002438783645629883,positive,10.0,10.0,-0.09017957746982574,-0.18923768401145935,0.016318900510668755,0.20838361978530884,126,9
0.0027849674224853516,positive,10.0,10.0,-0.10165611654520035,-0.18976177275180817,0.030609959736466408,0.22001223266124725,126,11
0.003442049026489258,positive,10.0,10.0,-0.1247001364827156,-0.19205524027347565,0.06121709197759628,0.27097949385643005,126,15
0.0040912628173828125,positive,10.0,10.0,-0.14017732441425323,0.19387254118919373,0.08539733290672302,-0.22051653265953064,126,19
0.004222869873046875,positive,10.0,10.0,-0.13629986345767975,0.3876765966415405,0.08098699897527695,-0.48508694767951965,126,20
0.0044939517974853516,positive,10.0,10.0,-0.12471611797809601,-0.00455532455816865,0.06792489439249039,0.14627386629581451,126,22
0.005027055740356445,positive,10.0,10.0,-0.12520214915275574,0.3811889588832855,0.08231628686189651,-0.34144240617752075,126,26
0.0051422119140625,positive,10.0,10.0,-0.11757837235927582,0.18499819934368134,0.07548744231462479,-0.02397909015417099,126,27
0.00525975227355957,positive,10.0,10.0,-0.11387841403484344,0.3789609670639038,0.0750078558921814,-0.2919224798679352,126,28
0.005688190460205078,positive,10.0,10.0,-0.10264211148023605,-0.013188081793487072,0.06963825225830078,0.3371220529079437,126,30
0.005860805511474609,positive,10.0,10.0,-0.09928832203149796,0.3748258352279663,0.07772442698478699,-0.20045387744903564,126,32
0.005921840667724609,positive,10.0,10.0,-0.09179180860519409,0.5687550902366638,0.07371535152196884,-0.46764153242111206,126,33
0.0062732696533203125,positive,10.0,10.0,-0.06981444358825684,0.17490237951278687,0.0739210918545723,0.1993095725774765,126,37
0.006341218948364258,positive,10.0,10.0,-0.0663163959980011,0.36889347434043884,0.07790728658437729,-0.06916941702365875,126,38
0.006540536880493164,positive,10.0,10.0,-0.05893852934241295,0.5628170371055603,0.07652390003204346,-0.3362908661365509,126,39
0.0068933963775634766,positive,10.0,10.0,-0.04034830257296562,0.5607494115829468,0.069388248026371,-0.2903614938259125,126,41
0.007024526596069336,positive,10.0,10.0,-0.02913331612944603,0.36471015214920044,0.06358101963996887,0.02337350696325302,126,42
0.007173776626586914,positive,10.0,10.0,-0.021839112043380737,0.16873674094676971,0.06404849141836166,0.3354198932647705,126,43
0.007355451583862305,positive,10.0,10.0,-0.018464377149939537,0.36289146542549133,0.07075688987970352,0.06360230594873428,126,44
0.007590055465698242,positive,10.0,10.0,-0.0006527627119794488,0.5547558069229126,0.08175606280565262,-0.15793852508068085,126,47
0.007679939270019531,positive,10.0,10.0,0.010442353785037994,0.7486178874969482,0.078597292304039,-0.42375078797340393,126,48
0.007750272750854492,positive,10.0,10.0,0.025414710864424706,0.5524755716323853,0.07012227922677994,-0.10736183822154999,126,49
0.007901906967163086,positive,10.0,10.0,0.0435926727950573,0.16039766371250153,0.07210692763328552,0.519921600818634,126,51
0.008294105529785156,positive,10.0,10.0,0.0984126627445221,0.7396594882011414,0.07080360502004623,-0.22528819739818573,126,56
0.008345365524291992,positive,10.0,10.0,0.11320585012435913,0.5436007976531982,0.06629784405231476,0.0888618528842926,126,57
0.008389472961425781,positive,10.0,10.0,0.12407787144184113,0.3475942611694336,0.06807508319616318,0.40170302987098694,126,58
0.00852346420288086,positive,10.0,10.0,0.14877477288246155,0.539487898349762,0.08767236769199371,0.18006333708763123,126,61
0.008647680282592773,positive,10.0,10.0,0.19276870787143707,0.7306814789772034,0.08267366141080856,-0.026735467836260796,126,64
0.008686065673828125,positive,10.0,10.0,0.20738233625888824,0.5344772338867188,0.08213895559310913,0.2908440828323364,126,65
0.008811235427856445,positive,10.0,10.0,0.25108054280281067,1.1158496141433716,0.08368830382823944,-0.5020538568496704,126,68
0.00897526741027832,positive,10.0,10.0,0.3140636086463928,0.9176111221313477,0.060907214879989624,-0.1388959288597107,126,71
0.009024381637573242,positive,10.0,10.0,0.3324158191680908,0.7216720581054688,0.05812929943203926,0.17236328125,126,72
0.009122371673583984,positive,10.0,10.0,0.35736462473869324,0.32983389496803284,0.0712326169013977,0.7942396998405457,126,74
0.009575843811035156,positive,10.0,10.0,0.558699905872345,1.487758755683899,0.05160534009337425,-0.6822155714035034,126,84
0.009688377380371094,positive,10.0,10.0,0.6220976114273071,1.4865162372589111,0.01879672147333622,-0.6538520455360413,126,86
0.009833574295043945,positive,10.0,10.0,0.7151788473129272,1.6814748048782349,-0.026013119146227837,-0.9428592324256897,126,89
0.009891986846923828,positive,10.0,10.0,0.7488083243370056,1.4867128133773804,-0.04487030208110809,-0.6584621071815491,126,90
0.009937286376953125,positive,10.0,10.0,0.7785425782203674,1.292243242263794,-0.05803954601287842,-0.3802386522293091,126,91
0.010054349899291992,positive,10.0,10.0,0.8341502547264099,1.6841076612472534,-0.07945715636014938,-1.0032471418380737,126,93
0.010212182998657227,negative,10.0,-10.0,0.9469648003578186,2.2727773189544678,-0.1587555706501007,-1.9710042476654053,126,96
0.010257720947265625,negative,10.0,-10.0,0.9924203753471375,2.079648017883301,-0.19817565381526947,-1.7314316034317017,126,97
0.00028514862060546875,positive,10.0,10.0,-0.008944281376898289,0.026270875707268715,0.030767807736992836,0.004122549202293158,127,0
0.0004162788391113281,positive,10.0,10.0,-0.008418864570558071,-0.16927851736545563,0.030850259587168694,0.3063521087169647,127,1
0.0006556510925292969,positive,10.0,10.0,-0.011296623386442661,-0.17024163901805878,0.037448421120643616,0.32767254114151,127,3
0.0007638931274414062,positive,10.0,10.0,-0.014214902184903622,-0.1713966727256775,0.04494247958064079,0.3532651662826538,127,5
0.0008738040924072266,positive,10.0,10.0,-0.017181668430566788,-0.17276909947395325,0.05350949987769127,0.3837132155895233,127,7
0.0009062290191650391,positive,10.0,10.0,-0.02063705027103424,0.02155391313135624,0.06118376553058624,0.10837017744779587,127,8
0.0010662078857421875,positive,10.0,10.0,-0.0190220195800066,0.40778255462646484,0.07226727157831192,-0.38977277278900146,127,12
0.0011026859283447266,positive,10.0,10.0,-0.010866368189454079,0.2117132842540741,0.06447181850671768,-0.07520843297243118,127,13
0.0011365413665771484,positive,10.0,10.0,-0.006632102653384209,0.40585455298423767,0.06296764314174652,-0.34687376022338867,127,14
0.0011684894561767578,positive,10.0,10.0,0.0014849884901195765,0.20989611744880676,0.05603017285466194,-0.03501834347844124,127,15
0.0011987686157226562,positive,10.0,10.0,0.005682910792529583,0.014017300680279732,0.05532980337738991,0.2748030424118042,127,16
0.0013349056243896484,positive,10.0,10.0,0.006701478268951178,0.010231208056211472,0.07959454506635666,0.358982115983963,127,20
0.0013666152954101562,positive,10.0,10.0,0.0069061024114489555,-0.18592669069766998,0.08677418529987335,0.6756635308265686,127,21
0.0016622543334960938,positive,10.0,10.0,0.06600279361009598,0.776096522808075,0.0916447564959526,-0.4926159679889679,127,30
0.0016922950744628906,positive,10.0,10.0,0.08152472972869873,0.5798095464706421,0.0817924365401268,-0.17251521348953247,127,31
0.0017228126525878906,positive,10.0,10.0,0.09312091767787933,0.7736713886260986,0.07834213227033615,-0.43831562995910645,127,32
0.0017521381378173828,positive,10.0,10.0,0.10859434306621552,0.5775330662727356,0.06957582384347916,-0.12200149148702621,127,33
0.001781463623046875,positive,10.0,10.0,0.12014500796794891,0.38148683309555054,0.06713578850030899,0.19179514050483704,127,34
0.0018792152404785156,positive,10.0,10.0,0.13907469809055328,0.5734013915061951,0.08577682822942734,-0.030671635642647743,127,37
0.001909017562866211,positive,10.0,10.0,0.1505427211523056,0.7671952247619629,0.08516339957714081,-0.2951061427593231,127,38
0.001972198486328125,positive,10.0,10.0,0.17730601131916046,0.7648699879646301,0.0797247663140297,-0.243485689163208,127,40
0.002034902572631836,positive,10.0,10.0,0.21177875995635986,0.7626757621765137,0.06465515494346619,-0.19469313323497772,127,42
0.0020644664764404297,positive,10.0,10.0,0.22703228890895844,0.5666913986206055,0.06076129525899887,0.11766455322504044,127,43
0.002093791961669922,positive,10.0,10.0,0.23836611211299896,0.3707538843154907,0.06311458349227905,0.42888128757476807,127,44
0.0021572113037109375,positive,10.0,10.0,0.25707975029945374,0.7589540481567383,0.07482708245515823,-0.11248858273029327,127,46
0.0022912025451660156,positive,10.0,10.0,0.3176717758178711,0.36489424109458923,0.06857309490442276,0.5585081577301025,127,50
0.0023233890533447266,positive,10.0,10.0,0.32496967911720276,0.5589900016784668,0.07974325865507126,0.2881934642791748,127,51
0.0023887157440185547,positive,10.0,10.0,0.35120725631713867,0.5566520690917969,0.085940882563591,0.34007734060287476,127,53
0.0024182796478271484,positive,10.0,10.0,0.3623403012752533,0.7504527568817139,0.0927424356341362,0.07568469643592834,127,54
0.002481222152709961,positive,10.0,10.0,0.3962319791316986,1.137787103652954,0.09052897989749908,-0.44788140058517456,127,56
0.00251007080078125,positive,10.0,10.0,0.4189877212047577,0.9415090084075928,0.08157135546207428,-0.12809066474437714,127,57
0.002540111541748047,positive,10.0,10.0,0.43781790137290955,1.1353733539581299,0.0790095403790474,-0.393964946269989,127,58
0.002570629119873047,positive,10.0,10.0,0.46052536368370056,0.9392244219779968,0.07113023847341537,-0.07745468616485596,127,59
0.002635955810546875,positive,10.0,10.0,0.4941730499267578,0.5471151471138,0.07431704550981522,0.5505889058113098,127,61
0.0026657581329345703,positive,10.0,10.0,0.5051153302192688,0.7411189079284668,0.08532882481813431,0.2822156250476837,127,62
0.0026946067810058594,positive,10.0,10.0,0.5199376940727234,0.9349266886711121,0.0909731388092041,0.017617926001548767,127,63
0.0027234554290771484,positive,10.0,10.0,0.5386362671852112,1.1286342144012451,0.09132549166679382,-0.24503256380558014,127,64
0.002788543701171875,positive,10.0,10.0,0.587655782699585,1.1261144876480103,0.07627344876527786,-0.18895114958286285,127,66
0.0028188228607177734,positive,10.0,10.0,0.6101780533790588,1.3200671672821045,0.07249442487955093,-0.45663151144981384,127,67
0.002881765365600586,positive,10.0,10.0,0.6668612360954285,1.31815505027771,0.04884956404566765,-0.4136781692504883,127,69
0.0029103755950927734,positive,10.0,10.0,0.6932243704795837,1.5125517845153809,0.04057599976658821,-0.6905693411827087,127,70
0.003091573715209961,positive,10.0,10.0,0.8600214123725891,1.7073609828948975,-0.05036096274852753,-0.9763963222503662,127,75
0.003124713897705078,positive,10.0,10.0,0.8941686153411865,1.5129493474960327,-0.0698888897895813,-0.6999483704566956,127,76
0.0031561851501464844,positive,10.0,10.0,0.9244275689125061,1.7089669704437256,-0.08388786017894745,-1.0137877464294434,127,77
0.0032999515533447266,negative,10.0,-10.0,1.0846915245056152,2.1046903133392334,-0.2036021500825882,-1.7476238012313843,127,81
0.00037932395935058594,positive,10.0,10.0,0.022876234725117683,-0.0023726788349449635,-0.017494460567831993,0.010616863146424294,128,0
0.0008816719055175781,positive,10.0,10.0,0.018846483901143074,-0.19683311879634857,-0.0113346166908741,0.28873375058174133,128,3
0.0009870529174804688,positive,10.0,10.0,0.014909821562469006,-0.0015513808466494083,-0.005559941288083792,-0.0075023300014436245,128,4
0.00130462646484375,positive,10.0,10.0,0.0031142665538936853,-0.1965106725692749,0.011444391682744026,0.28160175681114197,128,7
0.0015048980712890625,positive,10.0,10.0,-0.008651826530694962,-0.19691547751426697,0.02863386832177639,0.2906171977519989,128,9
0.0018758773803710938,positive,10.0,10.0,-0.01659063808619976,-0.0031993365846574306,0.04079722613096237,0.028872566297650337,128,12
0.001971721649169922,positive,10.0,10.0,-0.01665462553501129,-0.19888187944889069,0.041374675929546356,0.33414319157600403,128,13
0.002387523651123047,positive,10.0,10.0,-0.020632263273000717,-0.004372469149529934,0.048057541251182556,0.0547894611954689,128,14
0.0025751590728759766,positive,10.0,10.0,-0.02071971260011196,-0.20014937222003937,0.04915333166718483,0.3622392416000366,128,15
0.002696514129638672,positive,10.0,10.0,-0.02472269907593727,-0.0057592676021158695,0.056398116052150726,0.08545152097940445,128,16
0.0030040740966796875,positive,10.0,10.0,-0.028870733454823494,-0.007390989456325769,0.06601477414369583,0.12156985700130463,128,18
0.00311279296875,positive,10.0,10.0,-0.029018552973866463,-0.2033935785293579,0.06844616681337357,0.4343276023864746,128,19
0.0033588409423828125,positive,10.0,10.0,-0.033272504806518555,0.18463388085365295,0.0804123654961586,-0.1034049391746521,128,21
0.003462076187133789,positive,10.0,10.0,-0.029579827561974525,-0.01154288835823536,0.07834427058696747,0.21352510154247284,128,22
0.0035619735717773438,positive,10.0,10.0,-0.02981068566441536,0.1823766529560089,0.08261477202177048,-0.053452324122190475,128,23
0.0036623477935791016,positive,10.0,10.0,-0.026163151487708092,0.3762228190898895,0.08154572546482086,-0.3189687132835388,128,24
0.004080772399902344,positive,10.0,10.0,-0.0150378979742527,0.37400785088539124,0.0751318633556366,-0.2697766423225403,128,26
0.004900932312011719,positive,10.0,10.0,0.01742416061460972,0.17260046303272247,0.07525991648435593,0.16282546520233154,128,33
0.005465269088745117,positive,10.0,10.0,0.049516987055540085,0.16632862389087677,0.08439989387989044,0.3017343580722809,128,39
0.00554966926574707,positive,10.0,10.0,0.05284355953335762,0.36015260219573975,0.09043458104133606,0.03681739792227745,128,40
0.005664825439453125,positive,10.0,10.0,0.060046613216400146,0.5538691878318787,0.09117092937231064,-0.226018488407135,128,41
0.0057525634765625,positive,10.0,10.0,0.07112399488687515,0.7475778460502625,0.0866505578160286,-0.48860764503479004,128,42
0.0059320926666259766,positive,10.0,10.0,0.09710249304771423,0.7452893257141113,0.07347995787858963,-0.43739649653434753,128,44
0.006106138229370117,positive,10.0,10.0,0.12299244850873947,0.3532216250896454,0.06228232383728027,0.18989726901054382,128,46
0.006186485290527344,positive,10.0,10.0,0.13005688786506653,0.1572664976119995,0.06608027219772339,0.5015591979026794,128,47
0.0062656402587890625,positive,10.0,10.0,0.1332022100687027,0.3513977825641632,0.07611145824193954,0.23041127622127533,128,48
0.00652623176574707,positive,10.0,10.0,0.1659218817949295,0.5430662631988525,0.07390338182449341,0.01330532319843769,128,51
0.006693124771118164,positive,10.0,10.0,0.19152431190013885,0.9310437440872192,0.06906597316265106,-0.5235729217529297,128,53
0.006774425506591797,positive,10.0,10.0,0.21014517545700073,0.7350212335586548,0.05859451740980148,-0.20995087921619415,128,54
0.0069427490234375,positive,10.0,10.0,0.24343077838420868,0.7334127426147461,0.04472370073199272,-0.1742713898420334,128,56
0.007021188735961914,positive,10.0,10.0,0.2580990195274353,0.5376802086830139,0.04123827442526817,0.13217824697494507,128,57
0.0070989131927490234,positive,10.0,10.0,0.2688526511192322,0.3419925570487976,0.043881841003894806,0.43758079409599304,128,58
0.0071756839752197266,positive,10.0,10.0,0.27569249272346497,0.5364667773246765,0.05263345688581467,0.15904736518859863,128,59
0.0073316097259521484,positive,10.0,10.0,0.2932344675064087,0.5349231958389282,0.06517159193754196,0.19327783584594727,128,61
0.0074079036712646484,positive,10.0,10.0,0.30393293499946594,0.33893242478370667,0.06903714686632156,0.5057867765426636,128,62
0.007478952407836914,positive,10.0,10.0,0.3107115924358368,0.5330170392990112,0.07915288209915161,0.23563410341739655,128,63
0.007552623748779297,positive,10.0,10.0,0.3213719129562378,0.7269241809844971,0.08386556059122086,-0.031069206073880196,128,64
0.0077478885650634766,positive,10.0,10.0,0.35432538390159607,0.7245455980300903,0.07732102274894714,0.02157442271709442,128,66
0.008004903793334961,positive,10.0,10.0,0.409434050321579,0.9163405895233154,0.06257906556129456,-0.1982085406780243,128,69
0.008254528045654297,positive,10.0,10.0,0.45265793800354004,0.328542023897171,0.06936819106340408,0.7353631854057312,128,72
0.008418798446655273,positive,10.0,10.0,0.46968159079551697,0.7164802551269531,0.09338131546974182,0.2002500742673874,128,74
0.008654594421386719,positive,10.0,10.0,0.5242892503738403,0.9074013829231262,0.08971449732780457,-0.0006239060312509537,128,77
0.008726835250854492,positive,10.0,10.0,0.5424372553825378,1.1011297702789307,0.08970201760530472,-0.2637071907520294,128,78
0.008802175521850586,positive,10.0,10.0,0.5644598603248596,1.294864535331726,0.08442787081003189,-0.5268037915229797,128,79
0.008955717086791992,positive,10.0,10.0,0.612330436706543,1.292654275894165,0.06971666216850281,-0.477245956659317,128,81
0.009106636047363281,positive,10.0,10.0,0.6679180264472961,1.6809686422348022,0.04522841423749924,-1.0203231573104858,128,83
0.009559869766235352,positive,10.0,10.0,0.8578447103500366,1.6809290647506714,-0.05770079791545868,-1.0190306901931763,128,89
0.01028895378112793,positive,10.0,10.0,1.03646981716156,0.7173692584037781,-0.0741911232471466,0.18034526705741882,128,98
0.01035928726196289,positive,10.0,10.0,1.0508171319961548,0.9134701490402222,-0.07058421522378922,-0.13478904962539673,128,99
0.010652542114257812,positive,10.0,10.0,1.1162148714065552,0.5274882316589355,-0.07239369302988052,0.3579391539096832,128,103
0.011017799377441406,positive,10.0,10.0,1.1691535711288452,0.33673709630966187,-0.040823131799697876,0.5537697672843933,128,108
0.011154890060424805,positive,10.0,10.0,1.186536431312561,0.337723046541214,-0.024777542799711227,0.5316630005836487,128,110
0.01121830940246582,positive,10.0,10.0,1.1932909488677979,0.5331845879554749,-0.014144282788038254,0.23127683997154236,128,111
0.01128244400024414,positive,10.0,10.0,1.2039545774459839,0.33826756477355957,-0.009518745355308056,0.5194648504257202,128,112
0.011344194412231445,positive,10.0,10.0,1.2107199430465698,0.14328090846538544,0.000870550749823451,0.8091331124305725,128,113
0.011404752731323242,positive,10.0,10.0,1.213585615158081,0.33839091658592224,0.017053212970495224,0.5167241096496582,128,114
0.011464834213256836,positive,10.0,10.0,1.220353364944458,0.5332686305046082,0.027387695387005806,0.22946344316005707,128,115
0.011524200439453125,positive,10.0,10.0,1.2310187816619873,0.33776623010635376,0.03197696432471275,0.5306580662727356,128,116
0.01158452033996582,positive,10.0,10.0,1.237774133682251,0.5324241518974304,0.042590126395225525,0.24822010099887848,128,117
0.011959075927734375,positive,10.0,10.0,1.283072590827942,0.3332871198654175,0.08222434669733047,0.631108820438385,128,122
0.012248039245605469,negative,10.0,-10.0,1.29398512840271,-0.06231876090168953,0.15949413180351257,1.3473985195159912,128,126
0.012312173843383789,negative,10.0,-10.0,1.292738676071167,-0.2590451240539551,0.18644210696220398,1.68543541431427,128,127
0.0003349781036376953,positive,10.0,10.0,0.0157283004373312,-0.18843378126621246,-0.04821851849555969,0.2338833212852478,129,1
0.0003769397735595703,positive,10.0,10.0,0.011959625408053398,-0.3828348219394684,-0.04354085028171539,0.510975182056427,129,2
0.0004131793975830078,positive,10.0,10.0,0.004302929155528545,-0.18712742626667023,-0.03332134708762169,0.20489536225795746,129,3
0.0006215572357177734,positive,10.0,10.0,-0.007074767258018255,-0.5764551162719727,-0.019485769793391228,0.7702149748802185,129,5
0.0007181167602539062,positive,10.0,10.0,-0.018603868782520294,-0.7713035345077515,-0.004081469960510731,1.0567036867141724,129,6
0.0009257793426513672,positive,10.0,10.0,-0.07659142464399338,-0.9671229124069214,0.07693608850240707,1.3674198389053345,129,9
0.0010385513305664062,negative,10.0,-10.0,-0.12298350036144257,-0.3862442970275879,0.14311029016971588,0.5910768508911133,129,12
0.0010738372802734375,negative,10.0,-10.0,-0.13070839643478394,-0.1933852732181549,0.15493182837963104,0.34667664766311646,129,13
0.0013890266418457031,negative,10.0,-10.0,-0.08920266479253769,0.37170547246932983,0.137539342045784,-0.08911098539829254,129,22
0.0016980171203613281,positive,10.0,10.0,0.01537569984793663,0.5513037443161011,0.09261716902256012,-0.03870314732193947,129,31
0.0017657279968261719,positive,10.0,10.0,0.04130145534873009,0.5486811399459839,0.08582735061645508,0.019389376044273376,129,33
0.0017981529235839844,positive,10.0,10.0,0.052275076508522034,0.7424740791320801,0.08621513843536377,-0.24502775073051453,129,34
0.0018296241760253906,positive,10.0,10.0,0.06712456047534943,0.5462332963943481,0.0813145786523819,0.07355595380067825,129,35
0.0018601417541503906,positive,10.0,10.0,0.07804922014474869,0.7401010394096375,0.0827857032418251,-0.19240465760231018,129,36
0.0018906593322753906,positive,10.0,10.0,0.09285124391317368,0.9339471459388733,0.0789376050233841,-0.4578667879104614,129,37
0.0019922256469726562,positive,10.0,10.0,0.13712134957313538,0.3457416892051697,0.07040204852819443,0.4855025112628937,129,40
0.0020232200622558594,positive,10.0,10.0,0.1440361738204956,0.5398032069206238,0.08011209219694138,0.21581241488456726,129,41
0.002054929733276367,positive,10.0,10.0,0.15483224391937256,0.3436328172683716,0.0844283401966095,0.5326520204544067,129,42
0.002232789993286133,positive,10.0,10.0,0.22793442010879517,0.9218910932540894,0.0852622240781784,-0.1910642683506012,129,47
0.0022661685943603516,positive,10.0,10.0,0.24637223780155182,1.1156964302062988,0.08144093304872513,-0.45567941665649414,129,48
0.002471923828125,positive,10.0,10.0,0.3526413142681122,0.3296768367290497,0.07445815950632095,0.8406516313552856,129,54
0.0025053024291992188,positive,10.0,10.0,0.35923486948013306,0.5237076282501221,0.09127119183540344,0.5722823739051819,129,55
0.002706766128540039,positive,10.0,10.0,0.47234562039375305,1.2949259281158447,0.09384985268115997,-0.3980664610862732,129,61
0.0028057098388671875,positive,10.0,10.0,0.5460642576217651,1.0961846113204956,0.07750730961561203,-0.023686407133936882,129,64
0.0028383731842041016,positive,10.0,10.0,0.5679879188537598,1.290114402770996,0.07703357934951782,-0.290943443775177,129,65
0.0028717517852783203,positive,10.0,10.0,0.5937902331352234,1.0939834117889404,0.0712147131562233,0.02500608004629612,129,66
0.002954721450805664,positive,10.0,10.0,0.633628249168396,1.091948390007019,0.07850044965744019,0.07004678249359131,129,68
0.002988576889038086,positive,10.0,10.0,0.6554672122001648,1.2858623266220093,0.07990138977766037,-0.19687283039093018,129,69
0.003057718276977539,positive,10.0,10.0,0.7107795476913452,1.2836471796035767,0.06669754534959793,-0.14769266545772552,129,71
0.003126859664916992,positive,10.0,10.0,0.758205235004425,0.8916628956794739,0.06704897433519363,0.4773555397987366,129,73
0.003158092498779297,positive,10.0,10.0,0.7760384678840637,0.6956614851951599,0.07659608125686646,0.79039466381073,129,74
0.003371000289916992,positive,10.0,10.0,0.9176298379898071,1.4673100709915161,0.0927877277135849,-0.18814706802368164,129,80
0.0034029483795166016,positive,10.0,10.0,0.9469760060310364,1.6609903573989868,0.08902478218078613,-0.45017746090888977,129,81
0.0034706592559814453,positive,10.0,10.0,1.0094904899597168,1.6586194038391113,0.07740496844053268,-0.3972162902355194,129,83
0.0035016536712646484,positive,10.0,10.0,1.0426628589630127,1.4624894857406616,0.06946064531803131,-0.08116799592971802,129,84
0.003533601760864258,positive,10.0,10.0,1.0719126462936401,1.6565505266189575,0.06783728301525116,-0.35115259885787964,129,85
0.0036690235137939453,positive,10.0,10.0,1.1965250968933105,1.6531184911727905,0.05384617671370506,-0.2749847173690796,129,89
0.0037004947662353516,positive,10.0,10.0,1.229587435722351,1.8474324941635132,0.04834648221731186,-0.5502101182937622,129,90
0.0037670135498046875,positive,10.0,10.0,1.2995694875717163,1.8462352752685547,0.0324883759021759,-0.5233694314956665,129,92
0.0037994384765625,positive,10.0,10.0,1.3364940881729126,1.6506714820861816,0.022020988166332245,-0.22062867879867554,129,93
0.0038645267486572266,positive,10.0,10.0,1.4064170122146606,2.040341377258301,0.007482719607651234,-0.7933670282363892,129,95
0.003962993621826172,positive,10.0,10.0,1.5171284675598145,1.8454941511154175,-0.022517625242471695,-0.5067256093025208,129,98
0.003993988037109375,positive,10.0,10.0,1.554038405418396,1.6506966352462769,-0.03265213966369629,-0.22122302651405334,129,99
0.004025936126708984,positive,10.0,10.0,1.587052345275879,1.8462697267532349,-0.03707659989595413,-0.5240243077278137,129,100
0.004198789596557617,positive,10.0,10.0,1.7562016248703003,1.2648770809173584,-0.06898589432239532,0.2673528492450714,129,105
0.004302501678466797,positive,10.0,10.0,1.828250527381897,1.072432518005371,-0.04837939888238907,0.5010096430778503,129,108
0.004337310791015625,positive,10.0,10.0,1.8496991395950317,0.8780247569084167,-0.038359202444553375,0.7780621647834778,129,109
0.004369974136352539,positive,10.0,10.0,1.8672596216201782,1.0736526250839233,-0.02279796078801155,0.4735614061355591,129,110
0.0044744014739990234,positive,10.0,10.0,1.9199883937835693,0.48877760767936707,0.022801361978054047,1.3406962156295776,129,113
0.0005090236663818359,positive,10.0,10.0,-0.016559330746531487,-0.02597123570740223,0.05275383219122887,0.09842174500226974,130,4
0.0006864070892333984,positive,10.0,10.0,-0.022064974531531334,-0.22346650063991547,0.06551427394151688,0.4441652297973633,130,7
0.0007984638214111328,positive,10.0,10.0,-0.02712089940905571,0.1646529585123062,0.077854223549366,-0.0954841747879982,130,9
0.0008528232574462891,positive,10.0,10.0,-0.023827839642763138,0.3585777282714844,0.07594454288482666,-0.3626241683959961,130,10
0.0010669231414794922,positive,10.0,10.0,-0.018670352175831795,-0.03556753322482109,0.08467923104763031,0.3110116422176361,130,14
0.0011174678802490234,positive,10.0,10.0,-0.019381703808903694,-0.23178742825984955,0.09089946001768112,0.629152774810791,130,15
0.0014946460723876953,positive,10.0,10.0,0.013849214650690556,0.3428095877170563,0.09368924051523209,-0.013729718513786793,130,22
0.0015985965728759766,positive,10.0,10.0,0.03143484145402908,0.7301453948020935,0.08790575712919235,-0.5372644662857056,130,24
0.0017275810241699219,positive,10.0,10.0,0.056715842336416245,0.7278436422348022,0.07279589027166367,-0.48560914397239685,130,26
0.0018367767333984375,positive,10.0,10.0,0.0819081962108612,0.33580851554870605,0.05966569483280182,0.14099733531475067,130,28
0.0018873214721679688,positive,10.0,10.0,0.08862436562776566,0.13988502323627472,0.06248564273118973,0.4518909156322479,130,29
0.002208709716796875,positive,10.0,10.0,0.13240987062454224,0.5232639312744141,0.08268912881612778,0.017236225306987762,130,35
0.0022580623626708984,positive,10.0,10.0,0.14287514984607697,0.7171086668968201,0.08303385227918625,-0.2482544630765915,130,36
0.0023064613342285156,positive,10.0,10.0,0.15721732378005981,0.9109526872634888,0.07806876301765442,-0.5136348009109497,130,37
0.0024077892303466797,positive,10.0,10.0,0.18973283469676971,0.5188001394271851,0.06384792178869247,0.11586816608905792,130,39
0.002454519271850586,positive,10.0,10.0,0.2001088410615921,0.3228242099285126,0.06616528332233429,0.4279915988445282,130,40
0.002554655075073242,positive,10.0,10.0,0.21690431237220764,0.7109267115592957,0.0778626948595047,-0.11132584512233734,130,42
0.002602815628051758,positive,10.0,10.0,0.23112285137176514,0.9048516154289246,0.07563617080450058,-0.3784633278846741,130,43
0.0026998519897460938,positive,10.0,10.0,0.26339471340179443,0.5127130150794983,0.06680843979120255,0.25043463706970215,130,45
0.0027437210083007812,positive,10.0,10.0,0.2736489772796631,0.31670379638671875,0.07181712985038757,0.5634196400642395,130,46
0.002838134765625,positive,10.0,10.0,0.29019802808761597,0.7045935988426208,0.08896950632333755,0.028833383694291115,130,48
0.0028839111328125,positive,10.0,10.0,0.30428987741470337,0.8983345031738281,0.08954617381095886,-0.23450596630573273,130,49
0.0029823780059814453,positive,10.0,10.0,0.3440980017185211,1.2858998775482178,0.0749029666185379,-0.7624345421791077,130,51
0.0031270980834960938,positive,10.0,10.0,0.4094909429550171,0.6981074213981628,0.04798560217022896,0.17196081578731537,130,54
0.003171682357788086,positive,10.0,10.0,0.42345309257507324,0.5023326873779297,0.051424816250801086,0.47938722372055054,130,55
0.0032196044921875,positive,10.0,10.0,0.4334997534751892,0.3065239191055298,0.06101256236433983,0.7878243327140808,130,56
0.0033164024353027344,positive,10.0,10.0,0.44964537024497986,0.6947187781333923,0.08706791698932648,0.24740561842918396,130,58
0.0034606456756591797,positive,10.0,10.0,0.5029534101486206,1.2758890390396118,0.08610643446445465,-0.5413016676902771,130,61
0.0035054683685302734,positive,10.0,10.0,0.5284711718559265,1.0796689987182617,0.07528040558099747,-0.2227781116962433,130,62
0.0035500526428222656,positive,10.0,10.0,0.5500645637512207,1.2736387252807617,0.07082483917474747,-0.49079716205596924,130,63
0.003824472427368164,positive,10.0,10.0,0.6382341980934143,0.2938354015350342,0.08418375253677368,1.069493055343628,130,68
0.004031658172607422,negative,10.0,-10.0,0.6849814057350159,1.067505955696106,0.13848799467086792,0.04656776785850525,130,72
0.004678964614868164,positive,10.0,10.0,1.0455111265182495,1.631018042564392,0.08473046869039536,-0.3513014316558838,130,85
0.004726886749267578,positive,10.0,10.0,1.0781314373016357,1.8248392343521118,0.07770444452762604,-0.616109311580658,130,86
0.0047724246978759766,positive,10.0,10.0,1.1146283149719238,2.018794536590576,0.06538225710391998,-0.8833422064781189,130,87
0.004868984222412109,positive,10.0,10.0,1.1914610862731934,1.6270910501480103,0.036298561841249466,-0.26351746916770935,130,89
0.0049169063568115234,positive,10.0,10.0,1.2240029573440552,1.8216766119003296,0.03102821297943592,-0.5445340871810913,130,90
0.004961967468261719,positive,10.0,10.0,1.2604365348815918,1.6261327266693115,0.02013752982020378,-0.2422385811805725,130,91
0.0051577091217041016,positive,10.0,10.0,1.3904964923858643,1.6252256631851196,0.001434530597180128,-0.22216808795928955,130,95
0.0053555965423583984,positive,10.0,10.0,1.5283236503601074,1.6256893873214722,-0.028140338137745857,-0.2324751913547516,130,99
0.005451679229736328,positive,10.0,10.0,1.5972614288330078,1.6265560388565063,-0.043467842042446136,-0.2517266869544983,130,101
0.005546092987060547,positive,10.0,10.0,1.6662380695343018,1.6278622150421143,-0.059658318758010864,-0.280781090259552,130,103
0.005593061447143555,positive,10.0,10.0,1.6987953186035156,1.8237820863723755,-0.0652739405632019,-0.5916673541069031,130,104
0.005761146545410156,negative,10.0,-10.0,1.819982647895813,2.4120423793792725,-0.11959211528301239,-1.540993094444275,130,107
0.005809307098388672,negative,10.0,-10.0,1.8682234287261963,2.2185442447662354,-0.15041197836399078,-1.2878955602645874,130,108
0.0058557987213134766,negative,10.0,-10.0,1.9125943183898926,2.4152252674102783,-0.17616988718509674,-1.623640775680542,130,109
0.00046825408935546875,positive,10.0,10.0,0.004987920634448528,-0.19024775922298431,-0.0027722998056560755,0.257087767124176,131,3
0.0007386207580566406,positive,10.0,10.0,-0.018039491027593613,-0.19069382548332214,0.029562992975115776,0.26702073216438293,131,7
0.0008630752563476562,positive,10.0,10.0,-0.029577866196632385,-0.1916094869375229,0.04628099873661995,0.28739362955093384,131,9
0.0009827613830566406,positive,10.0,10.0,-0.033353596925735474,-0.19300507009029388,0.05222205072641373,0.31829312443733215,131,11
0.0010399818420410156,positive,10.0,10.0,-0.03721369802951813,0.0013357230927795172,0.05858791247010231,0.04252566397190094,131,12
0.001096963882446289,positive,10.0,10.0,-0.03718698397278786,-0.19457529485225677,0.05943842604756355,0.35310298204421997,131,13
0.0012254714965820312,positive,10.0,10.0,-0.04108542203903198,-0.19635580480098724,0.06809526681900024,0.392639696598053,131,15
0.001299142837524414,positive,10.0,10.0,-0.045012541115283966,-0.002262940164655447,0.075948067009449,0.12217969447374344,131,16
0.001918792724609375,positive,10.0,10.0,-0.011314588598906994,0.37692591547966003,0.06901086121797562,-0.22025395929813385,131,26
0.001979351043701172,positive,10.0,10.0,-0.0037760701961815357,0.18088886141777039,0.06460577994585037,0.09337477385997772,131,27
0.0020356178283691406,positive,10.0,10.0,-0.0001582929107826203,-0.015096726827323437,0.06647327542304993,0.4057207405567169,131,28
0.002270936965942383,positive,10.0,10.0,0.021918978542089462,0.37083959579467773,0.06659375876188278,-0.0856308862566948,131,32
0.002393007278442383,positive,10.0,10.0,0.03283235803246498,0.3689670264720917,0.06942708045244217,-0.044235240668058395,131,34
0.0025076866149902344,positive,10.0,10.0,0.043670136481523514,-0.023107985034585,0.07393276691436768,0.5830092430114746,131,36
0.0025627613067626953,positive,10.0,10.0,0.04320797696709633,0.17090456187725067,0.08559294790029526,0.3145018517971039,131,37
0.0030303001403808594,positive,10.0,10.0,0.11661095172166824,0.5502064228057861,0.08246948570013046,-0.030703410506248474,131,45
0.003207683563232422,positive,10.0,10.0,0.153453528881073,0.35174304246902466,0.0763513445854187,0.33670610189437866,131,48
0.0033457279205322266,positive,10.0,10.0,0.17140237987041473,0.7395386695861816,0.08446633815765381,-0.19631223380565643,131,50
0.003406524658203125,positive,10.0,10.0,0.18619315326213837,0.9333572387695312,0.08054009079933167,-0.4611999988555908,131,51
0.003709077835083008,positive,10.0,10.0,0.2715279161930084,0.34380707144737244,0.05052777752280235,0.5113709568977356,131,56
0.00400996208190918,positive,10.0,10.0,0.3213473856449127,0.9242032170295715,0.08202274888753891,-0.2585378587245941,131,61
0.0040662288665771484,positive,10.0,10.0,0.3398314416408539,1.118064284324646,0.0768519937992096,-0.5242640972137451,131,62
0.0041196346282958984,positive,10.0,10.0,0.3621927499771118,0.9219496250152588,0.06636670976877213,-0.20838822424411774,131,63
0.004172086715698242,positive,10.0,10.0,0.3806317448616028,0.7259445786476135,0.0621989481151104,0.10446962714195251,131,64
0.0042951107025146484,positive,10.0,10.0,0.4057503938674927,0.3340176045894623,0.0726105272769928,0.7283469438552856,131,66
0.0046138763427734375,positive,10.0,10.0,0.4779191017150879,0.9126445055007935,0.09246772527694702,-0.0026652871165424585,131,71
0.004743337631225586,positive,10.0,10.0,0.4961720108985901,1.1063270568847656,0.09241441637277603,-0.26480117440223694,131,72
0.00491786003112793,positive,10.0,10.0,0.5182985663414001,1.3000167608261108,0.08711839467287064,-0.5269648432731628,131,73
0.00501251220703125,positive,10.0,10.0,0.5442988872528076,1.1037839651107788,0.07657910138368607,-0.20815156400203705,131,74
0.005184650421142578,positive,10.0,10.0,0.592329204082489,1.1016663312911987,0.06290148943662643,-0.16112931072711945,131,76
0.005463600158691406,positive,10.0,10.0,0.664751410484314,1.0979851484298706,0.07571207731962204,-0.0798235759139061,131,80
0.005523204803466797,positive,10.0,10.0,0.6867111325263977,1.2919446229934692,0.07411560416221619,-0.3476913273334503,131,81
0.005711555480957031,positive,10.0,10.0,0.7602660059928894,1.484062910079956,0.060443054884672165,-0.5743358135223389,131,84
0.005769968032836914,positive,10.0,10.0,0.7899472713470459,1.6782877445220947,0.048956338316202164,-0.847381591796875,131,85
0.005891323089599609,positive,10.0,10.0,0.860967218875885,1.6771823167800903,0.009523176588118076,-0.8217279314994812,131,87
0.00594782829284668,positive,10.0,10.0,0.8945108652114868,1.8721727132797241,-0.006911382544785738,-1.1114004850387573,131,88
0.006075620651245117,positive,10.0,10.0,0.9654971361160278,1.4824309349060059,-0.04555726423859596,-0.5375163555145264,131,90
0.006195783615112305,positive,10.0,10.0,1.028709053993225,1.8740060329437256,-0.0731915682554245,-1.1540437936782837,131,92
0.006663799285888672,negative,10.0,-10.0,1.1529123783111572,2.072653293609619,-0.16144517064094543,-1.5387558937072754,131,95
0.0067441463470458984,negative,10.0,-10.0,1.1943655014038086,1.8797998428344727,-0.1922203004360199,-1.3004965782165527,131,96
0.00018906593322753906,positive,10.0,10.0,0.04283619672060013,-0.0006587294046767056,0.03980493173003197,-0.0329233817756176,132,0
0.0006489753723144531,positive,10.0,10.0,0.031056733801960945,-0.19751672446727753,0.056123748421669006,0.2985062301158905,132,3
0.000762939453125,positive,10.0,10.0,0.027106398716568947,-0.3933919072151184,0.06209387257695198,0.6083480715751648,132,4
0.0010290145874023438,positive,10.0,10.0,0.015150758437812328,0.18867361545562744,0.0823274478316307,-0.19859585165977478,132,7
0.0010724067687988281,positive,10.0,10.0,0.018924230709671974,0.3825274407863617,0.07835553586483002,-0.4642147719860077,132,8
0.0011534690856933594,positive,10.0,10.0,0.030302593484520912,-0.009648853912949562,0.06611324846744537,0.16574954986572266,132,10
0.0012307167053222656,positive,10.0,10.0,0.025996580719947815,-0.011575236916542053,0.07899893820285797,0.20851680636405945,132,12
0.001346588134765625,positive,10.0,10.0,0.03693515434861183,0.17998245358467102,0.07553323358297348,-0.006189051084220409,132,15
0.0014183521270751953,positive,10.0,10.0,0.04801369458436966,0.5679139494895935,0.06992711126804352,-0.542094886302948,132,17
0.0014543533325195312,positive,10.0,10.0,0.05937197059392929,0.37188249826431274,0.059085216373205185,-0.22822444140911102,132,18
0.0015645027160644531,positive,10.0,10.0,0.08553719520568848,0.17453692853450775,0.040639810264110565,0.11403220891952515,132,21
0.0015995502471923828,positive,10.0,10.0,0.08902793377637863,-0.02114306576550007,0.04292045161128044,0.4192546606063843,132,22
0.0016336441040039062,positive,10.0,10.0,0.08860506862401962,0.17334525287151337,0.05130554735660553,0.1404055804014206,132,23
0.0016677379608154297,positive,10.0,10.0,0.09207198023796082,0.36769628524780273,0.05411365628242493,-0.13566015660762787,132,24
0.0018379688262939453,positive,10.0,10.0,0.10578984767198563,-0.025651851668953896,0.0686558336019516,0.5194560289382935,132,28
0.001874685287475586,positive,10.0,10.0,0.10527680814266205,0.16843979060649872,0.07904495298862457,0.24917340278625488,132,29
0.001909017562866211,positive,10.0,10.0,0.10864561051130295,0.36234915256500244,0.08402842283248901,-0.01756742037832737,132,30
0.0019419193267822266,positive,10.0,10.0,0.11589258909225464,0.16612893342971802,0.08367707580327988,0.3003997206687927,132,31
0.0019741058349609375,positive,10.0,10.0,0.11921516805887222,-0.030079824849963188,0.08968506753444672,0.6182554364204407,132,32
0.002216339111328125,positive,10.0,10.0,0.18069569766521454,0.544715404510498,0.0907231867313385,-0.028959965333342552,132,39
0.0023152828216552734,positive,10.0,10.0,0.21720141172409058,0.7359612584114075,0.08487006276845932,-0.23693625628948212,132,42
0.0023467540740966797,positive,10.0,10.0,0.23192062973976135,0.5397357940673828,0.08013133704662323,0.08126438409090042,132,43
0.002376556396484375,positive,10.0,10.0,0.24271534383296967,0.7336230874061584,0.08175662904977798,-0.18509991466999054,132,44
0.002405881881713867,positive,10.0,10.0,0.25738781690597534,0.9274858236312866,0.07805462926626205,-0.45091310143470764,132,45
0.002536296844482422,positive,10.0,10.0,0.30805695056915283,0.5333763957023621,0.07975799590349197,0.22195541858673096,132,49
0.0025663375854492188,positive,10.0,10.0,0.31872448325157166,0.727273166179657,0.08419710397720337,-0.044541072100400925,132,50
0.0025963783264160156,positive,10.0,10.0,0.3332699239253998,0.9210931658744812,0.08330628275871277,-0.30951645970344543,132,51
0.002626657485961914,positive,10.0,10.0,0.3516917824745178,0.7248891592025757,0.07711596041917801,0.008232608437538147,132,52
0.0026760101318359375,positive,10.0,10.0,0.366189569234848,0.9188253283500671,0.07728061079978943,-0.2591574490070343,132,53
0.0028128623962402344,positive,10.0,10.0,0.43295738101005554,1.5010266304016113,0.04565506428480148,-1.0683174133300781,132,56
0.002846240997314453,positive,10.0,10.0,0.46297791600227356,1.3053314685821533,0.024288717657327652,-0.7616626024246216,132,57
0.002969026565551758,positive,10.0,10.0,0.5451841354370117,1.5001533031463623,-0.026898495852947235,-1.0474897623062134,132,60
0.0030732154846191406,positive,10.0,10.0,0.6313180923461914,1.3069124221801758,-0.08453004062175751,-0.7984910607337952,132,63
0.0032944679260253906,negative,10.0,-10.0,0.7282254099845886,1.312641978263855,-0.14030103385448456,-0.9305557608604431,132,67
0.003347158432006836,negative,10.0,-10.0,0.7544782161712646,1.5093501806259155,-0.15891215205192566,-1.2638319730758667,132,68
0.0033981800079345703,negative,10.0,-10.0,0.7846652269363403,1.7061058282852173,-0.18418878316879272,-1.6017706394195557,132,69
0.000213623046875,positive,10.0,10.0,0.03955939784646034,-0.23725639283657074,-0.024182375520467758,0.30285027623176575,133,1
0.00036716461181640625,positive,10.0,10.0,0.028419574722647667,-0.23622441291809082,-0.012457146309316158,0.2800045907497406,133,5
0.0004017353057861328,positive,10.0,10.0,0.0236950870603323,-0.43116647005081177,-0.006857054773718119,0.5687326788902283,133,6
0.0004706382751464844,positive,10.0,10.0,0.0025479260366410017,-0.4311314523220062,0.02170254848897457,0.5679884552955627,133,8
0.0005023479461669922,positive,10.0,10.0,-0.006074703298509121,-0.6265509724617004,0.033062320202589035,0.8674287796020508,133,9
0.0007674694061279297,positive,10.0,10.0,-0.04439448565244675,0.14489489793777466,0.08946149051189423,-0.10459747165441513,133,17
0.0008406639099121094,positive,10.0,10.0,-0.03472401946783066,0.1423807442188263,0.08001415431499481,-0.04886634647846222,133,19
0.0008716583251953125,positive,10.0,10.0,-0.03187640383839607,0.3362696170806885,0.07903683185577393,-0.3152700960636139,133,20
0.0009014606475830078,positive,10.0,10.0,-0.02515101246535778,0.14011600613594055,0.07273142784833908,0.0012544463388621807,133,21
0.00099945068359375,positive,10.0,10.0,-0.0051035028882324696,0.3321341276168823,0.0566740408539772,-0.22336354851722717,133,24
0.0011324882507324219,positive,10.0,10.0,0.005767310503870249,-0.06121429055929184,0.06424887478351593,0.43166592717170715,133,28
0.0011670589447021484,positive,10.0,10.0,0.004543024580925703,0.13294188678264618,0.07288219779729843,0.1599087417125702,133,29
0.0011992454528808594,positive,10.0,10.0,0.007201862055808306,0.3269488513469696,0.07608036696910858,-0.10892074555158615,133,30
0.0012297630310058594,positive,10.0,10.0,0.013740839436650276,0.5209028124809265,0.0739019513130188,-0.37666401267051697,133,31
0.0012955665588378906,positive,10.0,10.0,0.030655160546302795,0.5189239382743835,0.06513617187738419,-0.33265212178230286,133,33
0.001325368881225586,positive,10.0,10.0,0.04103364050388336,0.32293829321861267,0.05848312750458717,-0.020160535350441933,133,34
0.001421213150024414,positive,10.0,10.0,0.056458499282598495,0.12529902160167694,0.06421906501054764,0.32870784401893616,133,37
0.001461029052734375,positive,10.0,10.0,0.058964479714632034,0.3194507658481598,0.07079322636127472,0.0569479763507843,133,38
0.001569986343383789,positive,10.0,10.0,0.07416965812444687,0.5113194584846497,0.08139292150735855,-0.1646924763917923,133,41
0.001604318618774414,positive,10.0,10.0,0.08439604938030243,0.7051876783370972,0.0780990719795227,-0.4306289255619049,133,42
0.0016353130340576172,positive,10.0,10.0,0.09849979728460312,0.5090516805648804,0.06948649138212204,-0.11438395082950592,133,43
0.0016667842864990234,positive,10.0,10.0,0.1086808368563652,0.3130064308643341,0.06719881296157837,0.199386864900589,133,44
0.0017321109771728516,positive,10.0,10.0,0.11728078126907349,0.31104177236557007,0.08143631368875504,0.2430601865053177,133,46
0.0017621517181396484,positive,10.0,10.0,0.12350161373615265,0.5049117803573608,0.08629751950502396,-0.022865254431962967,133,47
0.0017914772033691406,positive,10.0,10.0,0.13359984755516052,0.6986969709396362,0.08584021031856537,-0.2871212959289551,133,48
0.0018224716186523438,positive,10.0,10.0,0.147573783993721,0.5024623870849609,0.08009778708219528,0.031352754682302475,133,49
0.0018870830535888672,positive,10.0,10.0,0.17155003547668457,0.890231192111969,0.07602439820766449,-0.5011899471282959,133,51
0.001954317092895508,positive,10.0,10.0,0.2032371461391449,0.4981233477592468,0.06228959560394287,0.12720172107219696,133,53
0.0020627975463867188,positive,10.0,10.0,0.21924296021461487,0.4963141977787018,0.07361098378896713,0.16730625927448273,133,55
0.002100229263305664,positive,10.0,10.0,0.22916923463344574,0.6903095245361328,0.076957106590271,-0.10127658396959305,133,56
0.002204418182373047,positive,10.0,10.0,0.2744233310222626,0.4921244978904724,0.06648945063352585,0.25982487201690674,133,59
0.002241373062133789,positive,10.0,10.0,0.2842658460140228,0.6862373948097229,0.07168594747781754,-0.011167588643729687,133,60
0.002382516860961914,positive,10.0,10.0,0.3370817303657532,0.878313422203064,0.05486031249165535,-0.23703151941299438,133,63
0.002414226531982422,positive,10.0,10.0,0.35464799404144287,0.682452380657196,0.050119683146476746,0.07243890315294266,133,64
0.0026702880859375,positive,10.0,10.0,0.44592586159706116,0.8706114888191223,0.0741313099861145,-0.06694673001766205,133,71
0.002702474594116211,positive,10.0,10.0,0.46333807706832886,1.0645966529846191,0.07279237359762192,-0.3353506624698639,133,72
0.0027420520782470703,positive,10.0,10.0,0.4846300184726715,0.8685182929039001,0.06608536094427109,-0.020629949867725372,133,73
0.0028641223907470703,positive,10.0,10.0,0.515450656414032,0.4765200912952423,0.0715157613158226,0.6048007607460022,133,75
0.0031425952911376953,positive,10.0,10.0,0.5556807518005371,1.0581302642822266,0.09172692894935608,-0.19259102642536163,133,78
0.003232717514038086,positive,10.0,10.0,0.5768433809280396,1.2518285512924194,0.08787510544061661,-0.4549869894981384,133,79
0.0037581920623779297,positive,10.0,10.0,0.6994228959083557,0.46530529856681824,0.08156377822160721,0.8531649708747864,133,85
0.004061460494995117,negative,10.0,-10.0,0.7743095755577087,1.2342171669006348,0.16509535908699036,-0.06558550894260406,133,91
0.004106760025024414,negative,10.0,-10.0,0.7989939451217651,1.4266345500946045,0.16378363966941833,-0.3019692897796631,133,92
0.004151821136474609,negative,10.0,-10.0,0.8275266289710999,1.2296032905578613,0.15774425864219666,0.03755982965230942,133,93
0.004196882247924805,negative,10.0,-10.0,0.8521186709403992,1.4221528768539429,0.1584954559803009,-0.2014937698841095,133,94
0.004392385482788086,negative,10.0,-10.0,0.9734215140342712,1.4136883020401,0.1366647630929947,-0.012290372513234615,133,98
0.004425764083862305,negative,10.0,-10.0,1.0016952753067017,1.6066125631332397,0.13641895353794098,-0.25892406702041626,133,99
0.004564523696899414,positive,10.0,10.0,1.1533879041671753,1.9894986152648926,0.08591150492429733,-0.6825053691864014,133,103
0.0046308040618896484,positive,10.0,10.0,1.2368444204330444,1.9873123168945312,0.053322359919548035,-0.6324676871299744,133,105
0.004663228988647461,positive,10.0,10.0,1.2765907049179077,1.7914886474609375,0.04067300632596016,-0.3234802782535553,133,106
0.004728555679321289,positive,10.0,10.0,1.3443366289138794,1.7904269695281982,0.033838335424661636,-0.299951434135437,133,108
0.004790782928466797,positive,10.0,10.0,1.4120420217514038,1.7895513772964478,0.0279034785926342,-0.2805624306201935,133,110
0.004820108413696289,positive,10.0,10.0,1.4478330612182617,1.9842643737792969,0.022292228415608406,-0.5643157362937927,133,111
0.004850149154663086,positive,10.0,10.0,1.487518310546875,1.7888368368148804,0.011005914770066738,-0.2646939158439636,133,112
0.004947185516357422,positive,10.0,10.0,1.598742961883545,1.98379647731781,-0.010553832165896893,-0.5537786483764648,133,115
0.0050432682037353516,positive,10.0,10.0,1.7138804197311401,1.7895140647888184,-0.038195498287677765,-0.27978289127349854,133,118
0.005139350891113281,positive,10.0,10.0,1.8251874446868896,1.5963881015777588,-0.061590246856212616,-0.03100689873099327,133,121
0.005169391632080078,positive,10.0,10.0,1.8571151494979858,1.4022010564804077,-0.062210384756326675,0.24162539839744568,133,122
0.005198240280151367,positive,10.0,10.0,1.8851592540740967,1.2080203294754028,-0.057377878576517105,0.5140548944473267,133,123
0.005292654037475586,negative,10.0,-10.0,1.9459807872772217,0.6246132850646973,-0.01002198364585638,1.3483071327209473,133,126
0.0053250789642333984,negative,10.0,-10.0,1.9584730863571167,0.4296187460422516,0.01694415882229805,1.6378378868103027,133,127
0.005354404449462891,negative,10.0,-10.0,1.967065453529358,0.23430228233337402,0.049700915813446045,1.9357519149780273,133,128
0.005501985549926758,negative,10.0,-10.0,1.9857097864151,0.2297361195087433,0.2074822634458542,2.0717618465423584,133,132
0.0002608299255371094,positive,10.0,10.0,0.016311589628458023,-0.15297774970531464,-0.020999930799007416,0.25056424736976624,134,1
0.000354766845703125,positive,10.0,10.0,0.006296162493526936,-0.1524505615234375,-0.0052576446905732155,0.2388724684715271,134,3
0.000392913818359375,positive,10.0,10.0,0.0032471513841301203,-0.34749701619148254,-0.00048019536188803613,0.5298923850059509,134,4
0.0005042552947998047,positive,10.0,10.0,-0.013702820986509323,-0.15272347629070282,0.025517119094729424,0.244951069355011,134,7
0.0006489753723144531,positive,10.0,10.0,-0.03377578407526016,-0.5449488162994385,0.057941146194934845,0.875038206577301,134,11
0.0007178783416748047,positive,10.0,10.0,-0.05168796703219414,-0.15667033195495605,0.08746430277824402,0.33312126994132996,134,13
0.0008182525634765625,positive,10.0,10.0,-0.04946407303214073,0.42439523339271545,0.09166548401117325,-0.45340439677238464,134,16
0.0009539127349853516,positive,10.0,10.0,-0.023459168151021004,0.4198135435581207,0.07031435519456863,-0.35118362307548523,134,20
0.001020193099975586,positive,10.0,10.0,-0.010587581433355808,0.027795985341072083,0.06254702061414719,0.27477791905403137,134,22
0.001168966293334961,positive,10.0,10.0,-0.008479002863168716,0.41363537311553955,0.0870836079120636,-0.2148062139749527,134,26
0.001216888427734375,positive,10.0,10.0,-0.00020629551727324724,0.6074113845825195,0.08278748393058777,-0.4787985682487488,134,27
0.0012614727020263672,positive,10.0,10.0,0.011941932141780853,0.41122421622276306,0.07321151345968246,-0.1612139642238617,134,28
0.0013225078582763672,positive,10.0,10.0,0.020166417583823204,0.6052258610725403,0.0699872374534607,-0.4299319386482239,134,29
0.0014450550079345703,positive,10.0,10.0,0.044719476252794266,0.017325913533568382,0.06297530233860016,0.5060842037200928,134,32
0.0015819072723388672,positive,10.0,10.0,0.06939511746168137,0.4033065140247345,0.07103686034679413,0.013928635977208614,134,36
0.001613616943359375,positive,10.0,10.0,0.07746125012636185,0.2072415053844452,0.07131543755531311,0.3281517028808594,134,37
0.0018143653869628906,positive,10.0,10.0,0.13711872696876526,0.5912008881568909,0.06524622440338135,-0.1196291372179985,134,43
0.0018799304962158203,positive,10.0,10.0,0.15684689581394196,0.19924557209014893,0.06671171635389328,0.5047333836555481,134,45
0.0020112991333007812,positive,10.0,10.0,0.19606894254684448,0.5850018262863159,0.07481613010168076,0.017427697777748108,134,49
0.0020411014556884766,positive,10.0,10.0,0.207768976688385,0.7789754867553711,0.07516468316316605,-0.25074347853660583,134,50
0.0021419525146484375,positive,10.0,10.0,0.25834569334983826,0.5809887647628784,0.05567643791437149,0.10605788975954056,134,53
0.0021741390228271484,positive,10.0,10.0,0.2699654698371887,0.3851149380207062,0.057797595858573914,0.4157737195491791,134,54
0.00220489501953125,positive,10.0,10.0,0.277667760848999,0.5793721675872803,0.06611306965351105,0.14185750484466553,134,55
0.002235889434814453,positive,10.0,10.0,0.28925520181655884,0.38336870074272156,0.06895022094249725,0.45464348793029785,134,56
0.002302408218383789,positive,10.0,10.0,0.3084716200828552,0.7713750004768372,0.08173241466283798,-0.08261213451623917,134,58
0.0023348331451416016,positive,10.0,10.0,0.32389912009239197,0.9652360081672668,0.08008017390966415,-0.3484303057193756,134,59
0.002364635467529297,positive,10.0,10.0,0.3432038426399231,0.7690718173980713,0.07311157137155533,-0.03160858899354935,134,60
0.0024962425231933594,positive,10.0,10.0,0.4124087989330292,0.7650974988937378,0.06162339076399803,0.05625276640057564,134,64
0.002525806427001953,positive,10.0,10.0,0.42771074175834656,0.569148600101471,0.06274844706058502,0.36772406101226807,134,65
0.0025551319122314453,positive,10.0,10.0,0.4390937089920044,0.37319377064704895,0.07010293006896973,0.6795138120651245,134,66
0.002747774124145508,positive,10.0,10.0,0.5342338681221008,1.1459616422653198,0.08366243541240692,-0.3235706686973572,134,72
0.002809286117553711,positive,10.0,10.0,0.5761481523513794,1.1436891555786133,0.07707660645246506,-0.2730853855609894,134,74
0.002839326858520508,positive,10.0,10.0,0.5990219712257385,1.3376314640045166,0.07161489874124527,-0.5404971837997437,134,75
0.002904653549194336,positive,10.0,10.0,0.6486061811447144,0.945643961429596,0.05628221854567528,0.08508957922458649,134,77
0.0029685497283935547,positive,10.0,10.0,0.6825143098831177,0.5538675785064697,0.06588371098041534,0.7053710222244263,134,79
0.003413677215576172,positive,10.0,10.0,0.9645979404449463,1.5090287923812866,0.09132824093103409,-0.3097180128097534,134,92
0.003448009490966797,positive,10.0,10.0,0.9947785139083862,1.3127323389053345,0.0851338803768158,0.010312752798199654,134,93
0.003479480743408203,positive,10.0,10.0,1.0210331678390503,1.5065367221832275,0.08534013479948044,-0.25434181094169617,134,94
0.0035474300384521484,positive,10.0,10.0,1.0851707458496094,1.8942488431930542,0.06987462192773819,-0.7852872014045715,134,96
0.003648042678833008,positive,10.0,10.0,1.2026735544204712,1.6969860792160034,0.018144750967621803,-0.44311001896858215,134,99
0.003712892532348633,positive,10.0,10.0,1.2666455507278442,1.6965999603271484,0.0063872872851789,-0.4345031678676605,134,101
0.0037941932678222656,positive,10.0,10.0,1.3306052684783936,1.6965429782867432,-0.005099047441035509,-0.43322211503982544,134,103
0.0038242340087890625,positive,10.0,10.0,1.364536166191101,1.5014935731887817,-0.0137634901329875,-0.14215095341205597,134,104
0.0038886070251464844,positive,10.0,10.0,1.4285022020339966,1.5019268989562988,-0.02538939006626606,-0.1517419070005417,134,106
0.003918170928955078,positive,10.0,10.0,1.4585407972335815,1.697403073310852,-0.028424227610230446,-0.4523252844810486,134,107
0.003947019577026367,positive,10.0,10.0,1.4924888610839844,1.5026943683624268,-0.0374707356095314,-0.1687358170747757,134,108
0.00400996208190918,positive,10.0,10.0,1.5565093755722046,1.5038100481033325,-0.050305452197790146,-0.19346578419208527,134,110
0.004038810729980469,positive,10.0,10.0,1.586585521697998,1.69961416721344,-0.054174769669771194,-0.501583993434906,134,111
0.004067659378051758,positive,10.0,10.0,1.6205778121948242,1.505295991897583,-0.06420645117759705,-0.2264540195465088,134,112
0.004169940948486328,positive,10.0,10.0,1.7148529291152954,1.7033436298370361,-0.08487753570079803,-0.5850846767425537,134,115
0.004277706146240234,negative,10.0,-10.0,1.8054275512695312,1.1223771572113037,-0.1041766032576561,0.19892852008342743,134,118
0.0043735504150390625,positive,10.0,10.0,1.8689583539962769,1.32157301902771,-0.0883675366640091,-0.18545685708522797,134,121
0.004436492919921875,positive,10.0,10.0,1.9179461002349854,1.3241323232650757,-0.09051480889320374,-0.24216093122959137,134,123
0.004465579986572266,negative,10.0,-10.0,1.94442880153656,1.130411982536316,-0.09535802155733109,0.02065490372478962,134,124
0.004559993743896484,negative,10.0,-10.0,2.0162346363067627,0.9395732879638672,-0.10174009948968887,0.2199694663286209,134,127
0.004589080810546875,negative,10.0,-10.0,2.0350260734558105,0.7460416555404663,-0.09734071046113968,0.47890573740005493,134,128
0.004617929458618164,negative,10.0,-10.0,2.0499467849731445,0.9423933625221252,-0.08776259422302246,0.157199427485466,134,129
0.004681825637817383,negative,10.0,-10.0,2.0915677547454834,1.3348801136016846,-0.08785519003868103,-0.4799617528915405,134,131
0.004713535308837891,negative,10.0,-10.0,2.118265390396118,1.1411010026931763,-0.09745442122220993,-0.2162104845046997,134,132
0.0047473907470703125,negative,10.0,-10.0,2.141087532043457,0.9474976062774658,-0.10177863389253616,0.04421050101518631,134,133
0.00477910041809082,negative,10.0,-10.0,2.1600375175476074,0.7539712190628052,-0.10089442133903503,0.3031265437602997,134,134
0.004810333251953125,negative,10.0,-10.0,2.175116777420044,0.5604211091995239,-0.09483189135789871,0.5623626112937927,134,135
0.004839897155761719,negative,10.0,-10.0,2.1863253116607666,0.3667488694190979,-0.08358463644981384,0.8237268328666687,134,136
0.004937648773193359,negative,10.0,-10.0,2.1966912746429443,-0.21583765745162964,-0.018132485449314117,1.6380525827407837,134,139
0.004967689514160156,negative,10.0,-10.0,2.1923744678497314,-0.020507875829935074,0.01462856587022543,1.3397753238677979,134,140
0.004998683929443359,negative,10.0,-10.0,2.1919643878936768,-0.21581092476844788,0.04142407327890396,1.636999249458313,134,141
0.005030632019042969,negative,10.0,-10.0,2.187648057937622,-0.4113934636116028,0.07416405528783798,1.9422966241836548,134,142
0.0050678253173828125,negative,10.0,-10.0,2.179420232772827,-0.6072237491607666,0.1130099892616272,2.257018804550171,134,143
0.005098104476928711,negative,10.0,-10.0,2.1672756671905518,-0.41332873702049255,0.15815035998821259,2.001185655593872,134,144
0.00046753883361816406,positive,10.0,10.0,0.029322443529963493,0.15234911441802979,-0.009249289520084858,-0.29386863112449646,135,3
0.0005283355712890625,positive,10.0,10.0,0.032369423657655716,-0.042639754712581635,-0.015126661397516727,-0.004117081873118877,135,4
0.0005853176116943359,positive,10.0,10.0,0.031516630202531815,-0.2375415414571762,-0.01520900335162878,0.2837550640106201,135,5
0.0006384849548339844,positive,10.0,10.0,0.026765799149870872,-0.4324432909488678,-0.009533901698887348,0.5716026425361633,135,6
0.0007522106170654297,positive,10.0,10.0,0.005568328313529491,-0.43233421444892883,0.019123489037156105,0.5691813826560974,135,8
0.0009188652038574219,positive,10.0,10.0,-0.024293242022395134,-0.23860526084899902,0.05956145375967026,0.30766043066978455,135,11
0.0009715557098388672,positive,10.0,10.0,-0.029065348207950592,-0.044380348175764084,0.06571466475725174,0.034340400248765945,135,12
0.0011849403381347656,positive,10.0,10.0,-0.03273108974099159,0.3417113423347473,0.07100764662027359,-0.46084707975387573,135,16
0.0013947486877441406,positive,10.0,10.0,-0.028913438320159912,-0.05200975015759468,0.07166528701782227,0.2030557096004486,135,20
0.0014960765838623047,positive,10.0,10.0,-0.02711327187716961,0.3359771966934204,0.07440265268087387,-0.3340499699115753,135,22
0.001600027084350586,positive,10.0,10.0,-0.017596138641238213,-0.05614500492811203,0.06734439730644226,0.29439467191696167,135,24
0.0016472339630126953,positive,10.0,10.0,-0.018719037994742393,-0.2521592080593109,0.07323228567838669,0.6075338125228882,135,25
0.0016934871673583984,positive,10.0,10.0,-0.02376222237944603,-0.05813342705368996,0.08538296818733215,0.338786244392395,135,26
0.0017940998077392578,positive,10.0,10.0,-0.022211363539099693,0.3293645679950714,0.09364274144172668,-0.1880403757095337,135,28
0.0018405914306640625,positive,10.0,10.0,-0.015624072402715683,0.523030698299408,0.08988193422555923,-0.4497760832309723,135,29
0.0019409656524658203,positive,10.0,10.0,0.0013717428082600236,0.5206357836723328,0.07828304171562195,-0.3962768614292145,135,31
0.002040386199951172,positive,10.0,10.0,0.018274366855621338,0.12843914330005646,0.06875798851251602,0.2340492159128189,135,33
0.0021407604217529297,positive,10.0,10.0,0.01949126273393631,0.12642313539981842,0.0843910425901413,0.27893343567848206,135,35
0.002305746078491211,positive,10.0,10.0,0.03870405629277229,0.7076953053474426,0.08527040481567383,-0.511887788772583,135,38
0.0024220943450927734,positive,10.0,10.0,0.06308760493993759,0.7054551839828491,0.0711606815457344,-0.46170029044151306,135,40
0.0025856494903564453,positive,10.0,10.0,0.09365381300449371,0.11753739416599274,0.06225931644439697,0.4747854769229889,135,43
0.0027413368225097656,positive,10.0,10.0,0.11235418915748596,0.6997116804122925,0.0744650587439537,-0.3346923887729645,135,46
0.0027894973754882812,positive,10.0,10.0,0.12634842097759247,0.503613293170929,0.06777121126651764,-0.019487453624606133,135,47
0.0028362274169921875,positive,10.0,10.0,0.13642068207263947,0.3075881600379944,0.06738146394491196,0.2937847077846527,135,48
0.002890348434448242,positive,10.0,10.0,0.14257244765758514,0.5016879439353943,0.07325715571641922,0.02309086173772812,135,49
0.0029430389404296875,positive,10.0,10.0,0.15260620415210724,0.6956870555877686,0.07371897250413895,-0.24560892581939697,135,50
0.0032100677490234375,positive,10.0,10.0,0.2141798734664917,0.1060180738568306,0.06509657204151154,0.7293227314949036,135,55
0.003318309783935547,positive,10.0,10.0,0.22230389714241028,0.494093120098114,0.08883938193321228,0.19127687811851501,135,57
0.003369569778442383,positive,10.0,10.0,0.2321857511997223,0.6878392696380615,0.0926649197936058,-0.07211179286241531,135,58
0.0035867691040039062,positive,10.0,10.0,0.2948582172393799,1.0728645324707031,0.07867464423179626,-0.5440045595169067,135,62
0.0036902427673339844,positive,10.0,10.0,0.33385011553764343,0.6807082891464233,0.06324242055416107,0.08566722273826599,135,64
0.0037920475006103516,positive,10.0,10.0,0.3571590781211853,0.2887590527534485,0.07290803641080856,0.7100479602813721,135,66
0.0038390159606933594,positive,10.0,10.0,0.3629342317581177,0.48279958963394165,0.08710899949073792,0.4411763548851013,135,67
0.004326343536376953,positive,10.0,10.0,0.5190036296844482,1.0546811819076538,0.08460992574691772,-0.14152801036834717,135,76
0.0043811798095703125,positive,10.0,10.0,0.5400972366333008,1.2484958171844482,0.0817793682217598,-0.406364381313324,135,77
0.0044329166412353516,positive,10.0,10.0,0.5650671720504761,1.0523152351379395,0.07365208119153976,-0.08906058222055435,135,78
0.004689693450927734,positive,10.0,10.0,0.6700881719589233,0.8520362973213196,0.06939878314733505,0.3183409571647644,135,83
0.005685091018676758,positive,10.0,10.0,1.192591905593872,1.9934778213500977,0.03941217064857483,-0.7933823466300964,135,103
0.0057332515716552734,positive,10.0,10.0,1.2324614524841309,1.7978376150131226,0.023544523864984512,-0.4885657727718353,135,104
0.0058307647705078125,positive,10.0,10.0,1.3004660606384277,1.7973138093948364,0.010002079419791698,-0.4768628478050232,135,106
0.0059773921966552734,positive,10.0,10.0,1.3965917825698853,1.6020904779434204,-0.0009203614317812026,-0.1818917989730835,135,109
0.006022453308105469,positive,10.0,10.0,1.4286335706710815,1.7972255945205688,-0.004558197222650051,-0.4748649299144745,135,110
0.006119728088378906,positive,10.0,10.0,1.4966214895248413,1.7974884510040283,-0.017727937549352646,-0.48070570826530457,135,112
0.0062143802642822266,positive,10.0,10.0,1.5646237134933472,1.7981233596801758,-0.031215300783514977,-0.4948436915874481,135,114
0.0064830780029296875,positive,10.0,10.0,1.7367428541183472,1.6063345670700073,-0.07147902250289917,-0.27616479992866516,135,119
0.00653076171875,positive,10.0,10.0,1.7688696384429932,1.4123013019561768,-0.07700231671333313,-0.006855115294456482,135,120
0.006578207015991211,positive,10.0,10.0,1.7971155643463135,1.2183632850646973,-0.07713942229747772,0.2605735659599304,135,121
0.00667572021484375,positive,10.0,10.0,1.8497728109359741,1.2204760313034058,-0.07303611934185028,0.21374182403087616,135,123
0.00672149658203125,positive,10.0,10.0,1.8741823434829712,1.4165619611740112,-0.06876128166913986,-0.10105661302804947,135,124
0.006767988204956055,positive,10.0,10.0,1.9025136232376099,1.2224894762039185,-0.07078241556882858,0.16916441917419434,135,125
0.00681304931640625,negative,10.0,-10.0,1.9269633293151855,1.028448224067688,-0.06739912182092667,0.4387046992778778,135,126
0.00690913200378418,negative,10.0,-10.0,1.9642192125320435,0.6400786638259888,-0.044436968863010406,0.9830711483955383,135,128
0.007004976272583008,negative,10.0,-10.0,1.9859323501586914,0.25078287720680237,0.0004538928915280849,1.5462937355041504,135,130
0.0071027278900146484,negative,10.0,-10.0,1.999866008758545,0.2503899037837982,0.056454818695783615,1.5560964345932007,135,132
0.00719904899597168,negative,10.0,-10.0,2.0137696266174316,0.24867033958435059,0.11320768296718597,1.6003165245056152,135,134
0.00724339485168457,negative,10.0,-10.0,2.0187430381774902,0.05240417644381523,0.1452140212059021,1.9260432720184326,135,135
0.007287502288818359,negative,10.0,-10.0,2.0197911262512207,-0.14394666254520416,0.18373487889766693,2.260012626647949,135,136
0.00026226043701171875,positive,10.0,10.0,-0.04084569215774536,0.007633726112544537,-0.04992370679974556,0.03775203600525856,136,0
0.0004892349243164062,positive,10.0,10.0,-0.0444277785718441,0.009048537351191044,-0.042883168905973434,0.006500243674963713,136,2
0.0006518363952636719,positive,10.0,10.0,-0.0479554682970047,-0.37991997599601746,-0.037046149373054504,0.5642488598823547,136,4
0.0012369155883789062,positive,10.0,10.0,-0.09298072010278702,-0.37909191846847534,0.026397045701742172,0.545585036277771,136,12
0.00130462646484375,positive,10.0,10.0,-0.10056255757808685,-0.1843506246805191,0.037308745086193085,0.26133471727371216,136,13
0.00136566162109375,positive,10.0,10.0,-0.10424956679344177,0.010219442658126354,0.042535439133644104,-0.019351067021489143,136,14
0.0014264583587646484,positive,10.0,10.0,-0.10404518246650696,-0.18548588454723358,0.042148418724536896,0.2864430546760559,136,15
0.0014882087707519531,positive,10.0,10.0,-0.1077549010515213,0.009010418318212032,0.04787727817893028,0.007345666643232107,136,16
0.0015475749969482422,positive,10.0,10.0,-0.1075746938586235,-0.18676429986953735,0.048024192452430725,0.3147417902946472,136,17
0.0017743110656738281,positive,10.0,10.0,-0.1149214431643486,0.006081854924559593,0.06200861558318138,0.0720755085349083,136,20
0.0018415451049804688,positive,10.0,10.0,-0.11479981243610382,-0.18987174332141876,0.06345012038946152,0.38365983963012695,136,21
0.001905202865600586,positive,10.0,10.0,-0.11859724670648575,-0.3858344554901123,0.07112332433462143,0.6956542730331421,136,22
0.002700328826904297,positive,10.0,10.0,-0.08064998686313629,0.37490835785865784,0.08569961041212082,-0.04125938192009926,136,34
0.002826213836669922,positive,10.0,10.0,-0.0617777518928051,0.3724810779094696,0.07876002043485641,0.012476842850446701,136,36
0.0028836727142333984,positive,10.0,10.0,-0.054328128695487976,0.566390335559845,0.07900955528020859,-0.2543538808822632,136,37
0.0031905174255371094,positive,10.0,10.0,-0.005698310676962137,0.36652877926826477,0.0698327124118805,0.14407353103160858,136,42
0.003311634063720703,positive,10.0,10.0,0.005041861440986395,0.36450257897377014,0.08187306672334671,0.1890384405851364,136,44
0.0033681392669677734,positive,10.0,10.0,0.012331913225352764,0.5583635568618774,0.08565383404493332,-0.07673517614603043,136,45
0.0034224987030029297,positive,10.0,10.0,0.023499183356761932,0.752159833908081,0.08411913365125656,-0.3412124216556549,136,46
0.003477334976196289,positive,10.0,10.0,0.038542378693819046,0.5559480786323547,0.07729488611221313,-0.02323359251022339,136,47
0.0035333633422851562,positive,10.0,10.0,0.049661342054605484,0.7498813271522522,0.07683021575212479,-0.29056286811828613,136,48
0.003593921661376953,positive,10.0,10.0,0.06465896964073181,0.5537527203559875,0.07101895660161972,0.025328053161501884,136,49
0.0036683082580566406,positive,10.0,10.0,0.07573401927947998,0.35768795013427734,0.07152551412582397,0.339545875787735,136,50
0.00373077392578125,positive,10.0,10.0,0.08288778364658356,0.5517231225967407,0.07831643521785736,0.0702478364109993,136,51
0.0037877559661865234,positive,10.0,10.0,0.09392224252223969,0.7456400394439697,0.07972139120101929,-0.19673441350460052,136,52
0.0038433074951171875,positive,10.0,10.0,0.10883504152297974,0.9395365118980408,0.07578670233488083,-0.46324214339256287,136,53
0.003899097442626953,positive,10.0,10.0,0.12762577831745148,0.743429958820343,0.06652186065912247,-0.14766669273376465,136,54
0.003953218460083008,positive,10.0,10.0,0.14249438047409058,0.5474215745925903,0.06356852501630783,0.16523858904838562,136,55
0.004076480865478516,positive,10.0,10.0,0.1604718118906021,0.5455671548843384,0.07641887664794922,0.20639999210834503,136,57
0.004192352294921875,positive,10.0,10.0,0.18617349863052368,0.9333980679512024,0.07932224124670029,-0.32745400071144104,136,59
0.004244565963745117,positive,10.0,10.0,0.2048414647579193,0.7372417449951172,0.07277315855026245,-0.010848336853086948,136,60
0.004355669021606445,positive,10.0,10.0,0.2382112741470337,1.1252646446228027,0.06696195155382156,-0.5486574769020081,136,62
0.004464864730834961,positive,10.0,10.0,0.2793019413948059,0.7333937287330627,0.05127578228712082,0.07415378093719482,136,64
0.004518032073974609,positive,10.0,10.0,0.2939698100090027,0.5375756025314331,0.05275885760784149,0.38256338238716125,136,65
0.004808187484741211,positive,10.0,10.0,0.35535183548927307,1.1176211833953857,0.08329231292009354,-0.38007012009620667,136,70
0.004861354827880859,positive,10.0,10.0,0.3777042627334595,0.9214213490486145,0.07569091022014618,-0.062330957502126694,136,71
0.004916191101074219,positive,10.0,10.0,0.3961326777935028,1.1153810024261475,0.07444428652524948,-0.33020561933517456,136,72
0.004967927932739258,positive,10.0,10.0,0.4184403121471405,1.3093687295913696,0.06784017384052277,-0.5985147356987,136,73
0.005079746246337891,positive,10.0,10.0,0.4746972620487213,1.3076434135437012,0.03848826512694359,-0.5593684911727905,136,75
0.0051920413970947266,positive,10.0,10.0,0.5308942198753357,1.6969434022903442,0.010507265105843544,-1.1236552000045776,136,77
0.005244255065917969,positive,10.0,10.0,0.5648331046104431,1.8919260501861572,-0.011965839192271233,-1.4130239486694336,136,78
0.005297183990478516,positive,10.0,10.0,0.6026716232299805,1.696954369544983,-0.04022631794214249,-1.1241053342819214,136,79
0.0053484439849853516,positive,10.0,10.0,0.6366106867790222,1.5023821592330933,-0.06270842254161835,-0.844306468963623,136,80
0.005398988723754883,positive,10.0,10.0,0.666658341884613,1.6983011960983276,-0.07959455251693726,-1.156031608581543,136,81
0.005572080612182617,negative,10.0,-10.0,0.780323326587677,2.2869138717651367,-0.16807648539543152,-2.1261649131774902,136,84
0.0006968975067138672,positive,10.0,10.0,-0.04208170250058174,-0.15987055003643036,0.025364860892295837,0.32521018385887146,137,3
0.0007994174957275391,positive,10.0,10.0,-0.045279111713171005,0.03488123416900635,0.0318690650165081,0.0406329445540905,137,4
0.001085519790649414,positive,10.0,10.0,-0.047115959227085114,-0.16170673072338104,0.040765635669231415,0.36589041352272034,137,7
0.0014386177062988281,positive,10.0,10.0,-0.05232477933168411,-0.16448205709457397,0.06003040447831154,0.42753052711486816,137,11
0.001539468765258789,positive,10.0,10.0,-0.055614423006772995,0.029740581288933754,0.06858101487159729,0.15435968339443207,137,12
0.0016324520111083984,positive,10.0,10.0,-0.05501960963010788,-0.16629289090633392,0.07166820764541626,0.46786564588546753,137,13
0.0017139911651611328,positive,10.0,10.0,-0.05834546685218811,0.027747241780161858,0.08102551847696304,0.19860504567623138,137,14
0.0017943382263183594,positive,10.0,10.0,-0.057790521532297134,0.22162243723869324,0.08499762415885925,-0.06745819747447968,137,15
0.0018727779388427734,positive,10.0,10.0,-0.05335807427763939,0.41542941331863403,0.08364845812320709,-0.33215996623039246,137,16
0.0019500255584716797,positive,10.0,10.0,-0.04504948481917381,0.21922263503074646,0.07700525969266891,-0.014314857311546803,137,17
0.002124786376953125,positive,10.0,10.0,-0.03240182250738144,0.6071091890335083,0.07108411192893982,-0.5492764115333557,137,19
0.0022852420806884766,positive,10.0,10.0,-0.004236349370330572,0.6052736043930054,0.04372372105717659,-0.5077789425849915,137,21
0.0024449825286865234,positive,10.0,10.0,0.016060397028923035,0.21397818624973297,0.029535260051488876,0.10143617540597916,137,23
0.0025200843811035156,positive,10.0,10.0,0.0203399620950222,0.018445683643221855,0.031563982367515564,0.40328913927078247,137,24
0.002594470977783203,positive,10.0,10.0,0.020708875730633736,0.21310608088970184,0.03962976485490799,0.12072224169969559,137,25
0.0030024051666259766,positive,10.0,10.0,0.034090474247932434,0.014500662684440613,0.06616780906915665,0.4910913109779358,137,30
0.0030777454376220703,positive,10.0,10.0,0.034380484372377396,0.20862989127635956,0.07598963379859924,0.21997381746768951,137,31
0.003228425979614258,positive,10.0,10.0,0.04660484567284584,0.5964707136154175,0.07943302392959595,-0.31408023834228516,137,33
0.0032968521118164062,positive,10.0,10.0,0.05853426083922386,0.4003123939037323,0.07315141707658768,0.002558268839493394,137,34
0.0035190582275390625,positive,10.0,10.0,0.09419313073158264,0.5923106074333191,0.0571809783577919,-0.22162774205207825,137,37
0.0037078857421875,positive,10.0,10.0,0.11396774649620056,0.20058314502239227,0.05451902374625206,0.39737755060195923,137,39
0.0037851333618164062,positive,10.0,10.0,0.11797940731048584,0.3948909342288971,0.0624665729701519,0.12236955761909485,137,40
0.0038607120513916016,positive,10.0,10.0,0.1258772313594818,0.1989322453737259,0.06491396576166153,0.4340875446796417,137,41
0.0041010379791259766,positive,10.0,10.0,0.1494589000940323,0.7810148000717163,0.07472610473632812,-0.37351709604263306,137,44
0.0042569637298583984,positive,10.0,10.0,0.17677749693393707,0.38889673352241516,0.06609096378087997,0.25488176941871643,137,46
0.004555702209472656,positive,10.0,10.0,0.2077684998512268,0.7745542526245117,0.08915964514017105,-0.23082664608955383,137,50
0.0046274662017822266,positive,10.0,10.0,0.2232595980167389,0.9682965278625488,0.08454311639070511,-0.4941074848175049,137,51
0.004773616790771484,positive,10.0,10.0,0.2658681273460388,0.9660637974739075,0.05948108062148094,-0.4437832236289978,137,53
0.00521540641784668,positive,10.0,10.0,0.33864912390708923,0.5711348056793213,0.07559604197740555,0.2465130239725113,137,59
0.005610942840576172,positive,10.0,10.0,0.4033276438713074,1.1498104333877563,0.09381211549043655,-0.48705118894577026,137,64
0.0056841373443603516,positive,10.0,10.0,0.4263238310813904,0.9534987211227417,0.0840710923075676,-0.16633805632591248,137,65
0.0061304569244384766,positive,10.0,10.0,0.5443131327629089,0.5572436451911926,0.0656103789806366,0.5532593727111816,137,71
0.006338834762573242,positive,10.0,10.0,0.5893924236297607,1.1391860246658325,0.08260252326726913,-0.2512190043926239,137,74
0.0064046382904052734,positive,10.0,10.0,0.6121761798858643,1.333037257194519,0.07757814973592758,-0.5167468190193176,137,75
0.0065441131591796875,positive,10.0,10.0,0.6693766117095947,1.7211227416992188,0.05156301334500313,-1.0548021793365479,137,77
0.006607532501220703,positive,10.0,10.0,0.7037990689277649,1.5253565311431885,0.030466970056295395,-0.7463904023170471,137,78
0.006750822067260742,positive,10.0,10.0,0.7687070965766907,1.5247199535369873,-0.005047477316111326,-0.7318110466003418,137,80
0.006821870803833008,positive,10.0,10.0,0.799201488494873,1.7199112176895142,-0.019683698192238808,-1.0260783433914185,137,81
0.0068836212158203125,positive,10.0,10.0,0.8335997462272644,1.5250568389892578,-0.04020526632666588,-0.739639937877655,137,82
0.0070154666900634766,positive,10.0,10.0,0.8985151052474976,1.5263597965240479,-0.07589206099510193,-0.769776463508606,137,84
0.0070760250091552734,positive,10.0,10.0,0.9290422797203064,1.3323599100112915,-0.09128759056329727,-0.5019050240516663,137,85
0.007465362548828125,positive,10.0,10.0,1.0308523178100586,0.17080721259117126,-0.07359500229358673,1.057478666305542,137,91
0.007524251937866211,positive,10.0,10.0,1.0342684984207153,0.3668230473995209,-0.0524454303085804,0.7426334023475647,137,92
0.007606029510498047,positive,10.0,10.0,1.041604995727539,0.5626282095909119,-0.03759276494383812,0.4339176118373871,137,93
0.0076677799224853516,positive,10.0,10.0,1.052857518196106,0.36805808544158936,-0.02891441062092781,0.7145169377326965,137,94
0.0077266693115234375,positive,10.0,10.0,1.0602186918258667,0.563568115234375,-0.01462407223880291,0.4128747880458832,137,95
0.007785320281982422,positive,10.0,10.0,1.0714900493621826,0.3686564862728119,-0.006366576533764601,0.7009116411209106,137,96
0.00784444808959961,positive,10.0,10.0,1.0788631439208984,0.5638660788536072,0.007651656400412321,0.4062314033508301,137,97
0.007903814315795898,positive,10.0,10.0,1.090140461921692,0.36863648891448975,0.01577628403902054,0.7013168334960938,137,98
0.008174896240234375,positive,10.0,10.0,1.1273956298828125,0.36675670742988586,0.061089035123586655,0.7438361048698425,137,102
0.008537530899047852,negative,10.0,-10.0,1.16386878490448,0.16578112542629242,0.14012688398361206,1.1743168830871582,137,107
0.008664131164550781,negative,10.0,-10.0,1.1743611097335815,0.5514123439788818,0.1821860522031784,0.6915168166160583,137,109
0.00872349739074707,negative,10.0,-10.0,1.1853892803192139,0.35429301857948303,0.19601638615131378,1.035569190979004,137,110
0.0003006458282470703,positive,10.0,10.0,-0.024606551975011826,0.014924153685569763,0.042305804789066315,-0.027048414573073387,138,0
0.0003705024719238281,positive,10.0,10.0,-0.024308068677783012,-0.1807781606912613,0.04176483675837517,0.2786765992641449,138,1
0.00042176246643066406,positive,10.0,10.0,-0.02792363241314888,-0.37647026777267456,0.047338370233774185,0.5842340588569641,138,2
0.00046825408935546875,positive,10.0,10.0,-0.035453036427497864,-0.18204228579998016,0.05902305245399475,0.30683109164237976,138,3
0.0005125999450683594,positive,10.0,10.0,-0.03909388184547424,0.012191113084554672,0.06515967100858688,0.033331047743558884,138,4
0.0005631446838378906,positive,10.0,10.0,-0.03885006159543991,-0.1838018149137497,0.06582629680633545,0.3458399474620819,138,5
0.0006735324859619141,positive,10.0,10.0,-0.05012200400233269,-0.18575721979141235,0.08591374009847641,0.3896126449108124,138,7
0.0007200241088867188,positive,10.0,10.0,-0.05383714661002159,-0.3819868266582489,0.09370599687099457,0.7080989480018616,138,8
0.001188516616821289,positive,10.0,10.0,0.0006049158982932568,0.3794372081756592,0.08843082934617996,-0.0450405478477478,138,20
0.0012598037719726562,positive,10.0,10.0,0.019657403230667114,0.37693414092063904,0.08135871589183807,0.010388464666903019,138,22
0.0012907981872558594,positive,10.0,10.0,0.027196085080504417,0.5708007216453552,0.08156649023294449,-0.25555646419525146,138,23
0.0013227462768554688,positive,10.0,10.0,0.03861210122704506,0.7646691203117371,0.07645536214113235,-0.5214382410049438,138,24
0.0013899803161621094,positive,10.0,10.0,0.06527666002511978,0.37255796790122986,0.06191306933760643,0.10708224773406982,138,26
0.0014889240264892578,positive,10.0,10.0,0.07587268948554993,0.17468777298927307,0.08704361319541931,0.4617697298526764,138,29
0.0017843246459960938,positive,10.0,10.0,0.1921636313199997,0.7482829689979553,0.06319284439086914,-0.1585872620344162,138,38
0.0018482208251953125,positive,10.0,10.0,0.21817560493946075,0.3563881516456604,0.06308796256780624,0.4643409550189972,138,40
0.0018770694732666016,positive,10.0,10.0,0.22530336678028107,0.5505645275115967,0.07237477600574493,0.19219139218330383,138,41
0.001973390579223633,positive,10.0,10.0,0.2699769139289856,0.7424312233924866,0.06779225170612335,-0.029239708557724953,138,44
0.002202272415161133,positive,10.0,10.0,0.3695661425590515,1.3193891048431396,0.07946509122848511,-0.72453773021698,138,51
0.0022323131561279297,positive,10.0,10.0,0.3959539234638214,1.1232633590698242,0.0649743378162384,-0.4079393446445465,138,52
0.002403736114501953,positive,10.0,10.0,0.46909600496292114,0.5337342023849487,0.0863727554678917,0.5647891163825989,138,57
0.0027382373809814453,positive,10.0,10.0,0.672045111656189,1.2991228103637695,0.08252078294754028,-0.27580246329307556,138,67
0.002815723419189453,positive,10.0,10.0,0.7278870940208435,1.686936378479004,0.06617753952741623,-0.8088204860687256,138,69
0.002864837646484375,positive,10.0,10.0,0.7616258263587952,1.8810920715332031,0.050001125782728195,-1.0799745321273804,138,70
0.0029134750366210938,positive,10.0,10.0,0.799247682094574,1.6853468418121338,0.028401635587215424,-0.7720295786857605,138,71
0.002956867218017578,positive,10.0,10.0,0.8329545855522156,1.8800667524337769,0.01296104397624731,-1.0556426048278809,138,72
0.0030477046966552734,positive,10.0,10.0,0.9042514562606812,1.8800086975097656,-0.0233302041888237,-1.0541566610336304,138,74
0.0030815601348876953,positive,10.0,10.0,0.9418516159057617,1.6852036714553833,-0.044413335621356964,-0.7688871026039124,138,75
0.0031633377075195312,positive,10.0,10.0,1.0131738185882568,1.6866247653961182,-0.08129522204399109,-0.8018713593482971,138,77
0.0034055709838867188,negative,10.0,-10.0,1.2069947719573975,1.1128222942352295,-0.14287059009075165,-0.17844678461551666,138,84
0.003437519073486328,negative,10.0,-10.0,1.2292511463165283,0.9200031757354736,-0.1464395374059677,0.06597386300563812,138,85
0.003469228744506836,negative,10.0,-10.0,1.247651219367981,1.1168880462646484,-0.1451200544834137,-0.26909202337265015,138,86
0.0034987926483154297,negative,10.0,-10.0,1.269989013671875,1.3137507438659668,-0.15050189197063446,-0.6037977337837219,138,87
0.003563404083251953,negative,10.0,-10.0,1.3186843395233154,0.928535521030426,-0.16981880366802216,-0.12471851706504822,138,89
0.003626585006713867,negative,10.0,-10.0,1.3597676753997803,0.9333099126815796,-0.18162912130355835,-0.23199649155139923,138,91
0.003655672073364258,negative,10.0,-10.0,1.3784339427947998,0.7411850690841675,-0.18626905977725983,-0.001655563130043447,138,92
0.0037856101989746094,negative,10.0,-10.0,1.438040018081665,1.140762209892273,-0.19337311387062073,-0.8068883419036865,138,96
0.0001437664031982422,positive,10.0,10.0,-0.0496642030775547,0.01656881906092167,-0.002348132198676467,-0.040082287043333054,139,0
0.0003027915954589844,positive,10.0,10.0,-0.06037513539195061,-0.17850083112716675,0.012758331373333931,0.2514589726924896,139,3
0.0005755424499511719,positive,10.0,10.0,-0.10504519939422607,0.012292547151446342,0.08098715543746948,0.054407257586717606,139,10
0.0006089210510253906,positive,10.0,10.0,-0.10479935258626938,0.20616549253463745,0.08207529783248901,-0.21166478097438812,139,11
0.0006422996520996094,positive,10.0,10.0,-0.1006760373711586,0.400023877620697,0.07784200459718704,-0.4773704409599304,139,12
0.0009455680847167969,positive,10.0,10.0,-0.06842546164989471,0.19553539156913757,0.0667857900261879,0.023628609254956245,139,21
0.0009775161743164062,positive,10.0,10.0,-0.06451475620269775,-0.00047759927110746503,0.06725835800170898,0.3366130590438843,139,22
0.001008749008178711,positive,10.0,10.0,-0.06452430784702301,0.19362595677375793,0.07399062067270279,0.0658750906586647,139,23
0.0011110305786132812,positive,10.0,10.0,-0.04126787558197975,0.3855297267436981,0.06184488907456398,-0.15632128715515137,139,26
0.001142740249633789,positive,10.0,10.0,-0.03355728089809418,0.1895793378353119,0.05871846526861191,0.15521319210529327,139,27
0.001172780990600586,positive,10.0,10.0,-0.029765695333480835,-0.006332036107778549,0.06182272732257843,0.4658271074295044,139,28
0.0012099742889404297,positive,10.0,10.0,-0.029892336577177048,0.18786437809467316,0.07113926857709885,0.1932532787322998,139,29
0.0012469291687011719,positive,10.0,10.0,-0.026135047897696495,-0.008199299685657024,0.07500433176755905,0.5075022578239441,139,30
0.0012776851654052734,positive,10.0,10.0,-0.02629903331398964,0.18579013645648956,0.08515437692403793,0.2393667995929718,139,31
0.0013811588287353516,positive,10.0,10.0,-0.003524780971929431,0.37704765796661377,0.08367009460926056,0.031203271821141243,139,34
0.0014486312866210938,positive,10.0,10.0,0.01543369796127081,0.37465742230415344,0.07961511611938477,0.084084153175354,139,36
0.0014793872833251953,positive,10.0,10.0,0.022926846519112587,0.5685532093048096,0.08129680156707764,-0.1824561208486557,139,37
0.0015087127685546875,positive,10.0,10.0,0.03429790958762169,0.7624234557151794,0.07764767855405807,-0.44842609763145447,139,38
0.0016396045684814453,positive,10.0,10.0,0.0717625766992569,0.3683311939239502,0.07953702658414841,0.22404144704341888,139,42
0.0016701221466064453,positive,10.0,10.0,0.07912920415401459,0.5622316002845764,0.08401785045862198,-0.04253042861819267,139,43
0.0017004013061523438,positive,10.0,10.0,0.09037383645772934,0.7560545206069946,0.08316724747419357,-0.30756711959838867,139,44
0.0017647743225097656,positive,10.0,10.0,0.1166919693350792,0.7537898421287537,0.07721874862909317,-0.25728172063827515,139,46
0.001795053482055664,positive,10.0,10.0,0.13176776468753815,0.9477292895317078,0.07207311689853668,-0.5246442556381226,139,47
0.0018239021301269531,positive,10.0,10.0,0.15072235465049744,0.7516710162162781,0.06158022955060005,-0.21014918386936188,139,48
0.0019502639770507812,positive,10.0,10.0,0.19514809548854828,0.35803934931755066,0.07039676606655121,0.4513756334781647,139,52
0.0019805431365966797,positive,10.0,10.0,0.20230889320373535,0.5520987510681152,0.07942427694797516,0.18168704211711884,139,53
0.0020494461059570312,positive,10.0,10.0,0.22046957910060883,0.5497941970825195,0.09302462637424469,0.23293597996234894,139,55
0.002213716506958008,positive,10.0,10.0,0.2985784709453583,1.1281023025512695,0.08735775947570801,-0.4925401210784912,139,60
0.002244710922241211,positive,10.0,10.0,0.3211405277252197,0.9318638443946838,0.07750695943832397,-0.17365434765815735,139,61
0.002310514450073242,positive,10.0,10.0,0.36229372024536133,0.9297086000442505,0.0652155727148056,-0.12584351003170013,139,63
0.0023415088653564453,positive,10.0,10.0,0.380887895822525,0.7337158918380737,0.06269870698451996,0.18668034672737122,139,64
0.002440214157104492,positive,10.0,10.0,0.42095494270324707,0.9258327484130859,0.0809503123164177,-0.04020315408706665,139,67
0.0024700164794921875,positive,10.0,10.0,0.43947160243988037,1.119706153869629,0.08014625310897827,-0.30628758668899536,139,68
0.0024988651275634766,positive,10.0,10.0,0.46186572313308716,0.9235390424728394,0.07402049750089645,0.01055631972849369,139,69
0.0026607513427734375,positive,10.0,10.0,0.5930266976356506,1.5042120218276978,0.02121846005320549,-0.7643600702285767,139,74
0.00272369384765625,positive,10.0,10.0,0.6570916175842285,1.5038353204727173,-0.015074573457241058,-0.7557528018951416,139,76
0.00275421142578125,positive,10.0,10.0,0.6871683597564697,1.6991617679595947,-0.030189629644155502,-1.0531409978866577,139,77
0.0027828216552734375,positive,10.0,10.0,0.72115159034729,1.5044528245925903,-0.051252447068691254,-0.7700850367546082,139,78
0.0028116703033447266,positive,10.0,10.0,0.7512406706809998,1.7002413272857666,-0.06665415316820145,-1.0784437656402588,139,79
0.0031380653381347656,positive,10.0,10.0,0.9170513153076172,0.15449699759483337,-0.04861866310238838,0.9305102229118347,139,89
0.003202676773071289,positive,10.0,10.0,0.9193425178527832,-0.23465794324874878,-0.005857916083186865,1.490657091140747,139,91
0.0032472610473632812,positive,10.0,10.0,0.9146493673324585,-0.03946516662836075,0.023955225944519043,1.196150779724121,139,92
0.0032804012298583984,positive,10.0,10.0,0.9138600826263428,-0.23488889634609222,0.047878239303827286,1.4962444305419922,139,93
0.0034513473510742188,negative,10.0,-10.0,0.9291834831237793,0.7334945797920227,0.14387419819831848,0.1932104080915451,139,98
0.003519296646118164,negative,10.0,-10.0,0.9623793363571167,1.119025468826294,0.14672137796878815,-0.2935180068016052,139,100
0.0035507678985595703,negative,10.0,-10.0,0.9847598075866699,0.9221495389938354,0.14085102081298828,0.041604381054639816,139,101
0.003790140151977539,negative,10.0,-10.0,1.1247367858886719,1.103598952293396,0.14742238819599152,0.05061234161257744,139,108
0.0038232803344726562,negative,10.0,-10.0,1.1468087434768677,1.2963331937789917,0.14843463897705078,-0.19216783344745636,139,109
0.004027843475341797,positive,10.0,10.0,1.3446545600891113,2.065606117248535,0.07477973401546478,-1.1176316738128662,139,115
0.004160642623901367,positive,10.0,10.0,1.4863975048065186,1.6729040145874023,0.02270609140396118,-0.47404035925865173,139,119
0.004264116287231445,positive,10.0,10.0,1.5906574726104736,1.4773023128509521,-0.011217659339308739,-0.17060299217700958,139,122
0.0043182373046875,positive,10.0,10.0,1.6202034950256348,1.672582983970642,-0.014629718847572803,-0.46680352091789246,139,123
0.004369974136352539,positive,10.0,10.0,1.6536551713943481,1.4776707887649536,-0.02396579086780548,-0.17876745760440826,139,124
0.00440216064453125,positive,10.0,10.0,1.6832085847854614,1.673127293586731,-0.027541140094399452,-0.47891339659690857,139,125
0.004468679428100586,positive,10.0,10.0,1.7462393045425415,1.2838329076766968,-0.04102013632655144,0.08570972084999084,139,127
0.0046634674072265625,positive,10.0,10.0,1.8419084548950195,0.11474306881427765,0.05387542024254799,1.8067755699157715,139,133
0.004693269729614258,positive,10.0,10.0,1.844203233718872,-0.08093702048063278,0.09001093357801437,2.11570143699646,139,134
0.004757404327392578,negative,10.0,-10.0,1.837047815322876,-0.47281941771507263,0.18102067708969116,2.7649831771850586,139,136
0.000518798828125,positive,10.0,10.0,0.010921305045485497,-0.37491750717163086,-0.03137296810746193,0.48557326197624207,140,4
0.0005571842193603516,positive,10.0,10.0,0.0034229550510644913,-0.17936721444129944,-0.021661503240466118,0.18317002058029175,140,5
0.0005929470062255859,positive,10.0,10.0,-0.00016438905731774867,-0.3741726279258728,-0.0179981030523777,0.4689415991306305,140,6
0.0007102489471435547,positive,10.0,10.0,-0.010895000770688057,-0.17860382795333862,-0.00770143698900938,0.166286900639534,140,9
0.0007421970367431641,positive,10.0,10.0,-0.01446707732975483,-0.37361469864845276,-0.0043756989762187,0.4565303325653076,140,10
0.0009138584136962891,positive,10.0,10.0,-0.04403218999505043,-0.17914915084838867,0.029758190736174583,0.1783789098262787,140,15
0.0009589195251464844,positive,10.0,10.0,-0.0476151742041111,-0.37468403577804565,0.03332576900720596,0.4802989959716797,140,16
0.0010657310485839844,positive,10.0,10.0,-0.06622494757175446,-0.18132613599300385,0.05698208510875702,0.22667135298252106,140,19
0.0011320114135742188,positive,10.0,10.0,-0.07739575952291489,-0.18300865590572357,0.07225091755390167,0.264087051153183,140,21
0.0011622905731201172,positive,10.0,10.0,-0.08105593174695969,0.011011642403900623,0.07753265649080276,-0.0049608126282691956,140,22
0.0012276172637939453,positive,10.0,10.0,-0.07673687487840652,0.3988775312900543,0.0719892606139183,-0.5394996404647827,140,24
0.0012965202331542969,positive,10.0,10.0,-0.06470289826393127,0.3970176875591278,0.05669865757226944,-0.49779829382896423,140,26
0.0013952255249023438,positive,10.0,10.0,-0.02922172099351883,0.5902220606803894,0.010306851007044315,-0.7473628520965576,140,29
0.0014598369598388672,positive,10.0,10.0,-0.009518090635538101,0.19990341365337372,-0.013669492676854134,-0.16023771464824677,140,31
0.0014896392822265625,positive,10.0,10.0,-0.005520022474229336,0.004979806952178478,-0.016874246299266815,0.1281016767024994,140,32
0.0015189647674560547,positive,10.0,10.0,-0.005420426372438669,-0.18989640474319458,-0.01431221328675747,0.41541358828544617,140,33
0.0015490055084228516,positive,10.0,10.0,-0.00921835470944643,0.005425445269793272,-0.006003941874951124,0.11825317144393921,140,34
0.0017116069793701172,positive,10.0,10.0,-0.01647522673010826,-0.1899331957101822,0.017408475279808044,0.4161909222602844,140,39
0.0017762184143066406,positive,10.0,10.0,-0.027979839593172073,-0.19054102897644043,0.040018510073423386,0.42983728647232056,140,41
0.001806497573852539,positive,10.0,10.0,-0.03179066255688667,-0.38620617985725403,0.04861525446176529,0.7348623275756836,140,42
0.0018362998962402344,positive,10.0,10.0,-0.03951478376984596,-0.19178833067417145,0.06331250071525574,0.4578673541545868,140,43
0.0018661022186279297,positive,10.0,10.0,-0.04335055127739906,0.00238411920145154,0.07246984541416168,0.1857936680316925,140,44
0.002112150192260742,positive,10.0,10.0,-0.03174859657883644,0.1900896579027176,0.09058135002851486,0.05646009370684624,140,51
0.002192258834838867,positive,10.0,10.0,-0.020270725712180138,0.5775029063224792,0.08758404105901718,-0.46872788667678833,140,53
0.002366304397583008,positive,10.0,10.0,0.02165094204246998,-0.01292276382446289,0.06908304989337921,0.5240437984466553,140,58
0.002437591552734375,positive,10.0,10.0,0.025015734136104584,0.3750634789466858,0.08464202284812927,-0.012659639120101929,140,60
0.0024700164794921875,positive,10.0,10.0,0.03251700475811958,0.5688759684562683,0.08438882976770401,-0.2774825692176819,140,61
0.0025017261505126953,positive,10.0,10.0,0.04389452189207077,0.7626990079879761,0.07883917540311813,-0.5424016118049622,140,62
0.002567291259765625,positive,10.0,10.0,0.07047975808382034,0.37053823471069336,0.06347201764583588,0.08737505227327347,140,64
0.0026967525482177734,positive,10.0,10.0,0.10001009702682495,0.756666362285614,0.07295133918523788,-0.4086088538169861,140,68
0.002727985382080078,positive,10.0,10.0,0.11514342576265335,0.5605899691581726,0.06477916240692139,-0.09384787827730179,140,69
0.002760648727416992,positive,10.0,10.0,0.12635523080825806,0.3646022081375122,0.06290220469236374,0.21854886412620544,140,70
0.002859830856323242,positive,10.0,10.0,0.14427515864372253,0.5566831827163696,0.08307386189699173,-0.007495230995118618,140,73
0.00289154052734375,positive,10.0,10.0,0.1554088294506073,0.7505216002464294,0.08292395621538162,-0.27285444736480713,140,74
0.002920389175415039,positive,10.0,10.0,0.17041926085948944,0.9443684220314026,0.07746686786413193,-0.5382738709449768,140,75
0.0030846595764160156,positive,10.0,10.0,0.23345081508159637,0.7444586753845215,0.07473088055849075,-0.13851182162761688,140,80
0.0031952857971191406,positive,10.0,10.0,0.28975802659988403,0.9365187287330627,0.0503089614212513,-0.3637942671775818,140,83
0.003226757049560547,positive,10.0,10.0,0.3084883987903595,0.740719199180603,0.04303307458758354,-0.05568200722336769,140,84
0.003256082534790039,positive,10.0,10.0,0.3233027756214142,0.5450075268745422,0.04191943630576134,0.2502616047859192,140,85
0.003285646438598633,positive,10.0,10.0,0.33420291543006897,0.34931278228759766,0.04692466929554939,0.555866539478302,140,86
0.0033164024353027344,positive,10.0,10.0,0.3411891758441925,0.5437455773353577,0.058041997253894806,0.27832913398742676,140,87
0.0034890174865722656,positive,10.0,10.0,0.3953879773616791,0.7339859008789062,0.08977828174829483,0.09326090663671494,140,92
0.003592967987060547,positive,10.0,10.0,0.4510502219200134,0.9251595139503479,0.07960296422243118,-0.1130794957280159,140,95
0.003625154495239258,positive,10.0,10.0,0.4695534110069275,1.119055986404419,0.07734137773513794,-0.3796245753765106,140,96
0.003692150115966797,positive,10.0,10.0,0.5103930830955505,0.7268766760826111,0.06847702711820602,0.2502550780773163,140,98
0.003723621368408203,positive,10.0,10.0,0.5249305963516235,0.9209573268890381,0.07348212599754333,-0.020067110657691956,140,99
0.003755331039428711,positive,10.0,10.0,0.5433497428894043,1.114952802658081,0.07308078557252884,-0.2886906564235687,140,100
0.003820657730102539,positive,10.0,10.0,0.5840261578559875,0.7228494882583618,0.06782930344343185,0.33925336599349976,140,102
0.004017829895019531,positive,10.0,10.0,0.68993079662323,1.1055142879486084,0.08692426979541779,-0.07997377961874008,140,108
0.004049777984619141,positive,10.0,10.0,0.7120410799980164,1.299289584159851,0.08532479405403137,-0.3440157175064087,140,109
0.004079580307006836,positive,10.0,10.0,0.7380268573760986,1.103063941001892,0.0784444808959961,-0.025693075731396675,140,110
0.00423741340637207,positive,10.0,10.0,0.8339415192604065,1.0987759828567505,0.0676390752196312,0.06913330405950546,140,114
0.004269123077392578,positive,10.0,10.0,0.8559170365333557,0.9027527570724487,0.06902173906564713,0.38236647844314575,140,115
0.004342079162597656,positive,10.0,10.0,0.8881065249443054,0.9007018208503723,0.09058883786201477,0.4283924996852875,140,117
0.004506111145019531,positive,10.0,10.0,1.00910222530365,1.4787876605987549,0.09291928261518478,-0.2920632064342499,140,122
0.004536151885986328,positive,10.0,10.0,1.0386779308319092,1.2824721336364746,0.0870780199766159,0.028418706730008125,140,123
0.004565238952636719,positive,10.0,10.0,1.064327359199524,1.0862163305282593,0.08764639496803284,0.3472556173801422,140,124
0.004698038101196289,negative,10.0,-10.0,1.1276696920394897,0.30078795552253723,0.15389271080493927,1.6414390802383423,140,128
0.0047304630279541016,negative,10.0,-10.0,1.1336854696273804,0.10423450917005539,0.18672150373458862,1.9778510332107544,140,129
0.0001990795135498047,positive,10.0,10.0,0.0009431569487787783,-0.020323049277067184,0.002060192171484232,0.0346677340567112,141,0
0.0003819465637207031,positive,10.0,10.0,-0.003772793570533395,-0.020391840487718582,0.009313546121120453,0.03618664667010307,141,2
0.0005049705505371094,positive,10.0,10.0,-0.000688724045176059,-0.020668499171733856,0.004966413602232933,0.04228862002491951,141,4
0.0005588531494140625,positive,10.0,10.0,-0.0011020940728485584,-0.21586132049560547,0.005812185816466808,0.3365343511104584,141,5
0.0006687641143798828,positive,10.0,10.0,-0.005835771560668945,-0.2161220908164978,0.013456671498715878,0.34230369329452515,141,7
0.0007166862487792969,positive,10.0,10.0,-0.010158213786780834,-0.021194156259298325,0.020302744582295418,0.05389440804719925,141,8
0.0007646083831787109,positive,10.0,10.0,-0.010582096874713898,-0.21660125255584717,0.021380633115768433,0.3529132306575775,141,9
0.0009260177612304688,positive,10.0,10.0,-0.01969606988132,-0.022621212527155876,0.037151191383600235,0.08542018383741379,141,12
0.0010328292846679688,positive,10.0,10.0,-0.024513602256774902,-0.023705987259745598,0.04665137454867363,0.10940694808959961,141,14
0.001081705093383789,positive,10.0,10.0,-0.0249877218157053,-0.21946431696414948,0.0488395132124424,0.41643550992012024,141,15
0.0012857913970947266,positive,10.0,10.0,-0.03483223542571068,-0.22277210652828217,0.07248300313949585,0.4901145398616791,141,19
0.0013337135314941406,positive,10.0,10.0,-0.03928767889738083,-0.028743520379066467,0.08228529244661331,0.2211272269487381,141,20
0.0013799667358398438,positive,10.0,10.0,-0.03986255079507828,0.1651117503643036,0.08670783787965775,-0.044507235288619995,141,21
0.0016126632690429688,positive,10.0,10.0,-0.01899833418428898,0.5504484176635742,0.07470838725566864,-0.5231557488441467,141,25
0.0016646385192871094,positive,10.0,10.0,-0.007989365607500076,0.7444437742233276,0.06424526870250702,-0.7913932800292969,141,26
0.0017142295837402344,positive,10.0,10.0,0.00689951004460454,0.5485013127326965,0.04841740429401398,-0.4792107939720154,141,27
0.0017614364624023438,positive,10.0,10.0,0.017869535833597183,0.3527304530143738,0.03883318603038788,-0.17166949808597565,141,28
0.0018088817596435547,positive,10.0,10.0,0.0249241441488266,0.15707483887672424,0.035399798303842545,0.1330067664384842,141,29
0.0018558502197265625,positive,10.0,10.0,0.028065642341971397,-0.03853583708405495,0.03805993124842644,0.4366443157196045,141,30
0.001958131790161133,positive,10.0,10.0,0.030415469780564308,-0.039732325822114944,0.04991677775979042,0.463267982006073,141,32
0.0022172927856445312,positive,10.0,10.0,0.04188524931669235,0.5408555269241333,0.07650014758110046,-0.31087395548820496,141,37
0.0022656917572021484,positive,10.0,10.0,0.05270235985517502,0.34473177790641785,0.07028266787528992,0.004920403938740492,141,38
0.002419710159301758,positive,10.0,10.0,0.0694250836968422,0.5366707444190979,0.07774437218904495,-0.2182706594467163,141,41
0.0025217533111572266,positive,10.0,10.0,0.09477050602436066,0.5345236659049988,0.06366991251707077,-0.17057494819164276,141,43
0.0025680065155029297,positive,10.0,10.0,0.10546097904443741,0.3385509252548218,0.0602584145963192,0.14149484038352966,141,44
0.002616405487060547,positive,10.0,10.0,0.11223199963569641,0.1426200568675995,0.0630883127450943,0.45256301760673523,141,45
0.0027201175689697266,positive,10.0,10.0,0.11401770263910294,0.1407235860824585,0.0874284952878952,0.4953063726425171,141,47
0.0032014846801757812,positive,10.0,10.0,0.22417382895946503,0.7139070630073547,0.07007753849029541,-0.11604766547679901,141,56
0.0033648014068603516,positive,10.0,10.0,0.25524571537971497,0.5158746242523193,0.08193767070770264,0.24190978705883026,141,59
0.0034122467041015625,positive,10.0,10.0,0.2655631899833679,0.7097363471984863,0.08677586913108826,-0.023844487965106964,141,60
0.003458738327026367,positive,10.0,10.0,0.27975791692733765,0.9035136103630066,0.08629897236824036,-0.28793656826019287,141,61
0.003507375717163086,positive,10.0,10.0,0.29782819747924805,0.7072737812995911,0.0805402472615242,0.03066813014447689,141,62
0.003571748733520508,positive,10.0,10.0,0.3119736611843109,0.9011538624763489,0.08115360885858536,-0.23555609583854675,141,63
0.0037338733673095703,positive,10.0,10.0,0.36987563967704773,0.7029105424880981,0.06269459426403046,0.12705457210540771,141,66
0.0037832260131835938,positive,10.0,10.0,0.3839338719844818,0.5069490671157837,0.0652356818318367,0.4388394057750702,141,67
0.0038290023803710938,positive,10.0,10.0,0.39407283067703247,0.3109673857688904,0.07401247322559357,0.7513523101806641,141,68
0.003877401351928711,positive,10.0,10.0,0.40029218792915344,0.5049948692321777,0.08903951942920685,0.482847660779953,141,69
0.004195451736450195,positive,10.0,10.0,0.5033800005912781,1.2766560316085815,0.09204768389463425,-0.4973132908344269,141,75
0.004296541213989258,positive,10.0,10.0,0.5505204200744629,1.2742217779159546,0.07855942845344543,-0.44279447197914124,141,77
0.004342555999755859,positive,10.0,10.0,0.5760048627853394,1.0780812501907349,0.06970354169607162,-0.12641829252243042,141,78
0.004388093948364258,positive,10.0,10.0,0.5975664854049683,0.8820335268974304,0.06717517226934433,0.18741540610790253,141,79
0.005083799362182617,positive,10.0,10.0,0.9084414839744568,1.253494381904602,0.07369111478328705,0.015968017280101776,141,93
0.005129575729370117,positive,10.0,10.0,0.9335113763809204,1.447486400604248,0.07401047646999359,-0.25258469581604004,141,94
0.00522613525390625,positive,10.0,10.0,0.9952906966209412,1.8355647325515747,0.05853806063532829,-0.7912166118621826,141,96
0.0052716732025146484,positive,10.0,10.0,1.0320019721984863,2.0298361778259277,0.04271372780203819,-1.0649242401123047,141,97
0.005316734313964844,positive,10.0,10.0,1.0725986957550049,1.834175705909729,0.021415242925286293,-0.7591472864151001,141,98
0.005364894866943359,positive,10.0,10.0,1.1092822551727295,1.6387653350830078,0.006232296582311392,-0.4598033130168915,141,99
0.005515575408935547,positive,10.0,10.0,1.2037030458450317,1.4436872005462646,-0.015442597679793835,-0.1680779606103897,141,102
0.005582094192504883,positive,10.0,10.0,1.2325767278671265,1.6390267610549927,-0.01880415715277195,-0.46559229493141174,141,103
0.0058443546295166016,positive,10.0,10.0,1.3887494802474976,1.4462594985961914,-0.055319998413324356,-0.2251211404800415,141,108
0.005894899368286133,positive,10.0,10.0,1.4176746606826782,1.6421266794204712,-0.05982242152094841,-0.5347282290458679,141,109
0.0061991214752197266,negative,10.0,-10.0,1.6267521381378174,1.649900197982788,-0.14878013730049133,-0.7125612497329712,141,115
0.006247282028198242,negative,10.0,-10.0,1.6597501039505005,1.4571171998977661,-0.16303136944770813,-0.47016146779060364,141,116
0.0063457489013671875,negative,10.0,-10.0,1.7141849994659424,1.4617406129837036,-0.17709411680698395,-0.574704647064209,141,118
0.006445646286010742,negative,10.0,-10.0,1.7765967845916748,1.8559472560882568,-0.20693883299827576,-1.263059377670288,141,120
0.0007386207580566406,positive,10.0,10.0,0.002767950762063265,-0.16023997962474823,0.0541437529027462,0.3430483043193817,142,3
0.0009546279907226562,positive,10.0,10.0,0.00024458227562718093,-0.16186955571174622,0.062363091856241226,0.3792077898979187,142,5
0.0010755062103271484,positive,10.0,10.0,-0.0029928088188171387,0.032313890755176544,0.069947250187397,0.106821708381176,142,6
0.0011916160583496094,positive,10.0,10.0,-0.0023465310223400593,-0.16373708844184875,0.07208368182182312,0.42072680592536926,142,7
0.0013990402221679688,positive,10.0,10.0,-0.005015403963625431,0.22417598962783813,0.08353044092655182,-0.1146300733089447,142,9
0.0015113353729248047,positive,10.0,10.0,-0.0005318840267136693,0.41800791025161743,0.08123783767223358,-0.3798348009586334,142,10
0.0018131732940673828,positive,10.0,10.0,0.02838245779275894,0.219889834523201,0.054106295108795166,-0.01970679685473442,142,13
0.002011537551879883,positive,10.0,10.0,0.03326096013188362,0.21835190057754517,0.05950304865837097,0.014273816719651222,142,15
0.0021028518676757812,positive,10.0,10.0,0.03762799873948097,0.022429313510656357,0.059788525104522705,0.3251211643218994,142,16
0.0022966861724853516,positive,10.0,10.0,0.042409610003232956,0.020644504576921463,0.06732847541570663,0.3647157847881317,142,18
0.002386331558227539,positive,10.0,10.0,0.04282250255346298,0.21474823355674744,0.07462278753519058,0.09399949014186859,142,19
0.002573251724243164,positive,10.0,10.0,0.055291980504989624,0.602674126625061,0.07301801443099976,-0.4418400526046753,142,21
0.002855539321899414,positive,10.0,10.0,0.07968982309103012,0.01467183232307434,0.06534311920404434,0.4966314435005188,142,24
0.002942800521850586,positive,10.0,10.0,0.07998325675725937,0.20881447196006775,0.07527574896812439,0.225236177444458,142,25
0.0034339427947998047,positive,10.0,10.0,0.12404990941286087,0.7885419130325317,0.06765091419219971,-0.5304837226867676,142,30
0.003519296646118164,positive,10.0,10.0,0.13982073962688446,0.5925368070602417,0.057041238993406296,-0.21727436780929565,142,31
0.0036001205444335938,positive,10.0,10.0,0.15167148411273956,0.39664778113365173,0.05269575119018555,0.09284229576587677,142,32
0.0036835670471191406,positive,10.0,10.0,0.15960443019866943,0.2008116990327835,0.0545525997877121,0.4016740620136261,142,33
0.004131793975830078,positive,10.0,10.0,0.19511811435222626,0.7812276482582092,0.07519703358411789,-0.3688774108886719,142,38
0.004214048385620117,positive,10.0,10.0,0.21074266731739044,0.585122287273407,0.06781948357820511,-0.053463537245988846,142,39
0.0042955875396728516,positive,10.0,10.0,0.22244511544704437,0.389096736907959,0.06675021350383759,0.25982245802879333,142,40
0.004576921463012695,positive,10.0,10.0,0.2418314665555954,0.5809723138809204,0.08947470039129257,0.038354016840457916,142,43
0.0046596527099609375,positive,10.0,10.0,0.2534509003162384,0.7747048139572144,0.09024178236722946,-0.224811851978302,142,44
0.005223989486694336,positive,10.0,10.0,0.34996530413627625,0.37817415595054626,0.06521006673574448,0.501125156879425,142,50
0.00531458854675293,positive,10.0,10.0,0.35752880573272705,0.5723192095756531,0.07523257285356522,0.2296847552061081,142,51
0.005774021148681641,positive,10.0,10.0,0.43794578313827515,1.1520360708236694,0.0680554211139679,-0.5258134007453918,142,56
0.005857944488525391,positive,10.0,10.0,0.46098652482032776,0.9560257792472839,0.05753915384411812,-0.21248570084571838,142,57
0.0059413909912109375,positive,10.0,10.0,0.48010703921318054,0.7601303458213806,0.05328943952918053,0.09777827560901642,142,58
0.006020307540893555,positive,10.0,10.0,0.49530965089797974,0.9544496536254883,0.05524500459432602,-0.17762723565101624,142,59
0.006100177764892578,positive,10.0,10.0,0.5143986344337463,0.7585824728012085,0.05169245973229408,0.13195917010307312,142,60
0.006464958190917969,positive,10.0,10.0,0.5593858957290649,0.7550461888313293,0.08768999576568604,0.2105625420808792,142,64
0.0067293643951416016,positive,10.0,10.0,0.6163131594657898,0.9462137222290039,0.08452575653791428,0.004338210914283991,142,67
0.0069010257720947266,positive,10.0,10.0,0.6580380201339722,1.3338466882705688,0.07940202951431274,-0.5253658890724182,142,69
0.0069806575775146484,positive,10.0,10.0,0.6847149133682251,1.137702465057373,0.06889471411705017,-0.20875678956508636,142,70
0.0070590972900390625,positive,10.0,10.0,0.7074689865112305,0.9416664838790894,0.06471957266330719,0.10483861714601517,142,71
0.007346391677856445,positive,10.0,10.0,0.752209484577179,0.7436846494674683,0.08976458758115768,0.46208155155181885,142,74
0.007859230041503906,positive,10.0,10.0,0.8839389085769653,1.5153734683990479,0.09030044078826904,-0.5186760425567627,142,80
0.008025407791137695,positive,10.0,10.0,0.9406284689903259,1.5129971504211426,0.07594773918390274,-0.46539679169654846,142,82
0.008108377456665039,positive,10.0,10.0,0.9708883762359619,1.3168888092041016,0.06663980334997177,-0.14977508783340454,142,83
0.008184194564819336,positive,10.0,10.0,0.9972261786460876,1.120879054069519,0.06364430487155914,0.16316458582878113,142,84
0.008258342742919922,positive,10.0,10.0,1.019643783569336,0.9249064922332764,0.06690759211778641,0.47522711753845215,142,85
0.008332967758178711,positive,10.0,10.0,1.0381418466567993,0.7289066910743713,0.076412133872509,0.7882251739501953,142,86
0.008408308029174805,positive,10.0,10.0,1.052720069885254,0.5328230261802673,0.0921766385436058,1.103935718536377,142,87
0.008680105209350586,negative,10.0,-10.0,1.072914481163025,-0.05614175647497177,0.17773957550525665,2.083618640899658,142,90
0.0002968311309814453,positive,10.0,10.0,0.008265760727226734,-0.20644915103912354,0.011016011238098145,0.27492979168891907,143,1
0.0003638267517089844,positive,10.0,10.0,0.004136777948588133,-0.40172654390335083,0.016514606773853302,0.5710667371749878,143,2
0.00042724609375,positive,10.0,10.0,-0.003897752845659852,-0.20684002339839935,0.027935940772294998,0.2836318910121918,143,3
0.00048065185546875,positive,10.0,10.0,-0.00803455337882042,-0.402349054813385,0.033608578145504,0.5849931240081787,143,4
0.0005941390991210938,positive,10.0,10.0,-0.020235806703567505,-0.013265672139823437,0.05137011781334877,0.02502741850912571,143,6
0.0006425380706787109,positive,10.0,10.0,-0.020501120015978813,0.18108339607715607,0.051870666444301605,-0.25101542472839355,143,7
0.0007102489471435547,positive,10.0,10.0,-0.016879452392458916,-0.014739424921572208,0.046850357204675674,0.05756685882806778,143,8
0.0007593631744384766,positive,10.0,10.0,-0.017174240201711655,-0.21050073206424713,0.048001695424318314,0.36465558409690857,143,9
0.0008649826049804688,positive,10.0,10.0,-0.02170610800385475,-0.21196182072162628,0.057044535875320435,0.39708954095840454,143,11
0.0010182857513427734,positive,10.0,10.0,-0.030572887510061264,-0.019577940925955772,0.07615239173173904,0.16469737887382507,143,14
0.0011181831359863281,positive,10.0,10.0,-0.027476927265524864,0.3682747781276703,0.07738587260246277,-0.36962130665779114,143,16
0.0014271736145019531,positive,10.0,10.0,-0.018706899136304855,0.36156490445137024,0.0925377681851387,-0.22139404714107513,143,22
0.0014772415161132812,positive,10.0,10.0,-0.011475600302219391,0.5552507042884827,0.08810988813638687,-0.48351240158081055,143,23
0.0015842914581298828,positive,10.0,10.0,0.006809471175074577,0.5529194474220276,0.07515140622854233,-0.43135467171669006,143,25
0.0016319751739501953,positive,10.0,10.0,0.017867859452962875,0.356818288564682,0.06652431190013885,-0.11595947295427322,143,26
0.001678466796875,positive,10.0,10.0,0.025004226714372635,0.16080935299396515,0.0642051175236702,0.19694733619689941,143,27
0.0017790794372558594,positive,10.0,10.0,0.02751702442765236,0.15892966091632843,0.07832752913236618,0.23871910572052002,143,29
0.0018808841705322266,positive,10.0,10.0,0.03775262460112572,0.5466883182525635,0.08253660798072815,-0.2936150133609772,143,31
0.001979351043701172,positive,10.0,10.0,0.055696241557598114,0.5444360971450806,0.07714260369539261,-0.2436286211013794,143,33
0.0022270679473876953,positive,10.0,10.0,0.10213519632816315,0.3446744680404663,0.06893444806337357,0.1525297611951828,143,38
0.002274751663208008,positive,10.0,10.0,0.10902868956327438,0.14863663911819458,0.07198504358530045,0.4661387801170349,143,39
0.002321004867553711,positive,10.0,10.0,0.11200141906738281,-0.047424666583538055,0.08130782097578049,0.78061443567276,143,40
0.002688169479370117,positive,10.0,10.0,0.17887639999389648,0.5274500846862793,0.09300509095191956,0.13236354291439056,143,47
0.0028009414672851562,positive,10.0,10.0,0.20384791493415833,0.9147561192512512,0.09306056797504425,-0.39062920212745667,143,49
0.002955198287963867,positive,10.0,10.0,0.2625567615032196,0.7161721587181091,0.06550998240709305,-0.01977083832025528,143,52
0.003004789352416992,positive,10.0,10.0,0.2768802046775818,0.5201748609542847,0.0651145651936531,0.2928406298160553,143,53
0.003050565719604492,positive,10.0,10.0,0.28728368878364563,0.32418787479400635,0.07097137719392776,0.6053282618522644,143,54
0.0032494068145751953,positive,10.0,10.0,0.3364908695220947,1.0995312929153442,0.08735097199678421,-0.45518723130226135,143,58
0.0032956600189208984,positive,10.0,10.0,0.3584814965724945,0.9032898545265198,0.07824722677469254,-0.13629887998104095,143,59
0.003492593765258789,positive,10.0,10.0,0.4306151270866394,0.5090844631195068,0.0702066421508789,0.53803950548172,143,63
0.004191875457763672,positive,10.0,10.0,0.6993058323860168,1.2691373825073242,0.08540738373994827,-0.18384863436222076,143,77
0.00423884391784668,positive,10.0,10.0,0.7246885895729065,1.4629400968551636,0.08173041045665741,-0.4484137296676636,143,78
0.00428318977355957,positive,10.0,10.0,0.7539474368095398,1.2667628526687622,0.0727621391415596,-0.1311282515525818,143,79
0.0043277740478515625,positive,10.0,10.0,0.7792826890945435,1.4607712030410767,0.0701395720243454,-0.3999975025653839,143,80
0.004371166229248047,positive,10.0,10.0,0.8084980845451355,1.6548317670822144,0.06213962286710739,-0.6697684526443481,143,81
0.004413604736328125,positive,10.0,10.0,0.8415947556495667,1.8490371704101562,0.04874425381422043,-0.9422571063041687,143,82
0.004559755325317383,positive,10.0,10.0,0.9486010670661926,1.6526355743408203,-0.0011498748790472746,-0.6197439432144165,143,85
0.0046579837799072266,positive,10.0,10.0,1.0186092853546143,1.6528375148773193,-0.031800527125597,-0.6243934631347656,143,87
0.00483250617980957,positive,10.0,10.0,1.1217116117477417,1.4596987962722778,-0.07579632848501205,-0.37622109055519104,143,90
0.005193233489990234,negative,10.0,-10.0,1.361726999282837,1.6659711599349976,-0.19368742406368256,-0.9297030568122864,143,97
0.0004572868347167969,positive,10.0,10.0,0.03242826461791992,-0.1537383496761322,-0.015590116381645203,0.27011847496032715,144,1
0.0005555152893066406,positive,10.0,10.0,0.029353497549891472,-0.34863439202308655,-0.010187746025621891,0.5578436851501465,144,2
0.0006418228149414062,positive,10.0,10.0,0.022380808368325233,-0.1533709317445755,0.0009691277518868446,0.26196855306625366,144,3
0.0007202625274658203,positive,10.0,10.0,0.0193133894354105,-0.3485066890716553,0.00620849896222353,0.5549569725990295,144,4
0.0007965564727783203,positive,10.0,10.0,0.012343255802989006,-0.15347246825695038,0.017307639122009277,0.26423656940460205,144,5
0.0009057521820068359,positive,10.0,10.0,0.00927380658686161,-0.34883713722229004,0.022592371329665184,0.5623278617858887,144,6
0.0010077953338623047,positive,10.0,10.0,-0.0007837231969460845,-0.3496273458003998,0.039375875145196915,0.5800081491470337,144,8
0.0011584758758544922,positive,10.0,10.0,-0.013224417343735695,0.037649448961019516,0.06412994116544724,0.059879157692193985,144,12
0.0012276172637939453,positive,10.0,10.0,-0.015638040378689766,0.03580542281270027,0.07276924699544907,0.10069598257541656,144,14
0.0012598037719726562,positive,10.0,10.0,-0.01492193154990673,0.2298131138086319,0.07478316128253937,-0.16817010939121246,144,15
0.0013275146484375,positive,10.0,10.0,-0.0018498816061764956,0.22773297131061554,0.06269264966249466,-0.12204103171825409,144,17
0.0013947486877441406,positive,10.0,10.0,0.0033402068074792624,-0.1641584038734436,0.0640466958284378,0.5008081793785095,144,19
0.0014269351959228516,positive,10.0,10.0,5.703859278582968e-05,0.030004993081092834,0.07406286150217056,0.2289770543575287,144,20
0.0017440319061279297,positive,10.0,10.0,0.04671899601817131,0.2179429680109024,0.05185490474104881,0.09428328275680542,144,27
0.0017783641815185547,positive,10.0,10.0,0.05107785761356354,0.02211761847138405,0.053740568459033966,0.4028649926185608,144,28
0.0018105506896972656,positive,10.0,10.0,0.0515202097594738,0.21643781661987305,0.061797868460416794,0.1275976151227951,144,29
0.0018422603607177734,positive,10.0,10.0,0.05584896355867386,0.02048751525580883,0.06434982270002365,0.43911901116371155,144,30
0.0019495487213134766,positive,10.0,10.0,0.06872447580099106,0.6025928854942322,0.07445310801267624,-0.3689572513103485,144,33
0.0019817352294921875,positive,10.0,10.0,0.08077633380889893,0.7965823411941528,0.06707396358251572,-0.6372663378715515,144,34
0.002012491226196289,positive,10.0,10.0,0.09670797735452652,0.600592315196991,0.05432863533496857,-0.3242373764514923,144,35
0.002081155776977539,positive,10.0,10.0,0.11681463569402695,0.20896628499031067,0.04754531756043434,0.2924576699733734,144,37
0.002182483673095703,positive,10.0,10.0,0.12540867924690247,0.40166857838630676,0.07187645882368088,0.05298450589179993,144,40
0.0022144317626953125,positive,10.0,10.0,0.13344204425811768,0.5956902503967285,0.07293614745140076,-0.21618305146694183,144,41
0.0024170875549316406,positive,10.0,10.0,0.19293944537639618,0.20012854039669037,0.07074366509914398,0.4881785213947296,144,47
0.0024483203887939453,positive,10.0,10.0,0.1969420164823532,0.39418479800224304,0.08050723373889923,0.21860352158546448,144,48
0.002650022506713867,positive,10.0,10.0,0.27900034189224243,0.7774603962898254,0.06198044866323471,-0.21418574452400208,144,54
0.0026810169219970703,positive,10.0,10.0,0.2945495545864105,0.5815095901489258,0.05769673362374306,0.09738662838935852,144,55
0.0028994083404541016,positive,10.0,10.0,0.36015784740448,0.9656122326850891,0.08122893422842026,-0.3539658486843109,144,61
0.0029325485229492188,positive,10.0,10.0,0.3794701099395752,0.7694348692893982,0.07414961606264114,-0.036815039813518524,144,62
0.0030050277709960938,positive,10.0,10.0,0.4141271710395813,0.7673323750495911,0.06730906665325165,0.00969021674245596,144,64
0.003111124038696289,positive,10.0,10.0,0.44840604066848755,0.5693146586418152,0.08667964488267899,0.36750584840774536,144,67
0.0033881664276123047,positive,10.0,10.0,0.5855278968811035,0.9480549097061157,0.09262929111719131,0.03474371135234833,144,75
0.0034210681915283203,positive,10.0,10.0,0.6044889688491821,1.1417348384857178,0.09332416951656342,-0.22733667492866516,144,76
0.0034890174865722656,positive,10.0,10.0,0.6540318727493286,1.1391528844833374,0.07899374514818192,-0.16989511251449585,144,78
0.003521442413330078,positive,10.0,10.0,0.6768149137496948,1.333060622215271,0.07559584081172943,-0.43664953112602234,144,79
0.003553152084350586,positive,10.0,10.0,0.7034761309623718,1.5270355939865112,0.06686285138130188,-0.7045770287513733,144,80
0.0035858154296875,positive,10.0,10.0,0.7340168356895447,1.721170425415039,0.05277131125330925,-0.975485622882843,144,81
0.0036153793334960938,positive,10.0,10.0,0.7684402465820312,1.5253819227218628,0.03326160088181496,-0.6667040586471558,144,82
0.003716707229614258,positive,10.0,10.0,0.8638412356376648,1.7197500467300415,-0.012044199742376804,-0.9422372579574585,144,85
0.0037474632263183594,positive,10.0,10.0,0.8982362151145935,1.5247924327850342,-0.03088894486427307,-0.6533629894256592,144,86
0.003778219223022461,positive,10.0,10.0,0.9287320971488953,1.7203305959701538,-0.0439562052488327,-0.9556102156639099,144,87
0.0038483142852783203,positive,10.0,10.0,0.9936552047729492,1.721765398979187,-0.07660950720310211,-0.9889087677001953,144,89
0.003987312316894531,negative,10.0,-10.0,1.1549347639083862,2.1171865463256836,-0.19407936930656433,-1.7131807804107666,144,93
0.00037384033203125,positive,10.0,10.0,0.027382371947169304,-0.031303342431783676,-0.03345648571848869,0.020744940266013145,145,2
0.0004146099090576172,positive,10.0,10.0,0.026756305247545242,-0.22592991590499878,-0.033041585236787796,0.30268704891204834,145,3
0.0004487037658691406,positive,10.0,10.0,0.022237706929445267,-0.030353017151355743,-0.026987845078110695,-0.00023062883701641113,145,4
0.0005533695220947266,positive,10.0,10.0,0.008733000606298447,-0.2243901491165161,-0.009958814829587936,0.26854413747787476,145,7
0.0005850791931152344,positive,10.0,10.0,0.004245197866111994,-0.029127497225999832,-0.0045879315584897995,-0.027263149619102478,145,8
0.0006153583526611328,positive,10.0,10.0,0.003662648145109415,-0.2241833508014679,-0.005133194848895073,0.26396870613098145,145,9
0.0006818771362304688,positive,10.0,10.0,-0.00920565240085125,-0.22411176562309265,0.011246742680668831,0.2623912990093231,145,11
0.0007848739624023438,positive,10.0,10.0,-0.026565853506326675,-0.4200114607810974,0.033089760690927505,0.5724384188652039,145,14
0.0008518695831298828,positive,10.0,10.0,-0.039473455399274826,-0.030909216031432152,0.05034574493765831,0.012050779536366463,145,16
0.0009174346923828125,positive,10.0,10.0,-0.04462595656514168,-0.03234929218888283,0.05699043348431587,0.04387326538562775,145,18
0.001013040542602539,positive,10.0,10.0,-0.050517480820417404,-0.22997674345970154,0.06654927134513855,0.3925362229347229,145,21
0.0010433197021484375,positive,10.0,10.0,-0.05511701479554176,-0.03585920110344887,0.07440000027418137,0.12155550718307495,145,22
0.001073598861694336,positive,10.0,10.0,-0.055834200233221054,0.15812233090400696,0.07683110982179642,-0.14675842225551605,145,23
0.001104116439819336,positive,10.0,10.0,-0.052671752870082855,0.35206475853919983,0.07389593869447708,-0.41424769163131714,145,24
0.0011327266693115234,positive,10.0,10.0,-0.04563045874238014,0.15597744286060333,0.06561098247766495,-0.09921380877494812,145,25
0.0011608600616455078,positive,10.0,10.0,-0.04251090809702873,-0.04002049192786217,0.06362670660018921,0.21342632174491882,145,26
0.0011892318725585938,positive,10.0,10.0,-0.04331131651997566,-0.2359916865825653,0.06789523363113403,0.5254819393157959,145,27
0.0014824867248535156,positive,10.0,10.0,-0.02433212660253048,0.3364422023296356,0.0902831181883812,-0.06869026273488998,145,36
0.0015461444854736328,positive,10.0,10.0,-0.0070000519044697285,0.3338939845561981,0.08227774500846863,-0.012235220521688461,145,38
0.0015749931335449219,positive,10.0,10.0,-0.00032217250554822385,0.5277454853057861,0.08203303813934326,-0.2778664231300354,145,39
0.001603841781616211,positive,10.0,10.0,0.01023273728787899,0.7216071486473083,0.07647570967674255,-0.5435903668403625,145,40
0.0016663074493408203,positive,10.0,10.0,0.03517485037446022,0.3295033276081085,0.061047397553920746,0.08480880409479141,145,42
0.0016949176788330078,positive,10.0,10.0,0.041764914989471436,0.13356183469295502,0.06274357438087463,0.39611032605171204,145,43
0.0017242431640625,positive,10.0,10.0,0.04443615302443504,0.32774004340171814,0.07066577672958374,0.12385065853595734,145,44
0.0017533302307128906,positive,10.0,10.0,0.05099095404148102,0.5217822194099426,0.07314279675483704,-0.14572767913341522,145,45
0.0017833709716796875,positive,10.0,10.0,0.06142659857869148,0.7157846093177795,0.07022824138402939,-0.4144684374332428,145,46
0.0018630027770996094,positive,10.0,10.0,0.08613711595535278,0.32378876209259033,0.05992891266942024,0.2110653817653656,145,48
0.0019307136535644531,positive,10.0,10.0,0.09517015516757965,0.3220265507698059,0.07459090650081635,0.2502359449863434,145,50
0.0020627975463867188,positive,10.0,10.0,0.14420516788959503,0.7077381014823914,0.06251911073923111,-0.23632486164569855,145,54
0.0021271705627441406,positive,10.0,10.0,0.168595552444458,0.3158804476261139,0.05930070951581001,0.3857469856739044,145,56
0.002156972885131836,positive,10.0,10.0,0.1749131679534912,0.5101126432418823,0.0670156478881836,0.11233504116535187,145,57
0.002186298370361328,positive,10.0,10.0,0.18511542677879333,0.3140975832939148,0.06926234811544418,0.425385445356369,145,58
0.0022153854370117188,positive,10.0,10.0,0.19139736890792847,0.5081735849380493,0.07777006179094315,0.1553163081407547,145,59
0.0022444725036621094,positive,10.0,10.0,0.201560840010643,0.7021008729934692,0.08087638765573502,-0.11185403168201447,145,60
0.002307891845703125,positive,10.0,10.0,0.23352238535881042,0.6998307704925537,0.07108000665903091,-0.061559733003377914,145,62
0.002536773681640625,positive,10.0,10.0,0.3271346092224121,0.8866264820098877,0.07851634919643402,-0.17098847031593323,145,69
0.0025675296783447266,positive,10.0,10.0,0.34486714005470276,1.080541968345642,0.07509657740592957,-0.4379054605960846,145,70
0.0025968551635742188,positive,10.0,10.0,0.36647796630859375,0.8844418525695801,0.06633847206830978,-0.12252670526504517,145,71
0.002692699432373047,positive,10.0,10.0,0.40778473019599915,0.29645276069641113,0.07774362713098526,0.8156836032867432,145,74
0.0029184818267822266,positive,10.0,10.0,0.5228201150894165,1.2614868879318237,0.09399835765361786,-0.41854918003082275,145,81
0.0030138492584228516,positive,10.0,10.0,0.5945324301719666,1.0627589225769043,0.07642663270235062,-0.044412609189748764,145,84
0.0030426979064941406,positive,10.0,10.0,0.6157876253128052,1.2567065954208374,0.07553838193416595,-0.3120371699333191,145,85
0.0031800270080566406,positive,10.0,10.0,0.7005970478057861,1.252578616142273,0.0766545832157135,-0.2206965535879135,145,89
0.0033469200134277344,positive,10.0,10.0,0.841258704662323,1.833272099494934,0.03568974882364273,-0.9960641860961914,145,94
0.003378152847290039,positive,10.0,10.0,0.8779241442680359,1.6376914978027344,0.015768466517329216,-0.6923895478248596,145,95
0.003408193588256836,positive,10.0,10.0,0.910677969455719,1.83259117603302,0.0019206746947020292,-0.9800669550895691,145,96
0.003438234329223633,positive,10.0,10.0,0.9473298192024231,1.6374435424804688,-0.017680665478110313,-0.6867813467979431,145,97
0.003468036651611328,positive,10.0,10.0,0.9800786972045898,1.8328064680099487,-0.03141629323363304,-0.9849777221679688,145,98
0.0034961700439453125,positive,10.0,10.0,1.0167348384857178,1.638119101524353,-0.05111584812402725,-0.7023256421089172,145,99
0.0035262107849121094,positive,10.0,10.0,1.049497127532959,1.8339108228683472,-0.06516236066818237,-1.0106512308120728,145,100
0.0035550594329833984,positive,10.0,10.0,1.0861754417419434,1.6397161483764648,-0.08537538349628448,-0.7391214966773987,145,101
0.0036520957946777344,negative,10.0,-10.0,1.1963318586349487,2.228612184524536,-0.1489013433456421,-1.7077968120574951,145,104
0.00023412704467773438,positive,10.0,10.0,-0.0010913694277405739,-0.20215480029582977,-0.02919408306479454,0.2737153470516205,146,1
0.0002758502960205078,positive,10.0,10.0,-0.005134465638548136,-0.39684829115867615,-0.023719776421785355,0.5570493340492249,146,2
0.0005204677581787109,positive,10.0,10.0,-0.04893365502357483,-0.2019088864326477,0.03552871569991112,0.2682960033416748,146,9
0.0005619525909423828,positive,10.0,10.0,-0.05297183245420456,-0.39751937985420227,0.04089463874697685,0.5719698667526245,146,10
0.0005941390991210938,positive,10.0,10.0,-0.06092222034931183,-0.20299401879310608,0.05233403295278549,0.2924453914165497,146,11
0.0006606578826904297,positive,10.0,10.0,-0.06515521556138992,-0.20456179976463318,0.05851726979017258,0.32717424631118774,146,13
0.0006906986236572266,positive,10.0,10.0,-0.06924644857645035,-0.0103196632117033,0.06506075710058212,0.05350401625037193,146,14
0.0007927417755126953,positive,10.0,10.0,-0.07382283359766006,0.181808203458786,0.07534779608249664,-0.1737709790468216,146,17
0.0008232593536376953,positive,10.0,10.0,-0.07018667459487915,0.37577542662620544,0.07187237590551376,-0.4417650103569031,146,18
0.0008530616760253906,positive,10.0,10.0,-0.06267116218805313,0.17971393465995789,0.06303707510232925,-0.12731972336769104,146,19
0.0009162425994873047,positive,10.0,10.0,-0.059401921927928925,-0.21218472719192505,0.06418199092149734,0.4957009255886078,146,21
0.000946044921875,positive,10.0,10.0,-0.0636456161737442,-0.018023783341050148,0.07409600913524628,0.2239157110452652,146,22
0.0009748935699462891,positive,10.0,10.0,-0.06400609016418457,0.17596523463726044,0.07857432216405869,-0.044505104422569275,146,23
0.001107931137084961,positive,10.0,10.0,-0.04225907102227211,0.5617997646331787,0.06625950336456299,-0.5338578224182129,146,27
0.0012040138244628906,positive,10.0,10.0,-0.02030802145600319,-0.025875460356473923,0.05293386057019234,0.3970056176185608,146,30
0.001233816146850586,positive,10.0,10.0,-0.02082553133368492,0.16845709085464478,0.06087397411465645,0.1214703768491745,146,31
0.0012631416320800781,positive,10.0,10.0,-0.017456388100981712,-0.027481790632009506,0.0633033812046051,0.43272021412849426,146,32
0.0013935565948486328,positive,10.0,10.0,0.00363559415563941,0.3586013913154602,0.06546977907419205,-0.061771076172590256,146,36
0.001474142074584961,positive,10.0,10.0,0.014059717766940594,-0.03337280452251434,0.0692509189248085,0.5630604028701782,146,38
0.0015060901641845703,positive,10.0,10.0,0.013392261229455471,0.1607125699520111,0.08051212877035141,0.2929736375808716,146,39
0.0015730857849121094,positive,10.0,10.0,0.023698508739471436,0.5483837723731995,0.08690619468688965,-0.23750081658363342,146,41
0.0016057491302490234,positive,10.0,10.0,0.03466618433594704,0.7421635985374451,0.08215618133544922,-0.5015552639961243,146,42
0.0016703605651855469,positive,10.0,10.0,0.0604291670024395,0.7400053143501282,0.06844199448823929,-0.45324063301086426,146,44
0.0017352104187011719,positive,10.0,10.0,0.0861089825630188,0.3480657637119293,0.056581318378448486,0.17101527750492096,146,46
0.0017652511596679688,positive,10.0,10.0,0.09307029843330383,0.15218152105808258,0.06000162661075592,0.4809974431991577,146,47
0.0017962455749511719,positive,10.0,10.0,0.09611392766237259,0.3464074432849884,0.06962157040834427,0.20781272649765015,146,48
0.0018932819366455078,positive,10.0,10.0,0.11293678730726242,0.5381976366043091,0.08927156776189804,-0.011911241337656975,146,51
0.0019903182983398438,positive,10.0,10.0,0.15685300529003143,0.7294889092445374,0.0727609321475029,-0.22068433463573456,146,54
0.0020546913146972656,positive,10.0,10.0,0.18991276621818542,0.7274832725524902,0.058556098490953445,-0.17614100873470306,146,56
0.002153158187866211,positive,10.0,10.0,0.22180810570716858,0.529968798160553,0.0666007474064827,0.17000558972358704,146,59
0.0022513866424560547,positive,10.0,10.0,0.24964722990989685,0.721925675868988,0.08392168581485748,-0.05342162027955055,146,62
0.0022826194763183594,positive,10.0,10.0,0.2640857398509979,0.9157503247261047,0.08285325020551682,-0.3184913098812103,146,63
0.0023119449615478516,positive,10.0,10.0,0.2824007570743561,0.7195520401000977,0.07648342847824097,-0.0008725023944862187,146,64
0.0023756027221679688,positive,10.0,10.0,0.3150617480278015,1.1074507236480713,0.07109642773866653,-0.5360965132713318,146,66
0.002438068389892578,positive,10.0,10.0,0.3632408678531647,1.10560941696167,0.04426334798336029,-0.4945105314254761,146,68
0.0025000572204589844,positive,10.0,10.0,0.4035508930683136,0.7142956256866455,0.030608877539634705,0.11511213332414627,146,70
0.0025959014892578125,positive,10.0,10.0,0.43467530608177185,0.5177038311958313,0.05566030740737915,0.4407496750354767,146,73
0.0026252269744873047,positive,10.0,10.0,0.4450293779373169,0.32184019684791565,0.06447529792785645,0.7504458427429199,146,74
0.002756834030151367,positive,10.0,10.0,0.49405863881111145,1.0973436832427979,0.09227726608514786,-0.3130447268486023,146,78
0.002786397933959961,positive,10.0,10.0,0.5160055160522461,0.9010366201400757,0.08601636439561844,0.007254120893776417,146,79
0.00281524658203125,positive,10.0,10.0,0.5340262651443481,1.094826340675354,0.08616144955158234,-0.2570981979370117,146,80
0.0029151439666748047,positive,10.0,10.0,0.603544294834137,0.896399199962616,0.0665045902132988,0.10975365340709686,146,83
0.0029456615447998047,positive,10.0,10.0,0.6214722394943237,0.7003903985023499,0.0686996653676033,0.4226548373699188,146,84
0.003262042999267578,positive,10.0,10.0,0.8012407422065735,1.2734887599945068,0.08330332487821579,-0.1864020675420761,146,93
0.0032949447631835938,positive,10.0,10.0,0.8267105221748352,1.4673261642456055,0.07957528531551361,-0.4516870677471161,146,94
0.003325223922729492,positive,10.0,10.0,0.8560569882392883,1.2711743116378784,0.07054154574871063,-0.13501989841461182,146,95
0.003355264663696289,positive,10.0,10.0,0.8814805150032043,1.0751166343688965,0.06784114241600037,0.17905734479427338,146,96
0.0034270286560058594,positive,10.0,10.0,0.9205647110939026,0.6830398440361023,0.08126922696828842,0.8066565990447998,146,98
0.003715038299560547,negative,10.0,-10.0,1.0758380889892578,0.6703137159347534,0.1587943732738495,1.0972903966903687,146,106
0.0003266334533691406,positive,10.0,10.0,0.00785913411527872,-0.22524717450141907,-0.04890741407871246,0.31665289402008057,147,1
0.0004687309265136719,positive,10.0,10.0,0.0027649113908410072,-0.22395028173923492,-0.04239523038268089,0.28790825605392456,147,3
0.0005245208740234375,positive,10.0,10.0,-0.0017140944255515933,-0.028250204399228096,-0.036637067794799805,-0.017838580533862114,147,4
0.0005738735198974609,positive,10.0,10.0,-0.0022790986113250256,-0.22282810509204865,-0.0369938388466835,0.2630635201931,147,5
0.0006496906280517578,positive,10.0,10.0,-0.0067356606014072895,-0.4174030125141144,-0.03173256665468216,0.5438525080680847,147,6
0.0007014274597167969,positive,10.0,10.0,-0.015083720907568932,-0.22184984385967255,-0.02085551805794239,0.24134258925914764,147,7
0.000751495361328125,positive,10.0,10.0,-0.019520718604326248,-0.41666775941848755,-0.016028666868805885,0.5273748636245728,147,8
0.0008783340454101562,positive,10.0,10.0,-0.03228055313229561,-0.41636720299720764,-0.0008874768973328173,0.5206335783004761,147,10
0.0010657310485839844,positive,10.0,10.0,-0.053362343460321426,-0.6118067502975464,0.02454548329114914,0.8204291462898254,147,13
0.0012259483337402344,positive,10.0,10.0,-0.07838919013738632,-0.41832637786865234,0.0567866712808609,0.5645849108695984,147,16
0.001329660415649414,positive,10.0,10.0,-0.09123662114143372,-0.029956722632050514,0.0738847553730011,0.01986047625541687,147,18
0.0014352798461914062,positive,10.0,10.0,-0.08855511248111725,0.35801899433135986,0.06930943578481674,-0.5169856548309326,147,20
0.001695394515991211,positive,10.0,10.0,-0.08413928002119064,-0.2315100133419037,0.06824371963739395,0.45529046654701233,147,25
0.001953125,positive,10.0,10.0,-0.07629489153623581,0.34824758768081665,0.07179111242294312,-0.30084601044654846,147,30
0.0021958351135253906,positive,10.0,10.0,-0.06415673345327377,0.34431207180023193,0.0736740306019783,-0.21380236744880676,147,34
0.002364635467529297,positive,10.0,10.0,-0.039658769965171814,0.14635425806045532,0.05637781322002411,0.14227494597434998,147,37
0.002667665481567383,positive,10.0,10.0,-0.026268430054187775,0.5303715467453003,0.08528754115104675,-0.3071831166744232,147,43
0.002920866012573242,positive,10.0,10.0,0.034340959042310715,0.7200168371200562,0.047999341040849686,-0.4785350263118744,147,48
0.003070831298828125,positive,10.0,10.0,0.06579834222793579,0.13299553096294403,0.037674982100725174,0.43695369362831116,147,51
0.003117084503173828,positive,10.0,10.0,0.06845825165510178,0.3275645077228546,0.046414054930210114,0.15638117492198944,147,52
0.003213167190551758,positive,10.0,10.0,0.07764573395252228,0.32619789242744446,0.05880843475461006,0.18667273223400116,147,54
0.0032584667205810547,positive,10.0,10.0,0.08416969329118729,0.13028600811958313,0.0625418946146965,0.4973122775554657,147,55
0.003302335739135742,positive,10.0,10.0,0.08677541464567184,0.32447293400764465,0.07248813658952713,0.22497670352458954,147,56
0.0034487247467041016,positive,10.0,10.0,0.11788316071033478,0.5163073539733887,0.0698794350028038,0.004258420318365097,147,59
0.0035948753356933594,positive,10.0,10.0,0.14490075409412384,0.7082650065422058,0.07729392498731613,-0.2193373739719391,147,62
0.003841876983642578,positive,10.0,10.0,0.2077208012342453,0.1182919442653656,0.07155308127403259,0.7626275420188904,147,67
0.004200458526611328,positive,10.0,10.0,0.29006773233413696,1.084187626838684,0.09086725860834122,-0.4904067814350128,147,74
0.004256248474121094,positive,10.0,10.0,0.31175148487091064,0.8879092335700989,0.08105912804603577,-0.17052559554576874,147,75
0.004305839538574219,positive,10.0,10.0,0.3295096755027771,1.0817830562591553,0.07764861732721329,-0.43657615780830383,147,76
0.0045108795166015625,positive,10.0,10.0,0.41593146324157715,0.68809974193573,0.045420095324516296,0.22635093331336975,147,80
0.00455927848815918,positive,10.0,10.0,0.42969346046447754,0.49235910177230835,0.049947112798690796,0.5330080389976501,147,81
0.004889249801635742,positive,10.0,10.0,0.5079976320266724,1.2658026218414307,0.09106305986642838,-0.48517027497291565,147,87
0.004953861236572266,positive,10.0,10.0,0.5333136916160583,1.0695215463638306,0.08135965466499329,-0.16523301601409912,147,88
0.005002260208129883,positive,10.0,10.0,0.5547041296958923,1.263390302658081,0.0780549943447113,-0.43118083477020264,147,89
0.005110263824462891,positive,10.0,10.0,0.6013170480728149,0.8712102770805359,0.06713240593671799,0.19880616664886475,147,91
0.0056629180908203125,positive,10.0,10.0,0.8017049431800842,1.6372791528701782,0.09167486429214478,-0.6575700044631958,147,101
0.005713701248168945,positive,10.0,10.0,0.8344505429267883,1.4410086870193481,0.07852346450090408,-0.33748605847358704,147,102
0.005761146545410156,positive,10.0,10.0,0.8632706999778748,1.2448623180389404,0.07177374511957169,-0.021110815927386284,147,103
0.0059664249420166016,positive,10.0,10.0,0.9861453771591187,2.0214035511016846,0.03773193433880806,-1.1061060428619385,147,107
0.006014108657836914,positive,10.0,10.0,1.0265734195709229,1.8258064985275269,0.015609812922775745,-0.8018286228179932,147,108
0.0060596466064453125,positive,10.0,10.0,1.0630896091461182,1.6304739713668823,-0.00042675924487411976,-0.5042764544487,147,109
0.0061054229736328125,positive,10.0,10.0,1.0956990718841553,1.4353580474853516,-0.010512287728488445,-0.211728036403656,147,110
0.006203174591064453,positive,10.0,10.0,1.157018780708313,1.4357175827026367,-0.024901017546653748,-0.21970896422863007,147,112
0.006504535675048828,positive,10.0,10.0,1.3411544561386108,1.4393270015716553,-0.0719982460141182,-0.2999870479106903,147,118
0.006551027297973633,positive,10.0,10.0,1.369940996170044,1.6353973150253296,-0.07799798250198364,-0.6144798994064331,147,119
0.00659632682800293,positive,10.0,10.0,1.40264892578125,1.8315175771713257,-0.09028758108615875,-0.9306739568710327,147,120
0.006745576858520508,negative,10.0,-10.0,1.524315357208252,2.0307750701904297,-0.1654076725244522,-1.3269256353378296,147,123
0.0004630088806152344,positive,10.0,10.0,-0.016348492354154587,-0.0008147498010657728,0.05095808953046799,0.05117606744170189,148,4
0.0005230903625488281,positive,10.0,10.0,-0.01636478677392006,-0.19662894308567047,0.0519816093146801,0.3594912886619568,148,5
0.0005741119384765625,positive,10.0,10.0,-0.02029736526310444,-0.0022829847875982523,0.05917143449187279,0.08364181965589523,148,6
0.0006206035614013672,positive,10.0,10.0,-0.020343026146292686,-0.1982010304927826,0.06084427237510681,0.3943908214569092,148,7
0.0006656646728515625,positive,10.0,10.0,-0.024307046085596085,-0.00399283180013299,0.06873209029436111,0.12149476259946823,148,8
0.0007107257843017578,positive,10.0,10.0,-0.024386903271079063,-0.20002876222133636,0.07116198539733887,0.43504568934440613,148,9
0.0007565021514892578,positive,10.0,10.0,-0.02838747762143612,-0.005982580129057169,0.07986289262771606,0.16561706364154816,148,10
0.000804901123046875,positive,10.0,10.0,-0.028507128357887268,0.18791072070598602,0.08317523449659348,-0.10084114223718643,148,11
0.0008525848388671875,positive,10.0,10.0,-0.024748913943767548,0.381748229265213,0.08115841448307037,-0.3661669194698334,148,12
0.0010192394256591797,positive,10.0,10.0,-0.005811256822198629,0.1834823191165924,0.06650349497795105,-0.0028016073629260063,148,15
0.001241445541381836,positive,10.0,10.0,0.008751551620662212,0.5695971846580505,0.06883500516414642,-0.4984610676765442,148,19
0.0012946128845214844,positive,10.0,10.0,0.020143495872616768,0.37357568740844727,0.058865781873464584,-0.18490362167358398,148,20
0.0014185905456542969,positive,10.0,10.0,0.031168270856142044,-0.018204066902399063,0.057682767510414124,0.43531766533851624,148,22
0.0014832019805908203,positive,10.0,10.0,0.030804188922047615,-0.2140931487083435,0.06638912111520767,0.7456119060516357,148,23
0.0015883445739746094,positive,10.0,10.0,0.02612338401377201,0.1739383190870285,0.09079212695360184,0.2085472196340561,148,25
0.0017571449279785156,positive,10.0,10.0,0.04818107932806015,0.3649686574935913,0.08757070451974869,0.0053039733320474625,148,28
0.0018069744110107422,positive,10.0,10.0,0.05548045411705971,0.5587326884269714,0.08767678588628769,-0.25851544737815857,148,29
0.0019116401672363281,positive,10.0,10.0,0.08170511573553085,0.5563202500343323,0.07206033170223236,-0.20480801165103912,148,31
0.0019609928131103516,positive,10.0,10.0,0.09283152222633362,0.7503416538238525,0.06796417385339737,-0.4739174544811249,148,32
0.0020067691802978516,positive,10.0,10.0,0.10783835500478745,0.5543290376663208,0.05848582461476326,-0.16061121225357056,148,33
0.002051830291748047,positive,10.0,10.0,0.11892493814229965,0.3584206700325012,0.05527359992265701,0.14993390440940857,148,34
0.0024018287658691406,positive,10.0,10.0,0.15776710212230682,0.7425038814544678,0.08501750975847244,-0.3009464144706726,148,40
0.0026290416717529297,positive,10.0,10.0,0.21702826023101807,0.7380034923553467,0.06403335183858871,-0.2009398341178894,148,44
0.002679586410522461,positive,10.0,10.0,0.23178832232952118,0.542026937007904,0.06001455336809158,0.11123544722795486,148,45
0.002726316452026367,positive,10.0,10.0,0.24262885749340057,0.3460986614227295,0.06223926320672035,0.422232449054718,148,46
0.0027751922607421875,positive,10.0,10.0,0.24955083429813385,0.5402861833572388,0.07068391144275665,0.14980173110961914,148,47
0.002874135971069336,positive,10.0,10.0,0.26724109053611755,0.5382345914840698,0.08295834809541702,0.1953403502702713,148,49
0.0029754638671875,positive,10.0,10.0,0.2926473617553711,0.9258540868759155,0.08546389639377594,-0.33412495255470276,148,51
0.003020763397216797,positive,10.0,10.0,0.3111644387245178,1.1196622848510742,0.07878139615058899,-0.5986803770065308,148,52
0.0030667781829833984,positive,10.0,10.0,0.333557665348053,0.9235315918922424,0.06680778414011002,-0.2822590470314026,148,53
0.0031652450561523438,positive,10.0,10.0,0.3665787875652313,0.5315801501274109,0.06177708879113197,0.3420600891113281,148,55
0.0032112598419189453,positive,10.0,10.0,0.3772103786468506,0.335636168718338,0.0686182901263237,0.653566300868988,148,56
0.003359079360961914,positive,10.0,10.0,0.40899011492729187,0.9173473715782166,0.09170284122228622,-0.14580285549163818,148,59
0.0034058094024658203,positive,10.0,10.0,0.42733708024024963,1.1110446453094482,0.088786780834198,-0.4082050025463104,148,60
0.003449678421020508,positive,10.0,10.0,0.44955796003341675,0.9147832989692688,0.08062268048524857,-0.08890364319086075,148,61
0.0034942626953125,positive,10.0,10.0,0.4678536355495453,1.1086626052856445,0.07884460687637329,-0.3551005721092224,148,62
0.0036468505859375,positive,10.0,10.0,0.5304079055786133,0.9104794263839722,0.06481296569108963,0.006346739362925291,148,65
0.003798246383666992,positive,10.0,10.0,0.5732774138450623,0.3224661350250244,0.08393876999616623,0.9454517364501953,148,68
0.0042040348052978516,negative,10.0,-10.0,0.6762916445732117,1.2853643894195557,0.14316478371620178,-0.24292539060115814,148,75
0.004255771636962891,negative,10.0,-10.0,0.7019989490509033,1.0885186195373535,0.13830627501010895,0.09126932919025421,148,76
0.0043032169342041016,negative,10.0,-10.0,0.7237693071365356,1.2814151048660278,0.14013166725635529,-0.15477989614009857,148,77
0.004351139068603516,negative,10.0,-10.0,0.7493975758552551,1.0845938920974731,0.13703607022762299,0.17862196266651154,148,78
0.004399299621582031,negative,10.0,-10.0,0.771089494228363,1.2775158882141113,0.1406085044145584,-0.06788548827171326,148,79
0.004444599151611328,negative,10.0,-10.0,0.7966398000717163,1.4703712463378906,0.13925080001354218,-0.3131107687950134,148,80
0.004906415939331055,positive,10.0,10.0,1.036801815032959,2.0433881282806396,0.06053166463971138,-0.9179272651672363,148,87
0.004960060119628906,positive,10.0,10.0,1.0776695013046265,1.8475024700164795,0.0421731173992157,-0.60685133934021,148,88
0.005064725875854492,positive,10.0,10.0,1.1554597616195679,1.8464936017990112,0.012316928245127201,-0.5839864015579224,148,90
0.005112409591674805,positive,10.0,10.0,1.1923896074295044,1.6512012481689453,0.0006372005445882678,-0.28744906187057495,148,91
0.005159139633178711,positive,10.0,10.0,1.2254136800765991,1.4560701847076416,-0.005111780483275652,0.005434774793684483,148,92
0.0052068233489990234,positive,10.0,10.0,1.2545350790023804,1.6512651443481445,-0.005003084894269705,-0.2888565957546234,148,93
0.005253314971923828,positive,10.0,10.0,1.2875603437423706,1.4562147855758667,-0.010780217126011848,0.0022442264016717672,148,94
0.0054624080657958984,positive,10.0,10.0,1.378844976425171,1.6518787145614624,-0.016702590510249138,-0.3024199903011322,148,97
0.005515575408935547,positive,10.0,10.0,1.4118825197219849,1.4569987058639526,-0.022750990465283394,-0.01505113486200571,148,98
0.005621433258056641,positive,10.0,10.0,1.4740712642669678,1.457653284072876,-0.029348503798246384,-0.029499685391783714,148,100
0.005776643753051758,positive,10.0,10.0,1.5654579401016235,1.6541268825531006,-0.03752846643328667,-0.3521939218044281,148,103
0.0058786869049072266,positive,10.0,10.0,1.6277316808700562,1.655289888381958,-0.04600388929247856,-0.3779829442501068,148,105
0.005925416946411133,positive,10.0,10.0,1.6608375310897827,1.460850477218628,-0.053563546389341354,-0.10015273839235306,148,106
0.0061299800872802734,positive,10.0,10.0,1.7856041193008423,1.464257836341858,-0.07537662982940674,-0.17565616965293884,148,110
0.006229877471923828,positive,10.0,10.0,1.8402951955795288,1.4664498567581177,-0.07704319059848785,-0.22416453063488007,148,112
0.006377458572387695,negative,10.0,-10.0,1.9244482517242432,1.2748154401779175,-0.08614125847816467,-0.007803226355463266,148,115
0.006577253341674805,negative,10.0,-10.0,2.0343828201293945,1.279918909072876,-0.10171827673912048,-0.12096556276082993,148,119
0.006623744964599609,negative,10.0,-10.0,2.059981346130371,1.4763399362564087,-0.1041375920176506,-0.4439278841018677,148,120
0.006670236587524414,negative,10.0,-10.0,2.089508056640625,1.67276930809021,-0.11301614344120026,-0.7675368785858154,148,121
0.006768465042114258,negative,10.0,-10.0,2.1525509357452393,1.2862671613693237,-0.13861575722694397,-0.2628099322319031,148,123
0.0070574283599853516,negative,10.0,-10.0,2.28157639503479,1.1018896102905273,-0.17383232712745667,-0.2077159583568573,148,128
0.0071222782135009766,negative,10.0,-10.0,2.303614377975464,1.2990158796310425,-0.17798663675785065,-0.5497987866401672,148,129
0.007174015045166016,negative,10.0,-10.0,2.329594612121582,1.4961326122283936,-0.18898262083530426,-0.8928549289703369,148,130
0.000194549560546875,positive,10.0,10.0,0.03867263346910477,0.010802112519741058,-0.004560648929327726,0.04326269403100014,149,0
0.0003743171691894531,positive,10.0,10.0,0.035203590989112854,0.010920205153524876,0.0029946689028292894,0.04065724089741707,149,2
0.0004334449768066406,positive,10.0,10.0,0.03542199730873108,-0.1842445582151413,0.0038078136276453733,0.3342835009098053,149,3
0.00048661231994628906,positive,10.0,10.0,0.031737104058265686,0.010822989977896214,0.010493484325706959,0.042803797870874405,149,4
0.0006656646728515625,positive,10.0,10.0,0.02067001909017563,-0.18486493825912476,0.030825523659586906,0.3480989336967468,149,7
0.0007717609405517578,positive,10.0,10.0,0.01716882735490799,-0.18583744764328003,0.039093371480703354,0.3696550726890564,149,9
0.0008203983306884766,positive,10.0,10.0,0.013452078215777874,0.008707885630428791,0.04648647457361221,0.08955056965351105,149,10
0.0008687973022460938,positive,10.0,10.0,0.013626236468553543,-0.18704849481582642,0.048277486115694046,0.39653003215789795,149,11
0.0010557174682617188,positive,10.0,10.0,0.00626191683113575,0.005721382796764374,0.06718356162309647,0.15567326545715332,149,14
0.0012230873107910156,positive,10.0,10.0,0.0026457884814590216,0.1976645290851593,0.08365341275930405,-0.06747684627771378,149,17
0.0012764930725097656,positive,10.0,10.0,0.006599078886210918,0.39149370789527893,0.08230387419462204,-0.3326384723186493,149,18
0.0014128684997558594,positive,10.0,10.0,0.014428953640162945,0.19530262053012848,0.07565110921859741,-0.015177998691797256,149,19
0.0015282630920410156,positive,10.0,10.0,0.02612026035785675,0.5832335948944092,0.06968623399734497,-0.5510653853416443,149,21
0.0015769004821777344,positive,10.0,10.0,0.03778493031859398,0.38720566034317017,0.05866492539644241,-0.237265944480896,149,22
0.0016241073608398438,positive,10.0,10.0,0.045529045164585114,0.19129678606987,0.053919605910778046,0.07332941889762878,149,23
0.0016710758209228516,positive,10.0,10.0,0.04935498163104057,-0.004555041436105967,0.055386193096637726,0.38252490758895874,149,24
0.0017178058624267578,positive,10.0,10.0,0.04926387965679169,0.18973855674266815,0.06303668767213821,0.10780663043260574,149,25
0.0017647743225097656,positive,10.0,10.0,0.053058650344610214,-0.006227429956197739,0.0651928260922432,0.4196922779083252,149,26
0.0019218921661376953,positive,10.0,10.0,0.06433053314685822,0.5758548378944397,0.07414498925209045,-0.38792064785957336,149,29
0.002084016799926758,positive,10.0,10.0,0.0871179923415184,0.37789246439933777,0.06973142176866531,-0.03146117925643921,149,32
0.002184629440307617,positive,10.0,10.0,0.09831271320581436,-0.014192653819918633,0.07474984228610992,0.5960343480110168,149,34
0.0022859573364257812,positive,10.0,10.0,0.10162501782178879,0.3735959827899933,0.09322657436132431,0.06366033107042313,149,36
0.0023887157440185547,positive,10.0,10.0,0.12044226378202438,0.7609184384346008,0.0905354842543602,-0.459655225276947,149,38
0.0024917125701904297,positive,10.0,10.0,0.14695344865322113,0.7585095763206482,0.07854510098695755,-0.4058168828487396,149,40
0.0026972293853759766,positive,10.0,10.0,0.20751100778579712,0.36472541093826294,0.0488261803984642,0.25932008028030396,149,44
0.002797365188598633,positive,10.0,10.0,0.21818435192108154,0.3632659912109375,0.06535248458385468,0.2918054759502411,149,46
0.0028464794158935547,positive,10.0,10.0,0.22544966638088226,0.5573982000350952,0.07118859142065048,0.020428752526640892,149,47
0.003025531768798828,positive,10.0,10.0,0.25493156909942627,0.7492824196815491,0.079599529504776,-0.2015683948993683,149,50
0.0032498836517333984,positive,10.0,10.0,0.31474384665489197,0.3551064431667328,0.06635782122612,0.47212550044059753,149,54
0.0032982826232910156,positive,10.0,10.0,0.32184597849845886,0.5492314696311951,0.0758003368973732,0.20107370615005493,149,55
0.0033452510833740234,positive,10.0,10.0,0.33283060789108276,0.7431920766830444,0.07982181012630463,-0.06676784157752991,149,56
0.0033926963806152344,positive,10.0,10.0,0.347694456577301,0.9370843172073364,0.07848645001649857,-0.3332373797893524,149,57
0.0036509037017822266,positive,10.0,10.0,0.425589919090271,0.34689539670944214,0.07314825057983398,0.6538114547729492,149,62
0.0036978721618652344,positive,10.0,10.0,0.4325278401374817,0.5409266948699951,0.08622447401285172,0.38502922654151917,149,63
0.0038497447967529297,positive,10.0,10.0,0.4766085743904114,1.1220046281814575,0.09352153539657593,-0.4017085134983063,149,66
0.0039484500885009766,positive,10.0,10.0,0.5175624489784241,1.11948823928833,0.08386602997779846,-0.34560129046440125,149,68
0.003996372222900391,positive,10.0,10.0,0.5399522185325623,0.9232797026634216,0.07695399969816208,-0.02769513800740242,149,69
0.004042863845825195,positive,10.0,10.0,0.558417797088623,1.1172184944152832,0.07640010118484497,-0.2951403260231018,149,70
0.00414729118347168,positive,10.0,10.0,0.5991840958595276,1.115139126777649,0.07090981304645538,-0.24900750815868378,149,72
0.0041942596435546875,positive,10.0,10.0,0.6214868426322937,0.9190798997879028,0.06592966616153717,0.06517224758863449,149,73
0.004239559173583984,positive,10.0,10.0,0.639868438243866,0.723077654838562,0.06723310798406601,0.37790611386299133,149,74
0.004284858703613281,positive,10.0,10.0,0.6543300151824951,0.5270684957504272,0.07479123026132584,0.6910072565078735,149,75
0.004541635513305664,positive,10.0,10.0,0.7457987070083618,1.1056294441223145,0.09101329743862152,-0.03873927518725395,149,80
0.004592418670654297,positive,10.0,10.0,0.7679112553596497,1.299336314201355,0.09023851156234741,-0.3013761043548584,149,81
0.004692554473876953,positive,10.0,10.0,0.8159590363502502,1.296871542930603,0.08457792550325394,-0.24662365019321442,149,83
0.004739046096801758,positive,10.0,10.0,0.8418964743614197,1.4906901121139526,0.07964545488357544,-0.5114759802818298,149,84
0.005015134811401367,positive,10.0,10.0,0.9517509341239929,0.9004753828048706,0.0914275124669075,0.4772056043148041,149,89
0.005446434020996094,negative,10.0,-10.0,1.1262378692626953,0.49908575415611267,0.13873307406902313,1.3171354532241821,149,97
0.005495309829711914,negative,10.0,-10.0,1.1362195014953613,0.30250874161720276,0.16507579386234283,1.6498247385025024,149,98
0.00017309188842773438,positive,10.0,10.0,0.022691963240504265,-0.02749558351933956,0.028327200561761856,0.01548148412257433,150,0
0.0002448558807373047,positive,10.0,10.0,0.02214205265045166,-0.22301208972930908,0.028636829927563667,0.31696566939353943,150,1
0.00030994415283203125,positive,10.0,10.0,0.01768181100487709,-0.028309479355812073,0.03497614338994026,0.033449575304985046,150,2
0.0004971027374267578,positive,10.0,10.0,0.00424680532887578,-0.2250194400548935,0.05519765242934227,0.3616263270378113,150,5
0.0006160736083984375,positive,10.0,10.0,-0.0008680584141984582,-0.22668242454528809,0.06416710466146469,0.3985544443130493,150,7
0.0006506443023681641,positive,10.0,10.0,-0.005401707254350185,-0.03252668306231499,0.07213819772005081,0.12677237391471863,150,8
0.0007593631744384766,positive,10.0,10.0,0.004286975599825382,0.15940630435943604,0.06361689418554306,-0.09609463065862656,150,11
0.0008618831634521484,positive,10.0,10.0,0.002093477174639702,-0.03838016092777252,0.07656322419643402,0.2562771737575531,150,14
0.0008931159973144531,positive,10.0,10.0,0.0013258738908916712,0.155569925904274,0.0816887691617012,-0.011308060958981514,150,15
0.0009596347808837891,positive,10.0,10.0,0.011425894685089588,0.5433021187782288,0.07591979950666428,-0.5430589318275452,150,17
0.0010595321655273438,positive,10.0,10.0,0.03226016089320183,0.3454161584377289,0.06220995634794235,-0.1879744529724121,150,20
0.0010902881622314453,positive,10.0,10.0,0.03916848450899124,0.14946188032627106,0.05845046788454056,0.12366630136966705,150,21
0.0011196136474609375,positive,10.0,10.0,0.042157724499702454,-0.04644663259387016,0.06092379242181778,0.4342018961906433,150,22
0.0011484622955322266,positive,10.0,10.0,0.04122878983616829,0.147762268781662,0.06960783153772354,0.16132953763008118,150,23
0.001178741455078125,positive,10.0,10.0,0.044184036552906036,-0.04828358814120293,0.07283442467451096,0.47513437271118164,150,24
0.0014176368713378906,positive,10.0,10.0,0.07981991022825241,0.5276654362678528,0.08653411269187927,-0.19711843132972717,150,31
0.0015866756439208984,positive,10.0,10.0,0.14796070754528046,0.7177152633666992,0.04856128990650177,-0.3776744306087494,150,36
0.0016179084777832031,positive,10.0,10.0,0.1623150110244751,0.9121150970458984,0.04100780189037323,-0.6546590328216553,150,37
0.0016832351684570312,positive,10.0,10.0,0.19488625228405,0.520939290523529,0.020927608013153076,-0.047997571527957916,150,39
0.0017480850219726562,positive,10.0,10.0,0.21181552112102509,0.13012227416038513,0.024991938844323158,0.5501276850700378,150,41
0.0019099712371826172,positive,10.0,10.0,0.24033913016319275,0.7123559713363647,0.05876936763525009,-0.2594359219074249,150,46
0.0019397735595703125,positive,10.0,10.0,0.25458624958992004,0.9065918326377869,0.05358064919710159,-0.5330184698104858,150,47
0.002069234848022461,positive,10.0,10.0,0.3036222457885742,0.5139300227165222,0.047811005264520645,0.10673924535512924,150,51
0.0021331310272216797,positive,10.0,10.0,0.32026398181915283,0.12236369401216507,0.058228086680173874,0.7221159934997559,150,53
0.0021622180938720703,positive,10.0,10.0,0.3227112591266632,0.3166339099407196,0.07267040759325027,0.4483138918876648,150,54
0.0022246837615966797,positive,10.0,10.0,0.3392570912837982,0.7045212984085083,0.08522456884384155,-0.08645977824926376,150,56
0.0022890567779541016,positive,10.0,10.0,0.37131398916244507,0.702120840549469,0.07647368311882019,-0.03328442946076393,150,58
0.0023179054260253906,positive,10.0,10.0,0.38535642623901367,0.8960675597190857,0.07580799609422684,-0.3008928894996643,150,59
0.0023801326751708984,positive,10.0,10.0,0.4172767996788025,0.5039017796516418,0.07008418440818787,0.3285629153251648,150,61
0.0024089813232421875,positive,10.0,10.0,0.4273548424243927,0.3078557252883911,0.07665544748306274,0.6424979567527771,150,62
0.0026578903198242188,positive,10.0,10.0,0.5284271836280823,0.8836036920547485,0.091041199862957,-0.025129565969109535,150,69
0.0026912689208984375,positive,10.0,10.0,0.5460992455482483,1.0773100852966309,0.09053860604763031,-0.28775668144226074,150,70
0.0028228759765625,positive,10.0,10.0,0.6321352124214172,1.072473406791687,0.07082439213991165,-0.18027924001216888,150,74
0.0029201507568359375,positive,10.0,10.0,0.6847208738327026,0.4843584895133972,0.07883614301681519,0.7608590722084045,150,77
0.0031163692474365234,positive,10.0,10.0,0.8009480834007263,1.2559219598770142,0.09163505584001541,-0.21598203480243683,150,83
0.0031461715698242188,positive,10.0,10.0,0.8260665535926819,1.449622631072998,0.08731541782617569,-0.47841089963912964,150,84
0.003175497055053711,positive,10.0,10.0,0.855059027671814,1.2533833980560303,0.07774719595909119,-0.15953540802001953,150,85
0.003204822540283203,positive,10.0,10.0,0.8801266551017761,1.4473111629486084,0.07455648481845856,-0.4267136752605438,150,86
0.003233194351196289,positive,10.0,10.0,0.9090728759765625,1.2512167692184448,0.06602221727371216,-0.1114899069070816,150,87
0.003261566162109375,positive,10.0,10.0,0.9340972304344177,1.0552139282226562,0.06379241496324539,0.2012702375650406,150,88
0.0033271312713623047,positive,10.0,10.0,0.9723863005638123,0.663232147693634,0.07808531820774078,0.8266346454620361,150,90
0.003558635711669922,positive,10.0,10.0,1.1465644836425781,2.018115997314453,0.08434559404850006,-0.986742377281189,150,97
0.0035881996154785156,positive,10.0,10.0,1.1869268417358398,1.8219720125198364,0.06461074948310852,-0.6688041687011719,150,98
0.003619670867919922,positive,10.0,10.0,1.2233662605285645,1.6260138750076294,0.051234662532806396,-0.3564980626106262,150,99
0.003648996353149414,positive,10.0,10.0,1.2558865547180176,1.4302023649215698,0.04410470277070999,-0.04810980334877968,150,100
0.0036773681640625,positive,10.0,10.0,1.2844905853271484,1.6246651411056519,0.04314250499010086,-0.32655757665634155,150,101
0.003740072250366211,positive,10.0,10.0,1.3455629348754883,1.6235345602035522,0.036199603229761124,-0.301498144865036,150,103
0.0037686824798583984,positive,10.0,10.0,1.3780336380004883,1.4279159307479858,0.030169639736413956,0.0023780304472893476,150,104
0.003796815872192383,positive,10.0,10.0,1.4065920114517212,1.6225924491882324,0.03021720051765442,-0.28063541650772095,150,105
0.0038909912109375,positive,10.0,10.0,1.507825493812561,1.8167414665222168,0.008065654896199703,-0.5517533421516418,150,108
0.0039212703704833984,positive,10.0,10.0,1.5441603660583496,1.621507167816162,-0.0029694123659282923,-0.2565401494503021,150,109
0.0040166378021240234,positive,10.0,10.0,1.6453571319580078,1.8170534372329712,-0.024304145947098732,-0.5586850047111511,150,112
0.004143953323364258,positive,10.0,10.0,1.7829689979553223,1.429030179977417,-0.05845949798822403,-0.02223612368106842,150,116
0.004206418991088867,positive,10.0,10.0,1.8362454175949097,1.0405596494674683,-0.053875334560871124,0.5249814391136169,150,118
0.0043337345123291016,positive,10.0,10.0,1.8961557149887085,0.2619357407093048,0.0214656013995409,1.6537762880325317,150,122
0.0044612884521484375,negative,10.0,-10.0,1.8936450481414795,-0.5208648443222046,0.1904880702495575,2.913865089416504,150,126
0.0007405281066894531,positive,10.0,10.0,-0.03743741288781166,0.2004207968711853,0.0744180753827095,-0.13222822546958923,151,7
0.0007784366607666016,positive,10.0,10.0,-0.03342899680137634,0.39440223574638367,0.07177351415157318,-0.40053629875183105,151,8
0.0008819103240966797,positive,10.0,10.0,-0.021526876837015152,-0.19358699023723602,0.06656012684106827,0.5375725030899048,151,11
0.0009131431579589844,positive,10.0,10.0,-0.02539861761033535,0.0005391294253058732,0.07731157541275024,0.2665823698043823,151,12
0.0009965896606445312,positive,10.0,10.0,-0.021498285233974457,0.3883228898048401,0.08262823522090912,-0.2662554979324341,151,14
0.001209259033203125,positive,10.0,10.0,0.013080326840281487,0.3822562098503113,0.07521530240774155,-0.13184727728366852,151,20
0.0012788772583007812,positive,10.0,10.0,0.03224994242191315,0.7702460289001465,0.06458065658807755,-0.668831467628479,151,22
0.0013115406036376953,positive,10.0,10.0,0.04765486344695091,0.5742883682250977,0.051204025745391846,-0.3565341830253601,151,23
0.0014786720275878906,positive,10.0,10.0,0.07373514026403427,0.37567877769470215,0.06529297679662704,0.01364976167678833,151,28
0.0016422271728515625,positive,10.0,10.0,0.11112018674612045,0.17603784799575806,0.07069530338048935,0.40690547227859497,151,33
0.001672983169555664,positive,10.0,10.0,0.11464094370603561,0.3700898587703705,0.07883341610431671,0.13732163608074188,151,34
0.0017020702362060547,positive,10.0,10.0,0.12204274535179138,0.563999354839325,0.08157984912395477,-0.12948624789714813,151,35
0.0017659664154052734,positive,10.0,10.0,0.14847999811172485,0.5617150068283081,0.07108297199010849,-0.07885311543941498,151,37
0.0017957687377929688,positive,10.0,10.0,0.15971431136131287,0.3656498193740845,0.06950590759515762,0.23538272082805634,151,38
0.001857757568359375,positive,10.0,10.0,0.17041943967342377,0.36361250281333923,0.08519665896892548,0.280746728181839,151,40
0.0019202232360839844,positive,10.0,10.0,0.1888401359319687,0.7511325478553772,0.09113366901874542,-0.2466021627187729,151,42
0.0019488334655761719,positive,10.0,10.0,0.20386278629302979,0.9448427557945251,0.08620163053274155,-0.5092054605484009,151,43
0.0020456314086914062,positive,10.0,10.0,0.2565835416316986,0.7465112209320068,0.06303615123033524,-0.14387792348861694,151,46
0.0020754337310791016,positive,10.0,10.0,0.27151376008987427,0.5505458116531372,0.06015859171748161,0.1680067479610443,151,47
0.002137422561645508,positive,10.0,10.0,0.28961700201034546,0.5487870573997498,0.07309962064027786,0.20703847706317902,151,49
0.0021660327911376953,positive,10.0,10.0,0.3005927503108978,0.7427917122840881,0.07724039256572723,-0.061719197779893875,151,50
0.0021953582763671875,positive,10.0,10.0,0.3154485821723938,0.9367261528968811,0.07600601017475128,-0.3290673792362213,151,51
0.0022902488708496094,positive,10.0,10.0,0.3598865568637848,0.3485276997089386,0.07516306638717651,0.6140041351318359,151,54
0.0023193359375,positive,10.0,10.0,0.36685711145401,0.5425233244895935,0.08744315057992935,0.34590944647789,151,55
0.002996206283569336,positive,10.0,10.0,0.7730022072792053,1.2931467294692993,0.06448107957839966,-0.16774939000606537,151,75
0.003064393997192383,positive,10.0,10.0,0.820808470249176,0.9012222290039062,0.06401725858449936,0.45588168501853943,151,77
0.003095388412475586,positive,10.0,10.0,0.8388329148292542,1.0953834056854248,0.0731348916888237,0.1840447038412094,151,78
0.0031261444091796875,positive,10.0,10.0,0.8607405424118042,1.2893868684768677,0.07681578397750854,-0.08470006287097931,151,79
0.0031604766845703125,positive,10.0,10.0,0.8865283131599426,1.4833284616470337,0.07512178272008896,-0.3521929681301117,151,80
0.003247499465942383,positive,10.0,10.0,0.9419393539428711,1.0911942720413208,0.06734193116426468,0.27656203508377075,151,82
0.003281116485595703,positive,10.0,10.0,0.9637632369995117,0.8951794505119324,0.07287317514419556,0.5897014737129211,151,83
0.003547191619873047,negative,10.0,-10.0,1.1218239068984985,0.8827049732208252,0.16126568615436554,0.8737600445747375,151,91
0.0035779476165771484,negative,10.0,-10.0,1.1394779682159424,1.0753103494644165,0.17874088883399963,0.6358076333999634,151,92
0.0003712177276611328,positive,10.0,10.0,-0.0444197840988636,-0.417420893907547,0.004126045387238264,0.5496871471405029,152,2
0.0004315376281738281,positive,10.0,10.0,-0.05276820436120033,-0.612600564956665,0.015119788236916065,0.843667209148407,152,3
0.0005469322204589844,positive,10.0,10.0,-0.07337397336959839,-0.22302965819835663,0.04310867562890053,0.27334314584732056,152,5
0.0006527900695800781,positive,10.0,10.0,-0.08620935678482056,-0.2243305891752243,0.06016163527965546,0.30231139063835144,152,7
0.0007009506225585938,positive,10.0,10.0,-0.09069596976041794,-0.03011537529528141,0.06620786339044571,0.029192471876740456,152,8
0.0007476806640625,positive,10.0,10.0,-0.09129827469587326,-0.22612124681472778,0.06679171323776245,0.34200799465179443,152,9
0.0008497238159179688,positive,10.0,10.0,-0.09646090120077133,0.16198332607746124,0.0750541239976883,-0.19746077060699463,152,11
0.0009508132934570312,positive,10.0,10.0,-0.08610211312770844,0.15990515053272247,0.06179380044341087,-0.15133504569530487,152,13
0.0010211467742919922,positive,10.0,10.0,-0.08290401101112366,-0.03604470565915108,0.05876709893345833,0.1601845622062683,152,14
0.0010716915130615234,positive,10.0,10.0,-0.08362490683794022,-0.2319566011428833,0.0619707889854908,0.47081267833709717,152,15
0.0011188983917236328,positive,10.0,10.0,-0.08826404064893723,-0.03776223585009575,0.07138704508543015,0.19828803837299347,152,16
0.0011658668518066406,positive,10.0,10.0,-0.0890192836523056,-0.23382878303527832,0.07535280287265778,0.5126087665557861,152,17
0.0012102127075195312,positive,10.0,10.0,-0.09369585663080215,-0.03984455764293671,0.08560498058795929,0.2445908933877945,152,18
0.0013113021850585938,positive,10.0,10.0,-0.09141360968351364,0.3476724326610565,0.09009860455989838,-0.28272417187690735,152,20
0.0014157295227050781,positive,10.0,10.0,-0.0736321285367012,0.735241711139679,0.0735303983092308,-0.8106130957603455,152,22
0.0015668869018554688,positive,10.0,10.0,-0.04127718135714531,0.14754514396190643,0.043692294508218765,0.12169690430164337,152,25
0.0016121864318847656,positive,10.0,10.0,-0.03832627832889557,-0.0481746643781662,0.04612623527646065,0.42783787846565247,152,26
0.0017118453979492188,positive,10.0,10.0,-0.03636447712779045,-0.049595918506383896,0.057683899998664856,0.45946595072746277,152,28
0.0017576217651367188,positive,10.0,10.0,-0.03735639527440071,0.14466522634029388,0.0668732151389122,0.18550854921340942,152,29
0.001802682876586914,positive,10.0,10.0,-0.03446309268474579,-0.05134664103388786,0.07058338820934296,0.498515248298645,152,30
0.0019044876098632812,positive,10.0,10.0,-0.03263576701283455,0.336596816778183,0.08513139188289642,-0.03734060749411583,152,32
0.001950979232788086,positive,10.0,10.0,-0.02590383030474186,0.530401349067688,0.08438458293676376,-0.3019962012767792,152,33
0.002255678176879883,positive,10.0,10.0,0.04131101071834564,0.5241948366165161,0.04973761364817619,-0.16414481401443481,152,39
0.002353191375732422,positive,10.0,10.0,0.05836285650730133,0.13264206051826477,0.04933081567287445,0.4507739543914795,152,41
0.0023963451385498047,positive,10.0,10.0,0.06101569905877113,0.3270328938961029,0.05834629386663437,0.1740398406982422,152,42
0.0024919509887695312,positive,10.0,10.0,0.07017888873815536,0.3253239393234253,0.0715179592370987,0.21196943521499634,152,44
0.002638578414916992,positive,10.0,10.0,0.1013387143611908,0.5172123312950134,0.06810735166072845,-0.009928066283464432,152,47
0.0028426647186279297,positive,10.0,10.0,0.14259736239910126,0.9032428860664368,0.06992554664611816,-0.5037684440612793,152,51
0.0028913021087646484,positive,10.0,10.0,0.1606622189283371,0.7072086930274963,0.05985017493367195,-0.18989437818527222,152,52
0.0030624866485595703,positive,10.0,10.0,0.19134017825126648,0.5096527934074402,0.06709090620279312,0.1571873426437378,152,55
0.0032167434692382812,positive,10.0,10.0,0.21796000003814697,0.7015987634658813,0.08365009725093842,-0.06602224707603455,152,58
0.003263235092163086,positive,10.0,10.0,0.2319919764995575,0.8954280018806458,0.0823296532034874,-0.331184983253479,152,59
0.0034644603729248047,positive,10.0,10.0,0.3034924864768982,0.8911357522010803,0.058808743953704834,-0.23572450876235962,152,63
0.0035660266876220703,positive,10.0,10.0,0.33521971106529236,0.4993710219860077,0.05559252202510834,0.3841606378555298,152,65
0.003768444061279297,positive,10.0,10.0,0.37506404519081116,0.49540790915489197,0.08867377042770386,0.4727410674095154,152,69
0.004127025604248047,positive,10.0,10.0,0.5023473501205444,1.0708805322647095,0.0802219808101654,-0.18943732976913452,152,76
0.0042285919189453125,positive,10.0,10.0,0.5490603446960449,1.06865394115448,0.06731774657964706,-0.14001144468784332,152,78
0.004273891448974609,positive,10.0,10.0,0.5704334378242493,1.2627503871917725,0.06451752036809921,-0.41072022914886475,152,79
0.00437164306640625,positive,10.0,10.0,0.6170239448547363,0.8708941340446472,0.054334815591573715,0.2114863246679306,152,81
0.004871368408203125,negative,10.0,-10.0,0.7783764004707336,1.2452261447906494,0.13909244537353516,-0.02352858893573284,152,91
0.005637168884277344,positive,10.0,10.0,1.1852127313613892,1.8098069429397583,0.06500578671693802,-0.4440053403377533,152,104
0.0057408809661865234,positive,10.0,10.0,1.253685474395752,1.808103322982788,0.05349447578191757,-0.4060213267803192,152,106
0.005843639373779297,positive,10.0,10.0,1.322092890739441,1.8067084550857544,0.043434757739305496,-0.37499380111694336,152,108
0.005995035171508789,positive,10.0,10.0,1.4265587329864502,1.6099902391433716,0.0275547094643116,-0.04669419676065445,152,111
0.006147623062133789,positive,10.0,10.0,1.5270369052886963,1.8040452003479004,0.019417673349380493,-0.3159031271934509,152,114
0.006194591522216797,positive,10.0,10.0,1.5631178617477417,1.608652114868164,0.013099610805511475,-0.01716032065451145,152,115
0.006349325180053711,positive,10.0,10.0,1.6635282039642334,1.8033084869384766,0.006462712772190571,-0.29958269000053406,152,118
0.0064487457275390625,positive,10.0,10.0,1.731756329536438,1.8032102584838867,0.00037368753692135215,-0.29740282893180847,152,120
0.0064945220947265625,positive,10.0,10.0,1.7678204774856567,1.608082890510559,-0.005574369337409735,-0.004602083470672369,152,121
0.006647348403930664,positive,10.0,10.0,1.860407829284668,1.4131208658218384,-0.00010302986629540101,0.28455403447151184,152,124
0.006745815277099609,positive,10.0,10.0,1.9130302667617798,1.0228005647659302,0.017132140696048737,0.871642529964447,152,126
0.0067920684814453125,negative,10.0,-10.0,1.9334863424301147,0.8274498581886292,0.03456499055027962,1.1696621179580688,152,127
0.006889820098876953,negative,10.0,-10.0,1.9626731872558594,0.43611517548561096,0.08741779625415802,1.7831860780715942,152,129
0.006935596466064453,negative,10.0,-10.0,1.971395492553711,0.24012605845928192,0.1230815201997757,2.101715326309204,152,130
0.00699615478515625,negative,10.0,-10.0,1.9761980772018433,0.04400208964943886,0.1651158183813095,2.4297704696655273,152,131
0.0004744529724121094,positive,10.0,10.0,0.02566477656364441,-0.42620447278022766,-0.012351141311228275,0.5661978125572205,153,4
0.0005509853363037109,positive,10.0,10.0,0.017140688374638557,-0.23091144859790802,-0.0010271851206198335,0.2696495056152344,153,5
0.0006623268127441406,positive,10.0,10.0,0.004002084489911795,-0.23095831274986267,0.015605970285832882,0.2707039713859558,153,7
0.0007817745208740234,positive,10.0,10.0,-0.009143070317804813,-0.2314785271883011,0.032385408878326416,0.2822805941104889,153,9
0.000986337661743164,positive,10.0,10.0,-0.01991727575659752,-0.23364533483982086,0.0445985421538353,0.33024024963378906,153,13
0.0011386871337890625,positive,10.0,10.0,-0.03007395751774311,-0.040661100298166275,0.059449050575494766,0.08457379043102264,153,16
0.0012400150299072266,positive,10.0,10.0,-0.03561883047223091,-0.04237905144691467,0.06904862076044083,0.12260770052671432,153,18
0.0012884140014648438,positive,10.0,10.0,-0.036466412246227264,-0.2384188175201416,0.07150077074766159,0.43625080585479736,153,19
0.0013353824615478516,positive,10.0,10.0,-0.04123478755354881,-0.04437800496816635,0.08022578805685043,0.16693659126758575,153,20
0.0013811588287353516,positive,10.0,10.0,-0.04212234914302826,0.14950938522815704,0.08356451988220215,-0.09939799457788467,153,21
0.001477956771850586,positive,10.0,10.0,-0.032265350222587585,0.1471596509218216,0.07428474724292755,-0.04734114184975624,153,23
0.0016269683837890625,positive,10.0,10.0,-0.019598189741373062,-0.050959616899490356,0.06700781732797623,0.31224143505096436,153,26
0.0016741752624511719,positive,10.0,10.0,-0.020617380738258362,0.14314691722393036,0.07325264066457748,0.04142060503363609,153,27
0.0017201900482177734,positive,10.0,10.0,-0.017754442989826202,-0.0529448576271534,0.07408105581998825,0.3562864661216736,153,28
0.0017659664154052734,positive,10.0,10.0,-0.01881333999335766,0.14104995131492615,0.0812067836523056,0.08785229176282883,153,29
0.001863718032836914,positive,10.0,10.0,-0.017095070332288742,0.13871699571609497,0.09106404334306717,0.13959404826164246,153,31
0.0019087791442871094,positive,10.0,10.0,-0.014320730231702328,0.33242467045783997,0.09385592490434647,-0.12302770465612411,153,32
0.002106904983520508,positive,10.0,10.0,0.019917752593755722,0.3274287283420563,0.07581295073032379,-0.012298675253987312,153,36
0.002254009246826172,positive,10.0,10.0,0.05120111629366875,0.519321858882904,0.05900322273373604,-0.23417584598064423,153,39
0.002300739288330078,positive,10.0,10.0,0.06158755347132683,0.32340872287750244,0.054319705814123154,0.07651941478252411,153,40
0.002446413040161133,positive,10.0,10.0,0.08484670519828796,0.12601163983345032,0.05410367622971535,0.41981077194213867,153,43
0.0025687217712402344,positive,10.0,10.0,0.09377346932888031,0.12436814606189728,0.06539315730333328,0.4563903212547302,153,45
0.0028810501098632812,positive,10.0,10.0,0.14349934458732605,0.11820454150438309,0.07444773614406586,0.59290611743927,153,51
0.0029823780059814453,positive,10.0,10.0,0.1521076261997223,0.5060035586357117,0.09279730170965195,0.060305509716272354,153,53
0.0030291080474853516,positive,10.0,10.0,0.16222770512104034,0.6996809244155884,0.09400340914726257,-0.2017173171043396,153,54
0.003128528594970703,positive,10.0,10.0,0.1940881460905075,0.6970710158348083,0.08070247620344162,-0.143699049949646,153,56
0.0032253265380859375,positive,10.0,10.0,0.22584857046604156,0.6948158740997314,0.06963109225034714,-0.09370116889476776,153,58
0.0033707618713378906,positive,10.0,10.0,0.25577521324157715,0.49678370356559753,0.08282682299613953,0.264274001121521,153,61
0.0034165382385253906,positive,10.0,10.0,0.26571086049079895,0.6906317472457886,0.08811230212450027,-0.001178030390292406,153,62
0.0037279129028320312,positive,10.0,10.0,0.3755326271057129,0.6840640306472778,0.05507449805736542,0.14390258491039276,153,68
0.0037779808044433594,positive,10.0,10.0,0.389213889837265,0.48819833993911743,0.05795254930853844,0.453439325094223,153,69
0.003824472427368164,positive,10.0,10.0,0.3989778757095337,0.2923068404197693,0.06702134013175964,0.7638118267059326,153,70
0.003869771957397461,positive,10.0,10.0,0.40482398867607117,0.486444890499115,0.08229757100343704,0.492948055267334,153,71
0.003914594650268555,positive,10.0,10.0,0.4145528972148895,0.6803154945373535,0.0921565368771553,0.22729454934597015,153,72
0.004063606262207031,positive,10.0,10.0,0.46699175238609314,0.8712695240974426,0.09009071439504623,0.025720583274960518,153,75
0.004162788391113281,positive,10.0,10.0,0.5057169795036316,1.258710265159607,0.08586046099662781,-0.5000179409980774,153,77
0.004260540008544922,positive,10.0,10.0,0.5599416494369507,1.2564435005187988,0.06057099997997284,-0.44889914989471436,153,79
0.0043065547943115234,positive,10.0,10.0,0.5850705504417419,1.0605193376541138,0.05159301683306694,-0.13775499165058136,153,80
0.004350185394287109,positive,10.0,10.0,0.6062809228897095,0.8646978735923767,0.048837918788194656,0.1707480251789093,153,81
0.0044460296630859375,positive,10.0,10.0,0.6369531154632568,0.4730929434299469,0.06182146072387695,0.7871123552322388,153,83
0.00516963005065918,positive,10.0,10.0,0.9343380331993103,1.620765209197998,0.0937795639038086,-0.4638950526714325,153,97
0.005218505859375,positive,10.0,10.0,0.966753363609314,1.4244518280029297,0.08450166136026382,-0.14318807423114777,153,98
0.005267143249511719,positive,10.0,10.0,0.9952424168586731,1.618268370628357,0.0816378965973854,-0.40806153416633606,153,99
0.0053713321685791016,positive,10.0,10.0,1.0560495853424072,1.6160855293273926,0.07166069746017456,-0.3594246804714203,153,101
0.005418300628662109,positive,10.0,10.0,1.0883712768554688,1.8101195096969604,0.06447220593690872,-0.6286784410476685,153,102
0.005670785903930664,positive,10.0,10.0,1.2458199262619019,1.6115700006484985,0.04011578485369682,-0.25902876257896423,153,107
0.005770444869995117,positive,10.0,10.0,1.3141733407974243,1.610501766204834,0.02415933646261692,-0.23531092703342438,153,109
0.00581669807434082,positive,10.0,10.0,1.3463833332061768,1.4150431156158447,0.01945311762392521,0.06489363312721252,153,110
0.005861520767211914,positive,10.0,10.0,1.37468421459198,1.609880805015564,0.020750990137457848,-0.22158879041671753,153,111
0.005907297134399414,positive,10.0,10.0,1.4068818092346191,1.8047001361846924,0.016319215297698975,-0.5076544880867004,153,112
0.005952119827270508,positive,10.0,10.0,1.4429758787155151,1.6093519926071167,0.006166125647723675,-0.20987378060817719,153,113
0.005997657775878906,positive,10.0,10.0,1.4751628637313843,1.8043853044509888,0.0019686499144881964,-0.5006052851676941,153,114
0.006096601486206055,positive,10.0,10.0,1.5434353351593018,1.804471731185913,-0.01218950655311346,-0.5025119185447693,153,116
0.006199359893798828,positive,10.0,10.0,1.6117151975631714,1.8049564361572266,-0.02651364915072918,-0.5133097767829895,153,118
0.006296873092651367,positive,10.0,10.0,1.680018663406372,1.8058453798294067,-0.04136181250214577,-0.5331524610519409,153,120
0.006341218948364258,positive,10.0,10.0,1.7161356210708618,1.6113288402557373,-0.05202486366033554,-0.25378406047821045,153,121
0.006437063217163086,positive,10.0,10.0,1.7767019271850586,1.2227282524108887,-0.05665962025523186,0.2961806058883667,153,123
0.006481647491455078,positive,10.0,10.0,1.8011564016342163,1.0284578800201416,-0.05073601007461548,0.5704694986343384,153,124
0.0066034793853759766,positive,10.0,10.0,1.838407278060913,0.6395187973976135,-0.022391678765416145,1.1268082857131958,153,126
0.006704568862915039,positive,10.0,10.0,1.8600915670394897,0.24957354366779327,0.028392182663083076,1.7051128149032593,153,128
0.006804704666137695,negative,10.0,-10.0,1.8661657571792603,-0.1415780484676361,0.10262436419725418,2.317856550216675,153,130
0.0068511962890625,negative,10.0,-10.0,1.86333429813385,0.0524703748524189,0.1489814966917038,2.058434009552002,153,131
0.00689697265625,negative,10.0,-10.0,1.8643836975097656,0.24578912556171417,0.1901501715183258,1.8153066635131836,153,132
0.0004107952117919922,positive,10.0,10.0,0.02930602617561817,0.01479638833552599,0.04862876608967781,0.018802858889102936,154,2
0.0004744529724121094,positive,10.0,10.0,0.02960195392370224,-0.18098799884319305,0.049004822969436646,0.3264234960079193,154,3
0.0006546974182128906,positive,10.0,10.0,0.022600874304771423,0.011805543676018715,0.06371030956506729,0.08492529392242432,154,6
0.00081634521484375,positive,10.0,10.0,0.027155473828315735,-0.18598343431949615,0.06418054550886154,0.4370660185813904,154,9
0.0009222030639648438,positive,10.0,10.0,0.02359928749501705,0.20218054950237274,0.0762275755405426,-0.10353077203035355,154,11
0.001077413558959961,positive,10.0,10.0,0.03956632316112518,0.004026980139315128,0.06561026722192764,0.2568577527999878,154,14
0.0011801719665527344,positive,10.0,10.0,0.03580751270055771,0.0020947703160345554,0.08213726431131363,0.29990968108177185,154,16
0.0012814998626708984,positive,10.0,10.0,0.0397685244679451,0.38971051573753357,0.08881985396146774,-0.22940599918365479,154,18
0.0013458728790283203,positive,10.0,10.0,0.04756273701786995,0.5834583640098572,0.08423173427581787,-0.4928034543991089,154,19
0.0016286373138427734,positive,10.0,10.0,0.09789945185184479,-0.006251262500882149,0.05125231668353081,0.4835665225982666,154,24
0.0017070770263671875,positive,10.0,10.0,0.09777442365884781,0.1881113052368164,0.06092364341020584,0.20746707916259766,154,25
0.0018699169158935547,positive,10.0,10.0,0.10510655492544174,0.3802897036075592,0.08039238303899765,-0.020722752436995506,154,28
0.0020749568939208984,positive,10.0,10.0,0.14319570362567902,0.7659668922424316,0.07006261497735977,-0.50673907995224,154,32
0.002225160598754883,positive,10.0,10.0,0.17739377915859222,0.17812687158584595,0.05843420326709747,0.4279763400554657,154,35
0.002683877944946289,positive,10.0,10.0,0.18840381503105164,0.176360622048378,0.07007916271686554,0.46731477975845337,154,37
0.002859830856323242,positive,10.0,10.0,0.21062609553337097,0.7581612467765808,0.08199398964643478,-0.3343476951122284,154,40
0.0029616355895996094,positive,10.0,10.0,0.2370287925004959,0.7559396028518677,0.07496751099824905,-0.2849806845188141,154,42
0.0030088424682617188,positive,10.0,10.0,0.2521475851535797,0.9499167203903198,0.06926789879798889,-0.553109347820282,154,43
0.0030884742736816406,positive,10.0,10.0,0.27114591002464294,0.7538939118385315,0.05820571258664131,-0.2394317388534546,154,44
0.0031785964965820312,positive,10.0,10.0,0.28622379899024963,0.5579908490180969,0.05341707542538643,0.07102803140878677,154,45
0.0032684803009033203,positive,10.0,10.0,0.2973836064338684,0.36214539408683777,0.05483763664960861,0.3800743520259857,154,46
0.0033600330352783203,positive,10.0,10.0,0.3046265244483948,0.5564475059509277,0.062439125031232834,0.1051735207438469,154,47
0.0034558773040771484,positive,10.0,10.0,0.3157554864883423,0.3604888916015625,0.06454259157180786,0.41688379645347595,154,48
0.003560781478881836,positive,10.0,10.0,0.32296526432037354,0.5546396374702454,0.07288026809692383,0.14522643387317657,154,49
0.004010915756225586,positive,10.0,10.0,0.38281354308128357,0.550527036190033,0.06395218521356583,0.23602312803268433,154,53
0.004116058349609375,positive,10.0,10.0,0.39382410049438477,0.35455241799354553,0.06867264956235886,0.548173189163208,154,54
0.005004167556762695,positive,10.0,10.0,0.5044792294502258,1.1241878271102905,0.08988272398710251,-0.3860320448875427,154,62
0.005103349685668945,positive,10.0,10.0,0.5269629955291748,0.9279124736785889,0.08216208219528198,-0.06641760468482971,154,63
0.0052013397216796875,positive,10.0,10.0,0.5455212593078613,1.121766209602356,0.08083373308181763,-0.33208879828453064,154,64
0.005294084548950195,positive,10.0,10.0,0.5679565668106079,0.925592303276062,0.07419195771217346,-0.015049539506435394,154,65
0.005387544631958008,positive,10.0,10.0,0.5864683985710144,1.1195762157440186,0.07389096915721893,-0.2834324240684509,154,66
0.00571131706237793,positive,10.0,10.0,0.6652848124504089,1.701966404914856,0.04073663428425789,-1.096521258354187,154,69
0.005807161331176758,positive,10.0,10.0,0.6993241310119629,1.5063323974609375,0.018806207925081253,-0.7913404703140259,154,70
0.006049633026123047,positive,10.0,10.0,0.7634745836257935,1.5060299634933472,-0.018581565469503403,-0.7844318151473999,154,72
0.007210731506347656,negative,10.0,-10.0,1.0174967050552368,2.0978076457977295,-0.19907218217849731,-1.8339416980743408,154,79
0.0002989768981933594,positive,10.0,10.0,-0.025669870898127556,-0.22713987529277802,0.03699572756886482,0.2929467260837555,155,1
0.0003457069396972656,positive,10.0,10.0,-0.03021266870200634,-0.032564397901296616,0.042854662984609604,0.012157473713159561,155,2
0.0003845691680908203,positive,10.0,10.0,-0.03086395561695099,-0.2282739132642746,0.04309781268239021,0.3180476129055023,155,3
0.00046133995056152344,positive,10.0,10.0,-0.036105263978242874,-0.22958645224571228,0.05024399608373642,0.3471299707889557,155,5
0.0005698204040527344,positive,10.0,10.0,-0.0460234098136425,-0.03686404228210449,0.06621804088354111,0.1072220504283905,155,8
0.0006139278411865234,positive,10.0,10.0,-0.046760689467191696,-0.23286934196949005,0.06836248189210892,0.4200395345687866,155,9
0.0007357597351074219,positive,10.0,10.0,-0.05219366401433945,0.15516431629657745,0.07975661754608154,-0.1178450658917427,155,11
0.0009005069732666016,positive,10.0,10.0,-0.03905065730214119,-0.04312087595462799,0.06834715604782104,0.2455476075410843,155,14
0.0009517669677734375,positive,10.0,10.0,-0.03991307318210602,-0.2391490638256073,0.07325810939073563,0.5589817762374878,155,15
0.0015788078308105469,positive,10.0,10.0,-0.04559861123561859,0.14869506657123566,0.09024272859096527,0.025345835834741592,155,17
0.0017194747924804688,positive,10.0,10.0,-0.04262470826506615,0.3424147665500641,0.09074964374303818,-0.23755593597888947,155,18
0.001856088638305664,positive,10.0,10.0,-0.03577641397714615,0.536130964756012,0.0859985277056694,-0.5002906918525696,155,19
0.002016782760620117,positive,10.0,10.0,-0.02505379356443882,0.3399085998535156,0.07599271088838577,-0.18179255723953247,155,20
0.002161741256713867,positive,10.0,10.0,-0.018255621194839478,0.5338655710220337,0.07235685735940933,-0.4495679438114166,155,21
0.002310037612915039,positive,10.0,10.0,-0.007578310556709766,0.33779874444007874,0.06336549669504166,-0.13498294353485107,155,22
0.0025289058685302734,positive,10.0,10.0,0.0020142465364187956,-0.054106198251247406,0.06420581042766571,0.48818570375442505,155,24
0.002736806869506836,positive,10.0,10.0,0.0037332007195800543,0.33404475450515747,0.07829771190881729,-0.05205417424440384,155,26
0.002866029739379883,positive,10.0,10.0,0.010414095595479012,0.527961790561676,0.07725662738084793,-0.31904253363609314,155,27
0.0029642581939697266,positive,10.0,10.0,0.020973332226276398,0.33182939887046814,0.07087577879428864,-0.0030306694097816944,155,28
0.0032875537872314453,positive,10.0,10.0,0.03692147880792618,0.5237492322921753,0.07787026464939117,-0.22580736875534058,155,31
0.0034952163696289062,positive,10.0,10.0,0.05394858121871948,0.5216038227081299,0.07516185194253922,-0.17828072607517242,155,33
0.003916025161743164,positive,10.0,10.0,0.09555356949567795,0.1276278793811798,0.06362609565258026,0.49080389738082886,155,37
0.004011631011962891,positive,10.0,10.0,0.09810612350702286,0.32179731130599976,0.07344217598438263,0.21883255243301392,155,38
0.00410771369934082,positive,10.0,10.0,0.1045420691370964,0.5157967805862427,0.07781882584095001,-0.04980962350964546,155,39
0.00420379638671875,positive,10.0,10.0,0.11485800892114639,0.7097216248512268,0.07682263106107712,-0.3169609308242798,155,40
0.0044100284576416016,positive,10.0,10.0,0.13932432234287262,0.31753599643707275,0.0704619362950325,0.3129882216453552,155,42
0.004505634307861328,positive,10.0,10.0,0.14567504823207855,0.5115871429443359,0.07672169804573059,0.04333250969648361,155,43
0.004959821701049805,positive,10.0,10.0,0.20987623929977417,0.8975467681884766,0.04807189479470253,-0.44830045104026794,155,47
0.005275726318359375,positive,10.0,10.0,0.2519851326942444,0.7007035613059998,0.039566658437252045,-0.11711868643760681,155,50
0.005372047424316406,positive,10.0,10.0,0.2659992277622223,0.5050377249717712,0.037224285304546356,0.1877799779176712,155,51
0.00555419921875,positive,10.0,10.0,0.2760999798774719,0.30940350890159607,0.040979884564876556,0.49196940660476685,155,52
0.0070569515228271484,positive,10.0,10.0,0.4329513907432556,0.8788437247276306,0.08799642324447632,-0.035286251455545425,155,65
0.007241249084472656,positive,10.0,10.0,0.45052826404571533,1.0726008415222168,0.0872906967997551,-0.29895976185798645,155,66
0.007383108139038086,positive,10.0,10.0,0.4719802737236023,0.8763500452041626,0.08131150156259537,0.01992642506957054,155,67
0.007480144500732422,positive,10.0,10.0,0.4895072877407074,1.070217490196228,0.08171003311872482,-0.2460346519947052,155,68
0.007692098617553711,positive,10.0,10.0,0.536193311214447,1.0679682493209839,0.06655199825763702,-0.1960075944662094,155,70
0.008331775665283203,positive,10.0,10.0,0.5981122851371765,0.6740545034408569,0.08836552500724792,0.47244590520858765,155,74
0.009750604629516602,positive,10.0,10.0,1.0350018739700317,1.427595615386963,0.06490083783864975,-0.10585438460111618,155,92
0.009787797927856445,positive,10.0,10.0,1.063553810119629,1.6217303276062012,0.06278374791145325,-0.377375990152359,155,93
0.009892463684082031,positive,10.0,10.0,1.156905174255371,1.424217700958252,0.04711803048849106,-0.03114502876996994,155,96
0.009958505630493164,positive,10.0,10.0,1.2177622318267822,1.4228808879852295,0.04032318294048309,-0.0016212117625400424,155,98
0.009988784790039062,positive,10.0,10.0,1.2462198734283447,1.6174020767211914,0.04029075801372528,-0.281313955783844,155,99
0.010095357894897461,positive,10.0,10.0,1.3471331596374512,1.8111155033111572,0.01829158514738083,-0.5428197979927063,155,102
0.010164260864257812,positive,10.0,10.0,1.4156702756881714,1.8107563257217407,0.002546587958931923,-0.5347585678100586,155,104
0.010225534439086914,positive,10.0,10.0,1.4518853425979614,1.6155985593795776,-0.00814858265221119,-0.24127429723739624,155,105
0.010266304016113281,positive,10.0,10.0,1.4841973781585693,1.8108359575271606,-0.012974068522453308,-0.5365163087844849,155,106
0.010380983352661133,positive,10.0,10.0,1.5889590978622437,1.6166434288024902,-0.03962366655468941,-0.26449820399284363,155,109
0.010452985763549805,positive,10.0,10.0,1.6575380563735962,1.6178436279296875,-0.056301847100257874,-0.29120883345603943,155,111
0.010485649108886719,positive,10.0,10.0,1.6898949146270752,1.423567771911621,-0.06212602183222771,-0.016800805926322937,155,112
0.010558843612670898,positive,10.0,10.0,1.7507567405700684,1.8154761791229248,-0.06903044134378433,-0.6401282548904419,155,114
0.010759830474853516,negative,10.0,-10.0,1.9728609323501587,1.8237277269363403,-0.15960684418678284,-0.8304054737091064,155,120
0.011176109313964844,negative,10.0,-10.0,2.049747943878174,1.828181505203247,-0.1995895355939865,-0.9360674023628235,155,122
0.0008106231689453125,positive,10.0,10.0,0.01123952679336071,-0.20846745371818542,0.0304083414375782,0.33643651008605957,156,3
0.0009257793426513672,positive,10.0,10.0,0.0070701781660318375,-0.013791145756840706,0.037137072533369064,0.05349570885300636,156,4
0.0010297298431396484,positive,10.0,10.0,0.0067943548783659935,-0.20942537486553192,0.03820698708295822,0.3576605021953583,156,5
0.0013654232025146484,positive,10.0,10.0,-0.0019036632729694247,-0.016183001920580864,0.05458366870880127,0.10637529194355011,156,8
0.001463174819946289,positive,10.0,10.0,-0.0022273233626037836,-0.21204295754432678,0.05671117454767227,0.4157673120498657,156,9
0.001680135726928711,positive,10.0,10.0,-0.0068235560320317745,-0.21375876665115356,0.06785629689693451,0.453956663608551,156,11
0.00177764892578125,positive,10.0,10.0,-0.011098731309175491,-0.0196586512029171,0.07693542540073395,0.18341097235679626,156,12
0.0022788047790527344,positive,10.0,10.0,0.010117905214428902,0.1699717789888382,0.06518440693616867,0.011361476965248585,156,17
0.002704143524169922,positive,10.0,10.0,0.023601781576871872,0.5561400055885315,0.06860668212175369,-0.48545658588409424,156,21
0.0028159618377685547,positive,10.0,10.0,0.034724581986665726,0.36012038588523865,0.05889754742383957,-0.17196433246135712,156,22
0.0029184818267822266,positive,10.0,10.0,0.04192698746919632,0.1642070859670639,0.05545826256275177,0.13870194554328918,156,23
0.0032253265380859375,positive,10.0,10.0,0.05563272535800934,-0.03328360244631767,0.05900244042277336,0.48415467143058777,156,26
0.003421783447265625,positive,10.0,10.0,0.05818621814250946,-0.03507518023252487,0.0728982463479042,0.5241700410842896,156,28
0.0035142898559570312,positive,10.0,10.0,0.057484712451696396,0.15894921123981476,0.08338164538145065,0.2553195059299469,156,29
0.0036041736602783203,positive,10.0,10.0,0.06066369637846947,0.3527877926826477,0.08848803490400314,-0.00994241051375866,156,30
0.0036928653717041016,positive,10.0,10.0,0.06771945208311081,0.5465366244316101,0.08828918635845184,-0.2734470069408417,156,31
0.003983974456787109,positive,10.0,10.0,0.10433833301067352,0.7381339073181152,0.06769080460071564,-0.4885461926460266,156,34
0.004490375518798828,positive,10.0,10.0,0.14676809310913086,0.1486348807811737,0.06940757483243942,0.4830041527748108,156,39
0.0045850276947021484,positive,10.0,10.0,0.1497407853603363,0.3427121043205261,0.0790676549077034,0.21297870576381683,156,40
0.005127668380737305,positive,10.0,10.0,0.20718616247177124,0.9221818447113037,0.0704522654414177,-0.5372231006622314,156,45
0.0053272247314453125,positive,10.0,10.0,0.24015267193317413,0.5302215218544006,0.05524381622672081,0.08770378679037094,156,47
0.005420207977294922,positive,10.0,10.0,0.250757098197937,0.3343529999256134,0.05699789151549339,0.39729174971580505,156,48
0.005513191223144531,positive,10.0,10.0,0.2574441730976105,0.5286219120025635,0.06494372338056564,0.12310989201068878,156,49
0.0057070255279541016,positive,10.0,10.0,0.27466925978660583,0.5267387628555298,0.07611700892448425,0.16485844552516937,156,51
0.0057981014251708984,positive,10.0,10.0,0.2852040231227875,0.7206932306289673,0.07941417396068573,-0.10287408530712128,156,52
0.00629878044128418,positive,10.0,10.0,0.3648588955402374,0.5205231308937073,0.062239523977041245,0.30204010009765625,156,57
0.006391763687133789,positive,10.0,10.0,0.3752693831920624,0.3245718777179718,0.06828032433986664,0.6136844754219055,156,58
0.0065882205963134766,positive,10.0,10.0,0.39213433861732483,0.7125656604766846,0.0874193087220192,0.0770314559340477,156,60
0.0068171024322509766,positive,10.0,10.0,0.4245122969150543,1.100076675415039,0.08522312343120575,-0.45018771290779114,156,62
0.007019758224487305,positive,10.0,10.0,0.46459102630615234,1.0978113412857056,0.0735812783241272,-0.39960119128227234,156,64
0.007399082183837891,positive,10.0,10.0,0.5288915038108826,0.31374093890190125,0.07925787568092346,0.8535536527633667,156,68
0.008141517639160156,positive,10.0,10.0,0.6718963980674744,1.0819544792175293,0.09377942234277725,-0.04886899143457413,156,76
0.008227348327636719,positive,10.0,10.0,0.6935355067253113,1.2756153345108032,0.09280204027891159,-0.31055307388305664,156,77
0.008310794830322266,positive,10.0,10.0,0.7190478444099426,1.079302191734314,0.086590975522995,0.009894219227135181,156,78
0.008392810821533203,positive,10.0,10.0,0.7406338453292847,1.2730824947357178,0.08678886294364929,-0.25426119565963745,156,79
0.008475780487060547,positive,10.0,10.0,0.7660955190658569,1.4668649435043335,0.08170364052057266,-0.5183569192886353,156,80
0.00855875015258789,positive,10.0,10.0,0.7954328060150146,1.2706934213638306,0.07133650034666061,-0.2010871320962906,156,81
0.008959293365478516,positive,10.0,10.0,0.8735628724098206,0.8765355348587036,0.09290900826454163,0.47302165627479553,156,85
0.009609699249267578,positive,10.0,10.0,1.0541753768920898,1.4515424966812134,0.08510255068540573,-0.1790986955165863,156,92
0.009697198867797852,positive,10.0,10.0,1.083206295967102,1.6453499794006348,0.08152057230472565,-0.4437679648399353,156,93
0.009780406951904297,positive,10.0,10.0,1.116113305091858,1.8392295837402344,0.07264521718025208,-0.7096810340881348,156,94
0.009864330291748047,positive,10.0,10.0,1.152897834777832,2.0332741737365723,0.05845159664750099,-0.9786413908004761,156,95
0.01015162467956543,positive,10.0,10.0,1.270951271057129,1.8365237712860107,0.006547484081238508,-0.6477891802787781,156,98
0.010236740112304688,positive,10.0,10.0,1.3076817989349365,1.6413111686706543,-0.0064082988537848,-0.35305166244506836,156,99
0.010319709777832031,positive,10.0,10.0,1.340507984161377,1.4462809562683105,-0.0134693318977952,-0.0623963288962841,156,100
0.010401725769042969,positive,10.0,10.0,1.3694336414337158,1.641593337059021,-0.014717258512973785,-0.3592982888221741,156,101
0.010578155517578125,positive,10.0,10.0,1.4311991930007935,1.6421127319335938,-0.02332906797528267,-0.37080439925193787,156,103
0.010794401168823242,positive,10.0,10.0,1.4929879903793335,1.2526618242263794,-0.03245650976896286,0.19725872576236725,156,105
0.011004209518432617,positive,10.0,10.0,1.5392016172409058,0.8633106350898743,-0.01892075501382351,0.7630912065505981,156,107
0.011101007461547852,positive,10.0,10.0,1.556467890739441,0.6684543490409851,-0.003658931003883481,1.0497610569000244,156,108
0.011293172836303711,positive,10.0,10.0,1.579304575920105,0.27804529666900635,0.04416215047240257,1.6393494606018066,156,110
0.011381149291992188,positive,10.0,10.0,1.5848654508590698,0.47262272238731384,0.07694914191961288,1.3607473373413086,156,111
0.011755943298339844,negative,10.0,-10.0,1.645928144454956,1.2463676929473877,0.15440814197063446,0.3397463858127594,156,115
0.0002956390380859375,positive,10.0,10.0,-0.009965015575289726,-0.044365376234054565,0.041436970233917236,0.025704659521579742,157,0
0.0004305839538574219,positive,10.0,10.0,-0.010852322913706303,-0.24005632102489471,0.04195106402039528,0.3311680853366852,157,1
0.0008313655853271484,positive,10.0,10.0,-0.021391354501247406,-0.04695657640695572,0.05680667236447334,0.08297351002693176,157,4
0.0009243488311767578,positive,10.0,10.0,-0.02233048528432846,-0.24284487962722778,0.058466143906116486,0.39302417635917664,157,5
0.0012989044189453125,positive,10.0,10.0,-0.034061893820762634,0.14341366291046143,0.0805954560637474,-0.1053842306137085,157,9
0.0015707015991210938,positive,10.0,10.0,-0.02162475511431694,-0.054915543645620346,0.0699513852596283,0.25899970531463623,157,12
0.002102375030517578,positive,10.0,10.0,-0.009052093140780926,0.32790806889533997,0.07940514385700226,-0.16384312510490417,157,18
0.0023889541625976562,positive,10.0,10.0,0.01445616502314806,0.12967486679553986,0.06522353738546371,0.19841738045215607,157,21
0.0024716854095458984,positive,10.0,10.0,0.01704966276884079,-0.06631641089916229,0.06919188797473907,0.5109413266181946,157,22
0.0030412673950195312,positive,10.0,10.0,0.05167143791913986,0.7071213126182556,0.07363975793123245,-0.5069446563720703,157,28
0.0031316280364990234,positive,10.0,10.0,0.06581386178731918,0.511043131351471,0.06350086629390717,-0.19199402630329132,157,29
0.0034089088439941406,positive,10.0,10.0,0.08471917361021042,0.3133400082588196,0.07067985832691193,0.1584271490573883,157,32
0.003586292266845703,positive,10.0,10.0,0.10113362222909927,0.7013729214668274,0.07162545621395111,-0.3796481192111969,157,34
0.004023551940917969,positive,10.0,10.0,0.13987106084823608,0.5013973712921143,0.08460086584091187,0.021265840157866478,157,39
0.0041046142578125,positive,10.0,10.0,0.14989900588989258,0.6952105760574341,0.08502618223428726,-0.2435712218284607,157,40
0.004275321960449219,positive,10.0,10.0,0.18158364295959473,0.6928672790527344,0.06998936086893082,-0.1914428323507309,157,42
0.004352092742919922,positive,10.0,10.0,0.19544099271297455,0.4968174993991852,0.06616050004959106,0.12247192859649658,157,43
0.004542827606201172,positive,10.0,10.0,0.21139360964298248,0.10479036718606949,0.07731539011001587,0.7487701177597046,157,45
0.004636049270629883,positive,10.0,10.0,0.21348941326141357,0.29876548051834106,0.09229078888893127,0.4813846945762634,157,46
0.005404472351074219,positive,10.0,10.0,0.3306923508644104,1.0675874948501587,0.08218402415513992,-0.4355650246143341,157,54
0.005583286285400391,positive,10.0,10.0,0.3694721758365631,1.0654006004333496,0.07110975682735443,-0.38677650690078735,157,56
0.005666255950927734,positive,10.0,10.0,0.3907802104949951,0.8693450689315796,0.06337422877550125,-0.07254774123430252,157,57
0.005753755569458008,positive,10.0,10.0,0.4081670939922333,0.6733745336532593,0.06192327290773392,0.2394375503063202,157,58
0.005835771560668945,positive,10.0,10.0,0.42163458466529846,0.47742515802383423,0.06671202182769775,0.5509920716285706,157,59
0.005916118621826172,positive,10.0,10.0,0.4311830997467041,0.28143277764320374,0.07773186266422272,0.8639255166053772,157,60
0.0063610076904296875,negative,10.0,-10.0,0.4668583571910858,0.8581345677375793,0.15866416692733765,0.1769794076681137,157,65
0.007022380828857422,negative,10.0,-10.0,0.6289095878601074,1.427232265472412,0.1408894658088684,-0.3481673002243042,157,72
0.008288145065307617,positive,10.0,10.0,1.0447607040405273,1.7935662269592285,0.0872306227684021,-0.40419304370880127,157,86
0.008375167846679688,positive,10.0,10.0,1.0806320905685425,1.9873498678207397,0.07914676517248154,-0.6681498885154724,157,87
0.008457660675048828,positive,10.0,10.0,1.120379090309143,2.1812870502471924,0.06578376889228821,-0.9349003434181213,157,88
0.008541107177734375,positive,10.0,10.0,1.1640048027038574,1.9853425025939941,0.04708575829863548,-0.6222925782203674,157,89
0.008744001388549805,positive,10.0,10.0,1.2395036220550537,1.5939979553222656,0.02833671122789383,-0.01175703201442957,157,91
0.008949756622314453,positive,10.0,10.0,1.3071576356887817,1.5931912660598755,0.022194242104887962,0.00604516826570034,157,93
0.009042024612426758,positive,10.0,10.0,1.3390214443206787,1.7879879474639893,0.022315144538879395,-0.2795534133911133,157,94
0.009234905242919922,positive,10.0,10.0,1.4144368171691895,1.787432074546814,0.0054217674769461155,-0.267210990190506,157,96
0.009319305419921875,positive,10.0,10.0,1.4501855373382568,1.9824762344360352,7.75472290115431e-05,-0.5581789612770081,157,97
0.009400367736816406,positive,10.0,10.0,1.4898350238800049,1.7873531579971313,-0.011086031794548035,-0.26547157764434814,157,98
0.009582757949829102,positive,10.0,10.0,1.5652347803115845,1.7877434492111206,-0.02762807160615921,-0.27415767312049866,157,100
0.009759187698364258,positive,10.0,10.0,1.6406545639038086,1.78860604763031,-0.04461972415447235,-0.2933540940284729,157,102
0.009841203689575195,positive,10.0,10.0,1.676426649093628,1.5941476821899414,-0.05048680678009987,-0.015070769004523754,157,103
0.010011672973632812,positive,10.0,10.0,1.74410879611969,1.5955926179885864,-0.05725313723087311,-0.04700198024511337,157,105
0.010089397430419922,positive,10.0,10.0,1.7760206460952759,1.401336431503296,-0.05819317698478699,0.22708170115947723,157,106
0.010795354843139648,positive,10.0,10.0,1.8983181715011597,0.42764368653297424,0.07918646186590195,1.6511344909667969,157,113
0.010895013809204102,negative,10.0,-10.0,1.9068710803985596,0.23169094324111938,0.11220914870500565,1.9673991203308105,157,114
0.010981559753417969,negative,10.0,-10.0,1.911504864692688,0.0355759896337986,0.15155713260173798,2.2926418781280518,157,115
0.011068582534790039,negative,10.0,-10.0,1.9122164249420166,-0.16058500111103058,0.1974099725484848,2.6278979778289795,157,116
0.0007498264312744141,positive,10.0,10.0,0.0035781546030193567,0.0446210540831089,-0.005964026320725679,0.019249891862273216,158,0
0.0028116703033447266,positive,10.0,10.0,-0.0006488934741355479,0.044763900339603424,0.007103775627911091,0.01609884947538376,158,4
0.003081083297729492,positive,10.0,10.0,-0.0027627996169030666,0.04455616697669029,0.01364604476839304,0.020682765170931816,158,6
0.0034377574920654297,positive,10.0,10.0,-0.011808414943516254,-0.1512472778558731,0.032706961035728455,0.3285386562347412,158,9
0.003673553466796875,positive,10.0,10.0,-0.013965477235615253,-0.15226835012435913,0.040204670280218124,0.35115888714790344,158,11
0.0037827491760253906,positive,10.0,10.0,-0.017010845243930817,0.04225946217775345,0.04722784832119942,0.07141994684934616,158,12
0.003899097442626953,positive,10.0,10.0,-0.016165655106306076,-0.15350663661956787,0.048656243830919266,0.37862148880958557,158,13
0.004067420959472656,positive,10.0,10.0,-0.01923578791320324,0.04089176654815674,0.056228674948215485,0.10166827589273453,158,14
0.004187583923339844,positive,10.0,10.0,-0.018417952582240105,-0.15498904883861542,0.058262038975954056,0.4115476608276367,158,15
0.004297733306884766,positive,10.0,10.0,-0.021517733111977577,0.039260655641555786,0.06649299710988998,0.1377868503332138,158,16
0.004651069641113281,positive,10.0,10.0,-0.02312086895108223,0.23125006258487701,0.08187457174062729,-0.08639581501483917,158,19
0.004994869232177734,positive,10.0,10.0,-0.0054148114286363125,0.42294564843177795,0.07239684462547302,-0.30407702922821045,158,22
0.005327701568603516,positive,10.0,10.0,0.016001151874661446,0.22497650980949402,0.06131565570831299,0.05238858610391617,158,25
0.0055463314056396484,positive,10.0,10.0,0.021081309765577316,0.22321414947509766,0.06963881850242615,0.09138450026512146,158,27
0.005648612976074219,positive,10.0,10.0,0.025545593351125717,0.027166714891791344,0.07146650552749634,0.40520012378692627,158,28
0.005850553512573242,positive,10.0,10.0,0.026088926941156387,0.22120626270771027,0.07957050949335098,0.13587705790996552,158,29
0.006018400192260742,positive,10.0,10.0,0.030513053759932518,0.4151036739349365,0.08228804916143417,-0.13067972660064697,158,30
0.00639033317565918,positive,10.0,10.0,0.05925024673342705,0.6068236827850342,0.07015609741210938,-0.34881967306137085,158,33
0.006837368011474609,positive,10.0,10.0,0.08389846235513687,0.018854165449738503,0.0680236741900444,0.5887804627418518,158,36
0.0069506168365478516,positive,10.0,10.0,0.08427554368972778,0.21296092867851257,0.07979928702116013,0.3182772397994995,158,37
0.007418394088745117,positive,10.0,10.0,0.12457340210676193,0.9882813096046448,0.07342104613780975,-0.7418939471244812,158,41
0.007523298263549805,positive,10.0,10.0,0.14433902502059937,1.1823170185089111,0.05858316272497177,-1.0105969905853271,158,42
0.007628202438354492,positive,10.0,10.0,0.16798536479473114,0.9864643216133118,0.03837122395634651,-0.7001083493232727,158,43
0.007731199264526367,positive,10.0,10.0,0.18771465122699738,0.7908320426940918,0.02436905726790428,-0.39559751749038696,158,44
0.008336544036865234,positive,10.0,10.0,0.25895094871520996,0.20501117408275604,-0.002547266660258174,0.4926588535308838,158,49
0.008679389953613281,positive,10.0,10.0,0.27515342831611633,0.39990419149398804,0.021172450855374336,0.20504909753799438,158,52
0.010988950729370117,positive,10.0,10.0,0.4939171373844147,1.1560351848602295,0.08974609524011612,-0.4304550290107727,158,72
0.011319160461425781,positive,10.0,10.0,0.5593058466911316,0.9574869275093079,0.07138119637966156,-0.06042021885514259,158,75
0.01154184341430664,positive,10.0,10.0,0.5936839580535889,0.5653678774833679,0.07525084167718887,0.5678678154945374,158,77
0.013221025466918945,positive,10.0,10.0,0.9200172424316406,1.5180832147598267,0.07737474888563156,-0.39332282543182373,158,92
0.013653278350830078,positive,10.0,10.0,1.0179338455200195,1.123913288116455,0.083688884973526,0.2808944880962372,158,96
0.01376199722290039,positive,10.0,10.0,1.0404120683670044,1.317747950553894,0.0893067717552185,0.015735909342765808,158,97
0.014122724533081055,positive,10.0,10.0,1.1311010122299194,1.8990520238876343,0.07445952296257019,-0.7754555940628052,158,100
0.01457834243774414,positive,10.0,10.0,1.2829198837280273,1.5061497688293457,0.014833629131317139,-0.12883399426937103,158,104
0.014678239822387695,positive,10.0,10.0,1.3130428791046143,1.7010561227798462,0.012256949208676815,-0.41680043935775757,158,105
0.014775991439819336,positive,10.0,10.0,1.3470640182495117,1.5057625770568848,0.003920941147953272,-0.1202787384390831,158,106
0.014874458312988281,positive,10.0,10.0,1.3771792650222778,1.700828194618225,0.0015153662534430623,-0.4117220640182495,158,107
0.015127420425415039,positive,10.0,10.0,1.4413095712661743,1.7009023427963257,-0.009090310893952847,-0.4133569300174713,158,109
0.01567864418029785,positive,10.0,10.0,1.6192482709884644,1.8976469039916992,-0.06311177462339401,-0.7429869174957275,158,114
0.016274213790893555,negative,10.0,-10.0,1.8170198202133179,2.098731517791748,-0.1538262516260147,-1.1779786348342896,158,119
0.01650381088256836,negative,10.0,-10.0,1.9049040079116821,2.1028923988342285,-0.20767907798290253,-1.2821933031082153,158,121
0.00015735626220703125,positive,10.0,10.0,0.047452136874198914,-0.038891926407814026,0.026268508285284042,-0.01710979826748371,159,0
0.00021314620971679688,positive,10.0,10.0,0.046674299985170364,-0.2343805581331253,0.025926312431693077,0.28374403715133667,159,1
0.0004317760467529297,positive,10.0,10.0,0.02314090169966221,-0.04213239252567291,0.05641433224081993,0.05446100980043411,159,6
0.0005352497100830078,positive,10.0,10.0,0.016662808135151863,-0.23974430561065674,0.06659916788339615,0.40278536081314087,159,9
0.0006020069122314453,positive,10.0,10.0,0.010955381207168102,0.1483505368232727,0.07729128748178482,-0.13640712201595306,159,11
0.0007328987121582031,positive,10.0,10.0,0.022695492953062057,-0.2458038628101349,0.06920581310987473,0.5367599129676819,159,15
0.0010075569152832031,positive,10.0,10.0,0.04513144493103027,0.13471506536006927,0.07612144947052002,0.16525427997112274,159,23
0.0010402202606201172,positive,10.0,10.0,0.04782574623823166,0.3286694884300232,0.07942653447389603,-0.10247676074504852,159,24
0.0010707378387451172,positive,10.0,10.0,0.05439913645386696,0.5225686430931091,0.07737699896097183,-0.36908167600631714,159,25
0.0013997554779052734,negative,10.0,-10.0,0.0837654173374176,0.5089571475982666,0.13739557564258575,-0.0683116540312767,159,35
0.001920938491821289,positive,10.0,10.0,0.32051780819892883,0.8734477758407593,0.09012554585933685,-0.08533649891614914,159,51
0.0019512176513671875,positive,10.0,10.0,0.3379867672920227,1.0671700239181519,0.08841881155967712,-0.3482794165611267,159,52
0.0019812583923339844,positive,10.0,10.0,0.3593301773071289,0.8709090352058411,0.08145322650671005,-0.029076695442199707,159,53
0.0021734237670898438,positive,10.0,10.0,0.48300787806510925,0.8645681142807007,0.056211620569229126,0.11106006056070328,159,59
0.0022034645080566406,positive,10.0,10.0,0.5002992153167725,0.668687641620636,0.058432821184396744,0.4209342300891876,159,60
0.002232789993286133,positive,10.0,10.0,0.5136730074882507,0.47278857231140137,0.06685150414705276,0.7314507961273193,159,61
0.002714395523071289,positive,10.0,10.0,0.8109468817710876,1.6208370923995972,0.08370167762041092,-0.5278475284576416,159,75
0.0027801990509033203,positive,10.0,10.0,0.8718565106391907,1.6186474561691284,0.06894457340240479,-0.47875022888183594,159,77
0.0028121471405029297,positive,10.0,10.0,0.904229462146759,1.8127317428588867,0.05936956778168678,-0.7489314079284668,159,78
0.002911806106567383,positive,10.0,10.0,1.0168498754501343,2.00608491897583,0.009622376412153244,-1.001123309135437,159,81
0.0029757022857666016,positive,10.0,10.0,1.0931882858276367,1.6158593893051147,-0.024508772417902946,-0.4160430431365967,159,83
0.0030460357666015625,positive,10.0,10.0,1.1539273262023926,1.6166696548461914,-0.03545336052775383,-0.43404316902160645,159,85
0.0030813217163085938,positive,10.0,10.0,1.18626070022583,1.8122751712799072,-0.044134221971035004,-0.7376881241798401,159,86
0.003203868865966797,positive,10.0,10.0,1.2833329439163208,1.619573950767517,-0.07178548723459244,-0.4990164637565613,159,89
0.003235340118408203,positive,10.0,10.0,1.315724492073059,1.815630555152893,-0.08176581561565399,-0.813430905342102,159,90
0.003338336944580078,negative,10.0,-10.0,1.4364330768585205,2.0145797729492188,-0.14969633519649506,-1.1997402906417847,159,93
0.0033721923828125,negative,10.0,-10.0,1.4767247438430786,2.211287021636963,-0.17369113862514496,-1.5353479385375977,159,94
0.0003333091735839844,positive,10.0,10.0,0.016109611839056015,-0.03826155140995979,-0.044921714812517166,-0.044509585946798325,160,0
0.0005693435668945312,positive,10.0,10.0,-0.0024823187850415707,-0.42614006996154785,-0.026783442124724388,0.4889736473560333,160,4
0.0009076595306396484,positive,10.0,10.0,-0.06810127198696136,-0.42677444219589233,0.03956951946020126,0.5030232667922974,160,14
0.0009415149688720703,positive,10.0,10.0,-0.07663676142692566,-0.23223188519477844,0.04962998628616333,0.2230682373046875,160,15
0.000972747802734375,positive,10.0,10.0,-0.0812813937664032,-0.4280267655849457,0.05409134924411774,0.5309841632843018,160,16
0.0010399818420410156,positive,10.0,10.0,-0.09451604634523392,-0.42968904972076416,0.06982751190662384,0.5681955218315125,160,18
0.0010724067687988281,positive,10.0,10.0,-0.10310982912778854,-0.2356124371290207,0.08119142800569534,0.29830262064933777,160,19
0.0012748241424560547,positive,10.0,10.0,-0.088835708796978,0.14757533371448517,0.06077843904495239,-0.13261131942272186,160,25
0.001359701156616211,positive,10.0,10.0,-0.08685144037008286,-0.24426569044589996,0.061698414385318756,0.4890486001968384,160,27
0.0013930797576904297,positive,10.0,10.0,-0.09173675626516342,-0.05006597936153412,0.07147938758134842,0.216431125998497,160,28
0.0014238357543945312,positive,10.0,10.0,-0.092738077044487,0.14396518468856812,0.07580801099538803,-0.052875373512506485,160,29
0.0015230178833007812,positive,10.0,10.0,-0.0802639052271843,-0.05421162769198418,0.0682278648018837,0.3080153465270996,160,32
0.001619577407836914,positive,10.0,10.0,-0.07187351584434509,0.5278282165527344,0.07052607834339142,-0.4987775385379791,160,35
0.0016486644744873047,positive,10.0,10.0,-0.06131695210933685,0.33178651332855225,0.06055052578449249,-0.18472851812839508,160,36
0.001678466796875,positive,10.0,10.0,-0.05468122288584709,0.13585281372070312,0.056855957955121994,0.1264244019985199,160,37
0.0017070770263671875,positive,10.0,10.0,-0.0519641675055027,-0.06003561615943909,0.05938444286584854,0.43648889660835266,160,38
0.0017361640930175781,positive,10.0,10.0,-0.053164876997470856,0.1341976523399353,0.06811422109603882,0.16310133039951324,160,39
0.0018000602722167969,positive,10.0,10.0,-0.051717523485422134,0.1322154402732849,0.08090566843748093,0.20711082220077515,160,41
0.0018303394317626953,positive,10.0,10.0,-0.04907321557402611,0.3260928690433502,0.0850478857755661,-0.05899370461702347,160,42
0.001859426498413086,positive,10.0,10.0,-0.04255135729908943,0.5198989510536194,0.08386801183223724,-0.3236781358718872,160,43
0.0018885135650634766,positive,10.0,10.0,-0.032153379172086716,0.32368913292884827,0.07739444822072983,-0.005769612267613411,160,44
0.0020494461059570312,positive,10.0,10.0,0.01560547761619091,0.12368307262659073,0.05819578096270561,0.3952547609806061,160,49
0.0021147727966308594,positive,10.0,10.0,0.0244378000497818,0.12192942202091217,0.06853033602237701,0.43425583839416504,160,51
0.002144336700439453,positive,10.0,10.0,0.026876388117671013,-0.07409242540597916,0.07721545547246933,0.7477306127548218,160,52
0.002173900604248047,positive,10.0,10.0,0.025394540280103683,0.11988415569067001,0.09217006713151932,0.48031148314476013,160,53
0.0025322437286376953,positive,10.0,10.0,0.16333462297916412,0.690502941608429,0.0629485696554184,-0.0744786262512207,160,64
0.0025670528411865234,positive,10.0,10.0,0.17714469134807587,0.49453768134117126,0.061458997428417206,0.2373817265033722,160,65
0.002630949020385742,positive,10.0,10.0,0.200810045003891,0.49272438883781433,0.0655006393790245,0.27751559019088745,160,67
0.002659320831298828,positive,10.0,10.0,0.2106645256280899,0.2967321276664734,0.07105095684528351,0.5901170372962952,160,68
0.0027217864990234375,positive,10.0,10.0,0.2264149934053421,0.6846413612365723,0.08926598727703094,0.05518745630979538,160,70
0.0027840137481689453,positive,10.0,10.0,0.2576753795146942,1.0720988512039185,0.08620872348546982,-0.4709140360355377,160,72
0.002814054489135742,positive,10.0,10.0,0.2791173458099365,0.8758717179298401,0.07679044455289841,-0.1523524522781372,160,73
0.0032684803009033203,positive,10.0,10.0,0.5183315277099609,1.2480823993682861,0.08700469136238098,-0.34092020988464355,160,87
0.003309965133666992,positive,10.0,10.0,0.5432931780815125,1.0518373250961304,0.08018628507852554,-0.022118795663118362,160,88
0.0033795833587646484,positive,10.0,10.0,0.5892443656921387,1.4396227598190308,0.07397463917732239,-0.5549688935279846,160,90
0.003444671630859375,positive,10.0,10.0,0.6429077386856079,1.0475832223892212,0.05807672068476677,0.0719071477651596,160,92
0.003475666046142578,positive,10.0,10.0,0.6638593673706055,0.8516787886619568,0.05951486527919769,0.38233327865600586,160,93
0.003525257110595703,positive,10.0,10.0,0.6808929443359375,0.6557645201683044,0.06716153025627136,0.6931714415550232,160,94
0.003920555114746094,positive,10.0,10.0,0.9611141085624695,1.4172275066375732,0.0908498764038086,-0.059527069330215454,160,106
0.0039844512939453125,positive,10.0,10.0,1.0216773748397827,1.4146606922149658,0.08321493119001389,-0.0026633713860064745,160,108
0.004013538360595703,positive,10.0,10.0,1.0499706268310547,1.6084966659545898,0.08316165953874588,-0.2679743468761444,160,109
0.004042148590087891,positive,10.0,10.0,1.082140564918518,1.8023394346237183,0.07780217379331589,-0.5333122611045837,160,110
0.0040705204010009766,positive,10.0,10.0,1.118187427520752,1.9962859153747559,0.06713593006134033,-0.8005011677742004,160,111
0.004101753234863281,positive,10.0,10.0,1.1581131219863892,1.800310492515564,0.0511259064078331,-0.4874771237373352,160,112
0.004164218902587891,positive,10.0,10.0,1.2262094020843506,1.7990120649337769,0.03779377415776253,-0.45847785472869873,160,114
0.004193305969238281,positive,10.0,10.0,1.2621896266937256,1.6033767461776733,0.028624216094613075,-0.15412577986717224,160,115
0.004221916198730469,positive,10.0,10.0,1.2942571640014648,1.7980774641036987,0.025541700422763824,-0.43764275312423706,160,116
0.004253387451171875,positive,10.0,10.0,1.33021879196167,1.6026034355163574,0.016788845881819725,-0.13701896369457245,160,117
0.004282236099243164,positive,10.0,10.0,1.3622708320617676,1.7974809408187866,0.014048466458916664,-0.4243583381175995,160,118
0.004608154296875,positive,10.0,10.0,1.7022795677185059,1.7992044687271118,-0.04209676757454872,-0.462636798620224,160,128
0.004639625549316406,positive,10.0,10.0,1.738263726234436,1.994895339012146,-0.05134950578212738,-0.7682857513427734,160,129
0.004822731018066406,positive,10.0,10.0,1.8989202976226807,1.414739727973938,-0.07380971312522888,-0.0044187200255692005,160,134
0.0049266815185546875,negative,10.0,-10.0,1.9799669981002808,1.2227699756622314,-0.06963524222373962,0.2193174958229065,160,137
0.004958391189575195,negative,10.0,-10.0,2.004422426223755,1.4188146591186523,-0.06524889171123505,-0.094493068754673,160,138
0.004988908767700195,negative,10.0,-10.0,2.0327985286712646,1.2246856689453125,-0.06713875383138657,0.17691124975681305,160,139
0.005017995834350586,negative,10.0,-10.0,2.0572924613952637,1.030585527420044,-0.06360053271055222,0.4476814866065979,160,140
0.005212306976318359,negative,10.0,-10.0,2.1304330825805664,0.2521693706512451,0.06173277646303177,1.573423147201538,160,146
0.005242347717285156,negative,10.0,-10.0,2.135476589202881,0.4465031325817108,0.09320124238729477,1.3006157875061035,160,147
0.00527191162109375,negative,10.0,-10.0,2.14440655708313,0.6403269171714783,0.11921355873346329,1.0385034084320068,160,148
0.005315542221069336,negative,10.0,-10.0,2.1572132110595703,0.8336803317070007,0.1399836242198944,0.7854976058006287,160,149
0.005451202392578125,negative,10.0,-10.0,2.239248752593994,0.8251513242721558,0.18529900908470154,0.981938362121582,160,153
0.005483865737915039,negative,10.0,-10.0,2.255751609802246,1.0173721313476562,0.20493777096271515,0.7527097463607788,160,154
0.0006780624389648438,positive,10.0,10.0,-0.00829104520380497,-0.04107968136668205,0.0213656947016716,-0.010669655166566372,161,2
0.0009071826934814453,positive,10.0,10.0,-0.013842667452991009,-0.04168739914894104,0.026925843209028244,0.0027397333178669214,161,4
0.001010894775390625,positive,10.0,10.0,-0.014676415361464024,-0.23718495666980743,0.02698063850402832,0.3037950098514557,161,5
0.0011038780212402344,positive,10.0,10.0,-0.019420113414525986,-0.43268081545829773,0.03305653855204582,0.6048634052276611,161,6
0.0012979507446289062,positive,10.0,10.0,-0.032834459096193314,-0.04358550161123276,0.05160927027463913,0.044664815068244934,161,8
0.002126455307006836,positive,10.0,10.0,-0.04808136820793152,0.33895304799079895,0.08083724230527878,-0.37214571237564087,161,16
0.002327442169189453,positive,10.0,10.0,-0.030645525082945824,0.33677467703819275,0.060628630220890045,-0.32342129945755005,161,18
0.002521991729736328,positive,10.0,10.0,-0.021093148738145828,-0.05501100793480873,0.053915172815322876,0.29701563715934753,161,20
0.002618074417114258,positive,10.0,10.0,-0.022193368524312973,0.1393025666475296,0.05985548719763756,0.02181219682097435,161,21
0.002708911895751953,positive,10.0,10.0,-0.01940731704235077,0.33351731300354004,0.060291729867458344,-0.25140124559402466,161,22
0.0030972957611083984,positive,10.0,10.0,-0.00843089073896408,-0.05998031422495842,0.06574063748121262,0.4070289433002472,161,26
0.0031867027282714844,positive,10.0,10.0,-0.009630497545003891,0.13415084779262543,0.07388121634721756,0.13577505946159363,161,27
0.003567218780517578,positive,10.0,10.0,0.01657704822719097,0.12999624013900757,0.06423204392194748,0.2275005578994751,161,31
0.0036563873291015625,positive,10.0,10.0,0.019176973029971123,-0.06598204374313354,0.06878205388784409,0.5397329926490784,161,32
0.0037474632263183594,positive,10.0,10.0,0.017857331782579422,0.12810903787612915,0.07957671582698822,0.2694907784461975,161,33
0.0038340091705322266,positive,10.0,10.0,0.020419513806700706,0.32201051712036133,0.08496652543544769,0.0029298237059265375,161,34
0.004171848297119141,positive,10.0,10.0,0.05136866867542267,0.9035434126853943,0.06925983726978302,-0.7929945588111877,161,37
0.004266977310180664,positive,10.0,10.0,0.06943953782320023,0.7075424790382385,0.0533999465405941,-0.4793519079685211,161,38
0.004892826080322266,positive,10.0,10.0,0.11122594028711319,0.313272625207901,0.06460409611463547,0.1960325688123703,161,44
0.004984617233276367,positive,10.0,10.0,0.11749139428138733,0.11728891730308533,0.06852474063634872,0.5083752274513245,161,45
0.005082130432128906,positive,10.0,10.0,0.11983717232942581,0.31138187646865845,0.0786922499537468,0.23804959654808044,161,46
0.005272626876831055,positive,10.0,10.0,0.13617074489593506,0.6991287469863892,0.0828770250082016,-0.2940402925014496,161,48
0.005647420883178711,positive,10.0,10.0,0.1919652819633484,0.694736659526825,0.06236867606639862,-0.1964741200208664,161,52
0.006173849105834961,positive,10.0,10.0,0.23785556852817535,0.10497645288705826,0.08164495974779129,0.7810878157615662,161,57
0.0068607330322265625,positive,10.0,10.0,0.3260642886161804,1.069786787033081,0.09345976263284683,-0.4485032260417938,161,64
0.0072476863861083984,positive,10.0,10.0,0.40369755029678345,1.0650949478149414,0.07256852090358734,-0.3438352942466736,161,68
0.008836984634399414,positive,10.0,10.0,0.7023769021034241,1.4324263334274292,0.09032493084669113,-0.42477455735206604,161,84
0.008937835693359375,positive,10.0,10.0,0.7310254573822021,1.2361488342285156,0.08182944357395172,-0.10503896325826645,161,85
0.009027481079101562,positive,10.0,10.0,0.755748450756073,1.0399552583694458,0.07972866296768188,0.21229752898216248,161,86
0.00931239128112793,positive,10.0,10.0,0.8297780752182007,1.2314772605895996,0.07650524377822876,-0.0016306734178215265,161,89
0.009403467178344727,positive,10.0,10.0,0.8544076681137085,1.4254233837127686,0.07647262513637543,-0.2692283093929291,161,90
0.009783267974853516,positive,10.0,10.0,0.991725742816925,1.811997652053833,0.022636709734797478,-0.773186981678009,161,94
0.010005474090576172,positive,10.0,10.0,1.0681016445159912,1.811584711074829,-0.01400027982890606,-0.7637368440628052,161,96
0.010223627090454102,positive,10.0,10.0,1.1366665363311768,1.421961784362793,-0.038784854114055634,-0.19217774271965027,161,98
0.010327339172363281,positive,10.0,10.0,1.1651058197021484,1.6176164150238037,-0.04262840747833252,-0.4968389868736267,161,99
0.010415315628051758,positive,10.0,10.0,1.1974581480026245,1.4231207370758057,-0.052565187215805054,-0.21788933873176575,161,100
0.0106048583984375,positive,10.0,10.0,1.2582995891571045,1.4246764183044434,-0.06745655834674835,-0.2524625062942505,161,102
0.010792970657348633,positive,10.0,10.0,1.319206953048706,1.8167537450790405,-0.08381853997707367,-0.8802523612976074,161,104
0.0002956390380859375,positive,10.0,10.0,0.009996413253247738,0.03573847934603691,0.03187752887606621,0.015237707644701004,162,2
0.00033545494079589844,positive,10.0,10.0,0.010711182840168476,-0.15982578694820404,0.03218228369951248,0.3178054690361023,162,3
0.0004439353942871094,positive,10.0,10.0,0.004994546063244343,0.03371274098753929,0.0460478849709034,0.05997885391116142,162,6
0.0004773139953613281,positive,10.0,10.0,0.005668800789862871,-0.1620381623506546,0.04724746197462082,0.36682724952697754,162,7
0.0005083084106445312,positive,10.0,10.0,0.0024280373472720385,0.03238166868686676,0.05458400771021843,0.08940853923559189,162,8
0.0005385875701904297,positive,10.0,10.0,0.0030756706837564707,-0.16347846388816833,0.056372176855802536,0.39880090951919556,162,9
0.0005686283111572266,positive,10.0,10.0,-0.00019389849330764264,0.030800355598330498,0.06434819847345352,0.1244102418422699,162,10
0.0006392002105712891,positive,10.0,10.0,-0.002881523920223117,0.028933711349964142,0.0755700021982193,0.16579249501228333,162,12
0.00067138671875,positive,10.0,10.0,-0.002302849665284157,0.22289712727069855,0.07888585329055786,-0.10212581604719162,162,13
0.0007119178771972656,positive,10.0,10.0,0.002155092777684331,0.41680511832237244,0.07684333622455597,-0.3689148724079132,162,14
0.0007503032684326172,positive,10.0,10.0,0.010491195134818554,0.22068022191524506,0.0694650411605835,-0.05302594602108002,162,15
0.0007798671722412109,positive,10.0,10.0,0.014904799871146679,0.02463454008102417,0.06840451806783676,0.26073965430259705,162,16
0.0008089542388916016,positive,10.0,10.0,0.015397490002214909,-0.17139382660388947,0.0736193135380745,0.5741897821426392,162,17
0.0008380413055419922,positive,10.0,10.0,0.01196961384266615,0.022622978314757347,0.0851031094789505,0.3055773973464966,162,18
0.0009233951568603516,positive,10.0,10.0,0.01675078459084034,0.41013917326927185,0.09203267097473145,-0.22166681289672852,162,20
0.0009999275207519531,positive,10.0,10.0,0.037030238658189774,0.40759146213531494,0.07792015373706818,-0.16500362753868103,162,22
0.0010313987731933594,positive,10.0,10.0,0.04518206790089607,0.6015165448188782,0.0746200829744339,-0.4321232736110687,162,23
0.001062154769897461,positive,10.0,10.0,0.05721239745616913,0.4054217040538788,0.06597761809825897,-0.11688162386417389,162,24
0.001127004623413086,positive,10.0,10.0,0.06950922310352325,0.013447700999677181,0.06755729019641876,0.5079255104064941,162,26
0.0012574195861816406,positive,10.0,10.0,0.09386572986841202,0.3991473317146301,0.0759531706571579,0.021849969401955605,162,30
0.0012867450714111328,positive,10.0,10.0,0.10184867680072784,0.5931025147438049,0.07639016956090927,-0.24593524634838104,162,31
0.0013172626495361328,positive,10.0,10.0,0.11371072381734848,0.7870550155639648,0.07147146761417389,-0.5135787129402161,162,32
0.0014142990112304688,positive,10.0,10.0,0.14917312562465668,0.19916850328445435,0.059456489980220795,0.4222574830055237,162,35
0.001443624496459961,positive,10.0,10.0,0.15315648913383484,0.3933999240398407,0.06790164113044739,0.14889506995677948,162,36
0.0015397071838378906,positive,10.0,10.0,0.17280052602291107,0.5853168368339539,0.08397713303565979,-0.07369391620159149,162,39
0.0016047954559326172,positive,10.0,10.0,0.20008967816829681,0.5829476714134216,0.07572835683822632,-0.021227896213531494,162,41
0.0016360282897949219,positive,10.0,10.0,0.2117486298084259,0.7769064903259277,0.07530380040407181,-0.28908947110176086,162,42
0.0017323493957519531,positive,10.0,10.0,0.24659766256809235,0.5788084268569946,0.07685209810733795,0.07034648209810257,162,45
0.0017609596252441406,positive,10.0,10.0,0.2581738233566284,0.7727493047714233,0.07825902849435806,-0.19713380932807922,162,46
0.0018243789672851562,positive,10.0,10.0,0.2929622232913971,0.7705805897712708,0.06503356248140335,-0.148988738656044,162,48
0.001955747604370117,positive,10.0,10.0,0.33889397978782654,0.7667558789253235,0.07889848947525024,-0.06449570506811142,162,52
0.001985788345336914,positive,10.0,10.0,0.3542290925979614,0.9606631398200989,0.07760857790708542,-0.3312797248363495,162,53
0.0020487308502197266,positive,10.0,10.0,0.38873291015625,0.5684628486633301,0.07067963480949402,0.2990400493144989,162,55
0.002112150192260742,positive,10.0,10.0,0.4075503349304199,0.5663800239562988,0.08892343938350677,0.34556320309638977,162,57
0.0022454261779785156,positive,10.0,10.0,0.47610294818878174,0.9510436058044434,0.08511903882026672,-0.11844833195209503,162,61
0.0023081302642822266,positive,10.0,10.0,0.5180208086967468,0.9486560225486755,0.07508788257837296,-0.06552587449550629,162,63
0.0024688243865966797,positive,10.0,10.0,0.604877769947052,0.7485471367835999,0.08477163314819336,0.3384856581687927,162,68
0.0024983882904052734,positive,10.0,10.0,0.6198486685752869,0.9423669576644897,0.0915413424372673,0.07369294762611389,162,69
0.0025277137756347656,positive,10.0,10.0,0.638696014881134,1.1360653638839722,0.09301520138978958,-0.18876267969608307,162,70
0.0025587081909179688,positive,10.0,10.0,0.6614173650741577,1.3297420740127563,0.0892399474978447,-0.45071473717689514,162,71
0.002623319625854492,positive,10.0,10.0,0.7184820771217346,1.717421054840088,0.06594590842723846,-0.9803783893585205,162,73
0.0026531219482421875,positive,10.0,10.0,0.7528305053710938,1.5214802026748657,0.046338338404893875,-0.6677318215370178,162,74
0.0027840137481689453,positive,10.0,10.0,0.8822922706604004,1.5201623439788818,-0.017394522204995155,-0.6377617716789246,162,78
0.0030624866485595703,negative,10.0,-10.0,1.1336884498596191,1.527779221534729,-0.13950549066066742,-0.8127706050872803,162,86
0.003094911575317383,negative,10.0,-10.0,1.1642440557479858,1.7245080471038818,-0.15576091408729553,-1.145878791809082,162,87
0.0031256675720214844,negative,10.0,-10.0,1.198734164237976,1.5317248106002808,-0.1786784827709198,-0.9058133363723755,162,88
0.003156900405883789,negative,10.0,-10.0,1.2293686866760254,1.3394132852554321,-0.19679474830627441,-0.6741911768913269,162,89
0.00027823448181152344,positive,10.0,10.0,-0.01964695379137993,-0.3533785939216614,-0.010926447808742523,0.5271956324577332,163,2
0.00042510032653808594,positive,10.0,10.0,-0.0401042215526104,-0.35348811745643616,0.01935846172273159,0.5295950770378113,163,6
0.0004937648773193359,positive,10.0,10.0,-0.05034685879945755,-0.3541804254055023,0.034811850637197495,0.5450519323348999,163,8
0.0005252361297607422,positive,10.0,10.0,-0.05743046849966049,-0.15956449508666992,0.04571289196610451,0.2635374963283539,163,9
0.0005557537078857422,positive,10.0,10.0,-0.06062175706028938,-0.3553081154823303,0.05098364129662514,0.5702811479568481,163,10
0.0005860328674316406,positive,10.0,10.0,-0.06772791594266891,-0.1609368473291397,0.06238926202058792,0.2940857708454132,163,11
0.0006155967712402344,positive,10.0,10.0,-0.07094665616750717,0.03324270248413086,0.0682709813117981,0.021713679656386375,163,12
0.0006473064422607422,positive,10.0,10.0,-0.07028180360794067,-0.1627885401248932,0.068705253303051,0.33513161540031433,163,13
0.0008232593536376953,positive,10.0,10.0,-0.0555599108338356,0.027165602892637253,0.060112107545137405,0.15598414838314056,163,18
0.0008573532104492188,positive,10.0,10.0,-0.055016595870256424,-0.16876320540905,0.06323178857564926,0.4670088291168213,163,19
0.0009610652923583984,positive,10.0,10.0,-0.05349516123533249,0.4133710265159607,0.07498954236507416,-0.3416387140750885,163,22
0.0009908676147460938,positive,10.0,10.0,-0.045227739959955215,0.21726670861244202,0.06815677136182785,-0.026282666251063347,163,23
0.0010204315185546875,positive,10.0,10.0,-0.040882408618927,0.021236887201666832,0.06763111799955368,0.2871019244194031,163,24
0.0011157989501953125,positive,10.0,10.0,-0.027964428067207336,0.6033259630203247,0.06865964829921722,-0.5207233428955078,163,27
0.0011448860168457031,positive,10.0,10.0,-0.015897909179329872,0.40730810165405273,0.058245182037353516,-0.2072192132472992,163,28
0.0011730194091796875,positive,10.0,10.0,-0.007751746568828821,0.2114037275314331,0.054100796580314636,0.10325343161821365,163,29
0.0012044906616210938,positive,10.0,10.0,-0.0035236719995737076,0.015549874864518642,0.05616586655378342,0.412502259016037,163,30
0.0012362003326416016,positive,10.0,10.0,-0.0032126745209097862,0.20983253419399261,0.06441590934991837,0.1380418986082077,163,31
0.0014393329620361328,positive,10.0,10.0,0.04116940498352051,0.5937018394470215,0.05848386883735657,-0.3075905442237854,163,37
0.001470327377319336,positive,10.0,10.0,0.053043439984321594,0.39779743552207947,0.05233205854892731,0.0029481223318725824,163,38
0.0015001296997070312,positive,10.0,10.0,0.06099938973784447,0.2019655406475067,0.052391018718481064,0.3116724193096161,163,39
0.001529693603515625,positive,10.0,10.0,0.06503870338201523,0.3963034749031067,0.05862446874380112,0.035961415618658066,163,40
0.0015587806701660156,positive,10.0,10.0,0.07296477258205414,0.2003919631242752,0.059343695640563965,0.34654954075813293,163,41
0.0015871524810791016,positive,10.0,10.0,0.0769726112484932,0.3946217894554138,0.06627468764781952,0.07315447181463242,163,42
0.0016493797302246094,positive,10.0,10.0,0.08883735537528992,0.39271363615989685,0.07545755803585052,0.11540913581848145,163,44
0.0017473697662353516,positive,10.0,10.0,0.12403728812932968,0.5845084190368652,0.06632047891616821,-0.10444732010364532,163,47
0.0018105506896972656,positive,10.0,10.0,0.143497496843338,0.1925230175256729,0.06839953362941742,0.5206332206726074,163,49
0.0019390583038330078,positive,10.0,10.0,0.18217812478542328,0.9681961536407471,0.07785314321517944,-0.5468888282775879,163,53
0.001968860626220703,positive,10.0,10.0,0.20154204964637756,0.7720717191696167,0.066915363073349,-0.23072753846645355,163,54
0.0019974708557128906,positive,10.0,10.0,0.21698348224163055,0.5760605335235596,0.06230081245303154,0.08228962868452072,163,55
0.0020599365234375,positive,10.0,10.0,0.2361067682504654,0.5742624402046204,0.0718257948756218,0.12210388481616974,163,57
0.0021543502807617188,positive,10.0,10.0,0.28220313787460327,0.7662133574485779,0.06301740556955338,-0.10115234553813934,163,60
0.0021982192993164062,positive,10.0,10.0,0.29752740263938904,0.5702475309371948,0.060994356870651245,0.2107277810573578,163,61
0.0022306442260742188,positive,10.0,10.0,0.3089323341846466,0.3743089437484741,0.06520891189575195,0.5220103859901428,163,62
0.002260446548461914,positive,10.0,10.0,0.31641852855682373,0.5684553384780884,0.07564911991357803,0.25056755542755127,163,63
0.002326488494873047,positive,10.0,10.0,0.343036025762558,0.9562981724739075,0.08031391352415085,-0.2835109531879425,163,65
0.0023577213287353516,positive,10.0,10.0,0.3621619939804077,1.1501882076263428,0.07464369386434555,-0.5498216152191162,163,66
0.0024886131286621094,positive,10.0,10.0,0.43065470457077026,0.36628901958465576,0.06826825439929962,0.6992896795272827,163,70
0.0025184154510498047,positive,10.0,10.0,0.4379805028438568,0.5604013800621033,0.08225405216217041,0.4288546144962311,163,71
0.0025475025177001953,positive,10.0,10.0,0.4491885304450989,0.7542679905891418,0.09083114564418793,0.16319333016872406,163,72
0.002646207809448242,positive,10.0,10.0,0.5060662031173706,0.945334255695343,0.08488310128450394,-0.04083997756242752,163,75
0.002677440643310547,positive,10.0,10.0,0.5249729156494141,1.1391428709030151,0.08406630158424377,-0.30558058619499207,163,76
0.002740621566772461,positive,10.0,10.0,0.5666143298149109,1.1368522644042969,0.07820241153240204,-0.2547188401222229,163,78
0.0027701854705810547,positive,10.0,10.0,0.5893514156341553,1.3307756185531616,0.07310803234577179,-0.5217466950416565,163,79
0.0028676986694335938,positive,10.0,10.0,0.6652385592460632,1.5231261253356934,0.048949580639600754,-0.7528995871543884,163,82
0.0029311180114746094,positive,10.0,10.0,0.7300518751144409,1.5219839811325073,0.013295870274305344,-0.7266579270362854,163,84
0.0029609203338623047,positive,10.0,10.0,0.7604915499687195,1.7169196605682373,-0.0012372881174087524,-1.0151267051696777,163,85
0.0030236244201660156,positive,10.0,10.0,0.8252662420272827,1.7172273397445679,-0.03599647060036659,-1.0222164392471313,163,87
0.003451824188232422,positive,10.0,10.0,1.1020348072052002,0.7599520683288574,-0.08812958002090454,0.037367790937423706,163,100
0.0034835338592529297,positive,10.0,10.0,1.1172338724136353,0.5661972165107727,-0.08738221973180771,0.3009956181049347,163,101
0.0035130977630615234,positive,10.0,10.0,1.128557801246643,0.7624489068984985,-0.08136231452226639,-0.017916442826390266,163,102
0.0035429000854492188,positive,10.0,10.0,1.1438068151474,0.5685823559761047,-0.08172064274549484,0.2480272799730301,163,103
0.003572225570678711,positive,10.0,10.0,1.155178427696228,0.37471678853034973,-0.07676009088754654,0.5138559937477112,163,104
0.003670215606689453,positive,10.0,10.0,1.1816238164901733,0.5726668834686279,-0.05314292013645172,0.15728145837783813,163,107
0.0037012100219726562,positive,10.0,10.0,1.1930770874023438,0.37834450602531433,-0.04999729245901108,0.43273690342903137,163,108
0.00373077392578125,positive,10.0,10.0,1.2006440162658691,0.5741373896598816,-0.04134255275130272,0.12472148984670639,163,109
0.00376129150390625,positive,10.0,10.0,1.2121267318725586,0.3796313405036926,-0.03884812444448471,0.40407997369766235,163,110
0.0037932395935058594,positive,10.0,10.0,1.219719409942627,0.575282096862793,-0.030766524374485016,0.09940680861473083,163,111
0.0038580894470214844,positive,10.0,10.0,1.2388372421264648,0.5761327743530273,-0.02113386057317257,0.08061040937900543,163,113
0.0039217472076416016,positive,10.0,10.0,1.2657909393310547,0.5767136812210083,-0.02389494515955448,0.06779693812131882,163,115
0.003985404968261719,positive,10.0,10.0,1.2849640846252441,0.5773773789405823,-0.015482083894312382,0.053142063319683075,163,117
0.004047870635986328,positive,10.0,10.0,1.3041613101959229,0.5778049230575562,-0.007601235993206501,0.043705523014068604,163,119
0.0041425228118896484,positive,10.0,10.0,1.3349334001541138,0.3828885853290558,0.0007361614261753857,0.3318517506122589,163,122
0.004180431365966797,positive,10.0,10.0,1.3425911664962769,0.5780000686645508,0.007373196538537741,0.03940107300877571,163,123
0.004273653030395508,positive,10.0,10.0,1.3618066310882568,0.5777779817581177,0.014849241822957993,0.04430299997329712,163,125
0.0043468475341796875,positive,10.0,10.0,1.3810111284255981,0.18710404634475708,0.022567976266145706,0.6392368674278259,163,127
0.004448413848876953,positive,10.0,10.0,1.403921365737915,0.38080236315727234,0.043875955045223236,0.3781779408454895,163,130
0.004549264907836914,positive,10.0,10.0,1.4228283166885376,0.5735980868339539,0.0732930526137352,0.13685056567192078,163,133
0.0046160221099853516,positive,10.0,10.0,1.4418504238128662,0.18139679729938507,0.0850645899772644,0.7673731446266174,163,135
0.004725933074951172,negative,10.0,-10.0,1.4409610033035278,-0.4074867069721222,0.15028314292430878,1.736222505569458,163,138
0.00040459632873535156,positive,10.0,10.0,0.040387850254774094,-0.4155288338661194,0.052731599658727646,0.5858521461486816,164,2
0.0005898475646972656,positive,10.0,10.0,0.027112875133752823,-0.22309651970863342,0.07142442464828491,0.3526652157306671,164,5
0.0007610321044921875,positive,10.0,10.0,0.025366870686411858,0.3587445318698883,0.0764724612236023,-0.44995853304862976,164,8
0.0015041828155517578,positive,10.0,10.0,0.06997495144605637,0.5371647477149963,0.07051273435354233,-0.3738294839859009,164,21
0.0015552043914794922,positive,10.0,10.0,0.08071824908256531,0.34111568331718445,0.06303614377975464,-0.05977311730384827,164,22
0.0016036033630371094,positive,10.0,10.0,0.08754055947065353,0.14514920115470886,0.06184067949652672,0.25211313366889954,164,23
0.001764059066772461,positive,10.0,10.0,0.09229405224323273,0.3372497856616974,0.08401096612215042,0.025712361559271812,164,26
0.001870870590209961,positive,10.0,10.0,0.10966050624847412,0.7248919010162354,0.07973868399858475,-0.5041964650154114,164,28
0.0019321441650390625,positive,10.0,10.0,0.1241583377122879,0.5287420153617859,0.06965475529432297,-0.18748821318149567,164,29
0.002038717269897461,positive,10.0,10.0,0.14138710498809814,0.1366950422525406,0.06843157857656479,0.4390548765659332,164,31
0.0021512508392333984,positive,10.0,10.0,0.1507367044687271,0.5247218012809753,0.0805867612361908,-0.09865599870681763,164,33
0.002253293991088867,positive,10.0,10.0,0.17560318112373352,0.5224558711051941,0.07131633162498474,-0.04846641421318054,164,35
0.002330303192138672,positive,10.0,10.0,0.18605229258537292,0.32638758420944214,0.07034700363874435,0.2658376097679138,164,36
0.002440214157104492,positive,10.0,10.0,0.1951867640018463,0.3243204355239868,0.08726081997156143,0.31193238496780396,164,38
0.0024878978729248047,positive,10.0,10.0,0.20167317986488342,0.5180978775024414,0.09349946677684784,0.04799431189894676,164,39
0.0025916099548339844,positive,10.0,10.0,0.2262704074382782,0.9054168462753296,0.09018362313508987,-0.4752417802810669,164,41
0.002855539321899414,positive,10.0,10.0,0.316580593585968,0.7050942182540894,0.047846004366874695,-0.06575732678174973,164,46
0.0029039382934570312,positive,10.0,10.0,0.3306824862957001,0.509320080280304,0.04653085768222809,0.24162913858890533,164,47
0.0029494762420654297,positive,10.0,10.0,0.34086889028549194,0.3135654330253601,0.05136343836784363,0.5486184358596802,164,48
0.003221273422241211,positive,10.0,10.0,0.38765987753868103,0.8937860131263733,0.08668503165245056,-0.2174030989408493,164,53
0.003320455551147461,positive,10.0,10.0,0.4194863736629486,0.8913900256156921,0.08436328917741776,-0.16429613530635834,164,55
0.0034737586975097656,positive,10.0,10.0,0.4767991304397583,0.6929566264152527,0.07025066763162613,0.20252716541290283,164,58
0.003520488739013672,positive,10.0,10.0,0.4906582534313202,0.8870072364807129,0.07430121302604675,-0.06719409674406052,164,59
0.0035657882690429688,positive,10.0,10.0,0.5083984136581421,1.0809895992279053,0.07295732945203781,-0.33554041385650635,164,60
0.0036118030548095703,positive,10.0,10.0,0.5300182104110718,0.8849092721939087,0.06624651700258255,-0.020771918818354607,164,61
0.003712892532348633,positive,10.0,10.0,0.5614944100379944,0.4929071068763733,0.07167217880487442,0.604752242565155,164,63
0.004464626312255859,positive,10.0,10.0,0.8410785794258118,1.251558542251587,0.0861898735165596,-0.08603118360042572,164,77
0.004514217376708984,positive,10.0,10.0,0.8661097884178162,1.4453459978103638,0.0844692513346672,-0.35032498836517334,164,78
0.004670381546020508,positive,10.0,10.0,0.9488605260848999,1.2469332218170166,0.0708274245262146,0.01636754535138607,164,81
0.004773378372192383,positive,10.0,10.0,0.9948166012763977,0.8548119068145752,0.07776536792516708,0.6447757482528687,164,83
0.0048220157623291016,positive,10.0,10.0,1.0119128227233887,1.0487688779830933,0.09066088497638702,0.37755945324897766,164,84
0.005082368850708008,negative,10.0,-10.0,1.108720302581787,0.846558153629303,0.14611677825450897,0.8331348896026611,164,89
0.005182743072509766,negative,10.0,-10.0,1.1386469602584839,0.8424480557441711,0.18613889813423157,0.930426836013794,164,91
0.0005202293395996094,positive,10.0,10.0,0.014936395920813084,-0.1664157509803772,0.044773027300834656,0.31665199995040894,165,1
0.0006396770477294922,positive,10.0,10.0,0.011608080938458443,0.028040815144777298,0.05110606551170349,0.03841831162571907,165,2
0.001056671142578125,positive,10.0,10.0,0.008813390508294106,0.0265718474984169,0.05880998820066452,0.0708933025598526,165,4
0.0011677742004394531,positive,10.0,10.0,0.009344827383756638,-0.1693417727947235,0.06022785231471062,0.3815358579158783,165,5
0.0013680458068847656,positive,10.0,10.0,0.006455503404140472,-0.1711498647928238,0.07002725452184677,0.4217308759689331,165,7
0.0014600753784179688,positive,10.0,10.0,0.003032505977898836,0.022913699969649315,0.07846187800168991,0.1519201695919037,165,8
0.0015480518341064453,positive,10.0,10.0,0.0034907800145447254,0.2168295979499817,0.08150027692317963,-0.11501465737819672,165,9
0.001634359359741211,positive,10.0,10.0,0.007827372290194035,0.4106949269771576,0.07919998466968536,-0.3809128403663635,165,10
0.0018193721771240234,positive,10.0,10.0,0.020332127809524536,0.40856945514678955,0.07029479742050171,-0.3336140811443329,165,12
0.0019304752349853516,positive,10.0,10.0,0.02850351855158806,0.21252107620239258,0.06362251192331314,-0.019618138670921326,165,13
0.002113819122314453,positive,10.0,10.0,0.03308488056063652,0.2107132375240326,0.0690789595246315,0.02035057544708252,165,15
0.002295970916748047,positive,10.0,10.0,0.03759258985519409,0.20873983204364777,0.0761660486459732,0.06401731818914413,165,17
0.0024797916412353516,positive,10.0,10.0,0.049821220338344574,0.5966256856918335,0.07337247580289841,-0.47097837924957275,165,19
0.002564668655395508,positive,10.0,10.0,0.061753734946250916,0.7906387448310852,0.06395290791988373,-0.739662766456604,165,20
0.0026483535766601562,positive,10.0,10.0,0.07756651192903519,0.5946947932243347,0.04915965348482132,-0.4275583326816559,165,21
0.00292205810546875,positive,10.0,10.0,0.10150330513715744,0.007585487328469753,0.04192105680704117,0.4899091124534607,165,24
0.0034389495849609375,positive,10.0,10.0,0.10992464423179626,0.1986120194196701,0.08236474543809891,0.2881385385990143,165,29
0.003531932830810547,positive,10.0,10.0,0.11389688402414322,0.39246872067451477,0.0881275162100792,0.022527115419507027,165,30
0.003715991973876953,positive,10.0,10.0,0.13347072899341583,0.7799758911132812,0.08375603705644608,-0.5045824646949768,165,32
0.0038034915924072266,positive,10.0,10.0,0.14907024800777435,0.5837795734405518,0.07366438210010529,-0.1867242157459259,165,33
0.003984212875366211,positive,10.0,10.0,0.17630133032798767,0.5817371010780334,0.06082410737872124,-0.14140962064266205,165,35
0.0041658878326416016,positive,10.0,10.0,0.1956520527601242,0.18989711999893188,0.061392415314912796,0.4802253246307373,165,37
0.004250526428222656,positive,10.0,10.0,0.19945000112056732,0.38410115242004395,0.07099692523479462,0.20750612020492554,165,38
0.0043332576751708984,positive,10.0,10.0,0.207132026553154,0.18803957104682922,0.07514704763889313,0.521713137626648,165,39
0.0045125484466552734,positive,10.0,10.0,0.21853336691856384,0.5758301019668579,0.09065379947423935,-0.010884884744882584,165,41
0.004691600799560547,positive,10.0,10.0,0.24544082581996918,0.9632659554481506,0.08496319502592087,-0.536490261554718,165,43
0.004778861999511719,positive,10.0,10.0,0.26470616459846497,0.7670585513114929,0.07423339039087296,-0.21829168498516083,165,44
0.0049686431884765625,positive,10.0,10.0,0.2992682158946991,0.7650105357170105,0.060134243220090866,-0.1728067249059677,165,46
0.0051898956298828125,positive,10.0,10.0,0.3259500563144684,0.37319573760032654,0.059442587196826935,0.4482356309890747,165,48
0.005377531051635742,positive,10.0,10.0,0.34476256370544434,0.37139779329299927,0.07190463691949844,0.48832130432128906,165,50
0.005655765533447266,positive,10.0,10.0,0.37868523597717285,0.9530901312828064,0.08511972427368164,-0.31104522943496704,165,53
0.00574183464050293,positive,10.0,10.0,0.3977470397949219,0.7568651437759399,0.07889881730079651,0.007221629843115807,165,54
0.005827426910400391,positive,10.0,10.0,0.41288435459136963,0.9507721066474915,0.07904324680566788,-0.25956180691719055,165,55
0.005913257598876953,positive,10.0,10.0,0.4318997859954834,1.1446819305419922,0.07385201752185822,-0.5263038277626038,165,56
0.006093502044677734,positive,10.0,10.0,0.47376549243927,0.7526351809501648,0.05910005792975426,0.10067350417375565,165,58
0.0073435306549072266,positive,10.0,10.0,0.7223193049430847,1.7134398221969604,0.04212997853755951,-1.037840723991394,165,71
0.007436275482177734,positive,10.0,10.0,0.7565881013870239,1.5177839994430542,0.021373165771365166,-0.7322348952293396,165,72
0.007523775100708008,positive,10.0,10.0,0.786943793296814,1.7126041650772095,0.006728467531502247,-1.0181151628494263,165,73
0.007711172103881836,positive,10.0,10.0,0.8515437245368958,1.7127010822296143,-0.028100380674004555,-1.0202699899673462,165,75
0.00798940658569336,positive,10.0,10.0,0.9504314661026001,1.519493818283081,-0.0841183289885521,-0.7719061374664307,165,78
0.008917808532714844,positive,10.0,10.0,1.1347534656524658,0.7542909979820251,-0.08738582581281662,0.06425031274557114,165,88
0.009005308151245117,positive,10.0,10.0,1.1498392820358276,0.560523509979248,-0.08610082417726517,0.3281336724758148,165,89
0.009227514266967773,positive,10.0,10.0,1.176184892654419,0.5628624558448792,-0.07934637367725372,0.27615422010421753,165,91
0.009328365325927734,positive,10.0,10.0,1.1874421834945679,0.36895695328712463,-0.07382329553365707,0.5427940487861633,165,92
0.009418964385986328,positive,10.0,10.0,1.1948213577270508,0.1749459058046341,-0.06296741217374802,0.8113335967063904,165,93
0.009508848190307617,positive,10.0,10.0,1.1983202695846558,0.37087133526802063,-0.04674074053764343,0.4995276927947998,165,94
0.009787559509277344,positive,10.0,10.0,1.224510908126831,0.5676133036613464,-0.023433301597833633,0.17048723995685577,165,97
0.00987386703491211,positive,10.0,10.0,1.235863208770752,0.3728344440460205,-0.020023558288812637,0.4556865394115448,165,98
0.009956598281860352,positive,10.0,10.0,1.2433198690414429,0.5682337284088135,-0.01090982649475336,0.15675987303256989,165,99
0.010042667388916016,positive,10.0,10.0,1.254684567451477,0.373269647359848,-0.0077746291644871235,0.44598114490509033,165,100
0.010124683380126953,positive,10.0,10.0,1.2621499300003052,0.5685006976127625,0.001144993701018393,0.15085767209529877,165,101
0.010410547256469727,positive,10.0,10.0,1.2923556566238403,0.3731189966201782,0.01609085127711296,0.44930168986320496,165,104
0.010593652725219727,positive,10.0,10.0,1.311178207397461,0.37253788113594055,0.028311563655734062,0.4622213542461395,165,106
0.010955095291137695,positive,10.0,10.0,1.3487287759780884,0.37031781673431396,0.05485444515943527,0.5117037296295166,165,110
0.011056184768676758,positive,10.0,10.0,1.3561351299285889,0.5646259188652039,0.06508851796388626,0.23679907619953156,165,111
0.011154890060424805,positive,10.0,10.0,1.3674275875091553,0.368637353181839,0.06982450187206268,0.549281895160675,165,112
0.000194549560546875,positive,10.0,10.0,0.03904798626899719,-0.04353996366262436,0.012633874081075191,0.04496108740568161,166,0
0.0005881786346435547,positive,10.0,10.0,0.022044841200113297,-0.04534345120191574,0.03716152533888817,0.08479757606983185,166,6
0.0007081031799316406,positive,10.0,10.0,0.016318416222929955,-0.04642835259437561,0.04663686826825142,0.10878680646419525,166,8
0.0008132457733154297,positive,10.0,10.0,0.010546118021011353,-0.04778911918401718,0.057128824293613434,0.13890749216079712,166,10
0.0008618831634521484,positive,10.0,10.0,0.009590336121618748,-0.24368079006671906,0.0599069744348526,0.4490523636341095,166,11
0.0010428428649902344,positive,10.0,10.0,-0.0011822192464023829,-0.05146205797791481,0.08219345659017563,0.22041960060596466,166,14
0.0010957717895507812,positive,10.0,10.0,-0.002211460378021002,0.14239469170570374,0.0866018533706665,-0.0452461764216423,166,15
0.0011477470397949219,positive,10.0,10.0,0.0006364334840327501,0.33617493510246277,0.08569692820310593,-0.3093981146812439,166,16
0.0011966228485107422,positive,10.0,10.0,0.007359932642430067,0.1399431675672531,0.07950896769762039,0.009033450856804848,166,17
0.0012454986572265625,positive,10.0,10.0,0.010158795863389969,0.33384016156196594,0.0796896368265152,-0.2575421631336212,166,18
0.0013484954833984375,positive,10.0,10.0,0.027390385046601295,0.33165183663368225,0.06405751407146454,-0.20885533094406128,166,20
0.0013976097106933594,positive,10.0,10.0,0.03402342274785042,0.13567520678043365,0.05988040566444397,0.10332673043012619,166,21
0.0014996528625488281,positive,10.0,10.0,0.035531897097826004,0.13394023478031158,0.07023262977600098,0.14175625145435333,166,23
0.001546621322631836,positive,10.0,10.0,0.03821070119738579,-0.06211363151669502,0.07306775450706482,0.4557434618473053,166,24
0.0016465187072753906,positive,10.0,10.0,0.0396064929664135,0.3257591128349304,0.0859217718243599,-0.0787103995680809,166,26
0.001745462417602539,positive,10.0,10.0,0.05651269480586052,0.323336660861969,0.07748564332723618,-0.02505199983716011,166,28
0.0018963813781738281,positive,10.0,10.0,0.07974749803543091,0.1250702291727066,0.07161065191030502,0.33787140250205994,166,31
0.0021028518676757812,positive,10.0,10.0,0.11302970349788666,0.5108099579811096,0.06647560745477676,-0.1492924988269806,166,35
0.0023598670959472656,positive,10.0,10.0,0.1483156532049179,0.7007865309715271,0.07910845428705215,-0.32926392555236816,166,40
0.002411365509033203,positive,10.0,10.0,0.16233138740062714,0.5046327710151672,0.07252317667007446,-0.012719829566776752,166,41
0.0025756359100341797,positive,10.0,10.0,0.20425020158290863,0.6966729760169983,0.0556211993098259,-0.23779992759227753,166,44
0.0026776790618896484,positive,10.0,10.0,0.22819970548152924,0.30498945713043213,0.052303116768598557,0.38018321990966797,166,46
0.002779245376586914,positive,10.0,10.0,0.24428611993789673,0.30340415239334106,0.06199556961655617,0.4154047966003418,166,48
0.002824068069458008,positive,10.0,10.0,0.25035420060157776,0.4975951611995697,0.07030366361141205,0.14289289712905884,166,49
0.0028676986694335938,positive,10.0,10.0,0.26030611991882324,0.30154046416282654,0.0731615200638771,0.4569007456302643,166,50
0.0036444664001464844,positive,10.0,10.0,0.47657373547554016,1.2555320262908936,0.08231706917285919,-0.5328639149665833,166,65
0.003949165344238281,positive,10.0,10.0,0.6074320077896118,0.8598954081535339,0.05427584424614906,0.17377465963363647,166,71
0.003998994827270508,positive,10.0,10.0,0.6246299147605896,0.6640403866767883,0.057751335203647614,0.4830738604068756,166,72
0.0040493011474609375,positive,10.0,10.0,0.6379107236862183,0.4681529402732849,0.06741281598806381,0.7933846712112427,166,73
0.004307746887207031,negative,10.0,-10.0,0.6922895312309265,1.0458489656448364,0.14052674174308777,0.0838346779346466,166,78
0.004408359527587891,negative,10.0,-10.0,0.7379806637763977,1.4315361976623535,0.13897503912448883,-0.40607887506484985,166,80
0.004955768585205078,positive,10.0,10.0,1.062704086303711,1.6091697216033936,0.07494891434907913,-0.30978137254714966,166,91
0.005023479461669922,positive,10.0,10.0,1.0948874950408936,1.8031482696533203,0.06875328719615936,-0.5779179334640503,166,92
0.005128383636474609,positive,10.0,10.0,1.163093090057373,1.8013943433761597,0.051907069981098175,-0.5385016202926636,166,94
0.00538325309753418,positive,10.0,10.0,1.3353081941604614,1.6037830114364624,0.01245096605271101,-0.190030038356781,166,99
0.005584001541137695,positive,10.0,10.0,1.4635921716690063,1.6032264232635498,-0.002339261816814542,-0.17773257195949554,166,103
0.0056841373443603516,positive,10.0,10.0,1.5316243171691895,1.6033434867858887,-0.015316964127123356,-0.18033312261104584,166,105
0.005730867385864258,positive,10.0,10.0,1.563691258430481,1.7986812591552734,-0.018923627212643623,-0.4778083860874176,166,106
0.0057756900787353516,positive,10.0,10.0,1.5996648073196411,1.6038315296173096,-0.028479794040322304,-0.19114932417869568,166,107
0.005873203277587891,positive,10.0,10.0,1.6677284240722656,1.604697346687317,-0.04215635359287262,-0.21034865081310272,166,109
0.005918979644775391,positive,10.0,10.0,1.6998224258422852,1.8003958463668823,-0.04636332765221596,-0.5160260200500488,166,110
0.00601506233215332,positive,10.0,10.0,1.7679494619369507,1.4116880893707275,-0.06144997105002403,0.035972125828266144,166,112
0.00616145133972168,positive,10.0,10.0,1.8409990072250366,0.8289755582809448,-0.042925890535116196,0.8565897941589355,166,115
0.006208181381225586,positive,10.0,10.0,1.8575785160064697,0.6344639658927917,-0.025794094428420067,1.135472059249878,166,116
0.006455183029174805,negative,10.0,-10.0,1.8820080757141113,0.047597337514162064,0.14624306559562683,2.062246084213257,166,121
0.0003204345703125,positive,10.0,10.0,-0.04005074128508568,0.0333612859249115,0.01997838355600834,-0.04344724491238594,167,0
0.00044083595275878906,positive,10.0,10.0,-0.0426243394613266,-0.3574308753013611,0.02421886846423149,0.5541200637817383,167,2
0.0006842613220214844,positive,10.0,10.0,-0.0655810609459877,-0.16704347729682922,0.06598813831806183,0.36649656295776367,167,9
0.0007183551788330078,positive,10.0,10.0,-0.06892193108797073,0.02708173543214798,0.07331806421279907,0.09532894194126129,167,10
0.0007498264312744141,positive,10.0,10.0,-0.06838029623031616,0.22108043730258942,0.07522464543581009,-0.17335113883018494,167,11
0.0007801055908203125,positive,10.0,10.0,-0.06395868957042694,0.41504967212677,0.07175762206315994,-0.4413869380950928,167,12
0.0008461475372314453,positive,10.0,10.0,-0.05127790570259094,0.02302512712776661,0.06039038673043251,0.18487900495529175,167,14
0.0009112358093261719,positive,10.0,10.0,-0.05427553504705429,0.02125587686896324,0.07400766015052795,0.22416797280311584,167,16
0.001074075698852539,positive,10.0,10.0,-0.03676274046301842,0.2109890580177307,0.07786402106285095,0.04991850256919861,167,21
0.0011043548583984375,positive,10.0,10.0,-0.03254295885562897,0.40491318702697754,0.07886239141225815,-0.21721741557121277,167,22
0.0011339187622070312,positive,10.0,10.0,-0.024444695562124252,0.5988243818283081,0.07451804727315903,-0.4840186834335327,167,23
0.001262664794921875,positive,10.0,10.0,-6.256053893594071e-05,0.2049572765827179,0.07343389093875885,0.1832917034626007,167,27
0.0013613700866699219,positive,10.0,10.0,0.02387355826795101,0.3967842757701874,0.06833773106336594,-0.03727646917104721,167,30
0.0013904571533203125,positive,10.0,10.0,0.0318092443048954,0.20075228810310364,0.06759220361709595,0.2761608362197876,167,31
0.001485586166381836,positive,10.0,10.0,0.039894185960292816,0.3925771415233612,0.0913146510720253,0.055842168629169464,167,34
0.001550436019897461,positive,10.0,10.0,0.059471312910318375,0.7799661755561829,0.08829767256975174,-0.46884527802467346,167,36
0.0016796588897705078,positive,10.0,10.0,0.12173069268465042,0.775924563407898,0.05387645214796066,-0.37828847765922546,167,40
0.0017426013946533203,positive,10.0,10.0,0.14885079860687256,0.3843262791633606,0.04492834955453873,0.2378103882074356,167,42
0.0018718242645263672,positive,10.0,10.0,0.16390644013881683,0.3810081481933594,0.08919955044984818,0.31193792819976807,167,46
0.001982450485229492,positive,10.0,10.0,0.19838939607143402,0.962007462978363,0.09216268360614777,-0.47322776913642883,167,49
0.0020165443420410156,positive,10.0,10.0,0.2176295518875122,0.7657129764556885,0.08269812166690826,-0.15297819674015045,167,50
0.002084016799926758,positive,10.0,10.0,0.2521350085735321,0.7634046077728271,0.071269191801548,-0.10177992284297943,167,52
0.0021147727966308594,positive,10.0,10.0,0.26740309596061707,0.5673374533653259,0.06923358887434006,0.21250958740711212,167,53
0.002179384231567383,positive,10.0,10.0,0.28617578744888306,0.5653126239776611,0.08400785177946091,0.2575509250164032,167,55
0.0023474693298339844,positive,10.0,10.0,0.38146451115608215,1.1444358825683594,0.05692492052912712,-0.484623521566391,167,60
0.002378702163696289,positive,10.0,10.0,0.40435323119163513,0.9485586881637573,0.04723244905471802,-0.17455683648586273,167,61
0.0024781227111816406,positive,10.0,10.0,0.4495217204093933,0.36132654547691345,0.055170197039842606,0.745739221572876,167,64
0.0025081634521484375,positive,10.0,10.0,0.45674827694892883,0.5556455850601196,0.07008498162031174,0.4709159731864929,167,65
0.002537250518798828,positive,10.0,10.0,0.4678611755371094,0.3596072793006897,0.07950329780578613,0.7848396301269531,167,66
0.002871274948120117,positive,10.0,10.0,0.6672359704971313,1.12603759765625,0.07207582145929337,-0.07811083644628525,167,76
0.0029027462005615234,positive,10.0,10.0,0.6897566914558411,1.3200562000274658,0.07051360607147217,-0.3472112715244293,167,77
0.0032303333282470703,positive,10.0,10.0,1.0118082761764526,1.7087006568908691,-0.07573167234659195,-0.8983739614486694,167,87
0.003328084945678711,negative,10.0,-10.0,1.1182968616485596,1.5176126956939697,-0.13701564073562622,-0.6985461711883545,167,90
0.003392934799194336,negative,10.0,-10.0,1.17514169216156,1.1319293975830078,-0.16002538800239563,-0.21040083467960358,167,92
0.003457307815551758,negative,10.0,-10.0,1.2165685892105103,1.1364638805389404,-0.1636766940355301,-0.31182965636253357,167,94
0.003486156463623047,negative,10.0,-10.0,1.239297866821289,0.9440060257911682,-0.16991329193115234,-0.07490761578083038,167,95
0.0035495758056640625,negative,10.0,-10.0,1.2732114791870117,0.5593693852424622,-0.16821706295013428,0.3938024938106537,167,97
0.0036118030548095703,negative,10.0,-10.0,1.2995274066925049,0.5639259815216064,-0.1592777669429779,0.2912745177745819,167,99
0.0036787986755371094,negative,10.0,-10.0,1.3260242938995361,0.568291425704956,-0.15439434349536896,0.19350336492061615,167,101
0.0037593841552734375,negative,10.0,-10.0,1.3449037075042725,0.5725730657577515,-0.14184872806072235,0.09768462926149368,167,103
0.003962516784667969,positive,10.0,10.0,1.3635120391845703,0.19304047524929047,-0.06751179695129395,0.4470469057559967,167,109
0.004061698913574219,positive,10.0,10.0,1.3790501356124878,0.3906811773777008,-0.04774315655231476,0.09774734079837799,167,112
0.004127025604248047,positive,10.0,10.0,1.390789270401001,0.3920162618160248,-0.03828834369778633,0.0682319775223732,167,114
0.004224538803100586,positive,10.0,10.0,1.4104406833648682,0.198410764336586,-0.029061853885650635,0.3275837302207947,167,117
0.004551887512207031,positive,10.0,10.0,1.469908356666565,0.2010955810546875,0.0011326514650136232,0.2681850790977478,167,127
0.004582643508911133,positive,10.0,10.0,1.4739302396774292,0.005957488436251879,0.0064963530749082565,0.5612250566482544,167,128
0.00464630126953125,positive,10.0,10.0,1.4780691862106323,0.005617382470518351,0.023132771253585815,0.5688149333000183,167,130
0.004809141159057617,positive,10.0,10.0,1.494146704673767,0.1977883130311966,0.05868382006883621,0.3416651785373688,167,135
0.004839420318603516,positive,10.0,10.0,1.4981024265289307,0.3920283615589142,0.0655171200633049,0.06804978102445602,167,136
0.00490260124206543,positive,10.0,10.0,1.5098636150360107,2.653825140441768e-05,0.07449137419462204,0.6936602592468262,167,138
0.005034446716308594,negative,10.0,-10.0,1.486327886581421,-0.7849565148353577,0.16814908385276794,1.9840261936187744,167,142
0.005065441131591797,negative,10.0,-10.0,1.4706287384033203,-0.9813994765281677,0.20782960951328278,2.323737859725952,167,143
0.00048232078552246094,positive,10.0,10.0,0.0449138879776001,-0.1717606484889984,0.0434134379029274,0.3402097523212433,168,1
0.000522613525390625,positive,10.0,10.0,0.04147867485880852,0.02271757274866104,0.050217632204294205,0.061526838690042496,168,2
0.0005991458892822266,positive,10.0,10.0,0.0384712852537632,0.02126757986843586,0.05884059891104698,0.09359418600797653,168,4
0.0006308555603027344,positive,10.0,10.0,0.03889663517475128,-0.17464621365070343,0.060712479054927826,0.40424543619155884,168,5
0.0008058547973632812,positive,10.0,10.0,0.0368461050093174,0.4052831828594208,0.0820162445306778,-0.35587048530578613,168,10
0.0008373260498046875,positive,10.0,10.0,0.04495177045464516,0.20909671485424042,0.07489883154630661,-0.038494281470775604,168,11
0.0009367465972900391,positive,10.0,10.0,0.061334557831287384,0.010945585556328297,0.06816563755273819,0.3218099772930145,168,14
0.0010018348693847656,positive,10.0,10.0,0.06565415114164352,0.3990113139152527,0.07562941312789917,-0.2168654352426529,168,16
0.0010993480682373047,positive,10.0,10.0,0.09343234449625015,0.20097637176513672,0.05818692967295647,0.1409682333469391,168,19
0.0011286735534667969,positive,10.0,10.0,0.09745187312364578,0.005071429535746574,0.061006296426057816,0.4514256417751312,168,20
0.0011920928955078125,positive,10.0,10.0,0.10153890401124954,0.0032292811665683985,0.07360640168190002,0.49250802397727966,168,22
0.0012218952178955078,positive,10.0,10.0,0.10160348564386368,0.19724005460739136,0.08345656096935272,0.22390060126781464,168,23
0.0013179779052734375,positive,10.0,10.0,0.12506650388240814,0.38858598470687866,0.08100732415914536,0.013805045746266842,168,26
0.001348257064819336,positive,10.0,10.0,0.13283821940422058,0.5824583768844604,0.08128342032432556,-0.2522597908973694,168,27
0.00141143798828125,positive,10.0,10.0,0.16001401841640472,0.5802233815193176,0.06587346643209457,-0.20253820717334747,168,29
0.0014407634735107422,positive,10.0,10.0,0.1716184765100479,0.38422420620918274,0.06182270497083664,0.11017569154500961,168,30
0.0015716552734375,positive,10.0,10.0,0.20224599540233612,0.7704103589057922,0.07307581603527069,-0.38705337047576904,168,34
0.0016026496887207031,positive,10.0,10.0,0.21765421330928802,0.5743312835693359,0.065334752202034,-0.07225450873374939,168,35
0.0016663074493408203,positive,10.0,10.0,0.23670756816864014,0.18236277997493744,0.06869576126337051,0.5524367690086365,168,37
0.001695871353149414,positive,10.0,10.0,0.24035482108592987,0.3764561414718628,0.07974449545145035,0.2821640968322754,168,38
0.0017352104187011719,positive,10.0,10.0,0.24788394570350647,0.5703554153442383,0.08538778126239777,0.015659471973776817,168,39
0.001941680908203125,positive,10.0,10.0,0.3276785910129547,0.5638133883476257,0.07749222964048386,0.16037262976169586,168,45
0.0019729137420654297,positive,10.0,10.0,0.3389548659324646,0.7577453255653381,0.08069968223571777,-0.10689236968755722,168,46
0.002037525177001953,positive,10.0,10.0,0.3731422424316406,0.7554786801338196,0.07110056281089783,-0.056680068373680115,168,48
0.002277374267578125,positive,10.0,10.0,0.4745440185070038,0.9422416687011719,0.07924570143222809,-0.16539116203784943,168,55
0.0023512840270996094,positive,10.0,10.0,0.5161117911338806,0.9400346279144287,0.06729669123888016,-0.11643745750188828,168,57
0.002972126007080078,positive,10.0,10.0,0.895740270614624,1.4962416887283325,0.09025460481643677,-0.35266968607902527,168,76
0.0030357837677001953,positive,10.0,10.0,0.9516643285751343,1.4937963485717773,0.08254227787256241,-0.29826244711875916,168,78
0.003098726272583008,positive,10.0,10.0,1.0074923038482666,1.1014689207077026,0.07696240395307541,0.33509618043899536,168,80
0.0031278133392333984,positive,10.0,10.0,1.0295217037200928,1.295415997505188,0.08366432785987854,0.06764133274555206,168,81
0.0031909942626953125,positive,10.0,10.0,1.0852148532867432,1.2930164337158203,0.08106682449579239,0.12072815001010895,168,83
0.0033195018768310547,positive,10.0,10.0,1.2119196653366089,1.6785662174224854,0.05882876366376877,-0.3622124195098877,168,87
0.0034148693084716797,positive,10.0,10.0,1.3086843490600586,1.4812015295028687,0.044002071022987366,-0.019360143691301346,168,90
0.0034775733947753906,positive,10.0,10.0,1.371821641921997,1.4799500703811646,0.03765803575515747,0.008271357975900173,168,92
0.0035066604614257812,positive,10.0,10.0,1.4014207124710083,1.674512267112732,0.03782346472144127,-0.2722962200641632,168,93
0.0035352706909179688,positive,10.0,10.0,1.4349108934402466,1.8690747022628784,0.032377541065216064,-0.5528136491775513,168,94
0.0035979747772216797,positive,10.0,10.0,1.5057626962661743,1.8683243989944458,0.01631910540163517,-0.535990297794342,168,96
0.0036268234252929688,positive,10.0,10.0,1.5431292057037354,1.6729768514633179,0.005599299445748329,-0.23821035027503967,168,97
0.003688812255859375,positive,10.0,10.0,1.6139490604400635,1.6728847026824951,-0.009747344069182873,-0.23617589473724365,168,99
0.003767251968383789,positive,10.0,10.0,1.684769630432129,1.6732290983200073,-0.02510921098291874,-0.243829146027565,168,101
0.0038003921508789062,positive,10.0,10.0,1.7182343006134033,1.8687005043029785,-0.02998579479753971,-0.5443251729011536,168,102
0.003934144973754883,positive,10.0,10.0,1.8677951097488403,1.4813523292541504,-0.07498972117900848,-0.022716592997312546,168,106
0.003966569900512695,positive,10.0,10.0,1.897422194480896,1.2873814105987549,-0.0754440501332283,0.2453957200050354,168,107
0.004001140594482422,negative,10.0,-10.0,1.9231698513031006,1.0934134721755981,-0.07053613662719727,0.5133603811264038,168,108
0.004032611846923828,negative,10.0,-10.0,1.945038080215454,0.8993521928787231,-0.06026892736554146,0.7830080389976501,168,109
0.00406336784362793,negative,10.0,-10.0,1.9630250930786133,0.7051080465316772,-0.044608768075704575,1.056136965751648,168,110
0.004092693328857422,negative,10.0,-10.0,1.9771273136138916,0.5106047987937927,-0.023486027494072914,1.3344910144805908,168,111
0.0041217803955078125,negative,10.0,-10.0,1.9873393774032593,0.31578657031059265,0.0032037924975156784,1.619733452796936,168,112
0.0041501522064208984,negative,10.0,-10.0,1.9936550855636597,0.510870635509491,0.03559846058487892,1.3280507326126099,168,113
0.004215240478515625,negative,10.0,-10.0,2.010178804397583,0.5096572041511536,0.09479262679815292,1.3589749336242676,168,115
0.004245281219482422,negative,10.0,-10.0,2.020371913909912,0.703471302986145,0.12197212874889374,1.0973862409591675,168,116
0.00434112548828125,negative,10.0,-10.0,2.066378116607666,0.5032311677932739,0.18441805243492126,1.518056869506836,168,119
0.0002567768096923828,positive,10.0,10.0,-0.041103217750787735,-0.013155421242117882,-0.0407189279794693,0.035795629024505615,169,0
0.0003612041473388672,positive,10.0,10.0,-0.0413663275539875,-0.20767050981521606,-0.04000301659107208,0.31535837054252625,169,1
0.0004360675811767578,positive,10.0,10.0,-0.04551973566412926,-0.012002252042293549,-0.033695850521326065,0.01033302303403616,169,2
0.0005037784576416016,positive,10.0,10.0,-0.04575978219509125,-0.20662516355514526,-0.03348919004201889,0.29219695925712585,169,3
0.0005662441253662109,positive,10.0,10.0,-0.04989228397607803,-0.01104211900383234,-0.027645250782370567,-0.010857082903385162,169,4
0.0006277561187744141,positive,10.0,10.0,-0.05011312663555145,-0.20575691759586334,-0.027862392365932465,0.2729768455028534,169,5
0.0007231235504150391,positive,10.0,10.0,-0.05422826483845711,-0.40047046542167664,-0.02240285463631153,0.556743323802948,169,6
0.00079345703125,positive,10.0,10.0,-0.06223767623305321,-0.20504127442836761,-0.011267988942563534,0.25708720088005066,169,7
0.0008566379547119141,positive,10.0,10.0,-0.06633850187063217,-0.40000054240226746,-0.006126245018094778,0.546194851398468,169,8
0.0011982917785644531,positive,10.0,10.0,-0.09073767066001892,-0.20566420257091522,0.025272078812122345,0.2708738446235657,169,13
0.0014290809631347656,positive,10.0,10.0,-0.11139687150716782,-0.013331732712686062,0.054415263235569,0.03971113637089729,169,18
0.0015153884887695312,positive,10.0,10.0,-0.11584730446338654,-0.014895018190145493,0.06219056621193886,0.0742788165807724,169,20
0.0015537738800048828,positive,10.0,10.0,-0.11614520847797394,-0.21085084974765778,0.0636761412024498,0.3859165906906128,169,21
0.0016922950744628906,positive,10.0,10.0,-0.12495110929012299,-0.018750960007309914,0.08223980665206909,0.15971799194812775,169,24
0.0019807815551757812,positive,10.0,10.0,-0.10075721889734268,0.1686069667339325,0.07450105249881744,0.037874892354011536,169,31
0.002019166946411133,positive,10.0,10.0,-0.09738507866859436,0.3625858724117279,0.07525854557752609,-0.23040330410003662,169,32
0.002056121826171875,positive,10.0,10.0,-0.09013336151838303,0.556556224822998,0.07065048068761826,-0.49843013286590576,169,33
0.002093791961669922,positive,10.0,10.0,-0.07900223881006241,0.36051303148269653,0.06068187952041626,-0.18434494733810425,169,34
0.002130270004272461,positive,10.0,10.0,-0.07179197669029236,0.1645776778459549,0.056994978338479996,0.12684664130210876,169,35
0.002258777618408203,positive,10.0,10.0,-0.0658683031797409,-0.03311100974678993,0.07154323160648346,0.4770292639732361,169,38
0.002340078353881836,positive,10.0,10.0,-0.06331188976764679,0.35480624437332153,0.08523833006620407,-0.058318302035331726,169,40
0.002421140670776367,positive,10.0,10.0,-0.045243579894304276,0.7424396276473999,0.0776132121682167,-0.5879682302474976,169,42
0.0024580955505371094,positive,10.0,10.0,-0.030394788831472397,0.546321451663971,0.06585384905338287,-0.27188122272491455,169,43
0.002494335174560547,positive,10.0,10.0,-0.019468359649181366,0.3503246605396271,0.06041622534394264,0.040823791176080704,169,44
0.0026543140411376953,positive,10.0,10.0,0.0006489653023891151,-0.04348012059926987,0.07770692557096481,0.7064581513404846,169,48
0.0029380321502685547,positive,10.0,10.0,0.060317378491163254,0.9220803380012512,0.08977872878313065,-0.5395875573158264,169,55
0.0030171871185302734,positive,10.0,10.0,0.09327536076307297,0.9197279214859009,0.07458655536174774,-0.4867801368236542,169,57
0.0030546188354492188,positive,10.0,10.0,0.11166992038488388,0.7236371636390686,0.06485094875097275,-0.17155364155769348,169,58
0.0031735897064208984,positive,10.0,10.0,0.14332973957061768,0.525861918926239,0.07328256219625473,0.1805092841386795,169,61
0.003250598907470703,positive,10.0,10.0,0.16824424266815186,0.9138032793998718,0.07512904703617096,-0.3556521236896515,169,63
0.0032868385314941406,positive,10.0,10.0,0.1865203082561493,0.7176980376243591,0.06801600009202957,-0.040256842970848083,169,64
0.0034034252166748047,positive,10.0,10.0,0.21782080829143524,0.5196895003318787,0.0843963548541069,0.31725379824638367,169,67
0.003439664840698242,positive,10.0,10.0,0.2282145917415619,0.7135143280029297,0.09074143320322037,0.052334465086460114,169,68
0.0034744739532470703,positive,10.0,10.0,0.24248488247394562,0.9072259068489075,0.09178812056779861,-0.21039606630802155,169,69
0.003509044647216797,positive,10.0,10.0,0.2606293857097626,1.100923776626587,0.08758019655942917,-0.47277191281318665,169,70
0.0035448074340820312,positive,10.0,10.0,0.28264787793159485,0.9046810865402222,0.0781247615814209,-0.15382049977779388,169,71
0.003579378128051758,positive,10.0,10.0,0.3007414937019348,1.098602533340454,0.07504834979772568,-0.4208700954914093,169,72
0.0036306381225585938,positive,10.0,10.0,0.32271355390548706,0.9025019407272339,0.06663095206022263,-0.10550368577241898,169,73
0.0036695003509521484,positive,10.0,10.0,0.34076356887817383,0.7064915299415588,0.06452087312936783,0.2074345052242279,169,74
0.0037508010864257812,positive,10.0,10.0,0.3651036024093628,0.3144910931587219,0.07906461507081985,0.8332595229148865,169,76
0.0039179325103759766,negative,10.0,-10.0,0.390119343996048,0.3090338110923767,0.149053156375885,0.96091228723526,169,80
0.0039560794830322266,negative,10.0,-10.0,0.3963000178337097,0.5018722414970398,0.16827140748500824,0.7185214161872864,169,81
0.004034996032714844,negative,10.0,-10.0,0.4124348759651184,0.49716606736183167,0.20382359623908997,0.8288418054580688,169,83
0.00025773048400878906,positive,10.0,10.0,0.024583803489804268,0.0023722851183265448,-0.015550144016742706,-0.03861178457736969,170,0
0.00041294097900390625,positive,10.0,10.0,0.02463124878704548,-0.1925232708454132,-0.016322379931807518,0.24912463128566742,170,1
0.0005457401275634766,positive,10.0,10.0,0.020780783146619797,0.0028279353864490986,-0.011339887045323849,-0.048661697655916214,170,2
0.001107931137084961,positive,10.0,10.0,-0.0023239071015268564,-0.19200071692466736,0.01831858418881893,0.2375832051038742,170,7
0.0011761188507080078,positive,10.0,10.0,-0.00616392120718956,-0.38737952709198,0.02307024784386158,0.5359876155853271,170,8
0.001398324966430664,positive,10.0,10.0,-0.017722617834806442,0.1965787410736084,0.03817976638674736,-0.3113659918308258,170,11
0.0014476776123046875,positive,10.0,10.0,-0.013791043311357498,0.0009342356934212148,0.03195244446396828,-0.006890987977385521,170,12
0.0014963150024414062,positive,10.0,10.0,-0.013772358186542988,-0.19463104009628296,0.03181462362408638,0.2956996262073517,170,13
0.0015530586242675781,positive,10.0,10.0,-0.01766497828066349,2.3250335289048962e-05,0.03772861883044243,0.01321785245090723,170,14
0.0016012191772460938,positive,10.0,10.0,-0.017664514482021332,-0.1956188976764679,0.03799297288060188,0.3175618052482605,170,15
0.0016465187072753906,positive,10.0,10.0,-0.0215768925845623,-0.001058099209330976,0.044344209134578705,0.0370984710752964,170,16
0.0017032623291015625,positive,10.0,10.0,-0.021598054096102715,-0.19678696990013123,0.04508617892861366,0.3434360921382904,170,17
0.001956462860107422,positive,10.0,10.0,-0.033615853637456894,-0.00559287890791893,0.07090318948030472,0.13742971420288086,170,22
0.002003908157348633,positive,10.0,10.0,-0.03372770920395851,-0.20165497064590454,0.07365178316831589,0.4516119956970215,170,23
0.002048015594482422,positive,10.0,10.0,-0.03776080906391144,-0.007647707127034664,0.08268401771783829,0.1830240935087204,170,24
0.0021452903747558594,positive,10.0,10.0,-0.03418976813554764,0.37998470664024353,0.08469505608081818,-0.3467130661010742,170,26
0.0021953582763671875,positive,10.0,10.0,-0.026590073481202126,0.18376655876636505,0.07776079326868057,-0.02857029251754284,170,27
0.0022509098052978516,positive,10.0,10.0,-0.022914743050932884,0.37769222259521484,0.0771893858909607,-0.29574114084243774,170,28
0.00229644775390625,positive,10.0,10.0,-0.015360898338258266,0.18155957758426666,0.07127456367015839,0.020252974703907967,170,29
0.0024292469024658203,positive,10.0,10.0,-0.012019872665405273,0.17952416837215424,0.07837052643299103,0.06529951095581055,170,31
0.0025861263275146484,positive,10.0,10.0,0.010386163368821144,0.3712329566478729,0.06627947837114334,-0.15265394747257233,170,34
0.0026853084564208984,positive,10.0,10.0,0.021315375342965126,-0.020739806815981865,0.06643000990152359,0.47212037444114685,170,36
0.0027854442596435547,positive,10.0,10.0,0.02436826191842556,0.367343544960022,0.07989427447319031,-0.06672420352697372,170,38
0.0028319358825683594,positive,10.0,10.0,0.03171513229608536,0.5612345337867737,0.07855979353189468,-0.33316904306411743,170,39
0.002980470657348633,positive,10.0,10.0,0.06142374500632286,0.3630429208278656,0.06584187597036362,0.028423167765140533,170,42
0.003026723861694336,positive,10.0,10.0,0.06868460029363632,0.16704155504703522,0.06641034036874771,0.34113168716430664,170,43
0.0030744075775146484,positive,10.0,10.0,0.07202543318271637,0.3611588776111603,0.0732329711318016,0.07010786980390549,170,44
0.003118753433227539,positive,10.0,10.0,0.07924860715866089,0.5551586747169495,0.07463513314723969,-0.19860059022903442,170,45
0.0032160282135009766,positive,10.0,10.0,0.10533455014228821,0.5530926585197449,0.061326369643211365,-0.15274542570114136,170,47
0.003261089324951172,positive,10.0,10.0,0.11639639735221863,0.357148677110672,0.058271463960409164,0.15863671898841858,170,48
0.003356456756591797,positive,10.0,10.0,0.1267642378807068,0.35544553399086,0.07082656770944595,0.19641771912574768,170,50
0.0034537315368652344,positive,10.0,10.0,0.13706086575984955,0.35337939858436584,0.08496643602848053,0.24235539138317108,170,52
0.003498554229736328,positive,10.0,10.0,0.1441284418106079,0.5471913814544678,0.08981354534626007,-0.022363755851984024,170,53
0.0036504268646240234,positive,10.0,10.0,0.1807834953069687,0.7384717464447021,0.08433928340673447,-0.23109589517116547,170,56
0.0036957263946533203,positive,10.0,10.0,0.19555293023586273,0.9322935938835144,0.07971736788749695,-0.49602895975112915,170,57
0.003739595413208008,positive,10.0,10.0,0.21419879794120789,0.7361433506011963,0.06979678571224213,-0.1793258786201477,170,58
0.0038361549377441406,positive,10.0,10.0,0.2397235780954361,0.34409084916114807,0.0689009353518486,0.44734787940979004,170,60
0.004000186920166016,positive,10.0,10.0,0.2720108926296234,0.9259672164916992,0.07959119975566864,-0.3559246361255646,170,63
0.004212379455566406,positive,10.0,10.0,0.33815792202949524,0.5317572951316833,0.06564749032258987,0.3188081979751587,170,67
0.0043315887451171875,positive,10.0,10.0,0.35550838708877563,0.5298118591308594,0.08465265482664108,0.3622908890247345,170,69
0.004495143890380859,positive,10.0,10.0,0.3989238739013672,1.1109898090362549,0.0905500277876854,-0.4265417158603668,170,72
0.004542827606201172,positive,10.0,10.0,0.42114365100860596,0.9147098660469055,0.08201919496059418,-0.10674258321523666,170,73
0.0046427249908447266,positive,10.0,10.0,0.4616091847419739,0.9124059677124023,0.07243507355451584,-0.055699922144412994,170,75
0.004864215850830078,positive,10.0,10.0,0.5344802141189575,0.5183879733085632,0.07066038995981216,0.6143702864646912,170,79
0.00512242317199707,negative,10.0,-10.0,0.5782840251922607,0.7063323855400085,0.1491159349679947,0.48372846841812134,170,84
0.0054323673248291016,negative,10.0,-10.0,0.7130261063575745,1.472233772277832,0.14692015945911407,-0.3747454881668091,170,90
0.005477428436279297,negative,10.0,-10.0,0.7424708008766174,1.2753636837005615,0.13942524790763855,-0.03958256542682648,170,91
0.005971670150756836,positive,10.0,10.0,1.0466082096099854,1.648853063583374,0.09188756346702576,-0.2561744749546051,170,101
0.0061838626861572266,positive,10.0,10.0,1.2017701864242554,2.4246108531951904,0.039733659476041794,-1.3233673572540283,170,105
0.0062296390533447266,positive,10.0,10.0,1.2502623796463013,2.2290101051330566,0.013266311958432198,-1.0185192823410034,170,106
0.006276607513427734,positive,10.0,10.0,1.2948426008224487,2.0337138175964355,-0.007104072254151106,-0.7217004895210266,170,107
0.006331920623779297,positive,10.0,10.0,1.3355169296264648,1.8386907577514648,-0.021538082510232925,-0.43126198649406433,170,108
0.0064525604248046875,positive,10.0,10.0,1.4129729270935059,1.839418649673462,-0.044776443392038345,-0.44761696457862854,170,110
0.006500720977783203,positive,10.0,10.0,1.4497612714767456,1.6449577808380127,-0.05372878164052963,-0.169377863407135,170,111
0.006651878356933594,positive,10.0,10.0,1.5524072647094727,1.8425439596176147,-0.07077396661043167,-0.517318069934845,170,114
0.006697654724121094,positive,10.0,10.0,1.5892581939697266,1.6484861373901367,-0.0811203271150589,-0.24775028228759766,170,115
0.006742715835571289,positive,10.0,10.0,1.6222279071807861,1.8446673154830933,-0.08607533574104309,-0.5648775100708008,170,116
0.007160663604736328,negative,10.0,-10.0,1.9103609323501587,1.8574589490890503,-0.18261562287807465,-0.8582262396812439,170,124
0.00720977783203125,negative,10.0,-10.0,1.9475101232528687,1.665231466293335,-0.19978013634681702,-0.6280706524848938,170,125
0.00031638145446777344,positive,10.0,10.0,-0.014794111251831055,-0.1448936015367508,-0.03682596981525421,0.27745965123176575,171,1
0.00039124488830566406,positive,10.0,10.0,-0.01769198291003704,-0.33947136998176575,-0.031276777386665344,0.5583040118217468,171,2
0.00044798851013183594,positive,10.0,10.0,-0.024481410160660744,-0.14392463862895966,-0.02011069841682911,0.2559335231781006,171,3
0.0004987716674804688,positive,10.0,10.0,-0.02735990285873413,-0.3387537896633148,-0.014992027543485165,0.5422059893608093,171,4
0.0005490779876708984,positive,10.0,10.0,-0.03413498029112816,-0.1434243619441986,-0.0041479081846773624,0.24483728408813477,171,5
0.0006597042083740234,positive,10.0,10.0,-0.04377320408821106,-0.14337541162967682,0.011473016813397408,0.24376210570335388,171,7
0.0007636547088623047,positive,10.0,10.0,-0.05341389775276184,-0.1437709629535675,0.02714909426867962,0.25255438685417175,171,9
0.0008668899536132812,positive,10.0,10.0,-0.06307471543550491,-0.14461451768875122,0.0432736910879612,0.2713090777397156,171,11
0.0009660720825195312,positive,10.0,10.0,-0.0727735310792923,-0.14591965079307556,0.06024628505110741,0.3003682792186737,171,13
0.0010132789611816406,positive,10.0,10.0,-0.07569192349910736,0.04829415678977966,0.0662536472082138,0.02727779559791088,171,14
0.001169443130493164,positive,10.0,10.0,-0.08455464988946915,-0.14969390630722046,0.08666301518678665,0.38445502519607544,171,17
0.0018444061279296875,positive,10.0,10.0,-0.02444601245224476,0.415786474943161,0.08771131932735443,-0.05655954033136368,171,30
0.0019028186798095703,positive,10.0,10.0,-0.01613028347492218,0.6095484495162964,0.08658012747764587,-0.3203311264514923,171,31
0.002012491226196289,positive,10.0,10.0,0.004326826427131891,0.607193112373352,0.08014052361249924,-0.26799798011779785,171,33
0.002061605453491211,positive,10.0,10.0,0.016470689326524734,0.801085352897644,0.07478056848049164,-0.53436678647995,171,34
0.0026209354400634766,positive,10.0,10.0,0.11748526990413666,0.5937653183937073,0.09262579679489136,0.029243260622024536,171,45
0.002721548080444336,positive,10.0,10.0,0.14510948956012726,0.9811204075813293,0.08855389803647995,-0.4947254955768585,171,47
0.003023862838745117,positive,10.0,10.0,0.23520606756210327,0.5848106145858765,0.077439084649086,0.2272861748933792,171,53
0.003070831298828125,positive,10.0,10.0,0.24690227210521698,0.7787453532218933,0.08198481053113937,-0.039999820291996,171,54
0.0031168460845947266,positive,10.0,10.0,0.26247718930244446,0.9726017713546753,0.08118481189012527,-0.3057312071323395,171,55
0.0032651424407958984,positive,10.0,10.0,0.3246665596961975,0.7744187116622925,0.05850745365023613,0.055666062980890274,171,58
0.003312349319458008,positive,10.0,10.0,0.3401549458503723,0.5785087943077087,0.059620775282382965,0.36621952056884766,171,59
0.0034084320068359375,positive,10.0,10.0,0.3593769669532776,0.576723575592041,0.080486960709095,0.4062127470970154,171,61
0.0035049915313720703,positive,10.0,10.0,0.3863237798213959,0.9643658995628357,0.09141024202108383,-0.12351369857788086,171,63
0.003548860549926758,positive,10.0,10.0,0.4056110978126526,1.1580674648284912,0.08893996477127075,-0.38601574301719666,171,64
0.0036492347717285156,positive,10.0,10.0,0.4480085074901581,1.1556720733642578,0.07988628000020981,-0.33266153931617737,171,66
0.0037462711334228516,positive,10.0,10.0,0.4903121292591095,1.1535087823867798,0.07291515916585922,-0.28460216522216797,171,68
0.0037903785705566406,positive,10.0,10.0,0.5133823156356812,1.3475191593170166,0.06722311675548553,-0.5534263849258423,171,69
0.003964662551879883,positive,10.0,10.0,0.6058843731880188,1.54032564163208,0.017696667462587357,-0.7938401699066162,171,72
0.004068136215209961,positive,10.0,10.0,0.6713948845863342,1.5400543212890625,-0.019798211753368378,-0.7876503467559814,171,74
0.00416874885559082,positive,10.0,10.0,0.7369047999382019,1.5408070087432861,-0.05728112906217575,-0.8051766753196716,171,76
0.004426479339599609,negative,10.0,-10.0,0.9145916700363159,1.7422999143600464,-0.17762219905853271,-1.254532814025879,171,81
0.0044748783111572266,negative,10.0,-10.0,0.94943767786026,1.939194917678833,-0.20271284878253937,-1.5971752405166626,171,82
0.0005271434783935547,positive,10.0,10.0,-0.02772459015250206,-0.031925030052661896,0.013599392957985401,0.019447743892669678,172,2
0.0006663799285888672,positive,10.0,10.0,-0.0329078771173954,-0.03231940418481827,0.020316151902079582,0.028151359409093857,172,4
0.0007297992706298828,positive,10.0,10.0,-0.03355426713824272,-0.22772672772407532,0.02087917923927307,0.3271743953227997,172,5
0.0008127689361572266,positive,10.0,10.0,-0.03810879960656166,-0.032908156514167786,0.027422666549682617,0.041148263961076736,172,6
0.0008745193481445312,positive,10.0,10.0,-0.03876696154475212,-0.22841238975524902,0.028245633468031883,0.3423556089401245,172,7
0.0010006427764892578,positive,10.0,10.0,-0.051813703030347824,-0.2293088287115097,0.047968946397304535,0.3623812794685364,172,9
0.0010585784912109375,positive,10.0,10.0,-0.0563998781144619,-0.03490033000707626,0.05521656945347786,0.0852014422416687,172,10
0.001115560531616211,positive,10.0,10.0,-0.05709788575768471,-0.23076851665973663,0.056920599192380905,0.3947813808917999,172,11
0.0011696815490722656,positive,10.0,10.0,-0.06171325594186783,-0.03649848699569702,0.06481622904539108,0.12057388573884964,172,12
0.001363515853881836,positive,10.0,10.0,-0.06474888324737549,0.34948477149009705,0.07702013105154037,-0.3722904324531555,172,16
0.0014612674713134766,positive,10.0,10.0,-0.05554581061005592,-0.23871803283691406,0.07359623163938522,0.570909321308136,172,19
0.0015244483947753906,positive,10.0,10.0,-0.06121419370174408,0.1491127908229828,0.09106021374464035,0.03758275508880615,172,21
0.0015873908996582031,positive,10.0,10.0,-0.05137556046247482,0.5365169644355774,0.08731111139059067,-0.487406462430954,172,23
0.0016837120056152344,positive,10.0,10.0,-0.02315545827150345,0.3381200432777405,0.06547681987285614,-0.12065690010786057,172,26
0.0017826557159423828,positive,10.0,10.0,-0.01462738960981369,0.1402777135372162,0.07697924971580505,0.23296324908733368,172,29
0.0018126964569091797,positive,10.0,10.0,-0.011821835301816463,0.33422017097473145,0.08163851499557495,-0.034479353576898575,172,30
0.0018756389617919922,positive,10.0,10.0,0.005424213595688343,0.33190542459487915,0.07494235038757324,0.016745753586292267,172,32
0.001905679702758789,positive,10.0,10.0,0.012062322348356247,0.525877058506012,0.07527726888656616,-0.25138258934020996,172,33
0.0019350051879882812,positive,10.0,10.0,0.022579863667488098,0.7198478579521179,0.07024961709976196,-0.5194041728973389,172,34
0.0019643306732177734,positive,10.0,10.0,0.03697682172060013,0.5238109230995178,0.05986152961850166,-0.20543761551380157,172,35
0.0020606517791748047,positive,10.0,10.0,0.05665099248290062,0.32626765966415405,0.06616801768541336,0.14135582745075226,172,38
0.002090930938720703,positive,10.0,10.0,0.06317634880542755,0.1302635222673416,0.06899513304233551,0.45415785908699036,172,39
0.002187490463256836,positive,10.0,10.0,0.08263389766216278,0.7121290564537048,0.08009679615497589,-0.34887993335723877,172,42
0.002318143844604492,positive,10.0,10.0,0.13167288899421692,0.31788089871406555,0.06673876196146011,0.32672178745269775,172,46
0.002519845962524414,positive,10.0,10.0,0.20462849736213684,0.3121115267276764,0.060039594769477844,0.4540256857872009,172,52
0.002554178237915039,positive,10.0,10.0,0.21087072789669037,0.5063353776931763,0.06912010908126831,0.1808558702468872,172,53
0.0025844573974609375,positive,10.0,10.0,0.22099743783473969,0.3102959394454956,0.07273722440004349,0.4945180118083954,172,54
0.0026493072509765625,positive,10.0,10.0,0.23728977143764496,0.6981706023216248,0.08713991194963455,-0.039901573210954666,172,56
0.0026793479919433594,positive,10.0,10.0,0.2512531876564026,0.5019141435623169,0.08634188026189804,0.27895283699035645,172,57
0.002788543701171875,positive,10.0,10.0,0.2929935157299042,1.083088994026184,0.08726254105567932,-0.5098531246185303,172,60
0.002822399139404297,positive,10.0,10.0,0.31465527415275574,0.8868530988693237,0.07706548273563385,-0.19099661707878113,172,61
0.002925872802734375,positive,10.0,10.0,0.37170252203941345,0.688737690448761,0.06120606139302254,0.168623685836792,172,64
0.0030231475830078125,positive,10.0,10.0,0.40126967430114746,0.49085360765457153,0.09002367407083511,0.5238316059112549,172,67
0.003255605697631836,positive,10.0,10.0,0.5278958082199097,1.0658637285232544,0.08915277570486069,-0.1282496452331543,172,74
0.003285646438598633,positive,10.0,10.0,0.5492131114006042,1.2596029043197632,0.08658777922391891,-0.39152806997299194,172,75
0.003315448760986328,positive,10.0,10.0,0.5744051337242126,1.0633656978607178,0.07875721901655197,-0.07284998148679733,172,76
0.003379344940185547,positive,10.0,10.0,0.6208179593086243,1.0611435174942017,0.07050657272338867,-0.02365932986140251,172,78
0.0034432411193847656,positive,10.0,10.0,0.6593425273895264,0.669037938117981,0.07584158331155777,0.6043322682380676,172,80
0.003604888916015625,positive,10.0,10.0,0.7650094628334045,1.2477625608444214,0.08335012942552567,-0.12920445203781128,172,85
0.00370025634765625,positive,10.0,10.0,0.8437052369117737,1.4394338130950928,0.07132748514413834,-0.34628599882125854,172,88
0.003729581832885742,positive,10.0,10.0,0.8724939227104187,1.6334725618362427,0.0644017681479454,-0.6156514883041382,172,89
0.0037584304809570312,positive,10.0,10.0,0.9051633477210999,1.8276383876800537,0.05208873376250267,-0.8873754143714905,172,90
0.003821849822998047,positive,10.0,10.0,0.9743531346321106,1.8264738321304321,0.02276555821299553,-0.8604533076286316,172,92
0.0038831233978271484,positive,10.0,10.0,1.0435036420822144,1.8260928392410278,-0.005657510366290808,-0.8516272306442261,172,94
0.003912448883056641,positive,10.0,10.0,1.0800254344940186,1.631048560142517,-0.022690055891871452,-0.5607286691665649,172,95
0.00394129753112793,positive,10.0,10.0,1.112646460533142,1.436252236366272,-0.033904630690813065,-0.27527979016304016,172,96
0.004003047943115234,positive,10.0,10.0,1.1740082502365112,1.4372930526733398,-0.050979435443878174,-0.2984485924243927,172,98
0.004063844680786133,positive,10.0,10.0,1.227612853050232,1.0486724376678467,-0.05739379674196243,0.2519158720970154,172,100
0.004157304763793945,positive,10.0,10.0,1.2788759469985962,0.46554338932037354,-0.02580244094133377,1.0809285640716553,172,103
0.0041882991790771484,positive,10.0,10.0,1.28818678855896,0.27077141404151917,-0.004183867946267128,1.3654042482376099,172,104
0.004217624664306641,positive,10.0,10.0,1.2936022281646729,0.07570209354162216,0.023124217987060547,1.6567755937576294,172,105
0.004344463348388672,negative,10.0,-10.0,1.307399034500122,0.0724635049700737,0.14562232792377472,1.7425563335418701,172,109
0.0002040863037109375,positive,10.0,10.0,-0.022417064756155014,-0.044279009103775024,-0.04944440722465515,-0.04631442576646805,173,0
0.00030350685119628906,positive,10.0,10.0,-0.02330264449119568,-0.2386583685874939,-0.05037069320678711,0.23036755621433258,173,1
0.0005099773406982422,positive,10.0,10.0,-0.041482120752334595,-0.4318845272064209,-0.03162842616438866,0.4812341630458832,173,4
0.0005631446838378906,positive,10.0,10.0,-0.05011981353163719,-0.23633074760437012,-0.022003741934895515,0.17875297367572784,173,5
0.0006144046783447266,positive,10.0,10.0,-0.05484642833471298,-0.4311310052871704,-0.018428683280944824,0.4644140899181366,173,6
0.0006635189056396484,positive,10.0,10.0,-0.0634690448641777,-0.23575356602668762,-0.009140401147305965,0.16597993671894073,173,7
0.0009450912475585938,positive,10.0,10.0,-0.09483754634857178,-0.4310215413570404,0.018906109035015106,0.4619221091270447,173,12
0.0009970664978027344,positive,10.0,10.0,-0.1034579798579216,-0.23617182672023773,0.028144551441073418,0.1752578467130661,173,13
0.00104522705078125,positive,10.0,10.0,-0.1081814169883728,-0.43168503046035767,0.03164970874786377,0.47668489813804626,173,14
0.0010929107666015625,positive,10.0,10.0,-0.11681511253118515,-0.23702391982078552,0.04118340462446213,0.19414293766021729,173,15
0.0015757083892822266,positive,10.0,10.0,-0.13956592977046967,0.1460943967103958,0.05843687430024147,-0.23464490473270416,173,23
0.0016961097717285156,positive,10.0,10.0,-0.12983734905719757,0.14449849724769592,0.043577224016189575,-0.19921407103538513,173,25
0.0018551349639892578,positive,10.0,10.0,-0.11730169504880905,0.33799251914024353,0.02657730132341385,-0.45600220561027527,173,28
0.002045154571533203,positive,10.0,10.0,-0.10094428807497025,0.14205065369606018,0.005512287840247154,-0.14501310884952545,173,31
0.002095937728881836,positive,10.0,10.0,-0.09810327738523483,-0.05314980819821358,0.002612025709822774,0.14940372109413147,173,32
0.002153158187866211,positive,10.0,10.0,-0.09916627407073975,-0.24830906093120575,0.0056001003831624985,0.4429095387458801,173,33
0.0022025108337402344,positive,10.0,10.0,-0.10413245111703873,-0.053266800940036774,0.014458291232585907,0.1519971638917923,173,34
0.0022590160369873047,positive,10.0,10.0,-0.10519778728485107,-0.24859276413917542,0.017498234286904335,0.44920608401298523,173,35
0.002434968948364258,positive,10.0,10.0,-0.1162283644080162,-0.05452394485473633,0.03898431733250618,0.17984050512313843,173,38
0.002544403076171875,positive,10.0,10.0,-0.12232247740030289,-0.05568546801805496,0.05227237194776535,0.20559780299663544,173,40
0.0027599334716796875,positive,10.0,10.0,-0.13467583060264587,-0.05918852612376213,0.08252549171447754,0.2835138738155365,173,44
0.00281524658203125,positive,10.0,10.0,-0.13585960865020752,0.1346653401851654,0.08819576352834702,0.017957650125026703,173,45
0.002864837646484375,positive,10.0,10.0,-0.13316629827022552,-0.06160347908735275,0.08855491876602173,0.33711254596710205,173,46
0.0034418106079101562,positive,10.0,10.0,-0.07427842170000076,0.506741464138031,0.08879679441452026,-0.16745756566524506,173,57
0.003491640090942383,positive,10.0,10.0,-0.0641435906291008,0.31046807765960693,0.08544763922691345,0.15186452865600586,173,58
0.0035393238067626953,positive,10.0,10.0,-0.0579342283308506,0.5042691826820374,0.08848493546247482,-0.11268547177314758,173,59
0.0036437511444091797,positive,10.0,10.0,-0.03388846293091774,0.8918172121047974,0.07870736718177795,-0.6404892206192017,173,61
0.003690958023071289,positive,10.0,10.0,-0.016052117571234703,0.6956913471221924,0.06589758396148682,-0.32409507036209106,173,62
0.0037398338317871094,positive,10.0,10.0,-0.0021382912527769804,0.8898161053657532,0.05941568315029144,-0.5952903628349304,173,63
0.0037908554077148438,positive,10.0,10.0,0.015658030286431313,0.6939151287078857,0.047509875148534775,-0.28449946641921997,173,64
0.0038957595825195312,positive,10.0,10.0,0.03949931263923645,0.3024529218673706,0.04227551072835922,0.3283599317073822,173,66
0.003943920135498047,positive,10.0,10.0,0.045548368245363235,0.49694833159446716,0.04884270951151848,0.04930279031395912,173,67
0.003991365432739258,positive,10.0,10.0,0.05548733472824097,0.3011612892150879,0.04982876405119896,0.3569871783256531,173,68
0.00419926643371582,positive,10.0,10.0,0.08729226887226105,0.2978868782520294,0.06872478127479553,0.4297347068786621,173,72
0.004246711730957031,positive,10.0,10.0,0.09325000643730164,0.4919717311859131,0.07731947302818298,0.15948386490345,173,73
0.004369258880615234,positive,10.0,10.0,0.11680756509304047,0.8797879219055176,0.07835235446691513,-0.37407591938972473,173,75
0.004418849945068359,positive,10.0,10.0,0.13440333306789398,0.683645486831665,0.07087083160877228,-0.05775288864970207,173,76
0.004467487335205078,positive,10.0,10.0,0.14807623624801636,0.4875827431678772,0.06971577554941177,0.25642159581184387,173,77
0.004569292068481445,positive,10.0,10.0,0.16365866363048553,0.485535204410553,0.08624928444623947,0.3020566999912262,173,79
0.00550079345703125,positive,10.0,10.0,0.4424425959587097,1.0488207340240479,0.08725235611200333,-0.09040708094835281,173,96
0.005720376968383789,positive,10.0,10.0,0.526199460029602,1.0438169240951538,0.08331112563610077,0.02039792574942112,173,100
0.005771160125732422,positive,10.0,10.0,0.5470758080482483,1.2376514673233032,0.08371908217668533,-0.24488022923469543,173,101
0.005819082260131836,positive,10.0,10.0,0.5718287825584412,1.4314841032028198,0.07882147282361984,-0.5100261569023132,173,102
0.005870819091796875,positive,10.0,10.0,0.6004585027694702,1.2353453636169434,0.0686209499835968,-0.19358201324939728,173,103
0.0059185028076171875,positive,10.0,10.0,0.6251654028892517,1.0393122434616089,0.06474931538105011,0.11993424594402313,173,104
0.005965232849121094,positive,10.0,10.0,0.6459516286849976,0.8433252573013306,0.06714800000190735,0.4323217272758484,173,105
0.00606536865234375,positive,10.0,10.0,0.6757645606994629,0.8413187861442566,0.09070230275392532,0.4774932861328125,173,107
0.006455659866333008,positive,10.0,10.0,0.8514607548713684,1.4165399074554443,0.08322721719741821,-0.17924483120441437,173,114
0.006506681442260742,positive,10.0,10.0,0.8797914981842041,1.610378384590149,0.07964231818914413,-0.44455549120903015,173,115
0.0065577030181884766,positive,10.0,10.0,0.9119991064071655,1.4142252206802368,0.07075121253728867,-0.12786835432052612,173,116
0.0066089630126953125,positive,10.0,10.0,0.9402835965156555,1.2181648015975952,0.06819384545087814,0.18627002835273743,173,117
0.006655693054199219,positive,10.0,10.0,0.9646468758583069,1.0221368074417114,0.07191924750804901,0.4996620714664459,173,118
0.006758451461791992,positive,10.0,10.0,1.0094131231307983,1.4100368022918701,0.08652214705944061,-0.035279132425785065,173,120
0.006912946701049805,positive,10.0,10.0,1.105642557144165,1.9915353059768677,0.06854959577322006,-0.8303943276405334,173,123
0.00696110725402832,positive,10.0,10.0,1.1454733610153198,1.7955466508865356,0.051941707730293274,-0.5169640779495239,173,124
0.007165431976318359,positive,10.0,10.0,1.2812358140945435,1.793321967124939,0.024013713002204895,-0.4672321379184723,173,128
0.00733494758605957,positive,10.0,10.0,1.3849151134490967,1.597497820854187,0.0022255615331232548,-0.15886560082435608,173,131
0.007437229156494141,positive,10.0,10.0,1.4527168273925781,1.5974793434143066,-0.009968661703169346,-0.15846280753612518,173,133
0.007592201232910156,positive,10.0,10.0,1.552477478981018,1.7932417392730713,-0.02553861401975155,-0.4653710424900055,173,136
0.0076465606689453125,positive,10.0,10.0,1.588342308998108,1.5984898805618286,-0.03484603390097618,-0.18084590137004852,173,137
0.007747173309326172,positive,10.0,10.0,1.6561939716339111,1.599534034729004,-0.04814924672245979,-0.2039978802204132,173,139
0.007895708084106445,positive,10.0,10.0,1.7561100721359253,1.4067848920822144,-0.06717254966497421,0.036650944501161575,173,142
0.008092403411865234,positive,10.0,10.0,1.845357894897461,0.6299194097518921,-0.031692709773778915,1.1284880638122559,173,146
0.00813746452331543,positive,10.0,10.0,1.8579562902450562,0.825441837310791,-0.009122947230935097,0.8260356187820435,173,147
0.008180618286132812,positive,10.0,10.0,1.8744651079177856,0.6304458379745483,0.007397765293717384,1.115835428237915,173,148
0.008225202560424805,positive,10.0,10.0,1.8870739936828613,0.8254699110984802,0.029714472591876984,0.825482189655304,173,149
0.008398771286010742,negative,10.0,-10.0,1.932671308517456,0.6284523010253906,0.08576187491416931,1.1630184650421143,173,152
0.008449792861938477,negative,10.0,-10.0,1.9452403783798218,0.43232473731040955,0.10902224481105804,1.4813116788864136,173,153
0.008600711822509766,negative,10.0,-10.0,1.9827871322631836,1.0116554498672485,0.182706817984581,0.7410274744033813,173,156
0.008647441864013672,negative,10.0,-10.0,2.0030202865600586,0.8145446181297302,0.19752737879753113,1.085189938545227,173,157
0.0005710124969482422,positive,10.0,10.0,0.029412399977445602,-0.15442462265491486,0.026387657970190048,0.28323036432266235,174,1
0.0009691715240478516,positive,10.0,10.0,0.016220565885305405,0.039218030869960785,0.04976864531636238,0.0231259036809206,174,4
0.0010714530944824219,positive,10.0,10.0,0.01700492762029171,-0.15658101439476013,0.05023116245865822,0.33108675479888916,174,5
0.0011661052703857422,positive,10.0,10.0,0.013873307034373283,0.03779127448797226,0.05685289949178696,0.05465782433748245,174,6
0.0012576580047607422,positive,10.0,10.0,0.01462913304567337,-0.15809783339500427,0.05794605612754822,0.36472249031066895,174,7
0.001455068588256836,positive,10.0,10.0,0.012190272100269794,-0.15983867645263672,0.06705769151449203,0.4033910632133484,174,9
0.001589059829711914,positive,10.0,10.0,0.008993498980998993,0.034271322190761566,0.07512550801038742,0.1325806826353073,174,10
0.001828908920288086,positive,10.0,10.0,0.014243749901652336,0.42216798663139343,0.07506737858057022,-0.4026547074317932,174,12
0.0019237995147705078,positive,10.0,10.0,0.02268710918724537,0.22606606781482697,0.06701428443193436,-0.08728113025426865,174,13
0.0020132064819335938,positive,10.0,10.0,0.02720843069255352,0.030050715431571007,0.06526865810155869,0.22576937079429626,174,14
0.002391815185546875,positive,10.0,10.0,0.02505333162844181,0.222020223736763,0.08591818064451218,0.002172044012695551,174,17
0.002482175827026367,positive,10.0,10.0,0.02949373610317707,0.4158116281032562,0.08596161752939224,-0.26221391558647156,174,18
0.0027921199798583984,positive,10.0,10.0,0.058271102607250214,0.21739698946475983,0.06599332392215729,0.10436370968818665,174,21
0.0032494068145751953,positive,10.0,10.0,0.07554546743631363,0.6033385396003723,0.07693629711866379,-0.3876088261604309,174,25
0.003561258316040039,positive,10.0,10.0,0.0999799370765686,0.015150468796491623,0.07259000092744827,0.5552491545677185,174,28
0.0036551952362060547,positive,10.0,10.0,0.1002829447388649,0.20918215811252594,0.08369498699903488,0.28629082441329956,174,29
0.0041997432708740234,positive,10.0,10.0,0.1521569937467575,0.7882460355758667,0.0711628720164299,-0.4550294280052185,174,34
0.004315614700317383,positive,10.0,10.0,0.16792191565036774,0.5921938419342041,0.06206228584051132,-0.14079120755195618,174,35
0.004405021667480469,positive,10.0,10.0,0.17976579070091248,0.3962404429912567,0.05924646183848381,0.17080757021903992,174,36
0.004494190216064453,positive,10.0,10.0,0.1876906007528305,0.20032276213169098,0.06266261637210846,0.4815767705440521,174,37
0.0045795440673828125,positive,10.0,10.0,0.19169704616069794,0.3945068418979645,0.07229414582252502,0.20928308367729187,174,38
0.00490260124206543,positive,10.0,10.0,0.22700710594654083,0.586362898349762,0.06873778253793716,-0.01191167626529932,174,41
0.0051114559173583984,positive,10.0,10.0,0.25434306263923645,0.5844064354896545,0.0628567561507225,0.031337033957242966,174,43
0.0052051544189453125,positive,10.0,10.0,0.2660312056541443,0.3884420096874237,0.06348349153995514,0.3431708514690399,174,44
0.005542278289794922,positive,10.0,10.0,0.2931831479072571,0.5805833339691162,0.07947387546300888,0.1159663051366806,174,47
0.005770683288574219,positive,10.0,10.0,0.3202844560146332,0.968343198299408,0.07878074049949646,-0.41642215847969055,174,49
0.005861043930053711,positive,10.0,10.0,0.33965131640434265,0.7721983194351196,0.07045230269432068,-0.09997974336147308,174,50
0.005948066711425781,positive,10.0,10.0,0.3550952970981598,0.5761410593986511,0.06845270842313766,0.21407239139080048,174,51
0.006032705307006836,positive,10.0,10.0,0.3666181266307831,0.38011065125465393,0.07273415476083755,0.5275387763977051,174,52
0.0065517425537109375,positive,10.0,10.0,0.4434069097042084,0.9593011140823364,0.07224580645561218,-0.2161320447921753,174,57
0.006653308868408203,positive,10.0,10.0,0.4625929296016693,1.1533198356628418,0.0679231658577919,-0.48517921566963196,174,58
0.007058858871459961,positive,10.0,10.0,0.5313444137573242,0.3696547746658325,0.06651406735181808,0.7582855224609375,174,62
0.00726771354675293,positive,10.0,10.0,0.5500134825706482,0.757680356502533,0.09142482280731201,0.22138851881027222,174,64
0.007581233978271484,positive,10.0,10.0,0.6070950031280518,0.9486718773841858,0.08898870646953583,0.018994949758052826,174,67
0.0076694488525390625,positive,10.0,10.0,0.6260684728622437,1.1424124240875244,0.08936860412359238,-0.2443377524614334,174,68
0.0077517032623291016,positive,10.0,10.0,0.6489167213439941,1.3361518383026123,0.0844818502664566,-0.5075476765632629,174,69
0.007834434509277344,positive,10.0,10.0,0.6756397485733032,1.1399474143981934,0.0743308961391449,-0.18948261439800262,174,70
0.007913351058959961,positive,10.0,10.0,0.6984387040138245,1.333931565284729,0.07054124027490616,-0.4578222632408142,174,71
0.008087873458862305,positive,10.0,10.0,0.7556771039962769,1.7222111225128174,0.04683554545044899,-1.0002111196517944,174,73
0.008178234100341797,positive,10.0,10.0,0.79012131690979,1.5264955759048462,0.02683132141828537,-0.693195104598999,174,74
0.008258581161499023,positive,10.0,10.0,0.8206512331962585,1.7212351560592651,0.012967418879270554,-0.9773119688034058,174,75
0.00833749771118164,positive,10.0,10.0,0.8550759553909302,1.5259417295455933,-0.00657882122322917,-0.680584192276001,174,76
0.008414030075073242,positive,10.0,10.0,0.8855947852134705,1.7211544513702393,-0.02019050531089306,-0.9753310680389404,174,77
0.008602380752563477,positive,10.0,10.0,0.9583486914634705,1.7219476699829102,-0.0651828721165657,-0.9942945837974548,174,79
0.008683443069458008,positive,10.0,10.0,0.9927876591682434,1.5277553796768188,-0.08506876230239868,-0.722774863243103,174,80
0.00945138931274414,positive,10.0,10.0,1.1522339582443237,0.7595333456993103,-0.09049768000841141,0.18043763935565948,174,88
0.009543180465698242,positive,10.0,10.0,1.1674245595932007,0.5658150911331177,-0.08688892424106598,0.4432559311389923,174,89
0.009721994400024414,positive,10.0,10.0,1.1939818859100342,0.5681295990943909,-0.07553385943174362,0.39158064126968384,174,91
0.009804725646972656,positive,10.0,10.0,1.205344557762146,0.7642377018928528,-0.06770224124193192,0.07607139647006989,174,92
0.009888410568237305,positive,10.0,10.0,1.220629334449768,0.5701483488082886,-0.06618081778287888,0.3466491997241974,174,93
0.009962081909179688,positive,10.0,10.0,1.232032299041748,0.3760271370410919,-0.059247832745313644,0.6177506446838379,174,94
0.010216712951660156,positive,10.0,10.0,1.2585413455963135,0.5731694102287292,-0.0290616936981678,0.27930784225463867,174,97
0.01037740707397461,positive,10.0,10.0,1.2775741815567017,0.5739172101020813,-0.012221838347613811,0.26269951462745667,174,99
0.010449409484863281,positive,10.0,10.0,1.2890524864196777,0.76921147108078,-0.0069678486324846745,-0.03381313383579254,174,100
0.01051783561706543,positive,10.0,10.0,1.3044366836547852,0.5741901397705078,-0.007644111290574074,0.2566632330417633,174,101
0.010695457458496094,positive,10.0,10.0,1.323504090309143,0.18409156799316406,0.00842765998095274,0.8388161063194275,174,103
0.010848522186279297,positive,10.0,10.0,1.3347679376602173,0.5738564133644104,0.03617988899350166,0.26415887475013733,174,105
0.010949134826660156,positive,10.0,10.0,1.3462450504302979,0.378237247467041,0.04146306589245796,0.5680301785469055,174,106
0.011193990707397461,positive,10.0,10.0,1.3728032112121582,0.5711750984191895,0.0705486610531807,0.32389193773269653,174,109
0.011579036712646484,negative,10.0,-10.0,1.390695333480835,-0.4099545180797577,0.16629153490066528,1.9294254779815674,174,114
0.011649847030639648,negative,10.0,-10.0,1.3824962377548218,-0.21695944666862488,0.20488004386425018,1.6925910711288452,174,115
0.0003991127014160156,positive,10.0,10.0,-0.005378487519919872,-0.3489034175872803,0.004313490819185972,0.5465735793113708,175,2
0.0004642009735107422,positive,10.0,10.0,-0.01235655602067709,-0.15384234488010406,0.015244962647557259,0.2552528381347656,175,3
0.0006396770477294922,positive,10.0,10.0,-0.025503939017653465,-0.34990400075912476,0.03673417121171951,0.5689228177070618,175,6
0.0007393360137939453,positive,10.0,10.0,-0.03560834005475044,0.039087988436222076,0.05387333035469055,0.01090624276548624,175,8
0.0008382797241210938,positive,10.0,10.0,-0.03721088916063309,-0.15838685631752014,0.06139207258820534,0.35608139634132385,175,11
0.0009696483612060547,positive,10.0,10.0,-0.042190127074718475,0.22775787115097046,0.0806603729724884,-0.13994818925857544,175,15
0.0010671615600585938,positive,10.0,10.0,-0.024692164734005928,0.029454082250595093,0.0679396390914917,0.223890021443367,175,18
0.0010991096496582031,positive,10.0,10.0,-0.024103082716464996,-0.1665697991847992,0.07241743803024292,0.5372064113616943,175,19
0.0012311935424804688,positive,10.0,10.0,-0.01415801141411066,0.6088072657585144,0.08336972445249557,-0.5241188406944275,175,23
0.0012624263763427734,positive,10.0,10.0,-0.0019818658474832773,0.4126170575618744,0.0728873461484909,-0.20637333393096924,175,24
0.001401662826538086,positive,10.0,10.0,0.03090873919427395,0.01880747452378273,0.05900466442108154,0.4589245915412903,175,28
0.0015041828155517578,positive,10.0,10.0,0.0358862467110157,0.2110586166381836,0.0818672701716423,0.22960899770259857,175,31
0.0015342235565185547,positive,10.0,10.0,0.04010741785168648,0.4049210548400879,0.0864594504237175,-0.036168619990348816,175,32
0.00156402587890625,positive,10.0,10.0,0.048205841332674026,0.5987036228179932,0.08573608100414276,-0.3003692626953125,175,33
0.0016279220581054688,positive,10.0,10.0,0.06822933256626129,0.5963643193244934,0.08009017258882523,-0.2484266459941864,175,35
0.001657724380493164,positive,10.0,10.0,0.08015661686658859,0.7902565598487854,0.07512164115905762,-0.5148113965988159,175,36
0.001905202865600586,positive,10.0,10.0,0.1552785336971283,0.5883467793464661,0.06456909328699112,-0.07087112963199615,175,43
0.0019381046295166016,positive,10.0,10.0,0.167045459151268,0.3923614025115967,0.06315166503190994,0.24146445095539093,175,44
0.002002716064453125,positive,10.0,10.0,0.1788206249475479,0.39050164818763733,0.07904854416847229,0.2828659415245056,175,46
0.002134084701538086,positive,10.0,10.0,0.22552332282066345,0.7758853435516357,0.08144617825746536,-0.1968218982219696,175,50
0.002198457717895508,positive,10.0,10.0,0.260436087846756,0.7736266851425171,0.06825491040945053,-0.1466694474220276,175,52
0.0023276805877685547,positive,10.0,10.0,0.3066065013408661,0.7696138620376587,0.08242260664701462,-0.057994913309812546,175,56
0.0023577213287353516,positive,10.0,10.0,0.3219987750053406,0.9634631872177124,0.08126270771026611,-0.32357701659202576,175,57
0.0024216175079345703,positive,10.0,10.0,0.35661372542381287,0.9612579345703125,0.07466288655996323,-0.274593710899353,175,59
0.002484560012817383,positive,10.0,10.0,0.398943692445755,0.9592171907424927,0.05831450968980789,-0.22917450964450836,175,61
0.0025811195373535156,positive,10.0,10.0,0.4447435438632965,0.3716009557247162,0.06316651403903961,0.7000671029090881,175,64
0.0026772022247314453,positive,10.0,10.0,0.47868624329566956,0.9535387754440308,0.08893674612045288,-0.1039293110370636,175,67
0.0027065277099609375,positive,10.0,10.0,0.4977570176124573,1.1472810506820679,0.08685816079378128,-0.3672811985015869,175,68
0.0027692317962646484,positive,10.0,10.0,0.5397234559059143,1.1449363231658936,0.07854205369949341,-0.31509852409362793,175,70
0.0029952526092529297,positive,10.0,10.0,0.7269070148468018,1.3342572450637817,0.002833419479429722,-0.4787967801094055,175,77
0.0030591487884521484,positive,10.0,10.0,0.7841789126396179,1.7245532274246216,-0.022154223173856735,-1.0653821229934692,175,79
0.0030879974365234375,positive,10.0,10.0,0.8186699748039246,1.529731273651123,-0.043461866676807404,-0.7797338366508484,175,80
0.0031502246856689453,positive,10.0,10.0,0.8837730884552002,1.531127691268921,-0.08077190071344376,-0.812185525894165,175,82
0.0035049915313720703,positive,10.0,10.0,1.046659231185913,0.5699502229690552,-0.031683798879384995,0.3353598713874817,175,93
0.0036170482635498047,positive,10.0,10.0,1.076979160308838,0.3758150041103363,-0.006270056124776602,0.6061186194419861,175,96
0.003648519515991211,positive,10.0,10.0,1.0844955444335938,0.5710240602493286,0.005852316506206989,0.31146740913391113,175,97
0.003681659698486328,positive,10.0,10.0,1.0959160327911377,0.37581923604011536,0.012081664986908436,0.6059902310371399,175,98
0.003712177276611328,positive,10.0,10.0,1.1034324169158936,0.18053045868873596,0.024201469495892525,0.9024539589881897,175,99
0.0037415027618408203,positive,10.0,10.0,1.1070430278778076,-0.014910845085978508,0.04225054755806923,1.2026445865631104,175,100
0.003908395767211914,negative,10.0,-10.0,1.0975768566131592,0.1738634556531906,0.17848873138427734,1.0643625259399414,175,105
0.003939628601074219,negative,10.0,-10.0,1.101054072380066,0.3662321865558624,0.19977599382400513,0.8325911164283752,175,106
0.0005853176116943359,positive,10.0,10.0,0.02566821500658989,0.03296419605612755,0.02015133760869503,0.03155194967985153,176,2
0.0007059574127197266,positive,10.0,10.0,0.026327500119805336,-0.16244085133075714,0.02078237570822239,0.33052411675453186,176,3
0.0007834434509277344,positive,10.0,10.0,0.023078681901097298,0.03237919509410858,0.027392858639359474,0.04446671903133392,176,4
0.0008552074432373047,positive,10.0,10.0,0.023726265877485275,-0.16312463581562042,0.02828219346702099,0.345664918422699,176,5
0.0009224414825439453,positive,10.0,10.0,0.020463773980736732,0.03158383443951607,0.035195492208004,0.06203289330005646,176,6
0.0010769367218017578,positive,10.0,10.0,0.017814958468079567,0.030561121180653572,0.04374833405017853,0.08463417738676071,176,8
0.0011088848114013672,positive,10.0,10.0,0.018426179885864258,-0.16515974700450897,0.04544101655483246,0.39079248905181885,176,9
0.0011782646179199219,positive,10.0,10.0,0.015708763152360916,-0.16655419766902924,0.055512383580207825,0.4217739403247833,176,11
0.0012097358703613281,positive,10.0,10.0,0.012377678416669369,0.027739116922020912,0.06394786387681961,0.14709514379501343,176,12
0.0012409687042236328,positive,10.0,10.0,0.012932460755109787,-0.16823753714561462,0.06688976287841797,0.4592471420764923,176,13
0.001271963119506836,positive,10.0,10.0,0.009567709639668465,0.02587827853858471,0.07607470452785492,0.18837548792362213,176,14
0.0014400482177734375,positive,10.0,10.0,0.02753843553364277,-0.17454130947589874,0.07644276320934296,0.598903238773346,176,19
0.001470327377319336,positive,10.0,10.0,0.0240476094186306,0.01943255588412285,0.08842083066701889,0.33124440908432007,176,20
0.0015714168548583984,positive,10.0,10.0,0.03683673217892647,0.6004520654678345,0.09252887219190598,-0.45432910323143005,176,23
0.0016024112701416016,positive,10.0,10.0,0.04884577542543411,0.40415188670158386,0.08344229310750961,-0.13397376239299774,176,24
0.0017342567443847656,positive,10.0,10.0,0.08884132653474808,0.39976605772972107,0.06411353498697281,-0.03681987151503563,176,28
0.0017652511596679688,positive,10.0,10.0,0.0968366488814354,0.20378607511520386,0.06337714195251465,0.2753825783729553,176,29
0.0018303394317626953,positive,10.0,10.0,0.10106876492500305,0.20191289484500885,0.0806320384144783,0.31714919209480286,176,31
0.0018703937530517578,positive,10.0,10.0,0.10510702431201935,0.39579933881759644,0.08697501569986343,0.05094457417726517,176,32
0.002290487289428711,positive,10.0,10.0,0.23714230954647064,0.7677670121192932,0.08423741161823273,-0.13200567662715912,176,44
0.0023212432861328125,positive,10.0,10.0,0.2524976432323456,0.96158766746521,0.08159729838371277,-0.39696916937828064,176,45
0.002386331558227539,positive,10.0,10.0,0.28703758120536804,0.959401547908783,0.07206358015537262,-0.34828123450279236,176,47
0.002416849136352539,positive,10.0,10.0,0.30622559785842896,0.7633325457572937,0.06509795784950256,-0.03377273678779602,176,48
0.0024535655975341797,positive,10.0,10.0,0.3214922547340393,0.5673403739929199,0.06442250311374664,0.27871808409690857,176,49
0.0025968551635742188,positive,10.0,10.0,0.36676111817359924,0.953057587146759,0.08934754133224487,-0.20822542905807495,176,53
0.002702474594116211,positive,10.0,10.0,0.42776980996131897,1.1445406675338745,0.07269079983234406,-0.42102640867233276,176,56
0.002737760543823242,positive,10.0,10.0,0.4506606161594391,0.9484681487083435,0.0642702728509903,-0.10634201765060425,176,57
0.0027723312377929688,positive,10.0,10.0,0.4696299731731415,0.7524868845939636,0.06214343383908272,0.20590542256832123,176,58
0.0028040409088134766,positive,10.0,10.0,0.4846797287464142,0.5565338730812073,0.06626154482364655,0.5175259709358215,176,59
0.0031042098999023438,positive,10.0,10.0,0.6463357210159302,1.1292840242385864,0.08673043549060822,-0.08359043300151825,176,68
0.0031366348266601562,positive,10.0,10.0,0.6689214110374451,1.323062539100647,0.08505862951278687,-0.3476988971233368,176,69
0.00316619873046875,positive,10.0,10.0,0.6953826546669006,1.1268402338027954,0.0781046450138092,-0.029452482238411903,176,70
0.003229856491088867,positive,10.0,10.0,0.7443346977233887,1.1246237754821777,0.07158546894788742,0.019581709057092667,176,72
0.0032930374145507812,positive,10.0,10.0,0.7932001352310181,1.5126742124557495,0.0669834241271019,-0.5188238024711609,176,74
0.003322601318359375,positive,10.0,10.0,0.8234536647796631,1.7067923545837402,0.056606948375701904,-0.7896696329116821,176,75
0.0034601688385009766,positive,10.0,10.0,0.9599218368530273,1.705129861831665,-0.004844046663492918,-0.751353919506073,176,79
0.003492593765258789,positive,10.0,10.0,0.9940244555473328,1.9003182649612427,-0.019871124997735023,-1.0455572605133057,176,80
0.0035228729248046875,positive,10.0,10.0,1.0320308208465576,1.7054656744003296,-0.04078226909041405,-0.7591777443885803,176,81
0.003551483154296875,positive,10.0,10.0,1.0661401748657227,1.510928750038147,-0.05596582591533661,-0.47960156202316284,176,82
0.003579854965209961,positive,10.0,10.0,1.0963586568832397,1.3166396617889404,-0.06555785238742828,-0.2050696164369583,176,83
0.00360870361328125,positive,10.0,10.0,1.1226915121078491,1.5126348733901978,-0.06965924799442291,-0.5176911354064941,176,84
0.003637552261352539,positive,10.0,10.0,1.1529442071914673,1.708664894104004,-0.08001307398080826,-0.8314863443374634,176,85
0.003931760787963867,positive,10.0,10.0,1.352331280708313,0.7466609477996826,-0.08952730149030685,0.3354977071285248,176,94
0.003961801528930664,positive,10.0,10.0,1.3672645092010498,0.9429354071617126,-0.08281734585762024,0.015979252755641937,176,95
0.0039904117584228516,positive,10.0,10.0,1.3861231803894043,0.7490927577018738,-0.08249776065349579,0.2814261317253113,176,96
0.004018306732177734,positive,10.0,10.0,1.4011050462722778,0.5552385449409485,-0.07686924189329147,0.5469917058944702,176,97
0.004081249237060547,positive,10.0,10.0,1.4272369146347046,0.5572305917739868,-0.06130713224411011,0.5022931694984436,176,99
0.004175901412963867,positive,10.0,10.0,1.4568182229995728,0.3642131984233856,-0.0264267697930336,0.747882604598999,176,102
0.0042705535888671875,positive,10.0,10.0,1.482590913772583,0.5598885416984558,0.01219186931848526,0.4425697326660156,176,105
0.004335641860961914,positive,10.0,10.0,1.5010806322097778,0.5594213604927063,0.03582467883825302,0.4530840218067169,176,107
0.004365205764770508,positive,10.0,10.0,1.5122690200805664,0.7540188431739807,0.044886358082294464,0.17190523445606232,176,108
0.004510164260864258,positive,10.0,10.0,1.5725114345550537,0.3611471951007843,0.060386259108781815,0.8162112236022949,176,112
0.004541635513305664,positive,10.0,10.0,1.5797343254089355,0.5553926825523376,0.07671048492193222,0.5431168675422668,176,113
0.004571676254272461,positive,10.0,10.0,1.5908422470092773,0.3592812120914459,0.08757282048463821,0.8589497208595276,176,114
0.00467228889465332,negative,10.0,-10.0,1.6006247997283936,-0.22965741157531738,0.15833713114261627,1.8312673568725586,176,117
0.00016641616821289062,positive,10.0,10.0,0.018452337011694908,0.029865186661481857,0.009000515565276146,-0.048352066427469254,177,0
0.0003342628479003906,positive,10.0,10.0,0.008529539220035076,-0.16568322479724884,0.023823872208595276,0.2537968158721924,177,3
0.00037169456481933594,positive,10.0,10.0,0.005215874407440424,-0.3611370921134949,0.02889980934560299,0.5538979768753052,177,4
0.0004076957702636719,positive,10.0,10.0,-0.0020068674348294735,-0.16643263399600983,0.03997776657342911,0.2704586088657379,177,5
0.00044083595275878906,positive,10.0,10.0,-0.0053355204872787,-0.36210158467292786,0.045386940240859985,0.5754778385162354,177,6
0.0004737377166748047,positive,10.0,10.0,-0.01257755234837532,-0.16764429211616516,0.05689649656414986,0.29743146896362305,177,7
0.0005466938018798828,positive,10.0,10.0,-0.015397990122437477,-0.16934190690517426,0.06330955773591995,0.3350519835948944,177,9
0.0005824565887451172,positive,10.0,10.0,-0.01878482848405838,0.024824582040309906,0.07001059502363205,0.06298632174730301,177,10
0.0006906986236572266,positive,10.0,10.0,-0.021256620064377785,0.21672283113002777,0.0809590071439743,-0.15929199755191803,177,13
0.0007250308990478516,positive,10.0,10.0,-0.01692216470837593,0.4105980098247528,0.07777316868305206,-0.4253762662410736,177,14
0.0007576942443847656,positive,10.0,10.0,-0.008710204623639584,0.21446549892425537,0.06926564127206802,-0.10922457277774811,177,15
0.0008385181427001953,positive,10.0,10.0,-0.0040524364449083805,-0.17759105563163757,0.07117079198360443,0.5175487399101257,177,17
0.0009465217590332031,positive,10.0,10.0,-0.0030684645753353834,0.4041112959384918,0.08612842857837677,-0.2819737195968628,177,20
0.0009794235229492188,positive,10.0,10.0,0.005013761110603809,0.5979058742523193,0.08048895746469498,-0.5462976098060608,177,21
0.0010499954223632812,positive,10.0,10.0,0.025006894022226334,0.20570726692676544,0.06497541815042496,0.08440976589918137,177,23
0.0011553764343261719,positive,10.0,10.0,0.0333920381963253,0.39781129360198975,0.07711932808160782,-0.1423243135213852,177,26
0.0012252330780029297,positive,10.0,10.0,0.05318324267864227,0.3956568241119385,0.06607852876186371,-0.09457218647003174,177,28
0.0012578964233398438,positive,10.0,10.0,0.06109637767076492,0.19965308904647827,0.06418708711862564,0.21820476651191711,177,29
0.0013070106506347656,positive,10.0,10.0,0.06508944183588028,0.003675103187561035,0.06855118274688721,0.5304244160652161,177,30
0.0013456344604492188,positive,10.0,10.0,0.06516294181346893,0.1977691799402237,0.07915966957807541,0.2601054012775421,177,31
0.0013794898986816406,positive,10.0,10.0,0.06911832839250565,0.3916770815849304,0.08436177670955658,-0.006597011815756559,177,32
0.0014941692352294922,positive,10.0,10.0,0.10424814373254776,0.9732502698898315,0.06806974858045578,-0.8033390641212463,177,35
0.001711130142211914,positive,10.0,10.0,0.17009659111499786,0.18881727755069733,0.0526234433054924,0.4573122262954712,177,41
0.001744985580444336,positive,10.0,10.0,0.1738729327917099,-0.007007606327533722,0.06176968663930893,0.7661070823669434,177,42
0.0017778873443603516,positive,10.0,10.0,0.17373278737068176,0.18721191585063934,0.07709182798862457,0.49348214268684387,177,43
0.0018105506896972656,positive,10.0,10.0,0.17747701704502106,0.3811667561531067,0.08696147054433823,0.2260565459728241,177,44
0.001844644546508789,positive,10.0,10.0,0.18510036170482635,0.5749452114105225,0.09148260205984116,-0.03797831013798714,177,45
0.0019161701202392578,positive,10.0,10.0,0.21197214722633362,0.572354257106781,0.08471396565437317,0.01940659061074257,177,47
0.0019943714141845703,positive,10.0,10.0,0.23874254524707794,0.9599754810333252,0.08019426465034485,-0.5100646615028381,177,49
0.0020685195922851562,positive,10.0,10.0,0.2810196876525879,0.957870364189148,0.054464224725961685,-0.46257907152175903,177,51
0.0021011829376220703,positive,10.0,10.0,0.30017709732055664,0.7620226740837097,0.04521264508366585,-0.15323860943317413,177,52
0.00217437744140625,positive,10.0,10.0,0.3267432153224945,0.3705841600894928,0.04521503299474716,0.45903417468070984,177,54
0.0022077560424804688,positive,10.0,10.0,0.3341549038887024,0.565038800239563,0.05439571663737297,0.18093907833099365,177,55
0.0022771358489990234,positive,10.0,10.0,0.35283932089805603,0.5634399652481079,0.0678199753165245,0.2164241373538971,177,57
0.0023844242095947266,positive,10.0,10.0,0.3826855421066284,0.3652544319629669,0.08795459568500519,0.578192412853241,177,60
0.002776622772216797,positive,10.0,10.0,0.5667120218276978,1.3237847089767456,0.09405303001403809,-0.5130537152290344,177,71
0.0028104782104492188,positive,10.0,10.0,0.593187689781189,1.1274726390838623,0.08379195630550385,-0.1922762393951416,177,72
0.002880573272705078,positive,10.0,10.0,0.6421631574630737,1.1251463890075684,0.07079853862524033,-0.1406213492155075,177,74
0.0029497146606445312,positive,10.0,10.0,0.6832478046417236,0.733059823513031,0.07145672291517258,0.4868623614311218,177,76
0.0029811859130859375,positive,10.0,10.0,0.6979089975357056,0.9271045923233032,0.0811939686536789,0.21752837300300598,177,77
0.0030121803283691406,positive,10.0,10.0,0.716451108455658,1.1209776401519775,0.08554453402757645,-0.048478350043296814,177,78
0.0030803680419921875,positive,10.0,10.0,0.765166163444519,1.1185568571090698,0.0783151164650917,0.005118661560118198,177,80
0.00311279296875,positive,10.0,10.0,0.7875373363494873,1.3124734163284302,0.07841749489307404,-0.26186347007751465,177,81
0.003146648406982422,positive,10.0,10.0,0.8137868046760559,1.5063934326171875,0.07318022102117538,-0.5288186073303223,177,82
0.0031783580780029297,positive,10.0,10.0,0.8439146280288696,1.3103224039077759,0.06260384619235992,-0.21400338411331177,177,83
0.003209829330444336,positive,10.0,10.0,0.8701211214065552,1.1143639087677002,0.058323781937360764,0.09775209426879883,177,84
0.0032792091369628906,positive,10.0,10.0,0.9107775092124939,0.7225341200828552,0.06844384223222733,0.7193120718002319,177,86
0.0033311843872070312,positive,10.0,10.0,0.9252281785011292,0.5265352725982666,0.08283007889986038,1.0327287912368774,177,87
0.0034568309783935547,negative,10.0,-10.0,0.9606497883796692,0.3276102840900421,0.1406383365392685,1.4180071353912354,177,90
0.003489971160888672,negative,10.0,-10.0,0.9672020077705383,0.5207390785217285,0.16899847984313965,1.172385573387146,177,91
0.0035240650177001953,negative,10.0,-10.0,0.9776167869567871,0.713310182094574,0.19244618713855743,0.9370935559272766,177,92
0.0004222393035888672,positive,10.0,10.0,0.02520553208887577,0.014551361091434956,0.015464719384908676,-0.0012002992443740368,178,0
0.0008466243743896484,positive,10.0,10.0,0.022162972018122673,-0.1813122183084488,0.021538104861974716,0.3078952729701996,178,3
0.000946044921875,positive,10.0,10.0,0.018536727875471115,0.013496317900717258,0.02769601158797741,0.022081950679421425,178,4
0.0010433197021484375,positive,10.0,10.0,0.01880665309727192,-0.1820116490125656,0.028137650340795517,0.323373019695282,178,5
0.0012431144714355469,positive,10.0,10.0,0.015420392155647278,-0.18290208280086517,0.03539900481700897,0.3430918753147125,178,7
0.0014371871948242188,positive,10.0,10.0,0.01199632789939642,-0.18400274217128754,0.04349641129374504,0.367489755153656,178,9
0.001535177230834961,positive,10.0,10.0,0.008316272869706154,0.010475010611116886,0.05084620416164398,0.08883294463157654,178,10
0.0022687911987304688,positive,10.0,10.0,0.005430497694760561,0.3952418565750122,0.07268068194389343,-0.376949667930603,178,16
0.0026702880859375,positive,10.0,10.0,0.013526180759072304,0.001291812863200903,0.0801486149430275,0.2921673655509949,178,20
0.0027611255645751953,positive,10.0,10.0,0.013552017509937286,0.19518496096134186,0.08599195629358292,0.02579977922141552,178,21
0.0028519630432128906,positive,10.0,10.0,0.01745571568608284,0.38897520303726196,0.08650795370340347,-0.2385609894990921,178,22
0.0031630992889404297,positive,10.0,10.0,0.04462222382426262,0.5806155204772949,0.06797228008508682,-0.45470762252807617,178,25
0.0032546520233154297,positive,10.0,10.0,0.05623453110456467,0.7747138142585754,0.05887812748551369,-0.7252143025398254,178,26
0.0033426284790039062,positive,10.0,10.0,0.07172881066799164,0.5788292288780212,0.04437384009361267,-0.41459640860557556,178,27
0.003428936004638672,positive,10.0,10.0,0.08330539613962173,0.38310736417770386,0.036081910133361816,-0.10826095193624496,178,28
0.003515005111694336,positive,10.0,10.0,0.09096754342317581,0.1874874234199524,0.033916693180799484,0.19558373093605042,178,29
0.0038394927978515625,positive,10.0,10.0,0.09828455001115799,-0.009305626153945923,0.05216865986585617,0.5256153345108032,178,32
0.0040378570556640625,positive,10.0,10.0,0.10179933905601501,-0.010913566686213017,0.06767730414867401,0.5615934133529663,178,34
0.004231929779052734,positive,10.0,10.0,0.10524499416351318,0.37710991501808167,0.08472870290279388,0.024186987429857254,178,36
0.004320621490478516,positive,10.0,10.0,0.11278719455003738,0.570921003818512,0.08521243929862976,-0.24060633778572083,178,37
0.004518985748291016,positive,10.0,10.0,0.1395002007484436,0.5685714483261108,0.07029549032449722,-0.18834324181079865,178,39
0.0046100616455078125,positive,10.0,10.0,0.1508716195821762,0.372517853975296,0.06652862578630447,0.12566068768501282,178,40
0.004699230194091797,positive,10.0,10.0,0.15832197666168213,0.566626787185669,0.06904184073209763,-0.145313560962677,178,41
0.004794120788574219,positive,10.0,10.0,0.16965451836585999,0.3705874979496002,0.06613557040691376,0.1683269590139389,178,42
0.004878520965576172,positive,10.0,10.0,0.17706626653671265,0.1745842844247818,0.06950210779905319,0.48111870884895325,178,43
0.005068540573120117,positive,10.0,10.0,0.1879311501979828,0.17250101268291473,0.08334698528051376,0.5276814103126526,178,45
0.005550384521484375,positive,10.0,10.0,0.24392402172088623,0.7508589625358582,0.08360230177640915,-0.19817385077476501,178,50
0.005761861801147461,positive,10.0,10.0,0.27783504128456116,0.7485401034355164,0.07037167996168137,-0.1466730237007141,178,52
0.005976438522338867,positive,10.0,10.0,0.3038555383682251,0.3564653992652893,0.07078531384468079,0.48052674531936646,178,54
0.0062901973724365234,positive,10.0,10.0,0.3368833661079407,0.9382196068763733,0.0835089385509491,-0.3201444447040558,178,57
0.006385326385498047,positive,10.0,10.0,0.3556477725505829,1.132059097290039,0.0771060511469841,-0.5853673815727234,178,58
0.00658869743347168,positive,10.0,10.0,0.39700788259506226,0.7399553060531616,0.06001018360257149,0.04314605891704559,178,60
0.007080793380737305,positive,10.0,10.0,0.45521533489227295,0.9298279285430908,0.09173756837844849,-0.13442471623420715,178,65
0.007177829742431641,positive,10.0,10.0,0.47381189465522766,1.1235243082046509,0.0890490710735321,-0.3968144655227661,178,66
0.007383823394775391,positive,10.0,10.0,0.51482754945755,1.121130347251892,0.07956403493881226,-0.3434670567512512,178,68
0.0075800418853759766,positive,10.0,10.0,0.5557495951652527,1.1189801692962646,0.0721588283777237,-0.29568347334861755,178,70
0.009101390838623047,positive,10.0,10.0,0.8136915564537048,1.2983946800231934,0.0814419835805893,-0.24191272258758545,178,83
0.010631084442138672,positive,10.0,10.0,1.2498186826705933,1.669995665550232,0.030161431059241295,-0.4155011773109436,178,99
0.010721445083618164,positive,10.0,10.0,1.2832186222076416,1.4744595289230347,0.02185140736401081,-0.11346422880887985,178,100
0.010807514190673828,positive,10.0,10.0,1.312707781791687,1.6692616939544678,0.019582122564315796,-0.39917388558387756,178,101
0.010891199111938477,positive,10.0,10.0,1.346092939376831,1.4738675355911255,0.011598645709455013,-0.1003820076584816,178,102
0.010974645614624023,positive,10.0,10.0,1.375570297241211,1.6688213348388672,0.009591005742549896,-0.38938313722610474,178,103
0.011055946350097656,positive,10.0,10.0,1.4089467525482178,1.4735645055770874,0.0018033426022157073,-0.09369176626205444,178,104
0.011244058609008789,positive,10.0,10.0,1.4717912673950195,1.4735397100448608,-0.007786596659570932,-0.093144491314888,178,106
0.01168966293334961,positive,10.0,10.0,1.6269826889038086,1.6698168516159058,-0.02952878549695015,-0.4114437401294708,178,111
0.011907577514648438,positive,10.0,10.0,1.6898815631866455,1.6707676649093628,-0.0403219498693943,-0.4325663447380066,178,113
0.012360334396362305,positive,10.0,10.0,1.8180714845657349,0.6986059546470642,-0.028025727719068527,0.9557755589485168,178,118
0.012629270553588867,positive,10.0,10.0,1.8639073371887207,0.8941620588302612,0.02306390553712845,0.6529178023338318,178,121
0.012712478637695312,positive,10.0,10.0,1.8817906379699707,0.6987266540527344,0.036122262477874756,0.9527731537818909,178,122
0.012793540954589844,positive,10.0,10.0,1.8957651853561401,0.8933444023132324,0.0551777258515358,0.6716545820236206,178,123
0.012968063354492188,negative,10.0,-10.0,1.927582025527954,0.8916392922401428,0.0882345587015152,0.7108201384544373,178,125
0.013050556182861328,negative,10.0,-10.0,1.9454149007797241,0.6954134106636047,0.10245096683502197,1.029921293258667,178,126
0.013131380081176758,negative,10.0,-10.0,1.9593231678009033,0.8890339732170105,0.12304938584566116,0.7710812091827393,178,127
0.01331472396850586,negative,10.0,-10.0,1.9909528493881226,0.8855080604553223,0.16046717762947083,0.8535780906677246,178,129
0.013482093811035156,negative,10.0,-10.0,2.022435188293457,0.8810401558876038,0.20138099789619446,0.9599205255508423,178,131
0.0001518726348876953,positive,10.0,10.0,-0.022668207064270973,0.00708641204982996,-0.03585536405444145,0.04056556522846222,179,0
0.0002684593200683594,positive,10.0,10.0,-0.026276549324393272,0.008099493570625782,-0.02860957756638527,0.018198423087596893,179,2
0.000423431396484375,positive,10.0,10.0,-0.03338601440191269,0.009547178633511066,-0.01648881658911705,-0.013746189884841442,179,6
0.0005254745483398438,positive,10.0,10.0,-0.04450602829456329,-0.18493470549583435,-6.920191663084552e-05,0.26481950283050537,179,9
0.0005900859832763672,positive,10.0,10.0,-0.055805835872888565,-0.1850074827671051,0.0163768008351326,0.26644912362098694,179,11
0.0006227493286132812,positive,10.0,10.0,-0.05950598418712616,-0.3803592920303345,0.021705782040953636,0.5642520785331726,179,12
0.0006885528564453125,positive,10.0,10.0,-0.07082413882017136,-0.38112518191337585,0.03856053948402405,0.5813887119293213,179,14
0.0007548332214355469,positive,10.0,10.0,-0.08217792958021164,0.007807879708707333,0.05621027573943138,0.02465631254017353,179,16
0.0009171962738037109,positive,10.0,10.0,-0.08936725556850433,0.19839394092559814,0.07405625283718109,-0.16850066184997559,179,21
0.0009810924530029297,positive,10.0,10.0,-0.07755172997713089,0.19633442163467407,0.06194759160280228,-0.12283111363649368,179,23
0.0010437965393066406,positive,10.0,10.0,-0.07361739873886108,-0.19553819298744202,0.06326565891504288,0.49957510828971863,179,25
0.0011065006256103516,positive,10.0,10.0,-0.07755541801452637,0.19264020025730133,0.07780680060386658,-0.04122323542833328,179,27
0.0011701583862304688,positive,10.0,10.0,-0.06597130745649338,0.19043555855751038,0.07081476598978043,0.007555046584457159,179,29
0.0011992454528808594,positive,10.0,10.0,-0.062162596732378006,-0.005626759026199579,0.07096586376428604,0.32171356678009033,179,30
0.0012285709381103516,positive,10.0,10.0,-0.062275130301713943,0.18841663002967834,0.07740013301372528,0.052227575331926346,179,31
0.0012569427490234375,positive,10.0,10.0,-0.0585067979991436,0.38234832882881165,0.07844468951225281,-0.21506614983081818,179,32
0.0012857913970947266,positive,10.0,10.0,-0.050859831273555756,0.5762662887573242,0.07414336502552032,-0.4820094704627991,179,33
0.0013823509216308594,positive,10.0,10.0,-0.028046952560544014,-0.011744825169444084,0.06407303363084793,0.4567384123802185,179,36
0.0014123916625976562,positive,10.0,10.0,-0.02828184887766838,0.18241553008556366,0.0732078030705452,0.18492008745670319,179,37
0.0015096664428710938,positive,10.0,10.0,-0.005698023363947868,0.7643339037895203,0.06820496171712875,-0.6193063259124756,179,40
0.0016052722930908203,positive,10.0,10.0,0.028404390439391136,0.17665962874889374,0.04977602884173393,0.31174594163894653,179,43
0.0018165111541748047,positive,10.0,10.0,0.06107129529118538,0.561608076095581,0.07490890473127365,-0.15762194991111755,179,49
0.0018489360809326172,positive,10.0,10.0,0.07230345904827118,0.7555820345878601,0.07175645977258682,-0.4257643520832062,179,50
0.0018794536590576172,positive,10.0,10.0,0.08741509914398193,0.559520959854126,0.06324117630720139,-0.11135121434926987,179,51
0.0019452571868896484,positive,10.0,10.0,0.10587656497955322,0.16761337220668793,0.06502603739500046,0.5118831992149353,179,53
0.0019752979278564453,positive,10.0,10.0,0.10922883450984955,0.36176201701164246,0.07526370137929916,0.24037989974021912,179,54
0.0020422935485839844,positive,10.0,10.0,0.1275787204504013,0.7496204376220703,0.0795183852314949,-0.29402977228164673,179,56
0.0020744800567626953,positive,10.0,10.0,0.14257113635540009,0.5534601211547852,0.07363779097795486,0.022634655237197876,179,57
0.002140045166015625,positive,10.0,10.0,0.16078761219978333,0.5513573288917542,0.08084272593259811,0.0691826343536377,179,59
0.0021698474884033203,positive,10.0,10.0,0.17181475460529327,0.35517504811286926,0.08222638070583344,0.38623690605163574,179,60
0.002198457717895508,positive,10.0,10.0,0.17891825735569,0.5490393042564392,0.08995112031698227,0.12057032436132431,179,61
0.002360820770263672,positive,10.0,10.0,0.2569679617881775,0.7378876805305481,0.07269918918609619,-0.03430667892098427,179,66
0.002424001693725586,positive,10.0,10.0,0.290363609790802,0.7358254790306091,0.06594914197921753,0.0113013731315732,179,68
0.0026519298553466797,positive,10.0,10.0,0.38903072476387024,0.9227043986320496,0.08324086666107178,-0.09995219856500626,179,75
0.0027179718017578125,positive,10.0,10.0,0.4298156201839447,0.9203639626502991,0.07393671572208405,-0.04810198023915291,179,77
0.0027506351470947266,positive,10.0,10.0,0.44822290539741516,1.1143521070480347,0.07297467440366745,-0.3165716528892517,179,78
0.002817869186401367,positive,10.0,10.0,0.4888753592967987,0.7222594618797302,0.06660730391740799,0.3111460506916046,179,80
0.002847909927368164,positive,10.0,10.0,0.503320574760437,0.5262548923492432,0.07283022999763489,0.6240689754486084,179,81
0.002912759780883789,positive,10.0,10.0,0.5282514095306396,0.9141004085540771,0.09241527318954468,0.09057391434907913,179,83
0.0029420852661132812,positive,10.0,10.0,0.546533465385437,1.107784628868103,0.09422674775123596,-0.17158113420009613,179,84
0.002971649169921875,positive,10.0,10.0,0.5686891078948975,1.3014404773712158,0.0907951295375824,-0.433114618062973,179,85
0.0030002593994140625,positive,10.0,10.0,0.5947179198265076,1.1051582098007202,0.08213283866643906,-0.113246850669384,179,86
0.00302886962890625,positive,10.0,10.0,0.6168211102485657,1.2990130186080933,0.0798678994178772,-0.3789290487766266,179,87
0.0031280517578125,positive,10.0,10.0,0.6907957792282104,1.4909106492996216,0.06442192196846008,-0.6006583571434021,179,90
0.0031931400299072266,positive,10.0,10.0,0.7465130090713501,1.4892864227294922,0.04664076864719391,-0.564103364944458,179,92
0.0032224655151367188,positive,10.0,10.0,0.7762987017631531,1.6837239265441895,0.03535870090126991,-0.8417351841926575,179,93
0.0032515525817871094,positive,10.0,10.0,0.8099731802940369,1.8783458471298218,0.01852400042116642,-1.1230922937393188,179,94
0.003280162811279297,positive,10.0,10.0,0.8475400805473328,1.6829860210418701,-0.003937845584005117,-0.8246570229530334,179,95
0.0033431053161621094,positive,10.0,10.0,0.9187630414962769,1.6833136081695557,-0.04280250519514084,-0.8323711156845093,179,97
0.0033731460571289062,positive,10.0,10.0,0.9524293541908264,1.8789935111999512,-0.059449926018714905,-1.1382023096084595,179,98
0.0034034252166748047,positive,10.0,10.0,0.9900091886520386,2.0748403072357178,-0.08221396803855896,-1.44892156124115,179,99
0.0035028457641601562,negative,10.0,-10.0,1.1184667348861694,1.8840932846069336,-0.17671437561511993,-1.2663933038711548,179,102
0.000194549560546875,positive,10.0,10.0,0.04650544002652168,-0.009221752174198627,0.013836957514286041,0.038675449788570404,180,0
0.0003650188446044922,positive,10.0,10.0,0.04223021864891052,-0.00962835643440485,0.02132430113852024,0.04765177518129349,180,2
0.00042176246643066406,positive,10.0,10.0,0.04203765094280243,-0.20504948496818542,0.022277336567640305,0.34698569774627686,180,3
0.00047135353088378906,positive,10.0,10.0,0.03793666139245033,-0.010251376777887344,0.029217051342129707,0.061410028487443924,180,4
0.0005183219909667969,positive,10.0,10.0,0.03773163631558418,-0.2057797908782959,0.030445251613855362,0.36316606402397156,180,5
0.0005643367767333984,positive,10.0,10.0,0.03361603990197182,-0.011103479191660881,0.037708573043346405,0.08023644983768463,180,6
0.0006127357482910156,positive,10.0,10.0,0.033393967896699905,-0.20674513280391693,0.03931330144405365,0.3845739960670471,180,7
0.0007715225219726562,positive,10.0,10.0,0.02485569939017296,-0.013572841882705688,0.05732911080121994,0.13486582040786743,180,10
0.0009224414825439453,positive,10.0,10.0,0.020090030506253242,-0.21128082275390625,0.07236575335264206,0.4855029284954071,180,13
0.0009686946868896484,positive,10.0,10.0,0.015864413231611252,-0.017250675708055496,0.0820758119225502,0.2164764255285263,180,14
0.0010135173797607422,positive,10.0,10.0,0.015519400127232075,0.1766078770160675,0.08640534430742264,-0.04922931268811226,180,15
0.001058340072631836,positive,10.0,10.0,0.019051557406783104,0.3703913986682892,0.08542075753211975,-0.31344863772392273,180,16
0.0011026859283447266,positive,10.0,10.0,0.026459386572241783,0.17416304349899292,0.07915178686380386,0.004903866443783045,180,17
0.0011475086212158203,positive,10.0,10.0,0.029942646622657776,0.36806586384773254,0.07924985885620117,-0.26179343461990356,180,18
0.0013453960418701172,positive,10.0,10.0,0.05925969034433365,-0.025995444506406784,0.06114838272333145,0.4093436896800995,180,22
0.001409292221069336,positive,10.0,10.0,0.05873978137969971,0.16820865869522095,0.06933525204658508,0.13654841482639313,180,23
0.0015139579772949219,positive,10.0,10.0,0.06154726818203926,0.1661982536315918,0.08107171952724457,0.18115028738975525,180,25
0.0016164779663085938,positive,10.0,10.0,0.07207267731428146,0.5538843870162964,0.08299679309129715,-0.34970220923423767,180,27
0.0016751289367675781,positive,10.0,10.0,0.08315036445856094,0.3576861619949341,0.07600274682044983,-0.03204483911395073,180,28
0.0017240047454833984,positive,10.0,10.0,0.09030408412218094,0.5516405701637268,0.07536185532808304,-0.29981327056884766,180,29
0.0017709732055664062,positive,10.0,10.0,0.10133689641952515,0.3555298447608948,0.06936558336019516,0.015653260052204132,180,30
0.0018177032470703125,positive,10.0,10.0,0.10844749212265015,0.15948520600795746,0.0696786493062973,0.32939016819000244,180,31
0.0019249916076660156,positive,10.0,10.0,0.11870819330215454,0.5474998950958252,0.07745583355426788,-0.208210289478302,180,33
0.0019729137420654297,positive,10.0,10.0,0.12965819239616394,0.7414337992668152,0.07329162955284119,-0.47548967599868774,180,34
0.002017974853515625,positive,10.0,10.0,0.14448685944080353,0.5453575849533081,0.06378183513879776,-0.16063646972179413,180,35
0.002116680145263672,positive,10.0,10.0,0.16238167881965637,0.15344864130020142,0.06359843164682388,0.4626258313655853,180,37
0.002218008041381836,positive,10.0,10.0,0.1724029928445816,0.5416250824928284,0.07666390389204025,-0.07819352298974991,180,39
0.00226593017578125,positive,10.0,10.0,0.18323549628257751,0.7355690598487854,0.07510003447532654,-0.34573790431022644,180,40
0.0023641586303710938,positive,10.0,10.0,0.21653781831264496,0.7335416674613953,0.05590875819325447,-0.3004702925682068,180,42
0.002408742904663086,positive,10.0,10.0,0.2312086522579193,0.5376692414283752,0.049899350851774216,0.009307884611189365,180,43
0.002606630325317383,positive,10.0,10.0,0.2585280239582062,0.5344382524490356,0.07595809549093246,0.08079332858324051,180,47
0.002654552459716797,positive,10.0,10.0,0.26921677589416504,0.7283937931060791,0.07757396250963211,-0.186990886926651,180,48
0.0026993751525878906,positive,10.0,10.0,0.2837846577167511,0.922325074672699,0.0738341435790062,-0.4542291462421417,180,49
0.0027430057525634766,positive,10.0,10.0,0.30223116278648376,0.7262409925460815,0.06474956125020981,-0.1392168551683426,180,50
0.002887248992919922,positive,10.0,10.0,0.3340471386909485,0.5284433364868164,0.07512342184782028,0.21337413787841797,180,53
0.0029315948486328125,positive,10.0,10.0,0.34461599588394165,0.7224153280258179,0.07939090579748154,-0.05469772592186928,180,54
0.0031304359436035156,positive,10.0,10.0,0.4100778102874756,1.108219861984253,0.06628718227148056,-0.5433828234672546,180,58
0.0032796859741210938,positive,10.0,10.0,0.46481412649154663,0.5205516815185547,0.05238934978842735,0.38733407855033875,180,61
0.003450155258178711,positive,10.0,10.0,0.49209901690483093,0.7129643559455872,0.08251535147428513,0.1544540971517563,180,64
0.003557443618774414,positive,10.0,10.0,0.5244945883750916,1.1006114482879639,0.08338245749473572,-0.37559375166893005,180,66
0.0037119388580322266,positive,10.0,10.0,0.5865623354911804,0.902265191078186,0.06820116937160492,-0.010364429093897343,180,69
0.003759622573852539,positive,10.0,10.0,0.6046076416969299,0.7062347531318665,0.0679938867688179,0.30303317308425903,180,70
0.0038623809814453125,positive,10.0,10.0,0.6289365887641907,0.7042264938354492,0.08638177067041397,0.3478907644748688,180,72
0.00447845458984375,positive,10.0,10.0,0.8817892074584961,1.4665316343307495,0.08519840240478516,-0.42473936080932617,180,84
0.004527091979980469,positive,10.0,10.0,0.9111198782920837,1.2703126668930054,0.07670361548662186,-0.10646044462919235,180,85
0.004572153091430664,positive,10.0,10.0,0.9365261197090149,1.4642564058303833,0.07457440346479416,-0.3739919364452362,180,86
0.004670143127441406,positive,10.0,10.0,0.9911743998527527,1.0721421241760254,0.06591939926147461,0.25431597232818604,180,88
0.0047147274017333984,positive,10.0,10.0,1.0126172304153442,0.8761439323425293,0.07100571691989899,0.5670410394668579,180,89
0.004758119583129883,positive,10.0,10.0,1.0301401615142822,0.6801015138626099,0.08234653621912003,0.8812217712402344,180,90
0.005104780197143555,negative,10.0,-10.0,1.1364400386810303,0.8627357482910156,0.20253296196460724,0.8780636787414551,180,97
0.0003819465637207031,positive,10.0,10.0,-0.023674536496400833,-0.40562015771865845,0.039058808237314224,0.5794352889060974,181,2
0.00045013427734375,positive,10.0,10.0,-0.03178694099187851,-0.21106672286987305,0.05064751207828522,0.29930809140205383,181,3
0.0005075931549072266,positive,10.0,10.0,-0.03600827604532242,-0.01670190878212452,0.05663367360830307,0.02301873080432415,181,4
0.0006198883056640625,positive,10.0,10.0,-0.04059407860040665,-0.01832357607781887,0.06375442445278168,0.05887288972735405,181,6
0.0006685256958007812,positive,10.0,10.0,-0.04096055030822754,-0.21429896354675293,0.06493188440799713,0.37096986174583435,181,7
0.0007288455963134766,positive,10.0,10.0,-0.04524653032422066,-0.02015671133995056,0.07235127687454224,0.09944672137498856,181,8
0.0007779598236083984,positive,10.0,10.0,-0.04564966633915901,0.17385774850845337,0.07434021681547165,-0.16956086456775665,181,9
0.0008268356323242188,positive,10.0,10.0,-0.04217251017689705,0.36784127354621887,0.0709489956498146,-0.43789657950401306,181,10
0.000873565673828125,positive,10.0,10.0,-0.03481568396091461,0.17179055511951447,0.06219106540083885,-0.12371886521577835,181,11
0.0010318756103515625,positive,10.0,10.0,-0.03626492619514465,-0.025915613397955894,0.07345155626535416,0.22680264711380005,181,14
0.001081705093383789,positive,10.0,10.0,-0.036783237010240555,0.16808395087718964,0.07798761129379272,-0.04183671623468399,181,15
0.0011832714080810547,positive,10.0,10.0,-0.02618143893778324,0.1658743917942047,0.0709722712635994,0.007051615510135889,181,17
0.0015430450439453125,positive,10.0,10.0,0.008303489536046982,-0.036318935453891754,0.06417906284332275,0.45652419328689575,181,24
0.0015914440155029297,positive,10.0,10.0,0.007577110547572374,0.15783973038196564,0.07330954074859619,0.18474149703979492,181,25
0.0016374588012695312,positive,10.0,10.0,0.010733905248343945,0.3518403470516205,0.07700437307357788,-0.08394414186477661,181,26
0.0017514228820800781,positive,10.0,10.0,0.028686288744211197,0.34967103600502014,0.06829803436994553,-0.035920556634664536,181,28
0.0019249916076660156,positive,10.0,10.0,0.03790493682026863,0.15164780616760254,0.08494400233030319,0.321933776140213,181,31
0.002292633056640625,positive,10.0,10.0,0.10931728780269623,0.33836492896080017,0.06582196801900864,0.21398845314979553,181,38
0.0023415088653564453,positive,10.0,10.0,0.11608458310365677,0.1423667073249817,0.07010173797607422,0.5266868472099304,181,39
0.002445220947265625,positive,10.0,10.0,0.12566064298152924,0.5303195714950562,0.0857732966542244,-0.0093082869425416,181,41
0.0024917125701904297,positive,10.0,10.0,0.1362670212984085,0.7241133451461792,0.08558712899684906,-0.2737438976764679,181,42
0.002750873565673828,positive,10.0,10.0,0.21625666320323944,0.52399080991745,0.051507942378520966,0.1304871290922165,181,47
0.0027992725372314453,positive,10.0,10.0,0.22673647105693817,0.3281702995300293,0.05411768704652786,0.43896499276161194,181,48
0.0028982162475585938,positive,10.0,10.0,0.24374960362911224,0.3265228867530823,0.06617339700460434,0.4756639301776886,181,50
0.0029451847076416016,positive,10.0,10.0,0.2502800524234772,0.5206510424613953,0.07568667829036713,0.20454975962638855,181,51
0.003046274185180664,positive,10.0,10.0,0.2749853730201721,0.9085065126419067,0.0785110667347908,-0.3298150300979614,181,53
0.0030918121337890625,positive,10.0,10.0,0.2931554913520813,0.7123598456382751,0.07191476225852966,-0.01344278734177351,181,54
0.003139019012451172,positive,10.0,10.0,0.30740270018577576,0.9063807129859924,0.07164590805768967,-0.2825971245765686,181,55
0.0032401084899902344,positive,10.0,10.0,0.33973658084869385,0.5143105983734131,0.06662985682487488,0.3445475399494171,181,57
0.003494739532470703,positive,10.0,10.0,0.3987535834312439,1.0933849811553955,0.09420439600944519,-0.39737963676452637,181,62
0.0036470890045166016,positive,10.0,10.0,0.4603794813156128,0.8946290612220764,0.07790958136320114,-0.022663716226816177,181,65
0.0036940574645996094,positive,10.0,10.0,0.47827208042144775,1.0885522365570068,0.07745631039142609,-0.28978392481803894,181,66
0.004029512405395508,positive,10.0,10.0,0.6046900749206543,0.6927281022071838,0.05533332750201225,0.42018046975135803,181,72
0.0040798187255859375,positive,10.0,10.0,0.6185446381568909,0.4968675673007965,0.0637369379401207,0.7297813296318054,181,73
0.004669189453125,positive,10.0,10.0,0.839358389377594,1.455019235610962,0.09099552780389786,-0.35142019391059875,181,84
0.004717111587524414,positive,10.0,10.0,0.8684588074684143,1.2587289810180664,0.08396712690591812,-0.03148724138736725,181,85
0.00476527214050293,positive,10.0,10.0,0.8936333656311035,1.4525526762008667,0.08333738148212433,-0.29654115438461304,181,86
0.004864692687988281,positive,10.0,10.0,0.9478113651275635,1.4502791166305542,0.07783091068267822,-0.24607354402542114,181,88
0.004910707473754883,positive,10.0,10.0,0.9768169522285461,1.6442081928253174,0.07290943711996078,-0.5132272839546204,181,89
0.004955768585205078,positive,10.0,10.0,1.009701132774353,1.4481391906738281,0.06264489144086838,-0.1984887272119522,181,90
0.005001068115234375,positive,10.0,10.0,1.0386638641357422,1.252179741859436,0.058675117790699005,0.11327937990427017,181,91
0.005356311798095703,negative,10.0,-10.0,1.1316397190093994,-0.12086039036512375,0.20666038990020752,2.360327959060669,181,98
0.0006754398345947266,positive,10.0,10.0,0.004305072128772736,-0.020820483565330505,-0.006507915444672108,0.010279892943799496,182,2
0.001203775405883789,positive,10.0,10.0,-0.005568775814026594,-0.215835839509964,0.005939107853919268,0.30061113834381104,182,7
0.001592397689819336,positive,10.0,10.0,-0.015046150423586369,-0.2165227234363556,0.018620401620864868,0.31580108404159546,182,11
0.001682281494140625,positive,10.0,10.0,-0.01937660574913025,-0.021670890972018242,0.02493642456829548,0.029048077762126923,182,12
0.0017774105072021484,positive,10.0,10.0,-0.01981002278625965,-0.21714140474796295,0.025517385452985764,0.3294932544231415,182,13
0.0021507740020751953,positive,10.0,10.0,-0.02115558087825775,-0.0233222097158432,0.02825821377336979,0.06549161672592163,182,16
0.0022461414337158203,positive,10.0,10.0,-0.021622024476528168,-0.2188376635313034,0.02956804633140564,0.3669545352458954,182,17
0.0024390220642089844,positive,10.0,10.0,-0.026481740176677704,-0.2197791188955307,0.03858192637562752,0.38783448934555054,182,19
0.0026352405548095703,positive,10.0,10.0,-0.03138183057308197,-0.22097976505756378,0.04848984628915787,0.41449639201164246,182,21
0.002833843231201172,positive,10.0,10.0,-0.03633297607302666,-0.22246474027633667,0.05952949449419975,0.44752779603004456,182,23
0.0033049583435058594,positive,10.0,10.0,-0.046436797827482224,0.1636362373828888,0.08608710765838623,-0.04732714220881462,182,27
0.003397703170776367,positive,10.0,10.0,-0.043164074420928955,0.3574250340461731,0.08514056354761124,-0.31165552139282227,182,28
0.0034852027893066406,positive,10.0,10.0,-0.036015573889017105,0.16119982302188873,0.07890745252370834,0.006617236416786909,182,29
0.003772735595703125,positive,10.0,10.0,-0.014709114097058773,0.3529375493526459,0.06329840421676636,-0.21190117299556732,182,32
0.0038831233978271484,positive,10.0,10.0,-0.00765036279335618,0.15697038173675537,0.05906037986278534,0.10005819797515869,182,33
0.004179239273071289,positive,10.0,10.0,-0.002184687415137887,-0.040782831609249115,0.0720360204577446,0.4516589343547821,182,36
0.004364728927612305,positive,10.0,10.0,6.466326158260927e-05,0.3471243679523468,0.0847196877002716,-0.08352337777614594,182,38
0.0046443939208984375,positive,10.0,10.0,0.02472061850130558,0.5386903285980225,0.07546984404325485,-0.29838934540748596,182,41
0.004738569259643555,positive,10.0,10.0,0.035494424402713776,0.342578262090683,0.06950205564498901,0.017108477652072906,182,42
0.004824161529541016,positive,10.0,10.0,0.04234598949551582,0.5366382002830505,0.06984423100948334,-0.25286149978637695,182,43
0.004907846450805664,positive,10.0,10.0,0.053078752011060715,0.34059202671051025,0.06478700041770935,0.061008270829916,182,44
0.005081653594970703,positive,10.0,10.0,0.0627826675772667,0.3387291133403778,0.07347531616687775,0.10224607586860657,182,46
0.005162954330444336,positive,10.0,10.0,0.06955725699663162,0.5327253937721252,0.07552023977041245,-0.1663808524608612,182,47
0.0052449703216552734,positive,10.0,10.0,0.08021175861358643,0.7266896367073059,0.07219262421131134,-0.43431609869003296,182,48
0.0053293704986572266,positive,10.0,10.0,0.09474555402994156,0.5306237936019897,0.06350629776716232,-0.11977725476026535,182,49
0.005411863327026367,positive,10.0,10.0,0.10535802692174911,0.3346521854400635,0.061110757291316986,0.19224593043327332,182,50
0.005490303039550781,positive,10.0,10.0,0.11205106973648071,0.13871167600154877,0.06495567411184311,0.5035634636878967,182,51
0.005566835403442383,positive,10.0,10.0,0.1148253083229065,0.33286088705062866,0.07502694427967072,0.23203732073307037,182,52
0.005824565887451172,positive,10.0,10.0,0.14643381536006927,0.5245763659477234,0.07289452850818634,0.013909542001783848,182,55
0.006132602691650391,positive,10.0,10.0,0.18174687027931213,0.32646644115448,0.06927291303873062,0.3732832074165344,182,58
0.006487131118774414,positive,10.0,10.0,0.2311445027589798,0.7122876644134521,0.06689472496509552,-0.11561603844165802,182,62
0.006822347640991211,positive,10.0,10.0,0.27240923047065735,0.7082979679107666,0.08351331949234009,-0.027437781915068626,182,66
0.00691533088684082,positive,10.0,10.0,0.28657519817352295,0.9021291732788086,0.08296456187963486,-0.2926468551158905,182,67
0.007009744644165039,positive,10.0,10.0,0.3046177625656128,0.7059283256530762,0.0771116241812706,0.025005707517266273,182,68
0.007170677185058594,positive,10.0,10.0,0.3367336392402649,1.0937970876693726,0.07276402413845062,-0.5096139907836914,182,70
0.007245779037475586,positive,10.0,10.0,0.3586095869541168,0.8977295160293579,0.06257174164056778,-0.19491711258888245,182,71
0.0074863433837890625,positive,10.0,10.0,0.40071678161621094,0.30992892384529114,0.06955861300230026,0.7387060523033142,182,74
0.007560253143310547,positive,10.0,10.0,0.4069153666496277,0.5040249228477478,0.08433273434638977,0.4686998724937439,182,75
0.007630825042724609,positive,10.0,10.0,0.4169958531856537,0.6978605389595032,0.09370673447847366,0.20374415814876556,182,76
0.007895469665527344,positive,10.0,10.0,0.47048598527908325,0.8887642621994019,0.09025677293539047,0.003250706708058715,182,79
0.008700132369995117,positive,10.0,10.0,0.6354348063468933,0.49015945196151733,0.07029754668474197,0.774567186832428,182,87
0.008777856826782227,positive,10.0,10.0,0.6452379822731018,0.29414451122283936,0.08578889071941376,1.0885138511657715,182,88
0.009272336959838867,negative,10.0,-10.0,0.7133603692054749,1.2605161666870117,0.14306415617465973,-0.17620010673999786,182,93
0.010393619537353516,positive,10.0,10.0,1.1450068950653076,1.6289716958999634,0.04241257533431053,-0.27943405508995056,182,107
0.01046299934387207,positive,10.0,10.0,1.177586317062378,1.8234636783599854,0.03682389110326767,-0.5584442615509033,182,108
0.010607242584228516,positive,10.0,10.0,1.246612548828125,1.8225911855697632,0.020567189902067184,-0.5388726592063904,182,110
0.010675668716430664,positive,10.0,10.0,1.283064365386963,1.6271861791610718,0.00978973601013422,-0.23978090286254883,182,111
0.01090693473815918,positive,10.0,10.0,1.3845908641815186,1.822176456451416,-0.010295228101313114,-0.5295493602752686,182,114
0.011049270629882812,positive,10.0,10.0,1.4535784721374512,1.8226149082183838,-0.02568878047168255,-0.5393253564834595,182,116
0.011113643646240234,positive,10.0,10.0,1.4900307655334473,1.6278632879257202,-0.0364752858877182,-0.2548460066318512,182,117
0.011174440383911133,positive,10.0,10.0,1.5225880146026611,1.823486566543579,-0.041572205722332,-0.5588070750236511,182,118
0.01130533218383789,positive,10.0,10.0,1.591637134552002,1.8248052597045898,-0.0583384707570076,-0.5883481502532959,182,120
0.011365175247192383,positive,10.0,10.0,1.6281332969665527,1.6305466890335083,-0.07010543346405029,-0.31459781527519226,182,121
0.011495828628540039,positive,10.0,10.0,1.6894739866256714,1.6326193809509277,-0.07729382067918777,-0.36059680581092834,182,123
0.011693000793457031,positive,10.0,10.0,1.7757971286773682,1.4411059617996216,-0.08293844759464264,-0.14701387286186218,182,126
0.011824607849121094,positive,10.0,10.0,1.8295645713806152,1.4435043334960938,-0.08351084589958191,-0.200099378824234,182,128
0.011907577514648438,positive,10.0,10.0,1.8584346771240234,1.2496699094772339,-0.08751282840967178,0.0651153177022934,182,129
0.011976957321166992,positive,10.0,10.0,1.8834279775619507,1.4459304809570312,-0.08621052652597427,-0.25384488701820374,182,130
0.012038707733154297,positive,10.0,10.0,1.912346601486206,1.2521384954452515,-0.09128741919994354,0.010448997840285301,182,131
0.012100696563720703,negative,10.0,-10.0,1.9373893737792969,1.448443055152893,-0.09107843786478043,-0.3095829486846924,182,132
0.012164831161499023,negative,10.0,-10.0,1.9663583040237427,1.2547287940979004,-0.09727010130882263,-0.046956032514572144,182,133
0.01223301887512207,negative,10.0,-10.0,1.9914528131484985,1.451101303100586,-0.09820921719074249,-0.368674635887146,182,134
0.012699127197265625,negative,10.0,-10.0,2.1835451126098633,1.2675716876983643,-0.1465877890586853,-0.33346274495124817,182,141
0.012778520584106445,negative,10.0,-10.0,2.2088966369628906,1.074807047843933,-0.15325705707073212,-0.09035953879356384,182,142
0.012906789779663086,negative,10.0,-10.0,2.2558279037475586,1.07913076877594,-0.16360826790332794,-0.18713703751564026,182,144
0.012966394424438477,negative,10.0,-10.0,2.2774105072021484,1.2761694192886353,-0.16735100746154785,-0.5266346335411072,182,145
0.013155221939086914,negative,10.0,-10.0,2.342439889907837,0.6994720101356506,-0.18488946557044983,0.17028199136257172,182,148
0.013213872909545898,negative,10.0,-10.0,2.3564293384552,0.5074113607406616,-0.18148383498191833,0.3994145393371582,182,149
0.013347625732421875,negative,10.0,-10.0,2.380669116973877,0.9017114043235779,-0.17238648235797882,-0.28655511140823364,182,151
0.01340627670288086,negative,10.0,-10.0,2.3987033367156982,0.7094132900238037,-0.17811758816242218,-0.05281423404812813,182,152
0.0006043910980224609,positive,10.0,10.0,-0.026695014908909798,-0.15238329768180847,0.033789243549108505,0.3291037976741791,183,1
0.0007295608520507812,positive,10.0,10.0,-0.029742680490016937,-0.34796956181526184,0.04037131741642952,0.6322478652000427,183,2
0.000835418701171875,positive,10.0,10.0,-0.036702074110507965,-0.1534334123134613,0.05301627516746521,0.35254737734794617,183,3
0.0009524822235107422,positive,10.0,10.0,-0.038952820003032684,-0.1550332009792328,0.06160806491971016,0.3880552053451538,183,5
0.0010478496551513672,positive,10.0,10.0,-0.04127022996544838,-0.156881183385849,0.07167747616767883,0.42915207147598267,183,7
0.001092672348022461,positive,10.0,10.0,-0.04440785199403763,0.037156376987695694,0.08026052266359329,0.15989822149276733,183,8
0.0011849403381347656,positive,10.0,10.0,-0.039043866097927094,0.42487597465515137,0.08133000135421753,-0.37165334820747375,183,10
0.001277923583984375,positive,10.0,10.0,-0.025972377508878708,0.422687292098999,0.0728074312210083,-0.3229583203792572,183,12
0.0013699531555175781,positive,10.0,10.0,-0.012986467219889164,0.030600551515817642,0.06618361920118332,0.3046242594718933,183,14
0.0015645027160644531,positive,10.0,10.0,0.0127495052292943,0.4167291224002838,0.05815018340945244,-0.19093391299247742,183,18
0.001699209213256836,positive,10.0,10.0,0.025999978184700012,0.21924369037151337,0.06529829651117325,0.15455207228660583,183,21
0.001741647720336914,positive,10.0,10.0,0.0303848534822464,0.023250514641404152,0.06838934123516083,0.4670993685722351,183,22
0.0017833709716796875,positive,10.0,10.0,0.030849862843751907,0.21734294295310974,0.07773132622241974,0.19673210382461548,183,23
0.0018224716186523438,positive,10.0,10.0,0.03519672155380249,0.41127195954322815,0.08166597038507462,-0.07045306265354156,183,24
0.0018589496612548828,positive,10.0,10.0,0.043422162532806396,0.6051338911056519,0.08025690913200378,-0.33629369735717773,183,25
0.0019419193267822266,positive,10.0,10.0,0.06370417773723602,0.6029615998268127,0.0731426253914833,-0.28802725672721863,183,27
0.002028226852416992,positive,10.0,10.0,0.08390095084905624,0.21085664629936218,0.06791803985834122,0.3399566411972046,183,29
0.002066373825073242,positive,10.0,10.0,0.08811808377504349,0.40494978427886963,0.07471717894077301,0.06944072991609573,183,30
0.0021507740020751953,positive,10.0,10.0,0.10819558799266815,0.7928810119628906,0.0721307024359703,-0.4665021598339081,183,32
0.002287626266479492,positive,10.0,10.0,0.14400668442249298,0.20493130385875702,0.06295759230852127,0.47075214982032776,183,35
0.002368927001953125,positive,10.0,10.0,0.1560875028371811,0.5931262969970703,0.07634379714727402,-0.07044515758752823,183,37
0.002609729766845703,positive,10.0,10.0,0.23085112869739532,0.9770230054855347,0.06896032392978668,-0.5170337557792664,183,43
0.002646923065185547,positive,10.0,10.0,0.2503916025161743,0.7810012698173523,0.05861964821815491,-0.20344170928001404,183,44
0.002683401107788086,positive,10.0,10.0,0.26601162552833557,0.5850921273231506,0.054550811648368835,0.10714156925678253,183,45
0.0027654170989990234,positive,10.0,10.0,0.28549811244010925,0.19335493445396423,0.06502412259578705,0.7265272736549377,183,47
0.0028018951416015625,positive,10.0,10.0,0.2893652021884918,0.3875204622745514,0.07955466955900192,0.4549981355667114,183,48
0.002875089645385742,positive,10.0,10.0,0.30874428153038025,0.7751818299293518,0.09242291003465652,-0.0750378742814064,183,50
0.0029096603393554688,positive,10.0,10.0,0.32424792647361755,0.9688656330108643,0.09092215448617935,-0.3371899724006653,183,51
0.0029435157775878906,positive,10.0,10.0,0.3436252176761627,1.1625839471817017,0.08417835086584091,-0.5998730063438416,183,52
0.0030531883239746094,positive,10.0,10.0,0.40941300988197327,0.9644232988357544,0.055523160845041275,-0.23809562623500824,183,55
0.003084421157836914,positive,10.0,10.0,0.4287014603614807,0.7685538530349731,0.05076124519109726,0.07157112658023834,183,56
0.003117084503173828,positive,10.0,10.0,0.44407254457473755,0.5727423429489136,0.05219266936182976,0.3798275291919708,183,57
0.0032553672790527344,positive,10.0,10.0,0.48979243636131287,0.959029495716095,0.08479578793048859,-0.11916856467723846,183,61
0.0032880306243896484,positive,10.0,10.0,0.5089730024337769,1.1528406143188477,0.08241241425275803,-0.38394060730934143,183,62
0.0033566951751708984,positive,10.0,10.0,0.551162838935852,1.150626540184021,0.07340453565120697,-0.3346531093120575,183,64
0.0033884048461914062,positive,10.0,10.0,0.5741754174232483,0.9545408487319946,0.06671147048473358,-0.01975501887500286,183,65
0.0034215450286865234,positive,10.0,10.0,0.5932661890983582,0.7585287094116211,0.06631637364625931,0.29320773482322693,183,66
0.0034906864166259766,positive,10.0,10.0,0.6196873188018799,0.7565693855285645,0.08430146425962448,0.33694377541542053,183,68
0.003559589385986328,positive,10.0,10.0,0.6538266539573669,1.1441036462783813,0.0924801453948021,-0.19063761830329895,183,70
0.003659486770629883,positive,10.0,10.0,0.7262951731681824,1.335429310798645,0.07694167643785477,-0.4000542163848877,183,73
0.0037565231323242188,positive,10.0,10.0,0.7946551442146301,0.7472506761550903,0.07184725999832153,0.5425900220870972,183,76
0.003853321075439453,positive,10.0,10.0,0.8511289358139038,1.3288979530334473,0.0883244127035141,-0.25572916865348816,183,79
0.0038831233978271484,positive,10.0,10.0,0.8777068853378296,1.5226551294326782,0.08320982754230499,-0.5192983150482178,183,80
0.004048585891723633,positive,10.0,10.0,1.0375663042068481,1.7131283283233643,0.024287322536110878,-0.7077614068984985,183,85
0.004111051559448242,positive,10.0,10.0,1.1021825075149536,1.3224143981933594,0.0019814271945506334,-0.11167340725660324,183,87
0.0044269561767578125,positive,10.0,10.0,1.355916976928711,1.5197780132293701,-0.04353133961558342,-0.45415565371513367,183,96
0.004499673843383789,positive,10.0,10.0,1.4128185510635376,1.5211317539215088,-0.05612456798553467,-0.48431169986724854,183,98
0.004533529281616211,positive,10.0,10.0,1.4432411193847656,1.3268448114395142,-0.06581079959869385,-0.2098322957754135,183,99
0.004603147506713867,positive,10.0,10.0,1.500234842300415,1.3287726640701294,-0.08045800030231476,-0.25270047783851624,183,101
0.004636526107788086,positive,10.0,10.0,1.5268102884292603,1.524945855140686,-0.08551201224327087,-0.5696374177932739,183,102
0.004838466644287109,positive,10.0,10.0,1.6595094203948975,0.7531576156616211,-0.08717256039381027,0.41280797123908997,183,108
0.004869222640991211,positive,10.0,10.0,1.6745725870132446,0.9494001269340515,-0.07891640067100525,0.09396566450595856,183,109
0.004899501800537109,positive,10.0,10.0,1.6935604810714722,0.7554927468299866,-0.07703708857297897,0.3607441186904907,183,110
0.004929065704345703,positive,10.0,10.0,1.7086703777313232,0.9516203999519348,-0.06982220709323883,0.04479869827628136,183,111
0.0052547454833984375,negative,10.0,-10.0,1.7239733934402466,-0.6076707243919373,0.19012759625911713,2.382193088531494,183,121
0.0002827644348144531,positive,10.0,10.0,-0.0057576862163841724,-0.04394814372062683,-0.02751513198018074,0.036836136132478714,184,0
0.0005266666412353516,positive,10.0,10.0,-0.011409947648644447,-0.043172068893909454,-0.02036416158080101,0.01970626600086689,184,2
0.0007681846618652344,positive,10.0,10.0,-0.017885221168398857,-0.23751597106456757,-0.013712501153349876,0.29526206851005554,184,5
0.0010256767272949219,positive,10.0,10.0,-0.02822377160191536,-0.041977476328611374,-0.0020716232247650623,-0.006650091614574194,184,8
0.0013175010681152344,positive,10.0,10.0,-0.04718966409564018,-0.04218330606818199,0.020766008645296097,-0.002110524568706751,184,12
0.001538991928100586,positive,10.0,10.0,-0.05364079400897026,-0.2382703423500061,0.02688433788716793,0.31195101141929626,184,15
0.0016090869903564453,positive,10.0,10.0,-0.058406200259923935,-0.04354150965809822,0.033123359084129333,0.027866344898939133,184,16
0.0016782283782958984,positive,10.0,10.0,-0.05927703157067299,-0.2391224354505539,0.03368068486452103,0.33081328868865967,184,17
0.0017437934875488281,positive,10.0,10.0,-0.06405948102474213,-0.04449569806456566,0.04029695317149162,0.04893901199102402,184,18
0.0018093585968017578,positive,10.0,10.0,-0.0649493932723999,-0.2401716113090515,0.04127573221921921,0.35405871272087097,184,19
0.002093076705932617,positive,10.0,10.0,-0.07643605768680573,-0.24295751750469208,0.0596076063811779,0.41590645909309387,184,23
0.002160787582397461,positive,10.0,10.0,-0.0812952071428299,-0.048728782683610916,0.06792573630809784,0.1425950527191162,184,24
0.0022263526916503906,positive,10.0,10.0,-0.08226978778839111,-0.24475446343421936,0.07077763974666595,0.455910325050354,184,25
0.002290487289428711,positive,10.0,10.0,-0.08716487139463425,-0.05070085823535919,0.07989584654569626,0.18634994328022003,184,26
0.002354145050048828,positive,10.0,10.0,-0.08817889541387558,0.14319247007369995,0.08362284302711487,-0.08009788393974304,184,27
0.0025641918182373047,positive,10.0,10.0,-0.07575789093971252,0.33480408787727356,0.07455764710903168,-0.2959614396095276,184,30
0.002627849578857422,positive,10.0,10.0,-0.06906180828809738,0.13870279490947723,0.06863841414451599,0.01927294209599495,184,31
0.002877473831176758,positive,10.0,10.0,-0.06469956785440445,0.3307020366191864,0.07693294435739517,-0.205222949385643,184,34
0.0029516220092773438,positive,10.0,10.0,-0.05808553099632263,0.13456903398036957,0.07282848656177521,0.11070232093334198,184,35
0.0030205249786376953,positive,10.0,10.0,-0.05539415031671524,0.32857590913772583,0.07504253089427948,-0.15814393758773804,184,36
0.003087282180786133,positive,10.0,10.0,-0.04882263019680977,0.522547721862793,0.07187965512275696,-0.426241010427475,184,37
0.003306865692138672,positive,10.0,10.0,-0.029231665655970573,-0.0654250979423523,0.06512272357940674,0.5115063786506653,184,40
0.0034542083740234375,positive,10.0,10.0,-0.0279657281935215,-0.06739099323749542,0.08015356957912445,0.5555031299591064,184,42
0.003520488739013672,positive,10.0,10.0,-0.029313547536730766,0.12651950120925903,0.09126362949609756,0.2891111671924591,184,43
0.003881216049194336,positive,10.0,10.0,0.014269634149968624,0.3149310052394867,0.07953035831451416,0.14374002814292908,184,48
0.003949880599975586,positive,10.0,10.0,0.020568255335092545,0.5088292360305786,0.08240516483783722,-0.12283068895339966,184,49
0.004017353057861328,positive,10.0,10.0,0.03074483945965767,0.3126293122768402,0.0799485445022583,0.19467025995254517,184,50
0.004370450973510742,positive,10.0,10.0,0.08518026769161224,0.5020055770874023,0.06953727453947067,0.028195226565003395,184,55
0.00443720817565918,positive,10.0,10.0,0.09522037953138351,0.3059588670730591,0.07010117918252945,0.34198206663131714,184,56
0.004572868347167969,positive,10.0,10.0,0.11133989691734314,0.6939564943313599,0.0783848688006401,-0.195247620344162,184,58
0.004637241363525391,positive,10.0,10.0,0.12521903216838837,0.8878747820854187,0.07447991520166397,-0.46221038699150085,184,59
0.004778385162353516,positive,10.0,10.0,0.15681219100952148,0.4957910478115082,0.06229546666145325,0.16551703214645386,184,61
0.0048673152923583984,positive,10.0,10.0,0.16672801971435547,0.2998352348804474,0.06560580432415009,0.47718361020088196,184,62
0.005100727081298828,positive,10.0,10.0,0.19636304676532745,0.8818451166152954,0.07802336663007736,-0.3288426995277405,184,65
0.005180835723876953,positive,10.0,10.0,0.213999941945076,0.6857041120529175,0.0714465081691742,-0.012610716745257378,184,66
0.0052471160888671875,positive,10.0,10.0,0.22771403193473816,0.8797325491905212,0.07119429856538773,-0.28192347288131714,184,67
0.005396604537963867,positive,10.0,10.0,0.2589820921421051,0.4876733124256134,0.0662025660276413,0.344961941242218,184,69
0.005825996398925781,positive,10.0,10.0,0.35231322050094604,0.48187750577926636,0.061685118824243546,0.4728972911834717,184,75
0.006326198577880859,positive,10.0,10.0,0.45440322160720825,1.0581380128860474,0.086029551923275,-0.20592622458934784,184,82
0.0064678192138671875,positive,10.0,10.0,0.5006046295166016,1.055753469467163,0.07250544428825378,-0.15294452011585236,184,84
0.006531715393066406,positive,10.0,10.0,0.5217196941375732,1.2497663497924805,0.06944654881954193,-0.4219013452529907,184,85
0.00659632682800293,positive,10.0,10.0,0.5467150211334229,1.0537327527999878,0.061008524149656296,-0.10815886408090591,184,86
0.006907939910888672,positive,10.0,10.0,0.607501745223999,0.6599799990653992,0.08969568461179733,0.5568080544471741,184,90
0.007433652877807617,positive,10.0,10.0,0.7578011155128479,1.2348246574401855,0.09354668110609055,-0.09159687906503677,184,97
0.007718086242675781,positive,10.0,10.0,0.8642313480377197,1.2297917604446411,0.0780220478773117,0.019896352663636208,184,101
0.007860183715820312,positive,10.0,10.0,0.9173014163970947,1.6176326274871826,0.07347626239061356,-0.5141389966011047,184,103
0.008145332336425781,positive,10.0,10.0,1.0231904983520508,1.223872423171997,0.06993164867162704,0.15076103806495667,184,107
0.00821375846862793,positive,10.0,10.0,1.0476679801940918,1.0278223752975464,0.07294686883687973,0.4646604359149933,184,108
0.008285760879516602,positive,10.0,10.0,1.0682244300842285,0.8317495584487915,0.08224008232355118,0.7794148921966553,184,109
0.008518457412719727,negative,10.0,-10.0,1.1063580513000488,0.24295111000537872,0.14813438057899475,1.746093988418579,184,112
0.00033926963806152344,positive,10.0,10.0,0.04736267030239105,0.00469308253377676,0.0024252196308225393,-0.0183639507740736,185,0
0.0004858970642089844,positive,10.0,10.0,0.0474565327167511,-0.19046355783939362,0.002057940699160099,0.27508318424224854,185,1
0.0008127689361572266,positive,10.0,10.0,0.03212296962738037,-0.3859865069389343,0.024490347132086754,0.576714813709259,185,4
0.0009987354278564453,positive,10.0,10.0,0.020578915253281593,0.003374038264155388,0.04186157137155533,0.010739400051534176,185,6
0.0010728836059570312,positive,10.0,10.0,0.02064639702439308,-0.1923224776983261,0.04207636043429375,0.3163307309150696,185,7
0.0011425018310546875,positive,10.0,10.0,0.01679994724690914,0.002175666857510805,0.048402976244688034,0.037208519876003265,185,8
0.0013890266418457031,positive,10.0,10.0,0.01298702135682106,-0.19509492814540863,0.057401832193136215,0.3777974843978882,185,11
0.0021660327911376953,positive,10.0,10.0,0.016188759356737137,-0.008921055123209953,0.08237072825431824,0.28284555673599243,185,20
0.0022487640380859375,positive,10.0,10.0,0.016010338440537453,0.1849353164434433,0.08802764117717743,0.017236534506082535,185,21
0.0029816627502441406,positive,10.0,10.0,0.07189308106899261,-0.01942789927124977,0.07401587814092636,0.5149333477020264,185,30
0.003080606460571289,positive,10.0,10.0,0.07150452584028244,0.17457793653011322,0.08431454002857208,0.2464621365070343,185,31
0.0031785964965820312,positive,10.0,10.0,0.07499608397483826,0.36840081214904785,0.08924378454685211,-0.01848028600215912,185,32
0.0032622814178466797,positive,10.0,10.0,0.08236409723758698,0.5621371269226074,0.08887418359518051,-0.28172534704208374,185,33
0.003366708755493164,positive,10.0,10.0,0.09360683709383011,0.7558863759040833,0.08323967456817627,-0.5451076030731201,185,34
0.0035352706909179688,positive,10.0,10.0,0.11991855502128601,0.7537171244621277,0.0677894800901413,-0.49641865491867065,185,36
0.0035774707794189453,positive,10.0,10.0,0.13499289751052856,0.5577080249786377,0.05786110833287239,-0.18316547572612762,185,37
0.0037224292755126953,positive,10.0,10.0,0.15670228004455566,0.36022788286209106,0.06547112762928009,0.16220170259475708,185,40
0.004328489303588867,positive,10.0,10.0,0.17435790598392487,0.552241861820221,0.08230196684598923,-0.062481123954057693,185,43
0.004479646682739258,positive,10.0,10.0,0.1854027360677719,0.7460932731628418,0.08105234801769257,-0.32810449600219727,185,44
0.004597902297973633,positive,10.0,10.0,0.20032460987567902,0.5499166250228882,0.0744902566075325,-0.011002224870026112,185,45
0.004842281341552734,positive,10.0,10.0,0.22620084881782532,0.9378837943077087,0.06868453323841095,-0.5476487278938293,185,47
0.005048274993896484,positive,10.0,10.0,0.2597958743572235,0.5459703207015991,0.0530487559735775,0.07617977261543274,185,49
0.005128383636474609,positive,10.0,10.0,0.27071529626846313,0.3501295745372772,0.05457235127687454,0.3851166367530823,185,50
0.005288362503051758,positive,10.0,10.0,0.28860658407211304,0.3484795391559601,0.06447722762823105,0.4217890501022339,185,52
0.00537109375,positive,10.0,10.0,0.29557618498802185,0.5426315665245056,0.07291300594806671,0.15010933578014374,185,53
0.005460500717163086,positive,10.0,10.0,0.30642881989479065,0.7366377711296082,0.07591519504785538,-0.11870937794446945,185,54
0.005576610565185547,positive,10.0,10.0,0.32116156816482544,0.9305946230888367,0.07354100793600082,-0.3865090012550354,185,55
0.005719184875488281,positive,10.0,10.0,0.3397734761238098,0.7345099449157715,0.06581082940101624,-0.07157542556524277,185,56
0.005814790725708008,positive,10.0,10.0,0.354463666677475,0.5385092496871948,0.06437931954860687,0.24112360179424286,185,57
0.005931854248046875,positive,10.0,10.0,0.365233838558197,0.3425295352935791,0.06920178979635239,0.553398609161377,185,58
0.006084918975830078,positive,10.0,10.0,0.37208443880081177,0.5366149544715881,0.08026976138353348,0.2832963764667511,185,59
0.006357908248901367,positive,10.0,10.0,0.3974268436431885,0.5342631936073303,0.08627510070800781,0.3354821801185608,185,61
0.006855010986328125,positive,10.0,10.0,0.4556158483028412,0.919110894203186,0.09319684654474258,-0.1326284259557724,185,65
0.007174491882324219,positive,10.0,10.0,0.536790668964386,0.9141690731048584,0.07435532659292221,-0.023085711523890495,185,69
0.007246255874633789,positive,10.0,10.0,0.5550740361213684,1.1081502437591553,0.07389361411333084,-0.29141324758529663,185,70
0.007315397262573242,positive,10.0,10.0,0.577237069606781,0.9120568037033081,0.068065345287323,0.0236293226480484,185,71
0.00738525390625,positive,10.0,10.0,0.5954781770706177,0.716028094291687,0.06853793561458588,0.33698728680610657,185,72
0.00754237174987793,positive,10.0,10.0,0.6201987862586975,0.7139983177185059,0.0882871150970459,0.38241079449653625,185,74
0.007889509201049805,positive,10.0,10.0,0.7005612850189209,1.0986381769180298,0.08742436021566391,-0.08105356246232986,185,78
0.008041620254516602,positive,10.0,10.0,0.7483821511268616,1.0961741209030151,0.07890481501817703,-0.026465056464076042,185,80
0.008195161819458008,positive,10.0,10.0,0.7961072325706482,1.0939342975616455,0.07251057773828506,0.023089326918125153,185,82
0.008264541625976562,positive,10.0,10.0,0.8179859519004822,1.2879455089569092,0.0729723647236824,-0.24586334824562073,185,83
0.008412599563598633,positive,10.0,10.0,0.8733839392662048,1.6760542392730713,0.0577617809176445,-0.7851505279541016,185,85
0.008481502532958984,positive,10.0,10.0,0.9069049954414368,1.8703370094299316,0.04205876961350441,-1.0591161251068115,185,86
0.008550643920898438,positive,10.0,10.0,0.9443117380142212,1.674683928489685,0.02087644673883915,-0.7535343766212463,185,87
0.0087127685546875,positive,10.0,10.0,1.015195608139038,1.6743133068084717,-0.014985749498009682,-0.7450755834579468,185,89
0.009261846542358398,positive,10.0,10.0,1.2045625448226929,1.288609266281128,-0.09036364406347275,-0.2608201801776886,185,95
0.010034322738647461,positive,10.0,10.0,1.3907719850540161,0.716830849647522,-0.09086712449789047,0.31999608874320984,185,104
0.010201692581176758,positive,10.0,10.0,1.4233709573745728,0.7193061113357544,-0.08446526527404785,0.26497942209243774,185,106
0.010276556015014648,positive,10.0,10.0,1.437757134437561,0.5254849195480347,-0.07916568219661713,0.5298714637756348,185,107
0.010351896286010742,positive,10.0,10.0,1.448266863822937,0.7216260433197021,-0.06856825202703476,0.21333079040050507,185,108
0.010752439498901367,positive,10.0,10.0,1.497196078300476,0.5302106738090515,-0.01608244515955448,0.42381563782691956,185,113
0.010905027389526367,positive,10.0,10.0,1.5145066976547241,0.5305466651916504,0.0066215768456459045,0.4163181185722351,185,115
0.010976791381835938,positive,10.0,10.0,1.5251176357269287,0.3353314697742462,0.014947938732802868,0.7110812067985535,185,116
0.011048078536987305,positive,10.0,10.0,1.5318242311477661,0.5302432775497437,0.029169563204050064,0.42314067482948303,185,117
0.011122703552246094,positive,10.0,10.0,1.5424290895462036,0.3347204923629761,0.037632375955581665,0.72487473487854,185,118
0.011195182800292969,positive,10.0,10.0,1.5491235256195068,0.5293023586273193,0.052129872143268585,0.4442698359489441,185,119
0.01133871078491211,positive,10.0,10.0,1.5597095489501953,0.33348309993743896,0.06101526692509651,0.7529190182685852,185,120
0.011420249938964844,positive,10.0,10.0,1.5663793087005615,0.5277130603790283,0.07607364654541016,0.48004359006881714,185,121
0.011871576309204102,negative,10.0,-10.0,1.6111055612564087,0.32581642270088196,0.1412651538848877,0.929092288017273,185,126
0.012119293212890625,negative,10.0,-10.0,1.6344343423843384,0.12488488107919693,0.19397279620170593,1.3641201257705688,185,129
0.00015354156494140625,positive,10.0,10.0,-0.03308705613017082,-0.023329831659793854,0.001353460829705,0.03503487631678581,186,0
0.00031495094299316406,positive,10.0,10.0,-0.03839064761996269,-0.21862296760082245,0.00933925062417984,0.33149927854537964,186,3
0.0004253387451171875,positive,10.0,10.0,-0.04761546105146408,-0.02410360425710678,0.023593844845891,0.052117720246315,186,6
0.0004596710205078125,positive,10.0,10.0,-0.048097532242536545,-0.2195557802915573,0.024636199697852135,0.3521503210067749,186,7
0.0005464553833007812,positive,10.0,10.0,-0.05298450216650963,-0.22035415470600128,0.033025939017534256,0.3698437809944153,186,9
0.0006508827209472656,positive,10.0,10.0,-0.06233379617333412,-0.026895146816968918,0.05003614351153374,0.11381975561380386,186,12
0.0007202625274658203,positive,10.0,10.0,-0.0673256367444992,-0.028353741392493248,0.06074972823262215,0.1461162120103836,186,14
0.0008344650268554688,positive,10.0,10.0,-0.07298100739717484,-0.2262081503868103,0.07652615010738373,0.5001125335693359,186,17
0.0008664131164550781,positive,10.0,10.0,-0.07750517129898071,-0.032243721187114716,0.08652839809656143,0.23249411582946777,186,18
0.0008978843688964844,positive,10.0,10.0,-0.07815004140138626,0.1615421324968338,0.0911782830953598,-0.031689539551734924,186,19
0.0009658336639404297,positive,10.0,10.0,-0.06781427562236786,0.15895792841911316,0.08465909957885742,0.025540601462125778,186,21
0.000997304916381836,positive,10.0,10.0,-0.06463512033224106,0.35277020931243896,0.08516991138458252,-0.23927654325962067,186,22
0.0010991096496582031,positive,10.0,10.0,-0.04744039848446846,0.5442838668823242,0.0782192051410675,-0.45301076769828796,186,25
0.0012009143829345703,positive,10.0,10.0,-0.02654961869120598,-0.043899450451135635,0.06996314227581024,0.4898172616958618,186,28
0.001302480697631836,positive,10.0,10.0,-0.017542900517582893,0.5378866195678711,0.0832287147641182,-0.3115057349205017,186,31
0.0014350414276123047,positive,10.0,10.0,0.025352198630571365,0.5335069894790649,0.061326757073402405,-0.21416011452674866,186,35
0.0016014575958251953,positive,10.0,10.0,0.055123213678598404,0.3339636027812958,0.07874937355518341,0.17702148854732513,186,40
0.0016322135925292969,positive,10.0,10.0,0.06180248409509659,0.5278754234313965,0.08228980004787445,-0.08981642872095108,186,41
0.0018315315246582031,positive,10.0,10.0,0.12871578335762024,0.5215821862220764,0.07302950322628021,0.04945085197687149,186,47
0.0020003318786621094,positive,10.0,10.0,0.19627386331558228,0.3217354714870453,0.05913631245493889,0.44690045714378357,186,52
0.0020656585693359375,positive,10.0,10.0,0.21302802860736847,0.3199462890625,0.0715429037809372,0.48678678274154663,186,54
0.0020952224731445312,positive,10.0,10.0,0.2194269597530365,0.5139896869659424,0.08127863705158234,0.21748195588588715,186,55
0.002160787582397461,positive,10.0,10.0,0.24386397004127502,0.90165776014328,0.08465836197137833,-0.31298142671585083,186,57
0.002191305160522461,positive,10.0,10.0,0.26189711689949036,0.7054381966590881,0.07839873433113098,0.00515361363068223,186,58
0.0022211074829101562,positive,10.0,10.0,0.27600589394569397,0.8993533849716187,0.07850180566310883,-0.261800080537796,186,59
0.0022945404052734375,positive,10.0,10.0,0.315858393907547,0.8971999883651733,0.06269127130508423,-0.21388649940490723,186,61
0.002371072769165039,positive,10.0,10.0,0.3478272259235382,0.8954786062240601,0.060371436178684235,-0.17580194771289825,186,63
0.002476930618286133,positive,10.0,10.0,0.38980090618133545,0.30774685740470886,0.0684686228632927,0.7562099695205688,186,66
0.002515077590942383,positive,10.0,10.0,0.3959558308124542,0.5018616318702698,0.08359282463788986,0.48583412170410156,186,67
0.0025475025177001953,positive,10.0,10.0,0.4059930741786957,0.6957106590270996,0.09330950677394867,0.22062359750270844,186,68
0.0026526451110839844,positive,10.0,10.0,0.4593545198440552,0.8866183757781982,0.09086637943983078,0.02005057781934738,186,71
0.0028243064880371094,positive,10.0,10.0,0.5711655616760254,1.0756915807724,0.06349433213472366,-0.13959623873233795,186,76
0.0028569698333740234,positive,10.0,10.0,0.5926793813705444,0.8797203898429871,0.060702405869960785,0.17242296040058136,186,77
0.0029222965240478516,positive,10.0,10.0,0.6239494681358337,0.4878186583518982,0.07382328063249588,0.7958126068115234,186,79
0.0031282901763916016,negative,10.0,-10.0,0.7094010710716248,1.2585315704345703,0.13732437789440155,-0.1627195179462433,186,85
0.0034830570220947266,positive,10.0,10.0,0.9945993423461914,1.2420111894607544,0.08800505101680756,0.20402029156684875,186,95
0.003653287887573242,negative,10.0,-10.0,1.1029361486434937,1.0399035215377808,0.13761574029922485,0.6557080745697021,186,100
0.003684520721435547,negative,10.0,-10.0,1.1237342357635498,0.8431612849235535,0.15072989463806152,0.9883629083633423,186,101
0.003750324249267578,negative,10.0,-10.0,1.161316990852356,0.8389663696289062,0.18542839586734772,1.0876803398132324,186,103
0.0003998279571533203,positive,10.0,10.0,0.013517149724066257,-0.1950538605451584,-0.04527176916599274,0.28967607021331787,187,1
0.00045418739318847656,positive,10.0,10.0,0.009616072289645672,0.0006834225496277213,-0.03947824612259865,-0.016934391111135483,187,2
0.0004992485046386719,positive,10.0,10.0,0.009629740379750729,-0.1938507854938507,-0.03981693461537361,0.26303595304489136,187,3
0.0005931854248046875,positive,10.0,10.0,-0.002014923607930541,-0.19279231131076813,-0.0236982349306345,0.2395315319299698,187,5
0.0006909370422363281,positive,10.0,10.0,-0.013622126542031765,-0.19218498468399048,-0.008414680138230324,0.2260657548904419,187,7
0.0007781982421875,positive,10.0,10.0,-0.025209540501236916,-0.1920091062784195,0.006428285967558622,0.22217528522014618,187,9
0.0009555816650390625,positive,10.0,10.0,-0.04839274659752846,-0.19292351603507996,0.03630097955465317,0.24248361587524414,187,13
0.0010421276092529297,positive,10.0,10.0,-0.060022108256816864,-0.19402433931827545,0.0520784966647625,0.26695355772972107,187,15
0.0011272430419921875,positive,10.0,10.0,-0.0716995820403099,-0.19557732343673706,0.0689295083284378,0.30154067277908325,187,17
0.001257181167602539,positive,10.0,10.0,-0.07179178297519684,0.3864345848560333,0.0708526074886322,-0.5046694874763489,187,20
0.0012965202331542969,positive,10.0,10.0,-0.06406309455633163,0.19038937985897064,0.06075921654701233,-0.19052624702453613,187,21
0.0014040470123291016,positive,10.0,10.0,-0.06036623939871788,-0.20143646001815796,0.05936245247721672,0.43077990412712097,187,23
0.0014493465423583984,positive,10.0,10.0,-0.06439497321844101,-0.00720313610509038,0.06797804683446884,0.1573854386806488,187,24
0.0014903545379638672,positive,10.0,10.0,-0.06453903019428253,-0.2032291740179062,0.07112576067447662,0.4707155227661133,187,25
0.0015845298767089844,positive,10.0,10.0,-0.06878721714019775,0.1847030520439148,0.08456549793481827,-0.06495758891105652,187,27
0.0016472339630126953,positive,10.0,10.0,-0.06509315967559814,0.37851715087890625,0.08326634019613266,-0.32980722188949585,187,28
0.0017046928405761719,positive,10.0,10.0,-0.057522814720869064,0.572361171245575,0.07667019963264465,-0.5951138138771057,187,29
0.001745462417602539,positive,10.0,10.0,-0.04607558995485306,0.3762546181678772,0.06476791948080063,-0.27929916977882385,187,30
0.0018324851989746094,positive,10.0,10.0,-0.03494507074356079,-0.015647122636437416,0.05984369292855263,0.3438403606414795,187,32
0.001916646957397461,positive,10.0,10.0,-0.03168651834130287,-0.01743721216917038,0.06813275814056396,0.3835776448249817,187,34
0.0019545555114746094,positive,10.0,10.0,-0.03203526511788368,0.17665457725524902,0.07580430805683136,0.11313095688819885,187,35
0.0019958019256591797,positive,10.0,10.0,-0.028502171859145164,0.37061309814453125,0.07806693017482758,-0.1547061800956726,187,36
0.0020792484283447266,positive,10.0,10.0,-0.017600607126951218,0.3684382438659668,0.07820376008749008,-0.10657292604446411,187,38
0.0021169185638427734,positive,10.0,10.0,-0.01023184135556221,0.562357485294342,0.07607230544090271,-0.3735942542552948,187,39
0.002154827117919922,positive,10.0,10.0,0.0010153079638257623,0.3662419617176056,0.06860041618347168,-0.057928092777729034,187,40
0.0023772716522216797,positive,10.0,10.0,0.02183365635573864,0.5557801127433777,0.09061843156814575,-0.22830626368522644,187,45
0.0024182796478271484,positive,10.0,10.0,0.032949257642030716,0.7494980692863464,0.086052305996418,-0.49108558893203735,187,46
0.0024580955505371094,positive,10.0,10.0,0.04793921858072281,0.5532743334770203,0.07623059302568436,-0.17257098853588104,187,47
0.002497434616088867,positive,10.0,10.0,0.059004705399274826,0.7472271919250488,0.07277917861938477,-0.4402652382850647,187,48
0.002580881118774414,positive,10.0,10.0,0.08497234433889389,0.3551774322986603,0.06146273389458656,0.18660317361354828,187,50
0.0026183128356933594,positive,10.0,10.0,0.0920758917927742,0.15923240780830383,0.06519479304552078,0.4980243742465973,187,51
0.002678394317626953,positive,10.0,10.0,0.09526054561138153,0.35337749123573303,0.07515528053045273,0.22657912969589233,187,52
0.002768278121948242,positive,10.0,10.0,0.11327508091926575,0.7412436008453369,0.07885721325874329,-0.30799776315689087,187,54
0.0028085708618164062,positive,10.0,10.0,0.1280999481678009,0.5450917482376099,0.07269725948572159,0.008475651033222675,187,55
0.0028471946716308594,positive,10.0,10.0,0.1390017867088318,0.73909991979599,0.0728667750954628,-0.2604137659072876,187,56
0.002930879592895508,positive,10.0,10.0,0.17244598269462585,0.7371048331260681,0.0570734366774559,-0.21604126691818237,187,58
0.0031032562255859375,positive,10.0,10.0,0.21571366488933563,0.3437233567237854,0.06525225937366486,0.43974795937538147,187,62
0.003145456314086914,positive,10.0,10.0,0.22258812189102173,0.537864089012146,0.07404721528291702,0.1683272272348404,187,63
0.003184080123901367,positive,10.0,10.0,0.2333454042673111,0.7318522930145264,0.07741376012563705,-0.10010778158903122,187,64
0.0032663345336914062,positive,10.0,10.0,0.2664981484413147,0.729676365852356,0.0680636540055275,-0.05192173644900322,187,66
0.003412485122680664,positive,10.0,10.0,0.2985173463821411,0.531674861907959,0.08374359458684921,0.3054090142250061,187,69
0.003454923629760742,positive,10.0,10.0,0.3091508448123932,0.7255098223686218,0.08985177427530289,0.04026738554239273,187,70
0.003494739532470703,positive,10.0,10.0,0.32366102933883667,0.9192360639572144,0.09065712243318558,-0.22276891767978668,187,71
0.0035822391510009766,positive,10.0,10.0,0.3643048405647278,0.9167273044586182,0.07649105042219162,-0.16697679460048676,187,73
0.0037102699279785156,positive,10.0,10.0,0.4231448471546173,0.7186151146888733,0.062064554542303085,0.19253696501255035,187,76
0.0037937164306640625,positive,10.0,10.0,0.4479704201221466,0.32667675614356995,0.0759979858994484,0.8168404698371887,187,78
0.004132986068725586,positive,10.0,10.0,0.5930869579315186,1.0956045389175415,0.08373752236366272,-0.10121845453977585,187,86
0.004172086715698242,positive,10.0,10.0,0.6149990558624268,1.2894327640533447,0.08171315491199493,-0.36635202169418335,187,87
0.004254341125488281,positive,10.0,10.0,0.6626527309417725,1.2872313261032104,0.07340484857559204,-0.3173808157444,187,89
0.004384040832519531,positive,10.0,10.0,0.7281227707862854,1.0892348289489746,0.07321924716234207,0.03976156935095787,187,92
0.004466533660888672,positive,10.0,10.0,0.7755721807479858,1.4772251844406128,0.06943545490503311,-0.4973998963832855,187,94
0.0045049190521240234,positive,10.0,10.0,0.8051167130470276,1.6713029146194458,0.05948745831847191,-0.7674173712730408,187,95
0.0045430660247802734,positive,10.0,10.0,0.8385427594184875,1.8655576705932617,0.044139109551906586,-1.0408051013946533,187,96
0.004580497741699219,positive,10.0,10.0,0.8758538961410522,1.6698780059814453,0.02332300879061222,-0.7345988154411316,187,97
0.004704713821411133,positive,10.0,10.0,0.9799335598945618,1.86471688747406,-0.026255404576659203,-1.0208336114883423,187,100
0.004830598831176758,positive,10.0,10.0,1.0879408121109009,1.671433687210083,-0.08227240294218063,-0.7707145810127258,187,103
0.005124568939208984,positive,10.0,10.0,1.24843168258667,0.7066280245780945,-0.09267722070217133,0.4588048458099365,187,110
0.005163908004760742,positive,10.0,10.0,1.2625643014907837,0.9029294848442078,-0.08350112289190292,0.13840818405151367,187,111
0.005289554595947266,positive,10.0,10.0,1.3129100799560547,0.7112559080123901,-0.07092809677124023,0.35552212595939636,187,114
0.005327463150024414,positive,10.0,10.0,1.3271352052688599,0.9073109030723572,-0.06381765753030777,0.041343722492456436,187,115
0.005472898483276367,positive,10.0,10.0,1.3699244260787964,0.32470524311065674,-0.045018214732408524,0.8596876859664917,187,118
0.005515336990356445,positive,10.0,10.0,1.3764184713363647,0.13022443652153015,-0.027824461460113525,1.1378824710845947,187,119
0.005600690841674805,positive,10.0,10.0,1.377732515335083,-0.25958171486854553,0.02336740493774414,1.7128058671951294,187,121
0.005640268325805664,positive,10.0,10.0,1.372540831565857,-0.06473566591739655,0.057623524218797684,1.4274859428405762,187,122
0.005678892135620117,positive,10.0,10.0,1.3712462186813354,-0.26052019000053406,0.08617324382066727,1.7376072406768799,187,123
0.005807399749755859,negative,10.0,-10.0,1.3672456741333008,0.31987273693084717,0.1747906655073166,0.9782981276512146,187,126
0.00584721565246582,negative,10.0,-10.0,1.373643159866333,0.5122752785682678,0.19435662031173706,0.7452189326286316,187,127
0.005889892578125,negative,10.0,-10.0,1.383888602256775,0.3150785267353058,0.2092610001564026,1.0922267436981201,187,128
0.0004811286926269531,positive,10.0,10.0,0.027032988145947456,-0.18152649700641632,0.02520270086824894,0.26507240533828735,188,1
0.0005574226379394531,positive,10.0,10.0,0.023402458056807518,-0.3769989311695099,0.030504148453474045,0.5655967593193054,188,2
0.0007171630859375,positive,10.0,10.0,0.012216121889650822,-0.3780106008052826,0.047469642013311386,0.5882506370544434,188,4
0.0010075569152832031,positive,10.0,10.0,-0.00233447109349072,0.2027706801891327,0.07478203624486923,-0.18975766003131866,188,9
0.0010571479797363281,positive,10.0,10.0,0.0017209425568580627,0.39674755930900574,0.07098688185214996,-0.4579443037509918,188,10
0.0011050701141357422,positive,10.0,10.0,0.00965589378029108,0.2006976306438446,0.061827994883060455,-0.14375744760036469,188,11
0.001153707504272461,positive,10.0,10.0,0.013669846579432487,0.004747220315039158,0.05895284563302994,0.16777239739894867,188,12
0.0013132095336914062,positive,10.0,10.0,0.01000190619379282,0.19704705476760864,0.07599825412034988,-0.06312847882509232,188,15
0.001631021499633789,positive,10.0,10.0,0.03723666071891785,0.5809409022331238,0.06947824358940125,-0.5096734166145325,188,21
0.0017333030700683594,positive,10.0,10.0,0.05655372515320778,0.18899478018283844,0.05536617711186409,0.11484967172145844,188,23
0.0017809867858886719,positive,10.0,10.0,0.06033362075686455,-0.006874979939311743,0.057663168758153915,0.42447346448898315,188,24
0.0019335746765136719,positive,10.0,10.0,0.06377143412828445,0.18546083569526672,0.07842905074357986,0.1932029277086258,188,27
0.001982450485229492,positive,10.0,10.0,0.0674806535243988,0.3793783485889435,0.08229311555624008,-0.07374470680952072,188,28
0.0020859241485595703,positive,10.0,10.0,0.086532823741436,0.37705668807029724,0.0740307942032814,-0.022337043657898903,188,30
0.0022623538970947266,positive,10.0,10.0,0.105192169547081,0.568853497505188,0.07992225885391235,-0.24244330823421478,188,33
0.0023148059844970703,positive,10.0,10.0,0.11656923592090607,0.7627482414245605,0.07507339864969254,-0.5088849067687988,188,34
0.002362489700317383,positive,10.0,10.0,0.13182419538497925,0.566653311252594,0.06489569693803787,-0.1935202181339264,188,35
0.0024106502532958984,positive,10.0,10.0,0.14315727353096008,0.370665967464447,0.06102529168128967,0.11890793591737747,188,36
0.0024573802947998047,positive,10.0,10.0,0.1505705863237381,0.17472517490386963,0.06340344995260239,0.43020233511924744,188,37
0.0025031566619873047,positive,10.0,10.0,0.1540650874376297,0.36889466643333435,0.07200749963521957,0.158161461353302,188,38
0.0026073455810546875,positive,10.0,10.0,0.17270129919052124,0.7568845748901367,0.07295144349336624,-0.379016250371933,188,40
0.002819538116455078,positive,10.0,10.0,0.20972804725170135,0.36292365193367004,0.08026254922151566,0.29035305976867676,188,44
0.0028672218322753906,positive,10.0,10.0,0.2169865220785141,0.5568148493766785,0.08606960624456406,0.024024421349167824,188,45
0.0030226707458496094,positive,10.0,10.0,0.2620227038860321,0.7482165098190308,0.07165417820215225,-0.18720342218875885,188,48
0.003069162368774414,positive,10.0,10.0,0.2769870162010193,0.9422440528869629,0.0679101049900055,-0.45644956827163696,188,49
0.0031838417053222656,positive,10.0,10.0,0.31075653433799744,0.5503185987472534,0.05591796711087227,0.16747523844242096,188,51
0.003312349319458008,positive,10.0,10.0,0.32885175943374634,0.5486799478530884,0.06881269812583923,0.20383132994174957,188,53
0.0033643245697021484,positive,10.0,10.0,0.3398253321647644,0.35264480113983154,0.07288932055234909,0.5174030661582947,188,54
0.004014492034912109,positive,10.0,10.0,0.48319634795188904,1.1180968284606934,0.09368028491735458,-0.3244669437408447,188,64
0.004245281219482422,positive,10.0,10.0,0.5239937901496887,1.1155447959899902,0.08711548894643784,-0.2677226662635803,188,66
0.004383563995361328,positive,10.0,10.0,0.5646905303001404,1.1131547689437866,0.08278334885835648,-0.21469201147556305,188,68
0.004436016082763672,positive,10.0,10.0,0.5869536399841309,1.3070017099380493,0.0784895122051239,-0.4801560342311859,188,69
0.004544496536254883,positive,10.0,10.0,0.63531094789505,0.9148275852203369,0.06561031192541122,0.14979076385498047,188,71
0.004593610763549805,positive,10.0,10.0,0.6536075472831726,0.7188304662704468,0.06860613077878952,0.4624294936656952,188,72
0.004639863967895508,positive,10.0,10.0,0.667984127998352,0.5228093862533569,0.0778547152876854,0.7759237885475159,188,73
0.0046863555908203125,positive,10.0,10.0,0.6784403324127197,0.7167791128158569,0.09337319433689117,0.5087167024612427,188,74
0.0051076412200927734,positive,10.0,10.0,0.8703151345252991,1.4857409000396729,0.07621053606271744,-0.41115909814834595,188,82
0.005312681198120117,positive,10.0,10.0,0.9656463861465454,0.7015591263771057,0.08104880899190903,0.8446705937385559,188,86
0.005677700042724609,positive,10.0,10.0,1.1451656818389893,2.055955171585083,0.09035728126764297,-0.9585795402526855,188,93
0.005831480026245117,positive,10.0,10.0,1.2567538022994995,1.4678008556365967,0.05191290006041527,-0.014192750677466393,188,96
0.0058782100677490234,positive,10.0,10.0,1.2861098051071167,1.6621413230895996,0.051629044115543365,-0.2900552451610565,188,97
0.005923748016357422,positive,10.0,10.0,1.319352626800537,1.466322660446167,0.04582794010639191,0.018453573808073997,188,98
0.006022453308105469,positive,10.0,10.0,1.3818942308425903,1.8551914691925049,0.04100850597023964,-0.5371865034103394,188,100
0.006070852279663086,positive,10.0,10.0,1.4189980030059814,1.659517765045166,0.030264776200056076,-0.23186945915222168,188,101
0.006169557571411133,positive,10.0,10.0,1.4892722368240356,1.6587210893630981,0.01533030066639185,-0.2142070233821869,188,103
0.0062940120697021484,positive,10.0,10.0,1.5595191717147827,2.0485851764678955,0.0010058615589514375,-0.791196346282959,188,105
0.006402254104614258,positive,10.0,10.0,1.6375597715377808,1.6585394144058228,-0.024782009422779083,-0.21022072434425354,188,107
0.0064508914947509766,positive,10.0,10.0,1.6707305908203125,1.8540067672729492,-0.028986424207687378,-0.5106168985366821,188,108
0.0066106319427490234,positive,10.0,10.0,1.778096079826355,1.6604841947555542,-0.054382771253585815,-0.25340795516967773,188,111
0.006664752960205078,positive,10.0,10.0,1.8113057613372803,1.4661792516708374,-0.05945093184709549,0.02163795568048954,188,112
0.006712436676025391,positive,10.0,10.0,1.8406293392181396,1.2719581127166748,-0.059018172323703766,0.2949867844581604,188,113
0.006760120391845703,positive,10.0,10.0,1.8660686016082764,1.0777250528335571,-0.05311843752861023,0.5684878826141357,188,114
0.006806373596191406,positive,10.0,10.0,1.8876230716705322,0.8833867311477661,-0.04174868017435074,0.8439745903015137,188,115
0.006968259811401367,negative,10.0,-10.0,1.9367538690567017,0.6892086863517761,0.014052918180823326,1.1147890090942383,188,118
0.007017850875854492,negative,10.0,-10.0,1.9505380392074585,0.8841433525085449,0.036348700523376465,0.826547384262085,188,119
0.007067203521728516,negative,10.0,-10.0,1.9682209491729736,0.6885436773300171,0.05287964642047882,1.1304372549057007,188,120
0.007122039794921875,negative,10.0,-10.0,1.9819918870925903,0.8829348087310791,0.0754883885383606,0.8547974228858948,188,121
0.007288694381713867,negative,10.0,-10.0,2.046602725982666,1.074222207069397,0.1108124628663063,0.6483055353164673,188,124
0.007391452789306641,negative,10.0,-10.0,2.093440055847168,1.070999026298523,0.13162797689437866,0.7214733362197876,188,126
0.007439613342285156,negative,10.0,-10.0,2.1148600578308105,0.874325692653656,0.14605744183063507,1.0525184869766235,188,127
0.00031447410583496094,positive,10.0,10.0,0.02361048012971878,0.036605291068553925,-0.038486599922180176,0.026846179738640785,189,0
0.0006372928619384766,positive,10.0,10.0,0.02118370123207569,0.037697382271289825,-0.031806834042072296,0.0027364431880414486,189,2
0.0010509490966796875,positive,10.0,10.0,0.008643737994134426,-0.35104110836982727,-0.009354508481919765,0.5549571514129639,189,6
0.0011031627655029297,positive,10.0,10.0,0.001622915267944336,-0.1557890772819519,0.001744635053910315,0.2593417465686798,189,7
0.0011525154113769531,positive,10.0,10.0,-0.0014928661985322833,-0.3509358763694763,0.006931469775736332,0.5525744557380676,189,8
0.0012574195861816406,positive,10.0,10.0,-0.011629823595285416,-0.3512859344482422,0.02322462759912014,0.560383677482605,189,10
0.0013613700866699219,positive,10.0,10.0,-0.021785492077469826,-0.352093368768692,0.039934445172548294,0.5784482359886169,189,12
0.0016255378723144531,positive,10.0,10.0,-0.033721379935741425,-0.16083288192749023,0.06576436012983322,0.37132468819618225,189,17
0.0016741752624511719,positive,10.0,10.0,-0.03693803772330284,0.0332961268723011,0.0731908529996872,0.1000814363360405,189,18
0.001722574234008789,positive,10.0,10.0,-0.036272116005420685,0.22729696333408356,0.07519248872995377,-0.1686418354511261,189,19
0.0018916130065917969,positive,10.0,10.0,-0.018796736374497414,0.029239021241664886,0.06064072251319885,0.18964187800884247,189,22
0.0019474029541015625,positive,10.0,10.0,-0.018211955204606056,-0.166695699095726,0.06443355977535248,0.5008211731910706,189,23
0.002109050750732422,positive,10.0,10.0,-0.016567736864089966,0.41534996032714844,0.0782487615942955,-0.30591922998428345,189,26
0.0024194717407226562,positive,10.0,10.0,0.029064642265439034,0.019526923075318336,0.0542231984436512,0.40405556559562683,189,32
0.0025200843811035156,positive,10.0,10.0,0.03373197466135025,0.017883049324154854,0.0648832842707634,0.4406188726425171,189,34
0.002567291259765625,positive,10.0,10.0,0.03408963605761528,0.21202965080738068,0.07369565963745117,0.16907405853271484,189,35
0.0026133060455322266,positive,10.0,10.0,0.03833022713661194,0.40602362155914307,0.07707714289426804,-0.09948015213012695,189,36
0.0026597976684570312,positive,10.0,10.0,0.04645070061087608,0.5999611616134644,0.0750875398516655,-0.3668844997882843,189,37
0.0029675960540771484,positive,10.0,10.0,0.08303170651197433,0.5934387445449829,0.09036655724048615,-0.22283169627189636,189,43
0.003016233444213867,positive,10.0,10.0,0.09490048140287399,0.7871606945991516,0.08590991795063019,-0.48569732904434204,189,44
0.003127574920654297,positive,10.0,10.0,0.12246245890855789,0.7848914265632629,0.0728515237569809,-0.43492838740348816,189,46
0.003229856491088867,positive,10.0,10.0,0.15773849189281464,0.7829608917236328,0.05007724091410637,-0.39161786437034607,189,48
0.003278970718383789,positive,10.0,10.0,0.1733977198600769,0.587165355682373,0.04224488139152527,-0.08357618004083633,189,49
0.003324747085571289,positive,10.0,10.0,0.18514102697372437,0.39146411418914795,0.0405733585357666,0.22213010489940643,189,50
0.0033707618713378906,positive,10.0,10.0,0.19297030568122864,0.19578643143177032,0.045015960931777954,0.5273303389549255,189,51
0.0034704208374023438,positive,10.0,10.0,0.20469097793102264,0.19437746703624725,0.060545872896909714,0.5588431358337402,189,53
0.0035724639892578125,positive,10.0,10.0,0.2163505107164383,0.5826292634010315,0.07743940502405167,0.01660550944507122,189,55
0.0036191940307617188,positive,10.0,10.0,0.2280030995607376,0.7765601873397827,0.07777151465415955,-0.2506745755672455,189,56
0.0036640167236328125,positive,10.0,10.0,0.24353431165218353,0.9704903960227966,0.0727580189704895,-0.517848789691925,189,57
0.0037093162536621094,positive,10.0,10.0,0.2629441022872925,0.7744234800338745,0.062401045113801956,-0.2031545788049698,189,58
0.0038132667541503906,positive,10.0,10.0,0.29000192880630493,0.7727067470550537,0.060508787631988525,-0.1651802808046341,189,60
0.0038604736328125,positive,10.0,10.0,0.3054560720920563,0.5767731666564941,0.05720518156886101,0.1459609568119049,189,61
0.003926515579223633,positive,10.0,10.0,0.31699153780937195,0.3808806240558624,0.06012440100312233,0.45612823963165283,189,62
0.00397801399230957,positive,10.0,10.0,0.3246091306209564,0.5751032829284668,0.06924696266651154,0.18298663198947906,189,63
0.004027128219604492,positive,10.0,10.0,0.3361112177371979,0.37906232476234436,0.07290669530630112,0.49668562412261963,189,64
0.004075288772583008,positive,10.0,10.0,0.34369245171546936,0.5730845928192139,0.08284041285514832,0.22784096002578735,189,65
0.0041277408599853516,positive,10.0,10.0,0.3551541566848755,0.7669309973716736,0.08739723265171051,-0.03760427609086037,189,66
0.004176139831542969,positive,10.0,10.0,0.37049275636672974,0.9606980085372925,0.08664514124393463,-0.3014833927154541,189,67
0.004223823547363281,positive,10.0,10.0,0.38970673084259033,0.7644548416137695,0.08061547577381134,0.01721889153122902,189,68
0.0043871402740478516,positive,10.0,10.0,0.4472067356109619,0.9561066627502441,0.0656789019703865,-0.19944220781326294,189,71
0.0044918060302734375,positive,10.0,10.0,0.4815310537815094,0.5641606450080872,0.06395436078310013,0.4247049391269684,189,73
0.004595518112182617,positive,10.0,10.0,0.5001781582832336,0.5622442960739136,0.087185338139534,0.46781301498413086,189,75
0.0048029422760009766,positive,10.0,10.0,0.5684006810188293,0.9468098282814026,0.09315580129623413,0.006103164050728083,189,79
0.005009651184082031,positive,10.0,10.0,0.6595878005027771,1.3318382501602173,0.07383772730827332,-0.4657091498374939,189,83
0.005110740661621094,positive,10.0,10.0,0.7089396715164185,0.9397711753845215,0.06150960549712181,0.16162361204624176,189,85
0.005214691162109375,positive,10.0,10.0,0.7426115870475769,0.5478513240814209,0.07420326769351959,0.7854249477386475,189,87
0.005532979965209961,positive,10.0,10.0,0.8664780855178833,1.3197510242462158,0.08953651040792465,-0.19850501418113708,189,93
0.00559544563293457,positive,10.0,10.0,0.8928731083869934,1.5134857892990112,0.08556640893220901,-0.4616546034812927,189,94
0.005753993988037109,positive,10.0,10.0,0.9797124862670898,1.3151333332061768,0.06524915248155594,-0.09602287411689758,189,97
0.005853176116943359,positive,10.0,10.0,1.0283979177474976,0.9231724143028259,0.0676589235663414,0.5284795165061951,189,99
0.0061337947845458984,negative,10.0,-10.0,1.089289903640747,0.3316597640514374,0.17230282723903656,1.5603857040405273,189,104
0.006183624267578125,negative,10.0,-10.0,1.0959230661392212,0.5243520736694336,0.20351053774356842,1.3260339498519897,189,105
0.0005018711090087891,positive,10.0,10.0,0.0018509086221456528,-0.3920060098171234,0.0006304886774159968,0.526519238948822,190,4
0.0006172657012939453,positive,10.0,10.0,-0.009927070699632168,-0.39217257499694824,0.01584157533943653,0.5302174687385559,190,6
0.0006687641143798828,positive,10.0,10.0,-0.017770521342754364,-0.1972770094871521,0.02644592523574829,0.24256804585456848,190,7
0.0007712841033935547,positive,10.0,10.0,-0.029571393504738808,-0.1980980783700943,0.04216676577925682,0.26081421971321106,190,9
0.0008172988891601562,positive,10.0,10.0,-0.033533353358507156,-0.39379578828811646,0.04738305136561394,0.5664932131767273,190,10
0.0009191036224365234,positive,10.0,10.0,-0.04539665952324867,-0.005131754092872143,0.0644950419664383,0.015503606759011745,190,12
0.0009663105010986328,positive,10.0,10.0,-0.0454992949962616,-0.20111651718616486,0.06480511277914047,0.3278179466724396,190,13
0.001013040542602539,positive,10.0,10.0,-0.04952162504196167,-0.0069741480983793736,0.0713614746928215,0.05625505745410919,190,14
0.0011143684387207031,positive,10.0,10.0,-0.05372196435928345,-0.009021636098623276,0.07989801466464996,0.10159686952829361,190,16
0.0011594295501708984,positive,10.0,10.0,-0.05390239879488945,0.18486976623535156,0.08192995190620422,-0.16484737396240234,190,17
0.0012052059173583984,positive,10.0,10.0,-0.05020500347018242,0.3787291347980499,0.07863301038742065,-0.4306005537509918,190,18
0.0014836788177490234,positive,10.0,10.0,-0.04374661669135094,0.1784161776304245,0.0868658721446991,-0.02199736051261425,190,23
0.0015423297882080078,positive,10.0,10.0,-0.040178291499614716,0.3721919357776642,0.08642592281103134,-0.28605857491493225,190,24
0.0016443729400634766,positive,10.0,10.0,-0.029215442016720772,0.3698279857635498,0.08135639876127243,-0.23358571529388428,190,26
0.0016906261444091797,positive,10.0,10.0,-0.02181888185441494,0.563698947429657,0.07668469101190567,-0.4995378851890564,190,27
0.0017364025115966797,positive,10.0,10.0,-0.010544903576374054,0.3675844073295593,0.06669393181800842,-0.1837073713541031,190,28
0.0018343925476074219,positive,10.0,10.0,0.00023827768745832145,-0.024390773847699165,0.06560472398996353,0.4411272406578064,190,30
0.0019333362579345703,positive,10.0,10.0,0.0031453503761440516,0.36372649669647217,0.07782376557588577,-0.09848131984472275,190,32
0.0019791126251220703,positive,10.0,10.0,0.010419880039989948,0.5576518177986145,0.07585413753986359,-0.36563175916671753,190,33
0.0020253658294677734,positive,10.0,10.0,0.021572917699813843,0.36153846979141235,0.0685415044426918,-0.05002788454294205,190,34
0.0022792816162109375,positive,10.0,10.0,0.04192064702510834,0.5510569214820862,0.09135614335536957,-0.21996985375881195,190,39
0.002325296401977539,positive,10.0,10.0,0.052941784262657166,0.3547559380531311,0.08695674687623978,0.1000751331448555,190,40
0.0023698806762695312,positive,10.0,10.0,0.060036905109882355,0.5485309958457947,0.0889582484960556,-0.16395613551139832,190,41
0.002617359161376953,positive,10.0,10.0,0.12245143949985504,0.34786394238471985,0.06621129810810089,0.2522430419921875,190,46
0.0027158260345458984,positive,10.0,10.0,0.13244596123695374,0.3459157943725586,0.08255722373723984,0.2956432104110718,190,48
0.0028655529022216797,positive,10.0,10.0,0.1648300439119339,0.9272627234458923,0.08440375328063965,-0.4967249631881714,190,51
0.002911806106567383,positive,10.0,10.0,0.1833752989768982,1.1210993528366089,0.07446925342082977,-0.7616597414016724,190,52
0.0029554367065429688,positive,10.0,10.0,0.20579728484153748,0.9250349402427673,0.059236060827970505,-0.4465043842792511,190,53
0.0030527114868164062,positive,10.0,10.0,0.23888052999973297,0.5333220958709717,0.04759091138839722,0.17236679792404175,190,55
0.003098011016845703,positive,10.0,10.0,0.24954697489738464,0.3375524580478668,0.05103825032711029,0.4796752333641052,190,56
0.0032935142517089844,positive,10.0,10.0,0.28425881266593933,0.7241129279136658,0.07985685765743256,-0.025047967210412025,190,60
0.0035140514373779297,positive,10.0,10.0,0.34985488653182983,1.1098312139511108,0.06915812939405441,-0.5119408369064331,190,64
0.003561735153198242,positive,10.0,10.0,0.37205150723457336,0.9138067960739136,0.05891931429505348,-0.19829073548316956,190,65
0.0036079883575439453,positive,10.0,10.0,0.3903276324272156,0.7178937792778015,0.054953500628471375,0.11238112300634384,190,66
0.0036535263061523438,positive,10.0,10.0,0.40468552708625793,0.5220292210578918,0.057201121002435684,0.42188265919685364,190,67
0.003698587417602539,positive,10.0,10.0,0.41512611508369446,0.3261454701423645,0.06563877314329147,0.7320356965065002,190,68
0.00390625,positive,10.0,10.0,0.4644978642463684,1.101606011390686,0.0920054167509079,-0.33061152696609497,190,72
0.004008769989013672,positive,10.0,10.0,0.5046360492706299,1.0991030931472778,0.08518536388874054,-0.2749568223953247,190,74
0.004058361053466797,positive,10.0,10.0,0.5266181230545044,1.2929128408432007,0.0796862319111824,-0.5396031141281128,190,75
0.004103899002075195,positive,10.0,10.0,0.5524763464927673,1.096766471862793,0.0688941702246666,-0.22291423380374908,190,76
0.004148244857788086,positive,10.0,10.0,0.5744116902351379,0.9007309079170227,0.06443588435649872,0.09068039804697037,190,77
0.0041921138763427734,positive,10.0,10.0,0.5924263000488281,0.7047473788261414,0.06624948978424072,0.4029766619205475,190,78
0.004239082336425781,positive,10.0,10.0,0.6065212488174438,0.5087514519691467,0.07430902123451233,0.715788722038269,190,79
0.00428318977355957,positive,10.0,10.0,0.616696298122406,0.702770471572876,0.08862479776144028,0.447390079498291,190,80
0.004731893539428711,positive,10.0,10.0,0.8123401403427124,1.274369716644287,0.08768299221992493,-0.12915140390396118,190,89
0.004779338836669922,positive,10.0,10.0,0.8378275632858276,1.4681333303451538,0.0850999653339386,-0.3929344415664673,190,90
0.004876613616943359,positive,10.0,10.0,0.8926284909248352,1.4658478498458862,0.07574766874313354,-0.3420284390449524,190,92
0.0051708221435546875,positive,10.0,10.0,1.033110499382019,1.4591543674468994,0.09413211792707443,-0.1942116767168045,190,98
0.0052182674407958984,positive,10.0,10.0,1.0622936487197876,1.6528126001358032,0.09024788439273834,-0.45577895641326904,190,99
0.005266427993774414,positive,10.0,10.0,1.095349907875061,1.8465503454208374,0.08113230019807816,-0.7187061309814453,190,100
0.005542278289794922,positive,10.0,10.0,1.272019386291504,1.6479198932647705,0.025094665586948395,-0.34595441818237305,190,105
0.005590915679931641,positive,10.0,10.0,1.3049777746200562,1.452450156211853,0.018175575882196426,-0.04546503722667694,190,106
0.005637645721435547,positive,10.0,10.0,1.33402681350708,1.6473067998886108,0.017266275361180305,-0.3323584496974945,190,107
0.0056836605072021484,positive,10.0,10.0,1.3669729232788086,1.4519433975219727,0.010619106702506542,-0.034280985593795776,190,108
0.005728960037231445,positive,10.0,10.0,1.3960118293762207,1.6469115018844604,0.009933487512171268,-0.3235946595668793,190,109
0.005930662155151367,positive,10.0,10.0,1.5199486017227173,1.6467301845550537,-0.003997742664068937,-0.31956613063812256,190,113
0.005976676940917969,positive,10.0,10.0,1.552883267402649,1.4516654014587402,-0.010389065369963646,-0.028146620839834213,190,114
0.006024837493896484,positive,10.0,10.0,1.5819165706634521,1.6469347476959229,-0.010951997712254524,-0.3240892291069031,190,115
0.0062329769134521484,positive,10.0,10.0,1.7058910131454468,1.257720947265625,-0.025713663548231125,0.23865729570388794,190,119
0.006280183792114258,positive,10.0,10.0,1.7310453653335571,1.062975525856018,-0.020940516144037247,0.5231197476387024,190,120
0.006325244903564453,positive,10.0,10.0,1.7523049116134644,0.8681545257568359,-0.010478121228516102,0.8091312050819397,190,121
0.006422281265258789,positive,10.0,10.0,1.7831315994262695,0.8682240843772888,0.02767450176179409,0.8076121807098389,190,123
0.006468057632446289,positive,10.0,10.0,1.800495982170105,0.6727340221405029,0.043826743960380554,1.108870267868042,190,124
0.0065114498138427734,positive,10.0,10.0,1.8139506578445435,0.8672534823417664,0.06600414961576462,0.8302522301673889,190,125
0.006709098815917969,negative,10.0,-10.0,1.859804630279541,0.472326397895813,0.17035551369190216,1.5360660552978516,190,129
0.0003457069396972656,positive,10.0,10.0,0.01490186806768179,0.024764571338891983,0.004655239637941122,-0.0007316498667933047,191,0
0.0006699562072753906,positive,10.0,10.0,0.011988682672381401,0.024631649255752563,0.01050893496721983,0.0022006803192198277,191,2
0.0007808208465576172,positive,10.0,10.0,0.01248131599277258,-0.17063942551612854,0.010552948340773582,0.2981806993484497,191,3
0.0011081695556640625,positive,10.0,10.0,0.006134650204330683,0.02385578490793705,0.022827304899692535,0.01932072639465332,191,6
0.0014150142669677734,positive,10.0,10.0,0.0036440028343349695,-0.17233578860759735,0.030272969976067543,0.3357168138027191,191,9
0.0015087127685546875,positive,10.0,10.0,0.00019728705228772014,0.02234255149960518,0.0369873046875,0.05273200571537018,191,10
0.0016026496887207031,positive,10.0,10.0,0.0006441380828619003,-0.1732897013425827,0.03804194554686546,0.3568514585494995,191,11
0.0016956329345703125,positive,10.0,10.0,-0.00282165571115911,0.021271338686347008,0.04517897590994835,0.0764026939868927,191,12
0.001787424087524414,positive,10.0,10.0,-0.0023962289560586214,-0.17446818947792053,0.04670703038573265,0.3829904794692993,191,13
0.0018770694732666016,positive,10.0,10.0,-0.005885592661798,0.0199605543166399,0.054366838186979294,0.10539230704307556,191,14
0.002074003219604492,positive,10.0,10.0,-0.009004315361380577,0.018381267786026,0.06476908922195435,0.1403624713420868,191,16
0.0024077892303466797,positive,10.0,10.0,-0.011858825571835041,0.21044538915157318,0.08027374744415283,-0.08544308692216873,191,19
0.002506732940673828,positive,10.0,10.0,-0.007649917621165514,0.40433040261268616,0.07856488227844238,-0.3517589271068573,191,20
0.0027081966400146484,positive,10.0,10.0,0.00460037449374795,0.40221139788627625,0.07082224637269974,-0.30465760827064514,191,22
0.0031163692474365234,positive,10.0,10.0,0.02105722390115261,0.008239286951720715,0.07236354053020477,0.3646678626537323,191,26
0.003209352493286133,positive,10.0,10.0,0.021222010254859924,0.20226222276687622,0.07965689897537231,0.09565144032239914,191,27
0.003405332565307617,positive,10.0,10.0,0.03319040313363075,0.5900229215621948,0.07815243303775787,-0.436751127243042,191,29
0.003699064254760742,positive,10.0,10.0,0.05682544782757759,0.0018290959997102618,0.07087276130914688,0.5063048005104065,191,32
0.00400996208190918,positive,10.0,10.0,0.0685749500989914,0.5835559964179993,0.08514823019504547,-0.2937518358230591,191,35
0.0041005611419677734,positive,10.0,10.0,0.08024606853723526,0.3873297870159149,0.07927319407463074,0.02452443353831768,191,36
0.004189968109130859,positive,10.0,10.0,0.08799266070127487,0.5812307000160217,0.07976368069648743,-0.2421315759420395,191,37
0.0046346187591552734,positive,10.0,10.0,0.14216400682926178,0.5772467255592346,0.051584742963314056,-0.15364734828472137,191,41
0.004936933517456055,positive,10.0,10.0,0.16505032777786255,0.3799998164176941,0.06085759401321411,0.18645727634429932,191,44
0.005636453628540039,positive,10.0,10.0,0.23734070360660553,0.9579992294311523,0.06694987416267395,-0.5308403968811035,191,51
0.005832195281982422,positive,10.0,10.0,0.27174073457717896,0.5661224126815796,0.05197635293006897,0.09207174181938171,191,53
0.005925893783569336,positive,10.0,10.0,0.2830631732940674,0.37029552459716797,0.05381779000163078,0.40068960189819336,191,54
0.0060193538665771484,positive,10.0,10.0,0.29046908020973206,0.5646144151687622,0.061831582337617874,0.1254480630159378,191,55
0.00621342658996582,positive,10.0,10.0,0.30913466215133667,0.5628186464309692,0.07308012992143631,0.16525258123874664,191,57
0.00630497932434082,positive,10.0,10.0,0.3203910291194916,0.7568225264549255,0.07638518512248993,-0.1035100445151329,191,58
0.006537675857543945,positive,10.0,10.0,0.35454291105270386,0.7546766996383667,0.06689199060201645,-0.05599089711904526,191,60
0.006632804870605469,positive,10.0,10.0,0.3696364462375641,0.5586625337600708,0.0657721683382988,0.2570243179798126,191,61
0.006726503372192383,positive,10.0,10.0,0.3808096945285797,0.36266621947288513,0.07091265916824341,0.5697062015533447,191,62
0.00692439079284668,positive,10.0,10.0,0.399197518825531,0.7505840063095093,0.0883103683590889,0.03454730287194252,191,64
0.007220268249511719,positive,10.0,10.0,0.4558575451374054,0.9418757557868958,0.07457387447357178,-0.1743040233850479,191,67
0.00751948356628418,positive,10.0,10.0,0.5162082314491272,0.7438477277755737,0.05966971814632416,0.1833072155714035,191,70
0.008317947387695312,positive,10.0,10.0,0.6424068808555603,1.1238723993301392,0.09099547564983368,-0.1777614802122116,191,78
0.008441448211669922,positive,10.0,10.0,0.6648843288421631,1.317582368850708,0.08744024485349655,-0.4404084384441376,191,79
0.008533477783203125,positive,10.0,10.0,0.6912359595298767,1.1213388442993164,0.07863207906484604,-0.12149301916360855,191,80
0.00910043716430664,positive,10.0,10.0,0.8137770295143127,1.1149828433990479,0.08856634795665741,0.019171373918652534,191,86
0.009377479553222656,positive,10.0,10.0,0.8923008441925049,1.3062771558761597,0.07391044497489929,-0.1897144317626953,191,89
0.009463071823120117,positive,10.0,10.0,0.9184263944625854,1.5002682209014893,0.07011615484952927,-0.45819664001464844,191,90
0.009546756744384766,positive,10.0,10.0,0.9484317302703857,1.694332480430603,0.06095222383737564,-0.7279806137084961,191,91
0.009912490844726562,positive,10.0,10.0,1.0916985273361206,1.692310094833374,-0.007069749291986227,-0.6816728115081787,191,95
0.010007143020629883,positive,10.0,10.0,1.125544786453247,1.4972870349884033,-0.020703205838799477,-0.39122405648231506,191,96
0.010094881057739258,positive,10.0,10.0,1.155490517616272,1.3024649620056152,-0.02852768637239933,-0.105139821767807,191,97
0.010177135467529297,positive,10.0,10.0,1.18153977394104,1.4979839324951172,-0.030630484223365784,-0.40668487548828125,191,98
0.01038980484008789,positive,10.0,10.0,1.2375657558441162,1.4989646673202515,-0.04124046117067337,-0.4284702241420746,191,100
0.010481834411621094,positive,10.0,10.0,1.2675449848175049,1.304450273513794,-0.04980986565351486,-0.14906801283359528,191,101
0.010565996170043945,positive,10.0,10.0,1.2936339378356934,1.5002487897872925,-0.05279122665524483,-0.45703959465026855,191,102
0.010655879974365234,positive,10.0,10.0,1.323638916015625,1.3059114217758179,-0.06193201616406441,-0.18145298957824707,191,103
0.011029481887817383,positive,10.0,10.0,1.436025619506836,1.3099240064620972,-0.0905987098813057,-0.27068760991096497,191,107
0.01255345344543457,positive,10.0,10.0,1.7605971097946167,0.7495744228363037,-0.08475867658853531,0.05685262382030487,191,124
0.012634515762329102,positive,10.0,10.0,1.7755886316299438,0.5557636022567749,-0.08362162113189697,0.32163602113723755,191,125
0.012801170349121094,positive,10.0,10.0,1.8017432689666748,0.558035671710968,-0.07711295038461685,0.2711629867553711,191,127
0.012962818145751953,positive,10.0,10.0,1.820185899734497,0.5601466298103333,-0.06091844290494919,0.2241799235343933,191,129
0.013039350509643555,positive,10.0,10.0,1.8313888311386108,0.36594587564468384,-0.05643484368920326,0.4970417618751526,191,130
0.013112783432006836,positive,10.0,10.0,1.838707685470581,0.17166320979595184,-0.046494010835886,0.7714188098907471,191,131
0.013186216354370117,positive,10.0,10.0,1.842141032218933,-0.022789159789681435,-0.03106563352048397,1.0491178035736084,191,132
0.013345479965209961,positive,10.0,10.0,1.837335467338562,-0.41247883439064026,0.016554513946175575,1.6214003562927246,191,134
0.013418197631835938,positive,10.0,10.0,1.8290859460830688,-0.6077917814254761,0.048982519656419754,1.919196367263794,191,135
0.01357412338256836,negative,10.0,-10.0,1.8008619546890259,-0.6092156171798706,0.1318996250629425,1.962139368057251,191,137
0.00038504600524902344,positive,10.0,10.0,0.008824720047414303,-0.23578624427318573,0.011353832669556141,0.29437151551246643,192,1
0.0005495548248291016,positive,10.0,10.0,0.0032924350816756487,-0.23619289696216583,0.017347082495689392,0.3033634126186371,192,3
0.0006194114685058594,positive,10.0,10.0,-0.001431422890163958,-0.041322413831949234,0.02341434918344021,0.016201462596654892,192,4
0.0006859302520751953,positive,10.0,10.0,-0.0022578712087124586,-0.23677219450473785,0.023738378658890724,0.31617894768714905,192,5
0.0007505416870117188,positive,10.0,10.0,-0.006993315182626247,-0.04199627414345741,0.030061958357691765,0.031075822189450264,192,6
0.0009608268737792969,positive,10.0,10.0,-0.013441244140267372,-0.23850104212760925,0.038350049406290054,0.35446664690971375,192,9
0.0010251998901367188,positive,10.0,10.0,-0.01821126602590084,-0.04394477233290672,0.04543938487768173,0.07411897927522659,192,10
0.0010883808135986328,positive,10.0,10.0,-0.019090160727500916,-0.2396876960992813,0.04692176356911659,0.38078489899635315,192,11
0.001222848892211914,positive,10.0,10.0,-0.02478916198015213,-0.24112175405025482,0.05660261586308479,0.4126361310482025,192,13
0.0012865066528320312,positive,10.0,10.0,-0.02961159683763981,-0.046845924109220505,0.06485533714294434,0.1383213847875595,192,14
0.0013494491577148438,positive,10.0,10.0,-0.030548514798283577,-0.2428339421749115,0.06762176752090454,0.45073947310447693,192,15
0.0014142990112304688,positive,10.0,10.0,-0.03540519252419472,-0.048730287700891495,0.07663656026124954,0.18011505901813507,192,16
0.0014777183532714844,positive,10.0,10.0,-0.036379799246788025,0.14521612226963043,0.08023885637521744,-0.08744155615568161,192,17
0.0016176700592041016,positive,10.0,10.0,-0.026693442836403847,0.14295652508735657,0.07141464203596115,-0.03740498796105385,192,19
0.0017833709716796875,positive,10.0,10.0,-0.024896571412682533,-0.24916823208332062,0.07620509713888168,0.5910352468490601,192,21
0.00206756591796875,positive,10.0,10.0,-0.02156781405210495,0.5258557200431824,0.09164777398109436,-0.46285027265548706,192,25
0.0021305084228515625,positive,10.0,10.0,-0.011050699278712273,0.32956621050834656,0.08239077031612396,-0.14274488389492035,192,26
0.0022661685943603516,positive,10.0,10.0,0.006008973810821772,0.3272631764411926,0.07136907428503036,-0.09167973697185516,192,28
0.002329587936401367,positive,10.0,10.0,0.012554237619042397,0.13119469583034515,0.06953547894954681,0.22263899445533752,192,29
0.0023908615112304688,positive,10.0,10.0,0.015178131870925426,-0.06484866887331009,0.07398825883865356,0.5364203453063965,192,30
0.0025310516357421875,positive,10.0,10.0,0.016464343294501305,0.32297641038894653,0.09007541835308075,0.0031311705242842436,192,32
0.002680063247680664,positive,10.0,10.0,0.03325784578919411,0.7104261517524719,0.08494147658348083,-0.5227745771408081,192,34
0.002815723419189453,positive,10.0,10.0,0.057750727981328964,0.7081999182701111,0.07039438188076019,-0.47286808490753174,192,36
0.0030159950256347656,positive,10.0,10.0,0.08848226070404053,0.12031958997249603,0.060808174312114716,0.46274375915527344,192,39
0.0032858848571777344,positive,10.0,10.0,0.10579868406057358,0.5063173174858093,0.08863987028598785,-0.029827745631337166,192,43
0.0038061141967773438,positive,10.0,10.0,0.19568032026290894,0.30337733030319214,0.06648939102888107,0.43628212809562683,192,50
0.0038743019104003906,positive,10.0,10.0,0.201747864484787,0.49749815464019775,0.07521503418684006,0.16527774930000305,192,51
0.004010200500488281,positive,10.0,10.0,0.22552718222141266,0.8853813409805298,0.07646536827087402,-0.3696744441986084,192,53
0.004144191741943359,positive,10.0,10.0,0.2570200264453888,0.49322009086608887,0.06799399107694626,0.25975653529167175,192,55
0.004274845123291016,positive,10.0,10.0,0.2728283703327179,0.49122026562690735,0.08465085923671722,0.3043292164802551,192,57
0.0044727325439453125,positive,10.0,10.0,0.31392860412597656,1.0724544525146484,0.08706273138523102,-0.48570016026496887,192,60
0.0045359134674072266,positive,10.0,10.0,0.33537769317626953,0.8762187361717224,0.0773487240076065,-0.16689738631248474,192,61
0.004666805267333984,positive,10.0,10.0,0.3743051290512085,0.8740657567977905,0.06532654911279678,-0.11914613842964172,192,63
0.004797935485839844,positive,10.0,10.0,0.40534788370132446,0.48210835456848145,0.06681183725595474,0.5052663087844849,192,65
0.004926919937133789,positive,10.0,10.0,0.42071229219436646,0.48010119795799255,0.0932818278670311,0.5507009029388428,192,67
0.0053365230560302734,positive,10.0,10.0,0.5285828113555908,1.2512239217758179,0.09342103451490402,-0.4176519215106964,192,73
0.0054721832275390625,positive,10.0,10.0,0.5747054815292358,1.2487170696258545,0.08312718570232391,-0.3617187738418579,192,75
0.005533695220947266,positive,10.0,10.0,0.5996798276901245,1.0525180101394653,0.07589280605316162,-0.04402516037225723,192,76
0.00566411018371582,positive,10.0,10.0,0.6456596851348877,1.0503681898117065,0.06877568364143372,0.0035337000153958797,192,78
0.005964040756225586,positive,10.0,10.0,0.7295693755149841,1.4363317489624023,0.07170332968235016,-0.4888794720172882,192,82
0.006238698959350586,positive,10.0,10.0,0.820956289768219,0.6524845957756042,0.0701294019818306,0.7589234113693237,192,86
0.006581783294677734,negative,10.0,-10.0,0.8937618136405945,1.2300608158111572,0.13992691040039062,0.05161738395690918,192,91
0.00664520263671875,negative,10.0,-10.0,0.9183630347251892,1.422927975654602,0.1409592628479004,-0.19385135173797607,192,92
0.006710529327392578,negative,10.0,-10.0,0.9468215703964233,1.6157816648483276,0.13708223402500153,-0.4389577805995941,192,93
0.007288455963134766,positive,10.0,10.0,1.2199604511260986,1.9926855564117432,0.06562598049640656,-0.7276491522789001,192,101
0.007356405258178711,positive,10.0,10.0,1.2598142623901367,1.7967206239700317,0.051072996109724045,-0.41505441069602966,192,102
0.007419109344482422,positive,10.0,10.0,1.2957485914230347,1.600913405418396,0.04277190938591957,-0.10671763122081757,192,103
0.007622480392456055,positive,10.0,10.0,1.3956693410873413,1.794357419013977,0.03131761774420738,-0.36250734329223633,192,106
0.0076847076416015625,positive,10.0,10.0,1.4315564632415771,1.5988047122955322,0.0240674689412117,-0.06011618301272392,192,107
0.007771968841552734,positive,10.0,10.0,1.463532567024231,1.7935734987258911,0.02286514639854431,-0.3451095521450043,192,108
0.007988929748535156,positive,10.0,10.0,1.5672271251678467,1.5976903438568115,0.008398675359785557,-0.03551618754863739,192,111
0.00809335708618164,positive,10.0,10.0,1.5991809368133545,1.7926908731460571,0.007688351906836033,-0.32553744316101074,192,112
0.00826120376586914,positive,10.0,10.0,1.666983962059021,1.7925653457641602,0.0005688045057468116,-0.3227510452270508,192,114
0.008536815643310547,positive,10.0,10.0,1.8025890588760376,1.4026784896850586,-0.013648292981088161,0.2547699511051178,192,118
0.008600473403930664,positive,10.0,10.0,1.830642580986023,1.207754135131836,-0.008552893996238708,0.5431169271469116,192,119
0.008662223815917969,positive,10.0,10.0,1.8547977209091187,1.0127533674240112,0.0023094448260962963,0.8330928087234497,192,120
0.00872182846069336,positive,10.0,10.0,1.875052809715271,0.8175999522209167,0.01897129975259304,1.1265010833740234,192,121
0.008783817291259766,positive,10.0,10.0,1.8914047479629517,1.0124682188034058,0.041501324623823166,0.8398284912109375,192,122
0.00898885726928711,negative,10.0,-10.0,1.9482126235961914,0.8149921298027039,0.09863171726465225,1.1884909868240356,192,125
0.00912165641784668,negative,10.0,-10.0,1.9768872261047363,0.8121845126152039,0.15260933339595795,1.2582896947860718,192,127
0.0003600120544433594,positive,10.0,10.0,0.020124034956097603,-0.18760338425636292,-0.015168720856308937,0.2595967650413513,193,1
0.0005009174346923828,positive,10.0,10.0,0.008721855469048023,-0.18724486231803894,0.0009723525727167726,0.25164735317230225,193,3
0.0006146430969238281,positive,10.0,10.0,-0.002670655492693186,-0.18734362721443176,0.016898036003112793,0.25385206937789917,193,5
0.0007221698760986328,positive,10.0,10.0,-0.014071582816541195,-0.18789619207382202,0.033011410385370255,0.26613757014274597,193,7
0.0008487701416015625,positive,10.0,10.0,-0.025498973205685616,-0.18890944123268127,0.04971510171890259,0.28868308663368225,193,9
0.0009131431579589844,positive,10.0,10.0,-0.02927716262638569,0.0054696099832654,0.055488765239715576,0.012084966525435448,193,10
0.0009655952453613281,positive,10.0,10.0,-0.029167771339416504,-0.19040240347385406,0.055730465799570084,0.3217461109161377,193,11
0.0011303424835205078,positive,10.0,10.0,-0.036739595234394073,0.0020984320435673,0.07028384506702423,0.08664198964834213,193,14
0.0014472007751464844,positive,10.0,10.0,-0.040712736546993256,0.3850988447666168,0.09368985146284103,-0.34079286456108093,193,20
0.001497030258178711,positive,10.0,10.0,-0.03301076218485832,0.1887774020433426,0.08687399327754974,-0.020097699016332626,193,21
0.0015437602996826172,positive,10.0,10.0,-0.02923521399497986,0.38255301117897034,0.0864720419049263,-0.28415611386299133,193,22
0.0015919208526611328,positive,10.0,10.0,-0.021584153175354004,0.5763420462608337,0.08078891783952713,-0.5483624339103699,193,23
0.0016379356384277344,positive,10.0,10.0,-0.010057312436401844,0.3801836371421814,0.06982167065143585,-0.23135845363140106,193,24
0.0018925666809082031,positive,10.0,10.0,0.012161782942712307,0.5701688528060913,0.0743468776345253,-0.41140836477279663,193,29
0.0019412040710449219,positive,10.0,10.0,0.023565160110592842,0.3740760385990143,0.06611870974302292,-0.09624381363391876,193,30
0.0019881725311279297,positive,10.0,10.0,0.031046681106090546,0.1780717968940735,0.06419382989406586,0.21654485166072845,193,31
0.002194643020629883,positive,10.0,10.0,0.045175690203905106,0.5639155507087708,0.08410315960645676,-0.27323442697525024,193,35
0.0022966861724853516,positive,10.0,10.0,0.07160886377096176,0.5616087317466736,0.06787345558404922,-0.22186265885829926,193,37
0.00244140625,positive,10.0,10.0,0.09354503452777863,0.36375299096107483,0.07333364337682724,0.13202409446239471,193,40
0.0025205612182617188,positive,10.0,10.0,0.11197514086961746,0.7517082095146179,0.07324109971523285,-0.40443170070648193,193,42
0.002557992935180664,positive,10.0,10.0,0.1270093023777008,0.5556281805038452,0.06515245884656906,-0.08958646655082703,193,43
0.0026395320892333984,positive,10.0,10.0,0.14531457424163818,0.16366811096668243,0.06781912595033646,0.5348968505859375,193,45
0.002680063247680664,positive,10.0,10.0,0.14858794212341309,0.35777410864830017,0.07851706445217133,0.26433074474334717,193,46
0.0027201175689697266,positive,10.0,10.0,0.15574342012405396,0.5516926646232605,0.0838036760687828,-0.00259065511636436,193,47
0.002760171890258789,positive,10.0,10.0,0.16677728295326233,0.7455190420150757,0.0837518647313118,-0.2677003741264343,193,48
0.0029544830322265625,positive,10.0,10.0,0.24188660085201263,0.7414939403533936,0.04201221466064453,-0.17809101939201355,193,52
0.0029947757720947266,positive,10.0,10.0,0.2567164897918701,0.5457967519760132,0.038450393825769424,0.12754371762275696,193,53
0.0030786991119384766,positive,10.0,10.0,0.27463534474372864,0.5446637868881226,0.049643371254205704,0.15262405574321747,193,55
0.0032918453216552734,positive,10.0,10.0,0.32894575595855713,0.34541890025138855,0.06835401803255081,0.5371584296226501,193,60
0.003330230712890625,positive,10.0,10.0,0.3358541429042816,0.5395165681838989,0.07909718155860901,0.26677221059799194,193,61
0.003410816192626953,positive,10.0,10.0,0.36131298542022705,0.9272417426109314,0.08443359285593033,-0.26484644412994385,193,63
0.0034492015838623047,positive,10.0,10.0,0.3798578083515167,1.121063470840454,0.07913666218519211,-0.5297492742538452,193,64
0.0034859180450439453,positive,10.0,10.0,0.4022790789604187,0.9249226450920105,0.06854167580604553,-0.21321694552898407,193,65
0.003566741943359375,positive,10.0,10.0,0.43535536527633667,0.532909631729126,0.06628284603357315,0.4125250279903412,193,67
0.003649473190307617,positive,10.0,10.0,0.4527518153190613,0.5309302806854248,0.08904027193784714,0.45702189207077026,193,69
0.0038568973541259766,positive,10.0,10.0,0.5367737412452698,1.1090526580810547,0.09416559338569641,-0.2641701400279999,193,74
0.003895998001098633,positive,10.0,10.0,0.5589548349380493,1.30271315574646,0.0888821929693222,-0.5257302522659302,193,75
0.003975629806518555,positive,10.0,10.0,0.6071382761001587,1.3003792762756348,0.07423926889896393,-0.47338515520095825,193,77
0.0040130615234375,positive,10.0,10.0,0.6331458687782288,1.1042916774749756,0.06477156281471252,-0.1582576483488083,193,78
0.004049777984619141,positive,10.0,10.0,0.6552317142486572,0.9083050489425659,0.06160641089081764,0.1541353464126587,193,79
0.004088640213012695,positive,10.0,10.0,0.6733977794647217,0.7123575806617737,0.06468911468982697,0.46559977531433105,193,80
0.004132270812988281,positive,10.0,10.0,0.6876449584960938,0.5163840651512146,0.07400111109018326,0.7779505252838135,193,81
0.0044803619384765625,positive,10.0,10.0,0.8631457686424255,1.6759271621704102,0.07484009116888046,-0.7356497645378113,193,89
0.0045659542083740234,positive,10.0,10.0,0.9262614250183105,1.6740763187408447,0.05171943083405495,-0.6935212016105652,193,91
0.004694223403930664,positive,10.0,10.0,1.0305684804916382,1.8676954507827759,0.005156203638762236,-0.9519699215888977,193,94
0.004731893539428711,positive,10.0,10.0,1.0679224729537964,1.6725045442581177,-0.013883194886147976,-0.6576714515686035,193,95
0.004828691482543945,positive,10.0,10.0,1.130924105644226,1.282850980758667,-0.034424468874931335,-0.08535539358854294,193,97
0.0048675537109375,positive,10.0,10.0,1.156581163406372,1.0882389545440674,-0.03613157570362091,0.1962708979845047,193,98
0.004904508590698242,positive,10.0,10.0,1.1783459186553955,0.8936519026756287,-0.032206159085035324,0.4773405194282532,193,99
0.004988670349121094,positive,10.0,10.0,1.2101988792419434,0.5041965842247009,-0.0074653225019574165,1.0451687574386597,193,101
0.005272626876831055,negative,10.0,-10.0,1.2454909086227417,0.30284422636032104,0.19608747959136963,1.4997241497039795,193,108
0.00021004676818847656,positive,10.0,10.0,0.01913873665034771,0.03409359231591225,0.01111516635864973,-0.047083452343940735,194,0
0.00042128562927246094,positive,10.0,10.0,0.009467854164540768,-0.16154596209526062,0.02605440840125084,0.25709041953086853,194,3
0.0006277561187744141,positive,10.0,10.0,-0.011312044225633144,-0.16363954544067383,0.059475742280483246,0.30368632078170776,194,7
0.0008106231689453125,positive,10.0,10.0,-0.016707122325897217,0.2227136194705963,0.0744524672627449,-0.19693084061145782,194,11
0.000850677490234375,positive,10.0,10.0,-0.012252849526703358,0.02661006525158882,0.07051385194063187,0.11827840656042099,194,12
0.0008897781372070312,positive,10.0,10.0,-0.011720648035407066,-0.1694476306438446,0.07287941873073578,0.43234801292419434,194,13
0.0009284019470214844,positive,10.0,10.0,-0.015109600499272346,0.024570822715759277,0.08152637630701065,0.16350045800209045,194,14
0.0009675025939941406,positive,10.0,10.0,-0.01461818441748619,0.21843679249286652,0.08479639142751694,-0.10239040106534958,194,15
0.0010066032409667969,positive,10.0,10.0,-0.010249448008835316,0.41224759817123413,0.08274857699871063,-0.3671617805957794,194,16
0.0010440349578857422,positive,10.0,10.0,-0.002004496520385146,0.21605326235294342,0.07540534436702728,-0.04957693815231323,194,17
0.0012104511260986328,positive,10.0,10.0,0.015153102576732635,0.21198053658008575,0.074235700070858,0.04051908850669861,194,21
0.0012507438659667969,positive,10.0,10.0,0.0193927139043808,0.4059637784957886,0.07504608482122421,-0.22784912586212158,194,22
0.0012874603271484375,positive,10.0,10.0,0.027511989697813988,0.5999374985694885,0.07048910111188889,-0.495947927236557,194,23
0.0013246536254882812,positive,10.0,10.0,0.03951073810458183,0.4038960635662079,0.06057014316320419,-0.18190933763980865,194,24
0.0013608932495117188,positive,10.0,10.0,0.047588661313056946,0.2079620510339737,0.05693195387721062,0.1292494386434555,194,25
0.0014848709106445312,positive,10.0,10.0,0.05611543729901314,0.010274198837578297,0.07162352651357651,0.479417622089386,194,28
0.0015223026275634766,positive,10.0,10.0,0.056320920586586,0.20431581139564514,0.0812118798494339,0.21014077961444855,194,29
0.0016031265258789062,positive,10.0,10.0,0.0683710053563118,0.5919883251190186,0.08429750800132751,-0.32041823863983154,194,31
0.0016827583312988281,positive,10.0,10.0,0.08812623471021652,0.5896968245506287,0.07784140855073929,-0.269513875246048,194,33
0.0017638206481933594,positive,10.0,10.0,0.11559270322322845,0.5875647664070129,0.061717819422483444,-0.22206218540668488,194,35
0.0018014907836914062,positive,10.0,10.0,0.12734399735927582,0.39161747694015503,0.05727657675743103,0.08943270146846771,194,36
0.0018391609191894531,positive,10.0,10.0,0.13517634570598602,0.195723295211792,0.05906523019075394,0.39962220191955566,194,37
0.001964092254638672,positive,10.0,10.0,0.15076890587806702,0.3880161941051483,0.07836414873600006,0.16922986507415771,194,40
0.002001523971557617,positive,10.0,10.0,0.15852922201156616,0.5819340944290161,0.08174874633550644,-0.0977388545870781,194,41
0.002042055130004883,positive,10.0,10.0,0.17016790807247162,0.775795042514801,0.07979396730661392,-0.3635517954826355,194,42
0.0020809173583984375,positive,10.0,10.0,0.18568380177021027,0.9696976542472839,0.07252293080091476,-0.6300456523895264,194,43
0.0021636486053466797,positive,10.0,10.0,0.22055061161518097,0.577720582485199,0.05361335352063179,-0.004470981657505035,194,45
0.0023279190063476562,positive,10.0,10.0,0.2588716745376587,0.5744843482971191,0.06700623035430908,0.06707345694303513,194,49
0.002406597137451172,positive,10.0,10.0,0.27793076634407043,0.5725570917129517,0.07595013827085495,0.10974796116352081,194,51
0.0025031566619873047,positive,10.0,10.0,0.3047121465206146,0.9604343771934509,0.07498430460691452,-0.42508241534233093,194,53
0.0025436878204345703,positive,10.0,10.0,0.3239208459854126,0.7643347978591919,0.06648265570402145,-0.10973488539457321,194,54
0.0026311874389648438,positive,10.0,10.0,0.3505740761756897,0.3723466396331787,0.06835115700960159,0.5154097080230713,194,56
0.0026738643646240234,positive,10.0,10.0,0.35802099108695984,0.5664428472518921,0.07865935564041138,0.24502483010292053,194,57
0.0027129650115966797,positive,10.0,10.0,0.369349867105484,0.3702906668186188,0.08355984836816788,0.5614453554153442,194,58
0.002969503402709961,positive,10.0,10.0,0.46408969163894653,1.1423050165176392,0.08401492238044739,-0.42581409215927124,194,64
0.003052949905395508,positive,10.0,10.0,0.5136586427688599,1.1400588750839233,0.06168116256594658,-0.3754102885723114,194,66
0.003092527389526367,positive,10.0,10.0,0.5364598631858826,0.944117546081543,0.05417295917868614,-0.06393442302942276,194,67
0.0031762123107910156,positive,10.0,10.0,0.5703074336051941,0.5524264574050903,0.05780099704861641,0.5542231202125549,194,69
0.0033407211303710938,negative,10.0,-10.0,0.5909863710403442,0.1580551266670227,0.13966700434684753,1.2399704456329346,194,73
0.0016181468963623047,positive,10.0,10.0,-0.024812979623675346,-0.0054014441557228565,0.0532025583088398,0.03716721385717392,195,12
0.0019054412841796875,positive,10.0,10.0,-0.02908448688685894,-0.2028689980506897,0.06228799372911453,0.382203608751297,195,15
0.002345561981201172,positive,10.0,10.0,-0.03762435168027878,0.1831759363412857,0.08369360119104385,-0.11161424219608307,195,19
0.002451658248901367,positive,10.0,10.0,-0.03396083042025566,0.37700510025024414,0.08146131038665771,-0.37676310539245605,195,20
0.002556324005126953,positive,10.0,10.0,-0.026420729234814644,0.1808263510465622,0.07392605394124985,-0.05954766646027565,195,21
0.002793550491333008,positive,10.0,10.0,-0.01530790701508522,0.17873677611351013,0.06617467850446701,-0.013316457159817219,195,23
0.002896547317504883,positive,10.0,10.0,-0.01173317153006792,-0.017268726602196693,0.06590835005044937,0.29948943853378296,195,24
0.0030002593994140625,positive,10.0,10.0,-0.012078545987606049,0.17685489356517792,0.07189813256263733,0.02829926274716854,195,25
0.0031096935272216797,positive,10.0,10.0,-0.008541448041796684,0.3708760738372803,0.07246412336826324,-0.24086076021194458,195,26
0.0032389163970947266,positive,10.0,10.0,-0.001123927184380591,0.5648921132087708,0.06764690577983856,-0.5098352432250977,195,27
0.0033495426177978516,positive,10.0,10.0,0.010173914954066277,0.3688856065273285,0.057450201362371445,-0.19662493467330933,195,28
0.003533601760864258,positive,10.0,10.0,0.02101144567131996,-0.022855358198285103,0.055789969861507416,0.42268890142440796,195,30
0.0036172866821289062,positive,10.0,10.0,0.02055433951318264,0.17143365740776062,0.06424374878406525,0.1481025367975235,195,31
0.0037012100219726562,positive,10.0,10.0,0.02398301288485527,-0.024546630680561066,0.06720579415559769,0.460341215133667,195,32
0.0044209957122802734,positive,10.0,10.0,0.05514076352119446,0.5511898398399353,0.09050244837999344,-0.20715177059173584,195,39
0.0045244693756103516,positive,10.0,10.0,0.06616456061601639,0.7449089288711548,0.0863594189286232,-0.469969779253006,195,40
0.0046231746673583984,positive,10.0,10.0,0.08106274157762527,0.5486800074577332,0.0769600197672844,-0.15136519074440002,195,41
0.004721164703369141,positive,10.0,10.0,0.09203633666038513,0.7426204085350037,0.0739327147603035,-0.41881081461906433,195,42
0.004908561706542969,positive,10.0,10.0,0.1178194060921669,0.3505357503890991,0.0634811669588089,0.20885740220546722,195,44
0.004984140396118164,positive,10.0,10.0,0.12483011931180954,0.15456622838974,0.06765831261873245,0.5208705067634583,195,45
0.005056619644165039,positive,10.0,10.0,0.1279214471578598,-0.041439637541770935,0.07807572185993195,0.8340830206871033,195,46
0.00597381591796875,positive,10.0,10.0,0.2286563366651535,0.9208216667175293,0.08760363608598709,-0.33841851353645325,195,55
0.006302356719970703,positive,10.0,10.0,0.3021796941757202,0.9162451028823853,0.06369821727275848,-0.23657377064228058,195,59
0.006482839584350586,positive,10.0,10.0,0.3349100947380066,0.5243580937385559,0.06047677993774414,0.3861905634403229,195,61
0.00658416748046875,positive,10.0,10.0,0.3453972339630127,0.3284321129322052,0.06820059567689896,0.6973116397857666,195,62
0.006689548492431641,positive,10.0,10.0,0.35196587443351746,0.522545337677002,0.08214682340621948,0.42685407400131226,195,63
0.006787776947021484,positive,10.0,10.0,0.3624168038368225,0.7164135575294495,0.09068390727043152,0.16115640103816986,195,64
0.006884574890136719,positive,10.0,10.0,0.3767450749874115,0.9101281762123108,0.09390703588724136,-0.10159697383642197,195,65
0.0069806575775146484,positive,10.0,10.0,0.3949476182460785,1.1037875413894653,0.0918750986456871,-0.363238126039505,195,66
0.007413387298583984,positive,10.0,10.0,0.49728143215179443,1.2929506301879883,0.07264615595340729,-0.5244120359420776,195,71
0.007569789886474609,positive,10.0,10.0,0.5450781583786011,0.9009323716163635,0.057962898164987564,0.10187374800443649,195,73
0.008873224258422852,positive,10.0,10.0,0.9099572896957397,1.8505306243896484,0.08431055396795273,-0.7914707064628601,195,90
0.009090185165405273,positive,10.0,10.0,1.017024040222168,2.0427098274230957,0.04413440451025963,-1.0173803567886353,195,93
0.009157419204711914,positive,10.0,10.0,1.0578782558441162,1.8470282554626465,0.023786798119544983,-0.711172342300415,195,94
0.009233474731445312,positive,10.0,10.0,1.0948188304901123,1.6515851020812988,0.009563351981341839,-0.4110979437828064,195,95
0.00931549072265625,positive,10.0,10.0,1.1278505325317383,1.4563288688659668,0.0013413929846137762,-0.11541543155908585,195,96
0.009388446807861328,positive,10.0,10.0,1.1569770574569702,1.6514315605163574,-0.0009669155697338283,-0.4076748490333557,195,97
0.009456157684326172,positive,10.0,10.0,1.1900057792663574,1.4563233852386475,-0.009120413102209568,-0.11529692262411118,195,98
0.009522438049316406,positive,10.0,10.0,1.2191321849822998,1.6515748500823975,-0.01142635103315115,-0.41084325313568115,195,99
0.009588003158569336,positive,10.0,10.0,1.2521636486053467,1.456616759300232,-0.01964321732521057,-0.12178445607423782,195,100
0.009653806686401367,positive,10.0,10.0,1.2812960147857666,1.6520144939422607,-0.022078905254602432,-0.4205993413925171,195,101
0.009719371795654297,positive,10.0,10.0,1.3143362998962402,1.457212209701538,-0.030490892007946968,-0.13495780527591705,195,102
0.009876251220703125,positive,10.0,10.0,1.3765357732772827,1.458120584487915,-0.04193209111690521,-0.15506374835968018,195,104
0.0100250244140625,positive,10.0,10.0,1.4387744665145874,1.4593595266342163,-0.05424686148762703,-0.18251970410346985,195,106
0.010088682174682617,positive,10.0,10.0,1.4679616689682007,1.6552140712738037,-0.05789725482463837,-0.4918100833892822,195,107
0.010151147842407227,positive,10.0,10.0,1.501065969467163,1.4609545469284058,-0.06773345917463303,-0.21792130172252655,195,108
0.01021575927734375,positive,10.0,10.0,1.5302850008010864,1.6569761037826538,-0.07209188491106033,-0.531177818775177,195,109
0.01089930534362793,positive,10.0,10.0,1.7887381315231323,0.8905982971191406,-0.09346451610326767,0.33111104369163513,195,119
0.010963201522827148,positive,10.0,10.0,1.8065500259399414,1.086917757987976,-0.08684229105710983,0.010478557087481022,195,120
0.011248588562011719,positive,10.0,10.0,1.8780487775802612,0.7014697790145874,-0.06593595445156097,0.4912745952606201,195,124
0.011324167251586914,positive,10.0,10.0,1.892078161239624,0.5073368549346924,-0.05611046403646469,0.7624700665473938,195,125
0.011469125747680664,positive,10.0,10.0,1.9084855318069458,0.11847512423992157,-0.020121410489082336,1.3165627717971802,195,127
0.011608362197875977,positive,10.0,10.0,1.9093272686004639,-0.2715814709663391,0.038267459720373154,1.8974932432174683,195,129
0.011674880981445312,positive,10.0,10.0,1.903895616531372,-0.46709638833999634,0.07621732354164124,2.201798677444458,195,130
0.011738300323486328,negative,10.0,-10.0,1.8945536613464355,-0.6628639698028564,0.1202533021569252,2.5169837474823,195,131
0.011804819107055664,negative,10.0,-10.0,1.8812963962554932,-0.8587462306022644,0.17059297859668732,2.843954563140869,195,132
0.0009593963623046875,positive,10.0,10.0,-0.010484390892088413,-0.22031651437282562,-0.018070710822939873,0.2183462530374527,196,5
0.0012829303741455078,positive,10.0,10.0,-0.02759149670600891,-0.4149335026741028,0.0005678011220879853,0.49985042214393616,196,8
0.0013799667358398438,positive,10.0,10.0,-0.03589016571640968,-0.2198195606470108,0.010564809665083885,0.20734649896621704,196,9
0.001956939697265625,positive,10.0,10.0,-0.06572382152080536,-0.4166082739830017,0.04404681921005249,0.5371962785720825,196,14
0.0020532608032226562,positive,10.0,10.0,-0.0740559846162796,-0.2221323847770691,0.05479074642062187,0.25871095061302185,196,15
0.0021445751190185547,positive,10.0,10.0,-0.07849863171577454,-0.4179919958114624,0.05996496602892876,0.5681599378585815,196,16
0.0023407936096191406,positive,10.0,10.0,-0.09133367985486984,-0.02972372993826866,0.07722726464271545,0.02559310756623745,196,18
0.002650737762451172,positive,10.0,10.0,-0.08148112148046494,0.16207176446914673,0.06272505968809128,-0.19420646131038666,196,21
0.002750873565673828,positive,10.0,10.0,-0.07823967933654785,-0.03388874977827072,0.05884093418717384,0.11758533865213394,196,22
0.002946615219116211,positive,10.0,10.0,-0.08351350575685501,-0.03559790551662445,0.0697573646903038,0.15545439720153809,196,24
0.0031397342681884766,positive,10.0,10.0,-0.08885837346315384,-0.03762466832995415,0.08225250989198685,0.2004474401473999,196,26
0.0034258365631103516,positive,10.0,10.0,-0.0794859305024147,0.15379437804222107,0.07836819440126419,-0.011246925219893456,196,29
0.003517627716064453,positive,10.0,10.0,-0.07641004025936127,0.3477100431919098,0.07814326137304306,-0.2782110273838043,196,30
0.003826618194580078,positive,10.0,10.0,-0.051711682230234146,0.14962604641914368,0.05706140771508217,0.08086048066616058,196,33
0.003930568695068359,positive,10.0,10.0,-0.04871916025876999,-0.04626549780368805,0.05867861583828926,0.39098650217056274,196,34
0.004327297210693359,positive,10.0,10.0,-0.04472455382347107,0.33998367190361023,0.08065208792686462,-0.10722368955612183,196,38
0.00461888313293457,positive,10.0,10.0,-0.02049325592815876,0.1416536420583725,0.06989853084087372,0.25718024373054504,196,41
0.004712581634521484,positive,10.0,10.0,-0.01766018383204937,-0.054393015801906586,0.07504213601350784,0.5710655450820923,196,42
0.0048525333404541016,positive,10.0,10.0,-0.018748043105006218,0.13960082828998566,0.08646344393491745,0.3029354512691498,196,43
0.0049707889556884766,positive,10.0,10.0,-0.015956027433276176,0.3333909213542938,0.09252215176820755,0.03872477635741234,196,44
0.005174398422241211,positive,10.0,10.0,0.001253245398402214,0.7207459211349487,0.08882879465818405,-0.4852495491504669,196,46
0.005267620086669922,positive,10.0,10.0,0.015668164938688278,0.5244901180267334,0.07912380248308182,-0.1659451723098755,196,47
0.0054590702056884766,positive,10.0,10.0,0.040525875985622406,0.5222867131233215,0.06715179979801178,-0.11707142740488052,196,49
0.005643129348754883,positive,10.0,10.0,0.05749701336026192,0.13028384745121002,0.06873074173927307,0.5084217190742493,196,51
0.005732059478759766,positive,10.0,10.0,0.060102690011262894,0.3243735432624817,0.07889917492866516,0.2381654977798462,196,52
0.005967855453491211,positive,10.0,10.0,0.07695585489273071,0.712113618850708,0.08308999985456467,-0.29378241300582886,196,54
0.006069183349609375,positive,10.0,10.0,0.09119813144207001,0.515911340713501,0.07721435278654099,0.023905953392386436,196,55
0.0061609745025634766,positive,10.0,10.0,0.10151635855436325,0.3197718858718872,0.07769247144460678,0.33991703391075134,196,56
0.006246805191040039,positive,10.0,10.0,0.10791179537773132,0.5137073397636414,0.0844908133149147,0.07270996272563934,196,57
0.0064373016357421875,positive,10.0,10.0,0.13233639299869537,0.9013168215751648,0.08210170269012451,-0.45654672384262085,196,59
0.006531476974487305,positive,10.0,10.0,0.15036273002624512,0.7051359415054321,0.07297077029943466,-0.1391558200120926,196,60
0.006780385971069336,positive,10.0,10.0,0.1965102255344391,0.5071440935134888,0.06014865264296532,0.21759438514709473,196,63
0.007029056549072266,positive,10.0,10.0,0.2229849100112915,0.699348509311676,0.08021202683448792,-0.011144780553877354,196,66
0.0071926116943359375,positive,10.0,10.0,0.2548365592956543,1.0871291160583496,0.07443951070308685,-0.543901801109314,196,68
0.0073566436767578125,positive,10.0,10.0,0.29440003633499146,1.0852030515670776,0.05898699536919594,-0.5006996989250183,196,70
0.007517099380493164,positive,10.0,10.0,0.3338901102542877,0.6935142278671265,0.04517247900366783,0.11769479513168335,196,72
0.007763862609863281,positive,10.0,10.0,0.3637561798095703,0.4963182806968689,0.07064314931631088,0.45701730251312256,196,75
0.00786590576171875,positive,10.0,10.0,0.37368252873420715,0.3002724349498749,0.07978349924087524,0.7711044549942017,196,76
0.00843191146850586,positive,10.0,10.0,0.48924756050109863,1.2653613090515137,0.0898829773068428,-0.4644225537776947,196,83
0.008590459823608398,positive,10.0,10.0,0.5359366536140442,1.2629727125167847,0.07769818603992462,-0.4110248386859894,196,85
0.008662223815917969,positive,10.0,10.0,0.5611960887908936,1.4569120407104492,0.06947769224643707,-0.6782360076904297,196,86
0.008733749389648438,positive,10.0,10.0,0.5903342962265015,1.6510035991668701,0.05591297149658203,-0.9482607841491699,196,87
0.008803129196166992,positive,10.0,10.0,0.6233543753623962,1.4551751613616943,0.03694775700569153,-0.6385473608970642,196,88
0.00902247428894043,positive,10.0,10.0,0.7145395874977112,1.649363398551941,-0.0065943398512899876,-0.9100416898727417,196,91
0.009167671203613281,positive,10.0,10.0,0.7766134738922119,1.6497905254364014,-0.03718394413590431,-0.9198265075683594,196,93
0.009311914443969727,positive,10.0,10.0,0.8387131094932556,1.6510415077209473,-0.06836162507534027,-0.9487127661705017,196,95
0.009378194808959961,positive,10.0,10.0,0.8717339634895325,1.4569032192230225,-0.08733588457107544,-0.6782681941986084,196,96
0.009922504425048828,negative,10.0,-10.0,1.0646194219589233,1.6633694171905518,-0.17891980707645416,-1.236258625984192,196,103
0.0003933906555175781,positive,10.0,10.0,-0.03079037182033062,-0.1564212143421173,0.038292959332466125,0.3059851825237274,197,1
0.00048041343688964844,positive,10.0,10.0,-0.033918797969818115,0.038134731352329254,0.04441266134381294,0.02562057226896286,197,2
0.0005614757537841797,positive,10.0,10.0,-0.033156100660562515,-0.15759506821632385,0.04492507502436638,0.33197879791259766,197,3
0.0006542205810546875,positive,10.0,10.0,-0.03630800172686577,0.03685959428548813,0.05156464874744415,0.053794629871845245,197,4
0.0008120536804199219,positive,10.0,10.0,-0.038750059902668,0.035373423248529434,0.059886351227760315,0.08665971457958221,197,6
0.0011031627655029297,positive,10.0,10.0,-0.04382888227701187,-0.35846763849258423,0.08084715157747269,0.7532815337181091,197,10
0.0017020702362060547,positive,10.0,10.0,-0.016160650178790092,0.4100424647331238,0.09057148545980453,-0.15600799024105072,197,18
0.0020558834075927734,positive,10.0,10.0,0.032399822026491165,0.20924142003059387,0.06873275339603424,0.26320064067840576,197,23
0.0021224021911621094,positive,10.0,10.0,0.03658464923501015,0.013209143653512001,0.07399675995111465,0.5767462849617004,197,24
0.0023267269134521484,positive,10.0,10.0,0.04901375249028206,0.5947214365005493,0.09257154166698456,-0.21867044270038605,197,27
0.0025987625122070312,positive,10.0,10.0,0.10424089431762695,0.5899680256843567,0.06677866727113724,-0.11309242993593216,197,31
0.00266265869140625,positive,10.0,10.0,0.11604025959968567,0.39395588636398315,0.0645168200135231,0.19988875091075897,197,32
0.0027251243591308594,positive,10.0,10.0,0.12391937524080276,0.1979733556509018,0.06851459294557571,0.5122057199478149,197,33
0.0028579235076904297,positive,10.0,10.0,0.1357201784849167,0.5859805345535278,0.08359623700380325,-0.02496158517897129,197,35
0.002920389175415039,positive,10.0,10.0,0.14743979275226593,0.7798103094100952,0.08309700340032578,-0.290142297744751,197,36
0.0029807090759277344,positive,10.0,10.0,0.16303598880767822,0.5836078524589539,0.07729415595531464,0.027548326179385185,197,37
0.0031213760375976562,positive,10.0,10.0,0.19025897979736328,0.9714697003364563,0.07304950058460236,-0.5069298148155212,197,39
0.0032634735107421875,positive,10.0,10.0,0.22519633173942566,0.5794357061386108,0.059067901223897934,0.11969643086194992,197,41
0.0036687850952148438,positive,10.0,10.0,0.2751568555831909,0.7695320248603821,0.08671634644269943,-0.06257900595664978,197,46
0.0038127899169921875,positive,10.0,10.0,0.3098137080669403,0.7670823335647583,0.07893092930316925,-0.00832791905850172,197,48
0.0038785934448242188,positive,10.0,10.0,0.3251553475856781,0.9609888195991516,0.07876437157392502,-0.275100439786911,197,49
0.004090070724487305,positive,10.0,10.0,0.38664987683296204,0.7628768086433411,0.05788157880306244,0.08460120111703873,197,52
0.0043675899505615234,positive,10.0,10.0,0.43197184801101685,0.7590638399124146,0.09029188752174377,0.16923192143440247,197,56
0.004574298858642578,positive,10.0,10.0,0.48913776874542236,0.9501491785049438,0.08469585329294205,-0.035215940326452255,197,59
0.004847526550292969,positive,10.0,10.0,0.5728083848953247,1.3355909585952759,0.07336626946926117,-0.516144871711731,197,63
0.0049130916595458984,positive,10.0,10.0,0.599520206451416,1.139516830444336,0.06304337829351425,-0.20127440989017487,197,64
0.005046367645263672,positive,10.0,10.0,0.6411815881729126,0.7476366758346558,0.061230096966028214,0.4213138222694397,197,66
0.005177497863769531,positive,10.0,10.0,0.667168378829956,0.3556913137435913,0.08430945128202438,1.046420931816101,197,68
0.006381034851074219,positive,10.0,10.0,1.1033680438995361,2.0839309692382812,0.06332575529813766,-0.9789291024208069,197,85
0.006516695022583008,positive,10.0,10.0,1.1828070878982544,1.6923176050186157,0.030406253412365913,-0.3609161078929901,197,87
0.006723165512084961,positive,10.0,10.0,1.2804200649261475,1.4961308240890503,0.015130273066461086,-0.044538289308547974,197,90
0.006788730621337891,positive,10.0,10.0,1.310342788696289,1.3007951974868774,0.014239506796002388,0.25287970900535583,197,91
0.0068531036376953125,positive,10.0,10.0,1.336358666419983,1.4957109689712524,0.019297100603580475,-0.03527801111340523,197,92
0.007398366928100586,positive,10.0,10.0,1.5833179950714111,1.4936842918395996,0.005457508843392134,0.009437104687094688,197,100
0.00754237174987793,positive,10.0,10.0,1.6469662189483643,1.8837684392929077,1.587216138432268e-05,-0.5724157094955444,197,102
0.007617473602294922,positive,10.0,10.0,1.6846415996551514,1.6886463165283203,-0.011432441882789135,-0.2797277867794037,197,103
0.00777125358581543,positive,10.0,10.0,1.7560930252075195,1.689050316810608,-0.028546886518597603,-0.28872373700141907,197,105
0.00791025161743164,positive,10.0,10.0,1.819761037826538,1.2997334003448486,-0.03442494571208954,0.27648046612739563,197,107
0.008054733276367188,positive,10.0,10.0,1.8678580522537231,0.910414457321167,-0.017733134329319,0.8415511250495911,197,109
0.008607864379882812,negative,10.0,-10.0,1.9899637699127197,0.515117883682251,0.15558983385562897,1.5534281730651855,197,117
0.0004971027374267578,positive,10.0,10.0,-0.04724404588341713,-0.239592045545578,0.04636293277144432,0.3344699442386627,198,1
0.0006031990051269531,positive,10.0,10.0,-0.05203588679432869,-0.04515954852104187,0.05305233225226402,0.05676042661070824,198,2
0.0008995532989501953,positive,10.0,10.0,-0.05869286134839058,-0.24263586103916168,0.06331315636634827,0.40201714634895325,198,5
0.0009434223175048828,positive,10.0,10.0,-0.0635455772280693,-0.4385960102081299,0.0713534951210022,0.7139700651168823,198,6
0.00098419189453125,positive,10.0,10.0,-0.07231749594211578,-0.24453061819076538,0.08563289791345596,0.4445728659629822,198,7
0.001161336898803711,positive,10.0,10.0,-0.06863337755203247,0.14016854763031006,0.08966732025146484,-0.02006402239203453,198,11
0.0013320446014404297,positive,10.0,10.0,-0.04197024554014206,0.5254619121551514,0.06810249388217926,-0.4975048303604126,198,15
0.0013723373413085938,positive,10.0,10.0,-0.03146100789308548,0.3294491469860077,0.05815239995718002,-0.18416057527065277,198,16
0.00141143798828125,positive,10.0,10.0,-0.02487202361226082,0.1335454285144806,0.054469190537929535,0.12628544867038727,198,17
0.0014493465423583984,positive,10.0,10.0,-0.022201115265488625,-0.06231282651424408,0.05699489638209343,0.43564313650131226,198,18
0.0014858245849609375,positive,10.0,10.0,-0.023447372019290924,0.13195791840553284,0.06570775806903839,0.1614576131105423,198,19
0.0016124248504638672,positive,10.0,10.0,-0.0194881372153759,0.32396200299263,0.0824982225894928,-0.06301024556159973,198,22
0.0017390251159667969,positive,10.0,10.0,0.0037799328565597534,0.515607476234436,0.07443846762180328,-0.2796329855918884,198,25
0.0017933845520019531,positive,10.0,10.0,0.014092082157731056,0.7095929384231567,0.06884580850601196,-0.547940731048584,198,26
0.0019497871398925781,positive,10.0,10.0,0.04490894824266434,0.1218329444527626,0.05471889302134514,0.3849621117115021,198,29
0.001994609832763672,positive,10.0,10.0,0.0473456084728241,0.3161371052265167,0.0624181367456913,0.1100214421749115,198,30
0.002183675765991211,positive,10.0,10.0,0.07252515107393265,0.7022870779037476,0.07368137687444687,-0.38643020391464233,198,34
0.0022704601287841797,positive,10.0,10.0,0.09669490903615952,0.31019827723503113,0.06452365219593048,0.2412845492362976,198,36
0.002357959747314453,positive,10.0,10.0,0.1051832064986229,0.3082999289035797,0.08042138069868088,0.28354930877685547,198,38
0.0026111602783203125,positive,10.0,10.0,0.16129155457019806,0.6900595426559448,0.0939166471362114,-0.11608545482158661,198,44
0.002735137939453125,positive,10.0,10.0,0.21431569755077362,0.8812420964241028,0.07123688608407974,-0.32225871086120605,198,47
0.002774953842163086,positive,10.0,10.0,0.23194053769111633,0.6851818561553955,0.0647917091846466,-0.007988298311829567,198,48
0.0028574466705322266,positive,10.0,10.0,0.2554280459880829,0.29321277141571045,0.07072020322084427,0.6167586445808411,198,50
0.002895355224609375,positive,10.0,10.0,0.26129230856895447,0.4872792065143585,0.08305537700653076,0.34716108441352844,198,51
0.003018617630004883,positive,10.0,10.0,0.302157461643219,1.0685513019561768,0.08801010996103287,-0.4436327815055847,198,54
0.0031452178955078125,positive,10.0,10.0,0.3622986376285553,0.8700844049453735,0.06882113963365555,-0.07542955875396729,198,57
0.003267049789428711,positive,10.0,10.0,0.4027418792247772,0.6720706224441528,0.08310113102197647,0.28214916586875916,198,60
0.003304719924926758,positive,10.0,10.0,0.4161832928657532,0.8659149408340454,0.08874411880970001,0.016789648681879044,198,61
0.0033414363861083984,positive,10.0,10.0,0.43350160121917725,1.059659481048584,0.08907990902662277,-0.2466270476579666,198,62
0.003499746322631836,positive,10.0,10.0,0.5259308218955994,1.0551546812057495,0.060900576412677765,-0.14650456607341766,198,66
0.0035364627838134766,positive,10.0,10.0,0.5470339059829712,0.8592158555984497,0.05797048658132553,0.16475249826908112,198,67
0.0035734176635742188,positive,10.0,10.0,0.5642182230949402,0.6633140444755554,0.06126553565263748,0.4751453697681427,198,68
0.003782987594604492,negative,10.0,-10.0,0.6147390604019165,0.8518984317779541,0.13682541251182556,0.32879504561424255,198,73
0.00382232666015625,negative,10.0,-10.0,0.6317770481109619,1.0448342561721802,0.14340130984783173,0.08219737559556961,198,74
0.004257917404174805,positive,10.0,10.0,0.9130585789680481,1.4164750576019287,0.08840343356132507,-0.09410570561885834,198,84
0.004297971725463867,positive,10.0,10.0,0.9413881301879883,1.610226035118103,0.08652132004499435,-0.35764047503471375,198,85
0.004336357116699219,positive,10.0,10.0,0.9735926389694214,1.413987398147583,0.07936850935220718,-0.03897811844944954,198,86
0.0043735504150390625,positive,10.0,10.0,1.0018724203109741,1.607886791229248,0.07858894765377045,-0.3056017756462097,198,87
0.004453420639038086,positive,10.0,10.0,1.0622649192810059,1.6057497262954712,0.07269280403852463,-0.25816935300827026,198,89
0.0044896602630615234,positive,10.0,10.0,1.0943799018859863,1.7997627258300781,0.06752941757440567,-0.5270673632621765,198,90
0.004568576812744141,positive,10.0,10.0,1.1624503135681152,1.798021674156189,0.05271020904183388,-0.4880688786506653,198,92
0.004605531692504883,positive,10.0,10.0,1.1984107494354248,1.6021971702575684,0.042948830872774124,-0.17925049364566803,198,93
0.004884958267211914,positive,10.0,10.0,1.4342223405838013,1.7947343587875366,0.004782280884683132,-0.41475144028663635,198,100
0.004925251007080078,positive,10.0,10.0,1.4701169729232788,1.599544882774353,-0.0035127478186041117,-0.12056468427181244,198,101
0.0049610137939453125,positive,10.0,10.0,1.502107858657837,1.7947170734405518,-0.005924041382968426,-0.41435378789901733,198,102
0.0050389766693115234,positive,10.0,10.0,1.5699958801269531,1.7950022220611572,-0.016682004556059837,-0.42067664861679077,198,104
0.005197048187255859,positive,10.0,10.0,1.6738101243972778,1.600874662399292,-0.036437369883060455,-0.14998866617679596,198,107
0.005379438400268555,positive,10.0,10.0,1.8019479513168335,1.2132211923599243,-0.04993391036987305,0.37888291478157043,198,111
0.005418300628662109,positive,10.0,10.0,1.8262124061584473,1.0188425779342651,-0.042356252670288086,0.6554129123687744,198,112
0.005470991134643555,positive,10.0,10.0,1.846589207649231,0.8243351578712463,-0.029247993603348732,0.934463381767273,198,113
0.005554914474487305,positive,10.0,10.0,1.8834726810455322,0.8248661160469055,0.002095974748954177,0.9220741391181946,198,115
0.005635976791381836,negative,10.0,-10.0,1.920369267463684,0.8245572447776794,0.033138472586870193,0.9291300773620605,198,117
0.0056743621826171875,negative,10.0,-10.0,1.93686044216156,1.019216537475586,0.05172107368707657,0.6470423340797424,198,118
0.005714893341064453,negative,10.0,-10.0,1.9572447538375854,0.823413610458374,0.0646619200706482,0.9555532932281494,198,119
0.005853414535522461,negative,10.0,-10.0,2.010493755340576,1.0151242017745972,0.11748437583446503,0.7411454916000366,198,122
0.0058972835540771484,negative,10.0,-10.0,2.0307962894439697,0.8185932040214539,0.1323072910308838,1.0683708190917969,198,123
0.005939006805419922,negative,10.0,-10.0,2.047168016433716,1.0117406845092773,0.15367470681667328,0.819966733455658,198,124
0.005980491638183594,negative,10.0,-10.0,2.0674028396606445,0.814887285232544,0.17007404565811157,1.156769871711731,198,125
0.006021976470947266,negative,10.0,-10.0,2.083700656890869,1.0074342489242554,0.1932094395160675,0.9218775033950806,198,126
0.0005419254302978516,positive,10.0,10.0,0.040346186608076096,-0.161200150847435,0.004499723669141531,0.252570241689682,199,1
0.0006649494171142578,positive,10.0,10.0,0.03712218254804611,-0.35638606548309326,0.00955112837255001,0.546669065952301,199,2
0.0009315013885498047,positive,10.0,10.0,0.016389211639761925,-0.3576814532279968,0.04217805713415146,0.5756256580352783,199,6
0.000985860824584961,positive,10.0,10.0,0.009235581383109093,-0.16317534446716309,0.05369057133793831,0.29652267694473267,199,7
0.00110626220703125,positive,10.0,10.0,0.006594909355044365,-0.16478231549263,0.060045916587114334,0.3321266174316406,199,9
0.0011551380157470703,positive,10.0,10.0,0.0032992628403007984,0.029435833916068077,0.06668844819068909,0.05896729975938797,199,10
0.0012621879577636719,positive,10.0,10.0,0.0005564640159718692,0.027519673109054565,0.0753062516450882,0.10138792544603348,199,12
0.0013110637664794922,positive,10.0,10.0,0.001106857554987073,-0.16859622299671173,0.07733400911092758,0.4168471395969391,199,13
0.0013589859008789062,positive,10.0,10.0,-0.0022650668397545815,0.025349458679556847,0.08567095547914505,0.1495116651058197,199,14
0.0017666816711425781,positive,10.0,10.0,0.032331403344869614,0.4063495993614197,0.07761425524950027,-0.2332475334405899,199,22
0.0018131732940673828,positive,10.0,10.0,0.04045839607715607,0.6002817153930664,0.07294930517673492,-0.5004742741584778,199,23
0.0019118785858154297,positive,10.0,10.0,0.06054825708270073,0.20824792981147766,0.05922536179423332,0.12613233923912048,199,25
0.0020580291748046875,positive,10.0,10.0,0.07689317315816879,0.0106120053678751,0.062086399644613266,0.4748513102531433,199,28
0.0021386146545410156,positive,10.0,10.0,0.07710541039705276,0.20480477809906006,0.07158342748880386,0.20236505568027496,199,29
0.0021882057189941406,positive,10.0,10.0,0.08120150864124298,0.39883387088775635,0.07563072443008423,-0.06690563261508942,199,30
0.002233743667602539,positive,10.0,10.0,0.0891781896352768,0.5927945971488953,0.0742926150560379,-0.3348007798194885,199,31
0.0022780895233154297,positive,10.0,10.0,0.10103407502174377,0.3966982662677765,0.06759659945964813,-0.019645724445581436,199,32
0.0023279190063476562,positive,10.0,10.0,0.10896804183721542,0.20067527890205383,0.06720368564128876,0.2935754954814911,199,33
0.0024428367614746094,positive,10.0,10.0,0.11307480186223984,0.1986909657716751,0.08520866930484772,0.33787301182746887,199,35
0.002737760543823242,positive,10.0,10.0,0.17944136261940002,0.5813397169113159,0.0700535774230957,-0.0813213661313057,199,41
0.0028328895568847656,positive,10.0,10.0,0.19877389073371887,0.18925756216049194,0.07307945936918259,0.5460732579231262,199,43
0.0029261112213134766,positive,10.0,10.0,0.21022465825080872,0.5771101117134094,0.0895465537905693,0.012229901738464832,199,45
0.0030634403228759766,positive,10.0,10.0,0.25647518038749695,0.768366813659668,0.0744934007525444,-0.19582901895046234,199,48
0.0031058788299560547,positive,10.0,10.0,0.27184250950813293,0.9623485207557678,0.07057682424783707,-0.46411383152008057,199,49
0.003284931182861328,positive,10.0,10.0,0.3253118395805359,0.5686558485031128,0.07095643132925034,0.19913892447948456,199,53
0.003327608108520508,positive,10.0,10.0,0.3366849720478058,0.37259453535079956,0.07493920624256134,0.5133345127105713,199,54
0.0033676624298095703,positive,10.0,10.0,0.3441368639469147,0.5665854811668396,0.08520589768886566,0.24517636001110077,199,55
0.003548145294189453,positive,10.0,10.0,0.41271576285362244,0.9516544342041016,0.0731620267033577,-0.22755707800388336,199,59
0.0035898685455322266,positive,10.0,10.0,0.4317488372325897,0.7555673122406006,0.06861089169979095,0.08727719634771347,199,60
0.0036826133728027344,positive,10.0,10.0,0.45805084705352783,0.363486647605896,0.0783722996711731,0.7148023247718811,199,62
0.0037240982055664062,positive,10.0,10.0,0.4653205871582031,0.557441234588623,0.09266834706068039,0.4477812945842743,199,63
0.004045963287353516,positive,10.0,10.0,0.5934566259384155,1.1321123838424683,0.09304714947938919,-0.19705040752887726,199,70
0.004087209701538086,positive,10.0,10.0,0.6160988807678223,1.3257887363433838,0.08910614252090454,-0.4589918851852417,199,71
0.004235744476318359,positive,10.0,10.0,0.6916735768318176,1.1272931098937988,0.06901336461305618,-0.09007180482149124,199,74
0.004277229309082031,positive,10.0,10.0,0.7142194509506226,0.9312533140182495,0.06721193343400955,0.22356173396110535,199,75
0.0043179988861083984,positive,10.0,10.0,0.7328445315361023,0.7352383136749268,0.07168316841125488,0.5366657972335815,199,76
0.004357814788818359,positive,10.0,10.0,0.747549295425415,0.9292830228805542,0.08241648226976395,0.2674030363559723,199,77
0.0043964385986328125,positive,10.0,10.0,0.7661349773406982,1.1231379508972168,0.08776453882455826,0.0018106541829183698,199,78
0.0044329166412353516,positive,10.0,10.0,0.7885977029800415,1.3168988227844238,0.0878007560968399,-0.2619422674179077,199,79
0.004470109939575195,positive,10.0,10.0,0.8149356842041016,1.5106648206710815,0.0825619101524353,-0.5256915092468262,199,80
0.004508018493652344,positive,10.0,10.0,0.8451489806175232,1.3144841194152832,0.07204807549715042,-0.2081771045923233,199,81
0.004544496536254883,positive,10.0,10.0,0.8714386820793152,1.5085058212280273,0.06788453459739685,-0.4772908389568329,199,82
0.004671335220336914,positive,10.0,10.0,0.9735984802246094,1.7012053728103638,0.02295018546283245,-0.7156149744987488,199,85
0.00471186637878418,positive,10.0,10.0,1.0076225996017456,1.896002173423767,0.008637885563075542,-1.0009865760803223,199,86
0.004790782928466797,positive,10.0,10.0,1.0795578956604004,1.5058034658432007,-0.025493917986750603,-0.41652506589889526,199,88
0.004869699478149414,positive,10.0,10.0,1.135895013809204,1.5066416263580322,-0.03646416217088699,-0.43514636158943176,199,90
0.0049059391021728516,positive,10.0,10.0,1.1660279035568237,1.3120543956756592,-0.04516708850860596,-0.15417756140232086,199,91
0.004941463470458984,positive,10.0,10.0,1.192268967628479,1.5077929496765137,-0.04825064167380333,-0.46076059341430664,199,92
0.004976749420166016,positive,10.0,10.0,1.222424864768982,1.313385009765625,-0.05746585130691528,-0.18366827070713043,199,93
0.005013227462768555,positive,10.0,10.0,1.248692512512207,1.5092802047729492,-0.061139218509197235,-0.4939115643501282,199,94
0.0050487518310546875,positive,10.0,10.0,1.278878092765808,1.3150713443756104,-0.07101745158433914,-0.2211063802242279,199,95
0.005125999450683594,positive,10.0,10.0,1.335402250289917,1.317148208618164,-0.08614595234394073,-0.2673276960849762,199,97
0.0051615238189697266,positive,10.0,10.0,1.3617452383041382,1.5133872032165527,-0.09149250388145447,-0.5858902335166931,199,98
0.0054972171783447266,positive,10.0,10.0,1.5267053842544556,0.7448394894599915,-0.08688264340162277,0.3250115215778351,199,106
0.005616903305053711,positive,10.0,10.0,1.5753679275512695,0.5533110499382019,-0.07480711489915848,0.5388506054878235,199,109
0.00565338134765625,positive,10.0,10.0,1.5864341259002686,0.7494004964828491,-0.06403010338544846,0.2235662341117859,199,110
0.005688667297363281,positive,10.0,10.0,1.6014221906661987,0.5552493929862976,-0.05955877900123596,0.495384156703949,199,111
0.005769491195678711,positive,10.0,10.0,1.6197474002838135,0.5567846298217773,-0.03427673131227493,0.46083521842956543,199,113
0.0059108734130859375,positive,10.0,10.0,1.6492788791656494,0.362646222114563,-0.0013684839941561222,0.7315043210983276,199,116
0.005950450897216797,positive,10.0,10.0,1.656531810760498,0.5577870607376099,0.013261602260172367,0.4383910000324249,199,117
0.0059888362884521484,positive,10.0,10.0,1.6676875352859497,0.36247995495796204,0.022029422223567963,0.735224723815918,199,118
0.0060253143310546875,positive,10.0,10.0,1.674937129020691,0.55729079246521,0.03673391416668892,0.44955551624298096,199,119
0.0060613155364990234,positive,10.0,10.0,1.6860829591751099,0.36166900396347046,0.0457250252366066,0.7535874843597412,199,120
0.006096839904785156,positive,10.0,10.0,1.6933163404464722,0.5561317205429077,0.06079677492380142,0.4756368100643158,199,121
0.006132602691650391,positive,10.0,10.0,1.7044389247894287,0.36020633578300476,0.07030951231718063,0.7868451476097107,199,122
0.0061686038970947266,positive,10.0,10.0,1.711643099784851,0.5542955994606018,0.08604641258716583,0.517084538936615,199,123
0.006302595138549805,negative,10.0,-10.0,1.7331260442733765,-0.03462274745106697,0.13623933494091034,1.4828654527664185,199,126
0.006386756896972656,negative,10.0,-10.0,1.7356055974960327,0.35124772787094116,0.19060960412025452,0.999193549156189,199,128
