timestamp,feedback,magnitude,reward,cart_position,cart_velocity,pole_angle,pole_velocity,episode,timestep
0.0004258155822753906,positive,10.0,10.0,-0.016014080494642258,0.048198532313108444,0.008581808768212795,0.023638775572180748,0,0
0.0006337165832519531,positive,10.0,10.0,-0.02483692206442356,-0.5376293659210205,0.02772575430572033,0.9120455980300903,0,3
0.0007517337799072266,positive,10.0,10.0,-0.042447373270988464,-0.5386255979537964,0.05853074789047241,0.9350019097328186,0,5
0.0009813308715820312,negative,10.0,-10.0,-0.10905367136001587,-0.9332519173622131,0.1710481196641922,1.6355572938919067,0,9
0.0003161430358886719,positive,10.0,10.0,0.0443173348903656,-0.3414556086063385,-0.03953218087553978,0.5347656011581421,1,2
0.0009074211120605469,negative,10.0,-10.0,-0.08535105735063553,-1.708180546760559,0.1565491110086441,2.6248788833618164,1,9
0.0009694099426269531,negative,10.0,-10.0,-0.11951466649770737,-1.5145636796951294,0.20904669165611267,2.383842706680298,1,10
0.0002944469451904297,positive,10.0,10.0,-0.01811431162059307,-0.35728952288627625,0.037952251732349396,0.6093263030052185,2,2
0.0004487037658691406,positive,10.0,10.0,-0.036318518221378326,-0.35851171612739563,0.06841312348842621,0.637204647064209,2,4
0.0005147457122802734,positive,10.0,10.0,-0.0434887558221817,-0.5545176267623901,0.08115721493959427,0.9506235718727112,2,5
0.0007691383361816406,negative,10.0,-10.0,-0.08073021471500397,-0.7534763813018799,0.14568200707435608,1.3372719287872314,2,8
0.0003743171691894531,positive,10.0,10.0,-0.005857365671545267,-0.5747634172439575,0.004865052178502083,0.8742774724960327,3,3
0.0005242824554443359,positive,10.0,10.0,-0.024946793913841248,-0.5751357674598694,0.034013163298368454,0.8827670812606812,3,5
0.0006797313690185547,positive,10.0,10.0,-0.05186356231570244,-0.576287567615509,0.07538741827011108,0.9098959565162659,3,7
0.0007498264312744141,positive,10.0,10.0,-0.06338931620121002,-0.38226237893104553,0.09358534216880798,0.6418277621269226,3,8
0.0009839534759521484,negative,10.0,-10.0,-0.09030592441558838,-0.5816308259963989,0.13977114856243134,1.0344616174697876,3,11
0.0010449886322021484,negative,10.0,-10.0,-0.10193853825330734,-0.38861602544784546,0.16046038269996643,0.7887219190597534,3,12
0.00010514259338378906,positive,10.0,10.0,0.008887747302651405,-0.02431788109242916,-0.029141580685973167,-0.006527826189994812,4,0
0.0002689361572265625,positive,10.0,10.0,0.004021189175546169,-0.4137023985385895,-0.023735737428069115,0.5601286888122559,4,2
0.000591278076171875,positive,10.0,10.0,-0.029046185314655304,-0.8033860325813293,0.020426051691174507,1.1329572200775146,4,6
0.0007476806640625,positive,10.0,10.0,-0.06508929282426834,-1.194395661354065,0.07172471284866333,1.7378062009811401,4,8
0.0001983642578125,positive,10.0,10.0,0.026636894792318344,-0.17204102873802185,-0.024040771648287773,0.2633123993873596,5,1
0.0003514289855957031,positive,10.0,10.0,0.01585984043776989,-0.5616649389266968,-0.007808190304785967,0.8350256681442261,5,3
0.0005857944488525391,positive,10.0,10.0,-0.029545381665229797,-1.1474127769470215,0.05981121212244034,1.7230303287506104,5,6
0.0009016990661621094,negative,10.0,-10.0,-0.12145500630140305,-1.1524887084960938,0.20085398852825165,1.8644280433654785,5,10
0.00011444091796875,positive,10.0,10.0,0.03463933989405632,0.048535700887441635,-0.02287072129547596,-0.015065694227814674,6,0
0.0003676414489746094,positive,10.0,10.0,0.03366891294717789,-0.14566881954669952,-0.018357468768954277,0.2574390172958374,6,3
0.0004334449768066406,positive,10.0,10.0,0.03075553849339485,-0.34052395820617676,-0.013208688236773014,0.54427570104599,6,4
0.0008642673492431641,positive,10.0,10.0,-0.01890428550541401,-0.9267241358757019,0.06458956003189087,1.4425034523010254,6,9
0.00010657310485839844,positive,10.0,10.0,-0.04952338710427284,-0.03903494402766228,0.04061683639883995,-0.009241844527423382,7,0
0.00027561187744140625,positive,10.0,10.0,-0.05499839037656784,-0.040192220360040665,0.046351488679647446,0.016312289983034134,7,2
0.0003452301025390625,positive,10.0,10.0,-0.05580223351716995,-0.23594720661640167,0.046677734702825546,0.3232518434524536,7,3
0.0004107952117919922,positive,10.0,10.0,-0.06052117794752121,-0.43170166015625,0.05314277485013008,0.6302819848060608,7,4
0.0004761219024658203,positive,10.0,10.0,-0.06915520876646042,-0.6275233030319214,0.0657484158873558,0.9392164349555969,7,5
0.0008044242858886719,negative,10.0,-10.0,-0.13508445024490356,-1.022504210472107,0.1672263890504837,1.6464135646820068,7,9
0.00011372566223144531,positive,10.0,10.0,-0.04808230698108673,0.009293543174862862,-0.00842247623950243,0.018290014937520027,8,0
0.00044918060302734375,positive,10.0,10.0,-0.07074099034070969,-0.7710655331611633,0.027888530865311623,1.1863555908203125,8,4
0.0005195140838623047,positive,10.0,10.0,-0.08616230636835098,-0.9665378332138062,0.0516156442463398,1.4876482486724854,8,5
0.0005888938903808594,positive,10.0,10.0,-0.10549306124448776,-1.162249207496643,0.08136861026287079,1.7959924936294556,8,6
0.0007498264312744141,negative,10.0,-10.0,-0.1559016853570938,-1.1644116640090942,0.15954478085041046,1.8585606813430786,8,8
0.00039124488830566406,positive,10.0,10.0,-0.029794733971357346,-0.5990867614746094,0.009713195264339447,0.852611243724823,9,3
0.0004596710205078125,positive,10.0,10.0,-0.041776470839977264,-0.7943397760391235,0.02676541917026043,1.1483325958251953,9,4
0.0005292892456054688,positive,10.0,10.0,-0.057663265615701675,-0.9898006916046143,0.04973207041621208,1.4492870569229126,9,5
0.0006003379821777344,positive,10.0,10.0,-0.07745927572250366,-1.1854974031448364,0.07871781289577484,1.7570844888687134,9,6
0.0007655620574951172,negative,10.0,-10.0,-0.12879759073257446,-1.5774973630905151,0.15532299876213074,2.3987913131713867,9,8
0.0008382797241210938,negative,10.0,-10.0,-0.16034753620624542,-1.77359938621521,0.20329882204532623,2.734884738922119,9,9
0.00024127960205078125,positive,10.0,10.0,-0.02573527954518795,-0.1975041776895523,0.022024739533662796,0.3453264534473419,10,1
0.00047898292541503906,positive,10.0,10.0,-0.04931291565299034,-0.7841048836708069,0.06075919046998024,1.2520503997802734,10,4
0.0008256435394287109,negative,10.0,-10.0,-0.1277601420879364,-1.1788846254348755,0.18723110854625702,1.9637454748153687,10,8
0.00032210350036621094,positive,10.0,10.0,-0.0018635350279510021,-0.4373842775821686,0.047380805015563965,0.6126729846000671,11,2
0.0004744529724121094,positive,10.0,10.0,-0.023273924365639687,-0.8290103077888489,0.07803215831518173,1.230707049369812,11,4
0.0007238388061523438,negative,10.0,-10.0,-0.07698089629411697,-1.0278383493423462,0.15933814644813538,1.6191571950912476,11,7
0.00078582763671875,negative,10.0,-10.0,-0.09753766655921936,-0.8349125981330872,0.19172129034996033,1.3800818920135498,11,8
0.00013494491577148438,positive,10.0,10.0,0.04605340585112572,-0.03123115934431553,-0.03909418359398842,-0.01773037761449814,12,0
0.0004856586456298828,positive,10.0,10.0,0.028012724593281746,-0.02927538752555847,-0.018572667613625526,-0.0608670711517334,12,4
0.0008132457733154297,positive,10.0,10.0,0.0022882299963384867,-0.8089159727096558,0.010975551791489124,1.0912028551101685,12,8
0.0009558200836181641,positive,10.0,10.0,-0.033973708748817444,-1.1996959447860718,0.060545794665813446,1.6900655031204224,12,10
0.0012569427490234375,negative,10.0,-10.0,-0.13006746768951416,-0.8153771162033081,0.19896288216114044,1.2554463148117065,12,14
0.00014281272888183594,positive,10.0,10.0,-0.04224146902561188,0.04979972168803215,0.022061821073293686,0.04337812215089798,13,0
0.0002300739288330078,positive,10.0,10.0,-0.0412454754114151,-0.14563152194023132,0.02292938344180584,0.3429393172264099,13,1
0.0003006458282470703,positive,10.0,10.0,-0.04415810480713844,0.04915683716535568,0.029788170009851456,0.05757421255111694,13,2
0.0005564689636230469,positive,10.0,10.0,-0.05294109508395195,-0.5375582575798035,0.05136536434292793,0.9662216901779175,13,5
0.0006308555603027344,positive,10.0,10.0,-0.06369226425886154,-0.733331024646759,0.07068979740142822,1.2745883464813232,13,6
0.0009644031524658203,negative,10.0,-10.0,-0.12249549478292465,-0.7389147281646729,0.17604470252990723,1.4141850471496582,13,10
0.0010302066802978516,negative,10.0,-10.0,-0.13727378845214844,-0.5463561415672302,0.20432840287685394,1.1813015937805176,13,11
0.00013446807861328125,positive,10.0,10.0,-0.03702714666724205,-0.011836741119623184,0.019268253818154335,0.0016248023603111506,14,0
0.0003974437713623047,positive,10.0,10.0,-0.04165623337030411,0.18236200511455536,0.025583043694496155,-0.2708016335964203,14,3
0.0005538463592529297,positive,10.0,10.0,-0.038271304219961166,-0.208520770072937,0.02076379582285881,0.3288162648677826,14,5
0.0007183551788330078,positive,10.0,10.0,-0.050520360469818115,-0.2092021405696869,0.03989960625767708,0.3440254330635071,14,7
0.0008790493011474609,positive,10.0,10.0,-0.054997801780700684,0.17975126206874847,0.048063844442367554,-0.2133776992559433,14,9
0.0010213851928710938,positive,10.0,10.0,-0.05172324925661087,-0.21174514293670654,0.04567771032452583,0.4002435803413391,14,11
0.0010845661163330078,positive,10.0,10.0,-0.05595815181732178,-0.4074842631816864,0.05368258059024811,0.7069706320762634,14,12
0.0001437664031982422,positive,10.0,10.0,0.004114481154829264,-0.012308092787861824,0.04381803423166275,-0.0470006950199604,15,0
0.00022292137145996094,positive,10.0,10.0,0.003868319094181061,-0.2080300748348236,0.04287802055478096,0.25917887687683105,15,1
0.0002980232238769531,positive,10.0,10.0,-0.0002922824933193624,-0.4037370979785919,0.04806159809231758,0.5650718212127686,15,2
0.0005476474761962891,positive,10.0,10.0,-0.02065819501876831,-0.2110840231180191,0.0770953893661499,0.3272278904914856,15,5
0.00061798095703125,positive,10.0,10.0,-0.024879874661564827,-0.017139486968517303,0.0836399495601654,0.05981883406639099,15,6
0.0006864070892333984,positive,10.0,10.0,-0.025222664698958397,-0.21335487067699432,0.08483632653951645,0.37767452001571655,15,7
0.0014116764068603516,negative,10.0,-10.0,-0.04121030122041702,-0.4214540719985962,0.13979344069957733,0.9636242985725403,15,16
0.0014748573303222656,negative,10.0,-10.0,-0.04963938146829605,-0.6181491613388062,0.15906591713428497,1.296754240989685,15,17
0.0015377998352050781,negative,10.0,-10.0,-0.06200236454606056,-0.8148930668830872,0.18500100076198578,1.6347129344940186,15,18
0.00025272369384765625,positive,10.0,10.0,0.031221047043800354,-0.1728164255619049,0.006443791091442108,0.3369240462779999,16,1
0.00046062469482421875,positive,10.0,10.0,0.009137471206486225,-0.7587936520576477,0.04438365250825882,1.2291193008422852,16,4
0.00019812583923339844,positive,10.0,10.0,-0.0031640108209103346,-0.2217162698507309,0.007408372592180967,0.31069567799568176,17,1
0.000438690185546875,positive,10.0,10.0,-0.04433652386069298,-1.003373622894287,0.06785552203655243,1.5093865394592285,17,5
0.0006210803985595703,negative,10.0,-10.0,-0.10849583894014359,-0.8120619058609009,0.165727898478508,1.3138922452926636,17,8
0.0006737709045410156,negative,10.0,-10.0,-0.12473707646131516,-1.0088475942611694,0.19200573861598969,1.6535277366638184,17,9
0.00038361549377441406,positive,10.0,10.0,-0.015243949368596077,-0.7635166645050049,0.024233324453234673,1.1608015298843384,18,4
0.00043654441833496094,positive,10.0,10.0,-0.03051428310573101,-0.9589457511901855,0.04744935408234596,1.4609830379486084,18,5
0.0006148815155029297,negative,10.0,-10.0,-0.09979584068059921,-1.1566908359527588,0.1537032425403595,1.827561378479004,18,8
0.0006682872772216797,negative,10.0,-10.0,-0.1229296550154686,-0.9635709524154663,0.19025446474552155,1.5863076448440552,18,9
0.00018286705017089844,positive,10.0,10.0,0.009612596593797207,-0.1646455079317093,0.02251492068171501,0.2793309986591339,19,1
0.0002951622009277344,positive,10.0,10.0,-0.0008819393697194755,-0.5555855631828308,0.03968212381005287,0.8804305791854858,19,3
0.0005955696105957031,negative,10.0,-10.0,-0.08000575751066208,-0.7560882568359375,0.16657306253910065,1.3068084716796875,19,8
0.00018286705017089844,positive,10.0,10.0,-0.02903902344405651,-0.2342805415391922,0.0259286817163229,0.3200594186782837,20,1
0.0003037452697753906,positive,10.0,10.0,-0.04231987148523331,-0.23510608077049255,0.044745974242687225,0.3384772539138794,20,3
0.0005390644073486328,positive,10.0,10.0,-0.045603714883327484,-0.23791711032390594,0.05026647076010704,0.4006282389163971,20,7
0.0005948543548583984,positive,10.0,10.0,-0.050362057983875275,-0.43371471762657166,0.05827903747558594,0.7087258100509644,20,8
0.0007202625274658203,positive,10.0,10.0,-0.07162822037935257,-0.8256022930145264,0.09283693879842758,1.3336939811706543,20,10
0.0008521080017089844,negative,10.0,-10.0,-0.10857553780078888,-0.8282226920127869,0.15258930623531342,1.4007357358932495,20,12
0.0001049041748046875,positive,10.0,10.0,0.008739139884710312,-0.03376105800271034,-0.02535371482372284,-0.004464492667466402,21,0
0.00016736984252929688,positive,10.0,10.0,0.00806391891092062,-0.22851039469242096,-0.025443004444241524,0.28011244535446167,21,1
0.0004055500030517578,positive,10.0,10.0,-0.010178202763199806,-0.22736550867557526,-0.003891022177413106,0.2547496259212494,21,5
0.0004544258117675781,positive,10.0,10.0,-0.014725512824952602,-0.42243167757987976,0.0012039700523018837,0.5462027192115784,21,6
0.0005040168762207031,positive,10.0,10.0,-0.023174146190285683,-0.2273266762495041,0.012128024362027645,0.25389936566352844,21,7
0.0006234645843505859,positive,10.0,10.0,-0.028368279337882996,-0.22774438560009003,0.016507338732481003,0.2631279230117798,21,9
0.0006780624389648438,positive,10.0,10.0,-0.03292316570878029,-0.032861895859241486,0.021769898012280464,-0.024303026497364044,21,10
0.0007996559143066406,positive,10.0,10.0,-0.03814619034528732,-0.4237082302570343,0.026787202805280685,0.5744874477386475,21,12
0.0009179115295410156,positive,10.0,10.0,-0.051199790090322495,-0.03441601246595383,0.04408419504761696,0.009992844425141811,21,14
0.0010197162628173828,positive,10.0,10.0,-0.0564909428358078,-0.42586538195610046,0.050609100610017776,0.6225656867027283,21,16
0.0018672943115234375,negative,10.0,-10.0,-0.08155150711536407,-0.2517033517360687,0.13828398287296295,0.7984277009963989,21,31
0.001970529556274414,negative,10.0,-10.0,-0.08776001632213593,0.13393564522266388,0.16529743373394012,0.31186041235923767,21,33
0.0020172595977783203,negative,10.0,-10.0,-0.0850813016295433,0.32636430859565735,0.17153464257717133,0.07552818953990936,21,34
0.002229928970336914,negative,10.0,-10.0,-0.059260886162519455,0.31675824522972107,0.18403223156929016,0.29110732674598694,21,38
0.002275705337524414,negative,10.0,-10.0,-0.0529257208108902,0.5088445544242859,0.18985438346862793,0.06164386868476868,21,39
0.002415895462036133,negative,10.0,-10.0,-0.028732648119330406,0.8927553296089172,0.18777433037757874,-0.3924868702888489,21,41
0.002521038055419922,negative,10.0,-10.0,0.0030331409070640802,0.4983496069908142,0.1789851188659668,0.29664158821105957,21,43
0.002566099166870117,negative,10.0,-10.0,0.013000133447349072,0.30118775367736816,0.18491795659065247,0.6400009393692017,21,44
0.0001957416534423828,positive,10.0,10.0,0.003948510158807039,-0.23370033502578735,-0.02512754127383232,0.2856455445289612,22,1
0.00024819374084472656,positive,10.0,10.0,-0.000725496793165803,-0.03822920098900795,-0.01941462978720665,-0.014855307526886463,22,2
0.00036144256591796875,positive,10.0,10.0,-0.006151428911834955,-0.4279026389122009,-0.014278947375714779,0.5580405592918396,22,4
0.00041222572326660156,positive,10.0,10.0,-0.014709481969475746,-0.6228212714195251,-0.0031181364320218563,0.8461908102035522,22,5
0.0005247592926025391,positive,10.0,10.0,-0.043523918837308884,-1.013200283050537,0.036563511937856674,1.434872031211853,22,7
0.0007817745208740234,negative,10.0,-10.0,-0.12465889006853104,-1.4067739248275757,0.15336595475673676,2.1119911670684814,22,11
0.0008349418640136719,negative,10.0,-10.0,-0.15279436111450195,-1.2134824991226196,0.1956057846546173,1.8703699111938477,22,12
0.00018215179443359375,positive,10.0,10.0,-0.0019923134241253138,-0.2218639999628067,0.048146024346351624,0.33923643827438354,23,1
0.00023674964904785156,positive,10.0,10.0,-0.0064295935444533825,-0.41763678193092346,0.05493075028061867,0.6467047929763794,23,2
0.0004661083221435547,negative,10.0,-10.0,-0.0633520856499672,-0.811941921710968,0.14413538575172424,1.3323520421981812,23,6
0.0005135536193847656,negative,10.0,-10.0,-0.07959092408418655,-1.008556842803955,0.1707824170589447,1.6664454936981201,23,7
0.0005633831024169922,negative,10.0,-10.0,-0.09976206719875336,-0.8157837986946106,0.20411133766174316,1.4314589500427246,23,8
0.00019741058349609375,positive,10.0,10.0,-0.015676800161600113,-0.2122034728527069,0.009202445857226849,0.32768282294273376,24,1
0.00031948089599609375,positive,10.0,10.0,-0.02806997485458851,-0.6027935743331909,0.028221173211932182,0.920856773853302,24,3
0.000370025634765625,positive,10.0,10.0,-0.04012584686279297,-0.7982853055000305,0.046638309955596924,1.222273588180542,24,4
0.0004181861877441406,positive,10.0,10.0,-0.0560915507376194,-0.9939760565757751,0.07108377665281296,1.5291972160339355,24,5
0.0006680488586425781,negative,10.0,-10.0,-0.1435387134552002,-0.9995572566986084,0.20853061974048615,1.6808043718338013,24,9
0.0001914501190185547,positive,10.0,10.0,-0.04229862615466118,-0.24499447643756866,0.03614869713783264,0.29483017325401306,25,1
0.0003719329833984375,positive,10.0,10.0,-0.060932837426662445,-0.4419514238834381,0.06040997803211212,0.6287602186203003,25,4
0.00042057037353515625,positive,10.0,10.0,-0.06977186352014542,-0.6378620862960815,0.07298517972230911,0.9398398995399475,25,5
0.0004680156707763672,positive,10.0,10.0,-0.08252910524606705,-0.8338879346847534,0.09178198128938675,1.2545344829559326,25,6
0.0006656646728515625,negative,10.0,-10.0,-0.13653816282749176,-1.0331597328186035,0.1747712641954422,1.6556308269500732,25,9
0.00025534629821777344,positive,10.0,10.0,-0.02295532263815403,-0.399312287569046,0.027209222316741943,0.5881822109222412,26,2
0.00036525726318359375,positive,10.0,10.0,-0.042837657034397125,-0.7904330492019653,0.056759078055620193,1.1939855813980103,26,4
0.0004131793975830078,positive,10.0,10.0,-0.058646321296691895,-0.9862422347068787,0.08063878864049911,1.5039045810699463,26,5
0.0005955696105957031,negative,10.0,-10.0,-0.11398573964834213,-1.184999704360962,0.16671912372112274,1.8943551778793335,26,8
0.0006475448608398438,negative,10.0,-10.0,-0.13768573105335236,-0.9920324683189392,0.20460623502731323,1.6577064990997314,26,9
0.00011706352233886719,positive,10.0,10.0,-0.011867478489875793,-0.010400711558759212,-0.033183250576257706,-0.019344493746757507,27,0
0.0003788471221923828,positive,10.0,10.0,-0.03605671972036362,-0.3990155756473541,-0.000860032974742353,0.5301116704940796,27,4
0.0004286766052246094,positive,10.0,10.0,-0.04403703287243843,-0.20388154685497284,0.009742201305925846,0.2371578961610794,27,5
0.0005402565002441406,positive,10.0,10.0,-0.05609748885035515,-0.5944639444351196,0.025143316015601158,0.8301095962524414,27,7
0.0005946159362792969,positive,10.0,10.0,-0.06798677146434784,-0.399694561958313,0.04174550622701645,0.5454391837120056,27,8
0.0007808208465576172,positive,10.0,10.0,-0.09590844064950943,-0.5970374345779419,0.08117995411157608,0.8890987634658813,27,11
0.0009586811065673828,negative,10.0,-10.0,-0.13570137321949005,-0.4061792194843292,0.14200617372989655,0.6944413185119629,27,14
0.0011184215545654297,negative,10.0,-10.0,-0.16408832371234894,-0.21789684891700745,0.19222557544708252,0.5559000968933105,27,17
0.00025963783264160156,positive,10.0,10.0,0.004031254444271326,-0.39282435178756714,0.016448426991701126,0.5884456038475037,28,2
0.0003705024719238281,positive,10.0,10.0,-0.015588686801493168,-0.7836661338806152,0.04594262316823006,1.1876823902130127,28,4
0.00042057037353515625,positive,10.0,10.0,-0.03126201033592224,-0.9793526530265808,0.06969626992940903,1.4944047927856445,28,5
0.0006649494171142578,negative,10.0,-10.0,-0.10193919390439987,-0.9846786260604858,0.1808961033821106,1.6318093538284302,28,9
0.00011229515075683594,positive,10.0,10.0,-0.02058039978146553,-0.00906735472381115,-0.02884759195148945,0.023937605321407318,29,0
0.00017595291137695312,positive,10.0,10.0,-0.020761746913194656,-0.20376397669315338,-0.028368839994072914,0.3073810338973999,29,1
0.0002257823944091797,positive,10.0,10.0,-0.024837026372551918,-0.008249524049460888,-0.022221220657229424,0.005888017360121012,29,2
0.0004012584686279297,positive,10.0,10.0,-0.03701984882354736,-0.5927358865737915,-0.004731731954962015,0.8646206259727478,29,5
0.0005102157592773438,positive,10.0,10.0,-0.05682556331157684,-0.5928456783294678,0.023969756439328194,0.8670670986175537,29,7
0.00089263916015625,negative,10.0,-10.0,-0.1320730298757553,-0.5987764596939087,0.13863205909729004,1.0061312913894653,29,13
0.0009949207305908203,negative,10.0,-10.0,-0.152163565158844,-0.6026620268821716,0.17395463585853577,1.0981287956237793,29,15
0.00032520294189453125,positive,10.0,10.0,-0.006466409657150507,-0.238195538520813,0.031750909984111786,0.3142978847026825,30,3
0.00037598609924316406,positive,10.0,10.0,-0.011230320669710636,-0.04353993013501167,0.03803686797618866,0.03179483860731125,30,4
0.0004258155822753906,positive,10.0,10.0,-0.012101118452847004,-0.2391861230134964,0.03867276757955551,0.3362320065498352,30,5
0.0004734992980957031,positive,10.0,10.0,-0.01688484102487564,-0.4348364770412445,0.045397404581308365,0.640855073928833,30,6
0.0005865097045898438,positive,10.0,10.0,-0.03819279000163078,-0.8264163732528687,0.07716413587331772,1.257872462272644,30,8
0.00032401084899902344,positive,10.0,10.0,0.00858574453741312,-0.5610955357551575,0.046541478484869,0.9137272834777832,31,3
0.0009412765502929688,negative,10.0,-10.0,-0.038390543311834335,0.2040528655052185,0.15435215830802917,0.08158127963542938,31,13
0.0011696815490722656,negative,10.0,-10.0,-0.014535641297698021,0.19535721838474274,0.1551465392112732,0.27564892172813416,31,17
0.0012154579162597656,negative,10.0,-10.0,-0.010628496296703815,-0.0015986575745046139,0.160659521818161,0.6129645705223083,31,18
0.0013170242309570312,negative,10.0,-10.0,-0.006841334979981184,0.3832549452781677,0.18041644990444183,0.14132153987884521,31,20
0.0014979839324951172,negative,10.0,-10.0,0.012109089642763138,0.5701157450675964,0.1980491727590561,0.0290981512516737,31,23
0.001546621322631836,negative,10.0,-10.0,0.023511406034231186,0.3727863132953644,0.1986311376094818,0.37715286016464233,31,24
0.0016551017761230469,negative,10.0,-10.0,0.04225942865014076,0.7562799453735352,0.20923583209514618,-0.06814000755548477,31,26
0.0017681121826171875,negative,10.0,-10.0,0.07634270191192627,1.1395293474197388,0.20210883021354675,-0.50881427526474,31,28
0.0019390583038330078,negative,10.0,-10.0,0.14844228327274323,0.9369959831237793,0.1695961356163025,-0.04227323457598686,31,31
0.001987934112548828,negative,10.0,-10.0,0.16718220710754395,0.7398992776870728,0.16875067353248596,0.2987527847290039,31,32
0.002098560333251953,negative,10.0,-10.0,0.200625479221344,0.735123872756958,0.17599935829639435,0.4059981107711792,31,34
0.0021500587463378906,negative,10.0,-10.0,0.21532796323299408,0.5379999876022339,0.184119313955307,0.748593270778656,31,35
0.0022025108337402344,negative,10.0,-10.0,0.22608795762062073,0.3408803343772888,0.19909118115901947,1.093100905418396,31,36
0.0002694129943847656,positive,10.0,10.0,-0.040713563561439514,0.007133163046091795,-0.008057935163378716,0.00784503947943449,32,2
0.0003223419189453125,positive,10.0,10.0,-0.04057089984416962,0.20236974954605103,-0.007901034317910671,-0.28736934065818787,32,3
0.0005629062652587891,positive,10.0,10.0,-0.03216773644089699,0.2031465619802475,-0.019590748474001884,-0.3045445382595062,32,7
0.0006184577941894531,positive,10.0,10.0,-0.02810480445623398,0.3985421359539032,-0.025681639090180397,-0.6033409833908081,32,8
0.0006725788116455078,positive,10.0,10.0,-0.020133960992097855,0.5940136909484863,-0.03774845972657204,-0.9040011763572693,32,9
0.0007967948913574219,positive,10.0,10.0,-0.0002652319672051817,0.2051229476928711,-0.06829684227705002,-0.3488275408744812,32,11
0.0008516311645507812,positive,10.0,10.0,0.003837226890027523,0.011035462841391563,-0.07527339458465576,-0.07843869924545288,32,12
0.0010161399841308594,positive,10.0,10.0,0.0006633350858464837,-0.1808023750782013,-0.07557705044746399,0.14244957268238068,32,15
0.001062631607055664,positive,10.0,10.0,-0.002952712355181575,0.015316033735871315,-0.07272806018590927,-0.17308679223060608,32,16
0.0011067390441894531,positive,10.0,10.0,-0.0026463917456567287,0.21139945089817047,-0.0761897936463356,-0.4877976179122925,32,17
0.0011513233184814453,positive,10.0,10.0,0.0015815973747521639,0.017430515959858894,-0.0859457477927208,-0.2200663983821869,32,18
0.0011959075927734375,positive,10.0,10.0,0.0019302077125757933,0.21366913616657257,-0.09034707397222519,-0.538574755191803,32,19
0.0015881061553955078,negative,10.0,-10.0,0.005166675895452499,-0.3597831726074219,-0.13888998329639435,0.0794832706451416,32,26
0.001861572265625,positive,10.0,10.0,-0.06940697878599167,-1.325590968132019,-0.08147963881492615,1.3321036100387573,32,31
0.001905679702758789,positive,10.0,10.0,-0.09591879695653915,-1.5195964574813843,-0.05483756959438324,1.5982178449630737,32,32
0.0020058155059814453,positive,10.0,10.0,-0.1605912744998932,-1.908892273902893,0.014593022875487804,2.158808469772339,32,34
0.0021657943725585938,negative,10.0,-10.0,-0.2790435254573822,-1.7156319618225098,0.1505192071199417,1.9236642122268677,32,37
0.0022115707397460938,negative,10.0,-10.0,-0.3133561611175537,-1.5224127769470215,0.1889924854040146,1.6811981201171875,32,38
0.0002646446228027344,positive,10.0,10.0,-0.020819494500756264,-0.3432637155056,-0.00786377489566803,0.6237601041793823,33,2
0.0004413127899169922,positive,10.0,10.0,-0.05311944708228111,-0.9288690686225891,0.04705224186182022,1.5078521966934204,33,5
0.0006237030029296875,negative,10.0,-10.0,-0.11279433220624924,-0.7367556095123291,0.14444851875305176,1.2918980121612549,33,8
0.0005261898040771484,positive,10.0,10.0,-0.023158589377999306,-0.03272876515984535,0.09394647181034088,0.12111029773950577,34,6
0.0006482601165771484,positive,10.0,10.0,-0.020594555884599686,0.3545495271682739,0.09355831891298294,-0.40131041407585144,34,8
0.0007009506225585938,positive,10.0,10.0,-0.01350356638431549,0.5482285022735596,0.08553211390972137,-0.663092315196991,34,9
0.0007541179656982422,positive,10.0,10.0,-0.002538995584473014,0.7420629262924194,0.07227026671171188,-0.9276652336120605,34,10
0.0009317398071289062,positive,10.0,10.0,0.03803063929080963,0.5447160005569458,0.023684130981564522,-0.5830460786819458,34,13
0.0010340213775634766,positive,10.0,10.0,0.06371492892503738,0.5442148447036743,-0.005340292118489742,-0.5717363357543945,34,15
0.0010781288146972656,positive,10.0,10.0,0.07459922134876251,0.7394112348556519,-0.016775019466876984,-0.8660967946052551,34,16
0.0011227130889892578,positive,10.0,10.0,0.089387446641922,0.5445215702056885,-0.03409695625305176,-0.5787350535392761,34,17
0.001283407211303711,positive,10.0,10.0,0.12599259614944458,0.7415791153907776,-0.07539046555757523,-0.9159125089645386,34,20
0.0013282299041748047,positive,10.0,10.0,0.14082418382167816,0.5475531816482544,-0.09370870888233185,-0.6478440761566162,34,21
0.0015988349914550781,negative,10.0,-10.0,0.18026961386203766,0.3603332042694092,-0.14171913266181946,-0.5319390296936035,34,26
0.0018191337585449219,negative,10.0,-10.0,0.19375738501548767,0.36877527832984924,-0.1667022705078125,-0.7224259376525879,34,30
0.0018644332885742188,negative,10.0,-10.0,0.2011328935623169,0.5657625794410706,-0.18115079402923584,-1.0625945329666138,34,31
0.00013017654418945312,positive,10.0,10.0,0.0488412119448185,0.02044050022959709,0.04464074596762657,-0.0376373715698719,35,0
0.00026035308837890625,positive,10.0,10.0,0.04574417695403099,-0.3710121214389801,0.04926378279924393,0.5749853253364563,35,2
0.0006844997406005859,negative,10.0,-10.0,-0.026142997667193413,-0.18583576381206512,0.16908249258995056,0.5079038739204407,35,9
0.0007326602935791016,negative,10.0,-10.0,-0.029859712347388268,0.006550980731844902,0.17924056947231293,0.27291277050971985,35,10
0.000843048095703125,negative,10.0,-10.0,-0.0335410013794899,0.0015115170972421765,0.1970256119966507,0.3870438039302826,35,12
0.0008916854858398438,negative,10.0,-10.0,-0.03351077064871788,0.19337105751037598,0.20476648211479187,0.16237378120422363,35,13
0.001004934310913086,negative,10.0,-10.0,-0.02194208838045597,0.5766897797584534,0.20682644844055176,-0.2799033224582672,35,15
0.0012557506561279297,negative,10.0,-10.0,0.04720570892095566,0.9551876783370972,0.15771055221557617,-0.6083710789680481,35,19
0.0013089179992675781,negative,10.0,-10.0,0.06630945950746536,0.7582533955574036,0.14554312825202942,-0.2704608142375946,35,20
0.001676321029663086,positive,10.0,10.0,0.19181255996227264,0.7481251955032349,0.07362770289182663,-0.04424823075532913,35,26
0.001779794692993164,positive,10.0,10.0,0.21781563758850098,0.35594838857650757,0.07815726101398468,0.5854367613792419,35,28
0.002172231674194336,negative,10.0,-10.0,0.2866140902042389,0.5410009026527405,0.14301882684230804,0.5182587504386902,35,35
0.002273082733154297,negative,10.0,-10.0,0.31211110949516296,0.5369104743003845,0.15886084735393524,0.6107022166252136,35,37
0.002318143844604492,negative,10.0,-10.0,0.3228493332862854,0.7294971942901611,0.17107488214969635,0.3719685673713684,35,38
0.0024764537811279297,negative,10.0,-10.0,0.370369017124176,0.9168210625648499,0.19088882207870483,0.2504744529724121,35,41
0.0025796890258789062,negative,10.0,-10.0,0.410880982875824,0.9114643931388855,0.19636933505535126,0.371086061000824,35,43
0.0026259422302246094,negative,10.0,-10.0,0.42911025881767273,0.7141738533973694,0.2037910521030426,0.7186967134475708,35,44
0.00013017654418945312,positive,10.0,10.0,-0.043494388461112976,-0.041115906089544296,-0.0211474671959877,0.008425623178482056,36,0
0.0003898143768310547,positive,10.0,10.0,-0.062358465045690536,-0.43048688769340515,0.002174524823203683,0.57453852891922,36,4
0.0005025863647460938,positive,10.0,10.0,-0.07567611336708069,-0.4307096600532532,0.01931612379848957,0.5795028209686279,36,6
0.0007979869842529297,negative,10.0,-10.0,-0.15785685181617737,-1.0194165706634521,0.13788184523582458,1.5428366661071777,36,11
0.000904083251953125,negative,10.0,-10.0,-0.19476906955242157,-0.6335695385932922,0.19466187059879303,1.0607035160064697,36,13
0.00013589859008789062,positive,10.0,10.0,0.0015407258179038763,-0.02859668619930744,-0.030628545209765434,-0.002890701172873378,37,0
0.0001990795135498047,positive,10.0,10.0,0.0009687920683063567,-0.22326628863811493,-0.030686359852552414,0.2799733877182007,37,1
0.00025653839111328125,positive,10.0,10.0,-0.0034965337254107,-0.41793736815452576,-0.025086892768740654,0.562822163105011,37,2
0.0003790855407714844,positive,10.0,10.0,-0.016304731369018555,-0.027155928313732147,-0.008583602495491505,-0.03467054292559624,37,4
0.0004279613494873047,positive,10.0,10.0,-0.016847850754857063,0.16808804869651794,-0.009277013130486012,-0.3300492763519287,37,5
0.0004754066467285156,positive,10.0,10.0,-0.013486089184880257,-0.02690061554312706,-0.015877997502684593,-0.04030625894665718,37,6
0.0005934238433837891,positive,10.0,10.0,-0.018459929153323174,-0.4166710674762726,-0.011737623251974583,0.534699022769928,37,8
0.0007171630859375,positive,10.0,10.0,-0.039025869220495224,-0.4164898097515106,0.015429568476974964,0.5306495428085327,37,10
0.0009014606475830078,positive,10.0,10.0,-0.07573804259300232,-1.0029468536376953,0.06518389284610748,1.4346485137939453,37,13
0.0011746883392333984,negative,10.0,-10.0,-0.13727056980133057,-0.03579678758978844,0.15611642599105835,0.1576872169971466,37,18
0.0012209415435791016,negative,10.0,-10.0,-0.13798649609088898,0.1567855328321457,0.15927016735076904,-0.08196114748716354,37,19
0.0013248920440673828,negative,10.0,-10.0,-0.12786461412906647,0.5418755412101746,0.15122169256210327,-0.559580385684967,37,21
0.0013699531555175781,negative,10.0,-10.0,-0.11702711135149002,0.34499070048332214,0.14003008604049683,-0.22333355247974396,37,22
0.0015866756439208984,positive,10.0,10.0,-0.06627323478460312,1.1174616813659668,0.09254511445760727,-1.2218440771102905,37,26
0.0016326904296875,positive,10.0,10.0,-0.0439240038394928,1.3112773895263672,0.06810823827981949,-1.484154224395752,37,27
0.0017893314361572266,positive,10.0,10.0,0.023005317896604538,0.7244714498519897,-0.002325397450476885,-0.5691621899604797,37,30
0.0020020008087158203,positive,10.0,10.0,0.08878584206104279,0.725715160369873,-0.05997506529092789,-0.5974664688110352,37,34
0.0020482540130615234,positive,10.0,10.0,0.10330013930797577,0.9216228127479553,-0.07192439585924149,-0.9084216952323914,37,35
0.0020923614501953125,positive,10.0,10.0,0.12173260003328323,1.1176408529281616,-0.09009283035993576,-1.222815990447998,37,36
0.0022513866424560547,negative,10.0,-10.0,0.18496611714363098,1.3167937994003296,-0.1594630777835846,-1.6174192428588867,37,39
0.0002830028533935547,positive,10.0,10.0,0.027879873290657997,-0.3776163160800934,0.04756638780236244,0.6574579477310181,38,2
0.0004031658172607422,positive,10.0,10.0,0.008860208094120026,-0.769249677658081,0.08001016825437546,1.275853157043457,38,4
0.0005164146423339844,negative,10.0,-10.0,-0.025830697268247604,-0.7715725302696228,0.1373768150806427,1.334478497505188,38,6
0.0005702972412109375,negative,10.0,-10.0,-0.041262149810791016,-0.5784232020378113,0.1640663892030716,1.087746024131775,38,7
0.0006935596466064453,negative,10.0,-10.0,-0.06054660677909851,-0.19363126158714294,0.20283551514148712,0.6217374205589294,38,9
0.00041031837463378906,positive,10.0,10.0,0.01650361344218254,0.049601685255765915,-0.012476354837417603,-0.044711727648973465,39,4
0.0005233287811279297,positive,10.0,10.0,0.014588863588869572,-0.3402675986289978,-0.008490413427352905,0.5324445366859436,39,6
0.0006439685821533203,positive,10.0,10.0,-0.002921871142461896,-0.3401767611503601,0.018607279285788536,0.5304368734359741,39,8
0.0007653236389160156,positive,10.0,10.0,-0.020436516031622887,-0.3408448398113251,0.04579450562596321,0.5455713868141174,39,10
0.0008208751678466797,positive,10.0,10.0,-0.0272534117102623,-0.5365793108940125,0.056705933064222336,0.8523241877555847,39,11
0.0008714199066162109,positive,10.0,10.0,-0.037984997034072876,-0.7324265837669373,0.07375241816043854,1.1622854471206665,39,12
0.0011456012725830078,negative,10.0,-10.0,-0.08807656913995743,-0.5447957515716553,0.1609061360359192,1.0444415807724,39,17
0.0012507438659667969,negative,10.0,-10.0,-0.106015145778656,-0.15990643203258514,0.19792063534259796,0.5758485794067383,39,19
0.0012969970703125,negative,10.0,-10.0,-0.10921327769756317,0.031971368938684464,0.20943759381771088,0.3514602482318878,39,20
0.0002396106719970703,positive,10.0,10.0,0.024857956916093826,-0.23379677534103394,0.001012102235108614,0.2893153727054596,40,1
0.0002911090850830078,positive,10.0,10.0,0.02018202282488346,-0.42893314361572266,0.006798409391194582,0.5823173522949219,40,2
0.0003490447998046875,positive,10.0,10.0,0.011603359133005142,-0.233907088637352,0.018444756045937538,0.29178372025489807,40,3
0.0003962516784667969,positive,10.0,10.0,0.006925217341631651,-0.4292871057987213,0.024280430749058723,0.5902263522148132,40,4
0.0005092620849609375,positive,10.0,10.0,-0.006350792478770018,-0.03992375358939171,0.04219074919819832,0.024201875552535057,40,6
0.0005598068237304688,positive,10.0,10.0,-0.007149267941713333,-0.23562456667423248,0.04267478734254837,0.32989227771759033,40,7
0.0006110668182373047,positive,10.0,10.0,-0.01186175923794508,-0.4313271939754486,0.04927263408899307,0.6357215642929077,40,8
0.0009243488311767578,positive,10.0,10.0,-0.039553772658109665,-0.24088507890701294,0.09318314492702484,0.44744375348091125,40,13
0.0020380020141601562,negative,10.0,-10.0,0.03747696429491043,0.5059606432914734,0.13757535815238953,0.017127281054854393,40,33
0.0020835399627685547,negative,10.0,-10.0,0.04759617894887924,0.30916130542755127,0.1379179060459137,0.34985673427581787,40,34
0.0021834373474121094,negative,10.0,-10.0,0.06382100284099579,0.6948599219322205,0.14698795974254608,-0.14003682136535645,40,36
0.0022287368774414062,negative,10.0,-10.0,0.07771819829940796,0.8876043558120728,0.14418721199035645,-0.38297683000564575,40,37
0.0022742748260498047,negative,10.0,-10.0,0.09547028690576553,0.6907610297203064,0.13652768731117249,-0.04853149130940437,40,38
0.0024309158325195312,negative,10.0,-10.0,0.12510903179645538,0.49009931087493896,0.15355737507343292,0.37101930379867554,40,41
0.002475738525390625,negative,10.0,-10.0,0.13491101562976837,0.29316723346710205,0.16097775101661682,0.7079101800918579,40,42
0.0026962757110595703,negative,10.0,-10.0,0.18145085871219635,1.0620548725128174,0.18943464756011963,-0.21962851285934448,40,46
0.0031442642211914062,positive,10.0,10.0,0.4123537838459015,1.4345502853393555,0.09237686544656754,-0.4115319550037384,40,54
0.0031905174255371094,positive,10.0,10.0,0.44104480743408203,1.6282495260238647,0.08414622396230698,-0.6737219095230103,40,55
0.003293752670288086,positive,10.0,10.0,0.5022510886192322,1.2360132932662964,0.0635562539100647,-0.041672732681035995,40,57
0.0037355422973632812,negative,10.0,-10.0,0.6448538303375244,0.4469265341758728,0.15080678462982178,1.3315324783325195,40,65
0.003780364990234375,negative,10.0,-10.0,0.6537923216819763,0.2502591013908386,0.1774374395608902,1.667354702949524,40,66
0.00015687942504882812,positive,10.0,10.0,0.0389459952712059,-0.0471888892352581,-0.044138483703136444,0.04491573944687843,41,0
0.0002925395965576172,positive,10.0,10.0,0.03316919878125191,-0.04594089463353157,-0.03677312284708023,0.017352906987071037,41,2
0.0003502368927001953,positive,10.0,10.0,0.03225037828087807,-0.24051670730113983,-0.03642606362700462,0.2982104420661926,41,3
0.0007262229919433594,positive,10.0,10.0,-0.008207675069570541,-0.2391234189271927,0.014453699812293053,0.2672625482082367,41,9
0.0009019374847412109,positive,10.0,10.0,-0.026471314951777458,-0.4351613223552704,0.03665010631084442,0.5804126262664795,41,12
0.0009496212005615234,positive,10.0,10.0,-0.03517454117536545,-0.24057160317897797,0.04825836047530174,0.29949674010276794,41,13
0.0009949207305908203,positive,10.0,10.0,-0.03998597338795662,-0.43634700775146484,0.05424829572439194,0.607000470161438,41,14
0.0013282299041748047,negative,10.0,-10.0,-0.0965324342250824,-0.8331164717674255,0.1393875628709793,1.3463915586471558,41,20
0.001373291015625,negative,10.0,-10.0,-0.11319476366043091,-0.6399948000907898,0.16631539165973663,1.1003659963607788,41,21
0.0014176368713378906,negative,10.0,-10.0,-0.12599465250968933,-0.44740498065948486,0.18832270801067352,0.8641390800476074,41,22
0.00014638900756835938,positive,10.0,10.0,0.021202001720666885,-0.046554338186979294,-0.03036269173026085,-0.0038586780428886414,42,0
0.0004086494445800781,positive,10.0,10.0,-0.005885044112801552,-0.43536216020584106,0.0033177880104631186,0.5498359799385071,42,4
0.000457763671875,positive,10.0,10.0,-0.014592288061976433,-0.24028697609901428,0.014314507134258747,0.25820019841194153,42,5
0.0006310939788818359,positive,10.0,10.0,-0.03292557969689369,-0.04609479755163193,0.03596339374780655,-0.01400060672312975,42,8
0.0008015632629394531,positive,10.0,10.0,-0.039624109864234924,-0.24280965328216553,0.04165136069059372,0.31406641006469727,42,11
0.0010297298431396484,positive,10.0,10.0,-0.05912519618868828,-0.6357082724571228,0.06846970319747925,0.9594517350196838,42,15
0.0010743141174316406,positive,10.0,10.0,-0.0718393623828888,-0.8316805362701416,0.08765874058008194,1.2728357315063477,42,16
0.0013453960418701172,negative,10.0,-10.0,-0.13189822435379028,-0.255687415599823,0.18692030012607574,0.6077590584754944,42,21
0.00037741661071777344,positive,10.0,10.0,-0.032112058252096176,0.17490121722221375,-0.014502114616334438,-0.29798904061317444,43,3
0.0004284381866455078,positive,10.0,10.0,-0.02861403115093708,-0.02001103386282921,-0.020461896434426308,-0.009914867579936981,43,4
0.0006749629974365234,positive,10.0,10.0,-0.045790497213602066,-0.019146567210555077,0.0014099348336458206,-0.028981242328882217,43,8
0.0007271766662597656,positive,10.0,10.0,-0.04617343097925186,-0.21428871154785156,0.0008303100476041436,0.26414620876312256,43,9
0.0007786750793457031,positive,10.0,10.0,-0.050459202378988266,-0.40942248702049255,0.0061132339760661125,0.5570908784866333,43,10
0.0008299350738525391,positive,10.0,10.0,-0.058647654950618744,-0.21438691020011902,0.01725505292415619,0.2663402557373047,43,11
0.0010027885437011719,positive,10.0,10.0,-0.07542946934700012,-0.020330049097537994,0.03944878652691841,-0.0028795641846954823,43,14
0.0011055469512939453,positive,10.0,10.0,-0.08015596121549606,-0.021455861628055573,0.04543088376522064,0.021980131044983864,43,16
0.0011518001556396484,positive,10.0,10.0,-0.08058508485555649,-0.21719889342784882,0.04587048664689064,0.3286438286304474,43,17
0.0012526512145996094,positive,10.0,10.0,-0.09318791329860687,-0.21859003603458405,0.06515200436115265,0.35971498489379883,43,19
0.0012974739074707031,positive,10.0,10.0,-0.09755972027778625,-0.02445181831717491,0.07234629988670349,0.08826661109924316,43,20
0.0013973712921142578,positive,10.0,10.0,-0.09465750306844711,0.3635500967502594,0.07049678266048431,-0.4491560757160187,43,22
0.0014986991882324219,positive,10.0,10.0,-0.0762343481183052,0.7518270015716553,0.04713745042681694,-0.9915149807929993,43,24
0.0016553401947021484,positive,10.0,10.0,-0.035058874636888504,0.5555372834205627,-0.005748408380895853,-0.6714403033256531,43,27
0.0025377273559570312,negative,10.0,-10.0,0.08264254778623581,0.18793156743049622,-0.17998577654361725,-0.5944259166717529,43,43
0.0025839805603027344,negative,10.0,-10.0,0.08640117943286896,-0.004275519400835037,-0.19187429547309875,-0.36340320110321045,43,44
0.00015115737915039062,positive,10.0,10.0,0.0305924154818058,0.037869635969400406,-0.01593761146068573,-0.008537274785339832,44,0
0.0002167224884033203,positive,10.0,10.0,0.03134980797767639,-0.15702016651630402,-0.016108358278870583,0.27907484769821167,44,1
0.0004658699035644531,positive,10.0,10.0,0.011002937331795692,-0.15673993527889252,0.0174906924366951,0.2728731036186218,44,5
0.0006470680236816406,positive,10.0,10.0,-0.0023202879820019007,0.03730108588933945,0.04008167237043381,0.004006627947092056,44,8
0.0007672309875488281,positive,10.0,10.0,-0.004741707816720009,0.036155298352241516,0.046343035995960236,0.02931012213230133,44,10
0.0008223056793212891,positive,10.0,10.0,-0.0040186019614338875,-0.15959955751895905,0.04692923650145531,0.33624711632728577,44,11
0.0008702278137207031,positive,10.0,10.0,-0.007210593204945326,0.034824222326278687,0.053654178977012634,0.058724671602249146,44,12
0.0009140968322753906,positive,10.0,10.0,-0.006514108739793301,-0.1610243320465088,0.05482867360115051,0.367841511964798,44,13
0.0009582042694091797,positive,10.0,10.0,-0.009734595194458961,0.033277399837970734,0.06218550354242325,0.09293843805789948,44,14
0.001062154769897461,positive,10.0,10.0,-0.012322611175477505,0.031479816883802414,0.07213576138019562,0.13275064527988434,44,16
0.0011641979217529297,positive,10.0,10.0,-0.014984960667788982,-0.36069318652153015,0.0837365910410881,0.7625805139541626,44,18
0.0014336109161376953,negative,10.0,-10.0,-0.05912671610713005,-0.17399533092975616,0.17800310254096985,0.6631852388381958,44,23
0.001478433609008789,negative,10.0,-10.0,-0.06260662525892258,-0.3710884153842926,0.19126680493354797,1.0062105655670166,44,24
0.00015497207641601562,positive,10.0,10.0,0.01629345677793026,0.041313860565423965,0.02176288142800331,-0.011844472959637642,45,0
0.00022745132446289062,positive,10.0,10.0,0.01711973361670971,-0.15411332249641418,0.021525992080569267,0.28762468695640564,45,1
0.0003483295440673828,positive,10.0,10.0,0.00704675680026412,-0.15480603277683258,0.03901885077357292,0.30305153131484985,45,3
0.0003986358642578125,positive,10.0,10.0,0.003950636368244886,0.039738729596138,0.045079879462718964,0.02292512357234955,45,4
0.000705718994140625,positive,10.0,10.0,-1.447701743018115e-05,-0.15898911654949188,0.06205553561449051,0.3958064317703247,45,9
0.0007605552673339844,positive,10.0,10.0,-0.0031942594796419144,0.035199977457523346,0.06997166574001312,0.12331607937812805,45,10
0.001112222671508789,negative,10.0,-10.0,-0.04221070185303688,-0.7524490356445312,0.15645940601825714,1.4666246175765991,45,16
0.0011587142944335938,negative,10.0,-10.0,-0.057259682565927505,-0.9491020441055298,0.18579189479351044,1.8038126230239868,45,17
0.0003223419189453125,positive,10.0,10.0,-0.04966803640127182,-0.36249035596847534,0.01861252635717392,0.6322393417358398,46,2
0.000629425048828125,positive,10.0,10.0,-0.06258376687765121,-0.1698368638753891,0.048514604568481445,0.3943549394607544,46,7
0.0007503032684326172,positive,10.0,10.0,-0.06548921763896942,-0.17131851613521576,0.05874878540635109,0.42728427052497864,46,9
0.0008056163787841797,positive,10.0,10.0,-0.06891558319330215,0.02292429469525814,0.06729447096586227,0.15368494391441345,46,10
0.0008571147918701172,positive,10.0,10.0,-0.06845710426568985,-0.17309343814849854,0.07036817073822021,0.46681568026542664,46,11
0.0009024143218994141,positive,10.0,10.0,-0.07191897183656693,0.020967407152056694,0.07970448583364487,0.19711598753929138,46,12
0.001003265380859375,positive,10.0,10.0,-0.06720233708620071,0.40869349241256714,0.08225885033607483,-0.33456146717071533,46,14
0.0011632442474365234,positive,10.0,10.0,-0.031046537682414055,0.990744411945343,0.04620000720024109,-1.1402082443237305,46,17
0.0012080669403076172,positive,10.0,10.0,-0.011231649667024612,0.7950499653816223,0.0233958438038826,-0.8334017395973206,46,18
0.0013082027435302734,positive,10.0,10.0,0.024466238915920258,0.7946349382400513,-0.01564490981400013,-0.8238502144813538,46,20
0.0013530254364013672,positive,10.0,10.0,0.04035893827676773,0.989967405796051,-0.032121915370225906,-1.1214123964309692,46,21
0.0013968944549560547,positive,10.0,10.0,0.06015828624367714,0.7952811121940613,-0.0545501634478569,-0.8389758467674255,46,22
0.001443624496459961,positive,10.0,10.0,0.07606390863656998,0.9911037683486938,-0.07132968306541443,-1.1483027935028076,46,23
0.0016636848449707031,negative,10.0,-10.0,0.17888203263282776,1.3862874507904053,-0.20143568515777588,-1.87191903591156,46,27
0.00015783309936523438,positive,10.0,10.0,0.0007440053741447628,-0.047077760100364685,-0.01483103260397911,0.020394764840602875,47,0
0.00022172927856445312,positive,10.0,10.0,-0.0001975497871171683,-0.24198390543460846,-0.014423136599361897,0.308361679315567,47,1
0.0002722740173339844,positive,10.0,10.0,-0.005037228111177683,-0.046659450978040695,-0.008255903609097004,0.01116520632058382,47,2
0.0004608631134033203,positive,10.0,10.0,-0.011732188053429127,-0.24151961505413055,-0.0018874306697398424,0.29807522892951965,47,5
0.0005769729614257812,positive,10.0,10.0,-0.017489997670054436,-0.24155095219612122,0.00417002709582448,0.2987632155418396,47,7
0.0006380081176757812,positive,10.0,10.0,-0.02232101559638977,-0.0464886911213398,0.01014529075473547,0.007398340851068497,47,8
0.0008249282836914062,positive,10.0,10.0,-0.029021501541137695,-0.24213358759880066,0.0166354738175869,0.31164494156837463,47,11
0.0009839534759521484,positive,10.0,10.0,-0.03966312110424042,-0.0479130856692791,0.029834739863872528,0.03883625194430351,47,14
0.0011398792266845703,positive,10.0,10.0,-0.0464659109711647,-0.24441459774971008,0.03858520835638046,0.36215874552726746,47,17
0.0012967586517333984,positive,10.0,10.0,-0.057263631373643875,-0.05119241774082184,0.05523954704403877,0.11132274568080902,47,20
0.0013432502746582031,positive,10.0,10.0,-0.05828747898340225,-0.2470606118440628,0.05746600404381752,0.4209090769290924,47,21
0.0014462471008300781,positive,10.0,10.0,-0.06428465247154236,-0.24879850447177887,0.06882181763648987,0.4596007168292999,47,23
0.0016064643859863281,positive,10.0,10.0,-0.06757067143917084,-0.05698279291391373,0.08024726063013077,0.23962025344371796,47,26
0.001710653305053711,positive,10.0,10.0,-0.06597220152616501,-0.05932546779513359,0.08450545370578766,0.29154542088508606,47,28
0.002039670944213867,positive,10.0,10.0,-0.0383625328540802,0.7133064270019531,0.07532058656215668,-0.7093408703804016,47,34
0.002141714096069336,positive,10.0,10.0,-0.005950229708105326,0.7114226818084717,0.04158584773540497,-0.6661537289619446,47,36
0.0024662017822265625,positive,10.0,10.0,0.09103811532258987,0.7111591696739197,-0.05388113111257553,-0.6603036522865295,47,42
0.0025670528411865234,positive,10.0,10.0,0.12340106070041656,0.7128275632858276,-0.08647628128528595,-0.698577344417572,47,44
0.0030586719512939453,negative,10.0,-10.0,0.19037775695323944,0.14245304465293884,-0.14289236068725586,-0.1504458487033844,47,53
0.0031578540802001953,negative,10.0,-10.0,0.20001283288002014,0.14650703966617584,-0.15559281408786774,-0.24120058119297028,47,55
0.0032019615173339844,negative,10.0,-10.0,0.20294298231601715,0.34346967935562134,-0.16041682660579681,-0.5786354541778564,47,56
0.00016117095947265625,positive,10.0,10.0,0.017983634024858475,0.035418905317783356,0.011775544844567776,-0.028003642335534096,48,0
0.00023865699768066406,positive,10.0,10.0,0.0186920128762722,-0.15986992418766022,0.011215471662580967,0.26837122440338135,48,1
0.0002925395965576172,positive,10.0,10.0,0.015494613908231258,0.03509019315242767,0.016582896932959557,-0.0207532811909914,48,2
0.0003421306610107422,positive,10.0,10.0,0.016196416690945625,-0.16026559472084045,0.016167830675840378,0.27711525559425354,48,3
0.0004608631134033203,positive,10.0,10.0,0.013683545403182507,-0.16080446541309357,0.021501639857888222,0.2890281081199646,48,5
0.0005095005035400391,positive,10.0,10.0,0.01046745665371418,0.03400438278913498,0.02728220261633396,0.003203373635187745,48,6
0.0005626678466796875,positive,10.0,10.0,0.011147543787956238,-0.16149799525737762,0.02734627015888691,0.3043677806854248,48,7
0.0007636547088623047,positive,10.0,10.0,-0.0024695894680917263,0.032084930688142776,0.05201619863510132,0.04560129716992378,48,10
0.0008161067962646484,positive,10.0,10.0,-0.0018278907518833876,-0.1637428253889084,0.052928224205970764,0.35423150658607483,48,11
0.0008625984191894531,positive,10.0,10.0,-0.005102747119963169,0.03058815561234951,0.060012854635715485,0.07869686931371689,48,12
0.001024484634399414,positive,10.0,10.0,-0.01502339355647564,-0.16718488931655884,0.08340349048376083,0.4310804307460785,48,15
0.0013039112091064453,positive,10.0,10.0,0.0070064859464764595,0.8014872670173645,0.07387008517980576,-0.8837719559669495,48,20
0.0013496875762939453,positive,10.0,10.0,0.023036232218146324,0.9955325722694397,0.056194648146629333,-1.1523480415344238,48,21
0.0013964176177978516,positive,10.0,10.0,0.04294688254594803,0.7997244000434875,0.03314768895506859,-0.8425868153572083,48,22
0.0014986991882324219,positive,10.0,10.0,0.07102469354867935,0.7990551590919495,0.005502615589648485,-0.8271709084510803,48,24
0.0015435218811035156,positive,10.0,10.0,0.08700579404830933,0.9941014647483826,-0.011040803045034409,-1.118118166923523,48,25
0.0024118423461914062,negative,10.0,-10.0,0.22751562297344208,0.0397418774664402,-0.15725648403167725,-0.1248677521944046,48,40
0.0024619102478027344,negative,10.0,-10.0,0.2283104658126831,0.23672622442245483,-0.15975384414196014,-0.4627413749694824,48,41
0.002523183822631836,negative,10.0,-10.0,0.23304498195648193,0.04417987912893295,-0.16900867223739624,-0.2243676483631134,48,42
0.002571582794189453,negative,10.0,-10.0,0.23392857611179352,-0.14817418158054352,-0.17349602282047272,0.01060011051595211,48,43
0.0026178359985351562,negative,10.0,-10.0,0.23096509277820587,0.04895646497607231,-0.17328402400016785,-0.3314089775085449,48,44
0.002666473388671875,negative,10.0,-10.0,0.2319442331790924,-0.14332999289035797,-0.17991219460964203,-0.0979897677898407,48,45
0.002718210220336914,negative,10.0,-10.0,0.22907762229442596,0.05385316535830498,-0.18187199532985687,-0.44159984588623047,48,46
0.002769947052001953,negative,10.0,-10.0,0.23015469312667847,-0.1382920742034912,-0.19070398807525635,-0.21131166815757751,48,47
0.002820730209350586,negative,10.0,-10.0,0.22738884389400482,0.058972153812646866,-0.19493022561073303,-0.5575714707374573,48,48
0.0003097057342529297,positive,10.0,10.0,-0.046508949249982834,-0.34438997507095337,-0.000758032372687012,0.5362918376922607,49,2
0.0003609657287597656,positive,10.0,10.0,-0.05339674651622772,-0.5395012497901917,0.0099678048864007,0.8287358283996582,49,3
0.0004112720489501953,positive,10.0,10.0,-0.06418677419424057,-0.34451696276664734,0.02654252201318741,0.5392044186592102,49,4
0.0005903244018554688,positive,10.0,10.0,-0.08098091930150986,-0.15091092884540558,0.053611043840646744,0.28020015358924866,49,7
0.0006477832794189453,positive,10.0,10.0,-0.0839991420507431,0.04340691864490509,0.05921504646539688,0.004896250087767839,49,8
0.0007703304290771484,positive,10.0,10.0,-0.07837836444377899,0.041715800762176514,0.05394234135746956,0.04225361719727516,49,10
0.0008223056793212891,positive,10.0,10.0,-0.07754404842853546,0.236024409532547,0.05478741601109505,-0.23293398320674896,49,11
0.0008692741394042969,positive,10.0,10.0,-0.07282356172800064,0.04016416519880295,0.05012873560190201,0.07651499658823013,49,12
0.0009748935699462891,positive,10.0,10.0,-0.06732961535453796,0.03871169686317444,0.0476602278649807,0.10858077555894852,49,14
0.0011894702911376953,positive,10.0,10.0,-0.07212179154157639,0.03562690690159798,0.06993281096220016,0.17692263424396515,49,18
0.001295328140258789,positive,10.0,10.0,-0.07461770623922348,-0.3564998209476471,0.08328769356012344,0.80572509765625,49,20
0.0015065670013427734,negative,10.0,-10.0,-0.1032942682504654,-0.36246374249458313,0.151369109749794,0.9445338845252991,49,24
0.0015506744384765625,negative,10.0,-10.0,-0.11054354906082153,-0.16966915130615234,0.17025978863239288,0.7029815316200256,49,25
0.0016591548919677734,negative,10.0,-10.0,-0.12127073854207993,-0.1744300276041031,0.20520052313804626,0.8144331574440002,49,27
0.0001590251922607422,positive,10.0,10.0,-0.02439945749938488,-0.02955235168337822,-0.038890350610017776,-0.029021987691521645,50,0
0.0003020763397216797,positive,10.0,10.0,-0.029472416266798973,-0.4186323583126068,-0.034447960555553436,0.5311177968978882,50,2
0.0003514289855957031,positive,10.0,10.0,-0.03784506395459175,-0.22304323315620422,-0.02382560446858406,0.2277824729681015,50,3
0.00040078163146972656,positive,10.0,10.0,-0.042305927723646164,-0.41781672835350037,-0.019269956275820732,0.5128557682037354,50,4
0.0005826950073242188,positive,10.0,10.0,-0.06345925480127335,-0.6124756336212158,0.005350211635231972,0.7951781749725342,50,7
0.001007080078125,positive,10.0,10.0,-0.11422936618328094,-0.4208909273147583,0.06723374128341675,0.581624448299408,50,14
0.0010533332824707031,positive,10.0,10.0,-0.12264718115329742,-0.2267722487449646,0.07886622846126556,0.3108561038970947,50,15
0.0013794898986816406,negative,10.0,-10.0,-0.1619558483362198,0.15383502840995789,0.14251263439655304,-0.06357632577419281,50,21
0.0016522407531738281,positive,10.0,10.0,-0.10799108445644379,1.119264841079712,0.0869753509759903,-1.3085570335388184,50,26
0.0018115043640136719,positive,10.0,10.0,-0.03699428588151932,0.9219067096710205,0.004112537484616041,-0.960058331489563,50,29
0.0018575191497802734,positive,10.0,10.0,-0.018556149676442146,0.7267297506332397,-0.01508862804621458,-0.6660861968994141,50,30
0.0019025802612304688,positive,10.0,10.0,-0.004021555185317993,0.5318208932876587,-0.028410352766513824,-0.37819206714630127,50,31
0.0019466876983642578,positive,10.0,10.0,0.006614862009882927,0.7273345589637756,-0.03597419336438179,-0.679695725440979,50,32
0.001992464065551758,positive,10.0,10.0,0.021161552518606186,0.922937273979187,-0.04956810921430588,-0.9834840893745422,50,33
0.00203704833984375,positive,10.0,10.0,0.0396202988922596,1.1186870336532593,-0.06923779100179672,-1.2913150787353516,50,34
0.0024194717407226562,negative,10.0,-10.0,0.1305260956287384,0.5453401803970337,-0.16466408967971802,-0.6848099827766418,50,41
0.0024652481079101562,negative,10.0,-10.0,0.14143289625644684,0.7423189282417297,-0.17836029827594757,-1.0244741439819336,50,42
0.00024890899658203125,positive,10.0,10.0,-0.011641808785498142,-0.204682394862175,0.023380564525723457,0.2602126896381378,51,1
0.0003714561462402344,positive,10.0,10.0,-0.023738060146570206,-0.5956414341926575,0.039788369089365005,0.8617273569107056,51,3
0.0004215240478515625,positive,10.0,10.0,-0.035650890320539474,-0.7912819385528564,0.05702291429042816,1.1666505336761475,51,4
0.0009758472442626953,positive,10.0,10.0,-0.03860915079712868,0.9508858323097229,0.07836318761110306,-1.1664022207260132,51,13
0.0010216236114501953,positive,10.0,10.0,-0.01959143579006195,1.1449054479599,0.05503514036536217,-1.4335232973098755,51,14
0.0011816024780273438,positive,10.0,10.0,0.04516798257827759,0.9487461447715759,-0.02428775653243065,-1.1145659685134888,51,17
0.0012273788452148438,positive,10.0,10.0,0.06414290517568588,0.753951370716095,-0.04657907783985138,-0.829599916934967,51,18
0.0012745857238769531,positive,10.0,10.0,0.0792219340801239,0.9496780037879944,-0.06317107379436493,-1.1365607976913452,51,19
0.0013222694396972656,positive,10.0,10.0,0.0982154905796051,0.7554367184638977,-0.08590228855609894,-0.8643399477005005,51,20
0.0015399456024169922,negative,10.0,-10.0,0.15100742876529694,0.37155672907829285,-0.1470256745815277,-0.4210036098957062,51,24
0.0015866756439208984,negative,10.0,-10.0,0.1584385633468628,0.5684224963188171,-0.15544573962688446,-0.7561863660812378,51,25
0.0016324520111083984,negative,10.0,-10.0,0.16980701684951782,0.3757457137107849,-0.17056947946548462,-0.5161731243133545,51,26
0.0017342567443847656,negative,10.0,-10.0,0.1887780725955963,0.7698713541030884,-0.19804054498672485,-1.2010465860366821,51,28
0.0002434253692626953,positive,10.0,10.0,-0.04384855926036835,-0.22751325368881226,0.009727293625473976,0.3295609951019287,52,1
0.000293731689453125,positive,10.0,10.0,-0.04839882627129555,-0.032531123608350754,0.016318513080477715,0.039961401373147964,52,2
0.0005967617034912109,positive,10.0,10.0,-0.05951070412993431,-0.22926996648311615,0.03321346640586853,0.36846938729286194,52,7
0.0006461143493652344,positive,10.0,10.0,-0.06409610062837601,-0.03463529422879219,0.04058285430073738,0.08644138276576996,52,8
0.0008728504180908203,positive,10.0,10.0,-0.07474388927221298,-0.037279389798641205,0.06081002205610275,0.14495575428009033,52,12
0.0009191036224365234,positive,10.0,10.0,-0.07548947632312775,-0.23321710526943207,0.06370913982391357,0.4561862051486969,52,13
0.0011348724365234375,positive,10.0,10.0,-0.07085762172937393,0.5428863763809204,0.06778184324502945,-0.6203768849372864,52,17
0.0012362003326416016,positive,10.0,10.0,-0.04525990039110184,0.5411717295646667,0.037554994225502014,-0.5814022421836853,52,19
0.001338958740234375,positive,10.0,10.0,-0.019721508026123047,0.5402827262878418,0.008686508052051067,-0.5613012313842773,52,21
0.0013849735260009766,positive,10.0,10.0,-0.0089158546179533,0.3450399339199066,-0.002539516193792224,-0.2658942937850952,52,22
0.0014297962188720703,positive,10.0,10.0,-0.00201505608856678,0.14995431900024414,-0.007857401855289936,0.0259865690022707,52,23
0.0015864372253417969,positive,10.0,10.0,0.003086381359025836,-0.04493577033281326,-0.0005902259144932032,0.313554972410202,52,26
0.0017957687377929688,positive,10.0,10.0,0.0072919148951768875,-0.04527129605412483,0.01288573257625103,0.32096976041793823,52,30
0.0018944740295410156,positive,10.0,10.0,0.00937978457659483,-0.04572859779000282,0.019952692091464996,0.331089049577713,52,32
0.001993417739868164,positive,10.0,10.0,0.01144728809595108,-0.04638899862766266,0.027469761669635773,0.34571194648742676,52,34
0.0022058486938476562,positive,10.0,10.0,0.01548746321350336,-0.04837799444794655,0.04460133612155914,0.38981470465660095,52,38
0.0023064613342285156,positive,10.0,10.0,0.01744157262146473,-0.04974861815571785,0.054628051817417145,0.4202638864517212,52,40
0.0023517608642578125,positive,10.0,10.0,0.01644660159945488,0.14455847442150116,0.063033327460289,0.14529070258140564,52,41
0.002395153045654297,positive,10.0,10.0,0.019337769597768784,-0.05140688642859459,0.06593914330005646,0.45717447996139526,52,42
0.0024967193603515625,positive,10.0,10.0,0.02116410993039608,0.33669576048851013,0.07880229502916336,-0.08210130780935287,52,44
0.0025420188903808594,positive,10.0,10.0,0.027898026630282402,0.1405378133058548,0.07716026902198792,0.23436643183231354,52,45
0.0025861263275146484,positive,10.0,10.0,0.030708782374858856,-0.055596936494112015,0.08184760063886642,0.5503557920455933,52,46
0.002797842025756836,positive,10.0,10.0,0.049512941390275955,0.3291632831096649,0.09424594044685364,0.08468639105558395,52,50
0.003013134002685547,positive,10.0,10.0,0.08348473161458969,0.7137841582298279,0.0929398238658905,-0.3788212239742279,52,54
0.0030591487884521484,positive,10.0,10.0,0.09776041656732559,0.9074718356132507,0.08536340296268463,-0.6408138275146484,52,55
0.003102540969848633,positive,10.0,10.0,0.11590985208749771,1.1013065576553345,0.07254712283611298,-0.9054408073425293,52,56
0.003202676773071289,positive,10.0,10.0,0.16384348273277283,1.0995895862579346,0.030948953703045845,-0.8652275800704956,52,58
0.0033593177795410156,positive,10.0,10.0,0.22589625418186188,1.2940775156021118,-0.01464173011481762,-1.1432620286941528,52,61
0.0034668445587158203,positive,10.0,10.0,0.2737607955932617,1.294762372970581,-0.054611098021268845,-1.1594432592391968,52,63
0.00368499755859375,negative,10.0,-10.0,0.3696478009223938,1.2992266416549683,-0.1382800042629242,-1.266883373260498,52,67
0.0037310123443603516,negative,10.0,-10.0,0.3956323266029358,1.1061153411865234,-0.16361767053604126,-1.0205062627792358,52,68
0.0037789344787597656,negative,10.0,-10.0,0.4177546203136444,1.3029943704605103,-0.1840277910232544,-1.3597699403762817,52,69
0.00017023086547851562,positive,10.0,10.0,0.007978406734764576,0.01285840105265379,-0.013998751528561115,-0.04773317277431488,53,0
0.0003228187561035156,positive,10.0,10.0,0.004594373516738415,-0.3769652247428894,-0.010143407620489597,0.5284293293952942,53,2
0.0004994869232177734,positive,10.0,10.0,-0.021920328959822655,-0.1819450855255127,0.02729014866054058,0.23800215125083923,53,5
0.0005509853363037109,positive,10.0,10.0,-0.025559231638908386,-0.3774460554122925,0.03205019235610962,0.5391667485237122,53,6
0.0006015300750732422,positive,10.0,10.0,-0.03310815244913101,-0.18278898298740387,0.04283352568745613,0.2567521929740906,53,7
0.0006532669067382812,positive,10.0,10.0,-0.036763932555913925,-0.378495454788208,0.04796857014298439,0.5626319050788879,53,8
0.0007724761962890625,positive,10.0,10.0,-0.04801540821790695,-0.37999266386032104,0.06492998450994492,0.596196174621582,53,10
0.0009419918060302734,positive,10.0,10.0,-0.05916975811123848,0.20194585621356964,0.08449015766382217,-0.2081054300069809,53,13
0.0009889602661132812,positive,10.0,10.0,-0.055130839347839355,0.005723768379539251,0.08032805472612381,0.10998833179473877,53,14
0.001264810562133789,positive,10.0,10.0,-0.015778865665197372,0.5855966806411743,0.03803432732820511,-0.6479265093803406,53,19
0.0014224052429199219,positive,10.0,10.0,0.023230789229273796,0.7797478437423706,-0.006050838157534599,-0.918563961982727,53,22
0.0014679431915283203,positive,10.0,10.0,0.03882574662566185,0.5847082138061523,-0.024422116577625275,-0.627788782119751,53,23
0.0015132427215576172,positive,10.0,10.0,0.050519909709692,0.7801623940467834,-0.03697789087891579,-0.9280619621276855,53,24
0.0016171932220458984,positive,10.0,10.0,0.07783433049917221,0.7814086079597473,-0.0684836283326149,-0.9568670392036438,53,26
0.001661539077758789,positive,10.0,10.0,0.0934625044465065,0.5872711539268494,-0.08762097358703613,-0.6864619255065918,53,27
0.002115011215209961,positive,10.0,10.0,0.07904257625341415,-0.9615276455879211,-0.0525030791759491,1.3919256925582886,53,35
0.0022242069244384766,positive,10.0,10.0,0.04449617117643356,-0.9605806469917297,-0.002998583484441042,1.368141531944275,53,37
0.0023331642150878906,positive,10.0,10.0,0.002171259606257081,-0.9608352780342102,0.05756194517016411,1.374889612197876,53,39
0.0025725364685058594,negative,10.0,-10.0,-0.08260894566774368,-0.965786337852478,0.1821051985025406,1.5037727355957031,53,43
0.0002543926239013672,positive,10.0,10.0,0.040809936821460724,-0.1833212822675705,-0.008446833118796349,0.3284032344818115,54,1
0.00030875205993652344,positive,10.0,10.0,0.037143509835004807,0.011919895187020302,-0.001878768322058022,0.03306858614087105,54,2
0.0004220008850097656,positive,10.0,10.0,0.0415232852101326,0.4022080600261688,-0.0064215268939733505,-0.5532732009887695,54,4
0.00047135353088378906,positive,10.0,10.0,0.04956744611263275,0.5974195599555969,-0.017486991360783577,-0.8479723930358887,54,5
0.0005197525024414062,positive,10.0,10.0,0.06151583418250084,0.7927756309509277,-0.034446436911821365,-1.1461025476455688,54,6
0.0006411075592041016,positive,10.0,10.0,0.08933375030755997,0.40382400155067444,-0.07465684413909912,-0.5903100967407227,54,8
0.000762939453125,positive,10.0,10.0,0.10160667449235916,0.016031265258789062,-0.0929039865732193,-0.0578346885740757,54,10
0.001108407974243164,negative,10.0,-10.0,0.12344343960285187,0.025021806359291077,-0.1381794810295105,-0.25827494263648987,54,16
0.0012121200561523438,negative,10.0,-10.0,0.12838023900985718,0.02896321564912796,-0.15516801178455353,-0.3468352258205414,54,18
0.0012581348419189453,negative,10.0,-10.0,0.1289595067501068,0.22591261565685272,-0.16210472583770752,-0.684146523475647,54,19
0.0002551078796386719,positive,10.0,10.0,0.025033604353666306,-0.16446679830551147,0.04436177760362625,0.3004785478115082,55,1
0.0003113746643066406,positive,10.0,10.0,0.021744268015027046,0.029995696619153023,0.05037134885787964,0.022109873592853546,55,2
0.00048828125,positive,10.0,10.0,0.035205818712711334,0.22298705577850342,0.03511831536889076,-0.2237628996372223,55,5
0.0006716251373291016,positive,10.0,10.0,0.03684986010193825,0.026483412832021713,0.03987838700413704,0.09963254630565643,55,8
0.0007932186126708984,positive,10.0,10.0,0.033995792269706726,-0.3648766577243805,0.04996354877948761,0.7102096676826477,55,10
0.0008387565612792969,positive,10.0,10.0,0.026698259636759758,-0.17048098146915436,0.06416774541139603,0.43366318941116333,55,11
0.0008838176727294922,positive,10.0,10.0,0.02328864112496376,0.023676585406064987,0.07284100353717804,0.16187860071659088,55,12
0.0009856224060058594,positive,10.0,10.0,0.028115857392549515,0.41163820028305054,0.07393927872180939,-0.37470874190330505,55,14
0.0010912418365478516,positive,10.0,10.0,0.0406595841050148,0.019539516419172287,0.065251924097538,0.2532256841659546,55,16
0.0017406940460205078,positive,10.0,10.0,0.0864025205373764,0.978702962398529,0.0891430601477623,-0.8521186113357544,55,27
0.001848459243774414,positive,10.0,10.0,0.12162631005048752,0.9765239953994751,0.06144491210579872,-0.8019099235534668,55,29
0.0019006729125976562,positive,10.0,10.0,0.14115679264068604,1.170751929283142,0.04540671408176422,-1.0746484994888306,55,30
0.0024480819702148438,positive,10.0,10.0,0.27380889654159546,0.19684773683547974,-0.029929788783192635,0.35306236147880554,55,39
0.0024933815002441406,positive,10.0,10.0,0.2777458727359772,0.3923822045326233,-0.02286854200065136,0.05109395086765289,55,40
0.0025374889373779297,positive,10.0,10.0,0.28559350967407227,0.1975955069065094,-0.02184666320681572,0.33647483587265015,55,41
0.0026378631591796875,positive,10.0,10.0,0.29740583896636963,0.19811949133872986,-0.01437749620527029,0.32485872507095337,55,43
0.0026831626892089844,positive,10.0,10.0,0.30136823654174805,0.39344316720962524,-0.007880321703851223,0.027676645666360855,55,44
0.002903461456298828,positive,10.0,10.0,0.30944037437438965,-0.3869619369506836,0.02920706383883953,1.196784257888794,55,48
0.002949953079223633,positive,10.0,10.0,0.3017011284828186,-0.1922299712896347,0.05314274877309799,0.9133965373039246,55,49
0.002994537353515625,positive,10.0,10.0,0.29785653948783875,0.002134381327778101,0.07141067832708359,0.6378782391548157,55,50
0.0030393600463867188,positive,10.0,10.0,0.2978992164134979,0.1961917132139206,0.08416824787855148,0.36851099133491516,55,51
0.0032510757446289062,positive,10.0,10.0,0.329045832157135,0.5811122059822083,0.09366442263126373,-0.10110415518283844,55,55
0.0038008689880371094,negative,10.0,-10.0,0.3777351975440979,-0.21378616988658905,0.20018739998340607,1.412553071975708,55,65
0.00015974044799804688,positive,10.0,10.0,0.02956734411418438,0.026209212839603424,0.024057207629084587,0.008018210530281067,56,0
0.00037217140197753906,positive,10.0,10.0,0.027216928079724312,-0.17002485692501068,0.03084634430706501,0.32535696029663086,56,3
0.00042247772216796875,positive,10.0,10.0,0.023816430941224098,0.024644622579216957,0.037353482097387314,0.04255903884768486,56,4
0.0004718303680419922,positive,10.0,10.0,0.024309322237968445,-0.17099250853061676,0.03820466622710228,0.3467893898487091,56,5
0.0005228519439697266,positive,10.0,10.0,0.02088947221636772,0.023565782234072685,0.045140452682971954,0.0663943663239479,56,6
0.0006384849548339844,positive,10.0,10.0,0.017917321994900703,0.022258780896663666,0.05392775312066078,0.09529416263103485,56,8
0.0009071826934814453,positive,10.0,10.0,0.012175659649074078,0.21280547976493835,0.07878467440605164,-0.09691616147756577,56,13
0.0009515285491943359,positive,10.0,10.0,0.016431769356131554,0.4067150354385376,0.07684635370969772,-0.363739550113678,56,14
0.0011653900146484375,positive,10.0,10.0,0.06445252150297165,0.7934619784355164,0.027098428457975388,-0.8713704943656921,56,18
0.0012106895446777344,positive,10.0,10.0,0.0803217664361,0.5979821681976318,0.009671017527580261,-0.5702924728393555,56,19
0.0013113021850585938,positive,10.0,10.0,0.10814075171947479,0.5978688597679138,-0.018933091312646866,-0.567776083946228,56,21
0.0014119148254394531,positive,10.0,10.0,0.13596315681934357,0.598554253578186,-0.04761587455868721,-0.5833550691604614,56,23
0.0014564990997314453,positive,10.0,10.0,0.14793424308300018,0.7943097949028015,-0.059282977133989334,-0.8906493782997131,56,24
0.0014996528625488281,positive,10.0,10.0,0.16382043063640594,0.6000401377677917,-0.07709596306085587,-0.6171757578849792,56,25
0.002051830291748047,negative,10.0,-10.0,0.22650505602359772,0.22439606487751007,-0.13948556780815125,-0.3555727005004883,56,35
0.0020971298217773438,negative,10.0,-10.0,0.23099298775196075,0.031504373997449875,-0.1465970128774643,-0.10992121696472168,56,36
0.0022003650665283203,negative,10.0,-10.0,0.23619085550308228,0.035651568323373795,-0.1576959788799286,-0.20269875228405,56,38
0.002245664596557617,negative,10.0,-10.0,0.23690389096736908,-0.1569049060344696,-0.1617499589920044,0.03638133779168129,56,39
0.002460956573486328,negative,10.0,-10.0,0.23241443932056427,-0.14769215881824493,-0.17647361755371094,-0.16992291808128357,56,43
0.0025055408477783203,negative,10.0,-10.0,0.22946059703826904,0.049458909779787064,-0.1798720806837082,-0.5126709342002869,56,44
0.0025489330291748047,negative,10.0,-10.0,0.23044978082180023,-0.14273446798324585,-0.1901254951953888,-0.28162965178489685,56,45
0.002763509750366211,negative,10.0,-10.0,0.19600160419940948,-0.5211381912231445,-0.18552516400814056,0.048490010201931,56,49
0.0028083324432373047,negative,10.0,-10.0,0.1855788379907608,-0.7131823897361755,-0.18455536663532257,0.2773808538913727,56,50
0.0028524398803710938,negative,10.0,-10.0,0.17131519317626953,-0.5159730315208435,-0.17900775372982025,-0.06736139953136444,56,51
0.0029528141021728516,negative,10.0,-10.0,0.15461979806423187,-0.5109647512435913,-0.18856993317604065,-0.17990823090076447,56,53
0.003111600875854492,negative,10.0,-10.0,0.11244375258684158,-1.0868325233459473,-0.18572482466697693,0.501105546951294,56,56
0.0033931732177734375,positive,10.0,10.0,-0.03471115976572037,-1.6605392694473267,-0.08892181515693665,1.118693232536316,56,61
0.0034401416778564453,positive,10.0,10.0,-0.067921943962574,-1.8543891906738281,-0.0665479525923729,1.3822107315063477,56,62
0.0035452842712402344,positive,10.0,10.0,-0.14598214626312256,-2.243267297744751,-0.00583649193868041,1.9336767196655273,56,64
0.0035932064056396484,positive,10.0,10.0,-0.1908474862575531,-2.438326358795166,0.032837044447660446,2.2245445251464844,56,65
0.0037543773651123047,negative,10.0,-10.0,-0.3488770127296448,-3.0251026153564453,0.18472108244895935,3.171133041381836,56,68
0.0003829002380371094,positive,10.0,10.0,0.03538062423467636,-0.2163354903459549,0.009176008403301239,0.2922249436378479,57,3
0.0004334449768066406,positive,10.0,10.0,0.03105391375720501,-0.41158705949783325,0.015020506456494331,0.5877876877784729,57,4
0.00048351287841796875,positive,10.0,10.0,0.022822173312306404,-0.216678649187088,0.026776259765028954,0.2998739182949066,57,5
0.0005340576171875,positive,10.0,10.0,0.018488600850105286,-0.4121718108654022,0.03277374058961868,0.6008798480033875,57,6
0.0005855560302734375,positive,10.0,10.0,0.010245163924992085,-0.21752330660820007,0.044791337102651596,0.31869760155677795,57,7
0.0006377696990966797,positive,10.0,10.0,0.0058946977369487286,-0.023066960275173187,0.05116528645157814,0.04046989232301712,57,8
0.000690460205078125,positive,10.0,10.0,0.00543335871770978,0.17128537595272064,0.05197468400001526,-0.23564106225967407,57,9
0.0008664131164550781,positive,10.0,10.0,0.01956908032298088,-0.025758443400263786,0.032946255058050156,0.09983769059181213,57,12
0.0010221004486083984,positive,10.0,10.0,0.014092630706727505,-0.22243809700012207,0.04542292654514313,0.4271978437900543,57,15
0.0010666847229003906,positive,10.0,10.0,0.009643868543207645,-0.027987929061055183,0.053966883569955826,0.14917318522930145,57,16
0.0011110305786132812,positive,10.0,10.0,0.009084110148251057,-0.22383947670459747,0.05695034936070442,0.4583813548088074,57,17
0.0012085437774658203,positive,10.0,10.0,0.0040159826166927814,-0.22556953132152557,0.06980156153440475,0.4969653785228729,57,19
0.0012543201446533203,positive,10.0,10.0,-0.0004954078467562795,-0.03149765357375145,0.07974086701869965,0.22707144916057587,57,20
0.0014121532440185547,positive,10.0,10.0,0.009246991015970707,0.550057053565979,0.0774061307311058,-0.5696042776107788,57,23
0.0014579296112060547,positive,10.0,10.0,0.020248131826519966,0.7440129518508911,0.06601404398679733,-0.8369322419166565,57,24
0.0020627975463867188,negative,10.0,-10.0,0.23457647860050201,1.3341885805130005,-0.19263723492622375,-1.8469535112380981,57,35
0.0003714561462402344,positive,10.0,10.0,0.007148874923586845,-0.23288266360759735,0.026781151071190834,0.34642332792282104,58,3
0.0004825592041015625,positive,10.0,10.0,0.0017281874315813184,-0.23374034464359283,0.0349557027220726,0.3654293715953827,58,5
0.0005409717559814453,positive,10.0,10.0,-0.0029466194100677967,-0.03913213685154915,0.042264290153980255,0.08397027850151062,58,6
0.0006608963012695312,positive,10.0,10.0,-0.008425935171544552,-0.040362052619457245,0.05173734575510025,0.1111719086766243,58,8
0.0007131099700927734,positive,10.0,10.0,-0.009233175776898861,-0.2361857295036316,0.053960781544446945,0.4197183847427368,58,9
0.0008275508880615234,positive,10.0,10.0,-0.01479425560683012,0.15230786800384521,0.0652456134557724,-0.1278543919324875,58,11
0.0010428428649902344,positive,10.0,10.0,-0.018325095996260643,0.14843381941318512,0.08081955462694168,-0.042255498468875885,58,15
0.0011439323425292969,positive,10.0,10.0,-0.008510230109095573,0.5362061858177185,0.0738067552447319,-0.574812650680542,58,17
0.0012447834014892578,positive,10.0,10.0,0.016818294301629066,0.9244387745857239,0.04544327035546303,-1.1158169507980347,58,19
0.0012900829315185547,positive,10.0,10.0,0.03530706837773323,0.7287507653236389,0.023126929998397827,-0.8092321753501892,58,20
0.0015006065368652344,positive,10.0,10.0,0.1013929471373558,0.7289581894874573,-0.05288364738225937,-0.8142301440238953,58,24
0.0015451908111572266,positive,10.0,10.0,0.1159721091389656,0.9247629642486572,-0.06916825473308563,-1.1230671405792236,58,25
0.0015895366668701172,positive,10.0,10.0,0.13446737825870514,0.7306126356124878,-0.09162959456443787,-0.8528573513031006,58,26
0.0019168853759765625,negative,10.0,-10.0,0.1797019988298416,0.3505869507789612,-0.14026030898094177,-0.49444055557250977,58,32
0.0019669532775878906,negative,10.0,-10.0,0.18671374022960663,0.15769276022911072,-0.1501491218805313,-0.24904218316078186,58,33
0.0021953582763671875,negative,10.0,-10.0,0.19958986341953278,-0.2227098047733307,-0.17591522634029388,0.1240212544798851,58,37
0.0024919509887695312,negative,10.0,-10.0,0.17002293467521667,-0.4051366448402405,-0.16301466524600983,0.13662531971931458,58,42
0.002936124801635742,positive,10.0,10.0,0.05574925243854523,-1.3663631677627563,-0.07718682289123535,1.2863680124282837,58,49
0.0030372142791748047,positive,10.0,10.0,-0.0027864635922014713,-1.7548913955688477,-0.020381057634949684,1.830114722251892,58,51
0.0031380653381347656,positive,10.0,10.0,-0.07687992602586746,-2.145061731338501,0.058549195528030396,2.414048194885254,58,53
0.00016045570373535156,positive,10.0,10.0,0.00628671096637845,0.04757363721728325,-0.010498900897800922,-0.010229639708995819,59,0
0.0004241466522216797,positive,10.0,10.0,-0.005500424653291702,-0.34238094091415405,0.011729528196156025,0.5687651634216309,59,4
0.000659942626953125,positive,10.0,10.0,-0.056337594985961914,-1.124558925628662,0.09310778230428696,1.7819325923919678,59,8
0.0002703666687011719,positive,10.0,10.0,-0.033716656267642975,-0.1777263879776001,0.041810210794210434,0.3269222378730774,60,1
0.00032639503479003906,positive,10.0,10.0,-0.03727118298411369,-0.3734178841114044,0.04834865406155586,0.6324915885925293,60,2
0.0004448890686035156,positive,10.0,10.0,-0.04831959307193756,-0.37493640184402466,0.06810685247182846,0.6666949391365051,60,4
0.0004949569702148438,positive,10.0,10.0,-0.05581831932067871,-0.18082445859909058,0.0814407542347908,0.3962100148200989,60,5
0.0005490779876708984,positive,10.0,10.0,-0.059434808790683746,0.013053241185843945,0.08936495333909988,0.1302744746208191,60,6
0.00060272216796875,positive,10.0,10.0,-0.059173744171857834,0.20678895711898804,0.09197044372558594,-0.13293112814426422,60,7
0.0006568431854248047,positive,10.0,10.0,-0.0550379641354084,0.40048137307167053,0.08931182324886322,-0.3952406644821167,60,8
0.0007102489471435547,positive,10.0,10.0,-0.04702833667397499,0.594230055809021,0.08140701055526733,-0.6584826111793518,60,9
0.0007624626159667969,positive,10.0,10.0,-0.035143736749887466,0.7881302833557129,0.06823735684156418,-0.9244624376296997,60,10
0.0008699893951416016,positive,10.0,10.0,-0.007538006640970707,0.7865488529205322,0.03752531856298447,-0.887747585773468,60,12
0.0009150505065917969,positive,10.0,10.0,0.008192970417439938,0.9811419248580933,0.019770368933677673,-1.168401837348938,60,13
0.0010170936584472656,positive,10.0,10.0,0.043531179428100586,0.5906956195831299,-0.02098940499126911,-0.5780371427536011,60,15
0.001062154769897461,positive,10.0,10.0,0.055345091968774796,0.7861053943634033,-0.032550148665905,-0.8772576451301575,60,16
0.001107931137084961,positive,10.0,10.0,0.0710671991109848,0.5914405584335327,-0.05009530112147331,-0.5949831604957581,60,17
0.0015916824340820312,positive,10.0,10.0,0.10030569136142731,-0.7630497813224792,-0.05818553268909454,1.206852912902832,60,26
0.0016376972198486328,positive,10.0,10.0,0.08504469692707062,-0.9573737382888794,-0.034048471599817276,1.4807486534118652,60,27
0.002357959747314453,positive,10.0,10.0,0.029943622648715973,0.782964289188385,0.08657490462064743,-0.8114097118377686,60,40
0.0024585723876953125,positive,10.0,10.0,0.06513891369104385,0.7808229923248291,0.048833634704351425,-0.761749804019928,60,42
0.0025587081909179688,positive,10.0,10.0,0.1002601608633995,0.7796875238418579,0.012825128622353077,-0.7356369495391846,60,44
0.0026025772094726562,positive,10.0,10.0,0.11585391312837601,0.9746299982070923,-0.0018876107642427087,-1.0242561101913452,60,45
0.002646923065185547,positive,10.0,10.0,0.13534651696681976,0.7795332074165344,-0.022372733801603317,-0.7321664690971375,60,46
0.0028595924377441406,positive,10.0,10.0,0.20556753873825073,1.1722192764282227,-0.09389606863260269,-1.3758023977279663,60,50
0.0030193328857421875,negative,10.0,-10.0,0.28767305612564087,1.7610278129577637,-0.19582229852676392,-2.360663652420044,60,53
0.0003895759582519531,positive,10.0,10.0,-0.028271861374378204,-0.20500478148460388,0.014096306636929512,0.3246022164821625,61,3
0.00044035911560058594,positive,10.0,10.0,-0.03237195685505867,-0.010086349211633205,0.020588351413607597,0.03639779984951019,61,4
0.0006299018859863281,positive,10.0,10.0,-0.036897335201501846,-0.2061975747346878,0.029018791392445564,0.3510114848613739,61,7
0.0009255409240722656,positive,10.0,10.0,-0.0732313022017479,-0.7947482466697693,0.08989652246236801,1.303114652633667,61,12
0.00113677978515625,negative,10.0,-10.0,-0.11358237266540527,-0.02177630364894867,0.16325083374977112,0.297978937625885,61,16
0.0012388229370117188,negative,10.0,-10.0,-0.11060414463281631,0.3630306124687195,0.17042849957942963,-0.173978790640831,61,18
0.0013408660888671875,negative,10.0,-10.0,-0.09223641455173492,0.7477657794952393,0.15878045558929443,-0.6441701650619507,61,20
0.0016679763793945312,positive,10.0,10.0,0.055407069623470306,1.5186548233032227,0.007471294142305851,-1.5950267314910889,61,26
0.0017135143280029297,positive,10.0,10.0,0.08578016608953476,1.3234450817108154,-0.024429239332675934,-1.3000236749649048,61,27
0.0018224716186523438,positive,10.0,10.0,0.13482189178466797,1.324398398399353,-0.07073145359754562,-1.323169231414795,61,29
0.002038717269897461,negative,10.0,-10.0,0.24091030657291412,1.3299953937530518,-0.1799992322921753,-1.4644992351531982,61,33
0.00033283233642578125,positive,10.0,10.0,-0.028185056522488594,-0.4180852174758911,-0.023655323311686516,0.5192041993141174,62,2
0.0003859996795654297,positive,10.0,10.0,-0.03654675930738449,-0.2226383537054062,-0.013271239586174488,0.21916189789772034,62,3
0.00043487548828125,positive,10.0,10.0,-0.040999528020620346,-0.4175681173801422,-0.008888001553714275,0.5076291561126709,62,4
0.0005507469177246094,positive,10.0,10.0,-0.05379733070731163,-0.4174620807170868,0.005507753696292639,0.5052402019500732,62,6
0.0007381439208984375,positive,10.0,10.0,-0.07495012879371643,-0.22292371094226837,0.030135812237858772,0.22551818192005157,62,9
0.0009565353393554688,positive,10.0,10.0,-0.10064642876386642,-0.22519904375076294,0.061168428510427475,0.27609366178512573,62,13
0.0010008811950683594,positive,10.0,10.0,-0.10515040904283524,-0.4211379289627075,0.06669030338525772,0.587424635887146,62,14
0.0010449886322021484,positive,10.0,10.0,-0.11357316374778748,-0.22701023519039154,0.07843879610300064,0.3164727985858917,62,15
0.001089334487915039,positive,10.0,10.0,-0.11811336874961853,-0.03308806195855141,0.08476825058460236,0.0495213083922863,62,16
0.0013644695281982422,positive,10.0,10.0,-0.10606022924184799,0.1560235172510147,0.07170452922582626,-0.1110609918832779,62,21
0.0014650821685791016,positive,10.0,10.0,-0.0959387868642807,0.15401232242584229,0.06187755614519119,-0.06653116643428802,62,23
0.0015645027160644531,positive,10.0,10.0,-0.09369733184576035,-0.23787181079387665,0.06544722616672516,0.5561642646789551,62,25
0.0016095638275146484,positive,10.0,10.0,-0.09845476597547531,-0.04372681304812431,0.07657051086425781,0.2847980260848999,62,26
0.0017681121826171875,positive,10.0,10.0,-0.09724432229995728,0.14787982404232025,0.08930427581071854,0.06914561241865158,62,29
0.001878499984741211,positive,10.0,10.0,-0.0874544158577919,0.5353310108184814,0.08680559694766998,-0.45683303475379944,62,31
0.0019805431365966797,positive,10.0,10.0,-0.06996587663888931,0.5330245494842529,0.07490693777799606,-0.4053041338920593,62,33
0.0020246505737304688,positive,10.0,10.0,-0.05930538475513458,0.7270087003707886,0.06680085510015488,-0.6734623908996582,62,34
0.002178668975830078,positive,10.0,10.0,-0.01183550525456667,0.9199685454368591,0.021735142916440964,-0.9170756340026855,62,37
0.002222776412963867,positive,10.0,10.0,0.006563865579664707,0.7245595455169678,0.0033936291001737118,-0.617641806602478,62,38
0.0022683143615722656,positive,10.0,10.0,0.021055055782198906,0.9196339249610901,-0.008959206752479076,-0.9092539548873901,62,39
0.002312898635864258,positive,10.0,10.0,0.039447735995054245,1.1148760318756104,-0.027144284918904305,-1.2047392129898071,62,40
0.0024154186248779297,positive,10.0,10.0,0.08795201778411865,1.1158736944198608,-0.08135514706373215,-1.2295477390289307,62,42
0.0026352405548095703,negative,10.0,-10.0,0.1695711463689804,0.7321064472198486,-0.17169135808944702,-0.7946813702583313,62,46
0.0026793479919433594,negative,10.0,-10.0,0.1842132806777954,0.5397043824195862,-0.1875849962234497,-0.560551106929779,62,47
0.0027818679809570312,negative,10.0,-10.0,0.20196019113063812,0.1558222621679306,-0.20544277131557465,-0.10833760350942612,62,49
0.002827167510986328,negative,10.0,-10.0,0.20507663488388062,-0.03585420921444893,-0.20760951936244965,0.11315470188856125,62,50
0.0028715133666992188,negative,10.0,-10.0,0.20435956120491028,-0.2274903804063797,-0.20534643530845642,0.3338366150856018,62,51
0.0029168128967285156,negative,10.0,-10.0,0.1998097449541092,-0.4191884398460388,-0.1986697018146515,0.5553939938545227,62,52
0.0030181407928466797,negative,10.0,-10.0,0.1792050153017044,-0.803164541721344,-0.1719718724489212,1.0077974796295166,62,54
0.003232240676879883,positive,10.0,10.0,0.0918215662240982,-1.1857855319976807,-0.06262974441051483,1.4126309156417847,62,58
0.0033354759216308594,positive,10.0,10.0,0.040504295378923416,-1.574785590171814,-0.0006751924520358443,1.9668809175491333,62,60
0.0033833980560302734,positive,10.0,10.0,0.009008584544062614,-1.7699003219604492,0.03866242617368698,2.259354591369629,62,61
0.003429889678955078,positive,10.0,10.0,-0.02638942189514637,-1.965362310409546,0.08384951204061508,2.563692331314087,62,62
0.0035371780395507812,negative,10.0,-10.0,-0.10111667215824127,-1.5773556232452393,0.18107928335666656,2.0495827198028564,62,64
0.00017380714416503906,positive,10.0,10.0,0.03156259283423424,-0.01623065583407879,-0.025726625695824623,0.0001644410949666053,63,0
0.000324249267578125,positive,10.0,10.0,0.027018491178750992,-0.40572020411491394,-0.020030925050377846,0.5690808296203613,63,2
0.0004379749298095703,positive,10.0,10.0,0.006892976816743612,-0.4053167998790741,0.008458421565592289,0.559996485710144,63,4
0.00048470497131347656,positive,10.0,10.0,-0.0012133594136685133,-0.2103145867586136,0.019658351317048073,0.26999038457870483,63,5
0.0005362033843994141,positive,10.0,10.0,-0.005419651046395302,-0.40571147203445435,0.025058159604668617,0.5688082575798035,63,6
0.0005896091461181641,positive,10.0,10.0,-0.013533880934119225,-0.21094977855682373,0.03643432632088661,0.2841237783432007,63,7
0.0007104873657226562,positive,10.0,10.0,-0.025884315371513367,-0.21206431090831757,0.05387823283672333,0.3089475631713867,63,9
0.0007627010345458984,positive,10.0,10.0,-0.030125601217150688,-0.01774977520108223,0.06005718186497688,0.03373124077916145,63,10
0.0008673667907714844,positive,10.0,10.0,-0.034754183143377304,-0.01947145350277424,0.06762664765119553,0.07181134074926376,63,12
0.0009124279022216797,positive,10.0,10.0,-0.03514361009001732,-0.21549448370933533,0.06906287372112274,0.38504084944725037,63,13
0.0010123252868652344,positive,10.0,10.0,-0.03988185152411461,0.17252540588378906,0.0790618434548378,-0.15260356664657593,63,15
0.0011677742004394531,positive,10.0,10.0,-0.017894737422466278,0.7545201182365417,0.05388069525361061,-0.957770049571991,63,18
0.0013251304626464844,positive,10.0,10.0,0.015632571652531624,0.16770410537719727,0.014847226440906525,-0.04578343406319618,63,21
0.0013689994812011719,positive,10.0,10.0,0.01898665353655815,-0.027627572417259216,0.013931557536125183,0.251546710729599,63,22
0.0014123916625976562,positive,10.0,10.0,0.018434101715683937,-0.2229456603527069,0.018962491303682327,0.548591136932373,63,23
0.0014564990997314453,positive,10.0,10.0,0.013975188136100769,-0.028095154091715813,0.029934315010905266,0.2619425654411316,63,24
0.001560211181640625,positive,10.0,10.0,0.008940658532083035,-0.029020098969340324,0.04645146429538727,0.28251728415489197,63,26
0.0016050338745117188,positive,10.0,10.0,0.008360256440937519,-0.22477278113365173,0.05210180953145027,0.5894814133644104,63,27
0.0020911693572998047,positive,10.0,10.0,0.037437569350004196,0.7413017153739929,0.06834179908037186,-0.6661543250083923,63,36
0.0021920204162597656,positive,10.0,10.0,0.07097180187702179,0.7395908832550049,0.03628750890493393,-0.6271086931228638,63,38
0.002235889434814453,positive,10.0,10.0,0.08576361835002899,0.9341880679130554,0.023745335638523102,-0.90814608335495,63,39
0.0022792816162109375,positive,10.0,10.0,0.1044473797082901,0.7387529015541077,0.005582413170486689,-0.6080954670906067,63,40
0.0023224353790283203,positive,10.0,10.0,0.11922243982553482,0.9337963461875916,-0.006579496432095766,-0.8990148901939392,63,41
0.0023660659790039062,positive,10.0,10.0,0.13789837062358856,0.7387641668319702,-0.02455979399383068,-0.6084073185920715,63,42
0.002409696578979492,positive,10.0,10.0,0.1526736468076706,0.9342207312583923,-0.036727938801050186,-0.9087235927581787,63,43
0.002510547637939453,positive,10.0,10.0,0.18615035712718964,0.9354581236839294,-0.06745854765176773,-0.9372627139091492,63,45
0.002557039260864258,positive,10.0,10.0,0.20485952496528625,0.7413074970245361,-0.08620380610227585,-0.666516900062561,63,46
0.002940654754638672,negative,10.0,-10.0,0.27414125204086304,0.5571786761283875,-0.14052775502204895,-0.6198228001594543,63,53
0.0032203197479248047,negative,10.0,-10.0,0.2991076409816742,-0.016352124512195587,-0.16569772362709045,0.002940209349617362,63,58
0.0034341812133789062,negative,10.0,-10.0,0.30586859583854675,-0.0068759252317249775,-0.18325084447860718,-0.20957985520362854,63,62
0.003538370132446289,negative,10.0,-10.0,0.3017517030239105,-0.39097779989242554,-0.18703922629356384,0.24834297597408295,63,64
0.003641843795776367,negative,10.0,-10.0,0.2822720408439636,-0.7751520872116089,-0.17253856360912323,0.7069131135940552,63,66
0.003687143325805664,negative,10.0,-10.0,0.26676902174949646,-0.9675171971321106,-0.158400297164917,0.9407014846801758,63,67
0.003954648971557617,positive,10.0,10.0,0.1547928750514984,-1.5446902513504028,-0.04982413724064827,1.6284663677215576,63,72
0.0039997100830078125,positive,10.0,10.0,0.12389906495809555,-1.7391923666000366,-0.01725480705499649,1.9052153825759888,63,73
0.0042095184326171875,negative,10.0,-10.0,-0.0386568047106266,-2.130852222442627,0.1705966740846634,2.547555446624756,63,77
0.0001728534698486328,positive,10.0,10.0,0.0063611045479774475,-0.018490657210350037,-0.01242261566221714,-0.027157030999660492,64,0
0.0003230571746826172,positive,10.0,10.0,0.0017226459458470345,-0.40836676955223083,-0.007734142709523439,0.5501460433006287,64,2
0.0004367828369140625,positive,10.0,10.0,-0.01070743054151535,-0.40830549597740173,0.008369505405426025,0.5487485527992249,64,4
0.0005552768707275391,positive,10.0,10.0,-0.023139582946896553,-0.4086948335170746,0.024518761783838272,0.5574354529380798,64,6
0.0006093978881835938,positive,10.0,10.0,-0.03131347894668579,-0.21392549574375153,0.03566747158765793,0.27257704734802246,64,7
0.0007295608520507812,positive,10.0,10.0,-0.04378274455666542,-0.21501557528972626,0.052644867449998856,0.2968417704105377,64,9
0.0008370876312255859,positive,10.0,10.0,-0.04849669709801674,-0.21659310162067413,0.05900602042675018,0.3317914307117462,64,11
0.0014481544494628906,negative,10.0,-10.0,-0.08567678183317184,0.3531450927257538,0.14197035133838654,-0.20427216589450836,64,22
0.0014944076538085938,negative,10.0,-10.0,-0.07861388474702835,0.5459815263748169,0.13788489997386932,-0.44901740550994873,64,23
0.0017099380493164062,positive,10.0,10.0,-0.011766727082431316,1.3191890716552734,0.07212083786725998,-1.460271954536438,64,27
0.0018124580383300781,positive,10.0,10.0,0.04488418251276016,1.317771315574646,0.008323783986270428,-1.4238598346710205,64,29
0.0019690990447998047,positive,10.0,10.0,0.11224446445703506,1.1233735084533691,-0.05957100912928581,-1.148099660873413,64,32
0.002013683319091797,positive,10.0,10.0,0.13471193611621857,0.929077684879303,-0.08253300189971924,-0.8746764063835144,64,33
0.002340555191040039,negative,10.0,-10.0,0.21151794493198395,0.5483159422874451,-0.14452312886714935,-0.5009332895278931,64,39
0.0023849010467529297,negative,10.0,-10.0,0.2224842607975006,0.3554953336715698,-0.15454180538654327,-0.2570597231388092,64,40
0.002485990524291992,negative,10.0,-10.0,0.24064311385154724,0.3598780035972595,-0.1715674251317978,-0.3557899296283722,64,42
0.0026471614837646484,negative,10.0,-10.0,0.25848641991615295,0.5618866086006165,-0.19041882455348969,-0.8088974952697754,64,45
0.0001678466796875,positive,10.0,10.0,0.029470454901456833,0.04692858085036278,0.021250242367386818,-0.02986488677561283,65,0
0.0004279613494873047,positive,10.0,10.0,0.017578057944774628,-0.34478989243507385,0.04309738427400589,0.5884488821029663,65,4
0.00047707557678222656,positive,10.0,10.0,0.010682258754968643,-0.1502971351146698,0.05486636236310005,0.3096473217010498,65,5
0.0005354881286621094,positive,10.0,10.0,0.007676316425204277,0.04400191083550453,0.06105930730700493,0.03475993126630783,65,6
0.0006761550903320312,positive,10.0,10.0,0.013320304453372955,0.4323853552341461,0.056993499398231506,-0.5106325745582581,65,8
0.0007293224334716797,positive,10.0,10.0,0.021968012675642967,0.6266600489616394,0.046780847012996674,-0.7848244905471802,65,9
0.0007781982421875,positive,10.0,10.0,0.03450121358036995,0.8211091160774231,0.03108435869216919,-1.0624303817749023,65,10
0.0008215904235839844,positive,10.0,10.0,0.05092339590191841,0.6255896687507629,0.009835750795900822,-0.7601555585861206,65,11
0.0009222030639648438,positive,10.0,10.0,0.07984668016433716,0.6255244016647339,-0.02636190876364708,-0.7587340474128723,65,13
0.0012547969818115234,negative,10.0,-10.0,0.16681532561779022,0.6312873363494873,-0.13961569964885712,-0.8933575749397278,65,19
0.001413106918334961,negative,10.0,-10.0,0.19312098622322083,0.05334138125181198,-0.1786026805639267,-0.17389938235282898,65,22
0.0014579296112060547,negative,10.0,-10.0,0.19418780505657196,0.2505100667476654,-0.18208067119121552,-0.5171782970428467,65,23
0.0015010833740234375,negative,10.0,-10.0,0.19919800758361816,0.05835583433508873,-0.1924242377281189,-0.2869481146335602,65,24
0.0015447139739990234,negative,10.0,-10.0,0.2003651261329651,-0.13357584178447723,-0.1981631964445114,-0.060588426887989044,65,25
0.001588582992553711,negative,10.0,-10.0,0.1976936161518097,0.06375393271446228,-0.1993749588727951,-0.4086698591709137,65,26
0.0001780986785888672,positive,10.0,10.0,0.03372615948319435,0.017897415906190872,0.0413837730884552,-0.015096761286258698,66,0
0.00039458274841308594,positive,10.0,10.0,0.030862649902701378,-0.17904198169708252,0.047106899321079254,0.31800273060798645,66,3
0.00044608116149902344,positive,10.0,10.0,0.027281809598207474,0.015378490090370178,0.053466953337192535,0.040539857000112534,66,4
0.0005629062652587891,positive,10.0,10.0,0.023980023339390755,0.013841898180544376,0.06126977503299713,0.07451579719781876,66,6
0.0006170272827148438,positive,10.0,10.0,0.024256860837340355,-0.18210247159004211,0.06276009231805801,0.3858828842639923,66,7
0.0008563995361328125,positive,10.0,10.0,0.017377423122525215,0.20390740036964417,0.08448006957769394,-0.10716862976551056,66,11
0.0009021759033203125,positive,10.0,10.0,0.021455571055412292,0.007682814262807369,0.08233670145273209,0.21092616021633148,66,12
0.0009467601776123047,positive,10.0,10.0,0.02160922810435295,0.2015368938446045,0.08655522018671036,-0.05469021201133728,66,13
0.0012776851654052734,positive,10.0,10.0,0.08836080133914948,0.9760173559188843,0.023401878774166107,-1.093402624130249,66,19
0.0013246536254882812,positive,10.0,10.0,0.10788115113973618,1.170823335647583,0.0015338246012106538,-1.3786520957946777,66,20
0.0013704299926757812,positive,10.0,10.0,0.13129761815071106,0.9756821990013123,-0.02603921666741371,-1.0854898691177368,66,21
0.0014162063598632812,positive,10.0,10.0,0.15081125497817993,0.7809132933616638,-0.04774901270866394,-0.8010901212692261,66,22
0.0014600753784179688,positive,10.0,10.0,0.1664295196533203,0.976656436920166,-0.06377081573009491,-1.1084030866622925,66,23
0.0016827583312988281,negative,10.0,-10.0,0.23688280582427979,0.9815496206283569,-0.143683061003685,-1.2254284620285034,66,27
0.001787424087524414,negative,10.0,-10.0,0.272284597158432,0.596022367477417,-0.18781152367591858,-0.7455089688301086,66,29
0.0018324851989746094,negative,10.0,-10.0,0.28420504927635193,0.4039197862148285,-0.2027217149734497,-0.5173147916793823,66,30
0.00027561187744140625,positive,10.0,10.0,-0.003550728317350149,-0.2281760275363922,0.01648477464914322,0.2977033257484436,67,1
0.00045752525329589844,positive,10.0,10.0,-0.021159393712878227,-0.4243222773075104,0.04054978862404823,0.6133229732513428,67,4
0.0005064010620117188,positive,10.0,10.0,-0.02964583970606327,-0.22978974878787994,0.052816249430179596,0.33368241786956787,67,5
0.0005586147308349609,positive,10.0,10.0,-0.03424163535237312,-0.03545774891972542,0.0594898983836174,0.05811164900660515,67,6
0.0007452964782714844,positive,10.0,10.0,-0.04032178595662117,-0.2331976294517517,0.06995115429162979,0.40934333205223083,67,9
0.0008485317230224609,positive,10.0,10.0,-0.045768409967422485,0.1547873616218567,0.08092817664146423,-0.12753663957118988,67,11
0.0010056495666503906,positive,10.0,10.0,-0.032649002969264984,-0.04353739693760872,0.06895880401134491,0.2367660105228424,67,14
0.0011076927185058594,positive,10.0,10.0,-0.03831121698021889,-0.04555961862206459,0.08470169454813004,0.28179463744163513,67,16
0.00115203857421875,positive,10.0,10.0,-0.03922240808606148,-0.24178120493888855,0.0903375893831253,0.5999443531036377,67,17
0.001482248306274414,negative,10.0,-10.0,-0.04916325956583023,0.13880211114883423,0.14279544353485107,0.22774052619934082,67,23
0.001527547836303711,negative,10.0,-10.0,-0.046387217938899994,0.3316253423690796,0.1473502516746521,-0.01671118289232254,67,24
0.0015721321105957031,negative,10.0,-10.0,-0.0397547110915184,0.5243605971336365,0.1470160335302353,-0.2595168352127075,67,25
0.0016186237335205078,negative,10.0,-10.0,-0.02926749736070633,0.32747921347618103,0.14182569086551666,0.07568665593862534,67,26
0.0018854141235351562,negative,10.0,-10.0,0.010873760096728802,0.5123226046562195,0.14673210680484772,0.009048555046319962,67,31
0.0019330978393554688,negative,10.0,-10.0,0.021120211109519005,0.3154343068599701,0.1469130665063858,0.34419193863868713,67,32
0.0019774436950683594,negative,10.0,-10.0,0.027428897097706795,0.5081942081451416,0.15379691123962402,0.10120408982038498,67,33
0.0021364688873291016,negative,10.0,-10.0,0.05389467626810074,0.30680719017982483,0.16855254769325256,0.5381379127502441,67,36
0.0022377967834472656,negative,10.0,-10.0,0.07001499086618423,0.30204465985298157,0.18537423014640808,0.646386444568634,67,38
0.00228118896484375,negative,10.0,-10.0,0.07605588436126709,0.4941661059856415,0.19830195605754852,0.41732996702194214,67,39
0.0023255348205566406,negative,10.0,-10.0,0.0859392061829567,0.6860067844390869,0.2066485434770584,0.1931277960538864,67,40
0.0006651878356933594,positive,10.0,10.0,-0.04838438332080841,-0.2417195588350296,0.030020438134670258,0.2565440535545349,68,7
0.0007200241088867188,positive,10.0,10.0,-0.053218774497509,-0.43725696206092834,0.035151317715644836,0.5585427284240723,68,8
0.0002605915069580078,positive,10.0,10.0,0.005613249260932207,-0.20741938054561615,0.031146489083766937,0.31272855401039124,69,1
0.000377655029296875,positive,10.0,10.0,0.0012097681174054742,-0.20839247107505798,0.03800163418054581,0.3342735171318054,69,3
0.0005645751953125,positive,10.0,10.0,-0.007426002528518438,-0.015122095122933388,0.05296840891242027,0.08234407752752304,69,6
0.0006172657012939453,positive,10.0,10.0,-0.007728444412350655,-0.21096175909042358,0.05461529269814491,0.39125698804855347,69,7
0.0007374286651611328,positive,10.0,10.0,-0.012280793860554695,-0.21261417865753174,0.064766064286232,0.4279918670654297,69,9
0.0008459091186523438,positive,10.0,10.0,-0.01690240576863289,0.175533264875412,0.07645407319068909,-0.11227034777402878,69,11
0.0009500980377197266,positive,10.0,10.0,-0.006002116948366165,0.17338816821575165,0.06661093235015869,-0.06475946307182312,69,13
0.001054525375366211,positive,10.0,10.0,0.004815545864403248,0.17150723934173584,0.05860164389014244,-0.02316093072295189,69,15
0.0011143684387207031,positive,10.0,10.0,0.00824569072574377,-0.0244040135294199,0.05813842639327049,0.2874205410480499,69,16
0.0011587142944335938,positive,10.0,10.0,0.0077576106414198875,0.16984272003173828,0.06388683617115021,0.013625790365040302,69,17
0.0012028217315673828,positive,10.0,10.0,0.01115446537733078,-0.026134509593248367,0.0641593486070633,0.3257618844509125,69,18
0.0012485980987548828,positive,10.0,10.0,0.010631774552166462,0.16801805794239044,0.0706745907664299,0.05398213490843773,69,19
0.001293182373046875,positive,10.0,10.0,0.013992136344313622,-0.028042353689670563,0.07175423204898834,0.3680996298789978,69,20
0.001337289810180664,positive,10.0,10.0,0.013431289233267307,0.16599057614803314,0.07911622524261475,0.09887682646512985,69,21
0.0013802051544189453,positive,10.0,10.0,0.01675110124051571,0.3598947525024414,0.08109375834465027,-0.16783370077610016,69,22
0.0015063285827636719,positive,10.0,10.0,0.03502435237169266,0.7477082014083862,0.06905964016914368,-0.7010724544525146,69,24
0.0017611980438232422,positive,10.0,10.0,0.08373453468084335,0.9406014084815979,0.022377576678991318,-0.943049430847168,69,27
0.0020067691802978516,positive,10.0,10.0,0.1362554281949997,1.1355048418045044,-0.02805168367922306,-1.230600357055664,69,30
0.0022003650665283203,positive,10.0,10.0,0.19270822405815125,0.942420482635498,-0.08502350002527237,-0.9854941368103027,69,33
0.0023641586303710938,negative,10.0,-10.0,0.24542604386806488,0.7515808939933777,-0.14003516733646393,-0.7913758754730225,69,36
0.002409219741821289,negative,10.0,-10.0,0.2604576647281647,0.9483192563056946,-0.15586267411708832,-1.1246305704116821,69,37
0.002516031265258789,negative,10.0,-10.0,0.29453495144844055,0.5632344484329224,-0.19604754447937012,-0.6528817415237427,69,39
0.00017571449279785156,positive,10.0,10.0,0.003192091127857566,-0.022659175097942352,0.0275226142257452,0.03495641425251961,70,0
0.00024890899658203125,positive,10.0,10.0,0.002738907467573881,-0.21816477179527283,0.028221743181347847,0.33619436621665955,70,1
0.0004394054412841797,positive,10.0,10.0,-0.006474714260548353,-0.024468569085001945,0.04311735928058624,0.0749250203371048,70,4
0.0004897117614746094,positive,10.0,10.0,-0.006964085623621941,-0.22018127143383026,0.044615861028432846,0.3808937966823578,70,5
0.0006890296936035156,positive,10.0,10.0,-0.008509804494678974,-0.02723952941596508,0.05082281678915024,0.13615089654922485,70,8
0.0010228157043457031,positive,10.0,10.0,-0.01592266373336315,-0.03242091089487076,0.07837025076150894,0.2510061264038086,70,14
0.0012385845184326172,positive,10.0,10.0,0.0047491127625107765,0.7431308031082153,0.06651507318019867,-0.8138964772224426,70,18
0.0012850761413574219,positive,10.0,10.0,0.019611729308962822,0.9372818470001221,0.05023714527487755,-1.0849380493164062,70,19
0.0013875961303710938,positive,10.0,10.0,0.05318805202841759,0.9362524747848511,0.012999908067286015,-1.0604928731918335,70,21
0.001432180404663086,positive,10.0,10.0,0.07191310077905655,0.7409608364105225,-0.008209949359297752,-0.7637581825256348,70,22
0.0014760494232177734,positive,10.0,10.0,0.08673232048749924,0.9361948370933533,-0.02348511293530464,-1.0590131282806396,70,23
0.0015764236450195312,positive,10.0,10.0,0.1202840507030487,0.9370988011360168,-0.06014123558998108,-1.0801880359649658,70,25
0.001964092254638672,negative,10.0,-10.0,0.21686550974845886,1.1415274143218994,-0.17030860483646393,-1.5960218906402588,70,32
0.0020101070404052734,negative,10.0,-10.0,0.23969607055187225,1.3382103443145752,-0.20222903788089752,-1.9366068840026855,70,33
0.0002067089080810547,positive,10.0,10.0,0.002402195706963539,-0.0365145243704319,0.01140871737152338,-0.01988832652568817,71,0
0.0005002021789550781,positive,10.0,10.0,-0.011505569331347942,-0.6224254369735718,0.027988547459244728,0.870354413986206,71,3
0.0006630420684814453,positive,10.0,10.0,-0.04031240940093994,-0.6234133839607239,0.06882971525192261,0.8935914039611816,71,5
0.0008904933929443359,negative,10.0,-10.0,-0.08947916328907013,-1.211798071861267,0.14135614037513733,1.8507601022720337,71,8
0.0003204345703125,positive,10.0,10.0,0.006324454676359892,-0.3693268299102783,0.01962646283209324,0.5615180134773254,72,2
0.0003714561462402344,positive,10.0,10.0,-0.0010620818939059973,-0.1744857281446457,0.030856823548674583,0.2750824987888336,72,3
0.0004837512969970703,positive,10.0,10.0,-0.01195247657597065,-0.17544004321098328,0.04790518805384636,0.296324759721756,72,5
0.0006017684936523438,positive,10.0,10.0,-0.02288549765944481,-0.17688164114952087,0.06590614467859268,0.3284701108932495,72,7
0.0006566047668457031,positive,10.0,10.0,-0.026423132047057152,0.017243174836039543,0.07247554510831833,0.05727744102478027,72,8
0.0007102489471435547,positive,10.0,10.0,-0.02607826702296734,-0.1788390874862671,0.07362109422683716,0.37191784381866455,72,9
0.0008220672607421875,positive,10.0,10.0,-0.029351770877838135,0.20903633534908295,0.08312598615884781,-0.1627216786146164,72,11
0.0009822845458984375,positive,10.0,10.0,-0.012979142367839813,0.01065156888216734,0.06908399611711502,0.2029895931482315,72,14
0.0010275840759277344,positive,10.0,10.0,-0.012766111642122269,0.20472101867198944,0.07314378768205643,-0.06712564826011658,72,15
0.0011298656463623047,positive,10.0,10.0,-0.0006972464034333825,0.20265580713748932,0.06508398801088333,-0.021430980414152145,72,17
0.001232147216796875,positive,10.0,10.0,0.0034891453105956316,0.2008070945739746,0.0704764872789383,0.019444743171334267,72,19
0.0012784004211425781,positive,10.0,10.0,0.007505286950618029,0.3948512673377991,0.07086537778377533,-0.25019603967666626,72,20
0.0013811588287353516,positive,10.0,10.0,0.027180181816220284,0.7830293774604797,0.05546722188591957,-0.7909350395202637,72,22
0.0014271736145019531,positive,10.0,10.0,0.04284077137708664,0.9773476123809814,0.039648521691560745,-1.0656651258468628,72,23
0.0016450881958007812,positive,10.0,10.0,0.12098906189203262,0.5868654847145081,-0.044669441878795624,-0.4740563929080963,72,27
0.002259969711303711,negative,10.0,-10.0,0.2631022036075592,0.7979359030723572,-0.1959371119737625,-1.1375941038131714,72,38
0.0003674030303955078,positive,10.0,10.0,-0.019372472539544106,-0.017783043906092644,-0.02054269053041935,0.014850780367851257,73,0
0.0006694793701171875,positive,10.0,10.0,-0.023980222642421722,-0.01719987951219082,-0.014226032420992851,0.0019834954291582108,73,2
0.0009922981262207031,positive,10.0,10.0,-0.025330068543553352,-0.40644946694374084,-0.014643031172454357,0.5655335783958435,73,6
0.0011382102966308594,positive,10.0,10.0,-0.03768156096339226,-0.4061994254589081,0.002033113269135356,0.5599036812782288,73,8
0.0012044906616210938,positive,10.0,10.0,-0.04580555111169815,-0.2111060619354248,0.013231186196208,0.2678619623184204,73,9
0.00128173828125,positive,10.0,10.0,-0.050027672201395035,-0.40641433000564575,0.01858842559158802,0.5646885633468628,73,10
0.001519918441772461,positive,10.0,10.0,-0.08613795787096024,-0.9930106997489929,0.07044750452041626,1.4721797704696655,73,13
0.0017535686492919922,negative,10.0,-10.0,-0.15747679769992828,-1.5812063217163086,0.17777127027511597,2.4393372535705566,73,16
0.0008931159973144531,positive,10.0,10.0,-0.03998734429478645,-0.14576749503612518,0.012926259078085423,0.26829004287719727,74,5
0.0010652542114257812,positive,10.0,10.0,-0.04972412437200546,-0.1462109088897705,0.029592497274279594,0.27815738320350647,74,7
0.0012979507446289062,positive,10.0,10.0,-0.06242579221725464,0.047295231372117996,0.0527285560965538,0.02104269526898861,74,10
0.0015342235565185547,positive,10.0,10.0,-0.04792848229408264,0.6303613781929016,0.03745833784341812,-0.807165801525116,74,13
0.0015988349914550781,positive,10.0,10.0,-0.035321254283189774,0.8249504566192627,0.021315019577741623,-1.0878344774246216,74,14
0.002105712890625,positive,10.0,10.0,0.04417264088988304,0.8266474604606628,-0.08020433038473129,-1.1273972988128662,74,20
0.002338886260986328,negative,10.0,-10.0,0.08993928879499435,0.6356436014175415,-0.14365153014659882,-0.9312559962272644,74,23
0.00240325927734375,negative,10.0,-10.0,0.1026521623134613,0.44272175431251526,-0.16227665543556213,-0.6869423389434814,74,24
0.0026335716247558594,negative,10.0,-10.0,0.12545613944530487,0.25513187050819397,-0.20084425806999207,-0.5627657771110535,74,27
0.0004773139953613281,positive,10.0,10.0,0.03508847951889038,-0.006864569149911404,-0.007948653772473335,0.024624543264508247,75,0
0.0006041526794433594,positive,10.0,10.0,0.034951191395521164,-0.20187163352966309,-0.007456163410097361,0.3147890269756317,75,1
0.0008971691131591797,positive,10.0,10.0,0.034550756216049194,-0.006616721395403147,-0.006230798549950123,0.019156718626618385,75,4
0.0010657310485839844,positive,10.0,10.0,0.030385447666049004,-0.006443987134844065,0.00034968124236911535,0.01534589845687151,75,6
0.0015010833740234375,positive,10.0,10.0,0.02973412722349167,-0.20180322229862213,0.0020367212127894163,0.31326228380203247,75,11
0.0016486644744873047,positive,10.0,10.0,0.01775898039340973,-0.20194923877716064,0.020433703437447548,0.31653034687042236,75,13
0.002120494842529297,positive,10.0,10.0,0.005119715817272663,0.185613751411438,0.04334452748298645,-0.2099630981683731,75,19
0.0021829605102539062,positive,10.0,10.0,0.008831990882754326,-0.010100294835865498,0.03914526477456093,0.09607154130935669,75,20
0.0025720596313476562,positive,10.0,10.0,-0.00010437335731694475,-0.20860682427883148,0.06315670162439346,0.4641503691673279,75,25
0.0026404857635498047,positive,10.0,10.0,-0.004276509862393141,-0.014431553892791271,0.07243970781564713,0.19202390313148499,75,26
0.0027036666870117188,positive,10.0,10.0,-0.004565140698105097,-0.2105110138654709,0.07628018409013748,0.5066503882408142,75,27
0.0031731128692626953,positive,10.0,10.0,0.004916337318718433,0.5618841052055359,0.09264563024044037,-0.48925045132637024,75,33
0.003477811813354492,positive,10.0,10.0,0.06532548367977142,0.9479478597640991,0.033422939479351044,-0.9810308218002319,75,37
0.0036284923553466797,positive,10.0,10.0,0.107136569917202,1.337549090385437,-0.01145829539746046,-1.5513595342636108,75,39
0.004174709320068359,negative,10.0,-10.0,0.22836662828922272,0.3698693811893463,-0.13635849952697754,-0.2651129364967346,75,46
0.0042383670806884766,negative,10.0,-10.0,0.2357640117406845,0.5666473507881165,-0.14166076481342316,-0.5975053310394287,75,47
0.004622459411621094,negative,10.0,-10.0,0.2772601544857025,0.7721548676490784,-0.18771862983703613,-1.1314949989318848,75,52
0.00041675567626953125,positive,10.0,10.0,0.0219362024217844,0.02757662534713745,-0.045168012380599976,-0.009046252816915512,76,0
0.0006589889526367188,positive,10.0,10.0,0.019150346517562866,-0.36131587624549866,-0.03996792808175087,0.5470922589302063,76,2
0.0009288787841796875,positive,10.0,10.0,0.001403883332386613,-0.555124819278717,-0.013674761168658733,0.8104422688484192,76,5
0.0009953975677490234,positive,10.0,10.0,-0.009698613546788692,-0.3598182499408722,0.002534084254875779,0.5134894847869873,76,6
0.001058816909790039,positive,10.0,10.0,-0.016894977539777756,-0.16473206877708435,0.012803873978555202,0.22160618007183075,76,7
0.0011241436004638672,positive,10.0,10.0,-0.020189620554447174,-0.36003467440605164,0.017235996201634407,0.5183002948760986,76,8
0.0011892318725585938,positive,10.0,10.0,-0.027390312403440475,-0.16515958309173584,0.027602003887295723,0.2310982197523117,76,9
0.0014188289642333984,positive,10.0,10.0,-0.04122701287269592,-0.36171770095825195,0.04787115007638931,0.5558919906616211,76,12
0.0014882087707519531,positive,10.0,10.0,-0.048461366444826126,-0.16729940474033356,0.058988988399505615,0.2786673307418823,76,13
0.0016353130340576172,positive,10.0,10.0,-0.05126868188381195,-0.16905200481414795,0.06466548144817352,0.3174913823604584,76,15
0.0017004013061523438,positive,10.0,10.0,-0.0546497218310833,0.02509216219186783,0.07101531326770782,0.045882198959589005,76,16
0.0017666816711425781,positive,10.0,10.0,-0.054147880524396896,-0.17097245156764984,0.07193295657634735,0.36009880900382996,76,17
0.002072572708129883,positive,10.0,10.0,-0.04455023631453514,0.21470914781093597,0.06860125809907913,-0.1257999837398529,76,21
0.002139568328857422,positive,10.0,10.0,-0.04025605320930481,0.01867489516735077,0.06608526408672333,0.18771269917488098,76,22
0.002458333969116211,positive,10.0,10.0,-0.03887755423784256,0.01474345475435257,0.0836573913693428,0.2749525308609009,76,26
0.0026895999908447266,positive,10.0,10.0,-0.026364795863628387,0.5960561037063599,0.084282286465168,-0.5167075991630554,76,29
0.0028328895568847656,positive,10.0,10.0,0.001354255829937756,0.9839282631874084,0.058314405381679535,-1.0502177476882935,76,31
0.002895832061767578,positive,10.0,10.0,0.021032821387052536,0.7880833148956299,0.037310048937797546,-0.7398149371147156,76,32
0.0031189918518066406,positive,10.0,10.0,0.07219302654266357,0.9823489785194397,-0.012313981540501118,-1.0128804445266724,76,35
0.0031850337982177734,positive,10.0,10.0,0.09184000641107559,0.7873934507369995,-0.032571591436862946,-0.7240895628929138,76,36
0.0036602020263671875,negative,10.0,-10.0,0.21385443210601807,1.5732046365737915,-0.16548584401607513,-2.0336809158325195,76,42
0.0005738735198974609,positive,10.0,10.0,0.04500860348343849,0.008811693638563156,-0.02381128817796707,-0.021831534802913666,77,0
0.0008637905120849609,positive,10.0,10.0,0.04146562144160271,-0.38072842359542847,-0.018983028829097748,0.5481818914413452,77,2
0.0009341239929199219,positive,10.0,10.0,0.033851053565740585,-0.5755786299705505,-0.008019390515983105,0.8348238468170166,77,3
0.0009984970092773438,positive,10.0,10.0,0.022339479997754097,-0.3803480565547943,0.008677086792886257,0.5396296977996826,77,4
0.001064300537109375,positive,10.0,10.0,0.014732519164681435,-0.18534913659095764,0.01946968212723732,0.24969340860843658,77,5
0.0012202262878417969,positive,10.0,10.0,0.0034106639213860035,-0.18597373366355896,0.035432618111371994,0.2635774612426758,77,7
0.0012896060943603516,positive,10.0,10.0,-0.00030881076236255467,-0.3815830647945404,0.040704164654016495,0.5672222971916199,77,8
0.0015184879302978516,positive,10.0,10.0,-0.011535821482539177,-0.1886136829853058,0.058037564158439636,0.3221571743488312,77,11
0.0016701221466064453,positive,10.0,10.0,-0.015195378102362156,0.1997767835855484,0.06544724851846695,-0.22333507239818573,77,13
0.0017366409301757812,positive,10.0,10.0,-0.01119984220713377,0.0037834197282791138,0.06098054349422455,0.08925332129001617,77,14
0.0018038749694824219,positive,10.0,10.0,-0.011124174110591412,-0.19215719401836395,0.06276561319828033,0.40053510665893555,77,15
0.002045154571533203,positive,10.0,10.0,-0.011005673557519913,0.3900604248046875,0.07051679491996765,-0.4099317193031311,77,18
0.0021080970764160156,positive,10.0,10.0,-0.003204465378075838,0.19401326775550842,0.06231815740466118,-0.09587708115577698,77,19
0.0021712779998779297,positive,10.0,10.0,0.0006757998489774764,-0.001943937735632062,0.06040061637759209,0.21579782664775848,77,20
0.002237081527709961,positive,10.0,10.0,0.0006369211478158832,-0.1978750377893448,0.06471657007932663,0.5269055366516113,77,21
0.0023927688598632812,positive,10.0,10.0,-0.0033949899952858686,0.19025078415870667,0.08036062121391296,-0.01273266039788723,77,23
0.002545595169067383,positive,10.0,10.0,0.008092701435089111,0.578027069568634,0.07452560216188431,-0.5453993082046509,77,25
0.002733469009399414,positive,10.0,10.0,0.027292070910334587,0.18597078323364258,0.05901367962360382,0.08185526728630066,77,27
0.0028052330017089844,positive,10.0,10.0,0.031011486425995827,-0.009945296682417393,0.060650784522295,0.3925577700138092,77,28
0.002871990203857422,positive,10.0,10.0,0.0308125801384449,0.1842658668756485,0.06850194185972214,0.11959705501794815,77,29
0.0029370784759521484,positive,10.0,10.0,0.03449789807200432,-0.011767271906137466,0.07089388370513916,0.4330809414386749,77,30
0.0029976367950439453,positive,10.0,10.0,0.03426255285739899,0.18228307366371155,0.07955550402402878,0.16356192529201508,77,31
0.003332376480102539,positive,10.0,10.0,0.07211057096719742,0.9579372406005859,0.060705628246068954,-0.903303861618042,77,35
0.003489971160888672,positive,10.0,10.0,0.10651026666164398,0.956547737121582,0.03079606033861637,-0.8711270093917847,77,37
0.0035545825958251953,positive,10.0,10.0,0.12564122676849365,1.1512376070022583,0.01337351929396391,-1.153970718383789,77,38
0.003965616226196289,positive,10.0,10.0,0.23299193382263184,0.5684186220169067,-0.09105444699525833,-0.33298343420028687,77,43
0.0043773651123046875,negative,10.0,-10.0,0.30571019649505615,1.1607394218444824,-0.15389469265937805,-1.3768397569656372,77,48
0.0005342960357666016,positive,10.0,10.0,0.004969978705048561,-0.002137301489710808,-0.022180333733558655,-0.03543255105614662,78,0
0.0007956027984619141,positive,10.0,10.0,0.0009885469917207956,-0.39172202348709106,-0.017885573208332062,0.5355468392372131,78,2
0.0008673667907714844,positive,10.0,10.0,-0.0068458933383226395,-0.19635318219661713,-0.007174636237323284,0.2372824102640152,78,3
0.0012125968933105469,positive,10.0,10.0,-0.030353771522641182,-0.19651353359222412,0.02339942939579487,0.24086180329322815,78,7
0.0012791156768798828,positive,10.0,10.0,-0.034284040331840515,-0.001733517157845199,0.028216665610671043,-0.04434942826628685,78,8
0.0015256404876708984,positive,10.0,10.0,-0.04611867666244507,-0.198098286986351,0.0436372384428978,0.27599892020225525,78,11
0.0017786026000976562,positive,10.0,10.0,-0.05414147675037384,-0.005027384962886572,0.0552084781229496,0.028369737789034843,78,14
0.001934051513671875,positive,10.0,10.0,-0.05825993791222572,-0.006610082928091288,0.06253482401371002,0.0633619949221611,78,16
0.0020012855529785156,positive,10.0,10.0,-0.05839214101433754,-0.20257028937339783,0.063802070915699,0.3751010000705719,78,17
0.00206756591796875,positive,10.0,10.0,-0.06244354695081711,-0.008409879170358181,0.071304090321064,0.10319805145263672,78,18
0.002302408218383789,positive,10.0,10.0,-0.05130689591169357,0.18358078598976135,0.061348188668489456,-0.12091377377510071,78,21
0.002363920211791992,positive,10.0,10.0,-0.0476352795958519,-0.012364013120532036,0.058929912745952606,0.19047556817531586,78,22
0.002428770065307617,positive,10.0,10.0,-0.0478825606405735,-0.20827734470367432,0.06273942440748215,0.5011507868766785,78,23
0.0024938583374023438,positive,10.0,10.0,-0.052048105746507645,-0.4042249917984009,0.07276243716478348,0.8129273056983948,78,24
0.0029811859130859375,positive,10.0,10.0,-0.042426783591508865,0.757644534111023,0.09132219105958939,-0.7531962990760803,78,30
0.0030553340911865234,positive,10.0,10.0,-0.027273891493678093,0.951396644115448,0.07625827193260193,-1.0158019065856934,78,31
0.003120899200439453,positive,10.0,10.0,-0.00824595894664526,1.145423412322998,0.05594222992658615,-1.2835981845855713,78,32
0.0033464431762695312,positive,10.0,10.0,0.04873763769865036,0.9490911364555359,-0.002646508626639843,-0.9611672163009644,78,35
0.0034117698669433594,positive,10.0,10.0,0.0677194595336914,1.144248604774475,-0.021869853138923645,-1.2546803951263428,78,36
0.0036509037017822266,positive,10.0,10.0,0.12469174712896347,0.9509289860725403,-0.080169178545475,-1.0041675567626953,78,39
0.004061460494995117,negative,10.0,-10.0,0.18885132670402527,0.3735983669757843,-0.14010824263095856,-0.303672730922699,78,44
0.004129171371459961,negative,10.0,-10.0,0.19632330536842346,0.18072223663330078,-0.14618170261383057,-0.05825076624751091,78,45
0.004192829132080078,negative,10.0,-10.0,0.19993774592876434,0.37760478258132935,-0.14734672009944916,-0.3932493031024933,78,46
0.004255771636962891,negative,10.0,-10.0,0.20748984813690186,0.1848473995923996,-0.1552117019891739,-0.15040962398052216,78,47
0.0043182373046875,negative,10.0,-10.0,0.21118679642677307,0.38181188702583313,-0.15821990370750427,-0.4877540171146393,78,48
0.0043792724609375,negative,10.0,-10.0,0.21882303059101105,0.18923461437225342,-0.16797497868537903,-0.248819038271904,78,49
0.004538774490356445,negative,10.0,-10.0,0.2303338646888733,0.1939750760793686,-0.18473976850509644,-0.35582050681114197,78,51
0.0005583763122558594,positive,10.0,10.0,-0.046485040336847305,-0.021298963576555252,0.04806052893400192,-0.026459693908691406,79,0
0.0006952285766601562,positive,10.0,10.0,-0.04691101983189583,-0.21707601845264435,0.047531332820653915,0.2809911370277405,79,1
0.000965118408203125,positive,10.0,10.0,-0.06387946754693985,-0.024363713338971138,0.07117273658514023,0.041276250034570694,79,4
0.0010275840759277344,positive,10.0,10.0,-0.06436674296855927,-0.22043026983737946,0.07199826091527939,0.35553863644599915,79,5
0.0015256404876708984,positive,10.0,10.0,-0.04823392629623413,0.16334635019302368,0.05767655372619629,-0.08817367255687714,79,11
0.0017805099487304688,positive,10.0,10.0,-0.050186607986688614,-0.03420417383313179,0.07099409401416779,0.2588460147380829,79,14
0.0018486976623535156,positive,10.0,10.0,-0.05087069049477577,-0.23026403784751892,0.07617101818323135,0.5730497241020203,79,15
0.0019173622131347656,positive,10.0,10.0,-0.05547597259283066,-0.03628809005022049,0.08763200789690018,0.30530211329460144,79,16
0.0019855499267578125,positive,10.0,10.0,-0.05620173364877701,0.15748287737369537,0.09373805671930313,0.04149184376001358,79,17
0.002141237258911133,positive,10.0,10.0,-0.046029187738895416,0.5447962284088135,0.09016375988721848,-0.4816248118877411,79,19
0.002210378646850586,positive,10.0,10.0,-0.03513326495885849,0.3485250473022461,0.08053126931190491,-0.16194161772727966,79,20
0.002280712127685547,positive,10.0,10.0,-0.028162764385342598,0.5424072742462158,0.07729243487119675,-0.42817187309265137,79,21
0.0024347305297851562,positive,10.0,10.0,-0.0025875307619571686,0.9304591417312622,0.054818544536828995,-0.9658019542694092,79,23
0.0025916099548339844,positive,10.0,10.0,0.03071456216275692,0.9292556643486023,0.02237422578036785,-0.9377098679542542,79,25
0.0027489662170410156,positive,10.0,10.0,0.07178105413913727,0.9289005398750305,-0.020845554769039154,-0.9294641613960266,79,27
0.002812623977661133,positive,10.0,10.0,0.09035906195640564,0.7340660691261292,-0.03943483531475067,-0.6434041261672974,79,28
0.002970457077026367,positive,10.0,10.0,0.12363468110561371,0.7353346347808838,-0.07126771658658981,-0.672438383102417,79,30
0.0037953853607177734,positive,10.0,10.0,0.16675710678100586,-0.8086026310920715,-0.07861120253801346,1.300331473350525,79,40
0.004041194915771484,positive,10.0,10.0,0.11439348757266998,-0.61154705286026,0.003919350914657116,0.959526002407074,79,43
0.0041179656982421875,positive,10.0,10.0,0.10216254740953445,-0.8067215085029602,0.02310987189412117,1.2534377574920654,79,44
0.004189491271972656,positive,10.0,10.0,0.08602811396121979,-1.002131700515747,0.048178624361753464,1.5532684326171875,79,45
0.004258394241333008,positive,10.0,10.0,0.06598548591136932,-0.8076192736625671,0.07924399524927139,1.2759974002838135,79,46
0.004591464996337891,negative,10.0,-10.0,0.024624692276120186,-0.033915117383003235,0.14997327327728271,0.25470858812332153,79,50
0.004662513732910156,negative,10.0,-10.0,0.02394638955593109,0.15878279507160187,0.15506744384765625,0.012833287008106709,79,51
0.004731416702270508,negative,10.0,-10.0,0.027122044935822487,0.35138019919395447,0.15532411634922028,-0.2271890491247177,79,52
0.0048847198486328125,negative,10.0,-10.0,0.04502926394343376,0.7366867661476135,0.14143772423267365,-0.7087477445602417,79,54
0.005122661590576172,positive,10.0,10.0,0.10081085562705994,1.316367268562317,0.08410878479480743,-1.460834264755249,79,57
0.0052716732025146484,positive,10.0,10.0,0.1573454737663269,1.314658284187317,0.020370082929730415,-1.4168553352355957,79,59
0.005421876907348633,positive,10.0,10.0,0.2060244381427765,0.9242736101150513,-0.030324533581733704,-0.8277022838592529,79,61
0.006165742874145508,positive,10.0,10.0,0.29980406165122986,0.15325921773910522,-0.09250734001398087,0.13492923974990845,79,69
0.0063288211822509766,positive,10.0,10.0,0.3020607531070709,-0.23416495323181152,-0.08186767250299454,0.6601253747940063,79,71
0.006395578384399414,positive,10.0,10.0,0.29737746715545654,-0.038004882633686066,-0.06866516917943954,0.34282857179641724,79,72
0.0067250728607177734,positive,10.0,10.0,0.3022502064704895,-0.03451048210263252,-0.05537469685077667,0.26529449224472046,79,76
0.006794929504394531,positive,10.0,10.0,0.3015599846839905,-0.22880016267299652,-0.05006880685687065,0.5400104522705078,79,77
0.007029294967651367,positive,10.0,10.0,0.2917727530002594,-0.03195877745747566,-0.024388497695326805,0.20863237977027893,79,80
0.007275819778442383,positive,10.0,10.0,0.2859726548194885,-0.22629496455192566,-0.006454614456743002,0.4839399456977844,79,83
0.007350444793701172,positive,10.0,10.0,0.28144675493240356,-0.031082510948181152,0.0032241845037788153,0.18922974169254303,79,84
0.007500171661376953,positive,10.0,10.0,0.2763000726699829,-0.03122810646891594,0.016667339950799942,0.1924622803926468,79,86
0.00757145881652832,positive,10.0,10.0,0.275675505399704,-0.22658447921276093,0.020516585558652878,0.49035608768463135,79,87
0.007731437683105469,positive,10.0,10.0,0.27050867676734924,-0.22730004787445068,0.03440789133310318,0.5063014030456543,79,89
0.007800579071044922,positive,10.0,10.0,0.2659626603126526,-0.032679419964551926,0.04453391954302788,0.22465714812278748,79,90
0.00796651840209961,positive,10.0,10.0,0.26074090600013733,-0.03400935232639313,0.05964802950620651,0.25420817732810974,79,92
0.008462667465209961,positive,10.0,10.0,0.2758692800998688,0.739845871925354,0.06750466674566269,-0.7728796005249023,79,98
0.008689165115356445,positive,10.0,10.0,0.324109822511673,0.9328820705413818,0.016474923118948936,-1.0177360773086548,79,101
0.008836030960083008,positive,10.0,10.0,0.35751834511756897,0.9327198266983032,-0.018278317525982857,-1.0138275623321533,79,103
0.008898496627807617,positive,10.0,10.0,0.3761727511882782,0.7378463745117188,-0.03855486586689949,-0.7269397377967834,79,104
0.009313821792602539,positive,10.0,10.0,0.4110821783542633,-0.23352821171283722,-0.055969178676605225,0.6447045803070068,79,109
0.009729385375976562,positive,10.0,10.0,0.3488205671310425,-1.20768404006958,0.06443823128938675,2.076925277709961,79,114
0.0007722377777099609,positive,10.0,10.0,-0.030265919864177704,-0.21403495967388153,0.012988251633942127,0.25224947929382324,80,1
0.0010364055633544922,positive,10.0,10.0,-0.04702293500304222,-0.4099997282028198,0.03425432741641998,0.5637446641921997,80,4
0.001382589340209961,positive,10.0,10.0,-0.06428399682044983,-0.0223920326679945,0.05750031769275665,0.03635352849960327,80,8
0.00189208984375,positive,10.0,10.0,-0.0711362436413765,0.36201032996177673,0.07353231310844421,-0.42151156067848206,80,14
0.0020432472229003906,positive,10.0,10.0,-0.060577478259801865,-0.030063766986131668,0.06297040730714798,0.20590752363204956,80,16
0.002616405487060547,positive,10.0,10.0,-0.05351787433028221,0.1571774035692215,0.08390321582555771,0.08697571605443954,80,23
0.0027675628662109375,positive,10.0,10.0,-0.04335427284240723,0.5448012948036194,0.08208071440458298,-0.44258514046669006,80,25
0.003181934356689453,positive,10.0,10.0,0.03433413803577423,0.7359308004379272,0.00726445484906435,-0.6456200480461121,80,30
0.003339052200317383,positive,10.0,10.0,0.0676717683672905,0.7359054684638977,-0.024368077516555786,-0.6451036930084229,80,32
0.003488779067993164,positive,10.0,10.0,0.1010170429944992,1.1269619464874268,-0.05617734044790268,-1.2495161294937134,80,34
0.004183053970336914,negative,10.0,-10.0,0.1962384432554245,-0.03042829968035221,-0.1442626267671585,0.21597599983215332,80,42
0.005891084671020508,positive,10.0,10.0,0.08975847065448761,-1.1649528741836548,-0.06382869929075241,1.1746046543121338,80,62
0.00596308708190918,positive,10.0,10.0,0.06645941734313965,-1.3591899871826172,-0.04033660888671875,1.4466140270233154,80,63
0.006032466888427734,positive,10.0,10.0,0.03927561640739441,-1.55379319190979,-0.011404327116906643,1.7264257669448853,80,64
0.006097316741943359,positive,10.0,10.0,0.008199750445783138,-1.748782992362976,0.02312418818473816,2.015538454055786,80,65
0.0008480548858642578,positive,10.0,10.0,0.00038832391146570444,-0.022768931463360786,0.021682599559426308,0.02767626754939556,81,2
0.0010104179382324219,positive,10.0,10.0,-0.004430954810231924,-0.023396575823426247,0.02877853810787201,0.04153212904930115,81,4
0.0010766983032226562,positive,10.0,10.0,-0.0048988861963152885,-0.21891912817955017,0.029609180986881256,0.34315425157546997,81,5
0.001226186752319336,positive,10.0,10.0,-0.00976188201457262,-0.21985605359077454,0.03767133131623268,0.3639167845249176,81,7
0.001539468765258789,positive,10.0,10.0,-0.01961720548570156,-0.2224530279636383,0.056658633053302765,0.4215783476829529,81,11
0.0017173290252685547,positive,10.0,10.0,-0.02462982013821602,-0.22416841983795166,0.06803583353757858,0.45976826548576355,81,13
0.0017824172973632812,positive,10.0,10.0,-0.02911318838596344,-0.4201827943325043,0.07723119854927063,0.7730966806411743,81,14
0.0022745132446289062,positive,10.0,10.0,-0.021424341946840286,0.7414292693138123,0.09136545658111572,-0.7877230644226074,81,20
0.0023412704467773438,positive,10.0,10.0,-0.00659575592726469,0.935185432434082,0.07561099529266357,-1.0503209829330444,81,21
0.0024118423461914062,positive,10.0,10.0,0.012107952497899532,1.1292273998260498,0.05460457503795624,-1.3183438777923584,81,22
0.0026497840881347656,positive,10.0,10.0,0.06812112033367157,0.9329813122749329,-0.006097342818975449,-0.9978048205375671,81,25
0.0027151107788085938,positive,10.0,10.0,0.08678074926137924,0.7379413843154907,-0.02605343982577324,-0.7070429921150208,81,26
0.002868175506591797,positive,10.0,10.0,0.12020786106586456,0.7388514280319214,-0.06035053730010986,-0.7280170917510986,81,28
0.002938508987426758,positive,10.0,10.0,0.13498489558696747,0.9347534775733948,-0.07491087913513184,-1.0390675067901611,81,29
0.0033435821533203125,negative,10.0,-10.0,0.19751182198524475,0.3571033477783203,-0.13802941143512726,-0.3319956362247467,81,34
0.0037932395935058594,negative,10.0,-10.0,0.2414129674434662,0.5622679591178894,-0.19175447523593903,-0.857638955116272,81,39
0.0005941390991210938,positive,10.0,10.0,0.0005688811070285738,0.04909296706318855,-0.027574090287089348,0.007723829708993435,82,0
0.0009148120880126953,positive,10.0,10.0,-0.0013617175864055753,0.04987906292080879,-0.021587995812296867,-0.009622220881283283,82,2
0.0011196136474609375,positive,10.0,10.0,-0.0032626711763441563,-0.33973127603530884,-0.01625700108706951,0.5619065761566162,82,4
0.0012137889862060547,positive,10.0,10.0,-0.010057296603918076,-0.14438501000404358,-0.005018868483603001,0.2641465365886688,82,5
0.001409769058227539,positive,10.0,10.0,-0.019733697175979614,-0.14431673288345337,0.011368907988071442,0.2626425325870514,82,7
0.001497030258178711,positive,10.0,10.0,-0.022620031610131264,-0.3395991027355194,0.01662175916135311,0.5588895678520203,82,8
0.0015816688537597656,positive,10.0,10.0,-0.029412012547254562,-0.14471435546875,0.02779955044388771,0.2714894115924835,82,9
0.0016679763793945312,positive,10.0,10.0,-0.03230629861354828,-0.34022173285484314,0.03322933614253998,0.5728091597557068,82,10
0.0017151832580566406,positive,10.0,10.0,-0.039110735058784485,-0.14558108150959015,0.044685520231723785,0.2907769978046417,82,11
0.0017597675323486328,positive,10.0,10.0,-0.04202235862612724,0.04887615889310837,0.050501059740781784,0.01251546572893858,82,12
0.0018627643585205078,positive,10.0,10.0,-0.04398347809910774,0.04743153974413872,0.05716526508331299,0.04443882778286934,82,14
0.0019059181213378906,positive,10.0,10.0,-0.04303484782576561,-0.14846156537532806,0.05805404111742973,0.35459592938423157,82,15
0.0019490718841552734,positive,10.0,10.0,-0.04600407928228378,0.045788947492837906,0.06514596194028854,0.08076933771371841,82,16
0.0019931793212890625,positive,10.0,10.0,-0.045088302344083786,-0.15020346641540527,0.06676134467124939,0.3932736814022064,82,17
0.0021505355834960938,positive,10.0,10.0,-0.042456384748220444,0.43182700872421265,0.07415664941072464,-0.41327935457229614,82,20
0.002194643020629883,positive,10.0,10.0,-0.03381984308362007,0.6258237957954407,0.06589106470346451,-0.6816926598548889,82,21
0.0023031234741210938,positive,10.0,10.0,-0.00490393303334713,1.0143530368804932,0.03319871798157692,-1.2287421226501465,82,23
0.002464771270751953,positive,10.0,10.0,0.04423118382692337,0.818841278553009,-0.02250233106315136,-0.9262470006942749,82,26
0.002694368362426758,positive,10.0,10.0,0.10198945552110672,0.4313034117221832,-0.08617723733186722,-0.4018286466598511,82,30
0.002746105194091797,positive,10.0,10.0,0.11061552166938782,0.23750275373458862,-0.0942138135433197,-0.13751119375228882,82,31
0.0033059120178222656,negative,10.0,-10.0,0.17776049673557281,0.4462578296661377,-0.1761750727891922,-0.7408865690231323,82,40
0.0033512115478515625,negative,10.0,-10.0,0.18668565154075623,0.2539489269256592,-0.1909928023815155,-0.5084161758422852,82,41
0.0033960342407226562,negative,10.0,-10.0,0.19176462292671204,0.061958327889442444,-0.20116111636161804,-0.28147807717323303,82,42
0.0034432411193847656,negative,10.0,-10.0,0.1930037885904312,0.25929611921310425,-0.20679068565368652,-0.6302591562271118,82,43
0.00013971328735351562,positive,10.0,10.0,0.04084476828575134,0.04916379600763321,-0.04542308673262596,-0.042297977954149246,83,0
0.0002753734588623047,positive,10.0,10.0,0.03892247751355171,-0.3397097587585449,-0.04155475273728371,0.513451337814331,83,2
0.00032448768615722656,positive,10.0,10.0,0.03212828189134598,-0.1440279483795166,-0.03128572553396225,0.20796842873096466,83,3
0.00043487548828125,positive,10.0,10.0,0.02247394435107708,-0.1431949883699417,-0.017313947901129723,0.18951332569122314,83,5
0.00048422813415527344,positive,10.0,10.0,0.019610045477747917,-0.3380649983882904,-0.013523681089282036,0.4766845107078552,83,6
0.0006046295166015625,positive,10.0,10.0,0.009993650019168854,-0.337819367647171,-0.00039459019899368286,0.4711916148662567,83,8
0.0006563663482666016,positive,10.0,10.0,0.003237262135371566,-0.14269185066223145,0.00902924221009016,0.17838433384895325,83,9
0.0007071495056152344,positive,10.0,10.0,0.00038342512561939657,-0.33794185519218445,0.012596928514540195,0.4739019572734833,83,10
0.0007603168487548828,positive,10.0,10.0,-0.0063754115253686905,-0.1430000364780426,0.022074967622756958,0.18521583080291748,83,11
0.000812530517578125,positive,10.0,10.0,-0.009235412813723087,-0.3384307622909546,0.02577928453683853,0.4847800135612488,83,12
0.001100301742553711,positive,10.0,10.0,-0.027562199160456657,-0.14589045941829681,0.05290694534778595,0.24925637245178223,83,17
0.0012068748474121094,positive,10.0,10.0,-0.03731453791260719,-0.14746293425559998,0.06905500590801239,0.2842503786087036,83,19
0.0012526512145996094,positive,10.0,10.0,-0.04026379436254501,0.046609651297330856,0.07474001497030258,0.014121354557573795,83,20
0.0013530254364013672,positive,10.0,10.0,-0.03451991081237793,0.4345596134662628,0.06994093209505081,-0.5221838355064392,83,22
0.0013976097106933594,positive,10.0,10.0,-0.02582871913909912,0.6286309957504272,0.05949725583195686,-0.7920333743095398,83,23
0.0014414787292480469,positive,10.0,10.0,-0.01325609814375639,0.8228878378868103,0.04365658760070801,-1.0654211044311523,83,24
0.0015971660614013672,positive,10.0,10.0,0.03218644857406616,0.626806914806366,-0.013737684115767479,-0.7500078678131104,83,27
0.0016415119171142578,positive,10.0,10.0,0.04472258687019348,0.8221156001091003,-0.028737841174006462,-1.0469820499420166,83,28
0.001798868179321289,positive,10.0,10.0,0.09017575532197952,0.6289503574371338,-0.08637358248233795,-0.7997344136238098,83,31
0.0020737648010253906,negative,10.0,-10.0,0.1299470067024231,0.05178048089146614,-0.13765904307365417,-0.10088194161653519,83,36
0.002177000045776367,negative,10.0,-10.0,0.12816005945205688,0.055689506232738495,-0.13676869869232178,-0.18788327276706696,83,38
0.0022208690643310547,negative,10.0,-10.0,0.12927386164665222,-0.13723762333393097,-0.14052636921405792,0.05872026085853577,83,39
0.002319812774658203,negative,10.0,-10.0,0.127720907330513,0.2563968598842621,-0.14484776556491852,-0.6079753041267395,83,41
0.0024230480194091797,negative,10.0,-10.0,0.1341201514005661,-0.12901754677295685,-0.1642911285161972,-0.12484318763017654,83,43
0.002469301223754883,negative,10.0,-10.0,0.13153979182243347,0.06803023815155029,-0.1667879968881607,-0.4645194709300995,83,44
0.00013375282287597656,positive,10.0,10.0,-0.01798057369887829,-0.006052028387784958,0.04488598182797432,-0.012723058462142944,84,0
0.00019669532775878906,positive,10.0,10.0,-0.018101613968610764,-0.2017880082130432,0.04463152214884758,0.2937772274017334,84,1
0.0002460479736328125,positive,10.0,10.0,-0.022137373685836792,-0.007329850923269987,0.0505070686340332,0.015497783198952675,84,2
0.0003619194030761719,positive,10.0,10.0,-0.026346737518906593,-0.008775473572313786,0.05729059875011444,0.04744457080960274,84,4
0.00041103363037109375,positive,10.0,10.0,-0.02652224712073803,-0.20467013120651245,0.058239489793777466,0.3576386868953705,84,5
0.0008242130279541016,positive,10.0,10.0,-0.020463502034544945,-0.01651056669652462,0.06457845866680145,0.21842239797115326,84,12
0.0008687973022460938,positive,10.0,10.0,-0.020793713629245758,-0.21249337494373322,0.06894690543413162,0.5307567119598389,84,13
0.0009682178497314453,positive,10.0,10.0,-0.025411691516637802,0.17549581825733185,0.0847734585404396,-0.005994399543851614,84,15
0.0010685920715332031,positive,10.0,10.0,-0.014515653252601624,0.5631244778633118,0.07923812419176102,-0.5356003642082214,84,17
0.0011777877807617188,positive,10.0,10.0,0.01188779715448618,0.5610566139221191,0.05248009040951729,-0.48887330293655396,84,19
0.0012791156768798828,positive,10.0,10.0,0.030413631349802017,0.16952890157699585,0.03910015895962715,0.1257191151380539,84,21
0.0013251304626464844,positive,10.0,10.0,0.03380420804023743,-0.02613074891269207,0.04161453992128372,0.4304767847061157,84,22
0.0013697147369384766,positive,10.0,10.0,0.0332815945148468,-0.2218165248632431,0.050224076956510544,0.7359824776649475,84,23
0.0014691352844238281,positive,10.0,10.0,0.028296805918216705,0.16672375798225403,0.07413411140441895,0.1879933774471283,84,25
0.0015137195587158203,positive,10.0,10.0,0.03163127973675728,0.36071109771728516,0.07789397984743118,-0.08041293174028397,84,26
0.0015578269958496094,positive,10.0,10.0,0.038845501840114594,0.5546349883079529,0.076285719871521,-0.34753909707069397,84,27
0.0016582012176513672,positive,10.0,10.0,0.06491007655858994,0.9426819086074829,0.05703044682741165,-0.8852893710136414,84,29
0.0017628669738769531,positive,10.0,10.0,0.0987003967165947,0.5511834621429443,0.027819914743304253,-0.2704298496246338,84,31
0.0019223690032958984,positive,10.0,10.0,0.14345596730709076,1.1356632709503174,-0.005467856302857399,-1.1288479566574097,84,34
0.001966714859008789,positive,10.0,10.0,0.16616924107074738,0.940613329410553,-0.028044816106557846,-0.8378850221633911,84,35
0.002009868621826172,positive,10.0,10.0,0.18498149514198303,1.1361068487167358,-0.04480251669883728,-1.139254093170166,84,36
0.002053976058959961,positive,10.0,10.0,0.20770363509655,0.9415984153747559,-0.06758759915828705,-0.8609516620635986,84,37
0.0020971298217773438,positive,10.0,10.0,0.2265356034040451,0.7474587559700012,-0.08480662852525711,-0.5902627110481262,84,38
0.002824068069458008,negative,10.0,-10.0,0.3218918442726135,0.1835179477930069,-0.1405736356973648,-0.18467967212200165,84,51
0.0029261112213134766,negative,10.0,-10.0,0.32537534832954407,-0.20213253796100616,-0.14305594563484192,0.3044779896736145,84,53
0.003033876419067383,negative,10.0,-10.0,0.3212268352508545,-0.19821156561374664,-0.13756000995635986,0.21684503555297852,84,55
0.003453969955444336,positive,10.0,10.0,0.235724538564682,-1.1629685163497925,-0.03639638051390648,1.4407681226730347,84,62
0.0035033226013183594,positive,10.0,10.0,0.21246516704559326,-0.9674177169799805,-0.007581016048789024,1.1369379758834839,84,63
0.0036859512329101562,positive,10.0,10.0,0.14271311461925507,-1.5533393621444702,0.07819472253322601,2.0305700302124023,84,66
0.0038063526153564453,negative,10.0,-10.0,0.0844641849398613,-1.1655123233795166,0.15406766533851624,1.5095794200897217,84,68
0.0038595199584960938,negative,10.0,-10.0,0.06115394085645676,-1.3621289730072021,0.18425926566123962,1.8461281061172485,84,69
0.0001266002655029297,positive,10.0,10.0,0.04633382335305214,0.0034781349822878838,0.032261669635772705,0.004495585337281227,85,0
0.0001857280731201172,positive,10.0,10.0,0.04640338569879532,-0.19209128618240356,0.03235158324241638,0.30718034505844116,85,1
0.00023436546325683594,positive,10.0,10.0,0.04256156086921692,0.0025550969876348972,0.03849519044160843,0.024873262271285057,85,2
0.00028133392333984375,positive,10.0,10.0,0.04261266067624092,-0.19309715926647186,0.03899265453219414,0.32944902777671814,85,3
0.00033593177795410156,positive,10.0,10.0,0.03875071927905083,0.001448642578907311,0.0455816350877285,0.04931306093931198,85,4
0.0004525184631347656,positive,10.0,10.0,0.034893766045570374,0.00013372692046687007,0.05368833243846893,0.07837901264429092,85,6
0.0005023479461669922,positive,10.0,10.0,0.03489644080400467,-0.19571512937545776,0.055255912244319916,0.38750579953193665,85,7
0.0005533695220947266,positive,10.0,10.0,0.030982138589024544,-0.0014192856615409255,0.06300602853298187,0.1127438098192215,85,8
0.0006067752838134766,positive,10.0,10.0,0.030953753739595413,-0.1973848193883896,0.06526090204715729,0.4246203601360321,85,9
0.0006549358367919922,positive,10.0,10.0,0.027006056159734726,-0.39336758852005005,0.07375331223011017,0.7371418476104736,85,10
0.0006978511810302734,positive,10.0,10.0,0.019138704985380173,-0.19933755695819855,0.0884961485862732,0.4685518145561218,85,11
0.0011327266693115234,positive,10.0,10.0,0.0644836351275444,0.9601407051086426,0.06386754661798477,-1.043961763381958,85,19
0.001176595687866211,positive,10.0,10.0,0.0836864486336708,0.7642315626144409,0.042988311499357224,-0.7319328784942627,85,20
0.0012204647064208984,positive,10.0,10.0,0.09897107630968094,0.9587339162826538,0.028349654749035835,-1.010782241821289,85,21
0.0012640953063964844,positive,10.0,10.0,0.11814575642347336,0.7632453441619873,0.008134009316563606,-0.7093335390090942,85,22
0.0013079643249511719,positive,10.0,10.0,0.13341066241264343,0.9582536816596985,-0.006052660755813122,-0.9994450211524963,85,23
0.0015175342559814453,positive,10.0,10.0,0.202296182513237,0.9600257277488708,-0.07499654591083527,-1.040711760520935,85,27
0.0016770362854003906,negative,10.0,-10.0,0.26386311650276184,1.158769130706787,-0.1448245793581009,-1.4233131408691406,85,30
0.0017223358154296875,negative,10.0,-10.0,0.28703850507736206,1.3553543090820312,-0.17329083383083344,-1.7575336694717407,85,31
0.0003933906555175781,positive,10.0,10.0,0.04537554457783699,-0.21304143965244293,0.050374120473861694,0.32773321866989136,86,1
0.0004734992980957031,positive,10.0,10.0,0.04111471772193909,-0.018671492114663124,0.056928787380456924,0.05135185271501541,86,2
0.0005459785461425781,positive,10.0,10.0,0.04074128717184067,-0.2145615667104721,0.057955823838710785,0.3614389896392822,86,3
0.0010387897491455078,positive,10.0,10.0,0.026430252939462662,-0.22013184428215027,0.0897417888045311,0.48553505539894104,86,9
0.0020787715911865234,positive,10.0,10.0,0.0838148295879364,0.7338247299194336,0.09397726505994797,-0.5046060085296631,86,22
0.0023119449615478516,positive,10.0,10.0,0.1394689977169037,0.9254145622253418,0.04793182387948036,-0.7180139422416687,86,25
0.002782106399536133,positive,10.0,10.0,0.2621158957481384,0.9248310923576355,-0.05328177660703659,-0.7048062086105347,86,31
0.002845287322998047,positive,10.0,10.0,0.2806125283241272,1.1206493377685547,-0.06737790256738663,-1.013774037361145,86,32
0.002907991409301758,positive,10.0,10.0,0.3030255138874054,0.9264876246452332,-0.08765338361263275,-0.7429865002632141,86,33
0.003537893295288086,positive,10.0,10.0,0.3429010212421417,-0.6217628121376038,-0.06202918291091919,1.324148178100586,86,41
0.003765583038330078,positive,10.0,10.0,0.3173407316207886,-0.03500658646225929,-0.0011101652635261416,0.4116295576095581,86,44
0.0039904117584228516,positive,10.0,10.0,0.303531676530838,-0.2305005043745041,0.041179243475198746,0.7129288911819458,86,47
0.004611968994140625,positive,10.0,10.0,0.33640196919441223,0.9322199821472168,0.06069052964448929,-0.8690294623374939,86,55
0.004757404327392578,positive,10.0,10.0,0.36977291107177734,0.5406249165534973,0.0321519561111927,-0.2518918812274933,86,57
0.005061626434326172,positive,10.0,10.0,0.4207797944545746,0.5393785834312439,0.0013533106539398432,-0.22424964606761932,86,61
0.00512242317199707,positive,10.0,10.0,0.43156737089157104,0.7344812154769897,-0.003131682286038995,-0.5165053606033325,86,62
0.005183219909667969,positive,10.0,10.0,0.44625699520111084,0.53940349817276,-0.013461790047585964,-0.22481095790863037,86,63
0.005644083023071289,positive,10.0,10.0,0.5306016802787781,0.5425468683242798,-0.07203850895166397,-0.2948378622531891,86,69
0.005784511566162109,positive,10.0,10.0,0.5484230518341064,0.154599130153656,-0.07844959199428558,0.24139516055583954,86,71
0.0061702728271484375,positive,10.0,10.0,0.5640885233879089,0.3544597625732422,-0.0588654950261116,-0.15687671303749084,86,76
0.006325244903564453,positive,10.0,10.0,0.5821851491928101,0.35617926716804504,-0.07135371118783951,-0.195020392537117,86,78
0.0063898563385009766,positive,10.0,10.0,0.5893087387084961,0.5522454977035522,-0.07525411993265152,-0.5093315839767456,86,79
0.006618499755859375,positive,10.0,10.0,0.6108079552650452,-0.02926347777247429,-0.08980083465576172,0.28616973757743835,86,82
0.006680965423583984,positive,10.0,10.0,0.6102226972579956,-0.22299762070178986,-0.08407744020223618,0.5492340326309204,86,83
0.0067408084869384766,positive,10.0,10.0,0.6057627201080322,-0.41684412956237793,-0.0730927586555481,0.8142870664596558,86,84
0.006888389587402344,positive,10.0,10.0,0.585207998752594,-0.4150693714618683,-0.035144757479429245,0.7731590867042542,86,86
0.006949663162231445,positive,10.0,10.0,0.5769066214561462,-0.6096906065940857,-0.019681578502058983,1.0545802116394043,86,87
0.0070078372955322266,positive,10.0,10.0,0.5647128224372864,-0.41431334614753723,0.0014100269181653857,0.7557851076126099,86,88
0.007069110870361328,positive,10.0,10.0,0.5564265251159668,-0.6094546914100647,0.01652572862803936,1.048911452293396,86,89
0.007533073425292969,negative,10.0,-10.0,0.4636242985725403,-1.394301176071167,0.17556054890155792,2.343187093734741,86,95
0.0002875328063964844,positive,10.0,10.0,-0.030849236994981766,0.015678372234106064,0.02415837161242962,0.021841183304786682,87,0
0.0005953311920166016,positive,10.0,10.0,-0.03383166715502739,-0.1805712729692459,0.03178056702017784,0.3395324945449829,87,3
0.0006623268127441406,positive,10.0,10.0,-0.037443093955516815,0.014084399677813053,0.03857121616601944,0.0570383295416832,87,4
0.0008146762847900391,positive,10.0,10.0,-0.04079278185963631,0.012966890819370747,0.046944718807935715,0.0817357525229454,87,6
0.0008795261383056641,positive,10.0,10.0,-0.04053344205021858,-0.1827954798936844,0.04857943579554558,0.38885247707366943,87,7
0.000942230224609375,positive,10.0,10.0,-0.04418935254216194,0.011604489758610725,0.056356485933065414,0.11187327653169632,87,8
0.0010051727294921875,positive,10.0,10.0,-0.043957263231277466,-0.18427781760692596,0.05859395116567612,0.42179030179977417,87,9
0.001153707504272461,positive,10.0,10.0,-0.04744347557425499,-0.18604744970798492,0.0699925497174263,0.4611932635307312,87,11
0.0013713836669921875,positive,10.0,10.0,-0.046965572983026505,0.39576295018196106,0.08153751492500305,-0.34068238735198975,87,14
0.0014371871948242188,positive,10.0,10.0,-0.03905031085014343,0.19958126544952393,0.07472386956214905,-0.023442035540938377,87,15
0.001497030258178711,positive,10.0,10.0,-0.03505868837237358,0.39355647563934326,0.07425502687692642,-0.29164454340934753,87,16
0.0015583038330078125,positive,10.0,10.0,-0.027187557891011238,0.1974586397409439,0.06842213869094849,0.023502567782998085,87,17
0.0017118453979492188,positive,10.0,10.0,-0.02320987358689308,0.19550296664237976,0.07563147693872452,0.06677732616662979,87,19
0.0019347667694091797,positive,10.0,10.0,0.00015756567881908268,0.7774250507354736,0.06357342004776001,-0.7373917102813721,87,22
0.0020799636840820312,positive,10.0,10.0,0.03513834625482559,0.7758756279945374,0.02863740734755993,-0.7018020749092102,87,24
0.002225160598754883,positive,10.0,10.0,0.0700676441192627,0.7752746939659119,-0.0051053231582045555,-0.6881012916564941,87,26
0.0023698806762695312,positive,10.0,10.0,0.10498248040676117,0.7756030559539795,-0.03851509094238281,-0.6956896185874939,87,28
0.0029273033142089844,positive,10.0,10.0,0.17883694171905518,-0.19176560640335083,-0.09188655018806458,0.5891972780227661,87,35
0.0031599998474121094,positive,10.0,10.0,0.1713043600320816,0.006710588466376066,-0.0640132799744606,0.22016379237174988,87,38
0.0032248497009277344,positive,10.0,10.0,0.1714385747909546,0.2026863694190979,-0.05961000546813011,-0.09200485795736313,87,39
0.003287792205810547,positive,10.0,10.0,0.1754923015832901,0.008467238396406174,-0.06145010143518448,0.18129143118858337,87,40
0.003437519073486328,positive,10.0,10.0,0.1719471663236618,-0.37998268008232117,-0.0487448014318943,0.7278836965560913,87,42
0.0035865306854248047,positive,10.0,10.0,0.16066308319568634,0.011367288418114185,-0.02578180655837059,0.11700458079576492,87,44
0.0038127899169921875,positive,10.0,10.0,0.15746431052684784,-0.1828271895647049,-0.013383589684963226,0.38924360275268555,87,47
0.003874063491821289,positive,10.0,10.0,0.15380777418613434,0.012482142075896263,-0.0055987173691391945,0.09237118810415268,87,48
0.004427671432495117,positive,10.0,10.0,0.15165649354457855,-0.1828763484954834,0.013106022961437702,0.3902862071990967,87,55
0.004492282867431641,positive,10.0,10.0,0.14799897372722626,0.012057166546583176,0.020911747589707375,0.10176412016153336,87,56
0.004638671875,positive,10.0,10.0,0.14457294344902039,0.01143092941492796,0.030966442078351974,0.11560975760221481,87,58
0.0048673152923583984,positive,10.0,10.0,0.14132943749427795,-0.18517860770225525,0.04435443505644798,0.44141310453414917,87,61
0.004930973052978516,positive,10.0,10.0,0.13762587308883667,0.009288518689572811,0.0531826987862587,0.16303522884845734,87,62
0.004995822906494141,positive,10.0,10.0,0.13781163096427917,-0.18655283749103546,0.05644340068101883,0.4720102548599243,87,63
0.005059003829956055,positive,10.0,10.0,0.13408057391643524,0.0077283671125769615,0.06588360667228699,0.19763809442520142,87,64
0.005357980728149414,positive,10.0,10.0,0.1345796287059784,0.0034640557132661343,0.08433432877063751,0.29227396845817566,87,68
0.005503654479980469,positive,10.0,10.0,0.13859468698501587,0.3910093903541565,0.09072651714086533,-0.23558811843395233,87,70
0.005887508392333984,positive,10.0,10.0,0.2086639255285263,0.9712009429931641,0.02579522877931595,-0.9991679191589355,87,75
0.0059545040130615234,positive,10.0,10.0,0.22808794677257538,0.775743842124939,0.005811871495097876,-0.6984968185424805,87,76
0.006018638610839844,positive,10.0,10.0,0.24360282719135284,0.5805417895317078,-0.008158065378665924,-0.4039900302886963,87,77
0.006159782409667969,positive,10.0,10.0,0.2707292437553406,0.9711217880249023,-0.030222540721297264,-0.9969837665557861,87,79
0.006302356719970703,positive,10.0,10.0,0.3056800067424774,0.9721958637237549,-0.06444109231233597,-1.0219844579696655,87,81
0.007161855697631836,negative,10.0,-10.0,0.4080141484737396,0.4047301411628723,-0.1554100215435028,-0.5433516502380371,87,92
0.0073816776275634766,negative,10.0,-10.0,0.4285335838794708,0.6061990857124329,-0.1852158010005951,-0.9851681590080261,87,95
0.007444143295288086,negative,10.0,-10.0,0.4406575560569763,0.41397571563720703,-0.20491917431354523,-0.7559072375297546,87,96
0.00027179718017578125,positive,10.0,10.0,-0.021731626242399216,0.023826420307159424,0.0007256919634528458,0.03184054419398308,88,0
0.0003712177276611328,positive,10.0,10.0,-0.021255098283290863,-0.17130592465400696,0.0013625029241666198,0.3247523605823517,88,1
0.0004451274871826172,positive,10.0,10.0,-0.02468121610581875,0.02379659377038479,0.0078575499355793,0.03249940648674965,88,2
0.0005266666412353516,positive,10.0,10.0,-0.02420528419315815,-0.17143714427947998,0.00850753765553236,0.32765108346939087,88,3
0.0008592605590820312,positive,10.0,10.0,-0.030135788023471832,-0.1723160743713379,0.023463115096092224,0.34710583090782166,88,7
0.001085519790649414,positive,10.0,10.0,-0.03659442067146301,0.021578291431069374,0.03892412781715393,0.08149221539497375,88,10
0.0011477470397949219,positive,10.0,10.0,-0.0361628532409668,-0.17407938838005066,0.040553972125053406,0.3861972391605377,88,11
0.0012993812561035156,positive,10.0,10.0,-0.03923556208610535,0.21484215557575226,0.05040934681892395,-0.17049762606620789,88,13
0.001363992691040039,positive,10.0,10.0,-0.03493871912360191,0.01903628744184971,0.04699939489364624,0.13765215873718262,88,14
0.001428842544555664,positive,10.0,10.0,-0.03455799072980881,-0.17672622203826904,0.04975244030356407,0.44478440284729004,88,15
0.0014925003051757812,positive,10.0,10.0,-0.038092516362667084,0.017657799646258354,0.05864812806248665,0.1681903451681137,88,16
0.0017254352569580078,positive,10.0,10.0,-0.04098557308316231,0.2099708467721939,0.07571303099393845,-0.06299784034490585,88,19
0.0017957687377929688,positive,10.0,10.0,-0.03678615763783455,0.4039301872253418,0.07445307075977325,-0.3308649957180023,88,20
0.0018663406372070312,positive,10.0,10.0,-0.028707554563879967,0.2078317552804947,0.06783577054738998,-0.015663249418139458,88,21
0.0019338130950927734,positive,10.0,10.0,-0.024550918489694595,0.011805837973952293,0.06752250343561172,0.2976277768611908,88,22
0.002002716064453125,positive,10.0,10.0,-0.024314802139997482,0.2059035301208496,0.07347506284713745,0.026981215924024582,88,23
0.0024712085723876953,positive,10.0,10.0,0.019569052383303642,0.979561984539032,0.054798416793346405,-0.9953266978263855,88,29
0.0026192665100097656,positive,10.0,10.0,0.05483532324433327,0.9783722758293152,0.02117289789021015,-0.967446506023407,88,31
0.0027649402618408203,positive,10.0,10.0,0.090062215924263,0.978069007396698,-0.011539795435965061,-0.9602962732315063,88,33
0.0028276443481445312,positive,10.0,10.0,0.10962359607219696,0.7831040620803833,-0.030745720490813255,-0.6712608933448792,88,34
0.0041120052337646484,positive,10.0,10.0,0.21496449410915375,0.025088947266340256,-0.09007545560598373,0.004071386996656656,88,50
0.0041768550872802734,positive,10.0,10.0,0.21546627581119537,-0.16863347589969635,-0.08999402821063995,0.26703059673309326,88,51
0.004243135452270508,positive,10.0,10.0,0.21209360659122467,-0.3623634874820709,-0.08465341478586197,0.5300270915031433,88,52
0.00430607795715332,positive,10.0,10.0,0.2048463374376297,-0.16615907847881317,-0.07405287772417068,0.2119160145521164,88,53
0.004371166229248047,positive,10.0,10.0,0.20152315497398376,-0.36014842987060547,-0.06981455534696579,0.48035088181495667,88,54
0.004692554473876953,positive,10.0,10.0,0.18062248826026917,-0.35684719681739807,-0.045494336634874344,0.4066818952560425,88,58
0.005170583724975586,positive,10.0,10.0,0.14966660737991333,-0.3541456162929535,-0.017788128927350044,0.3466600477695465,88,64
0.0054819583892822266,positive,10.0,10.0,0.12916383147239685,-0.35355550050735474,-0.002295790472999215,0.33356839418411255,88,68
0.005545139312744141,positive,10.0,10.0,0.12209271639585495,-0.15840093791484833,0.004375577438622713,0.04016236588358879,88,69
0.005608558654785156,positive,10.0,10.0,0.11892469972372055,-0.3535853624343872,0.005178824532777071,0.33422261476516724,88,70
0.005671024322509766,positive,10.0,10.0,0.1118529886007309,-0.15853750705718994,0.011863276362419128,0.04317731037735939,88,71
0.005735635757446289,positive,10.0,10.0,0.10868223756551743,-0.3538275361061096,0.01272682286798954,0.3395794928073883,88,72
0.0058019161224365234,positive,10.0,10.0,0.10160569101572037,-0.15888896584510803,0.0195184126496315,0.05093688517808914,88,73
0.006116628646850586,positive,10.0,10.0,0.08105363696813583,-0.1602659523487091,0.036099303513765335,0.0813538208603859,88,77
0.0061798095703125,positive,10.0,10.0,0.07784831523895264,0.0343204140663147,0.03772637993097305,-0.19972467422485352,88,78
0.0062427520751953125,positive,10.0,10.0,0.07853472977876663,-0.16132023930549622,0.03373188525438309,0.10461641848087311,88,79
0.006302595138549805,positive,10.0,10.0,0.07530832290649414,-0.3569089472293854,0.03582421690225601,0.40774789452552795,88,80
0.006364345550537109,positive,10.0,10.0,0.06817014515399933,-0.16231279075145721,0.04397917166352272,0.12657098472118378,88,81
0.006427288055419922,positive,10.0,10.0,0.06492388993501663,-0.3580362796783447,0.046510592103004456,0.4327980577945709,88,82
0.0065746307373046875,positive,10.0,10.0,0.054491110146045685,-0.35946929454803467,0.0582691989839077,0.4646959602832794,88,84
0.0067212581634521484,positive,10.0,10.0,0.0439973808825016,-0.3612372577190399,0.07138179242610931,0.5041414499282837,88,86
0.006785392761230469,positive,10.0,10.0,0.03677263483405113,-0.1671900898218155,0.08146461844444275,0.23478038609027863,88,87
0.006849527359008789,positive,10.0,10.0,0.03342883288860321,0.0266791470348835,0.08616022765636444,-0.031134922057390213,88,88
0.0070018768310546875,positive,10.0,10.0,0.038371749222278595,0.41427159309387207,0.07962876558303833,-0.5599653124809265,88,90
0.00706791877746582,positive,10.0,10.0,0.04665718227624893,0.21812760829925537,0.06842946261167526,-0.24329547584056854,88,91
0.007374286651611328,positive,10.0,10.0,0.04838956147432327,0.21427805721759796,0.07482471317052841,-0.15822848677635193,88,95
0.007676362991333008,positive,10.0,10.0,0.06540858745574951,-0.17971119284629822,0.06488984823226929,0.5111520886421204,88,99
0.00773930549621582,positive,10.0,10.0,0.06181436777114868,0.014439547434449196,0.07511289417743683,0.23960314691066742,88,100
0.007805585861206055,positive,10.0,10.0,0.06210315600037575,-0.18167057633399963,0.0799049511551857,0.5550013184547424,88,101
0.008592605590820312,positive,10.0,10.0,0.1296776384115219,1.362585425376892,0.06446534395217896,-1.423877477645874,88,111
0.00881338119506836,positive,10.0,10.0,0.19968697428703308,1.1660834550857544,-0.002407668624073267,-1.0963362455368042,88,114
0.008878707885742188,positive,10.0,10.0,0.2230086326599121,0.9709932804107666,-0.024334393441677094,-0.8044096827507019,88,115
0.009494304656982422,negative,10.0,-10.0,0.3632458448410034,0.5906853675842285,-0.14069128036499023,-0.4421689510345459,88,123
0.009561538696289062,negative,10.0,-10.0,0.3750595450401306,0.7874886393547058,-0.149534672498703,-0.7756838798522949,88,124
0.0005114078521728516,positive,10.0,10.0,-0.050707656890153885,-0.046866267919540405,0.04256397485733032,0.03551890328526497,89,2
0.0007352828979492188,positive,10.0,10.0,-0.05745825171470642,-0.24389468133449554,0.05135263875126839,0.3706524074077606,89,5
0.0008108615875244141,positive,10.0,10.0,-0.06233614310622215,-0.0495385006070137,0.05876568704843521,0.09459348767995834,89,6
0.0010433197021484375,positive,10.0,10.0,-0.053655073046684265,0.14301718771457672,0.04803919047117233,-0.14181852340698242,89,9
0.0015132427215576172,positive,10.0,10.0,-0.056204285472631454,-0.25139471888542175,0.06472072005271912,0.5366256833076477,89,15
0.0018990039825439453,positive,10.0,10.0,-0.04254051297903061,0.7184752225875854,0.06460721790790558,-0.8033106327056885,89,20
0.0019636154174804688,positive,10.0,10.0,-0.028171010315418243,0.9126545786857605,0.048541001975536346,-1.0749907493591309,89,21
0.002273082733154297,positive,10.0,10.0,0.036981720477342606,0.5213984251022339,-0.024443039670586586,-0.4654720723628998,89,25
0.002335071563720703,positive,10.0,10.0,0.04740968719124794,0.7168570756912231,-0.03375248238444328,-0.7657580375671387,89,26
0.0023992061614990234,positive,10.0,10.0,0.061746831983327866,0.9124271273612976,-0.04906764253973961,-1.0688673257827759,89,27
0.002461671829223633,positive,10.0,10.0,0.07999537140130997,0.7179872989654541,-0.0704449862241745,-0.7919787168502808,89,28
0.0030832290649414062,negative,10.0,-10.0,0.1488959938287735,-0.04823605716228485,-0.14579340815544128,0.06650640070438385,89,36
0.0033080577850341797,negative,10.0,-10.0,0.14222835004329681,-0.23704266548156738,-0.13875895738601685,0.2214062660932541,89,39
0.003787994384765625,positive,10.0,10.0,0.05584721267223358,-1.3976746797561646,-0.03725482150912285,1.755405306816101,89,45
0.0040187835693359375,positive,10.0,10.0,-0.03970247879624367,-1.982904314994812,0.08514455705881119,2.6325860023498535,89,48
0.0040836334228515625,negative,10.0,-10.0,-0.07936056703329086,-1.7885254621505737,0.1377962827682495,2.3670761585235596,89,49
0.00051116943359375,positive,10.0,10.0,-0.040419481694698334,-0.029173608869314194,0.056053925305604935,0.04369925707578659,90,2
0.0005815029144287109,positive,10.0,10.0,-0.04100295528769493,-0.22505268454551697,0.056927911937236786,0.35352760553359985,90,3
0.0007321834564208984,positive,10.0,10.0,-0.04611969739198685,-0.22676271200180054,0.06558496505022049,0.39149338006973267,90,5
0.0009810924530029297,positive,10.0,10.0,-0.0480801947414875,-0.03475351631641388,0.07284940779209137,0.16714641451835632,90,8
0.0010461807250976562,positive,10.0,10.0,-0.048775266855955124,0.15925413370132446,0.07619233429431915,-0.10169442743062973,90,9
0.0011119842529296875,positive,10.0,10.0,-0.04559018462896347,0.35320615768432617,0.0741584524512291,-0.3693995177745819,90,10
0.0011780261993408203,positive,10.0,10.0,-0.03852606192231178,0.157113179564476,0.06677045673131943,-0.05428588017821312,90,11
0.0012423992156982422,positive,10.0,10.0,-0.03538379818201065,-0.03889947757124901,0.0656847432255745,0.2586938738822937,90,12
0.0013079643249511719,positive,10.0,10.0,-0.03616178780794144,-0.23489466309547424,0.07085862010717392,0.57135009765625,90,13
0.0013735294342041016,positive,10.0,10.0,-0.040859680622816086,-0.04083416238427162,0.08228562027215958,0.3018048107624054,90,14
0.0014424324035644531,positive,10.0,10.0,-0.041676364839076996,0.15302449464797974,0.08832171559333801,0.03616540879011154,90,15
0.0015926361083984375,positive,10.0,10.0,-0.03168034926056862,0.540520191192627,0.08449709415435791,-0.49071645736694336,90,17
0.0016574859619140625,positive,10.0,10.0,-0.020869946107268333,0.7343549132347107,0.07468276470899582,-0.7556185722351074,90,18
0.0018105506896972656,positive,10.0,10.0,0.012384597212076187,0.7325097322463989,0.039092451333999634,-0.7131210565567017,90,20
0.002131938934326172,positive,10.0,10.0,0.07874219119548798,0.7316750884056091,-0.028572043403983116,-0.6941094994544983,90,24
0.003462553024291992,positive,10.0,10.0,0.15646231174468994,-0.22301870584487915,-0.07759778201580048,0.30923402309417725,90,39
0.003540515899658203,positive,10.0,10.0,0.15200193226337433,-0.02688181772828102,-0.07141309976577759,-0.006876841653138399,90,40
0.004056692123413086,positive,10.0,10.0,0.12175479531288147,-0.4119366407394409,-0.037715330719947815,0.4644720256328583,90,46
0.004298686981201172,positive,10.0,10.0,0.10096988081932068,-0.2155366986989975,-0.016348499804735184,0.14319956302642822,90,49
0.004797935485839844,positive,10.0,10.0,0.055626071989536285,-0.21572676301002502,0.029382342472672462,0.14742740988731384,90,55
0.004863739013671875,positive,10.0,10.0,0.05131153762340546,-0.4112568795681,0.032330889254808426,0.44923314452171326,90,56
0.004930734634399414,positive,10.0,10.0,0.043086398392915726,-0.6068208813667297,0.041315555572509766,0.7519294619560242,90,57
0.005257368087768555,positive,10.0,10.0,0.010063783265650272,-0.21993470191955566,0.0799836739897728,0.24091395735740662,90,61
0.0054132938385009766,positive,10.0,10.0,0.005144269205629826,-0.22227023541927338,0.08429182320833206,0.29268139600753784,90,63
0.005735635757446289,positive,10.0,10.0,0.01061535906046629,0.552804172039032,0.07603669911623001,-0.7623491883277893,90,67
0.00597071647644043,positive,10.0,10.0,0.04762596637010574,0.3552708923816681,0.02580554224550724,-0.413982093334198,90,70
0.006119489669799805,positive,10.0,10.0,0.05792723968625069,0.3546593487262726,0.015260365791618824,-0.4003791809082031,90,72
0.006269216537475586,positive,10.0,10.0,0.06820691376924515,-0.035900846123695374,0.005194295663386583,0.19203796982765198,90,74
0.0063343048095703125,positive,10.0,10.0,0.067488893866539,-0.23109671473503113,0.009035054594278336,0.4863549470901489,90,75
0.006402492523193359,positive,10.0,10.0,0.06286696344614029,-0.03610341250896454,0.01876215450465679,0.1965331882238388,90,76
0.006470203399658203,positive,10.0,10.0,0.062144894152879715,-0.2314886450767517,0.022692818194627762,0.49507519602775574,90,77
0.006548404693603516,positive,10.0,10.0,0.05751512199640274,-0.42692312598228455,0.03259432315826416,0.7948225736618042,90,78
0.006616115570068359,positive,10.0,10.0,0.04897665977478027,-0.23226334154605865,0.048490773886442184,0.512569010257721,90,79
0.006932735443115234,positive,10.0,10.0,0.03810710832476616,-0.2356909215450287,0.07985934615135193,0.5893194675445557,90,83
0.007418632507324219,positive,10.0,10.0,0.06794373691082001,0.9265791773796082,0.07170716673135757,-0.9851429462432861,90,89
0.007898569107055664,positive,10.0,10.0,0.1750534474849701,0.924846351146698,-0.03648441284894943,-0.9439830780029297,90,95
0.008130550384521484,positive,10.0,10.0,0.22667668759822845,0.7319437861442566,-0.0880751833319664,-0.7022110819816589,90,98
0.008785009384155273,positive,10.0,10.0,0.2588138282299042,-0.03606327250599861,-0.090640589594841,0.1964537501335144,90,106
0.009192228317260742,positive,10.0,10.0,0.2476489245891571,-0.22548727691173553,-0.0647113174200058,0.363460898399353,90,111
0.009432315826416016,positive,10.0,10.0,0.23807379603385925,-0.027883419767022133,-0.049917858093976974,0.015188073739409447,90,114
0.009502887725830078,positive,10.0,10.0,0.2375161200761795,-0.22225525975227356,-0.04961409792304039,0.2917129099369049,90,115
0.009736299514770508,positive,10.0,10.0,0.23592695593833923,-0.025207793340086937,-0.05055103078484535,-0.04390927776694298,90,118
0.010058879852294922,positive,10.0,10.0,0.21838955581188202,-0.41275155544281006,-0.03258480131626129,0.48229461908340454,90,122
0.010208606719970703,positive,10.0,10.0,0.20579081773757935,-0.4119715094566345,-0.01934845745563507,0.4648817181587219,90,124
0.010274648666381836,positive,10.0,10.0,0.19755138456821442,-0.2165815681219101,-0.010050823912024498,0.1661635935306549,90,125
0.010339736938476562,positive,10.0,10.0,0.19321976602077484,-0.41155821084976196,-0.0067275515757501125,0.4556589126586914,90,126
0.010503292083740234,positive,10.0,10.0,0.18066175282001495,-0.4114978313446045,0.005602886434644461,0.45429757237434387,90,128
0.010747909545898438,positive,10.0,10.0,0.15986700356006622,-0.21692104637622833,0.027169886976480484,0.1736970841884613,90,131
0.010814428329467773,positive,10.0,10.0,0.15552857518196106,-0.4124211072921753,0.030643828213214874,0.4748258888721466,90,132
0.01105642318725586,positive,10.0,10.0,0.1346569061279297,-0.21894237399101257,0.05392002314329147,0.218522310256958,90,135
0.011284589767456055,positive,10.0,10.0,0.11757148802280426,-0.4165704846382141,0.07392384111881256,0.5675327181816101,90,138
0.011348724365234375,positive,10.0,10.0,0.1092400774359703,-0.22255907952785492,0.08527449518442154,0.29902422428131104,90,139
0.011412858963012695,positive,10.0,10.0,0.1047888994216919,-0.028749611228704453,0.09125497937202454,0.034406717866659164,90,140
0.011475801467895508,positive,10.0,10.0,0.1042139083147049,0.16495326161384583,0.09194311499595642,-0.22814691066741943,90,141
0.011538267135620117,positive,10.0,10.0,0.10751297324895859,0.35864922404289246,0.08738017827272415,-0.49047043919563293,90,142
0.011600494384765625,positive,10.0,10.0,0.11468595266342163,0.16241031885147095,0.07757076621055603,-0.1715780347585678,90,143
0.011755228042602539,positive,10.0,10.0,0.12506099045276642,0.5503398776054382,0.06536287069320679,-0.7072383165359497,90,145
0.011902809143066406,positive,10.0,10.0,0.15095774829387665,0.5487285256385803,0.03164508193731308,-0.6703299283981323,90,147
0.011965036392211914,positive,10.0,10.0,0.1619323194026947,0.7433965802192688,0.018238482996821404,-0.9528836607933044,90,148
0.012027502059936523,positive,10.0,10.0,0.17680025100708008,0.5480340123176575,-0.0008191913366317749,-0.6545267701148987,90,149
0.012172937393188477,positive,10.0,10.0,0.20262427628040314,0.5482354760169983,-0.03285907953977585,-0.6591873168945312,90,151
0.012237787246704102,positive,10.0,10.0,0.21358899772167206,0.7437989115715027,-0.04604282230138779,-0.9620329737663269,90,152
0.013924121856689453,positive,10.0,10.0,0.20434516668319702,-0.9794267416000366,-0.0940336287021637,0.9530103802680969,90,173
0.014069795608520508,positive,10.0,10.0,0.16129329800605774,-1.3672451972961426,-0.050678811967372894,1.4830095767974854,90,175
0.014134645462036133,positive,10.0,10.0,0.1339484006166458,-1.561713695526123,-0.0210186205804348,1.7594447135925293,90,176
0.01420283317565918,positive,10.0,10.0,0.10271412134170532,-1.756591558456421,0.014170274138450623,2.045517921447754,90,177
0.014430522918701172,negative,10.0,-10.0,-0.01440338883548975,-1.953207015991211,0.1549646407365799,2.3917465209960938,90,180
0.014504671096801758,negative,10.0,-10.0,-0.0534675307571888,-2.149312734603882,0.20279957354068756,2.727757692337036,90,181
0.0006153583526611328,positive,10.0,10.0,0.034960683435201645,0.16211281716823578,-0.014962419867515564,-0.29372140765190125,91,3
0.0006892681121826172,positive,10.0,10.0,0.03820294141769409,-0.03279264643788338,-0.02083684876561165,-0.0057947151362895966,91,4
0.0009262561798095703,positive,10.0,10.0,0.024546364322304726,-0.2270926982164383,-0.0040230401791632175,0.2687649428844452,91,7
0.0011627674102783203,positive,10.0,10.0,-0.0007845882209949195,-0.8125887513160706,0.029621481895446777,1.149889349937439,91,10
0.0012280941009521484,positive,10.0,10.0,-0.01703636348247528,-1.0080845355987549,0.052619270980358124,1.4517117738723755,91,11
0.0016014575958251953,negative,10.0,-10.0,-0.07904522120952606,-0.039964329451322556,0.14442366361618042,0.1538657248020172,91,16
0.0016677379608154297,negative,10.0,-10.0,-0.07984451204538345,0.15282617509365082,0.14750097692012787,-0.08999624103307724,91,17
0.0017311573028564453,negative,10.0,-10.0,-0.07678798586130142,0.34555986523628235,0.145701065659523,-0.3327493369579315,91,18
0.0018796920776367188,negative,10.0,-10.0,-0.06690284609794617,-0.04811672493815422,0.13908807933330536,0.3352200984954834,91,20
0.001947641372680664,negative,10.0,-10.0,-0.06786517798900604,0.1447800248861313,0.14579248428344727,0.08942940831184387,91,21
0.002097606658935547,negative,10.0,-10.0,-0.05821869894862175,0.5302785634994507,0.14450232684612274,-0.39666539430618286,91,23
0.002161741256713867,negative,10.0,-10.0,-0.047613129019737244,0.723086416721344,0.13656900823116302,-0.6405269503593445,91,24
0.002559661865234375,positive,10.0,10.0,0.06335201114416122,1.3011722564697266,0.022078493610024452,-1.3524278402328491,91,29
0.002704143524169922,positive,10.0,10.0,0.11149106174707413,0.910724401473999,-0.026028472930192947,-0.7618017196655273,91,31
0.0027687549591064453,positive,10.0,10.0,0.129705548286438,1.106195092201233,-0.04126450791954994,-1.062559962272644,91,32
0.003238201141357422,negative,10.0,-10.0,0.2744496762752533,1.1144602298736572,-0.19352999329566956,-1.2650768756866455,91,38
0.0007369518280029297,positive,10.0,10.0,-0.04373956471681595,-0.04807843640446663,0.07007723301649094,0.03101942501962185,92,4
0.000965118408203125,positive,10.0,10.0,-0.042783383280038834,-0.24608676135540009,0.06742973625659943,0.3880939185619354,92,7
0.0010302066802978516,positive,10.0,10.0,-0.047705117613077164,-0.05198350548744202,0.07519161701202393,0.11741000413894653,92,8
0.0010995864868164062,positive,10.0,10.0,-0.04874479025602341,0.14198505878448486,0.07753981649875641,-0.1506352424621582,92,9
0.0011622905731201172,positive,10.0,10.0,-0.045905087143182755,-0.05415663495659828,0.07452711462974548,0.16546715795993805,92,10
0.0017056465148925781,positive,10.0,10.0,-0.04222767800092697,0.13345617055892944,0.08998387306928635,0.038126856088638306,92,17
0.001928091049194336,positive,10.0,10.0,-0.02259702980518341,0.7147018313407898,0.0764971449971199,-0.7519015669822693,92,20
0.001995563507080078,positive,10.0,10.0,-0.008302992209792137,0.9086902141571045,0.06145911663770676,-1.0195649862289429,92,21
0.0022306442260742188,positive,10.0,10.0,0.0422736257314682,0.7118635773658752,0.007148859091103077,-0.6867030262947083,92,24
0.002373933792114258,positive,10.0,10.0,0.07464860379695892,0.711852490901947,-0.026127737015485764,-0.6865196228027344,92,26
0.002603292465209961,positive,10.0,10.0,0.12909139692783356,1.2987864017486572,-0.0854492336511612,-1.6029748916625977,92,29
0.0028264522552490234,negative,10.0,-10.0,0.1953888088464737,0.7183564305305481,-0.16595859825611115,-0.8402281403541565,92,32
0.002971649169921875,negative,10.0,-10.0,0.22027277946472168,0.7229856252670288,-0.19484299421310425,-0.9482163786888123,92,34
0.0006339550018310547,positive,10.0,10.0,-0.019331149756908417,-0.1758899837732315,-0.0010157322976738214,0.32612282037734985,93,1
0.0007197856903076172,positive,10.0,10.0,-0.0228489488363266,0.019246414303779602,0.005506724119186401,0.033119749277830124,93,2
0.0013828277587890625,positive,10.0,10.0,-0.03545152023434639,0.017803682014346123,0.03581646829843521,0.06498347967863083,93,10
0.0016891956329345703,positive,10.0,10.0,-0.04189581423997879,0.015468152239918709,0.05413854867219925,0.11662741005420685,93,14
0.0018374919891357422,positive,10.0,10.0,-0.045194175094366074,0.013892468065023422,0.06498884409666061,0.15152768790721893,93,16
0.0019931793212890625,positive,10.0,10.0,-0.04855826497077942,-0.3781108558177948,0.0772990882396698,0.7773077487945557,93,18
0.002557992935180664,positive,10.0,10.0,-0.0201521385461092,0.9772192239761353,0.0762987956404686,-1.04531991481781,93,25
0.002627134323120117,positive,10.0,10.0,-0.0006077552679926157,1.1712498664855957,0.05539239943027496,-1.3131091594696045,93,26
0.0026903152465820312,positive,10.0,10.0,0.02281724289059639,0.9754722118377686,0.02913021482527256,-1.0036159753799438,93,27
0.0027539730072021484,positive,10.0,10.0,0.04232668876647949,0.7799735069274902,0.009057896211743355,-0.7019292116165161,93,28
0.0028955936431884766,positive,10.0,10.0,0.0774255320429802,0.7799137830734253,-0.024815630167722702,-0.700632631778717,93,30
0.003050088882446289,positive,10.0,10.0,0.10472669452428818,0.780794620513916,-0.04714555665850639,-0.7205302715301514,93,32
0.003279447555541992,positive,10.0,10.0,0.14771553874015808,0.5882078409194946,-0.08550690114498138,-0.4847663342952728,93,35
0.003770112991333008,positive,10.0,10.0,0.175795316696167,-0.18378621339797974,-0.08839177340269089,0.5024482011795044,93,41
0.003834247589111328,positive,10.0,10.0,0.17211958765983582,0.012463170103728771,-0.07834281027317047,0.18327003717422485,93,42
0.003896474838256836,positive,10.0,10.0,0.1723688542842865,-0.18145547807216644,-0.07467740774154663,0.45024657249450684,93,43
0.003965616226196289,positive,10.0,10.0,0.16873973608016968,0.014638856053352356,-0.06567247956991196,0.13499011099338531,93,44
0.004275798797607422,positive,10.0,10.0,0.16221581399440765,0.018009984865784645,-0.0455738827586174,0.060386400669813156,93,48
0.004340648651123047,positive,10.0,10.0,0.16257601976394653,-0.17642991244792938,-0.044366154819726944,0.338349312543869,93,49
0.0044057369232177734,positive,10.0,10.0,0.1590474247932434,0.019294358789920807,-0.037599168717861176,0.032012443989515305,93,50
0.004640102386474609,positive,10.0,10.0,0.15633511543273926,-0.17430876195430756,-0.030537059530615807,0.2913321852684021,93,53
0.004705190658569336,positive,10.0,10.0,0.15284894406795502,0.021234991028904915,-0.024710416793823242,-0.010823204182088375,93,54
0.004769325256347656,positive,10.0,10.0,0.15327364206314087,-0.17352402210235596,-0.02492688037455082,0.27396202087402344,93,55
0.005005598068237305,positive,10.0,10.0,0.1389796882867813,-0.3678950071334839,-0.003075365209951997,0.5499956011772156,93,58
0.005070686340332031,positive,10.0,10.0,0.13162179291248322,-0.1727299988269806,0.007924547418951988,0.25634533166885376,93,59
0.00530242919921875,positive,10.0,10.0,0.117347352206707,-0.3684852123260498,0.02934129349887371,0.5631550550460815,93,62
0.005526304244995117,positive,10.0,10.0,0.0991126224398613,-0.1750185787677765,0.05790289118885994,0.3072880208492279,93,65
0.005590677261352539,positive,10.0,10.0,0.09561225026845932,0.01923254504799843,0.0640486553311348,0.0334135964512825,93,66
0.005653858184814453,positive,10.0,10.0,0.0959969013929367,-0.17674663662910461,0.06471692770719528,0.3455970287322998,93,67
0.005796909332275391,positive,10.0,10.0,0.09280993044376373,0.21142375469207764,0.07310893386602402,-0.19524823129177094,93,69
0.005942583084106445,positive,10.0,10.0,0.09734512865543365,0.20940200984477997,0.07159540802240372,-0.15049992501735687,93,71
0.006009101867675781,positive,10.0,10.0,0.10153317451477051,0.40342962741851807,0.06858541071414948,-0.4197646677494049,93,72
0.0061626434326171875,positive,10.0,10.0,0.11374989151954651,0.40161633491516113,0.05806466564536095,-0.37937498092651367,93,74
0.00622868537902832,positive,10.0,10.0,0.12178221344947815,0.2057199478149414,0.05047716572880745,-0.06896418333053589,93,75
0.0062923431396484375,positive,10.0,10.0,0.125896617770195,0.009912023320794106,0.04909788444638252,0.23920759558677673,93,76
0.006445884704589844,positive,10.0,10.0,0.12237734347581863,0.008449490182101727,0.06482131779193878,0.2717331647872925,93,78
0.006509304046630859,positive,10.0,10.0,0.12254633009433746,-0.1875346601009369,0.07025597989559174,0.5841361284255981,93,79
0.006575822830200195,positive,10.0,10.0,0.11879564076662064,0.006536427419632673,0.08193870633840561,0.31438589096069336,93,80
0.006646156311035156,positive,10.0,10.0,0.11892636865377426,0.20040138065814972,0.08822642266750336,0.04862715303897858,93,81
0.0067179203033447266,positive,10.0,10.0,0.12293439358472824,0.39415472745895386,0.08919896930456161,-0.2149675488471985,93,82
0.006788492202758789,positive,10.0,10.0,0.1308174878358841,0.5878957509994507,0.08489961177110672,-0.4782339632511139,93,83
0.006956577301025391,positive,10.0,10.0,0.15820986032485962,0.9757286310195923,0.06047499552369118,-1.0110527276992798,93,85
0.007018566131591797,positive,10.0,10.0,0.1777244359254837,0.7798541188240051,0.04025394096970558,-0.7000092267990112,93,86
0.007086038589477539,positive,10.0,10.0,0.19332151114940643,0.9743955731391907,0.026253757998347282,-0.9797535538673401,93,87
0.007242918014526367,positive,10.0,10.0,0.23619255423545837,0.9739494919776917,-0.018622826784849167,-0.9693149328231812,93,89
0.00730586051940918,positive,10.0,10.0,0.25567153096199036,0.7790824770927429,-0.038009125739336014,-0.6825398206710815,93,90
0.007369518280029297,positive,10.0,10.0,0.27125319838523865,0.9747110605239868,-0.051659923046827316,-0.9869427680969238,93,91
0.007433891296386719,positive,10.0,10.0,0.29074740409851074,0.780317485332489,-0.0713987797498703,-0.7109227180480957,93,92
0.00749516487121582,positive,10.0,10.0,0.30635374784469604,0.976351797580719,-0.08561722934246063,-1.0251983404159546,93,93
0.007977008819580078,negative,10.0,-10.0,0.38106298446655273,0.59637451171875,-0.15475942194461823,-0.6707115769386292,93,99
0.008126258850097656,negative,10.0,-10.0,0.40106457471847534,0.60075843334198,-0.17678320407867432,-0.7710996270179749,93,101
0.008276939392089844,negative,10.0,-10.0,0.42124879360198975,0.6056828498840332,-0.20298200845718384,-0.8853991031646729,93,103
0.000431060791015625,positive,10.0,10.0,0.04273676499724388,-0.24090676009655,0.01836121827363968,0.31610992550849915,94,1
0.0007803440093994141,positive,10.0,10.0,0.031231945380568504,-0.24232886731624603,0.03276236355304718,0.3475955128669739,94,5
0.0009212493896484375,positive,10.0,10.0,0.025431610643863678,-0.24335604906082153,0.04102269560098648,0.37036487460136414,94,7
0.0010616779327392578,positive,10.0,10.0,0.01958768628537655,-0.2446216642856598,0.05024787038564682,0.39845457673072815,94,9
0.0011203289031982422,positive,10.0,10.0,0.014695253223180771,-0.050247229635715485,0.05821696296334267,0.12202759087085724,94,10
0.0011942386627197266,positive,10.0,10.0,0.013690308667719364,-0.2461528331041336,0.06065751239657402,0.43249428272247314,94,11
0.0012590885162353516,positive,10.0,10.0,0.00876725185662508,-0.05193983390927315,0.06930740177631378,0.15953291952610016,94,12
0.0013976097106933594,positive,10.0,10.0,0.010570953600108624,0.33613717555999756,0.07028795033693314,-0.37946346402168274,94,14
0.0014591217041015625,positive,10.0,10.0,0.017293697223067284,0.14009113609790802,0.06269868463277817,-0.06547285616397858,94,15
0.0015215873718261719,positive,10.0,10.0,0.020095519721508026,-0.05587109178304672,0.06138922646641731,0.24631425738334656,94,16
0.0015857219696044922,positive,10.0,10.0,0.018978098407387733,-0.2518136501312256,0.06631550937891006,0.5577115416526794,94,17
0.0016467571258544922,positive,10.0,10.0,0.013941825367510319,-0.05768223851919174,0.07746974378824234,0.28663697838783264,94,18
0.001706838607788086,positive,10.0,10.0,0.012788181193172932,0.13625432550907135,0.08320248126983643,0.019357947632670403,94,19
0.0017685890197753906,positive,10.0,10.0,0.015513267368078232,0.33009061217308044,0.08358963578939438,-0.24595732986927032,94,20
0.001829385757446289,positive,10.0,10.0,0.022115079686045647,0.5239254236221313,0.07867049425840378,-0.5111476182937622,94,21
0.0018894672393798828,positive,10.0,10.0,0.03259358927607536,0.7178561091423035,0.0684475377202034,-0.7780386805534363,94,22
0.001951456069946289,positive,10.0,10.0,0.04695070907473564,0.9119734764099121,0.05288676545023918,-1.0484249591827393,94,23
0.0020933151245117188,positive,10.0,10.0,0.07951400429010391,0.9108582139015198,0.017125852406024933,-1.022090196609497,94,25
0.0023980140686035156,positive,10.0,10.0,0.14457100629806519,0.9114276766777039,-0.052768878638744354,-1.0352052450180054,94,29
0.0024607181549072266,positive,10.0,10.0,0.16279956698417664,0.7170454859733582,-0.07347298413515091,-0.7595447301864624,94,30
0.0030150413513183594,positive,10.0,10.0,0.1974121630191803,-0.24865122139453888,-0.0926157534122467,0.4892716407775879,94,37
0.003242015838623047,positive,10.0,10.0,0.18646812438964844,-0.05004613846540451,-0.07076555490493774,0.11770842969417572,94,40
0.0035486221313476562,positive,10.0,10.0,0.17477887868881226,-0.04635396599769592,-0.05225512757897377,0.03600653260946274,94,44
0.003695249557495117,positive,10.0,10.0,0.16903802752494812,-0.04487231373786926,-0.04529988765716553,0.003275514580309391,94,46
0.0037589073181152344,positive,10.0,10.0,0.16814057528972626,-0.23931631445884705,-0.045234378427267075,0.2813286781311035,94,47
0.00391697883605957,positive,10.0,10.0,0.15467895567417145,-0.23810996115207672,-0.028419630602002144,0.2545149624347687,94,49
0.0040590763092041016,positive,10.0,10.0,0.14126046001911163,-0.23737281560897827,-0.012567329220473766,0.23815862834453583,94,51
0.004213809967041016,positive,10.0,10.0,0.13567152619361877,-0.23708279430866241,-0.008973391726613045,0.23174872994422913,94,53
0.004278421401977539,positive,10.0,10.0,0.1309298723936081,-0.4320753812789917,-0.004338417202234268,0.5215876698493958,94,54
0.004422187805175781,positive,10.0,10.0,0.11755051463842392,-0.43210113048553467,0.010644153691828251,0.5221395492553711,94,56
0.00456690788269043,positive,10.0,10.0,0.10416588187217712,-0.4325474202632904,0.02574353851377964,0.5320888161659241,94,58
0.004714250564575195,positive,10.0,10.0,0.09075899422168732,-0.43341901898384094,0.041337866336107254,0.5515614748001099,94,60
0.004781246185302734,positive,10.0,10.0,0.08209061622619629,-0.2389012724161148,0.052369095385074615,0.27218401432037354,94,61
0.005086660385131836,positive,10.0,10.0,0.06288079917430878,0.1475653052330017,0.07631052285432816,-0.23092998564243317,94,65
0.005151510238647461,positive,10.0,10.0,0.06583210080862045,0.3415185809135437,0.07169192284345627,-0.49859970808029175,94,66
0.005213499069213867,positive,10.0,10.0,0.07266247272491455,0.14546296000480652,0.06171993166208267,-0.184212327003479,94,67
0.005519390106201172,positive,10.0,10.0,0.07639370113611221,0.142075777053833,0.060943081974983215,-0.10932877659797668,94,71
0.005671024322509766,positive,10.0,10.0,0.0781579315662384,0.1403704434633255,0.06279534101486206,-0.07164295762777328,94,73
0.00574040412902832,positive,10.0,10.0,0.08096534758806229,-0.055592942982912064,0.061362478882074356,0.24017244577407837,94,74
0.005800724029541016,positive,10.0,10.0,0.07985348254442215,-0.2515353560447693,0.06616593152284622,0.5515621304512024,94,75
0.005864381790161133,positive,10.0,10.0,0.07482277601957321,-0.05740201845765114,0.07719717174768448,0.2804379165172577,94,76
0.006093025207519531,positive,10.0,10.0,0.0830131396651268,0.5242251753807068,0.07801958173513412,-0.5177533030509949,94,79
0.006399631500244141,positive,10.0,10.0,0.14043745398521423,0.911209225654602,0.01591712422668934,-1.0298008918762207,94,83
0.006468772888183594,positive,10.0,10.0,0.1586616337299347,0.7158791422843933,-0.004678894300013781,-0.7321634292602539,94,84
0.0065348148345947266,positive,10.0,10.0,0.1729792207479477,0.5208221673965454,-0.019322162494063377,-0.4409567415714264,94,85
0.008765220642089844,positive,10.0,10.0,0.18680395185947418,-1.19514000415802,-0.054505180567502975,1.3111697435379028,94,112
0.008914709091186523,positive,10.0,10.0,0.1351105272769928,-1.5843056440353394,0.0034443438053131104,1.8700379133224487,94,114
0.008981704711914062,positive,10.0,10.0,0.10342442244291306,-1.7794650793075562,0.040845099836587906,2.163787841796875,94,115
0.0002644062042236328,positive,10.0,10.0,0.02948136441409588,0.02356826514005661,0.027296453714370728,0.02684365212917328,95,0
0.00036406517028808594,positive,10.0,10.0,0.029952729120850563,-0.17193429172039032,0.027833327651023865,0.3280124068260193,95,1
0.0005671977996826172,positive,10.0,10.0,0.026969654485583305,-0.17281724512577057,0.03527827933430672,0.3475680947303772,95,3
0.0006458759307861328,positive,10.0,10.0,0.0235133096575737,0.02178562991321087,0.04222964122891426,0.06621508300304413,95,4
0.000804901123046875,positive,10.0,10.0,0.020470712333917618,0.020561479032039642,0.05099228024482727,0.09327886998653412,95,6
0.0008814334869384766,positive,10.0,10.0,0.02088194154202938,-0.17525285482406616,0.05285785719752312,0.4016038179397583,95,7
0.0010356903076171875,positive,10.0,10.0,0.00995522178709507,-0.1768549382686615,0.07509937137365341,0.43756017088890076,95,9
0.0020313262939453125,positive,10.0,10.0,0.06317242234945297,1.1681241989135742,0.08624793589115143,-1.1576091051101685,95,22
0.002173185348510742,positive,10.0,10.0,0.1137753576040268,1.1661796569824219,0.03465474769473076,-1.1103323698043823,95,24
0.002239704132080078,positive,10.0,10.0,0.13709895312786102,0.9706199765205383,0.012448100373148918,-0.8069824576377869,95,25
0.0023031234741210938,positive,10.0,10.0,0.1565113514661789,0.7753296494483948,-0.003691548714414239,-0.5104100108146667,95,26
0.0024526119232177734,positive,10.0,10.0,0.1914280205965042,1.1658130884170532,-0.02998482808470726,-1.1012766361236572,95,28
0.0025174617767333984,positive,10.0,10.0,0.21474428474903107,0.9710983037948608,-0.05201036110520363,-0.8181499242782593,95,29
0.0025780200958251953,positive,10.0,10.0,0.2341662496328354,1.166892170906067,-0.06837335973978043,-1.1267277002334595,95,30
0.0026390552520751953,positive,10.0,10.0,0.25750407576560974,0.9727293848991394,-0.09090791642665863,-0.8562501668930054,95,31
0.0034203529357910156,positive,10.0,10.0,0.3170182406902313,0.20896892249584198,-0.09086814522743225,-0.05168590322136879,95,41
0.0038056373596191406,positive,10.0,10.0,0.3225717544555664,0.020313451066613197,-0.07842177152633667,0.09888988733291626,95,46
0.004035234451293945,positive,10.0,10.0,0.335559219121933,0.21869514882564545,-0.09145836532115936,-0.2670803964138031,95,49
0.004656076431274414,positive,10.0,10.0,0.31669119000434875,-0.1611313819885254,-0.06906724721193314,0.08979586511850357,95,57
0.0047185420989990234,positive,10.0,10.0,0.3134685456752777,-0.35519886016845703,-0.06727132946252823,0.3599134087562561,95,58
0.004782676696777344,positive,10.0,10.0,0.3063645660877228,-0.15918835997581482,-0.060073062777519226,0.04679982364177704,95,59
0.004924774169921875,positive,10.0,10.0,0.2961128056049347,-0.1574876457452774,-0.052738256752491,0.009209937416017056,95,61
0.004988908767700195,positive,10.0,10.0,0.29296305775642395,-0.3518151342868805,-0.05255405977368355,0.2847980558872223,95,62
0.005052804946899414,positive,10.0,10.0,0.2859267592430115,-0.5461496710777283,-0.04685809835791588,0.5604536533355713,95,63
0.005194664001464844,positive,10.0,10.0,0.2679957151412964,-0.5449977517127991,-0.030581345781683922,0.534612774848938,95,65
0.005257368087768555,positive,10.0,10.0,0.2570957541465759,-0.3494594097137451,-0.019889090210199356,0.23245283961296082,95,66
0.005318164825439453,positive,10.0,10.0,0.2501065731048584,-0.544291615486145,-0.015240034088492393,0.5187963247299194,95,67
0.0053806304931640625,positive,10.0,10.0,0.2392207384109497,-0.34895843267440796,-0.004864107351750135,0.22135022282600403,95,68
0.005445003509521484,positive,10.0,10.0,0.23224157094955444,-0.5440105199813843,-0.0004371030954644084,0.5124948620796204,95,69
0.00550389289855957,positive,10.0,10.0,0.22136135399341583,-0.34888243675231934,0.00981279369443655,0.219674214720726,95,70
0.005649089813232422,positive,10.0,10.0,0.20350085198879242,-0.3492242097854614,0.024515002965927124,0.22726371884346008,95,72
0.005793333053588867,positive,10.0,10.0,0.18562260270118713,-0.3499864935874939,0.039611831307411194,0.24419155716896057,95,74
0.006010293960571289,positive,10.0,10.0,0.16068622469902039,-0.5470495223999023,0.060892947018146515,0.580414891242981,95,77
0.006232261657714844,positive,10.0,10.0,0.1395123451948166,-0.35496988892555237,0.07942268997430801,0.3549782335758209,95,80
0.006380319595336914,positive,10.0,10.0,0.12919171154499054,-0.3573104739189148,0.08828942477703094,0.4070363938808441,95,82
0.006994962692260742,positive,10.0,10.0,0.12586285173892975,0.4117662310600281,0.08871397376060486,-0.5157707333564758,95,90
0.007138729095458984,positive,10.0,10.0,0.13840846717357635,0.4094325006008148,0.07446850091218948,-0.4634610414505005,95,92
0.007198810577392578,positive,10.0,10.0,0.14659711718559265,0.21334151923656464,0.06519927829504013,-0.1482662558555603,95,93
0.007272243499755859,positive,10.0,10.0,0.15086394548416138,0.01734943501651287,0.062233950942754745,0.16425223648548126,95,94
0.007421731948852539,positive,10.0,10.0,0.14763882756233215,-0.37458860874176025,0.07503701001405716,0.788493275642395,95,96
0.008032798767089844,positive,10.0,10.0,0.17276887595653534,0.7843402028083801,0.08954133838415146,-0.7124831676483154,95,104
0.008559226989746094,positive,10.0,10.0,0.30173400044441223,0.976047933101654,-0.03140067309141159,-0.9267693758010864,95,111
0.008620023727416992,positive,10.0,10.0,0.3212549388408661,0.7813637256622314,-0.04993605986237526,-0.6441172957420349,95,112
0.008681774139404297,positive,10.0,10.0,0.33688223361968994,0.9771447777748108,-0.06281840801239014,-0.9520978927612305,95,113
0.008745670318603516,positive,10.0,10.0,0.35642510652542114,1.17305326461792,-0.08186036348342896,-1.263837456703186,95,114
0.009047985076904297,negative,10.0,-10.0,0.4582170844078064,1.568618893623352,-0.19835297763347626,-1.9955146312713623,95,118
0.0007073879241943359,positive,10.0,10.0,0.048418790102005005,-0.18891432881355286,-0.036757584661245346,0.296353280544281,96,1
0.0008976459503173828,positive,10.0,10.0,0.04477474093437195,-0.18795470893383026,-0.030984360724687576,0.275106281042099,96,3
0.001218557357788086,positive,10.0,10.0,0.021978892385959625,-0.5770573019981384,0.0017278018640354276,0.8351636528968811,96,7
0.0012972354888916016,positive,10.0,10.0,0.010437747463583946,-0.7722027897834778,0.018431074917316437,1.1283894777297974,96,8
0.0014712810516357422,positive,10.0,10.0,-0.02435753308236599,-0.772969126701355,0.0695347785949707,1.1472032070159912,96,10
0.0017735958099365234,negative,10.0,-10.0,-0.1097228154540062,-1.5576242208480835,0.19949162006378174,2.4457321166992188,96,14
0.00043845176696777344,positive,10.0,10.0,0.010000880807638168,0.015052609145641327,-0.03525678068399429,-0.04501235857605934,97,0
0.0005567073822021484,positive,10.0,10.0,0.010301932692527771,-0.1795465052127838,-0.03615702688694,0.23634156584739685,97,1
0.0011570453643798828,positive,10.0,10.0,-0.03421546518802643,-0.37379005551338196,0.023296967148780823,0.5095614194869995,97,8
0.0012233257293701172,positive,10.0,10.0,-0.041691266000270844,-0.17900393903255463,0.0334881953895092,0.2243102341890335,97,9
0.0012874603271484375,positive,10.0,10.0,-0.04527134448289871,-0.37458810210227966,0.03797439858317375,0.5273656845092773,97,10
0.0013556480407714844,positive,10.0,10.0,-0.05276310816407204,-0.18002046644687653,0.04852171242237091,0.24688641726970673,97,11
0.0015838146209716797,positive,10.0,10.0,-0.05970539525151253,-0.37730467319488525,0.05843640863895416,0.5878281593322754,97,14
0.001733541488647461,positive,10.0,10.0,-0.0709124431014061,0.011007823050022125,0.07647518068552017,0.04436393082141876,97,16
0.0018012523651123047,positive,10.0,10.0,-0.0706922858953476,0.204954594373703,0.07736246287822723,-0.22324413061141968,97,17
0.0018682479858398438,positive,10.0,10.0,-0.06659319251775742,0.3988904654979706,0.07289757579565048,-0.4905559718608856,97,18
0.0019335746765136719,positive,10.0,10.0,-0.05861538276076317,0.20281995832920074,0.06308645755052567,-0.17581841349601746,97,19
0.0020813941955566406,positive,10.0,10.0,-0.05442189425230026,0.20107491314411163,0.062291692942380905,-0.13723044097423553,97,21
0.002323627471923828,positive,10.0,10.0,-0.05411407724022865,0.0033756427001208067,0.07274167239665985,0.21312464773654938,97,24
0.002629518508911133,positive,10.0,10.0,-0.053975220769643784,0.3886995315551758,0.09269943088293076,-0.2654852271080017,97,28
0.0027735233306884766,positive,10.0,10.0,-0.034553539007902145,0.7761752605438232,0.07683870941400528,-0.7914676666259766,97,30
0.0028371810913085938,positive,10.0,10.0,-0.01903003454208374,0.9701628684997559,0.06100935488939285,-1.059022068977356,97,31
0.0029015541076660156,positive,10.0,10.0,0.00037322170101106167,0.7742881178855896,0.039828911423683167,-0.7478309869766235,97,32
0.0029692649841308594,positive,10.0,10.0,0.015858983621001244,0.968838632106781,0.024872291833162308,-1.0277186632156372,97,33
0.0030324459075927734,positive,10.0,10.0,0.035235755145549774,0.7733945846557617,0.004317917861044407,-0.7273316383361816,97,34
0.003095388412475586,positive,10.0,10.0,0.05070364847779274,0.9684565663337708,-0.010228714905679226,-1.0186524391174316,97,35
0.003161907196044922,positive,10.0,10.0,0.07007277756929398,0.7734724283218384,-0.03060176409780979,-0.729198694229126,97,36
0.003225088119506836,positive,10.0,10.0,0.0855422243475914,0.5787865519523621,-0.04518573731184006,-0.4463021457195282,97,37
0.0034537315368652344,positive,10.0,10.0,0.1320151537656784,0.7762009501457214,-0.09041111171245575,-0.7918912768363953,97,40
0.0040149688720703125,negative,10.0,-10.0,0.2140277624130249,0.20391865074634552,-0.17514212429523468,-0.20266097784042358,97,47
0.004081010818481445,negative,10.0,-10.0,0.21810613572597504,0.011677554808557034,-0.1791953444480896,0.030060317367315292,97,48
0.004227638244628906,negative,10.0,-10.0,0.21473003923892975,-0.3726654350757599,-0.17336846888065338,0.49274423718452454,97,50
0.00437474250793457,negative,10.0,-10.0,0.20376519858837128,-0.36802560091018677,-0.1604970395565033,0.3877912759780884,97,52
0.004697322845458984,negative,10.0,-10.0,0.18237560987472534,-0.3595089912414551,-0.14688844978809357,0.19684912264347076,97,56
0.005577802658081055,positive,10.0,10.0,-0.015673669055104256,-1.3202452659606934,0.03366335853934288,1.330458402633667,97,67
0.006047248840332031,negative,10.0,-10.0,-0.17045627534389496,-0.9381052255630493,0.19383272528648376,0.9394282102584839,97,73
0.00038933753967285156,positive,10.0,10.0,-0.009120616130530834,0.017565278336405754,-0.03936387225985527,0.04688013345003128,98,0
0.0005090236663818359,positive,10.0,10.0,-0.008769311010837555,-0.17697076499462128,-0.038426272571086884,0.32688814401626587,98,1
0.0005888938903808594,positive,10.0,10.0,-0.012308726087212563,0.018676605075597763,-0.031888507306575775,0.02233920246362686,98,2
0.0006642341613769531,positive,10.0,10.0,-0.01193519402295351,-0.17597386240959167,-0.03144172579050064,0.3047928512096405,98,3
0.0007464885711669922,positive,10.0,10.0,-0.01545467134565115,0.019581718370318413,-0.02534586749970913,0.002362095983698964,98,4
0.0008256435394287109,positive,10.0,10.0,-0.015063037164509296,0.21505782008171082,-0.025298625230789185,-0.2982087731361389,98,5
0.001001119613647461,positive,10.0,10.0,-0.010355770587921143,-0.17435452342033386,-0.031535014510154724,0.269046813249588,98,7
0.0012354850769042969,positive,10.0,10.0,-0.024693777784705162,-0.3684360384941101,-0.010105462744832039,0.538686990737915,98,10
0.0013020038604736328,positive,10.0,10.0,-0.03206249698996544,-0.17317348718643188,0.0006682770326733589,0.24283716082572937,98,11
0.0013785362243652344,positive,10.0,10.0,-0.03552597016096115,-0.368304967880249,0.00552502041682601,0.53573077917099,98,12
0.00144195556640625,positive,10.0,10.0,-0.04289206862449646,-0.1732611507177353,0.01623963564634323,0.2447938770055771,98,13
0.0015060901641845703,positive,10.0,10.0,-0.04635729268193245,-0.36861124634742737,0.021135514602065086,0.5425546169281006,98,14
0.0017347335815429688,positive,10.0,10.0,-0.06459249556064606,-0.17477448284626007,0.048302777111530304,0.2784419655799866,98,17
0.001880645751953125,positive,10.0,10.0,-0.06769546121358871,-0.1762252002954483,0.05389914661645889,0.3105580508708954,98,19
0.002028226852416992,positive,10.0,10.0,-0.0708581805229187,-0.17784108221530914,0.060817278921604156,0.3463748097419739,98,21
0.0023360252380371094,positive,10.0,10.0,-0.08519470691680908,-0.18171608448028564,0.09095726162195206,0.43291279673576355,98,25
0.0026504993438720703,positive,10.0,10.0,-0.07649579644203186,0.20267455279827118,0.0942729189991951,-0.025113148614764214,98,29
0.002794981002807617,positive,10.0,10.0,-0.06451576203107834,0.2000015527009964,0.0880381241440773,0.03409583866596222,98,31
0.002940654754638672,positive,10.0,10.0,-0.05264057591557503,0.587507426738739,0.08412877470254898,-0.49299508333206177,98,33
0.0030057430267333984,positive,10.0,10.0,-0.04089042544364929,0.7813482880592346,0.0742688700556755,-0.7580233812332153,98,34
0.0030760765075683594,positive,10.0,10.0,-0.025263460353016853,0.9753724932670593,0.05910840258002281,-1.026442289352417,98,35
0.003307342529296875,positive,10.0,10.0,0.029315955936908722,1.1688719987869263,0.004341581370681524,-1.2810615301132202,98,38
0.0034515857696533203,positive,10.0,10.0,0.0721672996878624,0.7788644433021545,-0.041020095348358154,-0.7010983228683472,98,40
0.003516674041748047,positive,10.0,10.0,0.0877445861697197,0.9745302796363831,-0.05504206195473671,-1.0064066648483276,98,41
0.004383563995361328,positive,10.0,10.0,0.14353623986244202,0.012992583215236664,-0.06693504005670547,0.1480456292629242,98,52
0.004529237747192383,positive,10.0,10.0,0.14017388224601746,0.014857204630970955,-0.055596452206373215,0.10673825442790985,98,54
0.004674434661865234,positive,10.0,10.0,0.13688251376152039,0.01641293242573738,-0.04583417624235153,0.0723269060254097,98,56
0.004738569259643555,positive,10.0,10.0,0.13721077144145966,-0.17802298069000244,-0.044387638568878174,0.3502039313316345,98,57
0.004801750183105469,positive,10.0,10.0,0.13365031778812408,0.01770121604204178,-0.037383560091257095,0.04386114701628685,98,58
0.0049495697021484375,positive,10.0,10.0,0.130467027425766,0.018756939098238945,-0.030015962198376656,0.020550472661852837,98,60
0.005017280578613281,positive,10.0,10.0,0.1308421641588211,-0.1759219765663147,-0.029604952782392502,0.30361396074295044,98,61
0.005083322525024414,positive,10.0,10.0,0.12732373178005219,0.019609102979302406,-0.023532673716545105,0.0017432576278224587,98,62
0.005868196487426758,positive,10.0,10.0,0.09630683809518814,-0.37008845806121826,0.025462966412305832,0.5751708745956421,98,72
0.006093740463256836,positive,10.0,10.0,0.08578328043222427,-0.17646518349647522,0.04297509044408798,0.31568554043769836,98,75
0.006157636642456055,positive,10.0,10.0,0.08225397765636444,0.018019113689661026,0.0492888018488884,0.03685924410820007,98,76
0.006222724914550781,positive,10.0,10.0,0.08261436223983765,-0.17777372896671295,0.05002598464488983,0.3446768820285797,98,77
0.0065348148345947266,positive,10.0,10.0,0.06829731166362762,0.20870685577392578,0.07971615344285965,-0.15859586000442505,98,81
0.006679534912109375,positive,10.0,10.0,0.08052349835634232,0.2064843475818634,0.06804215908050537,-0.10930608958005905,98,83
0.006743907928466797,positive,10.0,10.0,0.08465318381786346,0.010456684045493603,0.06585603952407837,0.20404396951198578,98,84
0.006809711456298828,positive,10.0,10.0,0.08486231416463852,-0.18554222583770752,0.06993691623210907,0.5167527198791504,98,85
0.0069577693939208984,positive,10.0,10.0,0.08132205158472061,0.20241807401180267,0.08521002531051636,-0.019420279189944267,98,87
0.007184743881225586,positive,10.0,10.0,0.10509558022022247,0.7839636206626892,0.06816423684358597,-0.8155560493469238,98,90
0.007250785827636719,positive,10.0,10.0,0.12077485769987106,0.9780893325805664,0.05185311660170555,-1.0860435962677002,98,91
0.007313966751098633,positive,10.0,10.0,0.14033664762973785,0.7823231816291809,0.030132243409752846,-0.7775510549545288,98,92
0.007460594177246094,positive,10.0,10.0,0.17552347481250763,0.7817060947418213,-0.006630845367908478,-0.7633797526359558,98,94
0.007608175277709961,positive,10.0,10.0,0.21069596707820892,0.7820937037467957,-0.0430612750351429,-0.7724118232727051,98,96
0.008168697357177734,negative,10.0,-10.0,0.33227601647377014,0.5961573123931885,-0.17769430577754974,-0.6918771862983704,98,103
0.008235931396484375,negative,10.0,-10.0,0.34419918060302734,0.40388748049736023,-0.19153185188770294,-0.4599813222885132,98,104
0.000316619873046875,positive,10.0,10.0,0.008986903354525566,-0.21611030399799347,-0.022089630365371704,0.2763223648071289,99,1
0.0004904270172119141,positive,10.0,10.0,-0.0035535080824047327,-0.21555984020233154,-0.00532403914257884,0.26410239934921265,99,3
0.0005571842193603516,positive,10.0,10.0,-0.007864704355597496,-0.41060540080070496,-4.199121394776739e-05,0.5551013350486755,99,4
0.0007030963897705078,positive,10.0,10.0,-0.028191346675157547,-0.4107573926448822,0.02801545523107052,0.5585864782333374,99,6
0.0007677078247070312,positive,10.0,10.0,-0.0364064946770668,-0.21603967249393463,0.03918718546628952,0.2748599350452423,99,7
0.0008308887481689453,positive,10.0,10.0,-0.04072728753089905,-0.41169819235801697,0.044684384018182755,0.5796405076980591,99,8
0.0008938312530517578,positive,10.0,10.0,-0.048961251974105835,-0.21722997725009918,0.05627719312906265,0.30136215686798096,99,9
0.0009562969207763672,positive,10.0,10.0,-0.05330585315823555,-0.022953404113650322,0.06230443716049194,0.026945436373353004,99,10
0.0012068748474121094,positive,10.0,10.0,-0.05863787606358528,-0.22078432142734528,0.07094357907772064,0.38020405173301697,99,13
0.0012714862823486328,positive,10.0,10.0,-0.06305356323719025,-0.02673773467540741,0.07854766398668289,0.11070627719163895,99,14
0.001661539077758789,positive,10.0,10.0,-0.050347622483968735,-0.22713226079940796,0.07121507078409195,0.5205105543136597,99,19
0.001728057861328125,positive,10.0,10.0,-0.05489026755094528,-0.03308127075433731,0.08162528276443481,0.2510914206504822,99,20
0.0022039413452148438,positive,10.0,10.0,-0.03974926099181175,0.7386670112609863,0.09125464409589767,-0.7312929630279541,99,26
0.0023512840270996094,positive,10.0,10.0,-0.006327575538307428,1.1264351606369019,0.05675043165683746,-1.2615834474563599,99,28
0.0024154186248779297,positive,10.0,10.0,0.01620112732052803,0.9306352138519287,0.03151876479387283,-0.9516807198524475,99,29
0.0024805068969726562,positive,10.0,10.0,0.034813832491636276,0.7351036071777344,0.012485149316489697,-0.6492639780044556,99,30
0.0026252269744873047,positive,10.0,10.0,0.06811688840389252,0.7349342107772827,-0.019259916618466377,-0.6454636454582214,99,32
0.0026917457580566406,positive,10.0,10.0,0.08281558007001877,0.9303191900253296,-0.03216918930411339,-0.9441487789154053,99,33
0.0027573108673095703,positive,10.0,10.0,0.10142195969820023,0.735645055770874,-0.051052164286375046,-0.6617447733879089,99,34
0.002820253372192383,positive,10.0,10.0,0.11613485962152481,0.5412691831588745,-0.06428705900907516,-0.3855637311935425,99,35
0.0029668807983398438,positive,10.0,10.0,0.14170508086681366,0.5431884527206421,-0.08595439791679382,-0.42862606048583984,99,37
0.0034401416778564453,positive,10.0,10.0,0.17217868566513062,0.5510169863700867,-0.09365630894899368,-0.6022049784660339,99,43
0.004065513610839844,positive,10.0,10.0,0.18318460881710052,-0.2171144038438797,-0.09219183772802353,0.2997211217880249,99,51
0.004128932952880859,positive,10.0,10.0,0.17884232103824615,-0.020807579159736633,-0.08619741350412369,-0.02055468037724495,99,52
0.004351139068603516,positive,10.0,10.0,0.1659666895866394,-0.2122066766023636,-0.07157594710588455,0.19061283767223358,99,55
0.004575967788696289,positive,10.0,10.0,0.14939334988594055,-0.40446096658706665,-0.05563324689865112,0.42028310894966125,99,58
0.004641294479370117,positive,10.0,10.0,0.1413041353225708,-0.20859667658805847,-0.047227583825588226,0.11059350520372391,99,59
0.004786491394042969,positive,10.0,10.0,0.12907198071479797,-0.20728012919425964,-0.037255506962537766,0.08148103952407837,99,61
0.0048503875732421875,positive,10.0,10.0,0.1249263808131218,-0.40184876322746277,-0.0356258861720562,0.3621808886528015,99,62
0.005161762237548828,positive,10.0,10.0,0.10063687711954117,-0.40026843547821045,-0.019552409648895264,0.32712361216545105,99,66
0.0052263736724853516,positive,10.0,10.0,0.0926315113902092,-0.20487366616725922,-0.013009936548769474,0.028339415788650513,99,67
0.005290508270263672,positive,10.0,10.0,0.08853403478860855,-0.3998066484928131,-0.012443148531019688,0.31688934564590454,99,68
0.0053555965423583984,positive,10.0,10.0,0.08053790032863617,-0.2045096904039383,-0.006105361506342888,0.020308393985033035,99,69
0.005501508712768555,positive,10.0,10.0,0.06845683604478836,-0.2043408751487732,0.000521981914062053,0.01658395119011402,99,71
0.0055675506591796875,positive,10.0,10.0,0.06437002122402191,-0.3994702994823456,0.0008536609238944948,0.3094315230846405,99,72
0.005631208419799805,positive,10.0,10.0,0.05638061463832855,-0.20436052978038788,0.007042291574180126,0.017017938196659088,99,73
0.005856037139892578,positive,10.0,10.0,0.040210410952568054,-0.39988139271736145,0.014052316546440125,0.3185180723667145,99,76
0.006086587905883789,positive,10.0,10.0,0.027910754084587097,-0.20555491745471954,0.015911264345049858,0.043370455503463745,99,79
0.006233930587768555,positive,10.0,10.0,0.015781627967953682,-0.20602212846279144,0.02359928749501705,0.05368572473526001,99,81
0.006697654724121094,positive,10.0,10.0,-0.020767126232385635,-0.20882081985473633,0.05023420602083206,0.11554837971925735,99,87
0.006762981414794922,positive,10.0,10.0,-0.02494354173541069,-0.40462520718574524,0.05254517123103142,0.42364710569381714,99,88
0.006829738616943359,positive,10.0,10.0,-0.03303604573011398,-0.210285484790802,0.06101811304688454,0.14798101782798767,99,89
0.0069773197174072266,positive,10.0,10.0,-0.0375635139644146,0.1780618280172348,0.06148083508014679,-0.3966772258281708,99,91
0.007122993469238281,positive,10.0,10.0,-0.034359801560640335,-0.2137230634689331,0.051842059940099716,0.22382314503192902,99,93
0.007267475128173828,positive,10.0,10.0,-0.04682518541812897,-0.21525968611240387,0.0669664815068245,0.2579791247844696,99,95
0.007492780685424805,positive,10.0,10.0,-0.06370039284229279,-0.023392265662550926,0.089584119617939,0.03668402135372162,99,98
0.007557392120361328,positive,10.0,10.0,-0.06416824460029602,0.170338436961174,0.09031779319047928,-0.22644424438476562,99,99
0.0077056884765625,positive,10.0,10.0,-0.05348024517297745,0.557874858379364,0.07600237429141998,-0.7537869811058044,99,101
0.007853507995605469,positive,10.0,10.0,-0.027285322546958923,0.555992841720581,0.04049426689743996,-0.7104445099830627,99,103
0.007918119430541992,positive,10.0,10.0,-0.016165465116500854,0.7505313158035278,0.026285378262400627,-0.9901109337806702,99,104
0.00798177719116211,positive,10.0,10.0,-0.0011548394104465842,0.5550675392150879,0.006483159027993679,-0.6892895698547363,99,105
0.00821065902709961,positive,10.0,10.0,0.03605000302195549,0.36033713817596436,-0.040692009031772614,-0.4054501950740814,99,108
0.008356094360351562,positive,10.0,10.0,0.04657305032014847,-0.028574932366609573,-0.05131838843226433,0.15102727711200714,99,110
0.00842142105102539,positive,10.0,10.0,0.04600154981017113,-0.22292591631412506,-0.04829784482717514,0.42708897590637207,99,111
0.008653879165649414,positive,10.0,10.0,0.036566250026226044,-0.026053300127387047,-0.029375264421105385,0.09523489326238632,99,114
0.008799314498901367,positive,10.0,10.0,0.031630340963602066,-0.02524108998477459,-0.019900424405932426,0.07729081809520721,99,116
0.008863210678100586,positive,10.0,10.0,0.031125517562031746,-0.2200721800327301,-0.01835460774600506,0.3636292517185211,99,117
0.009171724319458008,positive,10.0,10.0,0.021349158138036728,-0.2194792479276657,-0.001517438213340938,0.35046470165252686,99,121
0.009236574172973633,positive,10.0,10.0,0.016959574073553085,-0.024335745722055435,0.0054918560199439526,0.057303670793771744,99,122
0.009461641311645508,positive,10.0,10.0,0.011591956950724125,-0.21982435882091522,0.014894850552082062,0.3580968976020813,99,125
0.009686946868896484,positive,10.0,10.0,0.0022901552729308605,-0.025567496195435524,0.030853884294629097,0.08451273292303085,99,128
0.009750604629516602,positive,10.0,10.0,0.0017788053955882788,-0.22111782431602478,0.03254413977265358,0.3867682218551636,99,129
0.009814023971557617,positive,10.0,10.0,-0.002643550978973508,-0.026472603902220726,0.04027950391173363,0.10452128201723099,99,130
0.009879589080810547,positive,10.0,10.0,-0.0031730032060295343,-0.22214795649051666,0.04236992821097374,0.4096352159976959,99,131
0.009944915771484375,positive,10.0,10.0,-0.007615962065756321,-0.02765152044594288,0.05056263506412506,0.13060541450977325,99,132
0.010010480880737305,positive,10.0,10.0,-0.008168992586433887,-0.22345994412899017,0.05317474156618118,0.43880176544189453,99,133
0.01015615463256836,positive,10.0,10.0,-0.013220777735114098,-0.22508090734481812,0.06521765142679214,0.4749092757701874,99,135
0.010300159454345703,positive,10.0,10.0,-0.018341148272156715,0.16304069757461548,0.07878531515598297,-0.06473585218191147,99,137
0.010364532470703125,positive,10.0,10.0,-0.01508033461868763,0.3569498658180237,0.07749059796333313,-0.3315584063529968,99,138
0.010751008987426758,positive,10.0,10.0,-0.0030005420558154583,0.15661564469337463,0.0840025469660759,0.07747102528810501,99,143
0.010977506637573242,positive,10.0,10.0,0.018025346100330353,0.7381151914596558,0.07275880128145218,-0.7179056406021118,99,146
0.011042356491088867,positive,10.0,10.0,0.03278765082359314,0.932158887386322,0.05840068683028221,-0.9868288636207581,99,147
0.011187553405761719,positive,10.0,10.0,0.06615693867206573,0.9308695197105408,0.025136316195130348,-0.9566531181335449,99,149
0.011251211166381836,positive,10.0,10.0,0.08477433025836945,0.7354187369346619,0.006003253161907196,-0.656180202960968,99,150
0.01131439208984375,positive,10.0,10.0,0.0994827076792717,0.9304565787315369,-0.007120351307094097,-0.9469667673110962,99,151
0.011462211608886719,positive,10.0,10.0,0.13280045986175537,0.9309061169624329,-0.039190277457237244,-0.9573029279708862,99,153
0.011531591415405273,positive,10.0,10.0,0.15141858160495758,0.7363324165344238,-0.05833633616566658,-0.677185595035553,99,154
0.011682748794555664,positive,10.0,10.0,0.1847895234823227,0.7381246089935303,-0.09163304418325424,-0.7183814644813538,99,156
0.012080907821655273,negative,10.0,-10.0,0.24329352378845215,0.16154557466506958,-0.14676880836486816,-0.03183361887931824,99,161
0.01214599609375,negative,10.0,-10.0,0.24652443826198578,-0.0312001071870327,-0.1474054902791977,0.21118125319480896,99,162
0.013022661209106445,positive,10.0,10.0,0.19108936190605164,-0.5964272022247314,-0.07244683802127838,0.6447383165359497,99,173
0.013086557388305664,positive,10.0,10.0,0.17916081845760345,-0.7904687523841858,-0.05955207347869873,0.9137564301490784,99,174
0.013237476348876953,positive,10.0,10.0,0.14365670084953308,-1.1792999505996704,-0.01753406412899494,1.4666081666946411,99,176
0.013302087783813477,positive,10.0,10.0,0.12007071077823639,-0.9839677214622498,0.011798098683357239,1.1685001850128174,99,177
0.01361083984375,negative,10.0,-10.0,0.017899740487337112,-1.3765841722488403,0.14143815636634827,1.8201090097427368,99,181
0.0001742839813232422,positive,10.0,10.0,0.018658366054296494,-0.008177944459021091,0.03832785412669182,0.017623737454414368,100,0
0.0003657341003417969,positive,10.0,10.0,0.01441824622452259,-0.009277603588998318,0.04512330889701843,0.04191078618168831,100,2
0.00043773651123046875,positive,10.0,10.0,0.014232694171369076,-0.2050165981054306,0.045961521565914154,0.3484821617603302,100,3
0.0005090236663818359,positive,10.0,10.0,0.010132362134754658,-0.010577457956969738,0.05293116718530655,0.07063939422369003,100,4
0.000762939453125,positive,10.0,10.0,0.0055503398180007935,-0.20805926620960236,0.06402430683374405,0.4160383343696594,100,7
0.0009975433349609375,positive,10.0,10.0,0.004713446833193302,0.3740830719470978,0.07273313403129578,-0.3928365409374237,100,10
0.0010623931884765625,positive,10.0,10.0,0.012195108458399773,0.17800839245319366,0.06487640738487244,-0.07813743501901627,100,11
0.0011315345764160156,positive,10.0,10.0,0.015755275264382362,-0.01798071712255478,0.06331365555524826,0.2342880368232727,100,12
0.0012769699096679688,positive,10.0,10.0,0.011116712354123592,-0.019843509420752525,0.07892443984746933,0.27574434876441956,100,14
0.0015840530395507812,positive,10.0,10.0,0.02499217353761196,0.3655604124069214,0.08074384182691574,-0.20438285171985626,100,18
0.0016481876373291016,positive,10.0,10.0,0.03230338171124458,0.5594403743743896,0.07665618509054184,-0.47054243087768555,100,19
0.0017170906066894531,positive,10.0,10.0,0.043492190539836884,0.7534006237983704,0.06724533438682556,-0.738113522529602,100,20
0.0018651485443115234,positive,10.0,10.0,0.07751085609197617,0.7517508864402771,0.032305099070072174,-0.700206995010376,100,22
0.001928567886352539,positive,10.0,10.0,0.09254587441682816,0.9464104771614075,0.018300959840416908,-0.9825479388237,100,23
0.001990795135498047,positive,10.0,10.0,0.11147408187389374,0.7510481476783752,-0.0013499986380338669,-0.6841733455657959,100,24
0.002217531204223633,positive,10.0,10.0,0.1682489961385727,0.9468448758125305,-0.060072045773267746,-0.9929904341697693,100,27
0.0022821426391601562,positive,10.0,10.0,0.18718589842319489,0.7525758743286133,-0.07993185520172119,-0.7197631001472473,100,28
0.002827882766723633,positive,10.0,10.0,0.2268085777759552,-0.21264196932315826,-0.09424708783626556,0.5189937949180603,100,35
0.0028934478759765625,positive,10.0,10.0,0.2225557416677475,-0.01632831059396267,-0.08386720716953278,0.1981624960899353,100,36
0.002959728240966797,positive,10.0,10.0,0.22222916781902313,-0.21015679836273193,-0.07990396022796631,0.46325525641441345,100,37
0.0031859874725341797,positive,10.0,10.0,0.20578394830226898,-0.012170853093266487,-0.047731056809425354,0.10585713386535645,100,40
0.0038073062896728516,positive,10.0,10.0,0.1885451227426529,-0.008349183015525341,-0.014395640231668949,0.02142973616719246,100,48
0.003871440887451172,positive,10.0,10.0,0.18837814033031464,0.18697622418403625,-0.013967044651508331,-0.2757602035999298,100,49
0.003936290740966797,positive,10.0,10.0,0.19211767613887787,-0.007943697273731232,-0.01948224939405918,0.012484998442232609,100,50
0.004080772399902344,positive,10.0,10.0,0.18790318071842194,-0.007390166167169809,-0.013253389857709408,0.0002720033808145672,100,52
0.004145145416259766,positive,10.0,10.0,0.18775537610054016,-0.20231956243515015,-0.013247950002551079,0.2887440323829651,100,53
0.004293203353881836,positive,10.0,10.0,0.18356876075267792,0.18821710348129272,-0.00763482041656971,-0.30311891436576843,100,55
0.004596233367919922,positive,10.0,10.0,0.17523007094860077,-0.20139876008033752,0.0028297719545662403,0.2683942914009094,100,59
0.004660606384277344,positive,10.0,10.0,0.17120209336280823,-0.39656099677085876,0.008197657763957977,0.5619683861732483,100,60
0.004884481430053711,positive,10.0,10.0,0.1513008028268814,-0.20218442380428314,0.03628719225525856,0.2858849763870239,100,63
0.0049495697021484375,positive,10.0,10.0,0.14725710451602936,-0.007598270662128925,0.042004890739917755,0.004864003974944353,100,64
0.005013704299926758,positive,10.0,10.0,0.1471051424741745,-0.20329667627811432,0.04210217297077179,0.3104984760284424,100,65
0.005238533020019531,positive,10.0,10.0,0.1387716382741928,-0.01018670853227377,0.055718060582876205,0.06205373629927635,100,68
0.005303859710693359,positive,10.0,10.0,0.13856790959835052,-0.20606142282485962,0.056959137320518494,0.371782511472702,100,69
0.005687713623046875,positive,10.0,10.0,0.1333887279033661,0.3742593228816986,0.07473165541887283,-0.3967647850513458,100,74
0.005758762359619141,positive,10.0,10.0,0.14087390899658203,0.17816105484962463,0.06679636240005493,-0.08148771524429321,100,75
0.005985260009765625,positive,10.0,10.0,0.13980327546596527,-0.019766060635447502,0.08067669719457626,0.2741045653820038,100,78
0.006050825119018555,positive,10.0,10.0,0.1394079476594925,0.17411765456199646,0.08615878224372864,0.007918170653283596,100,79
0.00611424446105957,positive,10.0,10.0,0.1428903043270111,0.3679050803184509,0.08631715178489685,-0.25638535618782043,100,80
0.0061779022216796875,positive,10.0,10.0,0.15024840831756592,0.561695396900177,0.08118943870067596,-0.520642876625061,100,81
0.0062427520751953125,positive,10.0,10.0,0.1614823043346405,0.7555862069129944,0.07077658176422119,-0.7866775989532471,100,82
0.006468534469604492,positive,10.0,10.0,0.21066462993621826,0.9484996795654297,0.018980590626597404,-1.028660535812378,100,85
0.006613254547119141,positive,10.0,10.0,0.2446972280740738,0.9482742547988892,-0.016194207593798637,-1.0232630968093872,100,87
0.006841897964477539,positive,10.0,10.0,0.29770976305007935,1.1447458267211914,-0.07216763496398926,-1.3480578660964966,100,90
0.007070302963256836,negative,10.0,-10.0,0.37815508246421814,1.3433178663253784,-0.17206236720085144,-1.7353463172912598,100,93
0.0071375370025634766,negative,10.0,-10.0,0.40502142906188965,1.1505255699157715,-0.20676928758621216,-1.500765323638916,100,94
0.00014925003051757812,positive,10.0,10.0,0.014300182461738586,-0.019310953095555305,0.019424868747591972,0.04176425561308861,101,0
0.0002200603485107422,positive,10.0,10.0,0.013913962990045547,-0.21470598876476288,0.020260155200958252,0.34051206707954407,101,1
0.0002741813659667969,positive,10.0,10.0,0.00961984321475029,-0.019878076389431953,0.02707039564847946,0.054286256432533264,101,2
0.0003230571746826172,positive,10.0,10.0,0.009222282096743584,-0.21537750959396362,0.02815612033009529,0.3553856909275055,101,3
0.0003788471221923828,positive,10.0,10.0,0.004914731718599796,-0.02066696807742119,0.03526383638381958,0.0717124417424202,101,4
0.0005052089691162109,positive,10.0,10.0,0.00017586698231752962,-0.02169427089393139,0.04420427232980728,0.09441973268985748,101,6
0.0005555152893066406,positive,10.0,10.0,-0.000258018437307328,-0.21742099523544312,0.04609266668558121,0.40071484446525574,101,7
0.0005986690521240234,positive,10.0,10.0,-0.004606438335031271,-0.02298213727772236,0.05410696193575859,0.12291277199983597,101,8
0.0006422996520996094,positive,10.0,10.0,-0.005066081415861845,-0.21883583068847656,0.056565217673778534,0.4321630895137787,101,9
0.0007433891296386719,positive,10.0,10.0,-0.00993396807461977,-0.2205505222082138,0.0683651715517044,0.47035542130470276,101,11
0.0008497238159179688,positive,10.0,10.0,-0.014874129556119442,0.16747093200683594,0.08177187293767929,-0.06719169020652771,101,13
0.0010058879852294922,positive,10.0,10.0,-0.0009948480874300003,0.35915276408195496,0.07344664633274078,-0.2845999300479889,101,16
0.001056671142578125,positive,10.0,10.0,0.006188207305967808,0.5531545281410217,0.06775464862585068,-0.5532441139221191,101,17
0.0011038780212402344,positive,10.0,10.0,0.01725129783153534,0.7472628951072693,0.05668976902961731,-0.8238339424133301,101,18
0.0011494159698486328,positive,10.0,10.0,0.03219655528664589,0.9415653944015503,0.04021308943629265,-1.0981616973876953,101,19
0.0011937618255615234,positive,10.0,10.0,0.05102786421775818,0.7459378242492676,0.018249856308102608,-0.7931380271911621,101,20
0.0012972354888916016,positive,10.0,10.0,0.08476270735263824,0.745651125907898,-0.019213391467928886,-0.7865932583808899,101,22
0.0013413429260253906,positive,10.0,10.0,0.0996757298707962,0.9410316944122314,-0.034945257008075714,-1.0852583646774292,101,23
0.0016140937805175781,negative,10.0,-10.0,0.1939217746257782,0.7510908842086792,-0.1468992978334427,-0.915202796459198,101,28
0.0016591548919677734,negative,10.0,-10.0,0.20894359052181244,0.5582282543182373,-0.16520334780216217,-0.6720578670501709,101,29
0.0017027854919433594,negative,10.0,-10.0,0.22010816633701324,0.36574113368988037,-0.17864450812339783,-0.4356074035167694,101,30
0.0017473697662353516,negative,10.0,-10.0,0.22742298245429993,0.1735382080078125,-0.18735666573047638,-0.20413382351398468,101,31
0.0018482208251953125,negative,10.0,-10.0,0.23052416741847992,-0.21041402220726013,-0.19095751643180847,0.25079330801963806,101,33
0.0018930435180664062,negative,10.0,-10.0,0.22631588578224182,-0.4023691415786743,-0.1859416514635086,0.47769129276275635,101,34
0.0019397735595703125,negative,10.0,-10.0,0.2182684987783432,-0.20517584681510925,-0.17638783156871796,0.13264761865139008,101,35
0.001985311508178711,negative,10.0,-10.0,0.21416498720645905,-0.008023582398891449,-0.1737348735332489,-0.2100817710161209,101,36
0.002088785171508789,negative,10.0,-10.0,0.2177865356206894,-0.0031338792759925127,-0.18897931277751923,-0.32037705183029175,101,38
0.0021915435791015625,negative,10.0,-10.0,0.21382121741771698,-0.38699576258659363,-0.19724157452583313,0.1325036734342575,101,40
0.0022356510162353516,negative,10.0,-10.0,0.2060813009738922,-0.5788260698318481,-0.1945914924144745,0.35705628991127014,101,41
0.002336740493774414,negative,10.0,-10.0,0.1790902465581894,-0.9627960920333862,-0.17579787969589233,0.8108940124511719,101,43
0.002437591552734375,negative,10.0,-10.0,0.13673172891139984,-1.3478150367736816,-0.1387094110250473,1.2821670770645142,101,45
0.002763032913208008,positive,10.0,10.0,-0.05192170292139053,-2.1229195594787598,0.04628438502550125,2.3202342987060547,101,51
0.000156402587890625,positive,10.0,10.0,-0.018941249698400497,-0.0016057547181844711,0.01599368453025818,-0.012335900217294693,102,0
0.0003635883331298828,positive,10.0,10.0,-0.030758358538150787,-0.1974814236164093,0.03311311826109886,0.2971093952655792,102,3
0.0004763603210449219,positive,10.0,10.0,-0.03476492315530777,-0.1985064297914505,0.03935632482171059,0.31979596614837646,102,5
0.0007352828979492188,positive,10.0,10.0,-0.04291432350873947,-0.20112985372543335,0.05485644191503525,0.37795528769493103,102,9
0.0007889270782470703,positive,10.0,10.0,-0.046936921775341034,-0.3969862163066864,0.06241554766893387,0.6874176263809204,102,10
0.0009610652923583984,positive,10.0,10.0,-0.05910870060324669,0.18499809503555298,0.08741001784801483,-0.11759990453720093,102,13
0.001004934310913086,positive,10.0,10.0,-0.05540873855352402,0.37876594066619873,0.08505801856517792,-0.3814762234687805,102,14
0.0011093616485595703,positive,10.0,10.0,-0.04418250545859337,0.37647706270217896,0.07616383582353592,-0.3305172324180603,102,16
0.0011568069458007812,positive,10.0,10.0,-0.03665296360850334,0.18035821616649628,0.06955348700284958,-0.014821294695138931,102,17
0.0014803409576416016,positive,10.0,10.0,-0.01920061931014061,0.1745203137397766,0.08001039922237396,0.11435189098119736,102,23
0.0016353130340576172,positive,10.0,10.0,0.002903250278905034,0.7561776638031006,0.07090271264314651,-0.6843634247779846,102,26
0.0016796588897705078,positive,10.0,10.0,0.0180268045514822,0.9502472877502441,0.05721544846892357,-0.9539085030555725,102,27
0.0017251968383789062,positive,10.0,10.0,0.03703175112605095,0.7544041872024536,0.0381372794508934,-0.643812358379364,102,28
0.001771688461303711,positive,10.0,10.0,0.05211983248591423,0.9489744901657104,0.025261031463742256,-0.9242458939552307,102,29
0.0018169879913330078,positive,10.0,10.0,0.07109932601451874,0.7535205483436584,0.006776112597435713,-0.6237326264381409,102,30
0.002089262008666992,positive,10.0,10.0,0.16208069026470184,1.3403303623199463,-0.07947105169296265,-1.5368107557296753,102,35
0.002306699752807617,negative,10.0,-10.0,0.24605849385261536,0.9565010666847229,-0.17121046781539917,-1.1038898229599,102,39
0.002351999282836914,negative,10.0,-10.0,0.2651885151863098,0.7639931440353394,-0.19328825175762177,-0.8694401979446411,102,40
0.00025010108947753906,positive,10.0,10.0,0.005704617593437433,-0.03906609117984772,0.02235580049455166,-0.04032979533076286,103,0
0.0008268356323242188,positive,10.0,10.0,-0.01860835775732994,-0.04186394810676575,0.04928654432296753,0.021423308178782463,103,6
0.0010466575622558594,positive,10.0,10.0,-0.02506430260837078,-0.23915866017341614,0.05735262483358383,0.36254143714904785,103,9
0.001194000244140625,positive,10.0,10.0,-0.030745413154363632,0.14924252033233643,0.0663730576634407,-0.18314111232757568,103,11
0.0013382434844970703,positive,10.0,10.0,-0.02869582735002041,-0.24272488057613373,0.06530462950468063,0.4415088891983032,103,13
0.0014014244079589844,positive,10.0,10.0,-0.03355032578110695,-0.43870726227760315,0.07413480430841446,0.7540417313575745,103,14
0.002420663833618164,positive,10.0,10.0,0.014056310057640076,0.518308699131012,0.0730523094534874,-0.30185332894325256,103,27
0.0024902820587158203,positive,10.0,10.0,0.024422483518719673,0.7123175263404846,0.06701524555683136,-0.5706321597099304,103,28
0.0028328895568847656,positive,10.0,10.0,0.0969158187508583,1.1000434160232544,0.00021834438666701317,-1.0990389585494995,103,32
0.0029954910278320312,positive,10.0,10.0,0.13701505959033966,1.1003320217132568,-0.037888187915086746,-1.1057358980178833,103,34
0.0030612945556640625,positive,10.0,10.0,0.15902170538902283,0.9057281613349915,-0.06000290438532829,-0.8251760601997375,103,35
0.0033881664276123047,negative,10.0,-10.0,0.2393980324268341,0.910462498664856,-0.14040663838386536,-0.9365498423576355,103,39
0.00033020973205566406,positive,10.0,10.0,-0.03535988926887512,-0.22881831228733063,0.042940448969602585,0.3553052544593811,104,1
0.0005173683166503906,positive,10.0,10.0,-0.04062290117144585,-0.23013471066951752,0.05157586932182312,0.38450920581817627,104,3
0.0007641315460205078,positive,10.0,10.0,-0.05057523399591446,-0.037500396370887756,0.0698225274682045,0.14660057425498962,104,6
0.0009021759033203125,positive,10.0,10.0,-0.05599622428417206,-0.03952692449092865,0.0819639042019844,0.19157585501670837,104,8
0.0009644031524658203,positive,10.0,10.0,-0.05678676441311836,0.15433265268802643,0.08579542487859726,-0.07416687160730362,104,9
0.001272439956665039,positive,10.0,10.0,-0.03678249940276146,0.14970935881137848,0.07137279957532883,0.02816995047032833,104,13
0.0014309883117675781,positive,10.0,10.0,-0.03471550717949867,-0.24242742359638214,0.07878600805997849,0.656962513923645,104,15
0.0014939308166503906,positive,10.0,10.0,-0.03956405445933342,-0.04848547652363777,0.09192526340484619,0.3900911509990692,104,16
0.0018124580383300781,positive,10.0,10.0,-0.02020769566297531,0.7258784770965576,0.09183190762996674,-0.6503033638000488,104,20
0.0018794536590576172,positive,10.0,10.0,-0.005690126214176416,0.9196094870567322,0.07882583886384964,-0.9127147197723389,104,21
0.0025472640991210938,positive,10.0,10.0,0.14893876016139984,0.9180455207824707,-0.07161228358745575,-0.876410186290741,104,29
0.003729104995727539,positive,10.0,10.0,0.20955510437488556,0.15694165229797363,-0.07499491423368454,-0.13181138038635254,104,43
0.0037910938262939453,positive,10.0,10.0,0.2126939445734024,-0.037030380219221115,-0.0776311382651329,0.13630101084709167,104,44
0.0038504600524902344,positive,10.0,10.0,0.21195334196090698,-0.23095951974391937,-0.07490511983633041,0.4035179615020752,104,45
0.003912210464477539,positive,10.0,10.0,0.20733414590358734,-0.03485957533121109,-0.06683476269245148,0.08819135278463364,104,46
0.0039713382720947266,positive,10.0,10.0,0.2066369503736496,-0.22896303236484528,-0.06507093459367752,0.35906168818473816,104,47
0.004030466079711914,positive,10.0,10.0,0.20205768942832947,-0.03297930955886841,-0.057889699935913086,0.04659092798829079,104,48
0.004389762878417969,positive,10.0,10.0,0.19111473858356476,-0.22435489296913147,-0.045036058872938156,0.2568463683128357,104,53
0.004451274871826172,positive,10.0,10.0,0.18662764132022858,-0.41880589723587036,-0.039899133145809174,0.5349910259246826,104,54
0.004510164260864258,positive,10.0,10.0,0.17825151979923248,-0.2231462597846985,-0.02919931150972843,0.23000788688659668,104,55
0.00464630126953125,positive,10.0,10.0,0.16543181240558624,-0.2223794311285019,-0.014332368969917297,0.21300706267356873,104,57
0.005149126052856445,positive,10.0,10.0,0.12261386215686798,-0.4180595576763153,0.03255385532975197,0.5181710720062256,104,64
0.005208015441894531,positive,10.0,10.0,0.11425267159938812,-0.2234107106924057,0.04291727766394615,0.23592162132263184,104,65
0.005342960357666016,positive,10.0,10.0,0.10140208899974823,-0.2246975153684616,0.05847225338220596,0.26452574133872986,104,67
0.005625724792480469,positive,10.0,10.0,0.0833183228969574,0.16141000390052795,0.08202861249446869,-0.23085598647594452,104,71
0.006062030792236328,positive,10.0,10.0,0.09066585451364517,0.15523812174797058,0.07889317721128464,-0.09418962895870209,104,77
0.006121635437011719,positive,10.0,10.0,0.09377062320709229,0.3491458594799042,0.07700937986373901,-0.3609760105609894,104,78
0.006180286407470703,positive,10.0,10.0,0.1007535383105278,0.15301856398582458,0.06978986412286758,-0.04503858461976051,104,79
0.006238460540771484,positive,10.0,10.0,0.10381390899419785,-0.043031126260757446,0.0688890889286995,0.268821656703949,104,80
0.006607770919799805,negative,10.0,-10.0,0.06808911263942719,-0.24449221789836884,0.1473338007926941,0.707705557346344,104,85
0.006901741027832031,negative,10.0,-10.0,0.0638568177819252,0.13601751625537872,0.18669164180755615,0.33563128113746643,104,89
0.007040977478027344,negative,10.0,-10.0,0.07313837110996246,0.5199604630470276,0.19554710388183594,-0.11883475631475449,104,91
0.007100820541381836,negative,10.0,-10.0,0.08353757858276367,0.7118216156959534,0.19317041337490082,-0.344016432762146,104,92
0.007312774658203125,negative,10.0,-10.0,0.13776563107967377,0.8988000154495239,0.1589118242263794,-0.45660465955734253,104,95
0.0073740482330322266,negative,10.0,-10.0,0.1557416319847107,1.0913604497909546,0.14977973699569702,-0.6952822804450989,104,96
0.007749795913696289,positive,10.0,10.0,0.27229878306388855,1.6676208972930908,0.07724268734455109,-1.3697117567062378,104,101
0.007890939712524414,positive,10.0,10.0,0.3428851068019867,1.6660263538360596,0.017103053629398346,-1.3294802904129028,104,103
0.007952690124511719,positive,10.0,10.0,0.3762056529521942,1.4706928730010986,-0.009486551396548748,-1.0314948558807373,104,104
0.008088111877441406,positive,10.0,10.0,0.4311334788799286,1.0810048580169678,-0.044952552765607834,-0.45875027775764465,104,106
0.008147478103637695,positive,10.0,10.0,0.45275357365608215,0.8865461945533752,-0.05412755906581879,-0.1805686056613922,104,107
0.00820779800415039,positive,10.0,10.0,0.47048449516296387,1.0823992490768433,-0.057738933712244034,-0.4898236393928528,104,108
0.008268594741821289,positive,10.0,10.0,0.4921324849128723,0.8881373405456543,-0.0675354078412056,-0.21588219702243805,104,109
0.00832986831665039,positive,10.0,10.0,0.5098952054977417,1.0841565132141113,-0.07185304909944534,-0.5290809869766235,104,110
0.008388996124267578,positive,10.0,10.0,0.5315783619880676,1.2802118062973022,-0.08243466913700104,-0.8435118198394775,104,111
0.008687496185302734,negative,10.0,-10.0,0.6341441869735718,1.2858555316925049,-0.15337291359901428,-0.9757724404335022,104,115
0.008748054504394531,negative,10.0,-10.0,0.6598612666130066,1.0930861234664917,-0.1728883683681488,-0.7349276542663574,104,116
0.008961200714111328,negative,10.0,-10.0,0.7139108180999756,0.5168347954750061,-0.20307329297065735,-0.048630714416503906,104,119
0.009101629257202148,negative,10.0,-10.0,0.7307498455047607,0.13340973854064941,-0.20057101547718048,0.39576390385627747,104,121
0.009160757064819336,negative,10.0,-10.0,0.7334179878234863,-0.05838567763566971,-0.1926557421684265,0.6191163063049316,104,122
0.009219646453857422,negative,10.0,-10.0,0.7322502732276917,-0.2503691613674164,-0.1802734136581421,0.8454726934432983,104,123
0.009280920028686523,negative,10.0,-10.0,0.7272429466247559,-0.44263413548469543,-0.1633639633655548,1.076482892036438,104,124
0.009645462036132812,positive,10.0,10.0,0.6755535006523132,-1.0195053815841675,-0.05300337076187134,1.7553263902664185,104,129
0.009786367416381836,positive,10.0,10.0,0.6308836340904236,-1.4089207649230957,0.02272445149719715,2.3181557655334473,104,131
0.009849786758422852,positive,10.0,10.0,0.602705180644989,-1.604241967201233,0.06908756494522095,2.6177423000335693,104,132
0.009992599487304688,negative,10.0,-10.0,0.5424261093139648,-1.605699062347412,0.16838125884532928,2.6743710041046143,104,134
0.00021266937255859375,positive,10.0,10.0,0.014927378855645657,-0.030899494886398315,0.02545051835477352,-0.02534615434706211,105,0
0.0004181861877441406,positive,10.0,10.0,0.009781848639249802,-0.42184579372406006,0.030448731034994125,0.5757014155387878,105,2
0.0004911422729492188,positive,10.0,10.0,0.001344932708889246,-0.22716361284255981,0.04196276143193245,0.2927640676498413,105,3
0.0005631446838378906,positive,10.0,10.0,-0.0031983396038413048,-0.03266430273652077,0.04781804233789444,0.013605357147753239,105,4
0.0007219314575195312,positive,10.0,10.0,-0.008420391008257866,-0.03403295949101448,0.05450982227921486,0.043845999985933304,105,6
0.0009412765502929688,positive,10.0,10.0,-0.014410899952054024,-0.23155909776687622,0.06402108818292618,0.390214741230011,105,9
0.0010023117065429688,positive,10.0,10.0,-0.019042082130908966,-0.037401434034109116,0.07182538509368896,0.11838424950838089,105,10
0.0010623931884765625,positive,10.0,10.0,-0.019790111109614372,0.15662184357643127,0.0741930678486824,-0.15080176293849945,105,11
0.0013003349304199219,positive,10.0,10.0,-0.0065544722601771355,-0.04141023010015488,0.06069447845220566,0.20687313377857208,105,14
0.0013637542724609375,positive,10.0,10.0,-0.007382676936686039,0.15279366075992584,0.06483194231987,-0.06606308370828629,105,15
0.0015039443969726562,positive,10.0,10.0,-0.005190704017877579,-0.2391638308763504,0.06843767315149307,0.5583696961402893,105,17
0.0015664100646972656,positive,10.0,10.0,-0.009973980486392975,-0.045065924525260925,0.07960506528615952,0.2880094051361084,105,18
0.0017046928405761719,positive,10.0,10.0,-0.007898581214249134,0.34263649582862854,0.08579438924789429,-0.2431184947490692,105,20
0.001924276351928711,positive,10.0,10.0,0.02428942173719406,0.9244093298912048,0.055307433009147644,-1.0432746410369873,105,23
0.002065896987915039,positive,10.0,10.0,0.05734957382082939,0.923227846622467,0.019766835495829582,-1.0154024362564087,105,25
0.002208709716796875,positive,10.0,10.0,0.09037108719348907,0.9229773879051208,-0.01487278938293457,-1.009432077407837,105,27
0.002270936965942383,positive,10.0,10.0,0.10883063822984695,0.7280570864677429,-0.03506143018603325,-0.7214563488960266,105,28
0.002335071563720703,positive,10.0,10.0,0.1233917772769928,0.923646092414856,-0.0494905561208725,-1.0249654054641724,105,29
0.002396106719970703,positive,10.0,10.0,0.14186470210552216,0.7292168140411377,-0.06998986750841141,-0.7482230067253113,105,30
0.0024590492248535156,positive,10.0,10.0,0.15644903481006622,0.9252309203147888,-0.08495432883501053,-1.0620845556259155,105,31
0.0027577877044677734,negative,10.0,-10.0,0.20722854137420654,0.5413432717323303,-0.1386938840150833,-0.6193903088569641,105,35
0.0029785633087158203,negative,10.0,-10.0,0.22813774645328522,-0.0368235744535923,-0.1611880213022232,0.10685285925865173,105,38
0.0030395984649658203,negative,10.0,-10.0,0.2274012714624405,0.16019710898399353,-0.15905095636844635,-0.23203161358833313,105,39
0.0030999183654785156,negative,10.0,-10.0,0.23060521483421326,-0.03233702853322029,-0.16369159519672394,0.006560263689607382,105,40
0.0031626224517822266,negative,10.0,-10.0,0.22995847463607788,-0.2247791737318039,-0.1635603904724121,0.24345405399799347,105,41
0.0032248497009277344,negative,10.0,-10.0,0.2254628986120224,-0.41723307967185974,-0.15869131684303284,0.4804094731807709,105,42
0.0032858848571777344,negative,10.0,-10.0,0.21711823344230652,-0.22026877105236053,-0.14908312261104584,0.14221563935279846,105,43
0.003426074981689453,negative,10.0,-10.0,0.20445333421230316,-0.21611344814300537,-0.1385507732629776,0.0494188517332077,105,45
0.0034873485565185547,negative,10.0,-10.0,0.20013107359409332,-0.4090048372745514,-0.13756239414215088,0.29537954926490784,105,46
0.004107952117919922,positive,10.0,10.0,0.1045113205909729,-1.1757967472076416,-0.06641142815351486,1.1647453308105469,105,54
0.004250049591064453,positive,10.0,10.0,0.05359549820423126,-1.564558982849121,-0.014398743398487568,1.714792251586914,105,56
0.004312753677368164,positive,10.0,10.0,0.022304316982626915,-1.7595127820968628,0.0198971014469862,2.002959728240967,105,57
0.0045318603515625,negative,10.0,-10.0,-0.0949917659163475,-1.9562965631484985,0.15823610126972198,2.3537535667419434,105,60
0.00034737586975097656,positive,10.0,10.0,-0.04036153480410576,-0.2199723869562149,-7.329265645239502e-05,0.26751574873924255,106,1
0.0007045269012451172,positive,10.0,10.0,-0.05796362832188606,-0.22025837004184723,0.02142302319407463,0.273871511220932,106,5
0.0007789134979248047,positive,10.0,10.0,-0.06236879527568817,-0.41567933559417725,0.026900453492999077,0.5732336044311523,106,6
0.0008447170257568359,positive,10.0,10.0,-0.07068238407373428,-0.22094468772411346,0.03836512565612793,0.2891450524330139,106,7
0.0009081363677978516,positive,10.0,10.0,-0.07510127872228622,-0.02639021910727024,0.044148027896881104,0.008804679848253727,106,8
0.0010533332824707031,positive,10.0,10.0,-0.08007141202688217,-0.027653131633996964,0.050625789910554886,0.03670180216431618,106,10
0.0011157989501953125,positive,10.0,10.0,-0.08062447607517242,-0.22346313297748566,0.05135982483625412,0.3449181318283081,106,11
0.0011832714080810547,positive,10.0,10.0,-0.08509373664855957,-0.02910798415541649,0.058258187025785446,0.06886296719312668,106,12
0.0013263225555419922,positive,10.0,10.0,-0.09017619490623474,-0.030788084492087364,0.06722230464220047,0.10604313760995865,106,14
0.0016222000122070312,positive,10.0,10.0,-0.09275876730680466,0.35507485270500183,0.07834704965353012,-0.3842407166957855,106,18
0.0019145011901855469,positive,10.0,10.0,-0.08788448572158813,-0.03916095942258835,0.08542583882808685,0.2915017902851105,106,22
0.002053499221801758,positive,10.0,10.0,-0.08557479828596115,0.348348468542099,0.09179461002349854,-0.23561660945415497,106,24
0.002112865447998047,positive,10.0,10.0,-0.07860782742500305,0.5420472025871277,0.08708227425813675,-0.49799174070358276,106,25
0.0021800994873046875,positive,10.0,10.0,-0.06776688247919083,0.735840380191803,0.07712244242429733,-0.7620100975036621,106,26
0.0023202896118164062,positive,10.0,10.0,-0.04225516319274902,0.7339399456977844,0.05296042189002037,-0.7186430096626282,106,28
0.0023832321166992188,positive,10.0,10.0,-0.02757636271417141,0.928290605545044,0.03858756273984909,-0.9941971302032471,106,29
0.002445220947265625,positive,10.0,10.0,-0.009010550566017628,1.122875690460205,0.01870362088084221,-1.2745156288146973,106,30
0.0025060176849365234,positive,10.0,10.0,0.01344696432352066,0.9275202751159668,-0.006786691956222057,-0.9760351181030273,106,31
0.0025665760040283203,positive,10.0,10.0,0.03199736773967743,0.7324899435043335,-0.026307392865419388,-0.685491681098938,106,32
0.002629995346069336,positive,10.0,10.0,0.046647168695926666,0.9279670715332031,-0.040017228573560715,-0.9863393902778625,106,33
0.002690553665161133,positive,10.0,10.0,0.06520651280879974,0.7334032654762268,-0.05974401533603668,-0.7064892053604126,106,34
0.0027494430541992188,positive,10.0,10.0,0.07987457513809204,0.9292997717857361,-0.07387379556894302,-1.0173640251159668,106,35
0.0035135746002197266,positive,10.0,10.0,0.12275776267051697,-0.22557049989700317,-0.09147617965936661,0.39285725355148315,106,45
0.003577709197998047,positive,10.0,10.0,0.11824635416269302,-0.41928333044052124,-0.08361902832984924,0.6553550958633423,106,46
0.0036406517028808594,positive,10.0,10.0,0.10986068844795227,-0.6131476759910583,-0.07051192969083786,0.920580267906189,106,47
0.003703594207763672,positive,10.0,10.0,0.09759773313999176,-0.8072494864463806,-0.052100323140621185,1.1902961730957031,106,48
0.003766775131225586,positive,10.0,10.0,0.08145274221897125,-1.0016590356826782,-0.028294401243329048,1.4662041664123535,106,49
0.003985166549682617,positive,10.0,10.0,0.025268765166401863,-0.8065224289894104,0.053482551127672195,1.1728392839431763,106,52
0.005063533782958984,positive,10.0,10.0,0.05046773701906204,1.1236504316329956,0.05901730805635452,-1.294349193572998,106,66
0.0052032470703125,positive,10.0,10.0,0.09149734675884247,0.7322805523872375,0.013454536907374859,-0.6808871030807495,106,68
0.005570888519287109,positive,10.0,10.0,0.17253507673740387,0.9286289215087891,-0.06645834445953369,-1.002099871635437,106,73
0.005637407302856445,positive,10.0,10.0,0.19110766053199768,0.734454870223999,-0.08650033921003342,-0.7310061454772949,106,74
0.006399869918823242,positive,10.0,10.0,0.22626148164272308,-0.030051223933696747,-0.09407265484333038,0.08998294174671173,106,84
0.006621599197387695,positive,10.0,10.0,0.2206382304430008,-0.22120563685894012,-0.08461621403694153,0.2958902418613434,106,87
0.006682872772216797,positive,10.0,10.0,0.216214120388031,-0.024985723197460175,-0.07869841158390045,-0.022234071046113968,106,88
0.0068204402923583984,positive,10.0,10.0,0.21133649349212646,-0.41280362010002136,-0.07425074279308319,0.5113248229026794,106,90
0.0068819522857666016,positive,10.0,10.0,0.203080415725708,-0.21671858429908752,-0.06402424722909927,0.1961980164051056,106,91
0.006944894790649414,positive,10.0,10.0,0.19874604046344757,-0.4108690917491913,-0.06010028347373009,0.4680168330669403,106,92
0.00700831413269043,positive,10.0,10.0,0.19052866101264954,-0.21495184302330017,-0.05073994770646095,0.1570126861333847,106,93
0.007227897644042969,positive,10.0,10.0,0.173772394657135,-0.408092737197876,-0.03641503304243088,0.4061162769794464,106,96
0.0072934627532958984,positive,10.0,10.0,0.16561053693294525,-0.21247383952140808,-0.028292708098888397,0.10217880457639694,106,97
0.007513523101806641,positive,10.0,10.0,0.15678800642490387,-0.40637075901031494,-0.028535140678286552,0.36798641085624695,106,100
0.007825851440429688,positive,10.0,10.0,0.13212476670742035,-0.4052048921585083,-0.011729146353900433,0.34211465716362,106,104
0.00815892219543457,positive,10.0,10.0,0.11533194780349731,-0.4047839939594269,-0.00808175839483738,0.3328115940093994,106,108
0.008320808410644531,positive,10.0,10.0,0.10304531455039978,-0.40464940667152405,-0.0006737041985616088,0.32982391119003296,106,110
0.008395195007324219,positive,10.0,10.0,0.09495232254266739,-0.20951788127422333,0.005922773852944374,0.036928605288267136,106,111
0.00864267349243164,positive,10.0,10.0,0.0784735232591629,-0.4050077497959137,0.01410882268100977,0.3377459943294525,106,114
0.008705377578735352,positive,10.0,10.0,0.07037337124347687,-0.21008938550949097,0.020863741636276245,0.049545396119356155,106,115
0.008769035339355469,positive,10.0,10.0,0.06617157906293869,-0.4055041968822479,0.021854650229215622,0.34873729944229126,106,116
0.00920414924621582,positive,10.0,10.0,0.053847502917051315,-0.40622296929359436,0.030089901760220528,0.3646627962589264,106,118
0.009274482727050781,positive,10.0,10.0,0.045723043382167816,-0.2115412801504135,0.03738315775990486,0.08161754906177521,106,119
0.009338617324829102,positive,10.0,10.0,0.041492216289043427,-0.4071786105632782,0.0390155091881752,0.38585662841796875,106,120
0.009566068649291992,positive,10.0,10.0,0.020928191021084785,-0.2139943242073059,0.05710273236036301,0.13588687777519226,106,123
0.009628534317016602,positive,10.0,10.0,0.01664830558001995,-0.4098857045173645,0.059820469468832016,0.4460241198539734,106,124
0.00976872444152832,positive,10.0,10.0,0.0041374145075678825,-0.41169384121894836,0.0721965879201889,0.4863336384296417,106,126
0.010940074920654297,positive,10.0,10.0,0.014135475270450115,0.9306603074073792,0.08073071390390396,-1.0497324466705322,106,141
0.01100301742553711,positive,10.0,10.0,0.03274868056178093,1.1246238946914673,0.059736065566539764,-1.316021203994751,106,142
0.011382102966308594,positive,10.0,10.0,0.11390247941017151,0.9283192753791809,-0.022810226306319237,-0.9937947392463684,106,147
0.011443853378295898,positive,10.0,10.0,0.13246886432170868,0.7335097789764404,-0.04268611967563629,-0.7083621621131897,106,148
0.012533426284790039,positive,10.0,10.0,0.20349636673927307,-0.02837730385363102,-0.0852116271853447,0.05277635157108307,106,162
0.01282954216003418,positive,10.0,10.0,0.19356802105903625,-0.4138219952583313,-0.07248838245868683,0.5337267518043518,106,166
0.012897729873657227,positive,10.0,10.0,0.1852915734052658,-0.21775947511196136,-0.0618138425052166,0.21911239624023438,106,167
0.012960195541381836,positive,10.0,10.0,0.18093639612197876,-0.02181089296936989,-0.057431597262620926,-0.09241083264350891,106,168
0.01310276985168457,positive,10.0,10.0,0.17617887258529663,-0.4102904498577118,-0.05564753711223602,0.4550226926803589,106,170
0.013319730758666992,positive,10.0,10.0,0.15550746023654938,-0.21314100921154022,-0.03518098220229149,0.11685886979103088,106,173
0.013461589813232422,positive,10.0,10.0,0.14308980107307434,-0.2121695578098297,-0.02487904019653797,0.09538385272026062,106,175
0.013524293899536133,positive,10.0,10.0,0.13884641230106354,-0.4069262444972992,-0.022971363738179207,0.3801148235797882,106,176
0.013587713241577148,positive,10.0,10.0,0.13070788979530334,-0.21148575842380524,-0.015369066968560219,0.0802784264087677,106,177
0.01365208625793457,positive,10.0,10.0,0.1264781653881073,-0.40638405084609985,-0.01376349851489067,0.3680730164051056,106,178
0.013714790344238281,positive,10.0,10.0,0.11835049092769623,-0.2110692709684372,-0.00640203757211566,0.07108224183320999,106,179
0.01385951042175293,positive,10.0,10.0,0.10600712150335312,-0.2109064757823944,0.0022543759550899267,0.06748926639556885,106,181
0.01392221450805664,positive,10.0,10.0,0.10178899765014648,-0.40606066584587097,0.0036041613202542067,0.36088261008262634,106,182
0.014062643051147461,positive,10.0,10.0,0.089447982609272,-0.4062655568122864,0.012208580039441586,0.3654158413410187,106,184
0.01412653923034668,positive,10.0,10.0,0.08132266998291016,-0.2113192081451416,0.019516896456480026,0.0766073539853096,106,185
0.014424324035644531,positive,10.0,10.0,0.05657564103603363,-0.21273963153362274,0.03816423565149307,0.10800191760063171,106,189
0.014486551284790039,positive,10.0,10.0,0.05232084542512894,-0.40838712453842163,0.04032427445054054,0.4124769866466522,106,190
0.014549732208251953,positive,10.0,10.0,0.04415310546755791,-0.21385928988456726,0.0485738143324852,0.13277457654476166,106,191
0.014611244201660156,positive,10.0,10.0,0.03987592086195946,-0.40964215993881226,0.05122930556535721,0.4403775930404663,106,192
0.014673471450805664,positive,10.0,10.0,0.03168307617306709,-0.21528121829032898,0.060036856681108475,0.16427350044250488,106,193
0.014735221862792969,positive,10.0,10.0,0.027377452701330185,-0.4112089276313782,0.06332232803106308,0.47527581453323364,106,194
0.0002040863037109375,positive,10.0,10.0,-0.012986480258405209,0.002585453214123845,-0.03316478431224823,-0.041659701615571976,107,0
0.0005586147308349609,positive,10.0,10.0,-0.03613629937171936,-0.3859911262989044,-0.0026377213653177023,0.5069686770439148,107,4
0.0006201267242431641,positive,10.0,10.0,-0.043856121599674225,-0.19083212316036224,0.007501652464270592,0.2134556770324707,107,5
0.0007653236389160156,positive,10.0,10.0,-0.05539397522807121,-0.19110636413097382,0.021940676495432854,0.21954505145549774,107,7
0.0009059906005859375,positive,10.0,10.0,-0.05914219841361046,-0.19179418683052063,0.02500883862376213,0.23473608493804932,107,9
0.0009768009185791016,positive,10.0,10.0,-0.06297808140516281,-0.3872643709182739,0.02970355935394764,0.5352014899253845,107,10
0.0011203289031982422,positive,10.0,10.0,-0.07457482069730759,-0.38824737071990967,0.04544806852936745,0.5571734309196472,107,12
0.0013437271118164062,positive,10.0,10.0,-0.09400907903909683,-0.19547484815120697,0.07395710796117783,0.3166619837284088,107,15
0.0014891624450683594,positive,10.0,10.0,-0.09794817119836807,0.1924043744802475,0.08125411719083786,-0.21812091767787933,107,17
0.0015528202056884766,positive,10.0,10.0,-0.09410008788108826,0.3862764537334442,0.0768916979432106,-0.4841071367263794,107,18
0.0018494129180908203,positive,10.0,10.0,-0.07112039625644684,-0.007573420647531748,0.05252891406416893,0.1826791912317276,107,22
0.0019137859344482422,positive,10.0,10.0,-0.0712718665599823,-0.20340611040592194,0.05618249997496605,0.491459459066391,107,23
0.002053976058959961,positive,10.0,10.0,-0.07552238553762436,-0.2051202803850174,0.07035166025161743,0.5297524929046631,107,25
0.002270936965942383,positive,10.0,10.0,-0.07618941366672516,0.3766114413738251,0.08602647483348846,-0.2703600227832794,107,28
0.0023310184478759766,positive,10.0,10.0,-0.06865718215703964,0.5704071521759033,0.08061927556991577,-0.5347180366516113,107,29
0.002547740936279297,positive,10.0,10.0,-0.02279476821422577,0.7626134753227234,0.032489113509655,-0.7617397308349609,107,32
0.0026106834411621094,positive,10.0,10.0,-0.007542497478425503,0.5670593976974487,0.01725432090461254,-0.4590132534503937,107,33
0.002675771713256836,positive,10.0,10.0,0.0037986906245350838,0.7619332671165466,0.008074055425822735,-0.7462080121040344,107,34
0.002736806869506836,positive,10.0,10.0,0.019037356600165367,0.9569428563117981,-0.006850105244666338,-1.0363391637802124,107,35
0.002797842025756836,positive,10.0,10.0,0.03817621245980263,0.7619126439094543,-0.027576887980103493,-0.7458146214485168,107,36
0.002858400344848633,positive,10.0,10.0,0.053414467722177505,0.5671818852424622,-0.04249317944049835,-0.4619360566139221,107,37
0.0029997825622558594,positive,10.0,10.0,0.08001565933227539,0.9586723446846008,-0.06708598881959915,-1.0762054920196533,107,39
0.0030629634857177734,positive,10.0,10.0,0.09918911010026932,1.1546133756637573,-0.08861009776592255,-1.3891643285751343,107,40
0.003432750701904297,negative,10.0,-10.0,0.175959974527359,0.18928511440753937,-0.1765555739402771,-0.15073488652706146,107,45
0.003877878189086914,negative,10.0,-10.0,0.16437198221683502,-0.1854659914970398,-0.15948857367038727,0.09655537456274033,107,51
0.003938913345336914,negative,10.0,-10.0,0.1606626659631729,-0.3779853880405426,-0.15755747258663177,0.3349783718585968,107,52
0.003998517990112305,negative,10.0,-10.0,0.15310294926166534,-0.1810130476951599,-0.15085789561271667,-0.002950923517346382,107,53
0.0040569305419921875,negative,10.0,-10.0,0.14948269724845886,-0.373685747385025,-0.1509169191122055,0.2385915070772171,107,54
0.004194736480712891,negative,10.0,-10.0,0.13068166375160217,-0.7591550350189209,-0.13654258847236633,0.7234123945236206,107,56
0.004419565200805664,positive,10.0,10.0,0.07354671508073807,-1.3391019105911255,-0.07822708040475845,1.4809989929199219,107,59
0.004481077194213867,positive,10.0,10.0,0.04676467552781105,-1.5331870317459106,-0.048607099801301956,1.7482610940933228,107,60
0.0046198368072509766,positive,10.0,10.0,-0.018453549593687057,-1.9227025508880615,0.026866870000958443,2.3138670921325684,107,62
0.0004181861877441406,positive,10.0,10.0,0.04662788659334183,0.028278639540076256,-0.0074450233951210976,0.014219564385712147,108,2
0.0004975795745849609,positive,10.0,10.0,0.047193460166454315,-0.16673575341701508,-0.007160631939768791,0.30454424023628235,108,3
0.0006518363952636719,positive,10.0,10.0,0.044428493827581406,-0.16661909222602844,-0.0008775145397521555,0.3019568622112274,108,5
0.0007154941558837891,positive,10.0,10.0,0.04109611362218857,0.02851536124944687,0.005161622539162636,0.00899730809032917,108,6
0.0007746219635009766,positive,10.0,10.0,0.0416664220392704,-0.1666802316904068,0.005341568496078253,0.3033043146133423,108,7
0.0008347034454345703,positive,10.0,10.0,0.03833281621336937,0.028365185484290123,0.011407654732465744,0.012310768477618694,108,8
0.0008945465087890625,positive,10.0,10.0,0.038900118321180344,-0.16691848635673523,0.011653870344161987,0.3085710108280182,108,9
0.0009570121765136719,positive,10.0,10.0,0.03556175157427788,0.028035486117005348,0.01782529056072235,0.019586054608225822,108,10
0.0011756420135498047,positive,10.0,10.0,0.03332611545920372,-0.1679452657699585,0.025192931294441223,0.33129042387008667,108,13
0.0012373924255371094,positive,10.0,10.0,0.029967211186885834,0.026809189468622208,0.03181874006986618,0.04665738716721535,108,14
0.0012969970703125,positive,10.0,10.0,0.030503394082188606,-0.1687542349100113,0.032751888036727905,0.34920716285705566,108,15
0.0015153884887695312,positive,10.0,10.0,0.024250419810414314,-0.36546218395233154,0.048516206443309784,0.6773262023925781,108,18
0.0017311573028564453,positive,10.0,10.0,0.01398309227079153,-0.17290960252285004,0.07262513786554337,0.44175592064857483,108,21
0.00179290771484375,positive,10.0,10.0,0.010524900630116463,0.02111351676285267,0.08146025240421295,0.17282144725322723,108,22
0.0020139217376708984,positive,10.0,10.0,0.02342257648706436,0.2125910520553589,0.07589838653802872,-0.04014907777309418,108,25
0.002075672149658203,positive,10.0,10.0,0.027674397453665733,0.4065471887588501,0.07509540766477585,-0.30795302987098694,108,26
0.002138376235961914,positive,10.0,10.0,0.035805340856313705,0.2104400247335434,0.06893634796142578,0.007435994688421488,108,27
0.0024292469024658203,positive,10.0,10.0,0.052520375698804855,0.596386194229126,0.07218435406684875,-0.4846068024635315,108,31
0.0025682449340820312,positive,10.0,10.0,0.08025648444890976,0.9846264123916626,0.047418322414159775,-1.026076078414917,108,33
0.002628326416015625,positive,10.0,10.0,0.09994900971651077,0.7889062762260437,0.026896802708506584,-0.7188901305198669,108,34
0.002687215805053711,positive,10.0,10.0,0.11572713404893875,0.9836459159851074,0.01251900102943182,-1.002987265586853,108,35
0.002977609634399414,positive,10.0,10.0,0.18661409616470337,0.9844323396682739,-0.05601058155298233,-1.021157145500183,108,39
0.0031158924102783203,positive,10.0,10.0,0.2221047431230545,0.5961108207702637,-0.09136519581079483,-0.4788896143436432,108,41
0.003804922103881836,positive,10.0,10.0,0.2524167001247406,0.02331094816327095,-0.08350323140621185,0.12426663190126419,108,50
0.004093647003173828,positive,10.0,10.0,0.24661853909492493,0.027717232704162598,-0.06495832651853561,0.026676954701542854,108,54
0.004229545593261719,positive,10.0,10.0,0.24384456872940063,0.029562393203377724,-0.058461226522922516,-0.014107195660471916,108,56
0.0042972564697265625,positive,10.0,10.0,0.24443581700325012,-0.1646745353937149,-0.058743368834257126,0.2595726549625397,108,57
0.00451207160949707,positive,10.0,10.0,0.23850542306900024,-0.3573813736438751,-0.05008736252784729,0.4992542266845703,108,60
0.004651546478271484,positive,10.0,10.0,0.22812597453594208,-0.3561163544654846,-0.03627794608473778,0.47098401188850403,108,62
0.00478816032409668,positive,10.0,10.0,0.21779362857341766,-0.3552286624908447,-0.023516444489359856,0.45118144154548645,108,64
0.004925727844238281,positive,10.0,10.0,0.20749340951442719,-0.35469362139701843,-0.011469224467873573,0.4392552971839905,108,66
0.0049860477447509766,positive,10.0,10.0,0.20039953291416168,-0.1594112366437912,-0.002684118924662471,0.14297910034656525,108,67
0.005045890808105469,positive,10.0,10.0,0.19721131026744843,-0.3544946610927582,0.00017546300659887493,0.4348140358924866,108,68
0.0051860809326171875,positive,10.0,10.0,0.18693391978740692,-0.35462304949760437,0.011715471744537354,0.437654972076416,108,70
0.005248308181762695,positive,10.0,10.0,0.17984145879745483,-0.5499088764190674,0.02046857215464115,0.7340078353881836,108,71
0.00531005859375,positive,10.0,10.0,0.16884328424930573,-0.7453075647354126,0.035148728638887405,1.0330617427825928,108,72
0.0053708553314208984,positive,10.0,10.0,0.15393713116645813,-0.9408788681030273,0.05580996349453926,1.3365691900253296,108,73
0.005429744720458984,positive,10.0,10.0,0.13511955738067627,-1.1366578340530396,0.08254134654998779,1.6461799144744873,108,74
0.005651235580444336,negative,10.0,-10.0,0.05515789985656738,-1.7249587774276733,0.20052321255207062,2.625576972961426,108,77
0.00039649009704589844,positive,10.0,10.0,0.008445903658866882,0.004694935400038958,0.037725675851106644,0.0264448132365942,109,2
0.0006468296051025391,positive,10.0,10.0,0.00479305861517787,-0.19212570786476135,0.04587852582335472,0.3569052219390869,109,5
0.0008556842803955078,positive,10.0,10.0,-0.002873662393540144,0.0007808568770997226,0.06235656142234802,0.11298061907291412,109,8
0.0009119510650634766,positive,10.0,10.0,-0.0028580452781170607,-0.1951766014099121,0.06461617350578308,0.42466649413108826,109,9
0.001256704330444336,positive,10.0,10.0,0.016434580087661743,0.7750697731971741,0.05314825475215912,-0.923073410987854,109,14
0.0013153553009033203,positive,10.0,10.0,0.03193597495555878,0.5792716145515442,0.03468678891658783,-0.614172637462616,109,15
0.001371622085571289,positive,10.0,10.0,0.04352140799164772,0.7738921046257019,0.022403335198760033,-0.8957319855690002,109,16
0.0014274120330810547,positive,10.0,10.0,0.05899925157427788,0.578473687171936,0.004488696344196796,-0.5960918664932251,109,17
0.0014834403991699219,positive,10.0,10.0,0.07056872546672821,0.7735325694084167,-0.007433140650391579,-0.8873574733734131,109,18
0.001611948013305664,positive,10.0,10.0,0.09760961681604385,0.7739773988723755,-0.037120699882507324,-0.8975273966789246,109,20
0.0017404556274414062,positive,10.0,10.0,0.12467671930789948,0.7752240300178528,-0.0674060508608818,-0.9262468814849854,109,22
0.0018017292022705078,positive,10.0,10.0,0.14018119871616364,0.5810739398002625,-0.08593098819255829,-0.6554854512214661,109,23
0.0022916793823242188,positive,10.0,10.0,0.15582168102264404,0.006091241259127855,-0.0918126180768013,-0.0043669408187270164,109,30
0.002489805221557617,positive,10.0,10.0,0.14456544816493988,-0.1850711554288864,-0.07633337378501892,0.20162829756736755,109,33
0.0028274059295654297,positive,10.0,10.0,0.11845769733190536,-0.3755607306957245,-0.048962611705064774,0.392059862613678,109,38
0.0029647350311279297,positive,10.0,10.0,0.1073508933186531,0.015907183289527893,-0.03943440318107605,-0.22101746499538422,109,40
0.0030241012573242188,positive,10.0,10.0,0.10766903311014175,-0.1786295622587204,-0.04385475069284439,0.05897009000182152,109,41
0.0030829906463623047,positive,10.0,10.0,0.1040964424610138,0.017092851921916008,-0.04267534986138344,-0.24722042679786682,109,42
0.003280162811279297,positive,10.0,10.0,0.09345436841249466,-0.17604349553585052,-0.04080594703555107,0.0018655902240425348,109,45
0.0035490989685058594,positive,10.0,10.0,0.06383130699396133,-0.1740223914384842,-0.018773486837744713,-0.04272415116429329,109,49
0.0036063194274902344,positive,10.0,10.0,0.06035086140036583,-0.36887016892433167,-0.019627969712018967,0.24397693574428558,109,50
0.003663301467895508,positive,10.0,10.0,0.05297345668077469,-0.5637063384056091,-0.014748431742191315,0.5304046869277954,109,51
0.003934621810913086,positive,10.0,10.0,0.015696316957473755,-0.563605546951294,0.015650928020477295,0.5281027555465698,109,55
0.003992557525634766,positive,10.0,10.0,0.004424205515533686,-0.3687072694301605,0.026212984696030617,0.2403923124074936,109,56
0.00404810905456543,positive,10.0,10.0,-0.002949940273538232,-0.5641936659812927,0.03102082945406437,0.5412269234657288,109,57
0.004247426986694336,positive,10.0,10.0,-0.03292853385210037,-0.37078291177749634,0.05829610675573349,0.28655144572257996,109,60
0.004375457763671875,positive,10.0,10.0,-0.043874964118003845,-0.3725176751613617,0.0642833262681961,0.32498666644096375,109,62
0.004716396331787109,positive,10.0,10.0,-0.07352038472890854,-0.18267641961574554,0.08945586532354355,0.14875425398349762,109,67
0.004773378372192383,positive,10.0,10.0,-0.07717391103506088,-0.3789578974246979,0.0924309492111206,0.4682641923427582,109,68
0.005185365676879883,positive,10.0,10.0,-0.08017510920763016,0.392442911863327,0.09399601817131042,-0.5063934922218323,109,74
0.005312681198120117,positive,10.0,10.0,-0.06840363144874573,0.3899589478969574,0.08015552908182144,-0.4507230520248413,109,76
0.005440473556518555,positive,10.0,10.0,-0.05672844871878624,-0.0022647979203611612,0.0684632807970047,0.180362269282341,109,78
0.005571603775024414,positive,10.0,10.0,-0.0607396699488163,-0.004260804504156113,0.08194718509912491,0.22470586001873016,109,80
0.00562739372253418,positive,10.0,10.0,-0.060824885964393616,0.1896001398563385,0.08644130825996399,-0.041044216603040695,109,81
0.005894660949707031,positive,10.0,10.0,-0.038001205772161484,0.5749463438987732,0.07471028715372086,-0.5199057459831238,109,85
0.0059506893157958984,positive,10.0,10.0,-0.026502281427383423,0.7689414024353027,0.0643121749162674,-0.788142204284668,109,86
0.00626063346862793,positive,10.0,10.0,0.05806634947657585,0.9620819091796875,-0.023220840841531754,-1.0351561307907104,109,91
0.006305217742919922,positive,10.0,10.0,0.07730799168348312,0.7672762870788574,-0.043923962861299515,-0.7498527765274048,109,92
0.0064203739166259766,positive,10.0,10.0,0.11191302537918091,0.7686820030212402,-0.08004157990217209,-0.782406210899353,109,94
0.006856203079223633,negative,10.0,-10.0,0.18121254444122314,0.003618978662416339,-0.14404909312725067,0.05081844702363014,109,102
0.006902456283569336,negative,10.0,-10.0,0.18128491938114166,-0.18917521834373474,-0.1430327296257019,0.29481041431427,109,103
0.007011890411376953,negative,10.0,-10.0,0.17765472829341888,-0.18525075912475586,-0.13792338967323303,0.207121804356575,109,105
0.007501125335693359,positive,10.0,10.0,0.12219706177711487,-0.755039393901825,-0.09426999092102051,0.74344801902771,109,114
0.007600545883178711,positive,10.0,10.0,0.08812142163515091,-1.1427193880081177,-0.059300266206264496,1.271767497062683,109,116
0.007752895355224609,positive,10.0,10.0,0.007891591638326645,-1.7268247604370117,0.033585891127586365,2.1189961433410645,109,119
0.007796525955200195,positive,10.0,10.0,-0.026644902303814888,-1.922264814376831,0.07596581429243088,2.421863079071045,109,120
0.007897138595581055,negative,10.0,-10.0,-0.09964771568775177,-1.5341763496398926,0.1674717366695404,1.9016096591949463,109,122
0.00043010711669921875,positive,10.0,10.0,0.01403813436627388,-0.16134628653526306,0.002991062356159091,0.24869617819786072,110,1
0.0005071163177490234,positive,10.0,10.0,0.010811208747327328,-0.35651081800460815,0.007964985445141792,0.5423210263252258,110,2
0.0005772113800048828,positive,10.0,10.0,0.0036809921730309725,-0.1615017205476761,0.018811406567692757,0.25215834379196167,110,3
0.0007414817810058594,positive,10.0,10.0,-0.0066867852583527565,-0.16210824251174927,0.03486886993050575,0.2656422257423401,110,5
0.0008122920989990234,positive,10.0,10.0,-0.009928950108587742,-0.357710063457489,0.040181715041399,0.5691159963607788,110,6
0.0009717941284179688,positive,10.0,10.0,-0.020346632227301598,0.031176159158349037,0.057351190596818924,0.013373005203902721,110,8
0.001041412353515625,positive,10.0,10.0,-0.019723108038306236,-0.1647193878889084,0.057618647813797,0.3235852122306824,110,9
0.0011353492736816406,positive,10.0,10.0,-0.02301749587059021,0.02953680418431759,0.06409035623073578,0.04961499199271202,110,10
0.0012035369873046875,positive,10.0,10.0,-0.02242675982415676,0.22368399798870087,0.06508265435695648,-0.22217823565006256,110,11
0.0012731552124023438,positive,10.0,10.0,-0.01795308105647564,0.027695095166563988,0.06063908711075783,0.09030351787805557,110,12
0.001340627670288086,positive,10.0,10.0,-0.017399178817868233,-0.1682412475347519,0.06244516000151634,0.40148481726646423,110,13
0.0014061927795410156,positive,10.0,10.0,-0.020764002576470375,0.025941960513591766,0.07047485560178757,0.12912465631961823,110,14
0.0015630722045898438,positive,10.0,10.0,-0.02364746481180191,0.02390119433403015,0.08192100375890732,0.17439432442188263,110,16
0.0016353130340576172,positive,10.0,10.0,-0.023169441148638725,0.21776098012924194,0.08540888875722885,-0.09136229753494263,110,17
0.0017957687377929688,positive,10.0,10.0,-0.010582992807030678,0.21535681188106537,0.07646317034959793,-0.038099709898233414,110,19
0.0018684864044189453,positive,10.0,10.0,-0.006275856401771307,0.019226379692554474,0.07570116966962814,0.27769458293914795,110,20
0.0019359588623046875,positive,10.0,10.0,-0.005891328677535057,0.21319131553173065,0.08125506341457367,0.009815342724323273,110,21
0.0020041465759277344,positive,10.0,10.0,-0.0016275023808702826,0.4070596396923065,0.08145137131214142,-0.25616493821144104,110,22
0.0020723342895507812,positive,10.0,10.0,0.006513690110296011,0.6009299159049988,0.07632807642221451,-0.5220860242843628,110,23
0.0021445751190185547,positive,10.0,10.0,0.018532289192080498,0.7948992252349854,0.06588635593652725,-0.7897741794586182,110,24
0.0022161006927490234,positive,10.0,10.0,0.03443027287721634,0.9890574812889099,0.05009086802601814,-1.0610231161117554,110,25
0.002393960952758789,positive,10.0,10.0,0.07788105309009552,0.9880080819129944,0.0021189504768699408,-1.0359981060028076,110,27
0.0026350021362304688,positive,10.0,10.0,0.1332630068063736,1.1837817430496216,-0.05427660793066025,-1.3441234827041626,110,30
0.0027022361755371094,positive,10.0,10.0,0.15693864226341248,0.9893829226493835,-0.0811590775847435,-1.068904161453247,110,31
0.003972768783569336,positive,10.0,10.0,0.1959841251373291,-0.7400704622268677,-0.09017838537693024,0.985372006893158,110,46
0.004213809967041016,positive,10.0,10.0,0.1399446278810501,-0.9323859810829163,-0.015137963928282261,1.2116940021514893,110,49
0.004536151885986328,positive,10.0,10.0,0.05754668265581131,-0.9336018562316895,0.09357187896966934,1.2421611547470093,110,53
0.004691600799560547,negative,10.0,-10.0,0.024078702554106712,-0.5464443564414978,0.13801902532577515,0.7269304990768433,110,55
0.004758596420288086,negative,10.0,-10.0,0.013149814680218697,-0.35347309708595276,0.1525576263666153,0.4806751012802124,110,56
0.0048253536224365234,negative,10.0,-10.0,0.0060803527012467384,-0.16079659759998322,0.1621711403131485,0.239695206284523,110,57
0.004894256591796875,negative,10.0,-10.0,0.002864420646801591,0.03168203681707382,0.1669650375843048,0.002235118066892028,110,58
0.004964351654052734,negative,10.0,-10.0,0.003498061327263713,0.2240649312734604,0.16700974106788635,-0.2334662526845932,110,59
0.005200624465942383,negative,10.0,-10.0,0.02069762907922268,0.412095308303833,0.1503564566373825,-0.37082231044769287,110,62
0.00527191162109375,negative,10.0,-10.0,0.028939535841345787,0.2151927500963211,0.14294001460075378,-0.03476227447390556,110,63
0.005421876907348633,negative,10.0,-10.0,0.03361021354794502,0.21117928624153137,0.14823246002197266,0.0547284297645092,110,65
0.005908012390136719,positive,10.0,10.0,0.1167919859290123,1.3692423105239868,0.08168020844459534,-1.4293822050094604,110,71
0.00597691535949707,positive,10.0,10.0,0.14417682588100433,1.5632661581039429,0.05309256538748741,-1.6954604387283325,110,72
0.006048440933227539,positive,10.0,10.0,0.1754421591758728,1.3675733804702759,0.019183358177542686,-1.3867329359054565,110,73
0.006112337112426758,positive,10.0,10.0,0.20279361307621002,1.172217607498169,-0.008551301434636116,-1.0881136655807495,110,74
0.006176948547363281,positive,10.0,10.0,0.2262379676103592,0.9772094488143921,-0.030313575640320778,-0.798126220703125,110,75
0.006329536437988281,positive,10.0,10.0,0.26923683285713196,0.9782504439353943,-0.06827987730503082,-0.8223764896392822,110,77
0.0064013004302978516,positive,10.0,10.0,0.2888018488883972,1.1742368936538696,-0.08472740650177002,-1.1357296705245972,110,78
0.007143259048461914,negative,10.0,-10.0,0.3999909460544586,0.21667009592056274,-0.16537748277187347,-0.0680050477385521,110,87
0.0074596405029296875,negative,10.0,-10.0,0.39423465728759766,-0.5532629489898682,-0.1424684077501297,0.8811487555503845,110,91
0.0077741146087646484,positive,10.0,10.0,0.3267923891544342,-1.327351689338684,-0.04207085818052292,1.9044063091278076,110,95
0.008159637451171875,negative,10.0,-10.0,0.1628517061471939,-1.5244303941726685,0.19510211050510406,2.2704713344573975,110,100
0.00036144256591796875,positive,10.0,10.0,-0.03145916014909744,-0.02228119783103466,-0.015713391825556755,0.024251336231827736,111,0
0.00048160552978515625,positive,10.0,10.0,-0.031904783099889755,-0.21717432141304016,-0.015228364616632462,0.3119353950023651,111,1
0.0005559921264648438,positive,10.0,10.0,-0.03624827042222023,-0.02183876559138298,-0.00898965634405613,0.014489060267806053,111,2
0.0007395744323730469,positive,10.0,10.0,-0.04102165624499321,-0.021585801616311073,-0.0026134327054023743,0.008908223360776901,111,4
0.001055002212524414,positive,10.0,10.0,-0.050550784915685654,-0.0216180682182312,0.009748865850269794,0.009620402939617634,111,8
0.0011208057403564453,positive,10.0,10.0,-0.05098314583301544,-0.21687845885753632,0.009941273368895054,0.3053632080554962,111,9
0.0011835098266601562,positive,10.0,10.0,-0.05532071366906166,-0.02189958095550537,0.01604853756725788,0.015832016244530678,111,10
0.001251220703125,positive,10.0,10.0,-0.05575870722532272,-0.21724796295166016,0.016365177929401398,0.3135349154472351,111,11
0.001323699951171875,positive,10.0,10.0,-0.06010366603732109,-0.022362925112247467,0.02263587713241577,0.02605765499174595,111,12
0.0014064311981201172,positive,10.0,10.0,-0.06055092439055443,-0.21780206263065338,0.0231570303440094,0.32579562067985535,111,13
0.0016489028930664062,positive,10.0,10.0,-0.07754289358854294,-0.02405332587659359,0.049036718904972076,0.0634114220738411,111,16
0.0018076896667480469,positive,10.0,10.0,-0.08242081850767136,-0.025470277294516563,0.05772801861166954,0.09474708139896393,111,18
0.0018727779388427734,positive,10.0,10.0,-0.08293022215366364,0.16877879202365875,0.059622958302497864,-0.17917855083942413,111,19
0.002015829086303711,positive,10.0,10.0,-0.0800975114107132,-0.2230214774608612,0.05867341533303261,0.4415241479873657,111,21
0.002161741256713867,positive,10.0,10.0,-0.08513347804546356,-0.22479678690433502,0.07086186856031418,0.4810900092124939,111,23
0.0029518604278564453,positive,10.0,10.0,-0.041488081216812134,0.5429820418357849,0.05754150450229645,-0.4111977517604828,111,33
0.0030171871185302734,positive,10.0,10.0,-0.030628439038991928,0.7372430562973022,0.04931754991412163,-0.6851991415023804,111,34
0.0031633377075195312,positive,10.0,10.0,0.0027493599336594343,0.7360649108886719,0.016374429687857628,-0.6583017110824585,111,36
0.003227710723876953,positive,10.0,10.0,0.01747065782546997,0.930955171585083,0.003208395093679428,-0.9457840323448181,111,37
0.003292083740234375,positive,10.0,10.0,0.036089763045310974,0.7357901334762573,-0.015707286074757576,-0.6520947813987732,111,38
0.003448963165283203,positive,10.0,10.0,0.06942810863256454,1.1266242265701294,-0.0477428212761879,-1.2512574195861816,111,40
0.0036764144897460938,negative,10.0,-10.0,0.14877183735370636,1.7143304347991943,-0.14139749109745026,-2.196025848388672,111,43
0.003749847412109375,negative,10.0,-10.0,0.1830584555864334,1.9105051755905151,-0.1853180080652237,-2.5287837982177734,111,44
0.0004246234893798828,positive,10.0,10.0,-0.0025798960123211145,-0.22604595124721527,0.012284785509109497,0.2693813741207123,112,1
0.000507354736328125,positive,10.0,10.0,-0.007100814953446388,-0.42134103178977966,0.01767241396009922,0.5659135580062866,112,2
0.0005812644958496094,positive,10.0,10.0,-0.0155276358127594,-0.226471409201622,0.02899068407714367,0.27885016798973083,112,3
0.0007369518280029297,positive,10.0,10.0,-0.028496956452727318,-0.22737373411655426,0.046178366988897324,0.29893776774406433,112,5
0.0008790493011474609,positive,10.0,10.0,-0.03370321914553642,-0.22876903414726257,0.052580494433641434,0.3298410177230835,112,7
0.0009524822235107422,positive,10.0,10.0,-0.03827860206365585,-0.03443346917629242,0.05917731672525406,0.05419209226965904,112,8
0.0010154247283935547,positive,10.0,10.0,-0.03896727040410042,0.1597922295331955,0.060261160135269165,-0.21924850344657898,112,9
0.0011639595031738281,positive,10.0,10.0,-0.036494165658950806,-0.2320135086774826,0.05771254748106003,0.4015932083129883,112,11
0.0013110637664794922,positive,10.0,10.0,-0.04188954830169678,-0.23375478386878967,0.06829740107059479,0.44032812118530273,112,13
0.0014505386352539062,positive,10.0,10.0,-0.047357894480228424,0.1542760133743286,0.08050261437892914,-0.09746509045362473,112,15
0.0015993118286132812,positive,10.0,10.0,-0.037309225648641586,0.15201203525066376,0.07127925008535385,-0.04732142761349678,112,17
0.0016641616821289062,positive,10.0,10.0,-0.03426898643374443,-0.04405577853322029,0.07033281773328781,0.2669718563556671,112,18
0.0018041133880615234,positive,10.0,10.0,-0.039952248334884644,-0.04612274095416069,0.0872919112443924,0.31306517124176025,112,20
0.001863718032836914,positive,10.0,10.0,-0.040874700993299484,0.1476542353630066,0.09355321526527405,0.0491376593708992,112,21
0.0020074844360351562,positive,10.0,10.0,-0.031095240265130997,0.5349709987640381,0.09028348326683044,-0.47405338287353516,112,23
0.0020673274993896484,positive,10.0,10.0,-0.02039582096040249,0.33869779109954834,0.08080241829156876,-0.15433534979820251,112,24
0.002125978469848633,positive,10.0,10.0,-0.013621864840388298,0.5325754284858704,0.07771570980548859,-0.4204728603363037,112,25
0.0022652149200439453,positive,10.0,10.0,0.011559946462512016,0.5305031538009644,0.05555267259478569,-0.37400710582733154,112,27
0.0023238658905029297,positive,10.0,10.0,0.022170009091496468,0.7247937917709351,0.04807252809405327,-0.6486693620681763,112,28
0.0024619102478027344,positive,10.0,10.0,0.05505017191171646,0.723636269569397,0.016582436859607697,-0.6223320364952087,112,30
0.0026159286499023438,positive,10.0,10.0,0.08789335191249847,0.723345160484314,-0.014059134759008884,-0.6157666444778442,112,32
0.002760648727416992,positive,10.0,10.0,0.12073346972465515,0.7239052653312683,-0.04463135451078415,-0.6285659074783325,112,34
0.0040776729583740234,positive,10.0,10.0,0.1909204125404358,-0.2281043380498886,-0.06758677214384079,0.3156294524669647,112,51
0.0043773651123046875,positive,10.0,10.0,0.17278142273426056,-0.2246188521385193,-0.04476418346166611,0.23821420967578888,112,55
0.0045168399810791016,positive,10.0,10.0,0.15990756452083588,-0.22341196238994598,-0.029670940712094307,0.21143333613872528,112,57
0.004581928253173828,positive,10.0,10.0,0.1554393321275711,-0.4180974066257477,-0.025442272424697876,0.4946109652519226,112,58
0.004648447036743164,positive,10.0,10.0,0.14707738161087036,-0.22262606024742126,-0.015550053678452969,0.1940196305513382,112,59
0.004708528518676758,positive,10.0,10.0,0.1426248550415039,-0.4175221621990204,-0.011669660918414593,0.48175689578056335,112,60
0.004769802093505859,positive,10.0,10.0,0.134274423122406,-0.2222374528646469,-0.0020345228258520365,0.1854189932346344,112,61
0.00483250617980957,positive,10.0,10.0,0.12982967495918274,-0.41733023524284363,0.0016738568665459752,0.4774594008922577,112,62
0.005157470703125,positive,10.0,10.0,0.10423608124256134,-0.41806909441947937,0.02843059040606022,0.49389415979385376,112,66
0.005774736404418945,positive,10.0,10.0,0.05260487273335457,-0.03428378701210022,0.09182975441217422,0.05105799809098244,112,74
0.005837917327880859,positive,10.0,10.0,0.05191919580101967,0.15940964221954346,0.09285090863704681,-0.21129795908927917,112,75
0.005896091461181641,positive,10.0,10.0,0.05510738864541054,0.3530898094177246,0.08862495422363281,-0.47330784797668457,112,76
0.006036520004272461,positive,10.0,10.0,0.06530589610338211,0.35073989629745483,0.07607760280370712,-0.4207574725151062,112,78
0.0060956478118896484,positive,10.0,10.0,0.07232069224119186,0.15462709963321686,0.06766244769096375,-0.10509391874074936,112,79
0.006308794021606445,positive,10.0,10.0,0.06983748823404312,-0.04331638664007187,0.08013883233070374,0.25084489583969116,112,82
0.0065190792083740234,positive,10.0,10.0,0.0788702517747879,0.5381948351860046,0.07924184948205948,-0.544933557510376,112,85
0.0065898895263671875,positive,10.0,10.0,0.08963414281606674,0.732119083404541,0.06834318488836288,-0.8116344809532166,112,86
0.006809711456298828,positive,10.0,10.0,0.13741080462932587,0.9251618385314941,0.014999430626630783,-1.0564345121383667,112,89
0.006871938705444336,positive,10.0,10.0,0.1559140384197235,0.729844331741333,-0.006129258777946234,-0.7590815424919128,112,90
0.006930828094482422,positive,10.0,10.0,0.1705109179019928,0.9250501990318298,-0.021310890093445778,-1.0536868572235107,112,91
0.00699305534362793,positive,10.0,10.0,0.18901193141937256,0.7302171587944031,-0.04238462820649147,-0.7677685618400574,112,92
0.007054328918457031,positive,10.0,10.0,0.20361627638339996,0.5357035398483276,-0.057739999145269394,-0.48871752619743347,112,93
0.00719141960144043,positive,10.0,10.0,0.22896215319633484,0.9275705218315125,-0.08349484205245972,-1.1121588945388794,112,95
0.007494926452636719,negative,10.0,-10.0,0.2799263596534729,0.15391771495342255,-0.14120642840862274,-0.09004003554582596,112,99
0.00763249397277832,negative,10.0,-10.0,0.28222617506980896,-0.2317432016134262,-0.13990779221057892,0.39934197068214417,112,101
0.008238554000854492,positive,10.0,10.0,0.23057185113430023,-0.9979227781295776,-0.07560178637504578,1.2553213834762573,112,109
0.008597135543823242,positive,10.0,10.0,0.13091176748275757,-1.1912201642990112,0.04668838530778885,1.503639578819275,112,114
0.008656740188598633,positive,10.0,10.0,0.10708737373352051,-0.9966948628425598,0.07676117867231369,1.2258909940719604,112,115
0.008951663970947266,negative,10.0,-10.0,0.05060533434152603,-0.22276131808757782,0.14335332810878754,0.19904480874538422,112,119
0.009015798568725586,negative,10.0,-10.0,0.04615010693669319,-0.4196116030216217,0.1473342329263687,0.5332931280136108,112,120
0.00923609733581543,negative,10.0,-10.0,0.0325356125831604,0.15816263854503632,0.16483736038208008,-0.18541011214256287,112,123
0.009296417236328125,negative,10.0,-10.0,0.03569886460900307,0.3505895435810089,0.1611291617155075,-0.42189496755599976,112,124
0.009433984756469727,negative,10.0,-10.0,0.04578256234526634,0.34623637795448303,0.15102997422218323,-0.3239465355873108,112,126
0.009494543075561523,negative,10.0,-10.0,0.05270729213953018,0.14932279288768768,0.14455103874206543,0.012295723892748356,112,127
0.009938955307006836,positive,10.0,10.0,0.12849269807338715,1.3080205917358398,0.07238579541444778,-1.484399437904358,112,133
0.010078668594360352,positive,10.0,10.0,0.18469689786434174,1.306609869003296,0.007625269703567028,-1.447975754737854,112,135
0.010215520858764648,positive,10.0,10.0,0.23305699229240417,0.9165576696395874,-0.044392649084329605,-0.867002546787262,112,137
0.010425090789794922,positive,10.0,10.0,0.2841894328594208,0.7239435911178589,-0.09150619059801102,-0.6313709616661072,112,140
0.013660669326782227,positive,10.0,10.0,0.32728326320648193,-0.0386081226170063,-0.08816981315612793,0.14668147265911102,112,152
0.013725996017456055,positive,10.0,10.0,0.32651111483573914,-0.23236405849456787,-0.08523618429899216,0.41029807925224304,112,153
0.013867378234863281,positive,10.0,10.0,0.32114094495773315,-0.23008182644844055,-0.07519008964300156,0.3594270348548889,112,155
0.014007806777954102,positive,10.0,10.0,0.30805814266204834,-0.22805701196193695,-0.05545183643698692,0.31418508291244507,112,157
0.014147281646728516,positive,10.0,10.0,0.30285316705703735,-0.2265743762254715,-0.04907727614045143,0.28131625056266785,112,159
0.014211893081665039,positive,10.0,10.0,0.2983216941356659,-0.4209631681442261,-0.04345095157623291,0.5581254363059998,112,160
0.014276504516601562,positive,10.0,10.0,0.2899024188518524,-0.22525908052921295,-0.03228844329714775,0.25207582116127014,112,161
0.014418363571166992,positive,10.0,10.0,0.2769991457462311,-0.22441112995147705,-0.01655888743698597,0.23325979709625244,112,163
0.014554500579833984,positive,10.0,10.0,0.2641250491142273,-0.22400528192520142,-0.001480213482864201,0.2242669016122818,112,165
0.014620780944824219,positive,10.0,10.0,0.2596449553966522,-0.41910603642463684,0.0030051246285438538,0.5164825320243835,112,166
0.014683723449707031,positive,10.0,10.0,0.2512628436088562,-0.22402653098106384,0.01333477534353733,0.22474811971187592,112,167
0.014829397201538086,positive,10.0,10.0,0.2383955717086792,-0.22447000443935394,0.028261885046958923,0.23459570109844208,112,169
0.015124082565307617,positive,10.0,10.0,0.21257852017879486,-0.6168292164802551,0.059955108910799026,0.8677058815956116,112,173
0.015496015548706055,negative,10.0,-10.0,0.15847760438919067,-0.03874942660331726,0.14011745154857635,0.15058398246765137,112,178
0.015642642974853516,negative,10.0,-10.0,0.16078495979309082,0.3469284474849701,0.1412327140569687,-0.33914390206336975,112,180
0.015941858291625977,positive,10.0,10.0,0.2116961032152176,1.1196187734603882,0.0844663679599762,-1.340929627418518,112,184
0.016089677810668945,positive,10.0,10.0,0.26036012172698975,1.1178277730941772,0.025527099147439003,-1.2959508895874023,112,186
0.01615309715270996,positive,10.0,10.0,0.28271669149398804,0.9223910570144653,-0.0003919184091500938,-0.9953871369361877,112,187
0.0162961483001709,positive,10.0,10.0,0.3157099783420563,0.9226716756820679,-0.03435620665550232,-1.0018305778503418,112,189
0.016356945037841797,positive,10.0,10.0,0.3341634273529053,0.7280251979827881,-0.05439281836152077,-0.7201319932937622,112,190
0.016422510147094727,positive,10.0,10.0,0.3487239181995392,0.9238558411598206,-0.06879545748233795,-1.0294270515441895,112,191
0.01648259162902832,positive,10.0,10.0,0.3672010600566864,0.7297134399414062,-0.08938400447368622,-0.7591122984886169,112,192
0.016942977905273438,negative,10.0,-10.0,0.44349685311317444,1.1288727521896362,-0.17282453179359436,-1.5580382347106934,112,198
0.0002484321594238281,positive,10.0,10.0,-0.025094805285334587,-0.047199368476867676,0.03199239820241928,0.024314412847161293,113,0
0.0006420612335205078,positive,10.0,10.0,-0.03673208877444267,-0.04924711212515831,0.046897731721401215,0.06954864412546158,113,4
0.0007226467132568359,positive,10.0,10.0,-0.03771703317761421,-0.24500896036624908,0.048288702964782715,0.37665143609046936,113,5
0.0007829666137695312,positive,10.0,10.0,-0.04261720925569534,-0.0506049245595932,0.0558217316865921,0.09957665950059891,113,6
0.0008447170257568359,positive,10.0,10.0,-0.04362930729985237,-0.24648062884807587,0.05781326815485954,0.4093356430530548,113,7
0.0010602474212646484,positive,10.0,10.0,-0.05456792190670967,-0.05413995683193207,0.07767204195261002,0.17792020738124847,113,10
0.0011224746704101562,positive,10.0,10.0,-0.05565072223544121,0.13978949189186096,0.08123044669628143,-0.08928431570529938,113,11
0.0012633800506591797,positive,10.0,10.0,-0.046181757003068924,0.1375024914741516,0.07233928143978119,-0.03863525390625,113,13
0.0013246536254882812,positive,10.0,10.0,-0.043431706726551056,0.3315165638923645,0.07156658172607422,-0.3076460361480713,113,14
0.0014619827270507812,positive,10.0,10.0,-0.034092340618371964,-0.06054443493485451,0.06554807722568512,0.31930437684059143,113,16
0.001522064208984375,positive,10.0,10.0,-0.035303231328725815,0.13358572125434875,0.07193416357040405,0.047991830855607986,113,17
0.001657247543334961,positive,10.0,10.0,-0.026079386472702026,0.5216148495674133,0.06847088038921356,-0.48998409509658813,113,19
0.0017175674438476562,positive,10.0,10.0,-0.01564709097146988,0.7157074213027954,0.05867119878530502,-0.760326087474823,113,20
0.0019364356994628906,positive,10.0,10.0,0.031152578070759773,0.9091016054153442,0.008225380443036556,-1.0134050846099854,113,23
0.0020711421966552734,positive,10.0,10.0,0.06361202895641327,0.909157395362854,-0.026405733078718185,-1.0145996809005737,113,25
0.002140045166015625,positive,10.0,10.0,0.08179517835378647,0.7143973708152771,-0.04669772833585739,-0.730323851108551,113,26
0.002515077590942383,negative,10.0,-10.0,0.1690160036087036,0.5253693461418152,-0.14719894528388977,-0.5772132873535156,113,31
0.0025758743286132812,negative,10.0,-10.0,0.17952339351177216,0.33258384466171265,-0.15874320268630981,-0.33428266644477844,113,32
0.00279998779296875,negative,10.0,-10.0,0.1879282295703888,-0.24475620687007904,-0.16452622413635254,0.376266747713089,113,35
0.0029397010803222656,negative,10.0,-10.0,0.18207858502864838,-0.24028930068016052,-0.15626968443393707,0.27588316798210144,113,37
0.003324270248413086,positive,10.0,10.0,0.11949751526117325,-1.2053996324539185,-0.08018165081739426,1.5113285779953003,113,42
0.003787994384765625,negative,10.0,-10.0,-0.07574136555194855,-1.5960214138031006,0.1739141345024109,2.122999906539917,113,48
0.0002574920654296875,positive,10.0,10.0,0.03212370350956917,-0.015598565340042114,-0.024352919310331345,-0.03541211038827896,114,0
0.0004830360412597656,positive,10.0,10.0,0.027604473754763603,-0.014892266131937504,-0.02007138542830944,-0.05099237710237503,114,2
0.0005545616149902344,positive,10.0,10.0,0.027306627482175827,-0.20972074568271637,-0.02109123393893242,0.23529089987277985,114,3
0.0006229877471923828,positive,10.0,10.0,0.023112213239073753,-0.40453511476516724,-0.016385415568947792,0.5212470889091492,114,4
0.0006885528564453125,positive,10.0,10.0,0.015021510422229767,-0.209186390042305,-0.005960473790764809,0.22344623506069183,114,5
0.0007493495941162109,positive,10.0,10.0,0.010837783105671406,-0.40422263741493225,-0.0014915490755811334,0.5142430663108826,114,6
0.0008091926574707031,positive,10.0,10.0,0.00275333016179502,-0.20907972753047943,0.00879331212490797,0.22109048068523407,114,7
0.0009515285491943359,positive,10.0,10.0,-0.00951478909701109,-0.20939284563064575,0.023545805364847183,0.22804471850395203,114,9
0.0010128021240234375,positive,10.0,10.0,-0.013702645897865295,-0.4048432409763336,0.028106698766350746,0.5280608534812927,114,10
0.0010733604431152344,positive,10.0,10.0,-0.021799510344862938,-0.21012777090072632,0.038667917251586914,0.24436530470848083,114,11
0.0014636516571044922,positive,10.0,10.0,-0.05074502155184746,-0.01888567954301834,0.07766616344451904,0.03720846399664879,114,16
0.001529693603515625,positive,10.0,10.0,-0.05112273246049881,0.1750415861606598,0.07841033488512039,-0.22999463975429535,114,17
0.0015914440155029297,positive,10.0,10.0,-0.04762190207839012,0.36896058917045593,0.07381043583154678,-0.4969504177570343,114,18
0.0016510486602783203,positive,10.0,10.0,-0.04024269059300423,0.17287972569465637,0.06387142837047577,-0.18194936215877533,114,19
0.0018644332885742188,positive,10.0,10.0,-0.04162751883268356,-0.024846937507390976,0.07166082412004471,0.169007807970047,114,22
0.0019249916076660156,positive,10.0,10.0,-0.04212445765733719,0.1691800206899643,0.07504098117351532,-0.10023541003465652,114,23
0.00199127197265625,positive,10.0,10.0,-0.0387408584356308,0.36315077543258667,0.07303627580404282,-0.3683313727378845,114,24
0.002054452896118164,positive,10.0,10.0,-0.03147784247994423,0.1670711487531662,0.06566964834928513,-0.05354246124625206,114,25
0.0021162033081054688,positive,10.0,10.0,-0.028136420994997025,-0.02892795205116272,0.06459879875183105,0.2591154873371124,114,26
0.002174854278564453,positive,10.0,10.0,-0.0287149790674448,-0.22490978240966797,0.0697811096906662,0.5714539289474487,114,27
0.002314329147338867,positive,10.0,10.0,-0.03382981941103935,0.1630440652370453,0.08724108338356018,0.03553864359855652,114,29
0.0024509429931640625,positive,10.0,10.0,-0.023432664573192596,0.550575852394104,0.08338397741317749,-0.49208933115005493,114,31
0.0025136470794677734,positive,10.0,10.0,-0.012421147897839546,0.7444287538528442,0.07354219257831573,-0.7573719024658203,114,32
0.002653360366821289,positive,10.0,10.0,0.021236712113022804,0.7426155209541321,0.037874020636081696,-0.7156058549880981,114,34
0.002951383590698242,positive,10.0,10.0,0.08840488642454147,0.7418528199195862,-0.030037106946110725,-0.6982419490814209,114,38
0.003087759017944336,positive,10.0,10.0,0.12198950350284576,0.7428709864616394,-0.06400648504495621,-0.7216812968254089,114,40
0.003461599349975586,negative,10.0,-10.0,0.21210169792175293,0.5550621151924133,-0.164702907204628,-0.5965932607650757,114,45
0.0035271644592285156,negative,10.0,-10.0,0.2232029289007187,0.3625814616680145,-0.1766347736120224,-0.3599834740161896,114,46
0.0035948753356933594,negative,10.0,-10.0,0.23045456409454346,0.17035242915153503,-0.18383444845676422,-0.12778738141059875,114,47
0.003998994827270508,negative,10.0,-10.0,0.22464615106582642,-0.40092888474464417,-0.1736895889043808,0.4490344822406769,114,52
0.004136800765991211,negative,10.0,-10.0,0.21255096793174744,-0.39625605940818787,-0.1625683605670929,0.3435530960559845,114,54
0.004281044006347656,negative,10.0,-10.0,0.20064105093479156,-0.3918258845806122,-0.15561050176620483,0.2441348135471344,114,56
0.004346132278442383,negative,10.0,-10.0,0.19280453026294708,-0.5844225287437439,-0.15072780847549438,0.48397400975227356,114,57
0.004636526107788086,positive,10.0,10.0,0.12290706485509872,-1.3568593263626099,-0.08269638568162918,1.4784836769104004,114,61
0.004854440689086914,positive,10.0,10.0,0.04544881731271744,-1.5499628782272339,-0.0011690118117257953,1.7199145555496216,114,64
0.004918336868286133,positive,10.0,10.0,0.014449561946094036,-1.3548275232315063,0.0332292802631855,1.4268680810928345,114,65
0.004985332489013672,positive,10.0,10.0,-0.012646988034248352,-1.5503438711166382,0.06176663935184479,1.7297483682632446,114,66
0.005201816558837891,negative,10.0,-10.0,-0.10181631147861481,-1.7484346628189087,0.1610611528158188,2.106994152069092,114,69
0.0003821849822998047,positive,10.0,10.0,-0.04963340982794762,0.03915351256728172,0.03754975274205208,-0.048031676560640335,115,0
0.0005061626434326172,positive,10.0,10.0,-0.04885034263134003,-0.15648619830608368,0.0365891195833683,0.2562580406665802,115,1
0.0006985664367675781,positive,10.0,10.0,-0.05902228504419327,-0.15759849548339844,0.05291935056447983,0.28099915385246277,115,3
0.0008616447448730469,positive,10.0,10.0,-0.0692429319024086,-0.5493244528770447,0.07033716887235641,0.9004253149032593,115,5
0.0004825592041015625,positive,10.0,10.0,0.004353799391537905,-0.23833821713924408,0.016695085912942886,0.26851364970207214,116,1
0.0007953643798828125,positive,10.0,10.0,-0.013864629901945591,-0.4344708323478699,0.03900895640254021,0.5837900042533875,116,4
0.0008809566497802734,positive,10.0,10.0,-0.022554045543074608,-0.23991642892360687,0.05068475753068924,0.30364614725112915,116,5
0.0015113353729248047,positive,10.0,10.0,-0.039879363030195236,0.14498554170131683,0.07491248846054077,-0.1647241711616516,116,11
0.001600027084350586,positive,10.0,10.0,-0.03697965294122696,-0.051124393939971924,0.07161800563335419,0.15061938762664795,116,12
0.0017952919006347656,positive,10.0,10.0,-0.03514408320188522,0.33688056468963623,0.0722576379776001,-0.38687339425086975,116,14
0.001980304718017578,positive,10.0,10.0,-0.017788343131542206,0.7250735759735107,0.05140162259340286,-0.9276164770126343,116,16
0.002153158187866211,positive,10.0,10.0,0.021777959540486336,0.5285516977310181,0.002436776412650943,-0.602347731590271,116,19
0.0022139549255371094,positive,10.0,10.0,0.03234899416565895,0.7236394286155701,-0.00961017794907093,-0.8942621350288391,116,20
0.002393960952758789,positive,10.0,10.0,0.07187765836715698,0.5295804142951965,-0.057704340666532516,-0.625848650932312,116,23
0.002439737319946289,positive,10.0,10.0,0.08246926963329315,0.7254583835601807,-0.07022131234407425,-0.9361321926116943,116,24
0.002485513687133789,positive,10.0,10.0,0.09697843343019485,0.5313501358032227,-0.0889439582824707,-0.666315495967865,116,25
0.0031588077545166016,positive,10.0,10.0,0.06262525171041489,-1.0122138261795044,-0.04692743718624115,1.2958295345306396,116,37
0.003258943557739258,positive,10.0,10.0,0.018246792256832123,-1.0113431215286255,0.010458354838192463,1.2742987871170044,116,39
0.0034329891204833984,positive,10.0,10.0,-0.046350445598363876,-1.2078328132629395,0.09312868863344193,1.6019654273986816,116,42
0.003541707992553711,negative,10.0,-10.0,-0.09858562052249908,-1.2103509902954102,0.16361141204833984,1.670783281326294,116,44
0.00017309188842773438,positive,10.0,10.0,-0.044386185705661774,0.0028262382838875055,-0.04205169528722763,0.03283674642443657,117,0
0.0003345012664794922,positive,10.0,10.0,-0.048163022845983505,0.004018252715468407,-0.03515573963522911,0.006516065914183855,117,2
0.00038504600524902344,positive,10.0,10.0,-0.048082660883665085,-0.19058233499526978,-0.035025421530008316,0.28790292143821716,117,3
0.0004343986511230469,positive,10.0,10.0,-0.051894307136535645,0.00502113439142704,-0.029267361387610435,-0.01561769563704729,117,4
0.0006952285766601562,positive,10.0,10.0,-0.067052461206913,-0.3838339149951935,-0.008194345980882645,0.5391692519187927,117,8
0.0008249282836914062,positive,10.0,10.0,-0.07850109040737152,0.006487153470516205,0.00746735418215394,-0.04794943705201149,117,10
0.0009276866912841797,positive,10.0,10.0,-0.08214617520570755,-0.38395535945892334,0.011449967510998249,0.5418087840080261,117,12
0.0010290145874023438,positive,10.0,10.0,-0.09360520541667938,-0.3844291865825653,0.02734125219285488,0.5523836612701416,117,14
0.0010743141174316406,positive,10.0,10.0,-0.10129378736019135,-0.189701646566391,0.0383889265358448,0.2684389054775238,117,15
0.001119852066040039,positive,10.0,10.0,-0.10508781671524048,-0.385349839925766,0.04375770315527916,0.5729784965515137,117,16
0.0012269020080566406,positive,10.0,10.0,-0.11661217361688614,0.0034251806791871786,0.06110518425703049,0.019625717774033546,117,18
0.0014393329620361328,positive,10.0,10.0,-0.1242474913597107,-0.00027868925826624036,0.07671491801738739,0.10158621519804001,117,22
0.001483917236328125,positive,10.0,10.0,-0.12425307184457779,0.1936647891998291,0.07874664664268494,-0.16594131290912628,117,23
0.0015287399291992188,positive,10.0,10.0,-0.12037977576255798,0.3875763714313507,0.0754278153181076,-0.4327796995639801,117,24
0.0016286373138427734,positive,10.0,10.0,-0.1087988018989563,-0.0045399474911391735,0.06442612409591675,0.19567438960075378,117,26
0.0016760826110839844,positive,10.0,10.0,-0.10888960212469101,-0.20052146911621094,0.06833961606025696,0.5079649686813354,117,27
0.001834869384765625,positive,10.0,10.0,-0.10927870124578476,0.3813277781009674,0.08266346901655197,-0.29464802145957947,117,30
0.0021533966064453125,positive,10.0,10.0,-0.0443417951464653,0.7655532360076904,0.025408325716853142,-0.7466015815734863,117,36
0.0023109912872314453,positive,10.0,10.0,0.0054766954854130745,0.9603164196014404,-0.024851897731423378,-1.0310871601104736,117,39
0.0024101734161376953,positive,10.0,10.0,0.03999369964003563,0.9612526893615723,-0.060399822890758514,-1.0529487133026123,117,41
0.002455472946166992,positive,10.0,10.0,0.05921875312924385,0.7669813632965088,-0.08145879954099655,-0.7798197865486145,117,42
0.0028891563415527344,negative,10.0,-10.0,0.12825775146484375,0.002079407451674342,-0.14530308544635773,0.049930326640605927,117,50
0.0030434131622314453,negative,10.0,-10.0,0.12460869550704956,-0.1867329180240631,-0.1392553746700287,0.20498530566692352,117,53
0.003385305404663086,positive,10.0,10.0,0.07547254860401154,-0.9560315012931824,-0.08649953454732895,1.1324129104614258,117,59
0.0034940242767333984,positive,10.0,10.0,0.03335348889231682,-1.3441935777664185,-0.035916056483983994,1.668816089630127,117,61
0.0035419464111328125,positive,10.0,10.0,0.00646961759775877,-1.5388801097869873,-0.0025397324934601784,1.9501005411148071,117,62
0.0035903453826904297,positive,10.0,10.0,-0.024307984858751297,-1.7339749336242676,0.03646227717399597,2.241995096206665,117,63
0.003637075424194336,positive,10.0,10.0,-0.05898748338222504,-1.9294215440750122,0.08130218088626862,2.5456879138946533,117,64
0.0002391338348388672,positive,10.0,10.0,-0.03935199975967407,-0.14908601343631744,-0.015650421380996704,0.31960952281951904,118,1
0.00043201446533203125,positive,10.0,10.0,-0.04438326880335808,-0.3437279164791107,-0.0025819845031946898,0.6016690731048584,118,4
0.0005555152893066406,positive,10.0,10.0,-0.05422922596335411,0.04641608148813248,0.01561487652361393,0.018486689776182175,118,6
0.0006794929504394531,positive,10.0,10.0,-0.05627942830324173,0.045964378863573074,0.02230571210384369,0.02845573239028454,118,8
0.0008597373962402344,positive,10.0,10.0,-0.05744317173957825,-0.15021270513534546,0.030290862545371056,0.34453287720680237,118,11
0.0009069442749023438,positive,10.0,10.0,-0.06044742465019226,0.04446553811430931,0.03718151897192001,0.061553630977869034,118,12
0.0010099411010742188,positive,10.0,10.0,-0.06258150190114975,0.04338637739419937,0.04572722688317299,0.08540420979261398,118,14
0.0010547637939453125,positive,10.0,10.0,-0.061713770031929016,-0.152360200881958,0.04743531346321106,0.3921562731266022,118,15
0.0011019706726074219,positive,10.0,10.0,-0.0647609755396843,0.04205760732293129,0.055278439074754715,0.11479834467172623,118,16
0.0012047290802001953,positive,10.0,10.0,-0.06699604541063309,0.0404500737786293,0.066062331199646,0.15040481090545654,118,18
0.0013051033020019531,positive,10.0,10.0,-0.06929809600114822,0.03852873295545578,0.07833393663167953,0.19303841888904572,118,20
0.0015845298767089844,positive,10.0,10.0,-0.04226761683821678,0.22802872955799103,0.06765048950910568,0.023849770426750183,118,25
0.0017402172088623047,positive,10.0,10.0,-0.032545045018196106,0.4200679063796997,0.07620204985141754,-0.20151206851005554,118,28
0.0018956661224365234,positive,10.0,10.0,0.004297834821045399,1.0022554397583008,0.048021309077739716,-1.0105881690979004,118,31
0.0019407272338867188,positive,10.0,10.0,0.024342942982912064,0.8065266609191895,0.027809545397758484,-0.7032206654548645,118,32
0.0019838809967041016,positive,10.0,10.0,0.04047347605228424,1.0012524127960205,0.013745131902396679,-0.9870213866233826,118,33
0.002027750015258789,positive,10.0,10.0,0.06049852445721626,0.8059490919113159,-0.005995295476168394,-0.6900531649589539,118,34
0.002077817916870117,positive,10.0,10.0,0.07661750912666321,1.0011537075042725,-0.019796358421444893,-0.9846174716949463,118,35
0.002123117446899414,positive,10.0,10.0,0.09664057940244675,0.8063024878501892,-0.03948870673775673,-0.6982175707817078,118,36
0.0025637149810791016,negative,10.0,-10.0,0.21061880886554718,0.037325743585824966,-0.1408390998840332,0.2213764488697052,118,44
0.002608776092529297,negative,10.0,-10.0,0.21136532723903656,-0.1555316150188446,-0.13641157746315002,0.4665282070636749,118,45
0.003266572952270508,positive,10.0,10.0,0.16837453842163086,-0.13829277455806732,-0.06065024808049202,0.08174942433834076,118,57
0.0033113956451416016,positive,10.0,10.0,0.16560867428779602,-0.33249524235725403,-0.05901525914669037,0.35469725728034973,118,58
0.003412008285522461,positive,10.0,10.0,0.15622705221176147,-0.33092644810676575,-0.05104122310876846,0.3198643922805786,118,60
0.003515481948852539,positive,10.0,10.0,0.14690619707107544,0.06061667948961258,-0.04441329836845398,-0.29489579796791077,118,62
0.003615140914916992,positive,10.0,10.0,0.14544163644313812,-0.3282105624675751,-0.05064209923148155,0.25985002517700195,118,64
0.0037665367126464844,positive,10.0,10.0,0.12188906222581863,-0.5214528441429138,-0.03013249672949314,0.5110219120979309,118,67
0.0038650035858154297,positive,10.0,10.0,0.10494161397218704,-0.5207513570785522,-0.01573210582137108,0.4953334331512451,118,69
0.003908872604370117,positive,10.0,10.0,0.09452658146619797,-0.3254111111164093,-0.005825437139719725,0.1977343112230301,118,70
0.004070758819580078,positive,10.0,10.0,0.07110335677862167,-0.5205350518226624,0.011806766502559185,0.4904667139053345,118,73
0.004172086715698242,positive,10.0,10.0,0.05418102443218231,-0.5210059285163879,0.025646662339568138,0.5009506940841675,118,75
0.0042192935943603516,positive,10.0,10.0,0.04376090690493584,-0.3262547254562378,0.03566567599773407,0.216459259390831,118,76
0.004381656646728516,positive,10.0,10.0,0.028055962175130844,-0.5229849815368652,0.043504901230335236,0.5448995232582092,118,79
0.004426717758178711,positive,10.0,10.0,0.01759626343846321,-0.3285004794597626,0.05440289154648781,0.26623520255088806,118,80
0.0045833587646484375,positive,10.0,10.0,-0.006063224747776985,-0.1360807716846466,0.07728464901447296,0.032891351729631424,118,83
0.004629373550415039,positive,10.0,10.0,-0.008784839883446693,0.05785270407795906,0.07794247567653656,-0.23444145917892456,118,84
0.004842996597290039,positive,10.0,10.0,-0.004283310379832983,-0.3361828029155731,0.0619925856590271,0.4360624849796295,118,88
0.004998445510864258,positive,10.0,10.0,-0.020607778802514076,-0.14404626190662384,0.08353828638792038,0.20919673144817352,118,91
0.005101203918457031,positive,10.0,10.0,-0.022492943331599236,-0.14647507667541504,0.08660203963518143,0.2630108594894409,118,93
0.0057027339935302734,positive,10.0,10.0,0.04137018322944641,0.8157767057418823,0.03024260699748993,-0.9074507355690002,118,104
0.00602412223815918,positive,10.0,10.0,0.14315173029899597,0.4273380935192108,-0.08417967706918716,-0.36235785484313965,118,110
0.006070852279663086,positive,10.0,10.0,0.15169848501682281,0.2335071861743927,-0.09142683446407318,-0.09736066311597824,118,111
0.0061168670654296875,positive,10.0,10.0,0.15636862814426422,0.039806440472602844,-0.09337404370307922,0.16513492166996002,118,112
0.006161689758300781,positive,10.0,10.0,0.1571647673845291,-0.15386344492435455,-0.09007135033607483,0.4269621670246124,118,113
0.006313800811767578,positive,10.0,10.0,0.15190663933753967,0.044701073318719864,-0.0719224140048027,0.05656540021300316,118,116
0.0063593387603759766,positive,10.0,10.0,0.15280066430568695,-0.1493198722600937,-0.07079111039638519,0.3257174491882324,118,117
0.006577491760253906,positive,10.0,10.0,0.14096954464912415,-0.5358177423477173,-0.04727662727236748,0.8288562893867493,118,121
0.006631135940551758,positive,10.0,10.0,0.13025318086147308,-0.34008246660232544,-0.030699502676725388,0.5216872692108154,118,122
0.0067369937896728516,positive,10.0,10.0,0.12056069076061249,-0.33936864137649536,-0.015875941142439842,0.5057127475738525,118,124
0.006896495819091797,positive,10.0,10.0,0.09630679339170456,-0.14408470690250397,0.020082538947463036,0.20937947928905487,118,127
0.0069408416748046875,positive,10.0,10.0,0.09342510253190994,-0.3394879698753357,0.024270128458738327,0.5083291530609131,118,128
0.007041215896606445,positive,10.0,10.0,0.08374101668596268,-0.34031301736831665,0.03890455886721611,0.5267359018325806,118,130
0.007084846496582031,positive,10.0,10.0,0.07693476229906082,-0.1457594633102417,0.04943927377462387,0.2465614527463913,118,131
0.007132768630981445,positive,10.0,10.0,0.07401956617832184,-0.34155136346817017,0.05437050387263298,0.5544196963310242,118,132
0.007405757904052734,negative,10.0,-10.0,0.01627064310014248,-0.5424516201019287,0.14916473627090454,0.9834688901901245,118,137
0.007450580596923828,negative,10.0,-10.0,0.005421609617769718,-0.34960874915122986,0.16883410513401031,0.7411086559295654,118,138
0.007496356964111328,negative,10.0,-10.0,-0.001570565509609878,-0.157169908285141,0.18365629017353058,0.5059564709663391,118,139
0.007540464401245117,negative,10.0,-10.0,-0.004713963717222214,0.03495372086763382,0.19377541542053223,0.2763094902038574,118,140
0.007584810256958008,negative,10.0,-10.0,-0.004014889243990183,0.22685934603214264,0.1993016004562378,0.05045265331864357,118,141
0.007630586624145508,negative,10.0,-10.0,0.0005222976324148476,0.41864851117134094,0.20031066238880157,-0.17332890629768372,118,142
0.00804591178894043,positive,10.0,10.0,0.13980741798877716,1.766136646270752,0.08011891692876816,-1.8228061199188232,118,149
0.008157014846801758,positive,10.0,10.0,0.21433581411838531,1.7647488117218018,0.0018715652404353023,-1.7837071418762207,118,151
0.00820469856262207,positive,10.0,10.0,0.24963079392910004,1.569605827331543,-0.0338025763630867,-1.4904429912567139,118,152
0.00831460952758789,positive,10.0,10.0,0.3085211217403412,1.1806660890579224,-0.08778151869773865,-0.9364146590232849,118,154
0.008623600006103516,negative,10.0,-10.0,0.3956759572029114,0.6037589907646179,-0.14137515425682068,-0.24435319006443024,118,159
0.008677482604980469,negative,10.0,-10.0,0.4077511429786682,0.8005874156951904,-0.14626221358776093,-0.5780762434005737,118,160
0.008781194686889648,negative,10.0,-10.0,0.4359185993671417,0.41522037982940674,-0.16451992094516754,-0.09575916826725006,118,162
0.008825302124023438,negative,10.0,-10.0,0.44422298669815063,0.612271249294281,-0.1664350926876068,-0.4354952573776245,118,163
0.008924722671508789,negative,10.0,-10.0,0.46486538648605347,0.22760729491710663,-0.17913611233234406,0.03316451981663704,118,165
0.009093046188354492,negative,10.0,-10.0,0.466991662979126,0.04034743830561638,-0.16326633095741272,0.15404534339904785,118,168
0.0006375312805175781,positive,10.0,10.0,-0.06237737461924553,-0.19850429892539978,0.025551075115799904,0.2883431911468506,119,7
0.0008842945098876953,positive,10.0,10.0,-0.07050186395645142,-0.20029114186763763,0.037991076707839966,0.3278859555721283,119,11
0.0009295940399169922,positive,10.0,10.0,-0.0745076909661293,-0.005730073433369398,0.044548794627189636,0.047421615570783615,119,12
0.0009746551513671875,positive,10.0,10.0,-0.07462228834629059,-0.2014615684747696,0.04549722746014595,0.3538205921649933,119,13
0.0010194778442382812,positive,10.0,10.0,-0.07865152508020401,-0.007015094626694918,0.052573639899492264,0.07582426816225052,119,14
0.0010688304901123047,positive,10.0,10.0,-0.07879182696342468,-0.20284977555274963,0.05409012362360954,0.38461995124816895,119,15
0.0012874603271484375,positive,10.0,10.0,-0.08731578290462494,0.18368850648403168,0.07537443190813065,-0.11985727399587631,119,19
0.0013358592987060547,positive,10.0,10.0,-0.08364201337099075,0.37765413522720337,0.07297728210687637,-0.38784053921699524,119,20
0.0014379024505615234,positive,10.0,10.0,-0.07245740294456482,-0.014417131431400776,0.06375906616449356,0.23945599794387817,119,22
0.0015382766723632812,positive,10.0,10.0,-0.07695353031158447,-0.016293581575155258,0.0795791745185852,0.2812269628047943,119,24
0.0015821456909179688,positive,10.0,10.0,-0.07727940380573273,0.17760837078094482,0.08520371466875076,0.014666110277175903,119,25
0.0016286373138427734,positive,10.0,10.0,-0.07372723519802094,0.37141159176826477,0.08549703657627106,-0.24996456503868103,119,26
0.0016736984252929688,positive,10.0,10.0,-0.06629900634288788,0.1751793771982193,0.08049774169921875,0.06841414421796799,119,27
0.001779794692993164,positive,10.0,10.0,-0.05541420727968216,0.5629218816757202,0.07790952920913696,-0.4636014401912689,119,29
0.0018248558044433594,positive,10.0,10.0,-0.04415576905012131,0.7568613290786743,0.06863749772310257,-0.7307459712028503,119,30
0.0018687248229980469,positive,10.0,10.0,-0.029018543660640717,0.9509709477424622,0.05402257665991783,-1.001061201095581,119,31
0.0019123554229736328,positive,10.0,10.0,-0.009999124333262444,0.7551702857017517,0.03400135412812233,-0.6919137835502625,119,32
0.0020151138305664062,positive,10.0,10.0,0.024100370705127716,0.7544178366661072,0.0006890424992889166,-0.6747539043426514,119,34
0.0020606517791748047,positive,10.0,10.0,0.039188727736473083,0.9495302438735962,-0.012806035578250885,-0.9672198295593262,119,35
0.002112150192260742,positive,10.0,10.0,0.058179330080747604,1.1448217630386353,-0.03215043246746063,-1.2638980150222778,119,36
0.002225160598754883,positive,10.0,10.0,0.1000782698392868,0.7558179497718811,-0.07705748826265335,-0.7073489427566528,119,38
0.0022699832916259766,positive,10.0,10.0,0.11519463360309601,0.9519180655479431,-0.09120446443557739,-1.0232586860656738,119,39
0.0024251937866210938,negative,10.0,-10.0,0.16068942844867706,0.37157362699508667,-0.13698036968708038,-0.2548286020755768,119,42
0.0024695396423339844,negative,10.0,-10.0,0.16812090575695038,0.1786462664604187,-0.14207693934440613,-0.008294736035168171,119,43
0.0025687217712402344,negative,10.0,-10.0,0.17141017317771912,-0.20701606571674347,-0.13751475512981415,0.4810543358325958,119,45
0.0030121803283691406,positive,10.0,10.0,0.14705878496170044,-0.1937665194272995,-0.09401708096265793,0.18473485112190247,119,53
0.0030579566955566406,positive,10.0,10.0,0.14318343997001648,0.002566111274063587,-0.09032238274812698,-0.13606379926204681,119,54
0.003103017807006836,positive,10.0,10.0,0.14323477447032928,0.19885790348052979,-0.09304365515708923,-0.4558199644088745,119,55
0.0034270286560058594,positive,10.0,10.0,0.12462551146745682,-0.5725422501564026,-0.09314537793397903,0.5188290476799011,119,61
0.0034720897674560547,positive,10.0,10.0,0.113174669444561,-0.7662379145622253,-0.08276879787445068,0.7807678580284119,119,62
0.0035157203674316406,positive,10.0,10.0,0.09784991294145584,-0.9601304531097412,-0.0671534389257431,1.0463048219680786,119,63
0.003564119338989258,positive,10.0,10.0,0.07864730060100555,-1.1542998552322388,-0.0462273471057415,1.3171741962432861,119,64
0.0037796497344970703,positive,10.0,10.0,-0.03706739470362663,-1.934506893157959,0.09320288896560669,2.4854238033294678,119,68
0.0038242340087890625,negative,10.0,-10.0,-0.07575753331184387,-1.7402760982513428,0.1429113745689392,2.2227041721343994,119,69
0.0038688182830810547,negative,10.0,-10.0,-0.11056305468082428,-1.546776533126831,0.18736545741558075,1.9772870540618896,119,70
0.00042724609375,positive,10.0,10.0,-0.033537574112415314,-0.212025985121727,0.05196155607700348,0.3628077805042267,120,3
0.00048470497131347656,positive,10.0,10.0,-0.0377780944108963,-0.01767958514392376,0.05921771004796028,0.08695147931575775,120,4
0.0005395412445068359,positive,10.0,10.0,-0.03813168406486511,-0.21359817683696747,0.06095673888921738,0.3977140784263611,120,5
0.0011730194091796875,positive,10.0,10.0,-0.03334813937544823,0.3641319274902344,0.07346267998218536,-0.3134962022304535,120,12
0.0013210773468017578,positive,10.0,10.0,-0.02606550045311451,0.1680445373058319,0.06719275563955307,0.0014201716985553503,120,13
0.0014581680297851562,positive,10.0,10.0,-0.022704610601067543,-0.027973506599664688,0.06722115725278854,0.3145235478878021,120,14
0.0024328231811523438,positive,10.0,10.0,0.03215528279542923,0.7467377781867981,0.02404196746647358,-0.7298377156257629,120,20
0.002740144729614258,positive,10.0,10.0,0.06592042744159698,0.7462726831436157,-0.010851946659386158,-0.719224214553833,120,22
0.0029077529907226562,positive,10.0,10.0,0.08084587752819061,0.9415431022644043,-0.025236429646611214,-1.0153030157089233,120,23
0.003069639205932617,positive,10.0,10.0,0.09967674314975739,0.7467666268348694,-0.04554248973727226,-0.730650007724762,120,24
0.003204822540283203,positive,10.0,10.0,0.11461207270622253,0.9424874186515808,-0.060155488550662994,-1.0373116731643677,120,25
0.004632234573364258,positive,10.0,10.0,0.1646912544965744,-0.21679171919822693,-0.09015057235956192,0.46968334913253784,120,33
0.004771709442138672,positive,10.0,10.0,0.16035541892051697,-0.020519645884633064,-0.08075691014528275,0.1500023901462555,120,34
0.005682468414306641,positive,10.0,10.0,0.15071894228458405,0.1796143352985382,-0.058896757662296295,-0.2541622519493103,120,39
0.005900859832763672,positive,10.0,10.0,0.154018834233284,-0.20876820385456085,-0.06359244883060455,0.29120761156082153,120,41
0.006186723709106445,positive,10.0,10.0,0.149587482213974,-0.20704782009124756,-0.05818498507142067,0.2530771493911743,120,43
0.006627798080444336,positive,10.0,10.0,0.1411142647266388,-0.3997728228569031,-0.04990927502512932,0.49316611886024475,120,46
0.007202863693237305,positive,10.0,10.0,0.11701104044914246,-0.39761900901794434,-0.023821912705898285,0.44508451223373413,120,50
0.007540464401245117,positive,10.0,10.0,0.10501529276371002,-0.3970733880996704,-0.01202045101672411,0.43292737007141113,120,52
0.007871389389038086,positive,10.0,10.0,0.0930381566286087,-0.39685696363449097,-0.0006323133711703122,0.42809993028640747,120,54
0.008742332458496094,positive,10.0,10.0,0.061139803379774094,-0.20258024334907532,0.03085889108479023,0.15412373840808868,120,59
0.008891105651855469,positive,10.0,10.0,0.05708820000290871,-0.3981301486492157,0.0339413657784462,0.4563800096511841,120,60
0.009399175643920898,positive,10.0,10.0,0.037071213126182556,-0.20478029549121857,0.05617145821452141,0.20288632810115814,120,63
0.010060310363769531,positive,10.0,10.0,0.012783966027200222,-0.2085001915693283,0.08635063469409943,0.28564292192459106,120,67
0.010194063186645508,positive,10.0,10.0,0.00861396174877882,-0.01470908708870411,0.09206349402666092,0.021394900977611542,120,68
0.010333061218261719,positive,10.0,10.0,0.008319780230522156,0.1789802461862564,0.09249138832092285,-0.24088028073310852,120,69
0.010878324508666992,positive,10.0,10.0,0.022881265729665756,0.3703570067882538,0.07393263280391693,-0.45126625895500183,120,72
0.011028289794921875,positive,10.0,10.0,0.03028840757906437,0.1742715835571289,0.06490731239318848,-0.13622520864009857,120,73
0.011162757873535156,positive,10.0,10.0,0.033773839473724365,-0.021717114374041557,0.06218280643224716,0.17620813846588135,120,74
0.012219429016113281,positive,10.0,10.0,0.0425739586353302,0.36218658089637756,0.07238174229860306,-0.27040547132492065,120,80
0.012343406677246094,positive,10.0,10.0,0.04981769248843193,0.5562050342559814,0.06697363406419754,-0.5394094586372375,120,81
0.012477397918701172,positive,10.0,10.0,0.06094179302453995,0.7503247261047363,0.056185442954301834,-0.8102606534957886,120,82
0.012634515762329102,positive,10.0,10.0,0.07594828307628632,0.9446337223052979,0.03998022899031639,-1.0847543478012085,120,83
0.013944864273071289,positive,10.0,10.0,0.18864160776138306,1.1409918069839478,-0.08154284209012985,-1.4065473079681396,120,90
0.014446735382080078,negative,10.0,-10.0,0.25326770544052124,1.33981454372406,-0.16179034113883972,-1.7963587045669556,120,93
0.014574766159057617,negative,10.0,-10.0,0.28006401658058167,1.14683198928833,-0.19771751761436462,-1.558024287223816,120,94
0.0004620552062988281,positive,10.0,10.0,-0.050011467188596725,-0.045922793447971344,0.021447964012622833,0.014124956913292408,121,2
0.00079345703125,positive,10.0,10.0,-0.03811154514551163,0.3433915674686432,-4.6984368964331225e-05,-0.5507478713989258,121,6
0.0009472370147705078,positive,10.0,10.0,-0.028278307989239693,-0.046692024916410446,-0.016223538666963577,0.031093629077076912,121,8
0.001013040542602539,positive,10.0,10.0,-0.02921214886009693,-0.241577610373497,-0.015601664781570435,0.31861403584480286,121,9
0.0011713504791259766,positive,10.0,10.0,-0.03496843948960304,-0.24122536182403564,-0.008808344602584839,0.3108087480068207,121,11
0.0012354850769042969,positive,10.0,10.0,-0.039792947471141815,-0.4362207055091858,-0.0025921694468706846,0.6007007956504822,121,12
0.001482248306274414,positive,10.0,10.0,-0.05426013842225075,-0.24141784012317657,0.015916014090180397,0.31505903601646423,121,15
0.0018897056579589844,positive,10.0,10.0,-0.07065556198358536,-0.0480182059109211,0.03700772300362587,0.060384351760149,121,20
0.002032756805419922,positive,10.0,10.0,-0.07648894190788269,-0.04909209534525871,0.04550560936331749,0.08411772549152374,121,22
0.002358675003051758,positive,10.0,10.0,-0.08049821853637695,0.3381354808807373,0.05404188483953476,-0.435550719499588,121,26
0.0024178028106689453,positive,10.0,10.0,-0.07373551279306412,0.14229179918766022,0.045330870896577835,-0.12633349001407623,121,27
0.0024857521057128906,positive,10.0,10.0,-0.0708896741271019,-0.05344925448298454,0.04280420020222664,0.18029919266700745,121,28
0.002633810043334961,positive,10.0,10.0,-0.07694179564714432,-0.054719358682632446,0.05613362789154053,0.20846979320049286,121,30
0.002790212631225586,positive,10.0,10.0,-0.08304812759160995,-0.056373775005340576,0.07066939026117325,0.24523113667964935,121,32
0.0029325485229492188,positive,10.0,10.0,-0.0892242044210434,-0.058445826172828674,0.08676084131002426,0.29139286279678345,121,34
0.0031557083129882812,positive,10.0,10.0,-0.08110595494508743,0.522695779800415,0.08843820542097092,-0.4967229664325714,121,37
0.0032205581665039062,positive,10.0,10.0,-0.07065203785896301,0.7164666652679443,0.07850375026464462,-0.7602764368057251,121,38
0.0032851696014404297,positive,10.0,10.0,-0.05632270872592926,0.9104243516921997,0.06329821795225143,-1.027260422706604,121,39
0.003349781036376953,positive,10.0,10.0,-0.03811421990394592,0.7145195007324219,0.042753010988235474,-0.7153944373130798,121,40
0.003416776657104492,positive,10.0,10.0,-0.023823831230401993,0.9090244174003601,0.02844512090086937,-0.9943196177482605,121,41
0.0034842491149902344,positive,10.0,10.0,-0.005643343552947044,0.7135336995124817,0.0085587278008461,-0.6928405165672302,121,42
0.003545999526977539,positive,10.0,10.0,0.008627330884337425,0.908535897731781,-0.005298082251101732,-0.9828168153762817,121,43
0.003610372543334961,positive,10.0,10.0,0.026798048987984657,0.7134853601455688,-0.0249544195830822,-0.6918027400970459,121,44
0.00383758544921875,positive,10.0,10.0,0.07353389263153076,0.9102451801300049,-0.07287487387657166,-1.0225321054458618,121,47
0.0045359134674072266,positive,10.0,10.0,0.1136162132024765,-0.4410029947757721,-0.09384030103683472,0.7098812460899353,121,56
0.0046024322509765625,positive,10.0,10.0,0.1047961562871933,-0.6347086429595947,-0.07964267581701279,0.971612811088562,121,57
0.0046651363372802734,positive,10.0,10.0,0.09210198372602463,-0.828676700592041,-0.060210421681404114,1.2382524013519287,121,58
0.0048828125,positive,10.0,10.0,0.03852007910609245,-1.0224970579147339,0.018943211063742638,1.49899160861969,121,61
0.004949808120727539,positive,10.0,10.0,0.01807013712823391,-0.8276102542877197,0.04892304539680481,1.2122828960418701,121,62
0.0052623748779296875,negative,10.0,-10.0,-0.06384211778640747,-0.8322203755378723,0.17176969349384308,1.3298285007476807,121,66
0.005327463150024414,negative,10.0,-10.0,-0.08048652112483978,-0.6396304965019226,0.19836626946926117,1.095447301864624,121,67
0.0003581047058105469,positive,10.0,10.0,-0.031244395300745964,-0.2248048037290573,-0.012467827647924423,0.24316227436065674,122,1
0.0004487037658691406,positive,10.0,10.0,-0.03574049100279808,-0.419746458530426,-0.007604582235217094,0.5318865776062012,122,2
0.0006196498870849609,positive,10.0,10.0,-0.056430634111166,-0.41968029737472534,0.019476423040032387,0.5304362773895264,122,4
0.0012106895446777344,positive,10.0,10.0,-0.10045595467090607,-0.03492142632603645,0.07568768411874771,0.06618975847959518,122,12
0.0017271041870117188,positive,10.0,10.0,-0.09407384693622589,0.15317338705062866,0.07697659730911255,-0.071898452937603,122,19
0.0019423961639404297,positive,10.0,10.0,-0.08104810863733292,-0.04503587633371353,0.06827546656131744,0.28973647952079773,122,22
0.0020809173583984375,positive,10.0,10.0,-0.07896783947944641,0.3430352807044983,0.0744570791721344,-0.24908000230789185,122,24
0.0024526119232177734,positive,10.0,10.0,-0.013643771409988403,0.924500584602356,0.007063860539346933,-1.0405466556549072,122,29
0.002749204635620117,positive,10.0,10.0,0.06032881885766983,0.9259281754493713,-0.07647845894098282,-1.074212670326233,122,33
0.0036656856536865234,positive,10.0,10.0,0.08182447403669357,-0.22541870176792145,-0.0776996985077858,0.2576148808002472,122,45
0.0037348270416259766,positive,10.0,10.0,0.07731609791517258,-0.029278403148055077,-0.07254739850759506,-0.05852865055203438,122,46
0.004026174545288086,positive,10.0,10.0,0.059494003653526306,-0.4154682159423828,-0.05662643909454346,0.4383952021598816,122,50
0.00408935546875,positive,10.0,10.0,0.05118463933467865,-0.2195924073457718,-0.04785853624343872,0.1284131407737732,122,51
0.0041522979736328125,positive,10.0,10.0,0.04679279401898384,-0.41399726271629333,-0.0452902726829052,0.4056214988231659,122,52
0.004212856292724609,positive,10.0,10.0,0.03851284831762314,-0.21826329827308655,-0.03717784211039543,0.09901081770658493,122,53
0.004433155059814453,positive,10.0,10.0,0.021546324715018272,-0.021723030135035515,-0.02607956901192665,-0.22509576380252838,122,56
0.00457453727722168,positive,10.0,10.0,0.0167826097458601,-0.41113317012786865,-0.029396526515483856,0.3421274721622467,122,58
0.004635334014892578,positive,10.0,10.0,0.008559945970773697,-0.21560557186603546,-0.022553976625204086,0.04032148793339729,122,59
0.004998445510864258,positive,10.0,10.0,-0.02074788324534893,-0.40954434871673584,-0.008083024993538857,0.3069118559360504,122,64
0.005060434341430664,positive,10.0,10.0,-0.028938770294189453,-0.6045501828193665,-0.001944787916727364,0.5970346927642822,122,65
0.005278348922729492,positive,10.0,10.0,-0.06131107732653618,-0.4097706079483032,0.028061870485544205,0.3119805157184601,122,68
0.005494117736816406,positive,10.0,10.0,-0.07421659678220749,-0.2160477638244629,0.029799271374940872,0.050085246562957764,122,71
0.005633831024169922,positive,10.0,10.0,-0.0867692306637764,-0.2169133424758911,0.03784136101603508,0.069205641746521,122,73
0.005696773529052734,positive,10.0,10.0,-0.09110749512910843,-0.41255679726600647,0.03922547399997711,0.37358346581459045,122,74
0.005755901336669922,positive,10.0,10.0,-0.09935863316059113,-0.21801339089870453,0.04669714346528053,0.09352211654186249,122,75
0.0058176517486572266,positive,10.0,10.0,-0.10371889919042587,-0.41377246379852295,0.04856758564710617,0.40056461095809937,122,76
0.005877017974853516,positive,10.0,10.0,-0.11199434846639633,-0.21937187016010284,0.056578874588012695,0.12358082085847855,122,77
0.005936861038208008,positive,10.0,10.0,-0.11638178676366806,-0.4152568280696869,0.05905049294233322,0.4335634112358093,122,78
0.005995512008666992,positive,10.0,10.0,-0.12468692660331726,-0.2210184633731842,0.06772176176309586,0.1600644439458847,122,79
0.006135225296020508,positive,10.0,10.0,-0.13744811713695526,-0.22298890352249146,0.08038944751024246,0.20380675792694092,122,81
0.006197690963745117,positive,10.0,10.0,-0.14190790057182312,-0.029103124514222145,0.08446557819843292,-0.062473636120557785,122,82
0.0064945220947265625,positive,10.0,10.0,-0.14438097178936005,0.35602569580078125,0.08266925811767578,-0.5368954539299011,122,86
0.006634950637817383,positive,10.0,10.0,-0.13406355679035187,0.3538685739040375,0.06754431128501892,-0.4885055422782898,122,88
0.006856203079223633,positive,10.0,10.0,-0.1245896965265274,-0.2338927984237671,0.05696796998381615,0.4443093240261078,122,91
0.006993770599365234,positive,10.0,10.0,-0.13005997240543365,-0.2356209009885788,0.06925643980503082,0.48282361030578613,122,93
0.007053852081298828,positive,10.0,10.0,-0.134772390127182,-0.04154127836227417,0.07891291379928589,0.21274718642234802,122,94
0.007269859313964844,positive,10.0,10.0,-0.12563171982765198,0.15001675486564636,0.07569984346628189,-0.0019646130967885256,122,97
0.007330656051635742,positive,10.0,10.0,-0.12263138592243195,0.3439760208129883,0.07566054910421371,-0.26983579993247986,122,98
0.007698535919189453,positive,10.0,10.0,-0.04941172152757645,0.9254026412963867,-0.005449752323329449,-1.060219645500183,122,103
0.008291959762573242,positive,10.0,10.0,0.036555733531713486,-0.23786428570747375,-0.08902449160814285,0.5336993932723999,122,111
0.008434534072875977,positive,10.0,10.0,0.03096623905003071,-0.23553000390529633,-0.07406359165906906,0.48132121562957764,122,113
0.008805990219116211,positive,10.0,10.0,0.015402007848024368,-0.036199428141117096,-0.04177461937069893,0.09437255561351776,122,118
0.009021520614624023,positive,10.0,10.0,0.009363382123410702,-0.22967590391635895,-0.031043389812111855,0.35088247060775757,122,121
0.00908207893371582,positive,10.0,10.0,0.004769864026457071,-0.03412654250860214,-0.02402574196457863,0.048574451357126236,122,122
0.009377479553222656,positive,10.0,10.0,0.002078334568068385,-0.03299478068947792,-0.020990025252103806,0.02359909936785698,122,126
0.009437799453735352,positive,10.0,10.0,0.0014184388564899564,-0.22780951857566833,-0.020518044009804726,0.30958622694015503,122,127
0.009656906127929688,positive,10.0,10.0,-0.008332077413797379,-0.42223283648490906,-0.008143596351146698,0.5868300795555115,122,130
0.009716272354125977,positive,10.0,10.0,-0.016776733100414276,-0.22699779272079468,0.003593004774302244,0.2915929853916168,122,131
0.00977635383605957,positive,10.0,10.0,-0.021316690370440483,-0.03192725405097008,0.009424864314496517,4.5423596020555124e-05,122,132
0.009838342666625977,positive,10.0,10.0,-0.021955234929919243,-0.22718308866024017,0.009425773285329342,0.2956870496273041,122,133
0.009980201721191406,positive,10.0,10.0,-0.027142832055687904,0.16270186007022858,0.015459348447620869,-0.28181222081184387,122,135
0.01003885269165039,positive,10.0,10.0,-0.02388879470527172,-0.03263715282082558,0.009823103435337543,0.015706147998571396,122,136
0.010097742080688477,positive,10.0,10.0,-0.024541538208723068,-0.22789859771728516,0.010137226432561874,0.3114721179008484,122,137
0.010385751724243164,positive,10.0,10.0,-0.03499140217900276,-0.2288435697555542,0.023852216079831123,0.33238160610198975,122,141
0.010445594787597656,positive,10.0,10.0,-0.03956827148795128,-0.03406910598278046,0.03049984760582447,0.04731488227844238,122,142
0.010660886764526367,positive,10.0,10.0,-0.045541029423475266,-0.23060521483421326,0.039772581309080124,0.37141668796539307,122,145
0.010807991027832031,positive,10.0,10.0,-0.05087453871965408,-0.23183581233024597,0.049031615257263184,0.39872825145721436,122,147
0.011023759841918945,positive,10.0,10.0,-0.060926761478185654,-0.0391007699072361,0.06808429211378098,0.15863996744155884,122,150
0.011162757873535156,positive,10.0,10.0,-0.0664113387465477,-0.04108109697699547,0.08069711178541183,0.20260104537010193,122,152
0.01122283935546875,positive,10.0,10.0,-0.06723295897245407,0.1527996063232422,0.08474913239479065,-0.06357438862323761,122,153
0.011282205581665039,positive,10.0,10.0,-0.06417696923017502,0.3466106653213501,0.08347764611244202,-0.3283611536026001,122,154
0.01165151596069336,positive,10.0,10.0,-0.021936899051070213,0.9265958070755005,0.04392709210515022,-1.0881599187850952,122,159
0.011715173721313477,positive,10.0,10.0,-0.0034049844834953547,0.7309229969978333,0.022163894027471542,-0.7820234298706055,122,160
0.011853456497192383,positive,10.0,10.0,0.021923545747995377,0.7305328249931335,-0.003125586546957493,-0.7730703949928284,122,162
0.011993408203125,positive,10.0,10.0,0.055048152804374695,0.7308264374732971,-0.03992169722914696,-0.7799431085586548,122,164
0.012131929397583008,positive,10.0,10.0,0.08039019256830215,0.7321343421936035,-0.0655222162604332,-0.8097332715988159,122,166
0.012504339218139648,negative,10.0,-10.0,0.1460353136062622,0.15433432161808014,-0.14017044007778168,-0.09809059649705887,122,171
0.013493537902832031,positive,10.0,10.0,0.09548556804656982,-0.4083988070487976,-0.09032007306814194,0.2829713523387909,122,184
0.01355886459350586,positive,10.0,10.0,0.08731759339570999,-0.6021242141723633,-0.08466064184904099,0.5458569526672363,122,185
0.013701438903808594,positive,10.0,10.0,0.05935589224100113,-0.9899992942810059,-0.057529300451278687,1.0793157815933228,122,187
0.013765811920166016,positive,10.0,10.0,0.039555907249450684,-0.7941668629646301,-0.035942986607551575,0.7691487669944763,122,188
0.013904333114624023,positive,10.0,10.0,0.011701187118887901,-0.40316274762153625,-0.011252477765083313,0.16628485918045044,122,190
0.013965368270874023,positive,10.0,10.0,0.003637932473793626,-0.5981218218803406,-0.007926779799163342,0.455396831035614,122,191
0.014103174209594727,positive,10.0,10.0,-0.016382278874516487,-0.5980275273323059,0.0043856739066541195,0.4532811939716339,122,193
0.014163494110107422,positive,10.0,10.0,-0.028342828154563904,-0.4029678702354431,0.013451297767460346,0.1619839072227478,122,194
0.014224767684936523,positive,10.0,10.0,-0.03640218824148178,-0.5982797741889954,0.016690975055098534,0.45887982845306396,122,195
0.014286041259765625,positive,10.0,10.0,-0.048367783427238464,-0.40339770913124084,0.025868572294712067,0.17150434851646423,122,196
0.014425277709960938,positive,10.0,10.0,-0.06841333955526352,-0.4041840136051178,0.03874334692955017,0.18892812728881836,122,198
0.00023031234741210938,positive,10.0,10.0,0.02162390761077404,-0.02574365772306919,-0.026063714176416397,-0.03911356255412102,123,0
0.0003330707550048828,positive,10.0,10.0,0.02110903523862362,-0.22048234939575195,-0.026845986023545265,0.24523340165615082,123,1
0.0009357929229736328,positive,10.0,10.0,-0.021373985335230827,-0.4150759279727936,0.023015249520540237,0.5262400507926941,123,8
0.0010762214660644531,positive,10.0,10.0,-0.03408120945096016,-0.4158698618412018,0.038357995450496674,0.543968141078949,123,10
0.0011391639709472656,positive,10.0,10.0,-0.0423986054956913,-0.22130735218524933,0.04923735931515694,0.2636135518550873,123,11
0.001201629638671875,positive,10.0,10.0,-0.046824753284454346,-0.41709625720977783,0.05450962856411934,0.5714108943939209,123,12
0.0017230510711669922,positive,10.0,10.0,-0.04708311706781387,-0.22835595905780792,0.05544217303395271,0.4193580746650696,123,19
0.0017852783203125,positive,10.0,10.0,-0.05165023356676102,-0.03406164422631264,0.06382933259010315,0.14465606212615967,123,20
0.0019252300262451172,positive,10.0,10.0,-0.056932203471660614,-0.035918548703193665,0.07585792243480682,0.18584562838077545,123,22
0.002072572708129883,positive,10.0,10.0,-0.05448976159095764,0.35193711519241333,0.07793532311916351,-0.3485296666622162,123,24
0.0022890567779541016,positive,10.0,10.0,-0.037338364869356155,0.15378448367118835,0.06428223103284836,0.012204514816403389,123,27
0.002426624298095703,positive,10.0,10.0,-0.03510662913322449,0.15194901823997498,0.07101544737815857,0.05280013009905815,123,29
0.0024862289428710938,positive,10.0,10.0,-0.03206764906644821,-0.04411555081605911,0.07207145541906357,0.3670167028903961,123,30
0.002545595169067383,positive,10.0,10.0,-0.03294995799660683,0.14991220831871033,0.07941178977489471,0.09790128469467163,123,31
0.0026848316192626953,positive,10.0,10.0,-0.023075485602021217,0.5376802086830139,0.07799564301967621,-0.43465304374694824,123,33
0.0027589797973632812,positive,10.0,10.0,-0.012321881018579006,0.3415457010269165,0.06930258125066757,-0.118438221514225,123,34
0.0029006004333496094,positive,10.0,10.0,0.005221228580921888,0.729720950126648,0.05916427820920944,-0.6593278646469116,123,36
0.0029609203338623047,positive,10.0,10.0,0.01981564797461033,0.9239717721939087,0.045977719128131866,-0.9328101277351379,123,37
0.003023386001586914,positive,10.0,10.0,0.03829508274793625,0.7282606363296509,0.02732151746749878,-0.6260409951210022,123,38
0.0034644603729248047,positive,10.0,10.0,0.13735929131507874,0.729042649269104,-0.06459381431341171,-0.6440282464027405,123,44
0.004433155059814453,positive,10.0,10.0,0.19652296602725983,-0.22706790268421173,-0.08330599218606949,0.39196115732192993,123,57
0.004495859146118164,positive,10.0,10.0,0.19198161363601685,-0.030868612229824066,-0.07546677440404892,0.07421918213367462,123,58
0.004719257354736328,positive,10.0,10.0,0.19409438967704773,0.16741660237312317,-0.07826466113328934,-0.28929683566093445,123,61
0.004857301712036133,positive,10.0,10.0,0.19691258668899536,-0.22032944858074188,-0.08449635654687881,0.24273733794689178,123,63
0.004918336868286133,positive,10.0,10.0,0.19250598549842834,-0.4141491949558258,-0.07964161038398743,0.5076173543930054,123,64
0.00513005256652832,positive,10.0,10.0,0.17162172496318817,-0.21607762575149536,-0.05645221099257469,0.1482771933078766,123,67
0.005190134048461914,positive,10.0,10.0,0.16730017960071564,-0.4103476405143738,-0.053486667573451996,0.42262986302375793,123,68
0.005249500274658203,positive,10.0,10.0,0.1590932160615921,-0.21451035141944885,-0.04503406956791878,0.11357644200325012,123,69
0.005312681198120117,positive,10.0,10.0,0.15480300784111023,-0.4089590609073639,-0.04276254028081894,0.3917182385921478,123,70
0.005374908447265625,positive,10.0,10.0,0.14662383496761322,-0.21325713396072388,-0.034928176552057266,0.08586537092924118,123,71
0.005663394927978516,positive,10.0,10.0,0.1218152791261673,-0.21156275272369385,-0.01760169491171837,0.04844114929437637,123,75
0.005723714828491211,positive,10.0,10.0,0.11758401989936829,-0.40642794966697693,-0.016632871702313423,0.335519015789032,123,76
0.005784273147583008,positive,10.0,10.0,0.10945546627044678,-0.21107327938079834,-0.009922491386532784,0.037637725472450256,123,77
0.005845308303833008,positive,10.0,10.0,0.10523399710655212,-0.40605154633522034,-0.009169736877083778,0.3271735608577728,123,78
0.005986928939819336,positive,10.0,10.0,0.0928969606757164,-0.015640733763575554,-0.001994004473090172,-0.26189732551574707,123,80
0.006050586700439453,positive,10.0,10.0,0.09258414804935455,-0.21073415875434875,-0.007231950759887695,0.03015601634979248,123,81
0.006109952926635742,positive,10.0,10.0,0.0883694663643837,-0.40575167536735535,-0.006628830451518297,0.3205484449863434,123,82
0.00616908073425293,positive,10.0,10.0,0.08025442808866501,-0.2105359435081482,-0.0002178615832235664,0.025782424956560135,123,83
0.006306171417236328,positive,10.0,10.0,0.06793061643838882,-0.21053706109523773,0.006665719207376242,0.025807606056332588,123,85
0.006443500518798828,positive,10.0,10.0,0.05560479685664177,-0.210735023021698,0.013593594543635845,0.03017675131559372,123,87
0.006659984588623047,positive,10.0,10.0,0.03904646635055542,-0.40654540061950684,0.02151838317513466,0.3380988538265228,123,90
0.006810426712036133,positive,10.0,10.0,0.02668083645403385,-0.4072519540786743,0.029325930401682854,0.35374829173088074,123,92
0.006872892379760742,positive,10.0,10.0,0.0185357965528965,-0.21255899965763092,0.036400895565748215,0.07045503705739975,123,93
0.006933689117431641,positive,10.0,10.0,0.014284616336226463,-0.40818339586257935,0.03780999779701233,0.37439674139022827,123,94
0.006993770599365234,positive,10.0,10.0,0.00612094858661294,-0.21361835300922394,0.045297931879758835,0.09387125819921494,123,95
0.007055521011352539,positive,10.0,10.0,0.0018485813634470105,-0.40935930609703064,0.04717535898089409,0.4004945456981659,123,96
0.007115840911865234,positive,10.0,10.0,-0.006338604725897312,-0.21493716537952423,0.05518524721264839,0.12305020540952682,123,97
0.007178783416748047,positive,10.0,10.0,-0.010637348517775536,-0.41080453991889954,0.0576462522149086,0.43262022733688354,123,98
0.0073261260986328125,positive,10.0,10.0,-0.02318432182073593,-0.41254955530166626,0.06947170197963715,0.4714919924736023,123,100
0.007385730743408203,positive,10.0,10.0,-0.03143531456589699,-0.2184741050004959,0.07890154421329498,0.20148929953575134,123,101
0.007444620132446289,positive,10.0,10.0,-0.03580479323863983,-0.024564050137996674,0.08293132483959198,-0.06529787927865982,123,102
0.007581949234008789,positive,10.0,10.0,-0.0329105369746685,-0.026906246319413185,0.075011245906353,-0.013439982198178768,123,104
0.0077207088470458984,positive,10.0,10.0,-0.030107375234365463,0.36104491353034973,0.06911154836416245,-0.5497497320175171,123,106
0.007780313491821289,positive,10.0,10.0,-0.022886477410793304,0.16502372920513153,0.058116551488637924,-0.23611724376678467,123,107
0.00792241096496582,positive,10.0,10.0,-0.020203568041324615,-0.22672344744205475,0.0548805333673954,0.38335585594177246,123,109
0.007983207702636719,positive,10.0,10.0,-0.024738037958741188,-0.03242190554738045,0.06254765391349792,0.10846909135580063,123,110
0.008046150207519531,positive,10.0,10.0,-0.025386475026607513,-0.22838179767131805,0.06471703201532364,0.42021116614341736,123,111
0.008343696594238281,positive,10.0,10.0,-0.020368941128253937,0.15763668715953827,0.06593327969312668,-0.072898268699646,123,115
0.008406877517700195,positive,10.0,10.0,-0.017216207459568977,-0.038365501910448074,0.06447531282901764,0.23983654379844666,123,116
0.008469104766845703,positive,10.0,10.0,-0.017983516678214073,-0.2343464195728302,0.06927204132080078,0.5521396994590759,123,117
0.008759737014770508,positive,10.0,10.0,-0.013454762287437916,0.54120934009552,0.08129864186048508,-0.5128947496414185,123,121
0.008977651596069336,positive,10.0,10.0,0.030654873698949814,0.7333624958992004,0.03449483960866928,-0.7388396263122559,123,124
0.009038925170898438,positive,10.0,10.0,0.045322123914957047,0.9279915690422058,0.019718049094080925,-1.020470142364502,123,125
0.009099245071411133,positive,10.0,10.0,0.06388195604085922,0.7326124906539917,-0.000691353518050164,-0.7216616868972778,123,126
0.009236335754394531,positive,10.0,10.0,0.09708908200263977,0.7328269481658936,-0.035415831953287125,-0.7266665697097778,123,128
0.009296894073486328,positive,10.0,10.0,0.11174562573432922,0.9284202456474304,-0.04994916170835495,-1.0302824974060059,123,129
0.009359359741210938,positive,10.0,10.0,0.13031402230262756,0.7339971661567688,-0.07055481523275375,-0.7536906599998474,123,130
0.009735107421875,negative,10.0,-10.0,0.19615772366523743,0.1564401239156723,-0.13984957337379456,-0.04674728587269783,123,135
0.010721921920776367,positive,10.0,10.0,0.14605748653411865,-0.4076157510280609,-0.07455462217330933,0.36287277936935425,123,148
0.010785102844238281,positive,10.0,10.0,0.13790518045425415,-0.21151770651340485,-0.06729716807603836,0.047644078731536865,123,149
0.011005163192749023,positive,10.0,10.0,0.12137030810117722,-0.4038251042366028,-0.05986687168478966,0.278685063123703,123,152
0.011066913604736328,positive,10.0,10.0,0.11329380422830582,-0.598044216632843,-0.05429317057132721,0.5519014596939087,123,153
0.011127710342407227,positive,10.0,10.0,0.10133291780948639,-0.40220344066619873,-0.043255142867565155,0.24261882901191711,123,154
0.011188983917236328,positive,10.0,10.0,0.093288853764534,-0.5966817140579224,-0.03840276598930359,0.5213503241539001,123,155
0.01133584976196289,positive,10.0,10.0,0.07333440333604813,-0.20553036034107208,-0.023639407008886337,-0.08455704152584076,123,157
0.011397838592529297,positive,10.0,10.0,0.0692237913608551,-0.4003055989742279,-0.025330547243356705,0.2005748748779297,123,158
0.011461019515991211,positive,10.0,10.0,0.06121768057346344,-0.5950562953948975,-0.02131905034184456,0.48516079783439636,123,159
0.011522054672241211,positive,10.0,10.0,0.04931655526161194,-0.7898709774017334,-0.011615833267569542,0.7710491418838501,123,160
0.01197361946105957,positive,10.0,10.0,-0.025972476229071617,-0.40094009041786194,0.05200608819723129,0.2147616446018219,123,166
0.012192249298095703,positive,10.0,10.0,-0.06177924573421478,-0.5984835624694824,0.0834343284368515,0.5623053312301636,123,169
0.012717485427856445,positive,10.0,10.0,-0.07982101291418076,-0.02266598306596279,0.07547947019338608,-0.10719428211450577,123,176
0.012942314147949219,positive,10.0,10.0,-0.07734408229589462,-0.2207861691713333,0.06462742388248444,0.25243905186653137,123,179
0.013167619705200195,positive,10.0,10.0,-0.09454897046089172,-0.41886717081069946,0.0868687778711319,0.6119242906570435,123,182
0.013478279113769531,negative,10.0,-10.0,-0.1282193511724472,-0.03508501127362251,0.13947941362857819,0.1686296910047531,123,186
0.01361703872680664,negative,10.0,-10.0,-0.12576517462730408,0.3506093919277191,0.14131192862987518,-0.32142624258995056,123,188
0.014303445816040039,positive,10.0,10.0,-0.040615811944007874,0.9196646809577942,0.07878980040550232,-0.8396081924438477,123,197
0.014365196228027344,positive,10.0,10.0,-0.02222251705825329,1.113627552986145,0.06199764087796211,-1.1065096855163574,123,198
0.014425516128540039,positive,10.0,10.0,5.0033901061397046e-05,0.9177477955818176,0.03986744582653046,-0.7950388789176941,123,199
0.00028777122497558594,positive,10.0,10.0,0.0321199931204319,-0.22977358102798462,-0.03224537521600723,0.25768762826919556,124,1
0.0004544258117675781,positive,10.0,10.0,0.019036106765270233,-0.2289285957813263,-0.016291063278913498,0.2389335185289383,124,3
0.0005228519439697266,positive,10.0,10.0,0.014457534067332745,-0.4238140881061554,-0.011512392200529575,0.5264335870742798,124,4
0.0006787776947021484,positive,10.0,10.0,0.001410611905157566,-0.4236399233341217,0.0036191868130117655,0.5225178599357605,124,6
0.0007469654083251953,positive,10.0,10.0,-0.007062186487019062,-0.22856910526752472,0.014069544151425362,0.23097756505012512,124,7
0.0009028911590576172,positive,10.0,10.0,-0.02011135406792164,-0.2290351539850235,0.02925039641559124,0.24132926762104034,124,9
0.00096893310546875,positive,10.0,10.0,-0.024692056700587273,-0.4245624542236328,0.034076981246471405,0.5430931448936462,124,10
0.0010342597961425781,positive,10.0,10.0,-0.03318330645561218,-0.22993557155132294,0.044938843697309494,0.261339008808136,124,11
0.0011091232299804688,positive,10.0,10.0,-0.03778201714158058,-0.42566925287246704,0.050165627151727676,0.5678507089614868,124,12
0.0014529228210449219,positive,10.0,10.0,-0.05632520467042923,-0.039016369730234146,0.07436218857765198,0.061290740966796875,124,16
0.0015189647674560547,positive,10.0,10.0,-0.05710553005337715,0.15496498346328735,0.07558800280094147,-0.20703481137752533,124,17
0.001756429672241211,positive,10.0,10.0,-0.043970149010419846,-0.04307667911052704,0.058735739439725876,0.15093488991260529,124,20
0.0018231868743896484,positive,10.0,10.0,-0.04483168199658394,-0.23898835480213165,0.061754435300827026,0.46155402064323425,124,21
0.0018949508666992188,positive,10.0,10.0,-0.049611449241638184,-0.0447910912334919,0.07098551839590073,0.18895766139030457,124,22
0.0019617080688476562,positive,10.0,10.0,-0.05050726979970932,0.14924728870391846,0.0747646689414978,-0.08051469177007675,124,23
0.002115964889526367,positive,10.0,10.0,-0.040657877922058105,0.1471402496099472,0.06618029624223709,-0.03387940302491188,124,25
0.0023534297943115234,positive,10.0,10.0,-0.043589528650045395,-0.0507989302277565,0.08291187137365341,0.32205745577812195,124,28
0.002419710159301758,positive,10.0,10.0,-0.04460550844669342,0.14305047690868378,0.08935301750898361,0.05663038790225983,124,29
0.0024843215942382812,positive,10.0,10.0,-0.041744500398635864,0.3367851972579956,0.09048562496900558,-0.20657752454280853,124,30
0.0025482177734375,positive,10.0,10.0,-0.03500879555940628,0.5305045247077942,0.0863540768623352,-0.4694012999534607,124,31
0.0027992725372314453,positive,10.0,10.0,0.00845316518098116,0.7223896384239197,0.042269397526979446,-0.68958979845047,124,34
0.0028667449951171875,positive,10.0,10.0,0.022900957614183426,0.9169002771377563,0.028477603569626808,-0.9686716794967651,124,35
0.0029304027557373047,positive,10.0,10.0,0.04123896360397339,0.7214078307151794,0.0091041699051857,-0.6671805381774902,124,36
0.003248929977416992,positive,10.0,10.0,0.10675743222236633,0.7221660614013672,-0.05600353702902794,-0.6846524477005005,124,40
0.003315448760986328,positive,10.0,10.0,0.12120075523853302,0.9180189967155457,-0.0696965828537941,-0.9944276809692383,124,41
0.0044744014739990234,positive,10.0,10.0,0.15851764380931854,-0.23265819251537323,-0.07366959750652313,0.3221451938152313,124,55
0.004541158676147461,positive,10.0,10.0,0.15386447310447693,-0.03656870871782303,-0.06722669303417206,0.007169494405388832,124,56
0.004607200622558594,positive,10.0,10.0,0.1531330943107605,-0.23066534101963043,-0.06708330661058426,0.27790704369544983,124,57
0.004683971405029297,positive,10.0,10.0,0.14851979911327362,-0.4247693419456482,-0.061525166034698486,0.5487004518508911,124,58
0.00493168830871582,positive,10.0,10.0,0.11918090283870697,-0.22761410474777222,-0.02385878376662731,0.20999926328659058,124,61
0.004998922348022461,positive,10.0,10.0,0.1146286204457283,-0.42238694429397583,-0.019658798351883888,0.4950615465641022,124,62
0.0050694942474365234,positive,10.0,10.0,0.10618088394403458,-0.22699333727359772,-0.009757568128407001,0.19624847173690796,124,63
0.005230903625488281,positive,10.0,10.0,0.09320153295993805,-0.6170135140419006,0.003884149482473731,0.7766764163970947,124,65
0.005297660827636719,positive,10.0,10.0,0.08086126297712326,-0.4219452142715454,0.01941767707467079,0.4852180778980255,124,66
0.00536656379699707,positive,10.0,10.0,0.07242235541343689,-0.227102592587471,0.029122039675712585,0.19871766865253448,124,67
0.005434989929199219,positive,10.0,10.0,0.0678803026676178,-0.4226287007331848,0.03309639170765877,0.500443160533905,124,68
0.0056650638580322266,positive,10.0,10.0,0.046393971890211105,-0.22927650809288025,0.057959362864494324,0.24697993695735931,124,71
0.005892515182495117,positive,10.0,10.0,0.02868509292602539,-0.03699902072548866,0.079749196767807,0.01670396700501442,124,74
0.006041288375854492,positive,10.0,10.0,0.031082993373274803,-0.03927479684352875,0.07508748024702072,0.06703966856002808,124,76
0.006193876266479492,positive,10.0,10.0,0.03339139372110367,0.3486451804637909,0.07240746915340424,-0.4686681628227234,124,78
0.006264686584472656,positive,10.0,10.0,0.04036429524421692,0.15257902443408966,0.06303410977125168,-0.15407034754753113,124,79
0.006585836410522461,positive,10.0,10.0,0.03685916215181351,0.14887765049934387,0.07641775906085968,-0.07231717556715012,124,83
0.006661176681518555,positive,10.0,10.0,0.039836715906858444,0.34282559156417847,0.07497141510248184,-0.33994510769844055,124,84
0.007077455520629883,positive,10.0,10.0,0.05831284821033478,0.5327764749526978,0.06881197541952133,-0.5189454555511475,124,89
0.007146358489990234,positive,10.0,10.0,0.06896837800741196,0.7268655896186829,0.05843306705355644,-0.7891753911972046,124,90
0.007304191589355469,positive,10.0,10.0,0.1019284576177597,0.7254785895347595,0.02139120362699032,-0.7571597099304199,124,92
0.0077898502349853516,positive,10.0,10.0,0.20069774985313416,0.7272840738296509,-0.08715182542800903,-0.7991771101951599,124,98
0.008517980575561523,positive,10.0,10.0,0.22350457310676575,-0.23401780426502228,-0.09227294474840164,0.35287219285964966,124,107
0.008585929870605469,positive,10.0,10.0,0.21882422268390656,-0.03771316260099411,-0.0852155014872551,0.032578129321336746,124,108
0.00864863395690918,positive,10.0,10.0,0.21806995570659637,-0.2315162718296051,-0.08456394076347351,0.2972048819065094,124,109
0.00887751579284668,positive,10.0,10.0,0.2081495225429535,-0.4231179654598236,-0.07411845028400421,0.512717068195343,124,112
0.00902557373046875,positive,10.0,10.0,0.19514647126197815,-0.42118769884109497,-0.05991153419017792,0.4695013463497162,124,114
0.009091615676879883,positive,10.0,10.0,0.18672271072864532,-0.22527284920215607,-0.05052150785923004,0.158552885055542,124,115
0.009156465530395508,positive,10.0,10.0,0.18221725523471832,-0.41963645815849304,-0.0473504476249218,0.43487927317619324,124,116
0.009225130081176758,positive,10.0,10.0,0.1738245189189911,-0.22387726604938507,-0.03865286335349083,0.1276537925004959,124,117
0.009288311004638672,positive,10.0,10.0,0.16934697329998016,-0.4184247851371765,-0.036099787801504135,0.4078959822654724,124,118
0.009697914123535156,positive,10.0,10.0,0.13539305329322815,-0.2215486615896225,-0.008883860893547535,0.07618799060583115,124,123
0.009859085083007812,positive,10.0,10.0,0.13043607771396637,0.16892589628696442,-0.011745791882276535,-0.5142800211906433,124,125
0.009925127029418945,positive,10.0,10.0,0.13381458818912506,-0.026028677821159363,-0.02203139290213585,-0.22532151639461517,124,126
0.01007533073425293,positive,10.0,10.0,0.1288774460554123,-0.4155605435371399,-0.025331197306513786,0.344524621963501,124,128
0.010142087936401367,positive,10.0,10.0,0.120566226541996,-0.22008757293224335,-0.01844070479273796,0.043962642550468445,124,129
0.01054692268371582,positive,10.0,10.0,0.09079810976982117,-0.02409203164279461,-0.0033397735096514225,-0.267997682094574,124,134
0.010614395141601562,positive,10.0,10.0,0.0903162732720375,-0.21916615962982178,-0.00869972724467516,0.02362998016178608,124,135
0.010688543319702148,positive,10.0,10.0,0.08593294769525528,-0.414162278175354,-0.008227127604186535,0.31355538964271545,124,136
0.011092901229858398,positive,10.0,10.0,0.05233216658234596,-0.21901029348373413,0.011186391115188599,0.020191939547657967,124,141
0.011240959167480469,positive,10.0,10.0,0.03966614603996277,-0.2193359136581421,0.017917893826961517,0.027377856895327568,124,143
0.011306524276733398,positive,10.0,10.0,0.03527942672371864,-0.4147101640701294,0.018465451896190643,0.32565978169441223,124,144
0.01137995719909668,positive,10.0,10.0,0.026985222473740578,-0.21985593438148499,0.024978647008538246,0.03885679319500923,124,145
0.011445999145507812,positive,10.0,10.0,0.022588104009628296,-0.025100914761424065,0.025755783542990685,-0.24584165215492249,124,146
0.011604070663452148,positive,10.0,10.0,0.017674464732408524,-0.4159955382347107,0.021936004981398582,0.35403695702552795,124,148
0.0116729736328125,positive,10.0,10.0,0.009354554116725922,-0.22119224071502686,0.02901674434542656,0.06835100054740906,124,149
0.01182246208190918,positive,10.0,10.0,-0.0034036491997539997,-0.2220405489206314,0.03778468072414398,0.0870959460735321,124,151
0.012132883071899414,positive,10.0,10.0,-0.029039224609732628,-0.22452570497989655,0.05796023830771446,0.1420847326517105,124,155
0.012204170227050781,positive,10.0,10.0,-0.03352973982691765,-0.4204277992248535,0.06080193445086479,0.4524751901626587,124,156
0.012355804443359375,positive,10.0,10.0,-0.046462614089250565,-0.4222643971443176,0.07344265282154083,0.49343568086624146,124,158
0.01250457763671875,positive,10.0,10.0,-0.05947292223572731,-0.03441239520907402,0.0878068208694458,-0.04051141068339348,124,160
0.012825727462768555,positive,10.0,10.0,-0.0545727014541626,0.350848913192749,0.07617172598838806,-0.517551064491272,124,164
0.012892007827758789,positive,10.0,10.0,-0.047555722296237946,0.5448203682899475,0.06582070142030716,-0.7852917313575745,124,165
0.013214111328125,positive,10.0,10.0,-0.004060714039951563,0.5426416397094727,0.005073665175586939,-0.7351518273353577,124,169
0.013528823852539062,positive,10.0,10.0,0.047164514660835266,0.9339146614074707,-0.06565799564123154,-1.3450374603271484,124,173
0.013601541519165039,positive,10.0,10.0,0.06584280729293823,0.7396770119667053,-0.09255874156951904,-1.0735983848571777,124,174
0.013923168182373047,negative,10.0,-10.0,0.10179273039102554,-0.033428240567445755,-0.1475415974855423,-0.06265223026275635,124,178
0.014075279235839844,negative,10.0,-10.0,0.0966009572148323,-0.4188747704029083,-0.1451929211616516,0.42237815260887146,124,180
0.014911651611328125,positive,10.0,10.0,-0.03622632473707199,-1.1829392910003662,-0.021897127851843834,1.226959466934204,124,190
0.015063047409057617,positive,10.0,10.0,-0.08744056522846222,-1.57292640209198,0.03289610147476196,1.806208610534668,124,192
0.015296459197998047,negative,10.0,-10.0,-0.19354990124702454,-2.1600329875946045,0.15964123606681824,2.7467665672302246,124,195
0.0002033710479736328,positive,10.0,10.0,-0.039611078798770905,0.03914201259613037,-0.03143781051039696,0.010792038403451443,125,0
0.00030994415283203125,positive,10.0,10.0,-0.03882823884487152,-0.15551529824733734,-0.031221970915794373,0.293392539024353,125,1
0.0004937648773193359,positive,10.0,10.0,-0.04113779217004776,-0.1547117680311203,-0.02553355135023594,0.2756052315235138,125,3
0.0006623268127441406,positive,10.0,10.0,-0.05122123286128044,-0.1540631502866745,-0.008818911388516426,0.2612038552761078,125,5
0.0008172988891601562,positive,10.0,10.0,-0.0612836591899395,-0.1538858562707901,0.007427009288221598,0.25727882981300354,125,7
0.0008823871612548828,positive,10.0,10.0,-0.06436137855052948,-0.3491130471229553,0.012572585605084896,0.5522950291633606,125,8
0.0011212825775146484,positive,10.0,10.0,-0.0814194530248642,-0.1549159586429596,0.04016323387622833,0.2801946997642517,125,11
0.0011856555938720703,positive,10.0,10.0,-0.08451776951551437,-0.3505871295928955,0.045767124742269516,0.585269570350647,125,12
0.001249074935913086,positive,10.0,10.0,-0.09152951091527939,-0.15613511204719543,0.05747251585125923,0.30734783411026,125,13
0.0013124942779541016,positive,10.0,10.0,-0.0946522131562233,0.03812280297279358,0.0636194720864296,0.03332967311143875,125,14
0.0013761520385742188,positive,10.0,10.0,-0.0938897579908371,-0.15785105526447296,0.06428606808185577,0.3453872799873352,125,15
0.0015234947204589844,positive,10.0,10.0,-0.09632077813148499,-0.15976624190807343,0.07266678661108017,0.3879169821739197,125,17
0.0016698837280273438,positive,10.0,10.0,-0.09883103519678116,0.2281361073255539,0.08280515670776367,-0.14726369082927704,125,19
0.0017344951629638672,positive,10.0,10.0,-0.0942683145403862,0.4219806492328644,0.07985988259315491,-0.4127173125743866,125,20
0.0019598007202148438,positive,10.0,10.0,-0.07291525602340698,0.2238098531961441,0.06238175928592682,-0.051407694816589355,125,23
0.0020236968994140625,positive,10.0,10.0,-0.0684390589594841,0.02785145491361618,0.06135360524058342,0.26028650999069214,125,24
0.0020868778228759766,positive,10.0,10.0,-0.06788203120231628,-0.16809023916721344,0.066559337079525,0.5716726779937744,125,25
0.002232789993286133,positive,10.0,10.0,-0.07072307169437408,0.21996702253818512,0.08400636166334152,0.03357647359371185,125,27
0.0023775100708007812,positive,10.0,10.0,-0.05804792791604996,0.6076064109802246,0.08004860579967499,-0.49628129601478577,125,29
0.002440929412841797,positive,10.0,10.0,-0.04589579999446869,0.8015137314796448,0.07012297958135605,-0.7627017498016357,125,30
0.002504587173461914,positive,10.0,10.0,-0.029865523800253868,0.9956033825874329,0.054868947714567184,-1.032521367073059,125,31
0.0025708675384521484,positive,10.0,10.0,-0.009953456930816174,0.7997962236404419,0.03421851620078087,-0.7231293320655823,125,32
0.0027980804443359375,positive,10.0,10.0,0.03410792350769043,0.9940174221992493,-0.0027668916154652834,-0.9953514933586121,125,35
0.0029463768005371094,positive,10.0,10.0,0.06996691972017288,0.9943612813949585,-0.036744698882102966,-1.0032720565795898,125,37
0.0030100345611572266,positive,10.0,10.0,0.0898541510105133,0.799748957157135,-0.05681014060974121,-0.7223511934280396,125,38
0.003154754638671875,positive,10.0,10.0,0.12576130032539368,0.8015033006668091,-0.09190436452627182,-0.7628726959228516,125,40
0.00475621223449707,positive,10.0,10.0,0.1561484932899475,-0.33688199520111084,-0.09151061624288559,0.28382065892219543,125,60
0.004822731018066406,positive,10.0,10.0,0.14941084384918213,-0.14058206975460052,-0.08583420515060425,-0.036263756453990936,125,61
0.0048868656158447266,positive,10.0,10.0,0.1465992033481598,0.055659182369709015,-0.0865594819188118,-0.3547462224960327,125,62
0.004957437515258789,positive,10.0,10.0,0.14771239459514618,-0.13813219964504242,-0.09365440160036087,-0.09056418389081955,125,63
0.0052645206451416016,positive,10.0,10.0,0.11342247575521469,-0.9130094051361084,-0.0695054829120636,0.9598843455314636,125,67
0.0053293704986572266,positive,10.0,10.0,0.0951622873544693,-1.1071317195892334,-0.05030779168009758,1.229946494102478,125,68
0.005396127700805664,positive,10.0,10.0,0.07301965355873108,-1.3015716075897217,-0.025708861649036407,1.5064531564712524,125,69
0.005460262298583984,positive,10.0,10.0,0.04698822274804115,-1.4963724613189697,0.0044202012941241264,1.7910003662109375,125,70
0.0055255889892578125,positive,10.0,10.0,0.017060771584510803,-1.691543698310852,0.04024020954966545,2.0850539207458496,125,71
0.0057582855224609375,negative,10.0,-10.0,-0.08056284487247467,-1.8888691663742065,0.16048403084278107,2.448760747909546,125,74
0.00030684471130371094,positive,10.0,10.0,-0.010065807029604912,-0.17209739983081818,-0.017538389191031456,0.2558407187461853,126,1
0.0003840923309326172,positive,10.0,10.0,-0.013507755473256111,-0.3669646084308624,-0.012421575374901295,0.5429405570030212,126,2
0.0005588531494140625,positive,10.0,10.0,-0.024280453100800514,-0.3667699098587036,0.003364632371813059,0.5385594367980957,126,4
0.0007197856903076172,positive,10.0,10.0,-0.03504975885152817,0.023221824318170547,0.019074592739343643,-0.041252296417951584,126,6
0.0007839202880859375,positive,10.0,10.0,-0.03458532318472862,-0.17216838896274567,0.018249547109007835,0.25738728046417236,126,7
0.0009295940399169922,positive,10.0,10.0,-0.04537961259484291,-0.17276029288768768,0.03451269492506981,0.27054956555366516,126,9
0.0014774799346923828,positive,10.0,10.0,-0.06593851745128632,0.01705220714211464,0.07262372970581055,0.09509232640266418,126,16
0.0016276836395263672,positive,10.0,10.0,-0.06137622892856598,0.4050427973270416,0.07104911655187607,-0.44209593534469604,126,18
0.0017764568328857422,positive,10.0,10.0,-0.04129354655742645,0.7932990789413452,0.04797593131661415,-0.9840345978736877,126,20
0.0018427371978759766,positive,10.0,10.0,-0.02542756497859955,0.5975683927536011,0.028295239433646202,-0.676676869392395,126,21
0.0019903182983398438,positive,10.0,10.0,0.0023695228155702353,0.5969687700271606,-0.004444670397788286,-0.6630349159240723,126,23
0.0020613670349121094,positive,10.0,10.0,0.014308898709714413,0.7921522855758667,-0.017705369740724564,-0.957114040851593,126,24
0.0021266937255859375,positive,10.0,10.0,0.03015194460749626,0.5972728729248047,-0.03684765100479126,-0.670045793056488,126,25
0.002190113067626953,positive,10.0,10.0,0.04209740087389946,0.7928872108459473,-0.05024856701493263,-0.9740989208221436,126,26
0.0023360252380371094,positive,10.0,10.0,0.06992463022470474,0.7944900989532471,-0.0836828276515007,-1.0114078521728516,126,28
0.0034761428833007812,positive,10.0,10.0,0.03404749929904938,-1.134095311164856,-0.04263303801417351,1.4214658737182617,126,42
0.003701925277709961,positive,10.0,10.0,-0.030071964487433434,-1.3286269903182983,0.03619088605046272,1.6991697549819946,126,45
0.004010677337646484,negative,10.0,-10.0,-0.1598433405160904,-2.1117889881134033,0.2093798667192459,2.977055788040161,126,49
0.00025391578674316406,positive,10.0,10.0,0.01269608736038208,0.03619435429573059,-0.003911274019628763,-0.029532823711633682,127,0
0.0003542900085449219,positive,10.0,10.0,0.013419974595308304,-0.15887129306793213,-0.00450193090364337,0.2619134783744812,127,1
0.0005278587341308594,positive,10.0,10.0,0.0031639751978218555,-0.1588170826435089,0.011799800209701061,0.26072221994400024,127,3
0.0006759166717529297,positive,10.0,10.0,-0.007094475906342268,-0.1592264622449875,0.02815631404519081,0.2698292136192322,127,5
0.0010790824890136719,positive,10.0,10.0,-0.02311808243393898,0.03289804235100746,0.05737651139497757,0.043247077614068985,127,10
0.0013990402221679688,positive,10.0,10.0,-0.02838997356593609,0.02936718240380287,0.07474994659423828,0.1213943287730217,127,14
0.0014653205871582031,positive,10.0,10.0,-0.02780262939631939,0.22334301471710205,0.07717783004045486,-0.14680089056491852,127,15
0.0015306472778320312,positive,10.0,10.0,-0.023335769772529602,0.41727977991104126,0.07424181699752808,-0.41417232155799866,127,16
0.0016772747039794922,positive,10.0,10.0,-0.01056640688329935,0.02518613450229168,0.06397759914398193,0.21370334923267365,127,18
0.0017421245574951172,positive,10.0,10.0,-0.010062684305012226,-0.17078939080238342,0.06825166940689087,0.5258617997169495,127,19
0.0018873214721679688,positive,10.0,10.0,-0.013012290000915527,0.21722322702407837,0.08387774974107742,-0.011392834596335888,127,21
0.002032041549682617,positive,10.0,10.0,-0.00044685808825306594,0.6048834323883057,0.07812035083770752,-0.541648805141449,127,23
0.0021009445190429688,positive,10.0,10.0,0.011650810949504375,0.7988255023956299,0.0672873705625534,-0.8087306618690491,127,24
0.0021669864654541016,positive,10.0,10.0,0.02762732096016407,0.9929640293121338,0.05111275985836983,-1.0795118808746338,127,25
0.002312898635864258,positive,10.0,10.0,0.06343071907758713,0.9919093251228333,0.014097772538661957,-1.0544871091842651,127,27
0.0023849010467529297,positive,10.0,10.0,0.083268903195858,0.7966033816337585,-0.006991968955844641,-0.7574126124382019,127,28
0.0024521350860595703,positive,10.0,10.0,0.09920097142457962,0.9918209910392761,-0.022140221670269966,-1.0522874593734741,127,29
0.0028486251831054688,negative,10.0,-10.0,0.21411064267158508,0.8017533421516418,-0.15371209383010864,-0.8802083730697632,127,34
0.0029947757720947266,negative,10.0,-10.0,0.2423260360956192,0.416644424200058,-0.1841067671775818,-0.4053123891353607,127,36
0.0031402111053466797,negative,10.0,-10.0,0.25514984130859375,0.03261929005384445,-0.19573011994361877,0.050568412989377975,127,38
0.0032851696014404297,negative,10.0,-10.0,0.2526174783706665,-0.3511244058609009,-0.18920516967773438,0.501185417175293,127,40
0.0033483505249023438,negative,10.0,-10.0,0.24559500813484192,-0.1539098024368286,-0.17918147146701813,0.15534771978855133,127,41
0.0034112930297851562,negative,10.0,-10.0,0.24251681566238403,-0.34607425332069397,-0.17607450485229492,0.3865816295146942,127,42
0.0036344528198242188,negative,10.0,-10.0,0.22579027712345123,-0.5336918234825134,-0.16188034415245056,0.5147011280059814,127,45
0.003701448440551758,negative,10.0,-10.0,0.2151164412498474,-0.7262082695960999,-0.15158632397651672,0.752315104007721,127,46
0.00393223762512207,positive,10.0,10.0,0.15997307002544403,-1.3054555654525757,-0.09185383468866348,1.4945669174194336,127,49
0.003996133804321289,positive,10.0,10.0,0.13386397063732147,-1.109344244003296,-0.06196250021457672,1.174673080444336,127,50
0.004141092300415039,positive,10.0,10.0,0.08560490608215332,-1.4982370138168335,-0.009522932581603527,1.7277246713638306,127,52
0.004205226898193359,positive,10.0,10.0,0.05564016476273537,-1.6932488679885864,0.02503155916929245,2.0174293518066406,127,53
0.0042705535888671875,positive,10.0,10.0,0.02177518792450428,-1.8886213302612305,0.06538014858961105,2.3177547454833984,127,54
0.0044214725494384766,negative,10.0,-10.0,-0.05768273398280144,-2.280055284500122,0.1643315553665161,2.954437494277954,127,56
0.00035071372985839844,positive,10.0,10.0,-0.008789467625319958,-0.23126868903636932,0.020679041743278503,0.2698817849159241,128,1
0.0008611679077148438,positive,10.0,10.0,-0.040575556457042694,-0.23472127318382263,0.061836469918489456,0.34659263491630554,128,7
0.0010187625885009766,positive,10.0,10.0,-0.04608059674501419,-0.236567884683609,0.07024896889925003,0.3875945508480072,128,9
0.001085519790649414,positive,10.0,10.0,-0.05081195756793022,-0.0425097718834877,0.07800085842609406,0.1178615465760231,128,10
0.0012326240539550781,positive,10.0,10.0,-0.048633892089128494,0.34529775381088257,0.07737350463867188,-0.4155179262161255,128,12
0.0016303062438964844,positive,10.0,10.0,-0.04551636800169945,0.14502766728401184,0.08705870807170868,-0.007907992228865623,128,17
0.0017042160034179688,positive,10.0,10.0,-0.04261581227183342,-0.05122796818614006,0.08690055459737778,0.3109235167503357,128,18
0.0017704963684082031,positive,10.0,10.0,-0.0436403714120388,-0.2474735826253891,0.09311902523040771,0.6296977400779724,128,19
0.0022449493408203125,positive,10.0,10.0,-0.015289225615561008,0.9132303595542908,0.09130864590406418,-0.9123437404632568,128,25
0.0023949146270751953,positive,10.0,10.0,0.02511550486087799,1.3011066913604736,0.049561988562345505,-1.4439022541046143,128,27
0.002621889114379883,positive,10.0,10.0,0.09144635498523712,1.1051744222640991,-0.018780263140797615,-1.1303799152374268,128,30
0.002685070037841797,positive,10.0,10.0,0.1135498434305191,0.9103034138679504,-0.04138786345720291,-0.8436459898948669,128,31
0.002750396728515625,positive,10.0,10.0,0.13175591826438904,1.1059650182724,-0.058260783553123474,-1.1490516662597656,128,32
0.0031435489654541016,negative,10.0,-10.0,0.2503660321235657,0.9181762933731079,-0.19006887078285217,-1.033489465713501,128,37
0.00035381317138671875,positive,10.0,10.0,0.031251635402441025,-0.20340906083583832,0.011033236980438232,0.2880100607872009,129,1
0.00042510032653808594,positive,10.0,10.0,0.027183454483747482,-0.00844617374241352,0.01679343730211258,-0.001172764110378921,129,2
0.0004906654357910156,positive,10.0,10.0,0.027014531195163727,-0.2038048952817917,0.016769982874393463,0.29676103591918945,129,3
0.0008108615875244141,positive,10.0,10.0,0.018481038510799408,-0.2051042765378952,0.029552891850471497,0.3255106508731842,129,7
0.00087738037109375,positive,10.0,10.0,0.014378953725099564,-0.010415286757051945,0.03606310486793518,0.042291972786188126,129,8
0.0009424686431884766,positive,10.0,10.0,0.014170647598803043,0.18417146801948547,0.036908943206071854,-0.238798126578331,129,9
0.0010082721710205078,positive,10.0,10.0,0.017854077741503716,-0.01145778689533472,0.03213297948241234,0.06529466807842255,129,10
0.0012347698211669922,positive,10.0,10.0,0.013236531987786293,-0.2080763876438141,0.04251738637685776,0.3912559747695923,129,13
0.00146484375,positive,10.0,10.0,0.004615574609488249,-0.015049724839627743,0.060996152460575104,0.1447550505399704,129,16
0.0015294551849365234,positive,10.0,10.0,0.004314580466598272,-0.21098975837230682,0.06389125436544418,0.45604026317596436,129,17
0.001913309097290039,positive,10.0,10.0,0.014224649406969547,-0.021008864045143127,0.06722358614206314,0.2765268385410309,129,22
0.002376556396484375,positive,10.0,10.0,0.030876321718096733,0.7520096302032471,0.07856092602014542,-0.7327941656112671,129,28
0.0025224685668945312,positive,10.0,10.0,0.06483577936887741,0.750048041343689,0.043909963220357895,-0.6877058744430542,129,30
0.0027551651000976562,positive,10.0,10.0,0.11370782554149628,0.9439898133277893,-0.002454043598845601,-0.953499436378479,129,33
0.0031404495239257812,positive,10.0,10.0,0.2003556340932846,0.7513507008552551,-0.08733496069908142,-0.7178614139556885,129,38
0.003928184509277344,positive,10.0,10.0,0.23885765671730042,-0.014053148217499256,-0.09158553183078766,0.12306207418441772,129,48
0.004393100738525391,positive,10.0,10.0,0.22583748400211334,-0.3971883952617645,-0.06747065484523773,0.5525837540626526,129,54
0.004458189010620117,positive,10.0,10.0,0.21789371967315674,-0.20118701457977295,-0.05641897767782211,0.23942933976650238,129,55
0.004523515701293945,positive,10.0,10.0,0.21386997401714325,-0.39545950293540955,-0.05163039267063141,0.5137960314750671,129,56
0.0045871734619140625,positive,10.0,10.0,0.20596078038215637,-0.5898177027702332,-0.0413544736802578,0.7897722721099854,129,57
0.004650115966796875,positive,10.0,10.0,0.1941644251346588,-0.39415299892425537,-0.02555902674794197,0.4843713641166687,129,58
0.004717111587524414,positive,10.0,10.0,0.18628136813640594,-0.1986798495054245,-0.015871599316596985,0.18374386429786682,129,59
0.004782438278198242,positive,10.0,10.0,0.18230777978897095,-0.393571138381958,-0.012196722440421581,0.4713779389858246,129,60
0.0050084590911865234,positive,10.0,10.0,0.16260354220867157,-0.19824960827827454,0.01006203144788742,0.1742306500673294,129,63
0.0051538944244384766,positive,10.0,10.0,0.15857309103012085,-0.19858650863170624,0.011241422034800053,0.18166470527648926,129,65
0.005380153656005859,positive,10.0,10.0,0.14274483919143677,-0.3944214880466461,0.028230462223291397,0.49020376801490784,129,68
0.005445003509521484,positive,10.0,10.0,0.13485640287399292,-0.19970892369747162,0.03803453594446182,0.20654994249343872,129,69
0.005509614944458008,positive,10.0,10.0,0.13086222112178802,-0.3953535556793213,0.04216553643345833,0.5109840631484985,129,70
0.00557708740234375,positive,10.0,10.0,0.12295515835285187,-0.20085014402866364,0.05238521844148636,0.2318812906742096,129,71
0.0058896541595458984,positive,10.0,10.0,0.09898797422647476,-0.5944920778274536,0.08475816994905472,0.8945208787918091,129,75
0.0067636966705322266,positive,10.0,10.0,0.11857940256595612,0.7530961036682129,0.0926748588681221,-0.7579134106636047,129,86
0.006828784942626953,positive,10.0,10.0,0.1336413323879242,0.9468270540237427,0.0775165855884552,-1.0200552940368652,129,87
0.00689387321472168,positive,10.0,10.0,0.15257786214351654,1.1408352851867676,0.05711548030376434,-1.2874265909194946,129,88
0.006958484649658203,positive,10.0,10.0,0.17539456486701965,0.945034921169281,0.031366948038339615,-0.977422297000885,129,89
0.007185220718383789,positive,10.0,10.0,0.22817465662956238,0.7493631839752197,-0.0209624245762825,-0.671838641166687,129,92
0.007336616516113281,positive,10.0,10.0,0.2620573043823242,0.7501263618469238,-0.05382014438509941,-0.6893656253814697,129,94
0.008292198181152344,negative,10.0,-10.0,0.36580586433410645,0.37771397829055786,-0.141316220164299,-0.5012110471725464,129,106
0.00843954086303711,negative,10.0,-10.0,0.3848504424095154,0.7713450789451599,-0.1680380254983902,-1.17107355594635,129,108
0.008505582809448242,negative,10.0,-10.0,0.40027734637260437,0.5787583589553833,-0.19145949184894562,-0.9354333877563477,129,109
0.0008428096771240234,positive,10.0,10.0,0.009976541623473167,-0.24404604732990265,0.016449332237243652,0.3052126467227936,130,7
0.0009102821350097656,positive,10.0,10.0,0.005095621105283499,-0.04916231706738472,0.0225535836070776,0.017762484028935432,130,8
0.0009741783142089844,positive,10.0,10.0,0.004112374968826771,-0.2446003258228302,0.022908832877874374,0.3174751400947571,130,9
0.0011165142059326172,positive,10.0,10.0,-0.0017758725443854928,-0.24534107744693756,0.02990041673183441,0.3338727355003357,130,11
0.0012600421905517578,positive,10.0,10.0,-0.007695837412029505,-0.24628399312496185,0.037593208253383636,0.3547622859477997,130,13
0.0019526481628417969,positive,10.0,10.0,-0.029123147949576378,0.331422358751297,0.07761292159557343,-0.3557308316230774,130,22
0.002016782760620117,positive,10.0,10.0,-0.02249470166862011,0.13528762757778168,0.07049831002950668,-0.03961910307407379,130,23
0.0023190975189208984,positive,10.0,10.0,-0.02739708311855793,0.13096125423908234,0.09336428344249725,0.05615336075425148,130,27
0.002696514129638672,positive,10.0,10.0,0.024439377710223198,0.7099880576133728,0.04650891572237015,-0.6833392381668091,130,32
0.0027663707733154297,positive,10.0,10.0,0.038639139384031296,0.9044343829154968,0.03284212946891785,-0.9610246419906616,130,33
0.0028328895568847656,positive,10.0,10.0,0.056727826595306396,0.7088868021965027,0.013621637597680092,-0.6582075357437134,130,34
0.002897500991821289,positive,10.0,10.0,0.07090555876493454,0.9038165211677551,0.000457486545201391,-0.9465703964233398,130,35
0.0031228065490722656,positive,10.0,10.0,0.12123691290616989,0.7093791365623474,-0.05059251934289932,-0.6695799827575684,130,38
0.0031871795654296875,positive,10.0,10.0,0.13542449474334717,0.9051666855812073,-0.06398411840200424,-0.9777533411979675,130,39
0.0032510757446289062,positive,10.0,10.0,0.15352782607078552,0.7109583020210266,-0.08353918790817261,-0.7058354020118713,130,40
0.003879547119140625,positive,10.0,10.0,0.18226708471775055,-0.057600103318691254,-0.08583641797304153,0.20468907058238983,130,48
0.003952980041503906,positive,10.0,10.0,0.1811150759458542,-0.2513963580131531,-0.08174263685941696,0.4691082835197449,130,49
0.004016399383544922,positive,10.0,10.0,0.1760871559381485,-0.05522054061293602,-0.07236047089099884,0.1518215388059616,130,50
0.004078865051269531,positive,10.0,10.0,0.17498274147510529,-0.24923577904701233,-0.06932404637336731,0.4208274185657501,130,51
0.0044629573822021484,positive,10.0,10.0,0.15803897380828857,-0.050056248903274536,-0.04286860302090645,0.037521298974752426,130,56
0.004771232604980469,positive,10.0,10.0,0.14630156755447388,-0.0478225015103817,-0.029738498851656914,-0.011794312857091427,130,60
0.0048351287841796875,positive,10.0,10.0,0.14534512162208557,-0.24250562489032745,-0.02997438609600067,0.2713594138622284,130,61
0.005144357681274414,positive,10.0,10.0,0.12598831951618195,-0.2414187788963318,-0.009231353178620338,0.24725612998008728,130,65
0.005611419677734375,positive,10.0,10.0,0.08531075716018677,-0.6323993802070618,0.03800269588828087,0.8492368459701538,130,71
0.005758762359619141,positive,10.0,10.0,0.06390645354986191,-0.24350641667842865,0.06636227667331696,0.29387688636779785,130,73
0.00582432746887207,positive,10.0,10.0,0.05903632938861847,-0.4395086467266083,0.07223981618881226,0.60672926902771,130,74
0.005969524383544922,positive,10.0,10.0,0.04533681273460388,-0.051640890538692474,0.09112732112407684,0.07271774113178253,130,76
0.006192684173583984,positive,10.0,10.0,0.05386025086045265,0.13949038088321686,0.07974443584680557,-0.13268612325191498,130,79
0.0065708160400390625,positive,10.0,10.0,0.059791289269924164,-0.060760486871004105,0.08292334526777267,0.2744669020175934,130,84
0.006718873977661133,positive,10.0,10.0,0.06123780831694603,0.326836496591568,0.08859362453222275,-0.25448331236839294,130,86
0.007498741149902344,positive,10.0,10.0,0.17638589441776276,0.7095946669578552,-0.01739741675555706,-0.6737334728240967,130,96
0.007564544677734375,positive,10.0,10.0,0.19057779014110565,0.9049540758132935,-0.03087208792567253,-0.9718428254127502,130,97
0.007791280746459961,positive,10.0,10.0,0.2410029172897339,0.7118332386016846,-0.08403129875659943,-0.7252161502838135,130,100
0.008827924728393555,positive,10.0,10.0,0.27236682176589966,-0.2440357655286789,-0.09044542163610458,0.30632397532463074,130,113
0.008893966674804688,positive,10.0,10.0,0.2674860954284668,-0.04774918779730797,-0.08431894332170486,-0.01345713809132576,130,114
0.009119510650634766,positive,10.0,10.0,0.25299206376075745,-0.629302442073822,-0.0692320466041565,0.7829151153564453,130,117
0.00926351547241211,positive,10.0,10.0,0.23173999786376953,-0.2374645620584488,-0.04418816789984703,0.16020293533802032,130,119
0.009326457977294922,positive,10.0,10.0,0.2269906997680664,-0.431926965713501,-0.04098410904407501,0.43862470984458923,130,120
0.009389162063598633,positive,10.0,10.0,0.21835216879844666,-0.23624961078166962,-0.03221161291003227,0.13330921530723572,130,121
0.009695291519165039,positive,10.0,10.0,0.1916983276605606,-0.23479348421096802,-0.010961703024804592,0.10112010687589645,130,125
0.009997844696044922,positive,10.0,10.0,0.16512484848499298,-0.23450355231761932,0.008507163263857365,0.09471999853849411,130,129
0.010060787200927734,positive,10.0,10.0,0.1604347825050354,-0.4297463893890381,0.010401562787592411,0.3900747299194336,130,130
0.010125160217285156,positive,10.0,10.0,0.15183985233306885,-0.23477360606193542,0.01820305734872818,0.10068938136100769,130,131
0.010190486907958984,positive,10.0,10.0,0.1471443772315979,-0.43015164136886597,0.020216844975948334,0.3990592956542969,130,132
0.010495185852050781,positive,10.0,10.0,0.12049498409032822,-0.43181416392326355,0.041366323828697205,0.43598267436027527,130,136
0.010560750961303711,positive,10.0,10.0,0.11185869574546814,-0.6274965405464172,0.05008597671985626,0.7414133548736572,130,137
0.010623931884765625,positive,10.0,10.0,0.09930876642465591,-0.43310049176216125,0.06491424888372421,0.4649040997028351,130,138
0.010767459869384766,positive,10.0,10.0,0.08586769551038742,-0.044966768473386765,0.07807967811822891,-0.07501240074634552,130,140
0.010831594467163086,positive,10.0,10.0,0.08496836572885513,0.14895404875278473,0.07657942920923233,-0.34207528829574585,130,141
0.010894536972045898,positive,10.0,10.0,0.08794744312763214,-0.047169145196676254,0.06973792612552643,-0.026260342448949814,130,142
0.010956287384033203,positive,10.0,10.0,0.08700405806303024,-0.2432183027267456,0.06921271979808807,0.28758493065834045,130,143
0.011100053787231445,positive,10.0,10.0,0.08115673065185547,0.14482316374778748,0.07531459629535675,-0.25061193108558655,130,145
0.01132345199584961,positive,10.0,10.0,0.09368417412042618,-0.053169842809438705,0.05583716556429863,0.10633067786693573,130,148
0.011950254440307617,positive,10.0,10.0,0.09245698153972626,-0.06119799241423607,0.07271475344896317,0.2839597761631012,130,156
0.012012243270874023,positive,10.0,10.0,0.0912330150604248,0.13281558454036713,0.07839394360780716,0.01506774965673685,130,157
0.012059926986694336,positive,10.0,10.0,0.09388933330774307,0.3267308473587036,0.07869529724121094,-0.25188758969306946,130,158
0.012547492980957031,positive,10.0,10.0,0.12857995927333832,0.5125164985656738,0.08420281112194061,-0.3391113579273224,130,167
0.012648820877075195,positive,10.0,10.0,0.15295720100402832,0.90030437707901,0.0653386116027832,-0.8714262843132019,130,169
0.012760400772094727,positive,10.0,10.0,0.18505044281482697,0.5085969567298889,0.03673133999109268,-0.2515532374382019,130,171
0.01292872428894043,positive,10.0,10.0,0.20382994413375854,0.3120498061180115,0.03984996676445007,0.07282039523124695,130,174
0.013038158416748047,positive,10.0,10.0,0.21239854395389557,-0.07930361479520798,0.04886247590184212,0.6832205653190613,130,176
0.013147830963134766,positive,10.0,10.0,0.21311460435390472,0.3092891573905945,0.07065314054489136,0.1339794546365738,130,178
0.013255596160888672,positive,10.0,10.0,0.22156499326229095,0.30724218487739563,0.0822945088148117,0.17939355969429016,130,180
0.01350545883178711,positive,10.0,10.0,0.2694039046764374,1.0826833248138428,0.06483219563961029,-0.8830613493919373,130,184
0.013733386993408203,positive,10.0,10.0,0.35593172907829285,1.0804269313812256,-0.003795197932049632,-0.8308896422386169,130,188
0.013947486877441406,positive,10.0,10.0,0.4345841407775879,0.6916608810424805,-0.059084728360176086,-0.2785452902317047,130,192
0.014047622680664062,positive,10.0,10.0,0.4661688506603241,0.6934139132499695,-0.07644088566303253,-0.3176268935203552,130,194
0.014091253280639648,positive,10.0,10.0,0.480037122964859,0.4994592070579529,-0.08279342204332352,-0.04999616742134094,130,195
0.014137029647827148,positive,10.0,10.0,0.4900262951850891,0.6956647038459778,-0.08379334956407547,-0.36760979890823364,130,196
0.014184713363647461,positive,10.0,10.0,0.5039396286010742,0.5018271803855896,-0.09114554524421692,-0.10248006880283356,130,197
0.0001277923583984375,positive,10.0,10.0,0.02927706018090248,-0.04144627973437309,-0.004558323882520199,-0.02573147974908352,131,0
0.0001938343048095703,positive,10.0,10.0,0.028448134660720825,-0.23650257289409637,-0.005072953179478645,0.2655097544193268,131,1
0.0002474784851074219,positive,10.0,10.0,0.023718083277344704,-0.4315517544746399,0.00023724207130726427,0.556588351726532,131,2
0.00037550926208496094,positive,10.0,10.0,0.010358385741710663,-0.4317154884338379,0.016648611053824425,0.5602272152900696,131,4
0.0005657672882080078,positive,10.0,10.0,-0.027268409729003906,-1.0182358026504517,0.06820368021726608,1.465868353843689,131,7
0.00015616416931152344,positive,10.0,10.0,-0.022741319611668587,-0.03360821679234505,-0.026162277907133102,-0.032779060304164886,132,0
0.00036334991455078125,positive,10.0,10.0,-0.036441877484321594,-0.2276529222726822,-0.011074325069785118,0.23617331683635712,132,3
0.0004169940948486328,positive,10.0,10.0,-0.04099493846297264,-0.4226149022579193,-0.006350858602672815,0.525342583656311,132,4
0.000537872314453125,positive,10.0,10.0,-0.053995318710803986,-0.42258527874946594,0.008769298903644085,0.5246562361717224,132,6
0.0006580352783203125,positive,10.0,10.0,-0.06699877977371216,-0.4229796230792999,0.02395741082727909,0.5334455370903015,132,8
0.0007772445678710938,positive,10.0,10.0,-0.0800224244594574,-0.4238015413284302,0.03959445655345917,0.5518073439598083,132,10
0.0010597705841064453,positive,10.0,10.0,-0.11473605781793594,-0.23277024924755096,0.08615634590387344,0.350232869386673,132,15
0.0012240409851074219,positive,10.0,10.0,-0.11707693338394165,0.34834423661231995,0.09135957062244415,-0.4372933804988861,132,18
0.0012705326080322266,positive,10.0,10.0,-0.11011004447937012,0.15205588936805725,0.08261369913816452,-0.11726640909910202,132,19
0.0014362335205078125,positive,10.0,10.0,-0.08935488760471344,0.34374457597732544,0.059630315750837326,-0.33448249101638794,132,22
0.0015959739685058594,positive,10.0,10.0,-0.08048371970653534,-0.243842214345932,0.05817447602748871,0.5940564274787903,132,25
0.0016410350799560547,positive,10.0,10.0,-0.0853605642914772,-0.04958071932196617,0.07005560398101807,0.32025080919265747,132,26
0.0017399787902832031,positive,10.0,10.0,-0.08346263319253922,0.33842429518699646,0.07746976613998413,-0.21715570986270905,132,28
0.002009868621826172,positive,10.0,10.0,-0.01861134171485901,0.919562578201294,0.013512872159481049,-1.0015764236450195,132,33
0.0020575523376464844,positive,10.0,10.0,-0.00022008977248333395,0.7242626547813416,-0.006518656853586435,-0.7046807408332825,132,34
0.0021059513092041016,positive,10.0,10.0,0.01426516380161047,0.9194743633270264,-0.02061227150261402,-0.999408483505249,132,35
0.0022125244140625,positive,10.0,10.0,0.04714732989668846,0.9202937483787537,-0.05486582964658737,-1.0184506177902222,132,37
0.0023229122161865234,positive,10.0,10.0,0.08007209002971649,0.5319369435310364,-0.0901045948266983,-0.4753979742527008,132,39
0.0031380653381347656,positive,10.0,10.0,0.09550289809703827,-0.22557488083839417,-0.08552771061658859,0.19109512865543365,132,53
0.003182649612426758,positive,10.0,10.0,0.09099140018224716,-0.41937577724456787,-0.08170580863952637,0.45561936497688293,132,54
0.003513813018798828,positive,10.0,10.0,0.05267632007598877,-0.41377055644989014,-0.05139081925153732,0.33075955510139465,132,60
0.0035581588745117188,positive,10.0,10.0,0.044400911778211594,-0.21795617043972015,-0.04477563127875328,0.022323505952954292,132,61
0.0036592483520507812,positive,10.0,10.0,0.03179362043738365,-0.2166835069656372,-0.03831816464662552,-0.005777547135949135,132,63
0.0038781166076660156,positive,10.0,10.0,-0.001084935967810452,-0.6050233840942383,-0.016804147511720657,0.537727415561676,132,67
0.003922700881958008,positive,10.0,10.0,-0.013185403309762478,-0.40966925024986267,-0.006049598101526499,0.2397974133491516,132,68
0.004025459289550781,positive,10.0,10.0,-0.03347287327051163,-0.40956470370292664,0.009357670322060585,0.23748831450939178,132,70
0.0040705204010009766,positive,10.0,10.0,-0.04166416823863983,-0.6048190593719482,0.014107436873018742,0.5331081748008728,132,71
0.0041162967681884766,positive,10.0,10.0,-0.05376054719090462,-0.4098983407020569,0.024769600480794907,0.24490362405776978,132,72
0.004330158233642578,positive,10.0,10.0,-0.09440625458955765,-0.4118989408016205,0.05716179683804512,0.2894006073474884,132,76
0.00443267822265625,positive,10.0,10.0,-0.10699696838855743,-0.4136023223400116,0.06325539946556091,0.32714083790779114,132,78
0.004534482955932617,positive,10.0,10.0,-0.1196577176451683,-0.4154850244522095,0.0708993673324585,0.36892005801200867,132,80
0.00463557243347168,positive,10.0,10.0,-0.13239619135856628,-0.027520418167114258,0.08026593178510666,-0.1675877869129181,132,82
0.004796504974365234,positive,10.0,10.0,-0.1302143782377243,0.1643257886171341,0.06587589532136917,-0.38840383291244507,132,85
0.0051708221435546875,positive,10.0,10.0,-0.13483378291130066,-0.03561203554272652,0.059363365173339844,0.011480297893285751,132,92
0.005269289016723633,positive,10.0,10.0,-0.1401766836643219,-0.03730792924761772,0.06603869795799255,0.04897617921233177,132,94
0.005484580993652344,positive,10.0,10.0,-0.14327752590179443,0.3487359285354614,0.07252267003059387,-0.4451899826526642,132,98
0.005532503128051758,positive,10.0,10.0,-0.13630279898643494,0.1526668667793274,0.06361886858940125,-0.13055650889873505,132,99
0.005578756332397461,positive,10.0,10.0,-0.1332494616508484,-0.04330600053071976,0.06100773811340332,0.1814994513988495,132,100
0.005625009536743164,positive,10.0,10.0,-0.13411559164524078,-0.2392454594373703,0.06463772803544998,0.4927870035171509,132,101
0.005732059478759766,positive,10.0,10.0,-0.13980233669281006,0.14889058470726013,0.07891656458377838,-0.04713082313537598,132,103
0.005840301513671875,positive,10.0,10.0,-0.1299685686826706,0.1466563194990158,0.07169578224420547,0.002310380106791854,132,105
0.00594782829284668,positive,10.0,10.0,-0.1202218309044838,0.5347093343734741,0.06640362739562988,-0.5361382365226746,132,107
0.0061206817626953125,positive,10.0,10.0,-0.07648780196905136,0.7275333404541016,0.017900405451655388,-0.7770191431045532,132,110
0.006304264068603516,positive,10.0,10.0,-0.02894401364028454,0.92262864112854,-0.034332193434238434,-1.069169521331787,132,113
0.006418704986572266,positive,10.0,10.0,0.004068102687597275,0.9238184094429016,-0.07146470248699188,-1.097133994102478,132,115
0.006745815277099609,negative,10.0,-10.0,0.06461727619171143,0.15296512842178345,-0.136374369263649,-0.13807587325572968,132,121
0.0067903995513916016,negative,10.0,-10.0,0.06767658144235611,-0.03996677324175835,-0.13913589715957642,0.10866515338420868,132,122
0.006833076477050781,negative,10.0,-10.0,0.06687724590301514,-0.2328491061925888,-0.13696259260177612,0.3544185757637024,132,123
0.00726771354675293,positive,10.0,10.0,0.022818271070718765,-0.21955586969852448,-0.09086203575134277,0.05791635811328888,132,131
0.007311344146728516,positive,10.0,10.0,0.018427152186632156,-0.41326549649238586,-0.08970370888710022,0.32060548663139343,132,132
0.0073549747467041016,positive,10.0,10.0,0.01016184315085411,-0.21698817610740662,-0.08329159766435623,0.0010357408318668604,132,133
0.007398366928100586,positive,10.0,10.0,0.005822079721838236,-0.41082295775413513,-0.08327087759971619,0.26632052659988403,132,134
0.00744175910949707,positive,10.0,10.0,-0.0023943795822560787,-0.6046638488769531,-0.07794447243213654,0.531620979309082,132,135
0.007487773895263672,positive,10.0,10.0,-0.014487655833363533,-0.7986078858375549,-0.06731205433607101,0.7987613081932068,132,136
0.0075893402099609375,positive,10.0,10.0,-0.05031471326947212,-1.1871517896652222,-0.02994616888463497,1.345672369003296,132,138
0.007634401321411133,positive,10.0,10.0,-0.07405775040388107,-1.3818846940994263,-0.003032722044736147,1.6288378238677979,132,139
0.007691860198974609,positive,10.0,10.0,-0.10169544070959091,-1.5769708156585693,0.029544034972786903,1.9205741882324219,132,140
0.0004596710205078125,positive,10.0,10.0,0.010128069669008255,-0.02458808943629265,0.03409191220998764,0.0027968292124569416,133,2
0.0006971359252929688,positive,10.0,10.0,0.004721411969512701,-0.22123844921588898,0.04075495898723602,0.329428493976593,133,5
0.000762939453125,positive,10.0,10.0,0.0002966427418868989,-0.026719650253653526,0.047343529760837555,0.049871232360601425,133,6
0.0009911060333251953,positive,10.0,10.0,-0.005249193869531155,-0.2239564210176468,0.05708412826061249,0.38971006870269775,133,9
0.0010552406311035156,positive,10.0,10.0,-0.009728322736918926,-0.029689181596040726,0.06487832963466644,0.1155574768781662,133,10
0.0012807846069335938,positive,10.0,10.0,-0.015467035584151745,0.16239167749881744,0.07889343053102493,-0.11064238101243973,133,13
0.0013561248779296875,positive,10.0,10.0,-0.012219201773405075,0.35629966855049133,0.07668058574199677,-0.3774290680885315,133,14
0.0014224052429199219,positive,10.0,10.0,-0.005093208514153957,0.16017718613147736,0.069132000207901,-0.06158776953816414,133,15
0.0017309188842773438,positive,10.0,10.0,0.007605264429003,0.15648244321346283,0.06675855815410614,0.020110974088311195,133,19
0.0021321773529052734,positive,10.0,10.0,0.03085785172879696,0.7365896701812744,0.06145939603447914,-0.7437873482704163,133,24
0.0022766590118408203,positive,10.0,10.0,0.06420588493347168,0.7351008653640747,0.026253387331962585,-0.7095742225646973,133,26
0.002341032028198242,positive,10.0,10.0,0.07890789955854416,0.9298495650291443,0.012061902321875095,-0.9938790202140808,133,27
0.0024039745330810547,positive,10.0,10.0,0.09750489145517349,0.7345683574676514,-0.007815677672624588,-0.6974323987960815,133,28
0.0024671554565429688,positive,10.0,10.0,0.11219625920057297,0.9297978281974792,-0.021764324977993965,-0.992565393447876,133,29
0.0026938915252685547,positive,10.0,10.0,0.164104625582695,0.736311137676239,-0.0759972408413887,-0.7376155853271484,133,32
0.003404378890991211,positive,10.0,10.0,0.19618338346481323,-0.22680333256721497,-0.07840883731842041,0.45355695486068726,133,41
0.003551006317138672,positive,10.0,10.0,0.19103401899337769,-0.22472910583019257,-0.06659319251775742,0.4072525203227997,133,43
0.003934383392333984,positive,10.0,10.0,0.17653429508209229,-0.025700394064188004,-0.04134325310587883,0.027383890002965927,133,48
0.004160404205322266,positive,10.0,10.0,0.1711256355047226,-0.21913516521453857,-0.03463121876120567,0.2830253839492798,133,51
0.004224300384521484,positive,10.0,10.0,0.1667429357767105,-0.4137464761734009,-0.028970710933208466,0.5645877718925476,133,52
0.004370689392089844,positive,10.0,10.0,0.15410339832305908,-0.41309550404548645,-0.01242054719477892,0.5499751567840576,133,54
0.004515647888183594,positive,10.0,10.0,0.14148545265197754,-0.41290292143821716,0.0036470533814281225,0.5456392765045166,133,56
0.00458073616027832,positive,10.0,10.0,0.1332273930311203,-0.21783241629600525,0.01455983892083168,0.25410768389701843,133,57
0.004808187484741211,positive,10.0,10.0,0.11624119430780411,-0.41386452317237854,0.035967275500297546,0.5671132802963257,133,60
0.004874706268310547,positive,10.0,10.0,0.10796390473842621,-0.21926505863666534,0.04730954021215439,0.28597497940063477,133,61
0.0050201416015625,positive,10.0,10.0,0.10308162868022919,-0.22068941593170166,0.053200650960206985,0.3175119161605835,133,63
0.0051648616790771484,positive,10.0,10.0,0.09814056009054184,-0.22228707373142242,0.06039228290319443,0.35293108224868774,133,65
0.0053119659423828125,positive,10.0,10.0,0.0931333526968956,-0.22409434616565704,0.06904863566160202,0.39306455850601196,133,67
0.005378007888793945,positive,10.0,10.0,0.08865146338939667,-0.42012473940849304,0.07690992206335068,0.7066935896873474,133,68
0.005442142486572266,positive,10.0,10.0,0.08024896681308746,-0.22614780068397522,0.09104380011558533,0.43917757272720337,133,69
0.0059185028076171875,positive,10.0,10.0,0.09559497237205505,0.5455254316329956,0.08890155702829361,-0.5412532687187195,133,75
0.0060672760009765625,positive,10.0,10.0,0.12129133194684982,0.9332624077796936,0.061983413994312286,-1.0717908143997192,133,77
0.006294727325439453,positive,10.0,10.0,0.1733425259590149,1.1266950368881226,0.004541843663901091,-1.3245915174484253,133,80
0.006440162658691406,positive,10.0,10.0,0.21450674533843994,0.7366929054260254,-0.042559802532196045,-0.7447792291641235,133,82
0.0065860748291015625,positive,10.0,10.0,0.24788811802864075,0.7380608320236206,-0.07846631109714508,-0.7764376997947693,133,84
0.007220268249511719,positive,10.0,10.0,0.2731388509273529,-0.030883105471730232,-0.07991550862789154,0.14214816689491272,133,92
0.007284402847290039,positive,10.0,10.0,0.2725211977958679,-0.22477498650550842,-0.07707254588603973,0.40858760476112366,133,93
0.007430076599121094,positive,10.0,10.0,0.2674526870250702,-0.22271989285945892,-0.0670480728149414,0.3628098964691162,133,95
0.0074961185455322266,positive,10.0,10.0,0.2629983127117157,-0.026712238788604736,-0.05979187414050102,0.049761638045310974,133,96
0.00764155387878418,positive,10.0,10.0,0.2658483386039734,-0.025021659210324287,-0.0640200525522232,0.012402892112731934,133,98
0.007788896560668945,positive,10.0,10.0,0.2609645128250122,-0.41332700848579407,-0.058087605983018875,0.5561270117759705,133,100
0.008015155792236328,positive,10.0,10.0,0.24011196196079254,-0.2161727249622345,-0.03158598765730858,0.2175990343093872,133,103
0.008395195007324219,positive,10.0,10.0,0.2107631415128708,-0.40997040271759033,0.0002612147363834083,0.48095062375068665,133,108
0.008459806442260742,positive,10.0,10.0,0.20256373286247253,-0.21485213935375214,0.009880227036774158,0.18835003674030304,133,109
0.008604288101196289,positive,10.0,10.0,0.1900644153356552,-0.21518732607364655,0.023329894989728928,0.1957826465368271,133,111
0.008668661117553711,positive,10.0,10.0,0.18576067686080933,-0.4106350839138031,0.027245547622442245,0.4957328736782074,133,112
0.008893013000488281,positive,10.0,10.0,0.16499899327754974,-0.21702539920806885,0.0517139732837677,0.23657266795635223,133,115
0.008956670761108398,positive,10.0,10.0,0.16065849363803864,-0.41284656524658203,0.056445423513650894,0.5451089143753052,133,116
0.00933980941772461,positive,10.0,10.0,0.1347934752702713,0.16699039936065674,0.09174035489559174,-0.2126665711402893,133,121
0.009485721588134766,positive,10.0,10.0,0.14534707367420197,0.16444773972034454,0.07798584550619125,-0.15613433718681335,133,123
0.009636402130126953,positive,10.0,10.0,0.15580345690250397,0.5523574948310852,0.06639853119850159,-0.6914060115814209,133,125
0.009783744812011719,positive,10.0,10.0,0.18178057670593262,0.9408760070800781,0.03332103416323662,-1.238183856010437,133,127
0.009935140609741211,positive,10.0,10.0,0.2155049443244934,0.5501059293746948,-0.010147672146558762,-0.6398919224739075,133,129
0.010000228881835938,positive,10.0,10.0,0.2265070527791977,0.7453678846359253,-0.02294551022350788,-0.9357531070709229,133,130
0.010063886642456055,positive,10.0,10.0,0.241414412856102,0.5505627989768982,-0.041660573333501816,-0.650367796421051,133,131
0.01012730598449707,positive,10.0,10.0,0.2524256706237793,0.7462394833564758,-0.05466792732477188,-0.9558728337287903,133,132
0.011162281036376953,positive,10.0,10.0,0.2769324779510498,-0.20975393056869507,-0.09372595697641373,0.07625360786914825,133,145
0.011389732360839844,positive,10.0,10.0,0.2605268657207489,-0.40091052651405334,-0.08508811891078949,0.2822307050228119,133,148
0.011454105377197266,positive,10.0,10.0,0.25250864028930664,-0.5947222709655762,-0.07944350689649582,0.5469107627868652,133,149
0.011603355407714844,positive,10.0,10.0,0.22484134137630463,-0.5926535129547119,-0.05223442614078522,0.500123143196106,133,151
0.011828184127807617,positive,10.0,10.0,0.1932249814271927,-0.39568597078323364,-0.02899274416267872,0.1659785360097885,133,154
0.011893272399902344,positive,10.0,10.0,0.18531125783920288,-0.5903811454772949,-0.025673173367977142,0.4493759274482727,133,155
0.012037038803100586,positive,10.0,10.0,0.16560551524162292,-0.5897847414016724,-0.013711410574615002,0.4360848069190979,133,157
0.012101411819458008,positive,10.0,10.0,0.1538098305463791,-0.3944714069366455,-0.004989714361727238,0.13911131024360657,133,158
0.012571573257446289,positive,10.0,10.0,0.09475993365049362,-0.39513731002807617,0.02939859963953495,0.15385721623897552,133,164
0.012636661529541016,positive,10.0,10.0,0.08685719221830368,-0.5906676054000854,0.03247574344277382,0.4556678533554077,133,165
0.012700319290161133,positive,10.0,10.0,0.07504383474588394,-0.39601948857307434,0.041589099913835526,0.17339585721492767,133,166
0.01293325424194336,positive,10.0,10.0,0.03954043611884117,-0.5931089520454407,0.07034388184547424,0.5104338526725769,133,169
0.013000965118408203,positive,10.0,10.0,0.02767825685441494,-0.39904478192329407,0.08055255562067032,0.24072158336639404,133,170
0.013065576553344727,positive,10.0,10.0,0.019697360694408417,-0.5952194929122925,0.08536698669195175,0.5576863288879395,133,171
0.013532161712646484,positive,10.0,10.0,-0.0014324263902381063,0.17663779854774475,0.08554673194885254,-0.42624086141586304,133,177
0.013679027557373047,positive,10.0,10.0,0.001708627911284566,0.1743534803390503,0.07486466318368912,-0.37528613209724426,133,179
0.013825178146362305,positive,10.0,10.0,0.0047607459127902985,-0.21776743233203888,0.06615956127643585,0.25318270921707153,133,181
0.01398015022277832,positive,10.0,10.0,-0.007869974710047245,-0.21971432864665985,0.0825427770614624,0.2965565025806427,133,183
0.014045000076293945,positive,10.0,10.0,-0.012264261953532696,-0.025860140100121498,0.08847390860319138,0.03100528195500374,133,184
0.014191150665283203,positive,10.0,10.0,-0.00942368432879448,0.36163240671157837,0.08444392681121826,-0.4958077669143677,133,186
0.014256715774536133,positive,10.0,10.0,-0.002191036706790328,0.16542750597000122,0.07452777028083801,-0.17775210738182068,133,187
0.014321565628051758,positive,10.0,10.0,0.0011175135150551796,0.3594081699848175,0.07097272574901581,-0.44602450728416443,133,188
0.014386177062988281,positive,10.0,10.0,0.008305677212774754,0.1633576899766922,0.06205223873257637,-0.13184064626693726,133,189
0.014450788497924805,positive,10.0,10.0,0.011572831310331821,-0.03259570896625519,0.05941542610526085,0.17975538969039917,133,190
0.01451420783996582,positive,10.0,10.0,0.010920916683971882,-0.22851534187793732,0.06301053613424301,0.4905741214752197,133,191
0.014579534530639648,positive,10.0,10.0,0.006350609939545393,-0.034336213022470474,0.07282201945781708,0.21839630603790283,133,192
0.014971494674682617,positive,10.0,10.0,0.033911675214767456,0.1556394398212433,0.05267950892448425,0.03872663900256157,133,197
0.015036344528198242,positive,10.0,10.0,0.03702446445822716,-0.04019680246710777,0.053454041481018066,0.34755411744117737,133,198
0.00045037269592285156,positive,10.0,10.0,-0.006310406606644392,-0.3821948766708374,-0.022646037861704826,0.5307474732398987,134,2
0.0005218982696533203,positive,10.0,10.0,-0.013954304158687592,-0.18676181137561798,-0.012031088583171368,0.2310156673192978,134,3
0.0006847381591796875,positive,10.0,10.0,-0.025323737412691116,-0.18648430705070496,0.0029868129640817642,0.2248704880475998,134,5
0.0009913444519042969,positive,10.0,10.0,-0.048059169203042984,-0.18720607459545135,0.03294647857546806,0.24090427160263062,134,9
0.0010561943054199219,positive,10.0,10.0,-0.05180329084396362,-0.38278278708457947,0.03776456415653229,0.5437946319580078,134,10
0.0012063980102539062,positive,10.0,10.0,-0.06322317570447922,-0.38399258255958557,0.05390537157654762,0.5708649158477783,134,12
0.001272439956665039,positive,10.0,10.0,-0.07090302556753159,-0.18966637551784515,0.06532266736030579,0.2956395149230957,134,13
0.0015807151794433594,positive,10.0,10.0,-0.07839041948318481,0.19634507596492767,0.07987719774246216,-0.19762153923511505,134,17
0.0018227100372314453,positive,10.0,10.0,-0.062776118516922,-0.0018789434107020497,0.06367402523756027,0.16447970271110535,134,20
0.0018894672393798828,positive,10.0,10.0,-0.06281369924545288,0.19227644801139832,0.06696362048387527,-0.10745568573474884,134,21
0.002686023712158203,positive,10.0,10.0,-0.03712555766105652,0.9589581489562988,0.08643655478954315,-0.9780652523040771,134,31
0.0027561187744140625,positive,10.0,10.0,-0.01794639602303505,1.15282142162323,0.06687524914741516,-1.242393970489502,134,32
0.0028214454650878906,positive,10.0,10.0,0.005110032856464386,0.9569079279899597,0.042027369141578674,-0.9295338988304138,134,33
0.002885580062866211,positive,10.0,10.0,0.024248192086815834,0.7612446546554565,0.023436691612005234,-0.6239457130432129,134,34
0.0029506683349609375,positive,10.0,10.0,0.03947308287024498,0.9560316801071167,0.010957776568830013,-0.9091562628746033,134,35
0.003345489501953125,positive,10.0,10.0,0.12728652358055115,0.7623481750488281,-0.06859245151281357,-0.6492671370506287,134,40
0.0037436485290527344,negative,10.0,-10.0,0.21155188977718353,0.574334979057312,-0.1504526436328888,-0.5175613164901733,134,45
0.003892660140991211,negative,10.0,-10.0,0.23067089915275574,0.18910986185073853,-0.16632017493247986,-0.037853751331567764,134,47
0.004040718078613281,negative,10.0,-10.0,0.23438739776611328,-0.1956721693277359,-0.16311557590961456,0.4337529242038727,134,49
0.004185914993286133,negative,10.0,-10.0,0.2305007129907608,-0.1912720799446106,-0.15255218744277954,0.3346678614616394,134,51
0.004252910614013672,negative,10.0,-10.0,0.22667527198791504,0.005654558539390564,-0.14585882425308228,-0.0019681635312736034,134,52
0.0043184757232666016,negative,10.0,-10.0,0.22678837180137634,0.202534481883049,-0.14589819312095642,-0.3368827700614929,134,53
0.004705190658569336,negative,10.0,-10.0,0.21629492938518524,-0.3713821768760681,-0.14278239011764526,0.295310378074646,134,58
0.005017280578613281,positive,10.0,10.0,0.16343256831169128,-1.1438510417938232,-0.08961494266986847,1.2929984331130981,134,62
0.0050852298736572266,positive,10.0,10.0,0.14055554568767548,-1.3377269506454468,-0.06375497579574585,1.5563338994979858,134,63
0.005236625671386719,positive,10.0,10.0,0.0831604152917862,-1.7267755270004272,0.003941000904887915,2.1108367443084717,134,65
0.005301713943481445,positive,10.0,10.0,0.048624906688928604,-1.9219366312026978,0.04615773633122444,2.4047348499298096,134,66
0.00536656379699707,positive,10.0,10.0,0.010186174884438515,-2.117428779602051,0.09425242990255356,2.711226224899292,134,67
0.005513429641723633,negative,10.0,-10.0,-0.07842425256967545,-2.119053840637207,0.2090987265110016,2.78672456741333,134,69
0.00036263465881347656,positive,10.0,10.0,-0.030326342210173607,0.0029364607762545347,0.04191600903868675,0.0038146318402141333,135,0
0.0006396770477294922,positive,10.0,10.0,-0.034122828394174576,0.0017384890234097838,0.04818074777722359,0.030272752046585083,135,2
0.0007252693176269531,positive,10.0,10.0,-0.03408806025981903,-0.19404010474681854,0.04878620430827141,0.33775952458381653,135,3
0.0008158683776855469,positive,10.0,10.0,-0.03796885907649994,0.0003548914100974798,0.055541396141052246,0.060851410031318665,135,4
0.0010111331939697266,positive,10.0,10.0,-0.041872113943099976,-0.0012460469733923674,0.06416898220777512,0.09626781195402145,135,6
0.0012023448944091797,positive,10.0,10.0,-0.045841559767723083,-0.003100594272837043,0.0742640495300293,0.13735072314739227,135,8
0.0014951229095458984,positive,10.0,10.0,-0.03438945114612579,0.188728466629982,0.06642212718725204,-0.08325894922018051,135,11
0.0016829967498779297,positive,10.0,10.0,-0.030760474503040314,-0.20326432585716248,0.06934931874275208,0.5420047044754028,135,13
0.0017824172973632812,positive,10.0,10.0,-0.03482576087117195,-0.009182088077068329,0.08018941432237625,0.2719534933567047,135,14
0.0018687248229980469,positive,10.0,10.0,-0.03500940278172493,0.18470950424671173,0.08562847971916199,0.00560113275423646,135,15
0.0019512176513671875,positive,10.0,10.0,-0.031315211206674576,0.378505676984787,0.08574050664901733,-0.258884072303772,135,16
0.0022423267364501953,positive,10.0,10.0,0.003025149693712592,0.9602996706962585,0.05430428311228752,-1.0594208240509033,135,19
0.0025310516357421875,positive,10.0,10.0,0.05670422688126564,0.7637939453125,-0.0025337364058941603,-0.733966588973999,135,22
0.002716064453125,positive,10.0,10.0,0.09115912020206451,0.7640621662139893,-0.03776198625564575,-0.7402166128158569,135,24
0.002797842025756836,positive,10.0,10.0,0.10644036531448364,0.9596845507621765,-0.05256631597876549,-1.0445404052734375,135,25
0.0038204193115234375,positive,10.0,10.0,0.1551074981689453,-0.19835816323757172,-0.06936104595661163,0.43386295437812805,135,35
0.004116058349609375,positive,10.0,10.0,0.14716322720050812,-0.0006301858811639249,-0.05041918531060219,0.08260996639728546,135,38
0.004303693771362305,positive,10.0,10.0,0.1432507336139679,0.0007855725125409663,-0.04158760607242584,0.05131620541214943,135,40
0.004386425018310547,positive,10.0,10.0,0.1432664543390274,-0.1937161386013031,-0.040561284869909286,0.3305932879447937,135,41
0.0044708251953125,positive,10.0,10.0,0.13939212262630463,0.0019590093288570642,-0.033949416130781174,0.025400221347808838,135,42
0.00465846061706543,positive,10.0,10.0,0.13557811081409454,0.0029220699798315763,-0.027297785505652428,0.004142287187278271,135,44
0.0047419071197509766,positive,10.0,10.0,0.13563653826713562,-0.19179797172546387,-0.027214940637350082,0.28808897733688354,135,45
0.004941463470458984,positive,10.0,10.0,0.13187460601329803,0.19912423193454742,-0.021714190021157265,-0.3124252259731293,135,47
0.00523686408996582,positive,10.0,10.0,0.13213562965393066,-0.3850955367088318,-0.023354822769761086,0.5406226515769958,135,50
0.005424976348876953,positive,10.0,10.0,0.12064065039157867,-0.38459378480911255,-0.007728901691734791,0.5293738842010498,135,52
0.00582122802734375,positive,10.0,10.0,0.09768073260784149,-0.3848874270915985,0.022851917892694473,0.5358896255493164,135,56
0.00600743293762207,positive,10.0,10.0,0.08618109673261642,-0.3856789767742157,0.03857959061861038,0.553573489189148,135,58
0.006089925765991211,positive,10.0,10.0,0.07846751809120178,-0.19111943244934082,0.04965106025338173,0.2732909023761749,135,59
0.0061740875244140625,positive,10.0,10.0,0.07464513182640076,-0.38691335916519165,0.05511687695980072,0.581211268901825,135,60
0.0062596797943115234,positive,10.0,10.0,0.06690686196088791,-0.5827625393867493,0.06674110144376755,0.8907350897789001,135,61
0.006659746170043945,negative,10.0,-10.0,0.02015559747815132,-0.1981430947780609,0.1410389393568039,0.43191519379615784,135,65
0.006745815277099609,negative,10.0,-10.0,0.016192736104130745,-0.00527041545137763,0.14967724680900574,0.18680699169635773,135,66
0.006829500198364258,negative,10.0,-10.0,0.016087329015135765,0.18742839992046356,0.15341338515281677,-0.05516849085688591,135,67
0.007018566131591797,negative,10.0,-10.0,0.027437014505267143,0.18312783539295197,0.14639422297477722,0.04078925400972366,135,69
0.007203578948974609,negative,10.0,-10.0,0.038617175072431564,0.5686238408088684,0.143162801861763,-0.4452251195907593,135,71
0.0077056884765625,positive,10.0,10.0,0.1340939700603485,1.5355485677719116,0.048953112214803696,-1.7161859273910522,135,76
0.0081024169921875,positive,10.0,10.0,0.23348812758922577,1.1452513933181763,-0.052234478294849396,-1.1267719268798828,135,80
0.008189678192138672,positive,10.0,10.0,0.256393164396286,0.950851321220398,-0.07476991415023804,-0.8509194254875183,135,81
0.008272409439086914,positive,10.0,10.0,0.27541017532348633,0.7568241357803345,-0.09178829938173294,-0.5826536417007446,135,82
0.009812593460083008,positive,10.0,10.0,0.3301979601383209,-0.19592422246932983,-0.07629594951868057,0.37994271516799927,135,97
0.010000467300415039,positive,10.0,10.0,0.32628336548805237,-0.1938796192407608,-0.0674128457903862,0.33445465564727783,135,99
0.010083675384521484,positive,10.0,10.0,0.32240575551986694,0.002133766422048211,-0.06072375178337097,0.021298028528690338,135,100
0.01027369499206543,positive,10.0,10.0,0.3186070919036865,-0.3862799108028412,-0.05441337823867798,0.5672935843467712,135,102
0.010664224624633789,positive,10.0,10.0,0.2955886125564575,-0.38400956988334656,-0.022524794563651085,0.5163777470588684,135,106
0.010755062103271484,positive,10.0,10.0,0.2879084050655365,-0.1885778158903122,-0.012197239324450493,0.21668274700641632,135,107
0.010838031768798828,positive,10.0,10.0,0.2841368615627289,-0.38352328538894653,-0.007863583974540234,0.5054932832717896,135,108
0.010920524597167969,positive,10.0,10.0,0.27646639943122864,-0.18829141557216644,0.0022462818305939436,0.210342675447464,135,109
0.01100301742553711,positive,10.0,10.0,0.27270054817199707,-0.3834454119205475,0.0064531355164945126,0.5037333369255066,135,110
0.011083602905273438,positive,10.0,10.0,0.2650316655635834,-0.18841499090194702,0.016527801752090454,0.21309103071689606,135,111
0.011164426803588867,positive,10.0,10.0,0.26126334071159363,-0.38376930356025696,0.020789623260498047,0.5109413862228394,135,112
0.011465787887573242,positive,10.0,10.0,0.24211908876895905,-0.580100417137146,0.046049732714891434,0.830838680267334,135,115
0.0115509033203125,positive,10.0,10.0,0.23051708936691284,-0.3856371343135834,0.06266650557518005,0.552986741065979,135,116
0.011737823486328125,positive,10.0,10.0,0.21897536516189575,0.0025484783109277487,0.07933999598026276,0.012138396501541138,135,118
0.01182103157043457,positive,10.0,10.0,0.2190263420343399,0.19644823670387268,0.07958276569843292,-0.2544947862625122,135,119
0.011903524398803711,positive,10.0,10.0,0.22295530140399933,0.39034903049468994,0.07449286431074142,-0.5210527777671814,135,120
0.011984586715698242,positive,10.0,10.0,0.2307622879743576,0.19426186382770538,0.06407181173563004,-0.20585711300373077,135,121
0.012066125869750977,positive,10.0,10.0,0.23464752733707428,-0.0017150212079286575,0.05995466932654381,0.10632926225662231,135,122
0.012149810791015625,positive,10.0,10.0,0.23461322486400604,-0.19764262437820435,0.06208125501871109,0.4173087179660797,135,123
0.01244497299194336,positive,10.0,10.0,0.22660113871097565,-0.005496034864336252,0.08250132203102112,0.1901695728302002,135,126
0.01263117790222168,positive,10.0,10.0,0.2302583009004593,0.3821401596069336,0.08479692041873932,-0.33964383602142334,135,128
0.012932538986206055,positive,10.0,10.0,0.24921636283397675,0.18370455503463745,0.07180342823266983,0.02754615992307663,135,131
0.013014793395996094,positive,10.0,10.0,0.2528904378414154,0.3777272701263428,0.07235435396432877,-0.2416459023952484,135,132
0.013200521469116211,positive,10.0,10.0,0.2718799114227295,0.7658541202545166,0.05730828270316124,-0.7813214659690857,135,134
0.01338815689086914,positive,10.0,10.0,0.3063998520374298,0.7644945979118347,0.020573100075125694,-0.7499682307243347,135,136
0.01367640495300293,positive,10.0,10.0,0.35615891218185425,0.9594589471817017,-0.029981980100274086,-1.039090633392334,135,139
0.013763904571533203,positive,10.0,10.0,0.3753480911254883,0.7647479772567749,-0.05076379328966141,-0.7559688091278076,135,140
0.013846397399902344,positive,10.0,10.0,0.39064303040504456,0.5703611373901367,-0.06588316708803177,-0.4796822965145111,135,141
0.013927936553955078,positive,10.0,10.0,0.402050256729126,0.37622809410095215,-0.07547681778669357,-0.20847013592720032,135,142
0.014117717742919922,positive,10.0,10.0,0.4210216999053955,0.7684907913208008,-0.09012571722269058,-0.8406543135643005,135,144
0.014618873596191406,negative,10.0,-10.0,0.4747597575187683,0.5814264416694641,-0.1458033174276352,-0.7299085855484009,135,149
0.014809131622314453,negative,10.0,-10.0,0.4941600561141968,0.5855669379234314,-0.17013019323349,-0.8250661492347717,135,151
0.014894962310791016,negative,10.0,-10.0,0.5058714151382446,0.39312925934791565,-0.18663151562213898,-0.5903543829917908,135,152
0.0003845691680908203,positive,10.0,10.0,0.0024262284860014915,-0.20917896926403046,0.00868354830890894,0.2701326608657837,136,1
0.0004551410675048828,positive,10.0,10.0,-0.0017573509830981493,-0.4044237732887268,0.014086201786994934,0.5655417442321777,136,2
0.0006012916564941406,positive,10.0,10.0,-0.01403587032109499,-0.40497714281082153,0.030943630263209343,0.5779133439064026,136,4
0.0006625652313232422,positive,10.0,10.0,-0.0221354141831398,-0.2103022187948227,0.04250189661979675,0.29513677954673767,136,5
0.0007231235504150391,positive,10.0,10.0,-0.026341456919908524,-0.01581116020679474,0.04840463399887085,0.016155436635017395,136,6
0.0007846355438232422,positive,10.0,10.0,-0.02665768191218376,-0.2115926742553711,0.04872773960232735,0.3237091302871704,136,7
0.0009300708770751953,positive,10.0,10.0,-0.03123347833752632,-0.2130654752254486,0.0561375692486763,0.3563583493232727,136,9
0.0010783672332763672,positive,10.0,10.0,-0.03587048128247261,-0.21475385129451752,0.06490258127450943,0.3938451111316681,136,11
0.001163482666015625,positive,10.0,10.0,-0.04016555845737457,-0.0206100232899189,0.07277948409318924,0.12231047451496124,136,12
0.0013930797576904297,positive,10.0,10.0,-0.045365944504737854,0.1711118519306183,0.0873461365699768,-0.09607285261154175,136,15
0.0014557838439941406,positive,10.0,10.0,-0.041943710297346115,0.36488038301467896,0.08542468398809433,-0.35997048020362854,136,16
0.0015947818756103516,positive,10.0,10.0,-0.0312730073928833,0.36257272958755493,0.07739286124706268,-0.3086336553096771,136,18
0.001653909683227539,positive,10.0,10.0,-0.024021554738283157,0.1664382368326187,0.07122018188238144,0.007418207824230194,136,19
0.0018689632415771484,positive,10.0,10.0,-0.01799721270799637,0.358333021402359,0.07884933054447174,-0.21481221914291382,136,22
0.0019364356994628906,positive,10.0,10.0,-0.010830552317202091,0.5522443652153015,0.07455308735370636,-0.48161780834198,136,23
0.002077341079711914,positive,10.0,10.0,0.015139118768274784,0.94040846824646,0.04992266744375229,-1.021470546722412,136,25
0.0021381378173828125,positive,10.0,10.0,0.03394728899002075,0.7446582317352295,0.02949325554072857,-0.7135397791862488,136,26
0.002582550048828125,positive,10.0,10.0,0.13497988879680634,0.7456116080284119,-0.07293423265218735,-0.7356757521629333,136,32
0.002965211868286133,positive,10.0,10.0,0.17077553272247314,0.16703014075756073,-0.0935564860701561,-0.005673455540090799,136,37
0.0030291080474853516,positive,10.0,10.0,0.1741161346435547,-0.026634225621819496,-0.09366995096206665,0.25608718395233154,136,38
0.0032510757446289062,positive,10.0,10.0,0.1686963438987732,-0.21797442436218262,-0.07421991974115372,0.4656256437301636,136,41
0.003468036651611328,positive,10.0,10.0,0.15957868099212646,-0.020080124959349632,-0.053456876426935196,0.11048738658428192,136,44
0.003759622573852539,positive,10.0,10.0,0.15025624632835388,-0.017365192994475365,-0.03485975041985512,0.05046482011675835,136,48
0.0038199424743652344,positive,10.0,10.0,0.14990894496440887,-0.21197040379047394,-0.03385045379400253,0.3319486081600189,136,49
0.0038793087005615234,positive,10.0,10.0,0.14566953480243683,-0.01638338528573513,-0.02721148356795311,0.028786007314920425,136,50
0.003941535949707031,positive,10.0,10.0,0.1453418731689453,-0.21110475063323975,-0.02663576230406761,0.31276074051856995,136,51
0.00400233268737793,positive,10.0,10.0,0.14111977815628052,-0.015613671392202377,-0.020380549132823944,0.01179814338684082,136,52
0.004149436950683594,positive,10.0,10.0,0.13659875094890594,-0.015034269541501999,-0.014184950850903988,-0.0009857543045654893,136,54
0.0042150020599365234,positive,10.0,10.0,0.1362980753183365,-0.20994994044303894,-0.014204666018486023,0.2871881127357483,136,55
0.0042760372161865234,positive,10.0,10.0,0.13209907710552216,-0.404866486787796,-0.00846090354025364,0.5753573775291443,136,56
0.004335165023803711,positive,10.0,10.0,0.12400174140930176,-0.2096269428730011,0.0030462434515357018,0.280021071434021,136,57
0.004517555236816406,positive,10.0,10.0,0.11171335726976395,-0.20979255437850952,0.020119929686188698,0.28371676802635193,136,59
0.0048923492431640625,positive,10.0,10.0,0.09065534174442291,-0.017120104283094406,0.05023709684610367,0.04507967457175255,136,64
0.0053844451904296875,positive,10.0,10.0,0.07666338235139847,-0.022199876606464386,0.07832740247249603,0.15754500031471252,136,70
0.005447864532470703,positive,10.0,10.0,0.07621938735246658,0.17171835899353027,0.0814783051609993,-0.1094357967376709,136,71
0.0055963993072509766,positive,10.0,10.0,0.08696543425321579,0.16943055391311646,0.07178276032209396,-0.058748915791511536,136,73
0.005658626556396484,positive,10.0,10.0,0.09035404026508331,0.36345377564430237,0.07060778886079788,-0.3279482424259186,136,74
0.005961179733276367,positive,10.0,10.0,0.09590862691402435,-0.030466726049780846,0.08194638788700104,0.3404885530471802,136,78
0.006026506423950195,positive,10.0,10.0,0.09529928863048553,0.16339945793151855,0.08875615894794464,0.07473038136959076,136,79
0.006089448928833008,positive,10.0,10.0,0.09856727719306946,-0.032875385135412216,0.09025076776742935,0.39404383301734924,136,80
0.0063934326171875,positive,10.0,10.0,0.11917570978403091,0.7415935397148132,0.09040634334087372,-0.6485188603401184,136,84
0.006457805633544922,positive,10.0,10.0,0.13400758802890778,0.9353474378585815,0.07743596285581589,-0.9114195704460144,136,85
0.006604194641113281,positive,10.0,10.0,0.17530135810375214,0.9335023164749146,0.035631682723760605,-0.8681543469429016,136,87
0.006749629974365234,positive,10.0,10.0,0.20872968435287476,0.93277508020401,0.0069788983091712,-0.8513568043708801,136,89
0.007052421569824219,positive,10.0,10.0,0.2833605110645294,0.93393874168396,-0.06133459508419037,-0.8781443238258362,136,93
0.007113218307495117,positive,10.0,10.0,0.3020392954349518,0.739701509475708,-0.07889748364686966,-0.6053574085235596,136,94
0.0074918270111083984,positive,10.0,10.0,0.33725640177726746,0.16121910512447357,-0.08672002702951431,0.12298727035522461,136,99
0.007705211639404297,positive,10.0,10.0,0.3431026041507721,-0.030295902863144875,-0.07513657212257385,0.33667904138565063,136,102
0.008083105087280273,positive,10.0,10.0,0.3402632176876068,-0.22110989689826965,-0.045696988701820374,0.533994734287262,136,107
0.008231163024902344,positive,10.0,10.0,0.32752981781959534,-0.6101856231689453,-0.018778380006551743,1.0934016704559326,136,109
0.008291482925415039,positive,10.0,10.0,0.31532609462738037,-0.8050552010536194,0.0030896549578756094,1.3801339864730835,136,110
0.008352518081665039,positive,10.0,10.0,0.29922500252723694,-1.0002156496047974,0.030692335218191147,1.6737815141677856,136,111
0.008495569229125977,positive,10.0,10.0,0.263111412525177,-0.6111963391304016,0.09198421984910965,1.1188645362854004,136,113
0.008796930313110352,negative,10.0,-10.0,0.23744085431098938,0.16188175976276398,0.15058842301368713,0.10899727791547775,136,117
0.00886225700378418,negative,10.0,-10.0,0.24067848920822144,0.3545610010623932,0.15276837348937988,-0.1326448768377304,136,118
0.009392261505126953,positive,10.0,10.0,0.3713381886482239,1.3174387216567993,0.03113972768187523,-1.315165400505066,136,125
0.009611845016479492,positive,10.0,10.0,0.43866071105003357,0.731845498085022,-0.029795674607157707,-0.4309142529964447,136,128
0.009855270385742188,positive,10.0,10.0,0.47869694232940674,0.5382949709892273,-0.050415802747011185,-0.17295993864536285,136,131
0.009919166564941406,positive,10.0,10.0,0.48946285247802734,0.734100878238678,-0.05387499928474426,-0.4811115860939026,136,132
0.010656595230102539,negative,10.0,-10.0,0.6301355957984924,0.5509873628616333,-0.16875289380550385,-0.4588557183742523,136,141
0.010726690292358398,negative,10.0,-10.0,0.6411553621292114,0.35860246419906616,-0.17793001234531403,-0.2237558364868164,136,142
0.010793924331665039,negative,10.0,-10.0,0.6483274102210999,0.5557621121406555,-0.18240512907505035,-0.5668620467185974,136,143
0.010855436325073242,negative,10.0,-10.0,0.659442663192749,0.752910852432251,-0.19374236464500427,-0.9110094308853149,136,144
0.0007107257843017578,positive,10.0,10.0,-0.023303911089897156,-0.24291937053203583,-0.03409825637936592,0.2634909451007843,137,3
0.0012874603271484375,positive,10.0,10.0,-0.07671166956424713,-0.4375365674495697,0.029556065797805786,0.545025646686554,137,10
0.0014350414276123047,positive,10.0,10.0,-0.09031924605369568,-0.4385175406932831,0.045692574232816696,0.5669636726379395,137,12
0.0014998912811279297,positive,10.0,10.0,-0.0990895926952362,-0.2440653294324875,0.05703184753656387,0.2890187203884125,137,13
0.0015647411346435547,positive,10.0,10.0,-0.10397090017795563,-0.049801066517829895,0.06281222403049469,0.01485438272356987,137,14
0.0019326210021972656,positive,10.0,10.0,-0.1158670037984848,-0.05359412729740143,0.07810087502002716,0.09879238903522491,137,18
0.002009868621826172,positive,10.0,10.0,-0.11693888902664185,-0.2497435063123703,0.08007671684026718,0.41505786776542664,137,19
0.0022432804107666016,positive,10.0,10.0,-0.12029240280389786,-0.058393944054841995,0.0890531986951828,0.20515859127044678,137,22
0.0023889541625976562,positive,10.0,10.0,-0.11875329911708832,0.3290204703807831,0.09199322015047073,-0.32005640864372253,137,24
0.002452850341796875,positive,10.0,10.0,-0.11217288672924042,0.13271702826023102,0.08559209853410721,0.00016157518257386982,137,25
0.002517223358154297,positive,10.0,10.0,-0.10951855033636093,0.3265138268470764,0.08559532463550568,-0.26433607935905457,137,26
0.002666950225830078,positive,10.0,10.0,-0.09258194267749786,0.7142221331596375,0.06973177939653397,-0.795177161693573,137,28
0.002813100814819336,positive,10.0,10.0,-0.06793317943811417,0.7125384211540222,0.04420027881860733,-0.7566415667533875,137,30
0.0028793811798095703,positive,10.0,10.0,-0.05368241295218468,0.9070242047309875,0.029067447409033775,-1.0350946187973022,137,31
0.0031151771545410156,positive,10.0,10.0,-0.003180700121447444,0.7114959955215454,-0.026772402226924896,-0.7327708005905151,137,34
0.003263711929321289,positive,10.0,10.0,0.029188768938183784,0.7124301791191101,-0.06210298091173172,-0.7543638348579407,137,36
0.0033309459686279297,positive,10.0,10.0,0.043437372893095016,0.9083508253097534,-0.07719025760889053,-1.065924882888794,137,37
0.003560781478881836,negative,10.0,-10.0,0.10190528631210327,1.1071702241897583,-0.1485743522644043,-1.4509193897247314,137,40
0.0037078857421875,negative,10.0,-10.0,0.14233176410198212,0.7217129468917847,-0.20175480842590332,-0.9759217500686646,137,42
0.00021696090698242188,positive,10.0,10.0,-0.010234699584543705,0.03696203976869583,0.013079623691737652,0.008353380486369133,138,0
0.00031375885009765625,positive,10.0,10.0,-0.00949545856565237,-0.158345028758049,0.013246690854430199,0.30513420701026917,138,1
0.00038313865661621094,positive,10.0,10.0,-0.01266235951334238,0.036585669964551926,0.01934937573969364,0.0166582390666008,138,2
0.00045800209045410156,positive,10.0,10.0,-0.011930645443499088,-0.15880835056304932,0.019682539626955986,0.31538277864456177,138,3
0.0007045269012451172,positive,10.0,10.0,-0.017575398087501526,0.03527678921818733,0.03316442295908928,0.04555283486843109,138,6
0.0009448528289794922,positive,10.0,10.0,-0.019389625638723373,-0.16136914491653442,0.04238104820251465,0.3721115291118622,138,9
0.0010116100311279297,positive,10.0,10.0,-0.022617008537054062,0.033125899732112885,0.04982328042387962,0.09308721870183945,138,10
0.0010764598846435547,positive,10.0,10.0,-0.02195448987185955,0.22749963402748108,0.05168502405285835,-0.18346959352493286,138,11
0.0011472702026367188,positive,10.0,10.0,-0.017404496669769287,0.03167770430445671,0.04801563173532486,0.12505969405174255,138,12
0.0012125968933105469,positive,10.0,10.0,-0.016770943999290466,-0.16409806907176971,0.050516825169324875,0.4324960708618164,138,13
0.0012776851654052734,positive,10.0,10.0,-0.02005290426313877,0.03027358092367649,0.05916674807667732,0.15615616738796234,138,14
0.0013413429260253906,positive,10.0,10.0,-0.019447432830929756,-0.16564339399337769,0.06228987127542496,0.4669022858142853,138,15
0.0016489028930664062,positive,10.0,10.0,-0.009407179430127144,0.22044380009174347,0.06716812402009964,-0.027627840638160706,138,19
0.001796722412109375,positive,10.0,10.0,-0.0045097810216248035,-0.1715795397758484,0.07232493162155151,0.5983951091766357,138,21
0.0019412040710449219,positive,10.0,10.0,-0.00749217439442873,0.2162870466709137,0.09087967127561569,0.06438619643449783,138,23
0.0022535324096679688,positive,10.0,10.0,0.03305643051862717,0.9914051294326782,0.06450719386339188,-0.9909842610359192,138,27
0.0023987293243408203,positive,10.0,10.0,0.06879417598247528,0.9899555444717407,0.03111233003437519,-0.9570441842079163,138,29
0.0024633407592773438,positive,10.0,10.0,0.08859328180551529,0.794429361820221,0.011971445754170418,-0.6547512412071228,138,30
0.0025277137756347656,positive,10.0,10.0,0.10448186844587326,0.9893825650215149,-0.0011235799174755812,-0.9436406493186951,138,31
0.0025920867919921875,positive,10.0,10.0,0.1242695227265358,0.7942757606506348,-0.019996393471956253,-0.6513109803199768,138,32
0.002657175064086914,positive,10.0,10.0,0.14015503227710724,0.98967045545578,-0.03302261233329773,-0.950222909450531,138,33
0.003206491470336914,negative,10.0,-10.0,0.2595871090888977,0.4133625328540802,-0.14572151005268097,-0.2744409143924713,138,40
0.0033550262451171875,negative,10.0,-10.0,0.27226611971855164,0.02792118676006794,-0.1518310010433197,0.21038146317005157,138,42
0.003418445587158203,negative,10.0,-10.0,0.27282455563545227,-0.1647406369447708,-0.14762337505817413,0.45158255100250244,138,43
0.003484487533569336,negative,10.0,-10.0,0.2695297300815582,0.032126910984516144,-0.1385917216539383,0.11624929308891296,138,44
0.00354766845703125,negative,10.0,-10.0,0.27017226815223694,-0.16076524555683136,-0.13626673817634583,0.36219754815101624,138,45
0.004328012466430664,positive,10.0,10.0,0.2278587371110916,-0.14511267840862274,-0.08071649819612503,0.013406098820269108,138,55
0.004642009735107422,positive,10.0,10.0,0.19298169016838074,-0.5309356451034546,-0.04765978828072548,0.5019345283508301,138,59
0.004706382751464844,positive,10.0,10.0,0.18236297369003296,-0.33517545461654663,-0.03762109950184822,0.1946209967136383,138,60
0.0050907135009765625,positive,10.0,10.0,0.14113271236419678,-0.5284688472747803,-0.008485128171741962,0.44685298204421997,138,65
0.00515437126159668,positive,10.0,10.0,0.13056333363056183,-0.3332279324531555,0.0004519315843936056,0.15150751173496246,138,66
0.005217790603637695,positive,10.0,10.0,0.12389877438545227,-0.5283563137054443,0.0034820816945284605,0.4443329870700836,138,67
0.005362033843994141,positive,10.0,10.0,0.1066659688949585,-0.5285806655883789,0.015423735603690147,0.4493089020252228,138,69
0.0054264068603515625,positive,10.0,10.0,0.09609435498714447,-0.33368024230003357,0.024409912526607513,0.16152742505073547,138,70
0.00557398796081543,positive,10.0,10.0,0.07883788645267487,-0.7246444821357727,0.03687665984034538,0.7630754709243774,138,72
0.0057179927825927734,positive,10.0,10.0,0.05374401435256004,-0.33570054173469543,0.061782579869031906,0.20641513168811798,138,74
0.005782604217529297,positive,10.0,10.0,0.0470300018787384,-0.5316490530967712,0.06591088324785233,0.5179296731948853,138,75
0.005845069885253906,positive,10.0,10.0,0.036397021263837814,-0.3375140428543091,0.0762694776058197,0.24672316014766693,138,76
0.005987882614135742,positive,10.0,10.0,0.026775550097227097,0.05030965432524681,0.08078470826148987,-0.28695911169052124,138,78
0.006051301956176758,positive,10.0,10.0,0.027781743556261063,-0.14586587250232697,0.07504552602767944,0.03006938099861145,138,79
0.0061147212982177734,positive,10.0,10.0,0.024864425882697105,0.04810413345694542,0.07564691454172134,-0.2380240261554718,138,80
0.006258964538574219,positive,10.0,10.0,0.030667876824736595,0.046022929251194,0.06076804921030998,-0.19176653027534485,138,82
0.006322622299194336,positive,10.0,10.0,0.03158833459019661,-0.14991332590579987,0.0569327175617218,0.1194501742720604,138,83
0.0063877105712890625,positive,10.0,10.0,0.028590070083737373,-0.34580281376838684,0.05932172015309334,0.42953750491142273,138,84
0.00661158561706543,positive,10.0,10.0,0.011690751649439335,-0.15354380011558533,0.08042386919260025,0.19996577501296997,138,87
0.006675243377685547,positive,10.0,10.0,0.008619875647127628,0.04034129157662392,0.08442318439483643,-0.06630269438028336,138,88
0.006738901138305664,positive,10.0,10.0,0.009426701813936234,0.2341577559709549,0.08309713006019592,-0.3312010169029236,138,89
0.0069692134857177734,positive,10.0,10.0,0.01170553732663393,0.03578455001115799,0.0822485163807869,0.034573350101709366,138,92
0.0070345401763916016,positive,10.0,10.0,0.012421228922903538,0.22963660955429077,0.0829399898648262,-0.2310679405927658,138,93
0.007102251052856445,positive,10.0,10.0,0.01701396144926548,0.4234814941883087,0.07831862568855286,-0.496479332447052,138,94
0.007329463958740234,positive,10.0,10.0,0.03845909610390663,0.22545209527015686,0.05577493831515312,-0.13814677298069,138,97
0.007552385330200195,positive,10.0,10.0,0.04023445397615433,0.028020087629556656,0.06605438888072968,0.20614905655384064,138,100
0.007858037948608398,positive,10.0,10.0,0.042356375604867935,0.41376855969429016,0.08519701659679413,-0.28159579634666443,138,104
0.008485555648803711,positive,10.0,10.0,0.12353413552045822,0.7955690026283264,0.030765434727072716,-0.6801176071166992,138,112
0.008708715438842773,positive,10.0,10.0,0.17514856159687042,0.990053117275238,-0.015394734218716621,-0.9582750797271729,138,115
0.008853673934936523,positive,10.0,10.0,0.2108524590730667,0.9907264709472656,-0.047969602048397064,-0.9738291501998901,138,117
0.008916854858398438,positive,10.0,10.0,0.23066699504852295,0.796279788017273,-0.06744617968797684,-0.6965922713279724,138,118
0.008980512619018555,positive,10.0,10.0,0.24659258127212524,0.9922690391540527,-0.0813780277967453,-1.0097218751907349,138,119
0.010157346725463867,positive,10.0,10.0,0.2940967082977295,-0.3500751554965973,-0.07969168573617935,0.5251097679138184,138,134
0.010221004486083984,positive,10.0,10.0,0.28709518909454346,-0.1539275199174881,-0.06918948888778687,0.20841751992702484,138,135
0.010367631912231445,positive,10.0,10.0,0.2770567536354065,-0.15201865136623383,-0.05545119568705559,0.16605065762996674,138,137
0.010432004928588867,positive,10.0,10.0,0.2740163803100586,-0.3463048040866852,-0.05213018134236336,0.44073766469955444,138,138
0.010578393936157227,positive,10.0,10.0,0.26408055424690247,-0.34496092796325684,-0.04067366570234299,0.4107971787452698,138,140
0.010642528533935547,positive,10.0,10.0,0.2571813464164734,-0.1492866724729538,-0.03245772048830986,0.10557378083467484,138,141
0.010948419570922852,positive,10.0,10.0,0.2374856323003769,-0.14776833355426788,-0.013450052589178085,0.07202817499637604,138,145
0.011250972747802734,positive,10.0,10.0,0.21787914633750916,-0.14728528261184692,0.0035822235513478518,0.06136524677276611,138,149
0.011394500732421875,positive,10.0,10.0,0.20808427035808563,-0.14740516245365143,0.011913052760064602,0.0640137568116188,138,151
0.01145792007446289,positive,10.0,10.0,0.20513616502285004,-0.3426958918571472,0.013193327933549881,0.36043140292167664,138,152
0.011601686477661133,positive,10.0,10.0,0.19532696902751923,-0.3431723415851593,0.021840708330273628,0.3709869980812073,138,154
0.011745452880859375,positive,10.0,10.0,0.18549616634845734,-0.3438962697982788,0.03096584789454937,0.38703906536102295,138,156
0.011808156967163086,positive,10.0,10.0,0.17861825227737427,-0.14922726154327393,0.03870663046836853,0.10427804291248322,138,157
0.012036561965942383,positive,10.0,10.0,0.1657288372516632,-0.34614938497543335,0.05155790224671364,0.43709009885787964,138,160
0.012182235717773438,positive,10.0,10.0,0.1557699739933014,-0.3477247357368469,0.063521608710289,0.47217509150505066,138,162
0.012570858001708984,positive,10.0,10.0,0.1520068198442459,-0.1577596515417099,0.06846357136964798,0.29305213689804077,138,167
0.012717247009277344,positive,10.0,10.0,0.14177587628364563,-0.15977923572063446,0.08645496517419815,0.33813995122909546,138,169
0.012944459915161133,positive,10.0,10.0,0.14381422102451324,0.03134319931268692,0.09093714505434036,0.1330353170633316,138,172
0.013091087341308594,positive,10.0,10.0,0.14894212782382965,0.41871803998947144,0.09100525081157684,-0.3913785219192505,138,174
0.01315450668334961,positive,10.0,10.0,0.15731649100780487,0.22243033349514008,0.08317768573760986,-0.0714467242360115,138,175
0.013301372528076172,positive,10.0,10.0,0.170090451836586,0.22008302807807922,0.07501332461833954,-0.01946987397968769,138,177
0.01352548599243164,positive,10.0,10.0,0.18713220953941345,0.02191251330077648,0.0694260448217392,0.34127312898635864,138,180
0.013589620590209961,positive,10.0,10.0,0.1875704526901245,0.21598154306411743,0.07625150680541992,0.07126573473215103,138,181
0.013653278350830078,positive,10.0,10.0,0.19189009070396423,0.4099321961402893,0.07767682522535324,-0.1964186578989029,138,182
0.013716936111450195,positive,10.0,10.0,0.2000887244939804,0.6038621068000793,0.07374844700098038,-0.4636223614215851,138,183
0.013943910598754883,positive,10.0,10.0,0.24796420335769653,0.796292245388031,0.029754577204585075,-0.6959859728813171,138,186
0.014008045196533203,positive,10.0,10.0,0.2638900578022003,0.9909891486167908,0.015834858641028404,-0.9791555404663086,138,187
0.014073371887207031,positive,10.0,10.0,0.2837098240852356,0.795658528804779,-0.0037482515908777714,-0.6815410852432251,138,188
0.014220714569091797,positive,10.0,10.0,0.3194396495819092,0.7959477305412292,-0.03688710555434227,-0.688228189945221,138,190
0.014368295669555664,positive,10.0,10.0,0.35518983006477356,0.7971528172492981,-0.07049750536680222,-0.7159376740455627,138,192
0.014432668685913086,positive,10.0,10.0,0.37113288044929504,0.60307377576828,-0.08481626212596893,-0.44625136256217957,138,193
0.014737367630004883,negative,10.0,-10.0,0.4351321756839752,0.9986817836761475,-0.14730072021484375,-1.15926194190979,138,197
0.014800310134887695,negative,10.0,-10.0,0.45510581135749817,0.8057535886764526,-0.1704859584569931,-0.9161534905433655,138,198
0.00018787384033203125,positive,10.0,10.0,0.020344268530607224,0.02689174748957157,-0.01752125471830368,-0.0008824103279039264,139,0
0.00027561187744140625,positive,10.0,10.0,0.020882103592157364,-0.167974591255188,-0.017538903281092644,0.2862212657928467,139,1
0.00034737586975097656,positive,10.0,10.0,0.01752261072397232,0.02739303559064865,-0.011814478784799576,-0.011941296979784966,139,2
0.0005216598510742188,positive,10.0,10.0,0.014719322323799133,-0.3625054359436035,-0.006513489875942469,0.5658478140830994,139,4
0.0007503032684326172,positive,10.0,10.0,-0.00312629877589643,-0.1675058752298355,0.021532148122787476,0.2758702039718628,139,7
0.0008161067962646484,positive,10.0,10.0,-0.006476416252553463,-0.3629283010959625,0.027049550786614418,0.5752658843994141,139,8
0.0008800029754638672,positive,10.0,10.0,-0.01373498234897852,-0.16819579899311066,0.03855486959218979,0.29122552275657654,139,9
0.0009446144104003906,positive,10.0,10.0,-0.01709889806807041,0.026355812326073647,0.044379379600286484,0.01094732340425253,139,10
0.0011758804321289062,positive,10.0,10.0,-0.019457539543509483,-0.17072835564613342,0.05172432214021683,0.3473154306411743,139,13
0.0012423992156982422,positive,10.0,10.0,-0.022872107103466988,-0.3665463924407959,0.05867063254117966,0.655849814414978,139,14
0.001306295394897461,positive,10.0,10.0,-0.030203035101294518,-0.1722882091999054,0.07178762555122375,0.38220319151878357,139,15
0.0013697147369384766,positive,10.0,10.0,-0.03364880010485649,0.02174491435289383,0.0794316902756691,0.11299056559801102,139,16
0.0016751289367675781,positive,10.0,10.0,-0.016443587839603424,0.017309850081801414,0.06816928088665009,0.21093620359897614,139,20
0.0017445087432861328,positive,10.0,10.0,-0.01609739102423191,-0.1787172108888626,0.07238800078630447,0.524320125579834,139,21
0.002378225326538086,positive,10.0,10.0,0.00914859026670456,0.9794359803199768,0.09161657094955444,-0.9605957269668579,139,29
0.0024423599243164062,positive,10.0,10.0,0.02873731032013893,1.1732150316238403,0.0724046602845192,-1.2231476306915283,139,30
0.00274658203125,positive,10.0,10.0,0.1225077211856842,0.7812646627426147,-0.023339567705988884,-0.5958191156387329,139,34
0.0028908252716064453,positive,10.0,10.0,0.1576671302318573,0.782078742980957,-0.05317118018865585,-0.6143660545349121,139,36
0.002954244613647461,positive,10.0,10.0,0.17330870032310486,0.9779017567634583,-0.0654584988951683,-0.9233104586601257,139,37
0.003017425537109375,positive,10.0,10.0,0.1928667277097702,0.7837222814559937,-0.08392471075057983,-0.651896059513092,139,38
0.003556966781616211,positive,10.0,10.0,0.23686356842517853,0.20849928259849548,-0.08899833261966705,0.004444258753210306,139,45
0.003706693649291992,positive,10.0,10.0,0.24132873117923737,-0.17898905277252197,-0.0835539773106575,0.5311427712440491,139,47
0.003855466842651367,positive,10.0,10.0,0.23809300363063812,-0.17680492997169495,-0.06866420805454254,0.4821605682373047,139,49
0.004317045211791992,positive,10.0,10.0,0.22882942855358124,-0.17244142293930054,-0.03388093784451485,0.38486620783805847,139,55
0.00438237190246582,positive,10.0,10.0,0.22538059949874878,0.023144738748669624,-0.026183614507317543,0.08169624954462051,139,56
0.00444793701171875,positive,10.0,10.0,0.22584348917007446,-0.17159228026866913,-0.024549691006541252,0.3660045564174652,139,57
0.004591941833496094,positive,10.0,10.0,0.22288905084133148,-0.17100095748901367,-0.015915941447019577,0.3528803884983063,139,59
0.00465703010559082,positive,10.0,10.0,0.21946902573108673,0.024343660101294518,-0.008858333341777325,0.05522148683667183,139,60
0.004720926284790039,positive,10.0,10.0,0.21995589137077332,-0.1706501692533493,-0.007753903511911631,0.3450964391231537,139,61
0.004788398742675781,positive,10.0,10.0,0.21654289960861206,0.02458122745156288,-0.0008519748807884753,0.04997852444648743,139,62
0.0050165653228759766,positive,10.0,10.0,0.21411576867103577,-0.17063020169734955,0.00799056887626648,0.3446379601955414,139,65
0.005082607269287109,positive,10.0,10.0,0.21070317924022675,-0.36586490273475647,0.014883328229188919,0.6398298740386963,139,66
0.005147457122802734,positive,10.0,10.0,0.2033858746290207,-0.17095358669757843,0.02767992578446865,0.3518708050251007,139,67
0.005451202392578125,positive,10.0,10.0,0.1974603831768036,-0.17296439409255981,0.04531532898545265,0.3964678645133972,139,71
0.0055162906646728516,positive,10.0,10.0,0.19400109350681305,0.021486304700374603,0.053244683891534805,0.11840938031673431,139,72
0.005579948425292969,positive,10.0,10.0,0.19443082809448242,-0.17435649037361145,0.055612873286008835,0.4274038076400757,139,73
0.0056459903717041016,positive,10.0,10.0,0.19094370305538177,0.01993551105260849,0.06416095048189163,0.15275812149047852,139,74
0.005953550338745117,positive,10.0,10.0,0.184621661901474,0.015841679647564888,0.09060007333755493,0.24371300637722015,139,78
0.006257534027099609,positive,10.0,10.0,0.20913033187389374,0.7905965447425842,0.07866113632917404,-0.8046126365661621,139,82
0.006321430206298828,positive,10.0,10.0,0.22494226694107056,0.9845569729804993,0.06256888061761856,-1.0715512037277222,139,83
0.006467342376708984,positive,10.0,10.0,0.2604067325592041,0.9831978678703308,0.02593972533941269,-1.0393662452697754,139,85
0.006614208221435547,positive,10.0,10.0,0.2958255112171173,0.9827914834022522,-0.009620682336390018,-1.029711127281189,139,87
0.006679534912109375,positive,10.0,10.0,0.3154813349246979,0.7877988219261169,-0.030214903876185417,-0.7400641441345215,139,88
0.006905317306518555,positive,10.0,10.0,0.366680383682251,0.594672441482544,-0.08113585412502289,-0.4926280677318573,139,91
0.007369041442871094,positive,10.0,10.0,0.37991583347320557,-0.567959725856781,-0.06124696135520935,1.0891927480697632,139,97
0.007433414459228516,positive,10.0,10.0,0.3685566484928131,-0.37208616733551025,-0.039463110268116,0.7779378890991211,139,98
0.007582187652587891,positive,10.0,10.0,0.3497820198535919,-0.7614411115646362,-0.0027453904040157795,1.3430331945419312,139,100
0.008057117462158203,negative,10.0,-10.0,0.2621922492980957,-0.37634754180908203,0.15552814304828644,0.8804986476898193,139,106
0.008121967315673828,negative,10.0,-10.0,0.2546653151512146,-0.1836414635181427,0.1731381118297577,0.6404697299003601,139,107
0.008269071578979492,negative,10.0,-10.0,0.251166433095932,0.2007637768983841,0.194085955619812,0.17814446985721588,139,109
0.008414983749389648,negative,10.0,-10.0,0.2630348205566406,0.5844751596450806,0.1966971606016159,-0.2719815969467163,139,111
0.00903773307800293,negative,10.0,-10.0,0.3784363567829132,0.5642337799072266,0.15189391374588013,0.18195967376232147,139,119
0.009182214736938477,negative,10.0,-10.0,0.3970670700073242,0.17037124931812286,0.16590194404125214,0.855814516544342,139,121
0.0002262592315673828,positive,10.0,10.0,0.008371890522539616,-0.025752302259206772,0.0022327497135847807,-0.00820534024387598,140,0
0.0003204345703125,positive,10.0,10.0,0.007856844924390316,-0.22090619802474976,0.002068642759695649,0.2851811945438385,140,1
0.0004930496215820312,positive,10.0,10.0,-0.004882431589066982,-0.22104543447494507,0.019342584535479546,0.28829145431518555,140,3
0.0009748935699462891,positive,10.0,10.0,-0.027609677985310555,-0.22346217930316925,0.05039001628756523,0.34194353222846985,140,9
0.0010476112365722656,positive,10.0,10.0,-0.03207892179489136,-0.029092010110616684,0.05722888559103012,0.06556674093008041,140,10
0.0012786388397216797,positive,10.0,10.0,-0.03777531906962395,-0.22674542665481567,0.06809660792350769,0.41484692692756653,140,13
0.001424551010131836,positive,10.0,10.0,-0.04296325519680977,0.16129811108112335,0.07928125560283661,-0.12325232475996017,140,15
0.0018970966339111328,positive,10.0,10.0,-0.0200254675000906,0.15507924556732178,0.06570812314748764,0.01436372846364975,140,21
0.0020444393157958984,positive,10.0,10.0,-0.01774229109287262,-0.2369169294834137,0.07253606617450714,0.6397764086723328,140,23
0.0021085739135742188,positive,10.0,10.0,-0.02248062938451767,-0.042877230793237686,0.08533158898353577,0.37078914046287537,140,24
0.0021724700927734375,positive,10.0,10.0,-0.02333817444741726,0.15093529224395752,0.09274737536907196,0.106185182929039,140,25
0.0023200511932373047,positive,10.0,10.0,-0.013427184894680977,0.5382587909698486,0.09175395965576172,-0.4171663224697113,140,27
0.0023849010467529297,positive,10.0,10.0,-0.0026620093267410994,0.7319688200950623,0.08341063559055328,-0.679571270942688,140,28
0.002530813217163086,positive,10.0,10.0,0.030494149774312973,0.7298496961593628,0.05092177912592888,-0.6310933232307434,140,30
0.0029201507568359375,positive,10.0,10.0,0.11118080466985703,0.9234662055969238,-0.021563369780778885,-0.8896122574806213,140,35
0.0029854774475097656,positive,10.0,10.0,0.12965013086795807,0.7286434173583984,-0.03935561329126358,-0.6037850975990295,140,36
0.003130674362182617,positive,10.0,10.0,0.16270886361598969,0.7299035787582397,-0.0696033164858818,-0.6325153708457947,140,38
0.0042307376861572266,positive,10.0,10.0,0.2176946997642517,-0.029116598889231682,-0.07990171760320663,0.06626088172197342,140,52
0.0042972564697265625,positive,10.0,10.0,0.21711236238479614,-0.223007470369339,-0.07857649773359299,0.332703173160553,140,53
0.004521369934082031,positive,10.0,10.0,0.20769739151000977,-0.414912611246109,-0.06588690727949142,0.5547346472740173,140,56
0.004826545715332031,positive,10.0,10.0,0.18240715563297272,-0.4119740128517151,-0.035433221608400345,0.48888450860977173,140,60
0.0049707889556884766,positive,10.0,10.0,0.1698402613401413,-0.41111621260643005,-0.02195056527853012,0.4697287380695343,140,62
0.005034208297729492,positive,10.0,10.0,0.1616179496049881,-0.21569116413593292,-0.012555990368127823,0.17020884156227112,140,63
0.005491733551025391,positive,10.0,10.0,0.12405073642730713,-0.2158290445804596,0.024921566247940063,0.17327982187271118,140,69
0.0055544376373291016,positive,10.0,10.0,0.11973415315151215,-0.4112986624240875,0.0283871628344059,0.47371935844421387,140,70
0.0057032108306884766,positive,10.0,10.0,0.10717640072107315,-0.4122314453125,0.04166388884186745,0.49449923634529114,140,72
0.005766630172729492,positive,10.0,10.0,0.09893177449703217,-0.21772107481956482,0.051553875207901,0.21523252129554749,140,73
0.006230592727661133,positive,10.0,10.0,0.06864570826292038,0.16640548408031464,0.08894925564527512,-0.23647163808345795,140,79
0.0062944889068603516,positive,10.0,10.0,0.07197381556034088,0.360151469707489,0.08421982079744339,-0.49982506036758423,140,80
0.006443500518798828,positive,10.0,10.0,0.0824558362364769,0.35793522000312805,0.07058664411306381,-0.4502096474170685,140,82
0.006669521331787109,positive,10.0,10.0,0.09217116981744766,0.16017445921897888,0.06236607953906059,-0.09822964668273926,140,85
0.006975650787353516,positive,10.0,10.0,0.08927351981401443,0.15641333162784576,0.08022088557481766,-0.01511734165251255,140,89
0.007044315338134766,positive,10.0,10.0,0.09240178763866425,0.3502986431121826,0.07991854101419449,-0.2814503610134125,140,90
0.0071108341217041016,positive,10.0,10.0,0.09940775483846664,0.5441950559616089,0.07428953051567078,-0.547895610332489,140,91
0.007176876068115234,positive,10.0,10.0,0.11029165983200073,0.7381990551948547,0.06333161890506744,-0.8162779211997986,140,92
0.007321834564208984,positive,10.0,10.0,0.1437036246061325,0.7366902232170105,0.025238314643502235,-0.7813332080841064,140,94
0.007544994354248047,positive,10.0,10.0,0.19179072976112366,0.9314895868301392,-0.027113471180200577,-1.0666296482086182,140,97
0.007608890533447266,positive,10.0,10.0,0.21042051911354065,0.7367367148399353,-0.048446062952280045,-0.7825780510902405,140,98
0.007672548294067383,positive,10.0,10.0,0.22515524923801422,0.932489812374115,-0.06409762799739838,-1.0901007652282715,140,99
0.008625030517578125,positive,10.0,10.0,0.2635897994041443,-0.2204432487487793,-0.08743031322956085,0.27618274092674255,140,111
0.0087738037109375,positive,10.0,10.0,0.2508966326713562,-0.21804408729076385,-0.07110545784235,0.22273486852645874,140,113
0.008838176727294922,positive,10.0,10.0,0.24653573334217072,-0.4120814800262451,-0.06665075570344925,0.4921680986881256,140,114
0.008902788162231445,positive,10.0,10.0,0.2382941097021103,-0.21608585119247437,-0.056807395070791245,0.17924660444259644,140,115
0.00920867919921875,positive,10.0,10.0,0.21329538524150848,-0.2132994830608368,-0.03280382230877876,0.1175415962934494,140,119
0.009353876113891602,positive,10.0,10.0,0.20087067782878876,-0.2123960256576538,-0.02245904505252838,0.09757094830274582,140,121
0.00941777229309082,positive,10.0,10.0,0.19662275910377502,-0.4071890115737915,-0.020507626235485077,0.38308432698249817,140,122
0.009479761123657227,positive,10.0,10.0,0.1884789764881134,-0.21178199350833893,-0.01284593902528286,0.08400660008192062,140,123
0.009630441665649414,positive,10.0,10.0,0.17610898613929749,-0.21143868565559387,-0.003713625017553568,0.07642650604248047,140,125
0.009695053100585938,positive,10.0,10.0,0.17188021540641785,-0.4065071940422058,-0.002185095101594925,0.367935448884964,140,126
0.009758472442626953,positive,10.0,10.0,0.1637500673532486,-0.21135427057743073,0.005173614248633385,0.07456434518098831,140,127
0.009821653366088867,positive,10.0,10.0,0.15952298045158386,-0.40655001997947693,0.006664901040494442,0.36887505650520325,140,128
0.009884119033813477,positive,10.0,10.0,0.15139198303222656,-0.2115233838558197,0.014042402617633343,0.0783010944724083,140,129
0.009946584701538086,positive,10.0,10.0,0.14716151356697083,-0.40684381127357483,0.015608424320816994,0.3753811717033386,140,130
0.010094404220581055,positive,10.0,10.0,0.1347856968641281,-0.4073925316333771,0.024869251996278763,0.38754573464393616,140,132
0.010158061981201172,positive,10.0,10.0,0.12663784623146057,-0.21263225376605988,0.03262016549706459,0.10280647873878479,140,133
0.01030278205871582,positive,10.0,10.0,0.11422108113765717,-0.21359264850616455,0.042788293212652206,0.1240479126572609,140,135
0.010367155075073242,positive,10.0,10.0,0.10994922369718552,-0.40930065512657166,0.04526925086975098,0.4299171566963196,140,136
0.010590076446533203,positive,10.0,10.0,0.0892522856593132,-0.2164248377084732,0.06612483412027359,0.1868027001619339,140,139
0.010653495788574219,positive,10.0,10.0,0.08492378890514374,-0.41242748498916626,0.06986089050769806,0.499590665102005,140,140
0.010796308517456055,positive,10.0,10.0,0.07230811566114426,-0.024460935965180397,0.08444703370332718,-0.03674812242388725,140,142
0.01085972785949707,positive,10.0,10.0,0.07181889563798904,0.1693548858165741,0.08371207118034363,-0.3016379177570343,140,143
0.011003494262695312,positive,10.0,10.0,0.07466890662908554,0.16707274317741394,0.07800386101007462,-0.2509707808494568,140,145
0.011068344116210938,positive,10.0,10.0,0.07801036536693573,0.3609991669654846,0.07298444956541061,-0.5180659890174866,140,146
0.011293172836303711,positive,10.0,10.0,0.08790834993124008,-0.22693948447704315,0.0607261098921299,0.41902264952659607,140,149
0.011675834655761719,positive,10.0,10.0,0.0806276798248291,0.3529437184333801,0.08352751284837723,-0.3400779664516449,140,154
0.011740446090698242,positive,10.0,10.0,0.08768656104803085,0.1567387580871582,0.07672595232725143,-0.022268056869506836,140,155
0.011803150177001953,positive,10.0,10.0,0.09082133322954178,0.350681334733963,0.07628059387207031,-0.28979071974754333,140,156
0.01186823844909668,positive,10.0,10.0,0.09783495962619781,0.1545592099428177,0.07048477977514267,0.02594170719385147,140,157
0.012014627456665039,positive,10.0,10.0,0.10009616613388062,0.15254457294940948,0.07780369371175766,0.0705297440290451,140,159
0.012078523635864258,positive,10.0,10.0,0.10314705222845078,0.34646984934806824,0.07921428978443146,-0.19662697613239288,140,160
0.012306451797485352,positive,10.0,10.0,0.13557107746601105,0.9285070300102234,0.05138872191309929,-1.0025410652160645,140,163
0.012450456619262695,positive,10.0,10.0,0.16879595816135406,0.9274110794067383,0.017454441636800766,-0.9768280386924744,140,165
0.012514352798461914,positive,10.0,10.0,0.18734419345855713,0.7320594787597656,-0.0020821180660277605,-0.678713858127594,140,166
0.012578010559082031,positive,10.0,10.0,0.20198537409305573,0.92721027135849,-0.015656394883990288,-0.9720516204833984,140,167
0.012640714645385742,positive,10.0,10.0,0.22052958607673645,0.7323018908500671,-0.035097427666187286,-0.6843276619911194,140,168
0.014156818389892578,positive,10.0,10.0,0.2971528470516205,-0.02200392633676529,-0.08740805834531784,-0.09108270704746246,140,186
0.014223575592041016,positive,10.0,10.0,0.2967127859592438,0.17425507307052612,-0.08922971040010452,-0.4100125730037689,140,187
0.014894247055053711,positive,10.0,10.0,0.19638857245445251,-1.1817336082458496,0.014610731042921543,1.422797679901123,140,196
0.014951705932617188,positive,10.0,10.0,0.17275391519069672,-1.3770331144332886,0.043066684156656265,1.7200111150741577,140,197
0.0006241798400878906,positive,10.0,10.0,-0.0040454743430018425,-0.16940250992774963,0.04924238845705986,0.3512895405292511,141,1
0.0007009506225585938,positive,10.0,10.0,-0.00743352435529232,0.024985840544104576,0.056268177926540375,0.07453186810016632,141,2
0.0009355545043945312,positive,10.0,10.0,-0.00988450925797224,-0.17263510823249817,0.06765720993280411,0.42308831214904785,141,5
0.0010001659393310547,positive,10.0,10.0,-0.01333721075206995,0.021466398611664772,0.07611897587776184,0.15247821807861328,141,6
0.0010650157928466797,positive,10.0,10.0,-0.012907883152365685,0.21542055904865265,0.07916854321956635,-0.11525321751832962,141,7
0.0017230510711669922,positive,10.0,10.0,0.0131542282178998,0.5964372158050537,0.0857386440038681,-0.49879756569862366,141,15
0.0018734931945800781,positive,10.0,10.0,0.040888018906116486,0.9842535853385925,0.06049717217683792,-1.031190276145935,141,17
0.0019376277923583984,positive,10.0,10.0,0.060573089867830276,0.7883812785148621,0.03987336531281471,-0.7201439142227173,141,18
0.002002239227294922,positive,10.0,10.0,0.07634071260690689,0.982929527759552,0.025470487773418427,-1.0000146627426147,141,19
0.0020661354064941406,positive,10.0,10.0,0.09599930793046951,0.7874765396118164,0.005470193922519684,-0.6994428634643555,141,20
0.002129077911376953,positive,10.0,10.0,0.1117488369345665,0.9825222492218018,-0.008518663235008717,-0.9903987646102905,141,21
0.0022721290588378906,positive,10.0,10.0,0.14714959263801575,0.9830182790756226,-0.04233470931649208,-1.0018671751022339,141,23
0.002335786819458008,positive,10.0,10.0,0.16680996119976044,0.7884868383407593,-0.06237205117940903,-0.722774088382721,141,24
0.0037102699279785156,positive,10.0,10.0,0.21266281604766846,-0.1625157594680786,-0.05868704617023468,0.19943857192993164,141,41
0.0037736892700195312,positive,10.0,10.0,0.20941250026226044,-0.35675138235092163,-0.05469827353954315,0.47304630279541016,141,42
0.003998756408691406,positive,10.0,10.0,0.19195249676704407,-0.1596575528383255,-0.03313034400343895,0.13610249757766724,141,45
0.00406646728515625,positive,10.0,10.0,0.18875934183597565,0.035922881215810776,-0.03040829487144947,-0.16684572398662567,141,46
0.004130840301513672,positive,10.0,10.0,0.189477801322937,0.231466606259346,-0.03374520689249039,-0.4689643681049347,141,47
0.004193782806396484,positive,10.0,10.0,0.19410713016986847,0.036837220191955566,-0.043124496936798096,-0.1871057003736496,141,48
0.004258155822753906,positive,10.0,10.0,0.19484387338161469,-0.15764205157756805,-0.046866610646247864,0.09166731685400009,141,49
0.004325151443481445,positive,10.0,10.0,0.19169104099273682,0.038119226694107056,-0.04503326490521431,-0.21542590856552124,141,50
0.004552602767944336,positive,10.0,10.0,0.19791974127292633,-0.1547583043575287,-0.06468576937913895,0.028011666610836983,141,53
0.004616737365722656,positive,10.0,10.0,0.19482457637786865,-0.3488958477973938,-0.06412553042173386,0.299604594707489,141,54
0.00467991828918457,positive,10.0,10.0,0.18784666061401367,-0.15292125940322876,-0.05813344195485115,-0.012593083083629608,141,55
0.004984855651855469,positive,10.0,10.0,0.16010530292987823,-0.5400679707527161,-0.03794405236840248,0.5049506425857544,141,59
0.0051310062408447266,positive,10.0,10.0,0.14241530001163483,-0.5391452312469482,-0.023833928629755974,0.4843263328075409,141,61
0.005195140838623047,positive,10.0,10.0,0.13163238763809204,-0.34369519352912903,-0.014147401787340641,0.18422798812389374,141,62
0.005259275436401367,positive,10.0,10.0,0.12475848942995071,-0.538611888885498,-0.01046284195035696,0.4724145829677582,141,63
0.005324125289916992,positive,10.0,10.0,0.11398625373840332,-0.34334373474121094,-0.001014550100080669,0.1764523684978485,141,64
0.00549626350402832,positive,10.0,10.0,0.09635035693645477,-0.34336480498313904,0.011890798807144165,0.17692574858665466,141,66
0.0057220458984375,positive,10.0,10.0,0.07183487713336945,-0.5392233729362488,0.028607148677110672,0.4859873354434967,141,69
0.00579071044921875,positive,10.0,10.0,0.0610504075884819,-0.3445165157318115,0.038326896727085114,0.20245590806007385,141,70
0.005856513977050781,positive,10.0,10.0,0.05416007712483406,-0.5401650667190552,0.042376015335321426,0.5069785118103027,141,71
0.006003618240356445,positive,10.0,10.0,0.036443475633859634,-0.5414965748786926,0.05707448720932007,0.5367200970649719,141,73
0.0061495304107666016,positive,10.0,10.0,0.018669111654162407,-0.5432426929473877,0.07305994629859924,0.5758293271064758,141,75
0.00621485710144043,positive,10.0,10.0,0.007804257795214653,-0.3492168188095093,0.08457653969526291,0.3070274591445923,141,76
0.006278038024902344,positive,10.0,10.0,0.0008199213771149516,-0.1553954780101776,0.09071708470582962,0.042170535773038864,141,77
0.006342172622680664,positive,10.0,10.0,-0.0022879880852997303,0.03831641748547554,0.091560497879982,-0.2205682396888733,141,78
0.006656169891357422,positive,10.0,10.0,0.008428612723946571,0.03362371399998665,0.06557552516460419,-0.11634008586406708,141,82
0.00672149658203125,positive,10.0,10.0,0.009101087227463722,-0.16237354278564453,0.06324872374534607,0.1962893158197403,141,83
0.006788015365600586,positive,10.0,10.0,0.005853616166859865,-0.3583405017852783,0.0671745166182518,0.5082346796989441,141,84
0.0069353580474853516,positive,10.0,10.0,-0.00459771603345871,0.029710639268159866,0.08208829164505005,-0.029866212978959084,141,86
0.007082700729370117,positive,10.0,10.0,0.000467802892671898,0.027381880208849907,0.07557972520589828,0.021668223664164543,141,88
0.007546901702880859,positive,10.0,10.0,0.015148382633924484,0.021667763590812683,0.06746978312730789,0.1479736715555191,141,94
0.007778644561767578,positive,10.0,10.0,0.012488839216530323,0.21360474824905396,0.08348191529512405,-0.07505379617214203,141,97
0.008083581924438477,positive,10.0,10.0,0.03723902627825737,0.20911440253257751,0.06889809668064117,0.024324694648385048,141,101
0.00846719741821289,positive,10.0,10.0,0.06574828177690506,0.7890409231185913,0.06416323781013489,-0.7357196807861328,141,106
0.008613348007202148,positive,10.0,10.0,0.10119350999593735,0.7874746322631836,0.02929806523025036,-0.6997466683387756,141,108
0.008762121200561523,positive,10.0,10.0,0.13658657670021057,0.7868548035621643,-0.004358160775154829,-0.6856145858764648,141,110
0.008909225463867188,positive,10.0,10.0,0.17196440696716309,0.7871618866920471,-0.0376637801527977,-0.6927138566970825,141,112
0.008977174758911133,positive,10.0,10.0,0.18770764768123627,0.9827855825424194,-0.05151805654168129,-0.9970117807388306,141,113
0.009121894836425781,positive,10.0,10.0,0.22313113510608673,0.5943244695663452,-0.08587715774774551,-0.4515804052352905,141,115
0.009435892105102539,positive,10.0,10.0,0.24743115901947021,0.2096519023180008,-0.0904860869050026,0.01246995572000742,141,119
0.009739160537719727,positive,10.0,10.0,0.24875541031360626,-0.17557650804519653,-0.06956550478935242,0.48853397369384766,141,123
0.009883403778076172,positive,10.0,10.0,0.245652973651886,-0.17376306653022766,-0.056299567222595215,0.44799938797950745,141,125
0.00994729995727539,positive,10.0,10.0,0.24217770993709564,0.02210819348692894,-0.04733957722783089,0.13811466097831726,141,126
0.010011434555053711,positive,10.0,10.0,0.24261987209320068,-0.1723048835992813,-0.04457728564739227,0.4154949188232422,141,127
0.010074853897094727,positive,10.0,10.0,0.2391737699508667,0.023419585078954697,-0.03626738488674164,0.10909850150346756,141,128
0.01022195816040039,positive,10.0,10.0,0.2362188845872879,0.02442432940006256,-0.02628297172486782,0.08689041435718536,141,130
0.010287046432495117,positive,10.0,10.0,0.23670735955238342,-0.17031121253967285,-0.02454516291618347,0.37116652727127075,141,131
0.010350942611694336,positive,10.0,10.0,0.23330114781856537,0.02515069954097271,-0.017121832817792892,0.07084643840789795,141,132
0.010414600372314453,positive,10.0,10.0,0.2338041514158249,-0.16972164809703827,-0.01570490375161171,0.3580785393714905,141,133
0.010477304458618164,positive,10.0,10.0,0.23040972650051117,0.025620004162192345,-0.008543332107365131,0.06048514321446419,141,134
0.010539770126342773,positive,10.0,10.0,0.23092211782932281,-0.16937841475009918,-0.007333629764616489,0.35046038031578064,141,135
0.010605335235595703,positive,10.0,10.0,0.22753454744815826,0.0258470568805933,-0.0003244217368774116,0.05547398701310158,141,136
0.01067042350769043,positive,10.0,10.0,0.22805149853229523,-0.16927024722099304,0.0007850579568184912,0.34805452823638916,141,137
0.010734796524047852,positive,10.0,10.0,0.22466608881950378,0.025840535759925842,0.007746148854494095,0.055619269609451294,141,138
0.010881662368774414,positive,10.0,10.0,0.22179506719112396,0.02560323476791382,0.01587325520813465,0.06085963174700737,141,140
0.011108636856079102,positive,10.0,10.0,0.22721965610980988,-0.17016761004924774,0.013980009593069553,0.3678687810897827,141,143
0.011253595352172852,positive,10.0,10.0,0.22431136667728424,-0.17066828906536102,0.02292991615831852,0.378964364528656,141,145
0.011319637298583984,positive,10.0,10.0,0.22089800238609314,0.024120649322867393,0.030509203672409058,0.09359857439994812,141,146
0.011465311050415039,positive,10.0,10.0,0.2179519087076187,0.023222897201776505,0.040296152234077454,0.11344847083091736,141,148
0.011689186096191406,positive,10.0,10.0,0.21540813148021698,-0.173771932721138,0.05372849479317665,0.44790881872177124,141,151
0.01183629035949707,positive,10.0,10.0,0.2123437076807022,-0.17541006207466125,0.066139355301857,0.4844156801700592,141,153
0.01190042495727539,positive,10.0,10.0,0.20883551239967346,0.018719205632805824,0.07582767307758331,0.21328924596309662,141,154
0.011968612670898438,positive,10.0,10.0,0.2092098891735077,0.21267975866794586,0.08009345829486847,-0.054543569684028625,141,155
0.012035131454467773,positive,10.0,10.0,0.21346348524093628,0.016506170853972435,0.07900258898735046,0.26229578256607056,141,156
0.012345314025878906,positive,10.0,10.0,0.23804789781570435,0.7919931411743164,0.06808264553546906,-0.8012745380401611,141,160
0.012410402297973633,positive,10.0,10.0,0.25388777256011963,0.9861185550689697,0.05205715447664261,-1.0717872381210327,141,161
0.012555837631225586,positive,10.0,10.0,0.2894171178340912,0.9850355982780457,0.01535677071660757,-1.0461244583129883,141,163
0.012782096862792969,positive,10.0,10.0,0.3446103036403656,0.7900682687759399,-0.0414007343351841,-0.7569247484207153,141,166
0.01292729377746582,positive,10.0,10.0,0.3723224997520447,0.4012606143951416,-0.06609026342630386,-0.2032109797000885,141,168
0.013151407241821289,positive,10.0,10.0,0.40035685896873474,0.20930896699428558,-0.08539847284555435,0.02004227414727211,141,171
0.013215780258178711,positive,10.0,10.0,0.4045430123806,0.015508938580751419,-0.08499762415885925,0.28460627794265747,141,172
0.029638290405273438,positive,10.0,10.0,0.39384254813194275,-0.5663513541221619,-0.051999203860759735,1.0864328145980835,141,175
0.029711008071899414,positive,10.0,10.0,0.3825155198574066,-0.37058356404304504,-0.030270548537373543,0.7778971791267395,141,176
0.029970645904541016,positive,10.0,10.0,0.3563990592956543,-0.5651737451553345,0.021778292953968048,1.0583631992340088,141,179
0.03011608123779297,positive,10.0,10.0,0.3376886546611786,-0.5660327076911926,0.058397453278303146,1.078474760055542,141,181
0.030425310134887695,negative,10.0,-10.0,0.292288213968277,-0.18114595115184784,0.14749427139759064,0.6161371469497681,141,185
0.030492067337036133,negative,10.0,-10.0,0.2886652946472168,0.011641036719083786,0.15981701016426086,0.37330272793769836,141,186
0.030554771423339844,negative,10.0,-10.0,0.28889814019203186,0.20417466759681702,0.1672830581665039,0.1349690556526184,141,187
0.030617237091064453,negative,10.0,-10.0,0.2929816246032715,0.39655473828315735,0.169982448220253,-0.10062069445848465,141,188
0.03069305419921875,negative,10.0,-10.0,0.3009127080440521,0.5888845324516296,0.16797003149986267,-0.335222989320755,141,189
0.03083968162536621,negative,10.0,-10.0,0.32831576466560364,0.9738043546676636,0.1498538702726364,-0.8084359169006348,141,191
0.03130483627319336,positive,10.0,10.0,0.4641515016555786,0.9651939868927002,0.035759080201387405,-0.608973503112793,141,197
0.0002918243408203125,positive,10.0,10.0,-0.011126033030450344,0.011448659934103489,0.02361421287059784,0.006546649616211653,142,0
0.00040435791015625,positive,10.0,10.0,-0.010897059924900532,-0.18400385975837708,0.02374514564871788,0.3065856099128723,142,1
0.0004813671112060547,positive,10.0,10.0,-0.014577137306332588,0.010771828703582287,0.02987685799598694,0.021484868600964546,142,2
0.0005486011505126953,positive,10.0,10.0,-0.014361700974404812,-0.18476556241512299,0.030306555330753326,0.3234425485134125,142,3
0.0006136894226074219,positive,10.0,10.0,-0.01805701106786728,0.00991202611476183,0.03677540645003319,0.04046902433037758,142,4
0.0010676383972167969,positive,10.0,10.0,-0.02498246356844902,-0.1882791966199875,0.05500767379999161,0.40136030316352844,142,9
0.017453432083129883,positive,10.0,10.0,-0.028748048469424248,0.006021126639097929,0.06303487718105316,0.12651477754116058,142,10
0.017687559127807617,positive,10.0,10.0,-0.03242651745676994,0.004191089887171984,0.07433316856622696,0.16708406805992126,142,12
0.01775527000427246,positive,10.0,10.0,-0.03234269469976425,0.19817465543746948,0.07767484337091446,-0.1012539491057396,142,13
0.017833232879638672,positive,10.0,10.0,-0.028379201889038086,0.39210245013237,0.07564976811408997,-0.36845508217811584,142,14
0.018407106399536133,positive,10.0,10.0,0.02219092845916748,0.9705383777618408,0.039293549954891205,-1.093897819519043,142,21
0.01847076416015625,positive,10.0,10.0,0.041601695120334625,0.7749214172363281,0.017415592446923256,-0.7891495823860168,142,22
0.018779277801513672,positive,10.0,10.0,0.11139017343521118,0.7754110097885132,-0.05719528719782829,-0.800666093826294,142,26
0.018843650817871094,positive,10.0,10.0,0.126898393034935,0.9712688326835632,-0.07320860773324966,-1.1107786893844604,142,27
0.019902944564819336,positive,10.0,10.0,0.15568043291568756,-0.763001561164856,-0.07899747043848038,1.048487663269043,142,40
0.019970178604125977,positive,10.0,10.0,0.14042040705680847,-0.9569914937019348,-0.0580277182161808,1.3153640031814575,142,41
0.0203702449798584,positive,10.0,10.0,0.04479866102337837,-1.1518572568893433,0.07158922404050827,1.6015743017196655,142,46
0.02068805694580078,negative,10.0,-10.0,-0.024087009951472282,-0.3780387043952942,0.1682189404964447,0.5829939246177673,142,50
0.020914554595947266,negative,10.0,-10.0,-0.03522934019565582,0.19856750965118408,0.18916548788547516,-0.11174528300762177,142,53
0.020978450775146484,negative,10.0,-10.0,-0.0312579870223999,0.39054641127586365,0.1869305819272995,-0.33929312229156494,142,54
0.0210418701171875,negative,10.0,-10.0,-0.023447060957551003,0.19332489371299744,0.18014472723007202,0.006023609545081854,142,55
0.021282196044921875,negative,10.0,-10.0,-0.0003188780683558434,0.7698747515678406,0.16665436327457428,-0.688225507736206,142,58
0.021602869033813477,positive,10.0,10.0,0.08439235389232635,1.5418274402618408,0.0828467309474945,-1.668839931488037,142,62
0.021753787994384766,positive,10.0,10.0,0.14994679391384125,1.5402796268463135,0.010777676478028297,-1.6270114183425903,142,64
0.021820545196533203,positive,10.0,10.0,0.18075238168239594,1.3450325727462769,-0.021762551739811897,-1.3309893608093262,142,65
0.021886348724365234,positive,10.0,10.0,0.20765303075313568,1.1501917839050293,-0.048382338136434555,-1.0451949834823608,142,66
0.022039175033569336,positive,10.0,10.0,0.24977175891399384,1.1517482995986938,-0.08464791625738144,-1.0817382335662842,142,68
0.022358179092407227,negative,10.0,-10.0,0.31867220997810364,0.378126859664917,-0.1399575024843216,-0.059974849224090576,142,72
0.02242445945739746,negative,10.0,-10.0,0.32623472809791565,0.18526014685630798,-0.14115698635578156,0.1854831427335739,142,73
0.023159027099609375,positive,10.0,10.0,0.3297141194343567,0.005763745401054621,-0.09071344882249832,0.132173553109169,142,82
0.023231983184814453,positive,10.0,10.0,0.3298293948173523,-0.18794959783554077,-0.08806997537612915,0.3949156403541565,142,83
0.02355051040649414,positive,10.0,10.0,0.32273614406585693,-0.18345694243907928,-0.07129691541194916,0.294943243265152,142,87
0.023621559143066406,positive,10.0,10.0,0.31906700134277344,0.01260520052164793,-0.06539805233478546,-0.019346361979842186,142,88
0.023688077926635742,positive,10.0,10.0,0.31931912899017334,-0.18152087926864624,-0.06578497588634491,0.2520069479942322,142,89
0.02375340461730957,positive,10.0,10.0,0.31568869948387146,-0.3756447732448578,-0.060744840651750565,0.5232361555099487,142,90
0.02390599250793457,positive,10.0,10.0,0.30458134412765503,-0.3740912079811096,-0.046039171516895294,0.48845523595809937,142,92
0.024144887924194336,positive,10.0,10.0,0.2938779294490814,-0.17736881971359253,-0.035083066672086716,0.15993472933769226,142,95
0.024293899536132812,positive,10.0,10.0,0.2828911244869232,-0.17641308903694153,-0.023057440295815468,0.13878586888313293,142,97
0.02475595474243164,positive,10.0,10.0,0.2500862777233124,-0.17549708485603333,0.00956781953573227,0.11854221671819687,142,103
0.024910926818847656,positive,10.0,10.0,0.23916123807430267,-0.5660439133644104,0.020223230123519897,0.7106509804725647,142,105
0.02498030662536621,positive,10.0,10.0,0.2278403639793396,-0.3712078034877777,0.03443624824285507,0.42440176010131836,142,106
0.02504587173461914,positive,10.0,10.0,0.22041620314121246,-0.5668001770973206,0.04292428493499756,0.7277386784553528,142,107
0.025118350982666016,positive,10.0,10.0,0.20908020436763763,-0.37229713797569275,0.05747905746102333,0.44886869192123413,142,108
0.025182247161865234,positive,10.0,10.0,0.2016342580318451,-0.17803332209587097,0.06645642966032028,0.17484372854232788,142,109
0.02542281150817871,positive,10.0,10.0,0.18699336051940918,0.013925914652645588,0.08406563103199005,-0.04862609878182411,142,112
0.025652408599853516,positive,10.0,10.0,0.19165776669979095,0.20548781752586365,0.07690100371837616,-0.2634493112564087,142,115
0.02596569061279297,positive,10.0,10.0,0.21577537059783936,0.20170526206493378,0.046894874423742294,-0.1793886423110962,142,119
0.02636122703552246,positive,10.0,10.0,0.2202095240354538,0.003407725365832448,0.05519066005945206,0.18382523953914642,142,124
0.02757740020751953,positive,10.0,10.0,0.3237272799015045,0.9580101370811462,0.015201705507934093,-0.8169059157371521,142,139
0.027725934982299805,positive,10.0,10.0,0.3659459054470062,0.9578137397766113,-0.023231789469718933,-0.8124426603317261,142,141
0.027791500091552734,positive,10.0,10.0,0.38510218262672424,0.7630175352096558,-0.03948064520955086,-0.5271568298339844,142,142
0.027856111526489258,positive,10.0,10.0,0.4003625214099884,0.568472683429718,-0.05002377927303314,-0.24717122316360474,142,143
0.028168201446533203,positive,10.0,10.0,0.45373594760894775,0.5719131231307983,-0.08353995531797409,-0.3238298296928406,142,147
0.02823328971862793,positive,10.0,10.0,0.46517419815063477,0.37807393074035645,-0.09001655131578445,-0.05861718952655792,142,148
0.02838897705078125,positive,10.0,10.0,0.4764226973056793,-0.00935734435915947,-0.08710164576768875,0.46694445610046387,142,150
0.028455018997192383,positive,10.0,10.0,0.4762355387210846,-0.20314763486385345,-0.07776275277137756,0.7309523820877075,142,151
0.02860236167907715,positive,10.0,10.0,0.4642302989959717,-0.2012069821357727,-0.04318004474043846,0.6863566637039185,142,153
0.028755664825439453,positive,10.0,10.0,0.4522920846939087,-0.20019882917404175,-0.01015013363212347,0.6633508205413818,142,155
0.028980255126953125,positive,10.0,10.0,0.43638259172439575,-0.3955216109752655,0.03539566323161125,0.9606999158859253,142,158
0.029140233993530273,positive,10.0,10.0,0.42445430159568787,-0.39672914147377014,0.06819653511047363,0.9887076020240784,142,160
0.029858112335205078,positive,10.0,10.0,0.49247485399246216,1.3458619117736816,0.05824888125061989,-1.3529117107391357,142,169
0.029923200607299805,positive,10.0,10.0,0.5193920731544495,1.1500589847564697,0.031190646812319756,-1.0425899028778076,142,170
0.030080556869506836,positive,10.0,10.0,0.5614840388298035,0.7592738270759583,-0.004466771613806486,-0.4443623423576355,142,172
0.030147075653076172,positive,10.0,10.0,0.5766695141792297,0.564215362071991,-0.013354018330574036,-0.15309078991413116,142,173
0.030211448669433594,positive,10.0,10.0,0.5879538059234619,0.7595259547233582,-0.016415834426879883,-0.4499565064907074,142,174
0.030277490615844727,positive,10.0,10.0,0.6031443476676941,0.5646399855613708,-0.025414964184165,-0.16249299049377441,142,175
0.030429601669311523,positive,10.0,10.0,0.6296394467353821,0.5654109716415405,-0.037926506251096725,-0.17957231402397156,142,177
0.03049468994140625,positive,10.0,10.0,0.6409476399421692,0.7610545754432678,-0.0415179543197155,-0.4839743673801422,142,178
0.030643701553344727,positive,10.0,10.0,0.6674996018409729,0.7623577117919922,-0.055290646851062775,-0.5130438804626465,142,180
0.030794620513916016,positive,10.0,10.0,0.6941078901290894,0.7640504837036133,-0.07031720876693726,-0.5509025454521179,142,182
0.03085923194885254,positive,10.0,10.0,0.7093889117240906,0.5699829459190369,-0.08133526146411896,-0.2811768651008606,142,183
0.03141617774963379,positive,10.0,10.0,0.7546454668045044,-0.3953346610069275,-0.08065609633922577,0.9601125121116638,142,190
0.03148198127746582,positive,10.0,10.0,0.7467387914657593,-0.5892852544784546,-0.06145384907722473,1.226405382156372,142,191
0.03162860870361328,positive,10.0,10.0,0.7270845174789429,-0.19782696664333344,-0.018623368814587593,0.61106276512146,142,193
0.031697988510131836,positive,10.0,10.0,0.7231279611587524,-0.392683744430542,-0.006402113474905491,0.8978223204612732,142,194
0.03192782402038574,positive,10.0,10.0,0.6956650018692017,-0.19812215864658356,0.0533129908144474,0.6180734038352966,142,197
0.00032448768615722656,positive,10.0,10.0,0.004444602411240339,-0.2340003103017807,-0.04579414054751396,0.2720701992511749,143,1
0.0003955364227294922,positive,10.0,10.0,-0.0002354035241296515,-0.4284399151802063,-0.04035273939371109,0.5499650835990906,143,2
0.0005524158477783203,positive,10.0,10.0,-0.013459702953696251,-0.4274657368659973,-0.024456512182950974,0.5281277894973755,143,4
0.00061798095703125,positive,10.0,10.0,-0.022009018808603287,-0.23200839757919312,-0.013893956318497658,0.22783994674682617,143,5
0.0006833076477050781,positive,10.0,10.0,-0.02664918638765812,-0.4269290566444397,-0.009337157011032104,0.5161080360412598,143,6
0.0008428096771240234,positive,10.0,10.0,-0.03982130438089371,-0.42681288719177246,0.005394952371716499,0.5134909152984619,143,8
0.0009074211120605469,positive,10.0,10.0,-0.048357561230659485,-0.23176734149456024,0.01566477119922638,0.22251296043395996,143,9
0.001130819320678711,positive,10.0,10.0,-0.06618063151836395,-0.42782095074653625,0.035193316638469696,0.5359692573547363,143,12
0.001199960708618164,positive,10.0,10.0,-0.074737049639225,-0.23321107029914856,0.04591270163655281,0.2545798718929291,143,13
0.0012640953063964844,positive,10.0,10.0,-0.07940127700567245,-0.4289574921131134,0.05100429803133011,0.5613836646080017,143,14
0.0013263225555419922,positive,10.0,10.0,-0.08798042684793472,-0.23458702862262726,0.06223197281360626,0.28519588708877563,143,15
0.0015485286712646484,positive,10.0,10.0,-0.1060115396976471,-0.04253070428967476,0.08639877289533615,0.05984112247824669,143,18
0.001611471176147461,positive,10.0,10.0,-0.1068621575832367,0.15125304460525513,0.08759559690952301,-0.204380601644516,143,19
0.0018334388732910156,positive,10.0,10.0,-0.09396021068096161,0.34281018376350403,0.07113594561815262,-0.41880664229393005,143,22
0.0020627975463867188,positive,10.0,10.0,-0.0851530134677887,-0.2451411336660385,0.06481298059225082,0.5184183120727539,143,25
0.002127408981323242,positive,10.0,10.0,-0.09005583822727203,-0.4411128759384155,0.07518135011196136,0.8308003544807434,143,26
0.0021927356719970703,positive,10.0,10.0,-0.09887809306383133,-0.24709457159042358,0.0917973518371582,0.5626775026321411,143,27
0.0027387142181396484,positive,10.0,10.0,-0.05998434126377106,0.7179862856864929,0.07348000258207321,-0.672853946685791,143,34
0.0028839111328125,positive,10.0,10.0,-0.027384333312511444,0.7161368727684021,0.04119239002466202,-0.6306037902832031,143,36
0.002947092056274414,positive,10.0,10.0,-0.01306159421801567,0.9106605648994446,0.0285803135484457,-0.9100346565246582,143,37
0.0030913352966308594,positive,10.0,10.0,0.019454892724752426,0.9101390838623047,-0.0017905343556776643,-0.8979033827781677,143,39
0.0032372474670410156,positive,10.0,10.0,0.05195850133895874,0.9104338884353638,-0.03186427801847458,-0.9046210646629333,143,41
0.003300905227661133,positive,10.0,10.0,0.070167176425457,0.7157576084136963,-0.04995669797062874,-0.6221213936805725,143,42
0.003365755081176758,positive,10.0,10.0,0.0844823345541954,0.9115402698516846,-0.06239912658929825,-0.9301101565361023,143,43
0.0034313201904296875,positive,10.0,10.0,0.10271313786506653,0.7173135280609131,-0.08100132644176483,-0.6576704382896423,143,44
0.0034949779510498047,positive,10.0,10.0,0.11705940961837769,0.5234069228172302,-0.0941547378897667,-0.391552597284317,143,45
0.0038809776306152344,positive,10.0,10.0,0.1384841650724411,-0.05450809746980667,-0.09299594908952713,0.32530301809310913,143,50
0.0040247440338134766,positive,10.0,10.0,0.14023013412952423,-0.051975518465042114,-0.08639384806156158,0.2689923048019409,143,52
0.004168272018432617,positive,10.0,10.0,0.13427531719207764,-0.04960284382104874,-0.07034951448440552,0.21615394949913025,143,54
0.004312038421630859,positive,10.0,10.0,0.1284102201461792,-0.04766375944018364,-0.05630958452820778,0.17310254275798798,143,56
0.0043792724609375,positive,10.0,10.0,0.12745694816112518,-0.24193647503852844,-0.05284753441810608,0.4475034773349762,143,57
0.00485539436340332,positive,10.0,10.0,0.10249374061822891,-0.2394411712884903,-0.008725810796022415,0.3917524218559265,143,63
0.005001544952392578,positive,10.0,10.0,0.09682098776102066,-0.23930564522743225,0.0010358616709709167,0.3887329399585724,143,65
0.005782604217529297,positive,10.0,10.0,0.06046581268310547,-0.2431814819574356,0.06569293141365051,0.4751184582710266,143,75
0.0058476924896240234,positive,10.0,10.0,0.05560218542814255,-0.04904571548104286,0.0751953050494194,0.20384275913238525,143,76
0.005911827087402344,positive,10.0,10.0,0.054621271789073944,0.1449248343706131,0.07927215844392776,-0.06420426815748215,143,77
0.005980253219604492,positive,10.0,10.0,0.05751976743340492,0.3388260006904602,0.07798807322978973,-0.33086103200912476,143,78
0.006368875503540039,positive,10.0,10.0,0.11461508274078369,0.5299092531204224,0.01421839278191328,-0.5334779024124146,143,83
0.0064356327056884766,positive,10.0,10.0,0.12521326541900635,0.7248284220695496,0.003548834240064025,-0.8216469883918762,143,84
0.006581544876098633,positive,10.0,10.0,0.15810786187648773,0.7249512076377869,-0.03514833748340607,-0.8245981335639954,143,86
0.007371425628662109,positive,10.0,10.0,0.2143447995185852,-0.04274240881204605,-0.08749755471944809,0.06454063951969147,143,96
0.007518768310546875,positive,10.0,10.0,0.21656030416488647,-0.04027407988905907,-0.09129504859447479,0.009879987686872482,143,98
0.0077435970306396484,positive,10.0,10.0,0.20252153277397156,-0.23147284984588623,-0.07494831085205078,0.21664302051067352,143,101
0.00788736343383789,positive,10.0,10.0,0.1893831193447113,-0.22940407693386078,-0.06091996282339096,0.17069804668426514,143,103
0.008345842361450195,positive,10.0,10.0,0.15038052201271057,-0.2253182977437973,-0.028014352545142174,0.0802675262093544,143,109
0.008409738540649414,positive,10.0,10.0,0.14587415754795074,-0.4200277030467987,-0.026409002020955086,0.36398187279701233,143,110
0.008479595184326172,positive,10.0,10.0,0.13747359812259674,-0.2245405614376068,-0.01912936381995678,0.06309007853269577,143,111
0.008623838424682617,positive,10.0,10.0,0.12459512799978256,-0.2240116447210312,-0.010874028317630291,0.051413536071777344,143,113
0.00876760482788086,positive,10.0,10.0,0.11173537373542786,-0.22371536493301392,-0.003032840322703123,0.04487449675798416,143,115
0.008994340896606445,positive,10.0,10.0,0.09441236406564713,-0.41882896423339844,0.005461498629301786,0.33737310767173767,143,118
0.009059429168701172,positive,10.0,10.0,0.08603578060865402,-0.6140282154083252,0.012208960950374603,0.6317732930183411,143,119
0.009122848510742188,positive,10.0,10.0,0.07375521957874298,-0.4190787076950073,0.024844426661729813,0.3429601788520813,143,120
0.009267568588256836,positive,10.0,10.0,0.06088726595044136,-0.4198807179927826,0.0328679122030735,0.3607287108898163,143,122
0.009332895278930664,positive,10.0,10.0,0.05248965322971344,-0.22524100542068481,0.04008248448371887,0.07858826965093613,143,123
0.00955820083618164,positive,10.0,10.0,0.035038407891988754,-0.4222002625465393,0.051414694637060165,0.4122074544429779,143,126
0.009702444076538086,positive,10.0,10.0,0.022037532180547714,-0.4237668812274933,0.06238217651844025,0.44705837965011597,143,128
0.009766817092895508,positive,10.0,10.0,0.013562195003032684,-0.2295803427696228,0.07132334262132645,0.17467358708381653,143,129
0.010307073593139648,positive,10.0,10.0,0.0004486160760279745,0.3473559021949768,0.07713760435581207,-0.5196567177772522,143,136
0.010452032089233398,positive,10.0,10.0,0.010420486330986023,-0.04477223381400108,0.0626705065369606,0.10927031934261322,143,138
0.010515689849853516,positive,10.0,10.0,0.009525041095912457,-0.24073365330696106,0.0648559108376503,0.42104846239089966,143,139
0.010659217834472656,positive,10.0,10.0,0.0037786150351166725,0.14741264283657074,0.0762668028473854,-0.11919940263032913,143,141
0.01072549819946289,positive,10.0,10.0,0.006726867984980345,0.34136372804641724,0.0738828107714653,-0.3868796229362488,143,142
0.011191368103027344,positive,10.0,10.0,0.012283151037991047,0.3350379168987274,0.08660252392292023,-0.24715556204319,143,148
0.011575937271118164,positive,10.0,10.0,0.07676918804645538,0.9155809879302979,0.0202204380184412,-1.0183571577072144,143,153
0.011641263961791992,positive,10.0,10.0,0.09508080780506134,0.7201954126358032,-0.00014670458040200174,-0.7193942666053772,143,154
0.011704683303833008,positive,10.0,10.0,0.1094847172498703,0.9153194427490234,-0.01453458983451128,-1.0121233463287354,143,155
0.011768579483032227,positive,10.0,10.0,0.12779110670089722,0.7203943729400635,-0.03477705642580986,-0.7240397334098816,143,156
0.011992692947387695,positive,10.0,10.0,0.174949511885643,0.9175584316253662,-0.08481995761394501,-1.064450979232788,143,159
0.012298107147216797,negative,10.0,-10.0,0.22511498630046844,0.14392250776290894,-0.13874451816082,-0.04221007600426674,143,163
0.012530803680419922,negative,10.0,-10.0,0.23776492476463318,-0.04490085691213608,-0.14968633651733398,0.11326964944601059,143,166
0.012678861618041992,negative,10.0,-10.0,0.2321149706840515,-0.43034830689430237,-0.1403162032365799,0.5980440378189087,143,168
0.013067007064819336,positive,10.0,10.0,0.1504405289888382,-1.007991909980774,-0.030400367453694344,1.30070960521698,143,173
0.013132333755493164,positive,10.0,10.0,0.13028070330619812,-1.2027151584625244,-0.004386174958199263,1.5837231874465942,143,174
0.01319575309753418,positive,10.0,10.0,0.10622639954090118,-1.007541298866272,0.027288289740681648,1.2896757125854492,143,175
0.013343095779418945,positive,10.0,10.0,0.062015581876039505,-1.0085463523864746,0.08489731699228287,1.315105676651001,143,177
0.013647317886352539,negative,10.0,-10.0,0.004570032935589552,-0.2352612316608429,0.15900953114032745,0.3033991754055023,143,181
0.01371312141418457,negative,10.0,-10.0,-0.00013519190542865545,-0.04272047057747841,0.16507750749588013,0.06478354334831238,143,182
0.013861656188964844,negative,10.0,-10.0,0.0020043442491441965,0.34209564328193665,0.16294105350971222,-0.40753090381622314,143,184
0.014008283615112305,negative,10.0,-10.0,0.011747930198907852,0.3376867175102234,0.15342573821544647,-0.30835774540901184,143,186
0.014709711074829102,positive,10.0,10.0,0.1490858644247055,1.2975229024887085,0.013605717569589615,-1.4208183288574219,143,195
0.014858007431030273,positive,10.0,10.0,0.19708102941513062,0.9073105454444885,-0.037288930267095566,-0.8359132409095764,143,197
0.00024700164794921875,positive,10.0,10.0,-0.04370534420013428,-0.011251161806285381,-0.029950302094221115,0.04399481415748596,144,0
0.00034737586975097656,positive,10.0,10.0,-0.04393036663532257,-0.20593112707138062,-0.029070405289530754,0.327079713344574,144,1
0.0004177093505859375,positive,10.0,10.0,-0.04804898798465729,-0.010407612659037113,-0.022528810426592827,0.025372875854372978,144,2
0.0004830360412597656,positive,10.0,10.0,-0.048257142305374146,-0.20519936084747314,-0.022021353244781494,0.3108634352684021,144,3
0.0005476474761962891,positive,10.0,10.0,-0.052361130714416504,-0.009770700708031654,-0.01580408401787281,0.011317770928144455,144,4
0.0007262229919433594,positive,10.0,10.0,-0.056649792939424515,-0.00932198017835617,-0.00959827471524477,0.0014178598066791892,144,6
0.0008873939514160156,positive,10.0,10.0,-0.06092233210802078,-0.39928916096687317,-0.003748777089640498,0.5807064175605774,144,8
0.0011942386627197266,positive,10.0,10.0,-0.07726094126701355,-0.009493960998952389,0.019407236948609352,0.0052128382958471775,144,12
0.0014190673828125,positive,10.0,10.0,-0.08174960315227509,-0.20552967488765717,0.02594038099050522,0.3181350529193878,144,15
0.0014843940734863281,positive,10.0,10.0,-0.08586019277572632,-0.010786610655486584,0.03230307996273041,0.03374433517456055,144,16
0.0018017292022705078,positive,10.0,10.0,-0.09458518028259277,-0.4030645787715912,0.04797914996743202,0.6645413637161255,144,20
0.0018668174743652344,positive,10.0,10.0,-0.10264647006988525,-0.20864172279834747,0.06126997619867325,0.387343168258667,144,21
0.0020151138305664062,positive,10.0,10.0,-0.10710811614990234,-0.21048009395599365,0.07130864262580872,0.42822420597076416,144,23
0.0023262500762939453,positive,10.0,10.0,-0.10067141056060791,0.17512358725070953,0.07343832403421402,-0.055923160165548325,144,27
0.002472400665283203,positive,10.0,10.0,-0.08978653699159622,0.17304673790931702,0.06582862138748169,-0.009977350011467934,144,29
0.0025365352630615234,positive,10.0,10.0,-0.08632560074329376,-0.02295450121164322,0.06562907248735428,0.3027273714542389,144,30
0.002685546875,positive,10.0,10.0,-0.08336121588945389,-0.024899112060666084,0.07231248170137405,0.34585389494895935,144,32
0.0027494430541992188,positive,10.0,10.0,-0.08385920524597168,0.16912370920181274,0.07922956347465515,0.07682158797979355,144,33
0.0029754638671875,positive,10.0,10.0,-0.06207811459898949,0.7508590221405029,0.06784897297620773,-0.7234645485877991,144,36
0.003039121627807617,positive,10.0,10.0,-0.04706093296408653,0.944980263710022,0.05337967723608017,-0.9940441250801086,144,37
0.0031042098999023438,positive,10.0,10.0,-0.02816132828593254,0.7491864562034607,0.033498793840408325,-0.6850855350494385,144,38
0.0031676292419433594,positive,10.0,10.0,-0.01317760068923235,0.9438276886940002,0.019797084853053093,-0.967036783695221,144,39
0.003230571746826172,positive,10.0,10.0,0.005698953289538622,0.7484455704689026,0.0004563484399113804,-0.6682010889053345,144,40
0.003374814987182617,positive,10.0,10.0,0.03953908756375313,0.748615026473999,-0.032122477889060974,-0.6721402406692505,144,42
0.0034394264221191406,positive,10.0,10.0,0.05451138690114021,0.9441684484481812,-0.04556528478860855,-0.974761426448822,144,43
0.0035843849182128906,positive,10.0,10.0,0.08838848769664764,0.9456473588943481,-0.07899516075849533,-1.0091664791107178,144,45
0.004456281661987305,positive,10.0,10.0,0.13044200837612152,-0.01212602760642767,-0.08874404430389404,0.0635930746793747,144,56
0.004520416259765625,positive,10.0,10.0,0.13019949197769165,-0.20587092638015747,-0.08747218549251556,0.32701027393341064,144,57
0.0046672821044921875,positive,10.0,10.0,0.12588968873023987,-0.20349320769309998,-0.08077048510313034,0.27416521310806274,144,59
0.004813194274902344,positive,10.0,10.0,0.11387231200933456,-0.2012803852558136,-0.06448078900575638,0.2248968482017517,144,61
0.0048770904541015625,positive,10.0,10.0,0.10984670370817184,-0.39542436599731445,-0.05998285114765167,0.4965633749961853,144,62
0.0049419403076171875,positive,10.0,10.0,0.10193821787834167,-0.19951015710830688,-0.05005158111453056,0.18559621274471283,144,63
0.005007028579711914,positive,10.0,10.0,0.09794801473617554,-0.39388158917427063,-0.04633965715765953,0.4620791971683502,144,64
0.005070686340332031,positive,10.0,10.0,0.09007038176059723,-0.1981363743543625,-0.037098076194524765,0.15515761077404022,144,65
0.005133390426635742,positive,10.0,10.0,0.08610765635967255,-0.39270806312561035,-0.033994920551776886,0.4359099864959717,144,66
0.005362272262573242,positive,10.0,10.0,0.06647360324859619,-0.19643759727478027,-0.014276372268795967,0.11758188158273697,144,69
0.0054264068603515625,positive,10.0,10.0,0.06254485249519348,-0.391352117061615,-0.011924734339118004,0.40572676062583923,144,70
0.005490541458129883,positive,10.0,10.0,0.054717808961868286,-0.1960631161928177,-0.003810199210420251,0.10930828750133514,144,71
0.005887269973754883,positive,10.0,10.0,0.027306297793984413,-0.39155420660972595,0.018835391849279404,0.4101778268814087,144,76
0.006038188934326172,positive,10.0,10.0,0.015541128814220428,-0.3922029733657837,0.029508790001273155,0.4245814085006714,144,78
0.006268024444580078,positive,10.0,10.0,-0.0041162786073982716,-0.19863490760326385,0.04974272847175598,0.16623139381408691,144,81
0.006415605545043945,positive,10.0,10.0,-0.01597762294113636,-0.20009836554527283,0.06255100667476654,0.19868646562099457,144,83
0.00656890869140625,positive,10.0,10.0,-0.02009807527065277,-0.20193372666835785,0.06505219638347626,0.23928062617778778,144,85
0.006796121597290039,positive,10.0,10.0,-0.03617211803793907,-0.009965714998543262,0.08651016652584076,0.015745151787996292,144,88
0.006861209869384766,positive,10.0,10.0,-0.03637143224477768,0.18381589651107788,0.08682506531476974,-0.24843798577785492,144,89
0.006924867630004883,positive,10.0,10.0,-0.032695114612579346,0.37759751081466675,0.08185631036758423,-0.5125209093093872,144,90
0.007071495056152344,positive,10.0,10.0,-0.021514687687158585,0.37545228004455566,0.06770175695419312,-0.4644695222377777,144,92
0.0071353912353515625,positive,10.0,10.0,-0.01400564145296812,0.17944222688674927,0.05841236189007759,-0.15123888850212097,144,93
0.0072021484375,positive,10.0,10.0,-0.010416797362267971,-0.016465378925204277,0.05538758635520935,0.1592848151922226,144,94
0.007348537445068359,positive,10.0,10.0,-0.014992799609899521,-0.018087057396769524,0.06795156002044678,0.19525279104709625,144,96
0.0074138641357421875,positive,10.0,10.0,-0.015354541130363941,-0.21411187946796417,0.07185661792755127,0.5085738301277161,144,97
0.007477760314941406,positive,10.0,10.0,-0.01963677816092968,-0.020071985200047493,0.0820280909538269,0.23937274515628815,144,98
0.007623434066772461,positive,10.0,10.0,-0.016562454402446747,0.36756476759910583,0.08628853410482407,-0.290429025888443,144,100
0.007929325103759766,positive,10.0,10.0,0.012701122090220451,0.753051221370697,0.06619933247566223,-0.7718331217765808,144,104
0.008153676986694336,positive,10.0,10.0,0.06173510104417801,0.946141242980957,0.015207232907414436,-1.0179214477539062,144,107
0.008542537689208984,positive,10.0,10.0,0.14855384826660156,0.752449095249176,-0.07508943974971771,-0.7581697702407837,144,112
0.009837627410888672,positive,10.0,10.0,0.17451119422912598,-0.7835914492607117,-0.0710599347949028,1.0386149883270264,144,128
0.009984493255615234,positive,10.0,10.0,0.14708735048770905,-0.3918208181858063,-0.03579769283533096,0.4164198338985443,144,130
0.010052680969238281,positive,10.0,10.0,0.13925093412399292,-0.19621030986309052,-0.027469297870993614,0.11266977339982986,144,131
0.010117530822753906,positive,10.0,10.0,0.13532672822475433,-0.0007057435577735305,-0.02521590143442154,-0.1885514110326767,144,132
0.010181903839111328,positive,10.0,10.0,0.13531261682510376,-0.19545802474021912,-0.02898693084716797,0.09607146680355072,144,133
0.010570049285888672,positive,10.0,10.0,0.11583956331014633,-0.3889179527759552,-0.020984375849366188,0.3521538972854614,144,138
0.010796785354614258,positive,10.0,10.0,0.09642265737056732,-0.19312041997909546,-0.006059119012206793,0.044463057070970535,144,141
0.010942697525024414,positive,10.0,10.0,0.08479715138673782,-0.19295983016490936,0.001534704933874309,0.04091939702630043,144,143
0.011087417602539062,positive,10.0,10.0,0.07317587733268738,-0.19301536679267883,0.009034816175699234,0.042146191000938416,144,145
0.011153221130371094,positive,10.0,10.0,0.06931557506322861,-0.3882656991481781,0.00987773947417736,0.33766594529151917,144,146
0.011461019515991211,positive,10.0,10.0,0.04603620618581772,0.0009872590890154243,0.025691576302051544,-0.22593508660793304,144,150
0.01152491569519043,positive,10.0,10.0,0.046055953949689865,-0.19449226558208466,0.02117287367582321,0.07473993301391602,144,151
0.011673688888549805,positive,10.0,10.0,0.0343678817152977,-0.1951185017824173,0.030148213729262352,0.08857674151659012,144,153
0.011738061904907227,positive,10.0,10.0,0.030465511605143547,-0.3906593322753906,0.031919751316308975,0.39061692357063293,144,154
0.011801958084106445,positive,10.0,10.0,0.02265232428908348,-0.19600459933280945,0.03973208740353584,0.10816638171672821,144,155
0.011951208114624023,positive,10.0,10.0,0.010898778215050697,-0.19716890156269073,0.05015771836042404,0.13392901420593262,144,157
0.012096881866455078,positive,10.0,10.0,-0.0009040418080985546,-0.19863608479499817,0.06167639046907425,0.16643403470516205,144,159
0.0121612548828125,positive,10.0,10.0,-0.0048767635598778725,-0.39458417892456055,0.06500507146120071,0.47791868448257446,144,160
0.012387752532958984,positive,10.0,10.0,-0.01690632291138172,0.1874542087316513,0.07745467871427536,-0.3287043571472168,144,163
0.012693405151367188,positive,10.0,10.0,-0.017639607191085815,0.18324850499629974,0.07729755342006683,-0.2356029897928238,144,167
0.012762069702148438,positive,10.0,10.0,-0.013974635861814022,0.3771858811378479,0.07258549332618713,-0.5029375553131104,144,168
0.012908697128295898,positive,10.0,10.0,0.004993355832993984,0.7654221057891846,0.04708890989422798,-1.0442639589309692,144,170
0.013053417205810547,positive,10.0,10.0,0.03169595077633858,0.7644580602645874,0.01146005466580391,-1.021501064300537,144,172
0.013117790222167969,positive,10.0,10.0,0.04698511213064194,0.5691853165626526,-0.008969966322183609,-0.725242018699646,144,173
0.01334524154663086,positive,10.0,10.0,0.08505000174045563,0.7653286457061768,-0.05859977751970291,-1.0416804552078247,144,176
0.029664039611816406,negative,10.0,-10.0,0.146394282579422,0.38041141629219055,-0.1447417140007019,-0.5781148672103882,144,180
0.02989649772644043,negative,10.0,-10.0,0.15765398740768433,-0.19746547937393188,-0.16488410532474518,0.14244875311851501,144,183
0.029962539672851562,negative,10.0,-10.0,0.1537046730518341,-0.00041317002614960074,-0.16203512251377106,-0.19737745821475983,144,184
0.03050971031188965,positive,10.0,10.0,0.07278875261545181,-1.3496294021606445,-0.08970630913972855,1.4955264329910278,144,191
0.030572891235351562,positive,10.0,10.0,0.04579615965485573,-1.153538465499878,-0.05979577824473381,1.176234483718872,144,192
0.03063488006591797,positive,10.0,10.0,0.022725392132997513,-0.9576928615570068,-0.03627108782529831,0.8654215931892395,144,193
0.030864477157592773,positive,10.0,10.0,-0.030809340998530388,-0.7617207169532776,0.009232668206095695,0.5531034469604492,144,196
0.030928611755371094,positive,10.0,10.0,-0.0460437536239624,-0.5667296051979065,0.020294737070798874,0.2633436620235443,144,197
0.0002257823944091797,positive,10.0,10.0,0.03288350999355316,-0.014918678440153599,0.019503045827150345,-0.00432561244815588,145,0
0.00033164024353027344,positive,10.0,10.0,0.03258513659238815,-0.2103148251771927,0.019416533410549164,0.2944464087486267,145,1
0.0006728172302246094,positive,10.0,10.0,0.023526320233941078,-0.21176151931285858,0.032113898545503616,0.3264574706554413,145,5
0.0007376670837402344,positive,10.0,10.0,0.019291089847683907,-0.017111152410507202,0.03864304721355438,0.044072333723306656,145,6
0.0009717941284179688,positive,10.0,10.0,0.014329017139971256,0.17619839310646057,0.047872960567474365,-0.2089269608259201,145,9
0.0011200904846191406,positive,10.0,10.0,0.01746150106191635,-0.21529430150985718,0.04566371813416481,0.40460675954818726,145,11
0.0011856555938720703,positive,10.0,10.0,0.013155614025890827,-0.020848676562309265,0.053755853325128555,0.12666283547878265,145,12
0.0014889240264892578,positive,10.0,10.0,0.0035882527008652687,-0.024310143664479256,0.07771003246307373,0.203428715467453,145,16
0.0016369819641113281,positive,10.0,10.0,0.006494438275694847,-0.026574010029435158,0.08050332963466644,0.25355878472328186,145,18
0.001708984375,positive,10.0,10.0,0.0059629580937325954,0.1673116832971573,0.08557450026273727,-0.012685466557741165,145,19
0.0019431114196777344,positive,10.0,10.0,0.02762969583272934,0.7488318085670471,0.06894122064113617,-0.8083076477050781,145,22
0.002170562744140625,positive,10.0,10.0,0.08421185612678528,0.9418320655822754,0.00412045419216156,-1.0519191026687622,145,25
0.002473115921020508,positive,10.0,10.0,0.15176822245121002,0.9431360363960266,-0.06866410374641418,-1.0823936462402344,145,29
0.0033371448516845703,positive,10.0,10.0,0.19315335154533386,-0.015329590998589993,-0.09214293211698532,0.004801829811185598,145,40
0.0034012794494628906,positive,10.0,10.0,0.19284676015377045,-0.2090175598859787,-0.09204689413309097,0.2670496106147766,145,41
0.0036237239837646484,positive,10.0,10.0,0.1764824241399765,-0.40044137835502625,-0.07190621644258499,0.478378027677536,145,44
0.0037674903869628906,positive,10.0,10.0,0.16438595950603485,-0.3985585570335388,-0.05906013026833534,0.4363100826740265,145,46
0.003911495208740234,positive,10.0,10.0,0.15236175060272217,-0.39701855182647705,-0.047821734100580215,0.4019976854324341,145,48
0.004137516021728516,positive,10.0,10.0,0.1324806958436966,-0.20014283061027527,-0.030399177223443985,0.0701158344745636,145,51
0.0042803287506103516,positive,10.0,10.0,0.12058151513338089,-0.1992940455675125,-0.02193576470017433,0.05137116461992264,145,53
0.004424333572387695,positive,10.0,10.0,0.10871373862028122,-0.1986815631389618,-0.014167276211082935,0.0378509946167469,145,55
0.00472569465637207,positive,10.0,10.0,0.08503621816635132,-0.19809849560260773,8.633698598714545e-05,0.024985063821077347,145,59
0.004788875579833984,positive,10.0,10.0,0.08107425272464752,-0.3932216763496399,0.0005860382807441056,0.3176952302455902,145,60
0.004960060119628906,positive,10.0,10.0,0.06924765557050705,-0.39332887530326843,0.007443886250257492,0.3200616240501404,145,62
0.0050237178802490234,positive,10.0,10.0,0.061381079256534576,-0.19831372797489166,0.013845118694007397,0.029735486954450607,145,63
0.005086660385131836,positive,10.0,10.0,0.05741480365395546,-0.3936314582824707,0.01443982869386673,0.3267543315887451,145,64
0.005231142044067383,positive,10.0,10.0,0.04556781426072121,-0.39413440227508545,0.02174811251461506,0.3378860652446747,145,66
0.005295515060424805,positive,10.0,10.0,0.037685126066207886,-0.19932855665683746,0.028505833819508553,0.052139874547719955,145,67
0.0053594112396240234,positive,10.0,10.0,0.03369855508208275,-0.39484739303588867,0.029548631981015205,0.3536785840988159,145,68
0.00542449951171875,positive,10.0,10.0,0.025801606476306915,-0.20015780627727509,0.03662220388650894,0.07045769691467285,145,69
0.005570888519287109,positive,10.0,10.0,0.01388274785131216,-0.2012234628200531,0.045520685613155365,0.0940135046839714,145,71
0.005891323089599609,positive,10.0,10.0,-0.010100418701767921,-0.20416221022605896,0.0665411427617073,0.1590825319290161,145,75
0.00603795051574707,positive,10.0,10.0,-0.02218707464635372,-0.20609910786151886,0.07916265726089478,0.2020750641822815,145,77
0.006266593933105469,positive,10.0,10.0,-0.02292005717754364,-0.014543392695486546,0.07531291991472244,-0.012590006925165653,145,80
0.006418466567993164,positive,10.0,10.0,-0.019622480496764183,0.3733976483345032,0.06944926828145981,-0.5486891865730286,145,82
0.006722211837768555,positive,10.0,10.0,-0.013265449553728104,-0.020088983699679375,0.06298262625932693,0.10998295992612839,145,86
0.006787300109863281,positive,10.0,10.0,-0.013667229562997818,-0.2160542607307434,0.06518228352069855,0.421852707862854,145,87
0.006852388381958008,positive,10.0,10.0,-0.017988314852118492,-0.0219134371727705,0.07361933588981628,0.15040990710258484,145,88
0.006919145584106445,positive,10.0,10.0,-0.01842658407986164,0.1720813512802124,0.07662753760814667,-0.11816952377557755,145,89
0.007146120071411133,positive,10.0,10.0,-0.004265762399882078,-0.026076622307300568,0.06513791531324387,0.24233072996139526,145,92
0.007531166076660156,positive,10.0,10.0,-0.007078101858496666,0.16341321170330048,0.09391352534294128,0.0737176313996315,145,97
0.0076792240142822266,positive,10.0,10.0,0.003331604413688183,0.550709068775177,0.09162946790456772,-0.44905415177345276,145,99
0.007748126983642578,positive,10.0,10.0,0.014345785602927208,0.7444236278533936,0.0826483815908432,-0.7115055918693542,145,100
0.007894039154052734,positive,10.0,10.0,0.04800045117735863,0.7423403263092041,0.04887685179710388,-0.6637054085731506,145,102
0.007958173751831055,positive,10.0,10.0,0.06284725666046143,0.9367494583129883,0.035602740943431854,-0.9406068325042725,145,103
0.008021354675292969,positive,10.0,10.0,0.08158224821090698,0.7411661744117737,0.01679060608148575,-0.636952817440033,145,104
0.008084297180175781,positive,10.0,10.0,0.09640557318925858,0.9360499978065491,0.004051548428833485,-0.9243011474609375,145,105
0.008147478103637695,positive,10.0,10.0,0.11512657254934311,0.7408735752105713,-0.014434474520385265,-0.630347728729248,145,106
0.008210182189941406,positive,10.0,10.0,0.12994404137134552,0.9361939430236816,-0.02704142965376377,-0.9275413751602173,145,107
0.00835871696472168,positive,10.0,10.0,0.16349686682224274,0.9371740818023682,-0.058461807668209076,-0.9501619935035706,145,109
0.008504867553710938,positive,10.0,10.0,0.19709806144237518,0.548920750617981,-0.09099315106868744,-0.4090823233127594,145,111
0.008810281753540039,positive,10.0,10.0,0.21777507662773132,0.164492666721344,-0.09239082038402557,0.04979228228330612,145,115
0.008955001831054688,positive,10.0,10.0,0.22048111259937286,0.16710570454597473,-0.08515587449073792,-0.008094471879303455,145,117
0.009022235870361328,positive,10.0,10.0,0.22382321953773499,-0.02669830434024334,-0.08531776070594788,0.2565525770187378,145,118
0.009086370468139648,positive,10.0,10.0,0.22328925132751465,0.16953156888484955,-0.08018670976161957,-0.0617746040225029,145,119
0.009150028228759766,positive,10.0,10.0,0.22667989134788513,-0.024354588240385056,-0.08142220228910446,0.2045704871416092,145,120
0.00921320915222168,positive,10.0,10.0,0.22619280219078064,-0.2182234674692154,-0.07733079791069031,0.4704986810684204,145,121
0.00927734375,positive,10.0,10.0,0.22182832658290863,-0.022099222987890244,-0.06792081892490387,0.15447892248630524,145,122
0.009503841400146484,positive,10.0,10.0,0.21665844321250916,-0.21448014676570892,-0.05407976359128952,0.3869812488555908,145,125
0.009567737579345703,positive,10.0,10.0,0.21236884593963623,-0.0186338908970356,-0.04634014144539833,0.07774963974952698,145,126
0.009630680084228516,positive,10.0,10.0,0.2119961678981781,-0.21306195855140686,-0.04478514567017555,0.3554595112800598,145,127
0.009950876235961914,positive,10.0,10.0,0.20282496511936188,0.17927022278308868,-0.02959413081407547,-0.27649325132369995,145,131
0.010095834732055664,positive,10.0,10.0,0.20610202848911285,-0.2100183516740799,-0.03498978167772293,0.2881079912185669,145,133
0.010241508483886719,positive,10.0,10.0,0.20161335170269012,-0.2091062217950821,-0.029535656794905663,0.26791805028915405,145,135
0.01030588150024414,positive,10.0,10.0,0.19743122160434723,-0.40379446744918823,-0.024177296087145805,0.5511408448219299,145,136
0.010532140731811523,positive,10.0,10.0,0.1771230399608612,-0.20803773403167725,0.0026532006449997425,0.24420921504497528,145,139
0.010682821273803711,positive,10.0,10.0,0.1648983359336853,-0.20818231999874115,0.018291940912604332,0.24742935597896576,145,141
0.010749578475952148,positive,10.0,10.0,0.16073469817638397,-0.40356066823005676,0.023240529000759125,0.5458253622055054,145,142
0.010979413986206055,positive,10.0,10.0,0.1404007226228714,-0.20981723070144653,0.05064437910914421,0.28378766775131226,145,145
0.011124610900878906,positive,10.0,10.0,0.12809190154075623,-0.21133340895175934,0.06816020607948303,0.31757989525794983,145,147
0.011513471603393555,positive,10.0,10.0,0.12235847115516663,-0.02142912521958351,0.08109142631292343,0.13975928723812103,145,152
0.011577367782592773,positive,10.0,10.0,0.12192989140748978,0.1724434196949005,0.08388660848140717,-0.12627913057804108,145,153
0.012198448181152344,positive,10.0,10.0,0.1411118507385254,0.16397587954998016,0.08878261595964432,0.061199311167001724,145,161
0.012341737747192383,positive,10.0,10.0,0.15154576301574707,0.5514472723007202,0.08596251159906387,-0.4651928246021271,145,163
0.012407779693603516,positive,10.0,10.0,0.16257470846176147,0.7452560067176819,0.07665865123271942,-0.729590654373169,145,164
0.012471199035644531,positive,10.0,10.0,0.1774798333644867,0.9392394423484802,0.06206684187054634,-0.9971956014633179,145,165
0.012536048889160156,positive,10.0,10.0,0.1962646245956421,0.7433449625968933,0.04212293028831482,-0.6856837868690491,145,166
0.012760400772094727,positive,10.0,10.0,0.244735985994339,0.9373597502708435,-0.004153871908783913,-0.9531424641609192,145,169
0.013147592544555664,positive,10.0,10.0,0.3151143193244934,0.7445279359817505,-0.0656287744641304,-0.7121856808662415,145,174
0.01321268081665039,positive,10.0,10.0,0.33000490069389343,0.5503731369972229,-0.0798724889755249,-0.44086146354675293,145,175
0.013360261917114258,positive,10.0,10.0,0.34814170002937317,0.16271895170211792,-0.09217745810747147,0.08905214816331863,145,177
0.013424873352050781,positive,10.0,10.0,0.3513960838317871,-0.030969155952334404,-0.09039641171693802,0.3512890934944153,145,178
0.013743877410888672,positive,10.0,10.0,0.3334605395793915,-0.02671903744339943,-0.04219239577651024,0.2562541365623474,145,182
0.014047622680664062,positive,10.0,10.0,0.32358354330062866,-0.02490529976785183,-0.011427227407693863,0.21600790321826935,145,186
0.01411128044128418,positive,10.0,10.0,0.3230854272842407,-0.21986204385757446,-0.0071070692501962185,0.5050643682479858,145,187
0.014174699783325195,positive,10.0,10.0,0.31868818402290344,-0.024640657007694244,0.002994218608364463,0.21015025675296783,145,188
0.014324665069580078,positive,10.0,10.0,0.31379926204681396,-0.024785513058304787,0.017272748053073883,0.21337006986141205,145,190
0.014471054077148438,positive,10.0,10.0,0.3089005649089813,-0.025338085368275642,0.031769171357154846,0.22563324868679047,145,192
0.014696598052978516,positive,10.0,10.0,0.30344969034194946,-0.22206471860408783,0.05178780108690262,0.554215669631958,145,195
0.014760732650756836,positive,10.0,10.0,0.29900839924812317,-0.027706747874617577,0.06287211179733276,0.2782883942127228,145,196
0.0005097389221191406,positive,10.0,10.0,-0.004609376657754183,-0.1553998738527298,0.019585464149713516,0.28389161825180054,146,3
0.0005779266357421875,positive,10.0,10.0,-0.007717374246567488,-0.3507956266403198,0.02526329644024372,0.5826867818832397,146,4
0.0006427764892578125,positive,10.0,10.0,-0.014733286574482918,-0.15603654086589813,0.036917030811309814,0.29806801676750183,146,5
0.0007073879241943359,positive,10.0,10.0,-0.01785401813685894,0.038540247827768326,0.042878393083810806,0.01725282333791256,146,6
0.0007715225219726562,positive,10.0,10.0,-0.017083212733268738,-0.15716956555843353,0.04322344809770584,0.323150098323822,146,7
0.0008351802825927734,positive,10.0,10.0,-0.020226603373885155,0.03731110319495201,0.04968645051121712,0.04440530017018318,146,8
0.0009810924530029297,positive,10.0,10.0,-0.022650117054581642,0.035880833864212036,0.05762138590216637,0.07602541893720627,146,10
0.00121307373046875,positive,10.0,10.0,-0.024448519572615623,-0.16179631650447845,0.06912527233362198,0.425859272480011,146,13
0.001277923583984375,positive,10.0,10.0,-0.027684446424245834,0.03228190168738365,0.07764246314764023,0.15574383735656738,146,14
0.001341104507446289,positive,10.0,10.0,-0.027038807049393654,0.226211279630661,0.08075733482837677,-0.11146990954875946,146,15
0.0014858245849609375,positive,10.0,10.0,-0.014112806878983974,0.22394444048404694,0.07097551226615906,-0.06124820187687874,146,17
0.0016412734985351562,positive,10.0,10.0,-0.009076309390366077,-0.16816458106040955,0.07480967789888382,0.5667991638183594,146,19
0.0017054080963134766,positive,10.0,10.0,-0.012439601123332977,-0.36425185203552246,0.08614566177129745,0.8820809125900269,146,20
0.0020143985748291016,negative,10.0,-10.0,-0.03393722325563431,0.019591592252254486,0.14870616793632507,0.4397777318954468,146,24
0.002242565155029297,negative,10.0,-10.0,-0.028991829603910446,0.20787501335144043,0.17215709388256073,0.2975749969482422,146,27
0.002593994140625,negative,10.0,-10.0,0.010706824250519276,0.5873953104019165,0.16804538667201996,-0.0564318411052227,146,31
0.002830982208251953,negative,10.0,-10.0,0.04970390349626541,0.7751890420913696,0.1620536893606186,-0.18925544619560242,146,34
0.0033020973205566406,positive,10.0,10.0,0.2005346417427063,1.9332480430603027,0.06701535731554031,-1.669442057609558,146,40
0.003367185592651367,positive,10.0,10.0,0.23919960856437683,1.7374142408370972,0.03362651541829109,-1.3566628694534302,146,41
0.0035114288330078125,positive,10.0,10.0,0.3047856390476227,1.3466795682907104,-0.014579810202121735,-0.7589393854141235,146,43
0.003746509552001953,positive,10.0,10.0,0.3817002773284912,1.1527291536331177,-0.054632026702165604,-0.4926879405975342,146,46
0.003813505172729492,positive,10.0,10.0,0.4047548472881317,0.9584186673164368,-0.06448578834533691,-0.21771082282066345,146,47
0.004037618637084961,positive,10.0,10.0,0.4584150016307831,1.156333565711975,-0.07295352220535278,-0.5728923678398132,146,50
0.004121303558349609,positive,10.0,10.0,0.4815416634082794,0.9623062610626221,-0.0844113677740097,-0.304054856300354,146,51
0.004187583923339844,positive,10.0,10.0,0.5007877945899963,0.7684823274612427,-0.09049246460199356,-0.03914165496826172,146,52
0.004252195358276367,positive,10.0,10.0,0.5161574482917786,0.9647775888442993,-0.09127529710531235,-0.3589482605457306,146,53
0.004803895950317383,negative,10.0,-10.0,0.6635278463363647,0.7815809845924377,-0.17258454859256744,-0.33263251185417175,146,60
0.004870414733886719,negative,10.0,-10.0,0.6791594624519348,0.5892816781997681,-0.17923718690872192,-0.09895707666873932,146,61
0.00022363662719726562,positive,10.0,10.0,0.030562035739421844,0.02988925389945507,0.0359145887196064,-0.02350088581442833,147,0
0.0007486343383789062,positive,10.0,10.0,0.014464634470641613,0.02583272196352482,0.06618630886077881,0.06613760441541672,147,6
0.0009882450103759766,positive,10.0,10.0,0.012056413106620312,0.21789899468421936,0.0772537887096405,-0.15979018807411194,147,9
0.0010554790496826172,positive,10.0,10.0,0.016414392739534378,0.021760912612080574,0.07405798882246017,0.15622946619987488,147,10
0.0012819766998291016,positive,10.0,10.0,0.029358278959989548,0.21358300745487213,0.06734714657068253,-0.06423196941614151,147,13
0.0014386177062988281,positive,10.0,10.0,0.03398120775818825,-0.17843680083751678,0.07104082405567169,0.5616832375526428,147,15
0.0015902519226074219,positive,10.0,10.0,0.030724871903657913,-0.1805727183818817,0.08811850100755692,0.6096556782722473,147,17
0.002057313919067383,positive,10.0,10.0,0.06713182479143143,0.9807502627372742,0.08332332223653793,-0.9451686143875122,147,23
0.0021991729736328125,positive,10.0,10.0,0.11023996770381927,0.9787651896476746,0.04020893573760986,-0.8983963131904602,147,25
0.002260923385620117,positive,10.0,10.0,0.1298152655363083,0.7831220030784607,0.022241009399294853,-0.5933504700660706,147,26
0.002401113510131836,positive,10.0,10.0,0.16503623127937317,0.7826642990112305,-0.007204907946288586,-0.5830191969871521,147,28
0.0024709701538085938,positive,10.0,10.0,0.1806895136833191,0.977886438369751,-0.01886529102921486,-0.8779630661010742,147,29
0.0025327205657958984,positive,10.0,10.0,0.20024724304676056,0.783025860786438,-0.03642455115914345,-0.5912702679634094,147,30
0.0025930404663085938,positive,10.0,10.0,0.2159077525138855,0.9786383509635925,-0.04824995622038841,-0.895200788974762,147,31
0.002655506134033203,positive,10.0,10.0,0.23548051714897156,0.7842026948928833,-0.06615397334098816,-0.6180667281150818,147,32
0.0027191638946533203,positive,10.0,10.0,0.25116458535194397,0.9801833033561707,-0.07851530611515045,-0.9308297038078308,147,33
0.0035238265991210938,positive,10.0,10.0,0.312038391828537,-0.17460183799266815,-0.09068503230810165,0.47806334495544434,147,43
0.003596067428588867,positive,10.0,10.0,0.30854636430740356,0.021675577387213707,-0.08112376928329468,0.15823215246200562,147,44
0.0037589073181152344,positive,10.0,10.0,0.3055359423160553,0.02393788844347,-0.06947392225265503,0.10805485397577286,147,46
0.0038340091705322266,positive,10.0,10.0,0.30601468682289124,-0.17012327909469604,-0.0673128217458725,0.3780354857444763,147,47
0.003897428512573242,positive,10.0,10.0,0.30261221528053284,-0.36422789096832275,-0.05975211411714554,0.6487579941749573,147,48
0.003961086273193359,positive,10.0,10.0,0.29532766342163086,-0.558468759059906,-0.04677695408463478,0.922042727470398,147,49
0.004024982452392578,positive,10.0,10.0,0.28415828943252563,-0.36274707317352295,-0.02833610028028488,0.6150338649749756,147,50
0.004476785659790039,positive,10.0,10.0,0.26801690459251404,0.02847316861152649,0.002886960981413722,0.007760999724268913,147,56
0.004698753356933594,positive,10.0,10.0,0.26582032442092896,-0.16686244308948517,0.009261878207325935,0.3051619827747345,147,59
0.004758358001708984,positive,10.0,10.0,0.2624830901622772,0.02812630496919155,0.01536511816084385,0.015414368361234665,147,60
0.00490117073059082,positive,10.0,10.0,0.25970134139060974,0.027682611718773842,0.021931510418653488,0.02520618960261345,147,62
0.00496983528137207,positive,10.0,10.0,0.26025500893592834,-0.1677468717098236,0.022435635328292847,0.32472726702690125,147,63
0.0050432682037353516,positive,10.0,10.0,0.2569000720977783,0.02704855427145958,0.0289301797747612,0.039203181862831116,147,64
0.0053369998931884766,positive,10.0,10.0,0.2512074410915375,0.025151200592517853,0.04491950571537018,0.08112074434757233,147,68
0.005407094955444336,positive,10.0,10.0,0.251710444688797,0.21960140764713287,0.04654192179441452,-0.19705845415592194,147,69
0.005471229553222656,positive,10.0,10.0,0.25610247254371643,0.02384570613503456,0.04260075092315674,0.10993551462888718,147,70
0.005613803863525391,positive,10.0,10.0,0.25314220786094666,0.022599346935749054,0.05311443284153938,0.13751883804798126,147,72
0.005753278732299805,positive,10.0,10.0,0.2501293420791626,0.021047428250312805,0.06479429453611374,0.1719111055135727,147,74
0.0061244964599609375,positive,10.0,10.0,0.25983503460884094,0.2107582986354828,0.07475396245718002,-0.0017671455862000585,147,79
0.006266117095947266,positive,10.0,10.0,0.2721448838710785,0.5987135767936707,0.06931943446397781,-0.5381715893745422,147,81
0.006407737731933594,positive,10.0,10.0,0.29997506737709045,0.5969225764274597,0.042391352355480194,-0.49772024154663086,147,83
0.006623268127441406,positive,10.0,10.0,0.34746360778808594,0.7907414436340332,-0.004279037471860647,-0.7611116170883179,147,86
0.0066835880279541016,positive,10.0,10.0,0.36327844858169556,0.5956786870956421,-0.019501270726323128,-0.46977823972702026,147,87
0.0067441463470458984,positive,10.0,10.0,0.3751920163631439,0.40083757042884827,-0.028896834701299667,-0.18330514430999756,147,88
0.0068814754486083984,positive,10.0,10.0,0.3951359987258911,0.40171316266059875,-0.04226217791438103,-0.20271717011928558,147,90
0.0069408416748046875,positive,10.0,10.0,0.40317025780677795,0.5974132418632507,-0.04631652310490608,-0.5084265470504761,147,91
0.007077693939208984,positive,10.0,10.0,0.4231779873371124,0.5988551378250122,-0.061098888516426086,-0.5406435132026672,147,93
0.0072154998779296875,positive,10.0,10.0,0.4432479441165924,0.21061688661575317,-0.07726816833019257,0.00134232547134161,147,95
0.007431983947753906,positive,10.0,10.0,0.44424882531166077,-0.37129804491996765,-0.06114698573946953,0.8052365183830261,147,98
0.007723808288574219,positive,10.0,10.0,0.4146284759044647,-0.3690953850746155,0.0013499908382073045,0.7547251582145691,147,102
0.007860422134399414,positive,10.0,10.0,0.39596185088157654,-0.36933600902557373,0.037401143461465836,0.7603566646575928,147,104
0.007999897003173828,positive,10.0,10.0,0.37727606296539307,-0.3705650866031647,0.07389967888593674,0.7888515591621399,147,106
0.00861215591430664,positive,10.0,10.0,0.42646169662475586,1.179154872894287,0.053262859582901,-1.3091163635253906,147,114
0.008901357650756836,positive,10.0,10.0,0.49732547998428345,0.3976842164993286,-0.014993835240602493,-0.11378690600395203,147,118
0.00942683219909668,positive,10.0,10.0,0.5648434162139893,0.5957649946212769,-0.05147277191281319,-0.47225135564804077,147,125
0.009491205215454102,positive,10.0,10.0,0.5767587423324585,0.4014064073562622,-0.060917798429727554,-0.1962258666753769,147,126
0.009555339813232422,positive,10.0,10.0,0.5847868323326111,0.5973443984985352,-0.06484231352806091,-0.5074864625930786,147,127
0.00969243049621582,positive,10.0,10.0,0.6047976016998291,0.20921827852725983,-0.07971048355102539,0.032195642590522766,147,129
0.009903192520141602,positive,10.0,10.0,0.6057167649269104,-0.37261107563972473,-0.06178373098373413,0.8342288732528687,147,132
0.009964466094970703,positive,10.0,10.0,0.5982645153999329,-0.566836953163147,-0.04509915038943291,1.1068589687347412,147,133
0.010419130325317383,positive,10.0,10.0,0.5576316118240356,-0.17682310938835144,0.04503596946597099,0.5252150297164917,147,139
0.010478734970092773,positive,10.0,10.0,0.5540951490402222,-0.372548907995224,0.05554026737809181,0.8317421674728394,147,140
0.010540485382080078,positive,10.0,10.0,0.5466441512107849,-0.5683841705322266,0.07217511534690857,1.1413625478744507,147,141
0.010765552520751953,negative,10.0,-10.0,0.5007786154747009,-1.1568048000335693,0.1596492975950241,2.105123281478882,147,144
0.010828971862792969,negative,10.0,-10.0,0.4776425063610077,-1.3531272411346436,0.20175175368785858,2.4425997734069824,147,145
0.0004425048828125,positive,10.0,10.0,0.033744119107723236,0.049599867314100266,0.009997382760047913,0.017522713169455528,148,2
0.0006821155548095703,positive,10.0,10.0,0.03280901536345482,-0.14604723453521729,0.01709352619946003,0.32181981205940247,148,5
0.0008287429809570312,positive,10.0,10.0,0.030864616855978966,-0.1466241478919983,0.024221446365118027,0.3345891535282135,148,7
0.0008938312530517578,positive,10.0,10.0,0.02793213352560997,0.04814485087990761,0.030913230031728745,0.049641769379377365,148,8
0.00112152099609375,positive,10.0,10.0,0.026891853660345078,-0.1484103947877884,0.04033361375331879,0.3741731643676758,148,11
0.0012688636779785156,positive,10.0,10.0,0.024845968931913376,-0.14965742826461792,0.0497065894305706,0.401853084564209,148,13
0.0014252662658691406,positive,10.0,10.0,0.022747330367565155,-0.15117406845092773,0.06024857982993126,0.4355733394622803,148,15
0.0014917850494384766,positive,10.0,10.0,0.01972384937107563,0.04304554685950279,0.0689600482583046,0.1624748706817627,148,16
0.001718759536743164,positive,10.0,10.0,0.018345706164836884,0.2349035143852234,0.0858716145157814,-0.05881018936634064,148,19
0.0017833709716796875,positive,10.0,10.0,0.02304377593100071,0.4286959767341614,0.08469541370868683,-0.32321253418922424,148,20
0.0020864009857177734,positive,10.0,10.0,0.08060956001281738,0.8148837685585022,0.02684609219431877,-0.8183931708335876,148,24
0.0021505355834960938,positive,10.0,10.0,0.09690723568201065,1.009628176689148,0.010478228330612183,-1.1025127172470093,148,25
0.0022203922271728516,positive,10.0,10.0,0.11709979921579361,0.8143699169158936,-0.011572024784982204,-0.8065608739852905,148,26
0.002373933792114258,positive,10.0,10.0,0.1535801738500595,0.8149017691612244,-0.04976046830415726,-0.8189969658851624,148,28
0.0025234222412109375,positive,10.0,10.0,0.1900915652513504,0.8164722323417664,-0.08867853879928589,-0.8556807041168213,148,30
0.0029137134552001953,negative,10.0,-10.0,0.2876265347003937,0.6306610107421875,-0.20445133745670319,-0.7805981040000916,148,35
0.00040030479431152344,positive,10.0,10.0,0.02958395890891552,0.019233187660574913,0.034209299832582474,-0.019144948571920395,149,0
0.0005548000335693359,positive,10.0,10.0,0.02996862307190895,-0.17636223137378693,0.03382640331983566,0.28413209319114685,149,1
0.0007719993591308594,positive,10.0,10.0,0.019002379849553108,-0.17740289866924286,0.051254820078611374,0.30730870366096497,149,3
0.0010080337524414062,positive,10.0,10.0,0.01221450511366129,0.015306975692510605,0.06485435366630554,0.06761201471090317,149,6
0.0010764598846435547,positive,10.0,10.0,0.012520644813776016,-0.1806819587945938,0.06620659679174423,0.38003116846084595,149,7
0.0012290477752685547,positive,10.0,10.0,0.009175813756883144,0.2074313759803772,0.07598593831062317,-0.15957851707935333,149,9
0.0014679431915283203,positive,10.0,10.0,0.02545848861336708,0.009333563968539238,0.06199442967772484,0.199599027633667,149,12
0.0017848014831542969,positive,10.0,10.0,0.026092534884810448,0.39534327387809753,0.08045566827058792,-0.29377275705337524,149,16
0.0018520355224609375,positive,10.0,10.0,0.033999402076005936,0.19917191565036774,0.07458021491765976,0.02316085621714592,149,17
0.018364667892456055,positive,10.0,10.0,0.037982840090990067,0.3931494951248169,0.07504343241453171,-0.24509039521217346,149,18
0.018452167510986328,positive,10.0,10.0,0.04584582895040512,0.5871238708496094,0.07014162838459015,-0.5131909847259521,149,19
0.01852869987487793,positive,10.0,10.0,0.057588305324316025,0.7811914086341858,0.05987780541181564,-0.7829717993736267,149,20
0.018594980239868164,positive,10.0,10.0,0.07321213185787201,0.975441575050354,0.04421836882829666,-1.0562312602996826,149,21
0.0186769962310791,positive,10.0,10.0,0.09272096306085587,0.7797623872756958,0.02309374324977398,-0.750003457069397,149,22
0.018741130828857422,positive,10.0,10.0,0.10831621289253235,0.5843296647071838,0.00809367373585701,-0.45014357566833496,149,23
0.01900625228881836,positive,10.0,10.0,0.13558952510356903,0.9744706749916077,-0.015714483335614204,-1.0332331657409668,149,25
0.01915884017944336,positive,10.0,10.0,0.17067016661167145,0.9751657843589783,-0.051289647817611694,-1.0494308471679688,149,27
0.019225120544433594,positive,10.0,10.0,0.19017349183559418,0.7807604074478149,-0.07227826863527298,-0.7732787728309631,149,28
0.019797563552856445,positive,10.0,10.0,0.22590197622776031,-0.1851722151041031,-0.08160562068223953,0.48016950488090515,149,35
0.019864320755004883,positive,10.0,10.0,0.22219853103160858,0.011001172475516796,-0.07200223207473755,0.16292326152324677,149,36
0.019927263259887695,positive,10.0,10.0,0.22241854667663574,-0.18302011489868164,-0.0687437653541565,0.4320507347583771,149,37
0.019991397857666016,positive,10.0,10.0,0.21875815093517303,0.013004433363676071,-0.06010274961590767,0.11851365864276886,149,38
0.02022385597229004,positive,10.0,10.0,0.21568778157234192,-0.17968790233135223,-0.04827289655804634,0.3578649163246155,149,41
0.020293235778808594,positive,10.0,10.0,0.2120940238237381,0.016085894778370857,-0.04111560061573982,0.050359584391117096,149,42
0.020439624786376953,positive,10.0,10.0,0.2088472843170166,0.017246155068278313,-0.03351256996393204,0.02473537065088749,149,44
0.02066969871520996,positive,10.0,10.0,0.20600855350494385,-0.17652933299541473,-0.026809699833393097,0.28782954812049866,149,47
0.020735502243041992,positive,10.0,10.0,0.20247796177864075,0.018964475020766258,-0.02105310931801796,-0.013186898082494736,149,48
0.02080059051513672,positive,10.0,10.0,0.20285725593566895,-0.1758493185043335,-0.02131684683263302,0.2727798819541931,149,49
0.020877599716186523,positive,10.0,10.0,0.19934026896953583,-0.3706607222557068,-0.015861250460147858,0.5586639046669006,149,50
0.020940065383911133,positive,10.0,10.0,0.19192706048488617,-0.17531976103782654,-0.004687971901148558,0.2610263228416443,149,51
0.02125382423400879,positive,10.0,10.0,0.17009706795215607,-0.1756627857685089,0.02789180353283882,0.26867160201072693,149,55
0.02148151397705078,positive,10.0,10.0,0.15562975406646729,0.017926054075360298,0.05042561516165733,0.009731343016028404,149,58
0.02155160903930664,positive,10.0,10.0,0.15598827600479126,-0.17788144946098328,0.050620242953300476,0.3178881108760834,149,59
0.021778345108032227,positive,10.0,10.0,0.14917220175266266,0.014847846701741219,0.06484359502792358,0.07778261601924896,149,62
0.021843671798706055,positive,10.0,10.0,0.14946916699409485,-0.18114085495471954,0.06639924645423889,0.3901984989643097,149,63
0.021929264068603516,positive,10.0,10.0,0.14584633708000183,0.012978954240679741,0.07420321553945541,0.11916746199131012,149,64
0.022080421447753906,positive,10.0,10.0,0.15024518966674805,0.4009101092815399,0.07360230386257172,-0.4167855978012085,149,66
0.02222609519958496,positive,10.0,10.0,0.16235992312431335,0.00883279275149107,0.06322985142469406,0.21070240437984467,149,68
0.02228832244873047,positive,10.0,10.0,0.16253657639026642,-0.1871335655450821,0.06744389981031418,0.5226417183876038,149,69
0.022349119186401367,positive,10.0,10.0,0.15879391133785248,0.006977524608373642,0.07789673656225204,0.25195053219795227,149,70
0.02249431610107422,positive,10.0,10.0,0.16295157372951508,0.3947463929653168,0.08263212442398071,-0.2805876135826111,149,72
0.022646427154541016,positive,10.0,10.0,0.18261846899986267,0.7825584411621094,0.06609822809696198,-0.8135632276535034,149,74
0.02271103858947754,positive,10.0,10.0,0.19826963543891907,0.9767159223556519,0.049826961010694504,-1.0847446918487549,149,75
0.02294325828552246,positive,10.0,10.0,0.252937376499176,0.7804107666015625,-0.008616026490926743,-0.7639433741569519,149,78
0.02300739288330078,positive,10.0,10.0,0.26854559779167175,0.9756503105163574,-0.023894894868135452,-1.0593249797821045,149,79
0.023070573806762695,positive,10.0,10.0,0.2880585789680481,0.7808529138565063,-0.04508139193058014,-0.7742366194725037,149,80
0.023862838745117188,positive,10.0,10.0,0.33998242020606995,-0.7660993933677673,-0.06633288413286209,1.2625871896743774,149,90
0.02392721176147461,positive,10.0,10.0,0.32466045022010803,-0.5701949596405029,-0.04108113795518875,0.9498892426490784,149,91
0.023991823196411133,positive,10.0,10.0,0.31325653195381165,-0.37454482913017273,-0.022083353251218796,0.6445872187614441,149,92
0.024220705032348633,positive,10.0,10.0,0.3025057911872864,-0.17895974218845367,-0.001301643205806613,0.341424822807312,149,95
0.024363040924072266,positive,10.0,10.0,0.29925021529197693,-0.17902006208896637,0.006493486929684877,0.34275326132774353,149,97
0.024433374404907227,positive,10.0,10.0,0.2956697940826416,0.01600891351699829,0.013348552398383617,0.05212504789233208,149,98
0.024496078491210938,positive,10.0,10.0,0.295989990234375,-0.17930187284946442,0.014391053467988968,0.34898948669433594,149,99
0.024873971939086914,positive,10.0,10.0,0.28912001848220825,-0.3752449154853821,0.029792970046401024,0.6599463820457458,149,102
0.024943113327026367,positive,10.0,10.0,0.28161510825157166,-0.18054994940757751,0.04299189895391464,0.37679141759872437,149,103
0.02503824234008789,positive,10.0,10.0,0.27800410985946655,0.013935854658484459,0.050527725368738174,0.0979679748415947,149,104
0.02534627914428711,positive,10.0,10.0,0.27122536301612854,0.01070497464388609,0.07205241918563843,0.169538676738739,149,108
0.025502920150756836,positive,10.0,10.0,0.26773205399513245,0.008610314689576626,0.08512426912784576,0.2160695642232895,149,110
0.025646448135375977,positive,10.0,10.0,0.27195262908935547,0.3961518108844757,0.08847378194332123,-0.3117700517177582,149,112
0.02583479881286621,positive,10.0,10.0,0.28387343883514404,0.3937402665615082,0.08238740265369415,-0.2581932246685028,149,114
0.025929927825927734,positive,10.0,10.0,0.2917482554912567,0.5875952839851379,0.07722353935241699,-0.523794949054718,149,115
0.026082992553710938,positive,10.0,10.0,0.31913116574287415,0.9756953716278076,0.05092405527830124,-1.0621391534805298,149,117
0.02630782127380371,positive,10.0,10.0,0.37373656034469604,0.7793249487876892,-0.006139378994703293,-0.7398834824562073,149,120
0.026370763778686523,positive,10.0,10.0,0.38932305574417114,0.5842882990837097,-0.02093704789876938,-0.4491389989852905,149,121
0.026929855346679688,positive,10.0,10.0,0.46741339564323425,0.7835569977760315,-0.08225834369659424,-0.8355420231819153,149,128
0.02723979949951172,negative,10.0,-10.0,0.5536447763442993,1.1792088747024536,-0.1875879466533661,-1.5610851049423218,149,132
0.00034308433532714844,positive,10.0,10.0,0.024118572473526,-0.17037034034729004,-0.0016633491031825542,0.30420488119125366,150,1
0.00042438507080078125,positive,10.0,10.0,0.02071116492152214,0.02477528341114521,0.004420748911798,0.010997850447893143,150,2
0.0005774497985839844,positive,10.0,10.0,0.025603342801332474,0.024645714089274406,-0.0009650342399254441,0.013855967670679092,150,4
0.0006420612335205078,positive,10.0,10.0,0.02609625644981861,-0.17046238481998444,-0.0006879149004817009,0.3062342703342438,150,5
0.0007078647613525391,positive,10.0,10.0,0.02268700860440731,0.024669364094734192,0.005436770152300596,0.013334459625184536,150,6
0.0011782646179199219,positive,10.0,10.0,0.013903411105275154,0.023631542921066284,0.025406474247574806,0.03623945266008377,150,12
0.0012438297271728516,positive,10.0,10.0,0.014376041479408741,0.2183801233768463,0.026131263002753258,-0.24832043051719666,150,13
0.001390218734741211,positive,10.0,10.0,0.01920154318213463,-0.17252402007579803,0.022214634343981743,0.351773738861084,150,15
0.001455545425415039,positive,10.0,10.0,0.015751061961054802,0.02227509580552578,0.02925010956823826,0.06617771834135056,150,16
0.001611948013305664,positive,10.0,10.0,0.012731488794088364,0.021420737728476524,0.037932541221380234,0.08505583554506302,150,18
0.001676321029663086,positive,10.0,10.0,0.013159903697669506,-0.17422384023666382,0.03963365778326988,0.38946110010147095,150,19
0.001827239990234375,positive,10.0,10.0,0.010081703774631023,-0.17545448243618011,0.04961353912949562,0.4167924225330353,150,21
0.0020575523376464844,positive,10.0,10.0,0.003411795012652874,-0.3728976845741272,0.06976329535245895,0.7617387771606445,150,24
0.0021219253540039062,positive,10.0,10.0,-0.004046158399432898,-0.17880253493785858,0.08499807119369507,0.4917980134487152,150,25
0.002431154251098633,positive,10.0,10.0,0.004896483384072781,0.20585834980010986,0.09280999004840851,0.028095578774809837,150,29
0.002577066421508789,positive,10.0,10.0,0.017004355788230896,0.5932076573371887,0.08869344741106033,-0.4957541823387146,150,31
0.0026416778564453125,positive,10.0,10.0,0.028868507593870163,0.3969542980194092,0.07877836376428604,-0.17648954689502716,150,32
0.002866983413696289,positive,10.0,10.0,0.0643218383193016,0.9789896607398987,0.05215495079755783,-0.9824345111846924,150,35
0.002933025360107422,positive,10.0,10.0,0.08390163630247116,0.7832090854644775,0.03250626102089882,-0.6738364100456238,150,36
0.0029993057250976562,positive,10.0,10.0,0.09956581145524979,0.9778645038604736,0.019029531627893448,-0.9561101794242859,150,37
0.0030629634857177734,positive,10.0,10.0,0.11912310868501663,0.7824918627738953,-9.267109271604568e-05,-0.6575099229812622,150,38
0.0033669471740722656,positive,10.0,10.0,0.18954330682754517,0.7837469577789307,-0.0647696703672409,-0.6863340139389038,150,42
0.003430604934692383,positive,10.0,10.0,0.20521825551986694,0.9797053933143616,-0.07849635183811188,-0.998684287071228,150,43
0.004057884216308594,positive,10.0,10.0,0.25361132621765137,-0.17746242880821228,-0.09398040175437927,0.46298885345458984,150,51
0.004281282424926758,positive,10.0,10.0,0.24693995714187622,0.02122212015092373,-0.07373564690351486,0.08969223499298096,150,54
0.004428863525390625,positive,10.0,10.0,0.24390900135040283,0.023297298699617386,-0.0647771880030632,0.043758243322372437,150,56
0.00449371337890625,positive,10.0,10.0,0.24437494575977325,-0.1708388477563858,-0.06390202045440674,0.31532055139541626,150,57
0.004644155502319336,positive,10.0,10.0,0.24146081507205963,-0.16911828517913818,-0.057531826198101044,0.27715834975242615,150,59
0.004708766937255859,positive,10.0,10.0,0.23807844519615173,-0.3633742928504944,-0.05198866128921509,0.5511552095413208,150,60
0.004934549331665039,positive,10.0,10.0,0.2202182114124298,-0.16646458208560944,-0.025673609226942062,0.2182004302740097,150,63
0.0050809383392333984,positive,10.0,10.0,0.2096647173166275,-0.16579456627368927,-0.011256090365350246,0.20335394144058228,150,65
0.005312681198120117,positive,10.0,10.0,0.19582311809062958,0.029552657157182693,0.006610789801925421,-0.0943174660205841,150,68
0.005377531051635742,positive,10.0,10.0,0.19641417264938354,-0.16566342115402222,0.004724440630525351,0.2004438042640686,150,69
0.005441904067993164,positive,10.0,10.0,0.19310089945793152,-0.3608526289463043,0.008733317255973816,0.49461331963539124,150,70
0.005510807037353516,positive,10.0,10.0,0.18588384985923767,-0.16585491597652435,0.01862558349967003,0.20469547808170319,150,71
0.005578756332397461,positive,10.0,10.0,0.18256676197052002,-0.3612382113933563,0.0227194931358099,0.5031951665878296,150,72
0.005887031555175781,positive,10.0,10.0,0.1614239662885666,-0.3632064163684845,0.052347466349601746,0.5471410155296326,150,76
0.006036043167114258,positive,10.0,10.0,0.15078268945217133,0.02530691586434841,0.06871829181909561,-0.0006685008411295712,150,78
0.006265878677368164,positive,10.0,10.0,0.14834122359752655,-0.17276285588741302,0.07581513375043869,0.3579918146133423,150,81
0.006412506103515625,positive,10.0,10.0,0.14531004428863525,0.21504464745521545,0.08477788418531418,-0.17524836957454681,150,83
0.006560325622558594,positive,10.0,10.0,0.15778809785842896,0.2126849740743637,0.07247234880924225,-0.12287323921918869,150,85
0.006785869598388672,positive,10.0,10.0,0.1743888556957245,0.014700086787343025,0.06061946973204613,0.23370389640331268,150,88
0.0068514347076416016,positive,10.0,10.0,0.1746828705072403,-0.1812332570552826,0.06529355049133301,0.5448753237724304,150,89
0.00699925422668457,positive,10.0,10.0,0.171316459774971,-0.18320836126804352,0.08166022598743439,0.5891662240028381,150,91
0.007062673568725586,positive,10.0,10.0,0.16765229403972626,0.010680897161364555,0.09344355016946793,0.323282927274704,150,92
0.007418632507324219,positive,10.0,10.0,0.19174045324325562,0.7850790619850159,0.08803188800811768,-0.717779278755188,150,96
0.007563591003417969,positive,10.0,10.0,0.22701962292194366,1.172940969467163,0.05404617637395859,-1.2501676082611084,150,98
0.007627964019775391,positive,10.0,10.0,0.25047844648361206,0.9771696329116821,0.029042823240160942,-0.9410575032234192,150,99
0.0076923370361328125,positive,10.0,10.0,0.27002185583114624,0.7816685438156128,0.010221673175692558,-0.6393921375274658,150,100
0.007838249206542969,positive,10.0,10.0,0.3051881492137909,0.7815592885017395,-0.02114294283092022,-0.6369632482528687,150,102
0.007902860641479492,positive,10.0,10.0,0.32081931829452515,0.9769695997238159,-0.03388220816850662,-0.9362288117408752,150,103
0.00841522216796875,negative,10.0,-10.0,0.4343785047531128,1.3728410005569458,-0.1456332504749298,-1.6594111919403076,150,109
0.008482694625854492,negative,10.0,-10.0,0.4618353247642517,1.1796859502792358,-0.17882147431373596,-1.4154107570648193,150,110
0.00854945182800293,negative,10.0,-10.0,0.485429048538208,1.3765149116516113,-0.20712968707084656,-1.758239984512329,150,111
0.00024318695068359375,positive,10.0,10.0,0.014631412923336029,-0.045450903475284576,-0.014155548065900803,-0.043240390717983246,151,0
0.00034499168395996094,positive,10.0,10.0,0.013722395524382591,-0.24036704003810883,-0.015020356513559818,0.24494293332099915,151,1
0.0006914138793945312,positive,10.0,10.0,-0.01329330075532198,-0.24009069800376892,0.015872370451688766,0.23883138597011566,151,5
0.0007579326629638672,positive,10.0,10.0,-0.018095115199685097,-0.43543577194213867,0.020648997277021408,0.5364783406257629,151,6
0.000997781753540039,positive,10.0,10.0,-0.03253503143787384,-0.24157434701919556,0.035741016268730164,0.2716873288154602,151,9
0.0013103485107421875,positive,10.0,10.0,-0.0519302673637867,-0.24424472451210022,0.059010718017816544,0.33096152544021606,151,13
0.001374959945678711,positive,10.0,10.0,-0.05681516230106354,-0.05001023784279823,0.06562994420528412,0.057456016540527344,151,14
0.0015990734100341797,positive,10.0,10.0,-0.06377346068620682,0.14208866655826569,0.07616512477397919,-0.16918699443340302,151,17
0.0019016265869140625,positive,10.0,10.0,-0.052531611174345016,-0.2519550621509552,0.0653991624712944,0.5014477372169495,151,21
0.002124786376953125,positive,10.0,10.0,-0.056003883481025696,0.33004313707351685,0.07927156984806061,-0.3042968511581421,151,24
0.002188444137573242,positive,10.0,10.0,-0.04940301924943924,0.13388623297214508,0.07318563014268875,0.012295959517359734,151,25
0.002414703369140625,positive,10.0,10.0,-0.029729818925261497,0.7159850001335144,0.05780147388577461,-0.7954778075218201,151,28
0.0027196407318115234,positive,10.0,10.0,0.02747059240937233,0.7139480710029602,-0.004034553188830614,-0.7488206028938293,151,32
0.0027840137481689453,positive,10.0,10.0,0.04174955561757088,0.9091254472732544,-0.019010964781045914,-1.0427703857421875,151,33
0.003495454788208008,negative,10.0,-10.0,0.1513482630252838,-0.05530447140336037,-0.13807828724384308,0.17593041062355042,151,42
0.004274129867553711,positive,10.0,10.0,0.07559552788734436,-0.8194060325622559,-0.03953688219189644,0.9848026037216187,151,52
0.00433802604675293,positive,10.0,10.0,0.059207405894994736,-0.6237773895263672,-0.01984083093702793,0.6799682378768921,151,53
0.004400968551635742,positive,10.0,10.0,0.0467318557202816,-0.42838555574417114,-0.006241466850042343,0.38110530376434326,151,54
0.004702568054199219,positive,10.0,10.0,0.020269498229026794,-0.4285132884979248,0.012459012679755688,0.3839183747768402,151,58
0.004768848419189453,positive,10.0,10.0,0.011699231341481209,-0.6238098740577698,0.020137378945946693,0.6805034279823303,151,59
0.004833698272705078,positive,10.0,10.0,-0.0007769665098749101,-0.42897334694862366,0.03374744951725006,0.3942278325557709,151,60
0.004897117614746094,positive,10.0,10.0,-0.009356433525681496,-0.23434612154960632,0.04163200408220291,0.11237306892871857,151,61
0.0049593448638916016,positive,10.0,10.0,-0.014043356291949749,-0.4300391376018524,0.04387946426868439,0.41789451241493225,151,62
0.0050220489501953125,positive,10.0,10.0,-0.02264413796365261,-0.23556557297706604,0.05223735421895981,0.13936138153076172,151,63
0.005166769027709961,positive,10.0,10.0,-0.03598335385322571,-0.23709309101104736,0.06398570537567139,0.1732129454612732,151,65
0.005320549011230469,positive,10.0,10.0,-0.049386609345674515,-0.23896116018295288,0.07715746760368347,0.21468977630138397,151,67
0.005464315414428711,positive,10.0,10.0,-0.05506628006696701,0.14884307980537415,0.08039743453264236,-0.3186050057411194,151,69
0.005606889724731445,positive,10.0,10.0,-0.05303594470024109,0.14666016399860382,0.07399153709411621,-0.2701292634010315,151,71
0.005831480026245117,positive,10.0,10.0,-0.040396954864263535,-0.051261816173791885,0.053315069526433945,0.08523935079574585,151,74
0.006055355072021484,positive,10.0,10.0,-0.03961719572544098,-0.24862410128116608,0.053603943437337875,0.427753210067749,151,77
0.006119966506958008,positive,10.0,10.0,-0.044589679688215256,-0.054300691932439804,0.06215900927782059,0.15243878960609436,151,78
0.006343841552734375,positive,10.0,10.0,-0.05180303752422333,0.1378694325685501,0.07834165543317795,-0.07565822452306747,151,81
0.006407976150512695,positive,10.0,10.0,-0.04904565215110779,0.33178597688674927,0.0768284946680069,-0.342631995677948,151,82
0.0064716339111328125,positive,10.0,10.0,-0.042409930378198624,0.135659858584404,0.0699758529663086,-0.026745257899165154,151,83
0.006697893142700195,positive,10.0,10.0,-0.03823109343647957,0.3276419937610626,0.07552773505449295,-0.25087592005729675,151,86
0.00692296028137207,positive,10.0,10.0,-0.006932663265615702,0.9099175333976746,0.044364579021930695,-1.061644196510315,151,89
0.006985902786254883,positive,10.0,10.0,0.011265687644481659,0.7142370939254761,0.02313169650733471,-0.7553734183311462,151,90
0.007048845291137695,positive,10.0,10.0,0.02555042877793312,0.9090326428413391,0.008024226874113083,-1.0406885147094727,151,91
0.007112264633178711,positive,10.0,10.0,0.04373108223080635,0.7138050198554993,-0.012789543718099594,-0.7454974055290222,151,92
0.007256984710693359,positive,10.0,10.0,0.07618920505046844,0.7143577933311462,-0.048543043434619904,-0.7583172917366028,151,94
0.007321596145629883,positive,10.0,10.0,0.09047636389732361,0.9101138710975647,-0.06370939314365387,-1.0658715963363647,151,95
0.008514404296875,positive,10.0,10.0,0.11286422610282898,-0.4351976811885834,-0.06886319071054459,0.5328816771507263,151,110
0.008579015731811523,positive,10.0,10.0,0.10416027158498764,-0.23917822539806366,-0.058205556124448776,0.21931959688663483,151,111
0.008803844451904297,positive,10.0,10.0,0.08595658838748932,-0.4320501685142517,-0.040278542786836624,0.4624404013156891,151,114
0.008950471878051758,positive,10.0,10.0,0.07258792966604233,-0.43104708194732666,-0.027882961556315422,0.44007325172424316,151,116
0.009014606475830078,positive,10.0,10.0,0.06396698951721191,-0.23554183542728424,-0.019081495702266693,0.13873286545276642,151,117
0.017348527908325195,positive,10.0,10.0,0.04594771936535835,-0.43004560470581055,-0.00524899922311306,0.41776856780052185,151,120
0.017452239990234375,positive,10.0,10.0,0.03734681010246277,-0.23484967648983002,0.0031063721980899572,0.12343548238277435,151,121
0.01762104034423828,positive,10.0,10.0,0.02404949441552162,-0.6252164840698242,0.013917017728090286,0.7115321159362793,151,123
0.01776409149169922,positive,10.0,10.0,0.002939364407211542,-0.23557789623737335,0.03661290183663368,0.13958397507667542,151,125
0.01824331283569336,positive,10.0,10.0,-0.037220414727926254,-0.23987089097499847,0.07499933987855911,0.23481783270835876,151,131
0.018309354782104492,positive,10.0,10.0,-0.04201783239841461,-0.04589616507291794,0.0796957015991211,-0.033297184854745865,151,132
0.018549680709838867,positive,10.0,10.0,-0.040938928723335266,0.14584627747535706,0.07336785644292831,-0.25206121802330017,151,135
0.01862192153930664,positive,10.0,10.0,-0.0380220040678978,0.3398480713367462,0.06832662969827652,-0.5207302570343018,151,136
0.019034624099731445,positive,10.0,10.0,-0.03542054444551468,-0.24960598349571228,0.06682313978672028,0.4498153328895569,151,141
0.01909947395324707,positive,10.0,10.0,-0.04041266441345215,-0.0554896779358387,0.07581944763660431,0.1789221167564392,151,142
0.019633769989013672,positive,10.0,10.0,-0.036932311952114105,0.13190726935863495,0.09339210391044617,0.0563817135989666,151,149
0.02009415626525879,positive,10.0,10.0,0.005801423452794552,0.9042762517929077,0.0681367889046669,-0.9383994340896606,151,155
0.02015995979309082,positive,10.0,10.0,0.023886948823928833,0.7083050608634949,0.04936880245804787,-0.6251081228256226,151,156
0.02023601531982422,positive,10.0,10.0,0.03805305063724518,0.9027042984962463,0.03686663880944252,-0.9018431901931763,151,157
0.020298480987548828,positive,10.0,10.0,0.056107137352228165,0.7071028351783752,0.018829775974154472,-0.5978039503097534,151,158
0.020359277725219727,positive,10.0,10.0,0.07024919241666794,0.90195631980896,0.00687369704246521,-0.8844966888427734,151,159
0.020656824111938477,positive,10.0,10.0,0.13460753858089447,0.9028677940368652,-0.05232889577746391,-0.9053475856781006,151,163
0.020796537399291992,positive,10.0,10.0,0.1668347269296646,0.9045225381851196,-0.08302705734968185,-0.9435683488845825,151,165
0.021102428436279297,negative,10.0,-10.0,0.22375012934207916,0.5203788876533508,-0.13876058161258698,-0.4945926368236542,151,169
0.02125406265258789,negative,10.0,-10.0,0.24070687592029572,0.13473761081695557,-0.15362560749053955,-0.006308209151029587,151,171
0.021399497985839844,negative,10.0,-10.0,0.2422439157962799,-0.2505147159099579,-0.14906707406044006,0.4747453033924103,151,173
0.02146315574645996,negative,10.0,-10.0,0.23723362386226654,-0.44325196743011475,-0.1395721584558487,0.7169814109802246,151,174
0.02168440818786621,positive,10.0,10.0,0.19905604422092438,-1.0230385065078735,-0.08170806616544724,1.4712247848510742,151,177
0.021826505661010742,positive,10.0,10.0,0.15425384044647217,-1.0213942527770996,-0.01753741316497326,1.4288285970687866,151,179
0.02236008644104004,positive,10.0,10.0,0.07747531682252884,-0.44004178047180176,0.08571504056453705,0.6405706405639648,151,186
0.02305316925048828,positive,10.0,10.0,0.10646050423383713,0.9127846360206604,0.060330621898174286,-1.1259020566940308,151,195
0.023198604583740234,positive,10.0,10.0,0.14685752987861633,1.3016983270645142,0.009831220842897892,-1.6796931028366089,151,197
0.023261547088623047,positive,10.0,10.0,0.1728914976119995,1.10646390914917,-0.023762641474604607,-1.3839651346206665,151,198
0.02332162857055664,positive,10.0,10.0,0.19502076506614685,0.9116462469100952,-0.051441945135593414,-1.0988067388534546,151,199
0.0010609626770019531,positive,10.0,10.0,-0.024369392544031143,-0.013192275539040565,-0.011341284960508347,0.021960295736789703,152,4
0.0018107891082763672,positive,10.0,10.0,-0.04230232164263725,-0.20836006104946136,0.014892135746777058,0.3156740367412567,152,13
0.0018815994262695312,positive,10.0,10.0,-0.04646952077746391,-0.013453369960188866,0.021205617114901543,0.027724536135792732,152,14
0.0019516944885253906,positive,10.0,10.0,-0.04673859104514122,0.18135815858840942,0.021760107949376106,-0.25819307565689087,152,15
0.002279996871948242,positive,10.0,10.0,-0.04787232354283333,-0.21001426875591278,0.02524476684629917,0.35222750902175903,152,19
0.0023467540740966797,positive,10.0,10.0,-0.05207261070609093,-0.01526023168116808,0.03228931501507759,0.0676107183098793,152,20
0.002498149871826172,positive,10.0,10.0,-0.05659441277384758,-0.016201643273234367,0.041047602891922,0.08841526508331299,152,22
0.0025637149810791016,positive,10.0,10.0,-0.056918445974588394,-0.2118871957063675,0.042815908789634705,0.39376094937324524,152,23
0.0027260780334472656,positive,10.0,10.0,-0.06150415167212486,-0.2132083922624588,0.05298870429396629,0.4231136441230774,152,25
0.0029609203338623047,positive,10.0,10.0,-0.07044225186109543,-0.020665980875492096,0.07358315587043762,0.18730615079402924,152,28
0.0031130313873291016,positive,10.0,10.0,-0.06738896667957306,0.36726343631744385,0.07570353895425797,-0.34860512614250183,152,30
0.0033464431762695312,positive,10.0,10.0,-0.05711839720606804,-0.22090943157672882,0.07368074357509613,0.593860387802124,152,33
0.003576993942260742,positive,10.0,10.0,-0.05873614177107811,0.36060383915901184,0.09327815473079681,-0.20153185725212097,152,36
0.003642559051513672,positive,10.0,10.0,-0.05152406543493271,0.5542765259742737,0.08924751728773117,-0.4633939564228058,152,37
0.003876209259033203,positive,10.0,10.0,-0.006638669408857822,0.7460281848907471,0.04558347910642624,-0.680643618106842,152,40
0.0041980743408203125,positive,10.0,10.0,0.06078854948282242,0.7447753548622131,-0.01921781897544861,-0.652125358581543,152,44
0.004267692565917969,positive,10.0,10.0,0.07568405568599701,0.9401596188545227,-0.03226032480597496,-0.9507973194122314,152,45
0.004334449768066406,positive,10.0,10.0,0.0944872498512268,0.7454863786697388,-0.051276274025440216,-0.668422281742096,152,46
0.005155324935913086,positive,10.0,10.0,0.1627476066350937,-0.02139819599688053,-0.08647877722978592,0.20378640294075012,152,56
0.005220651626586914,positive,10.0,10.0,0.16231964528560638,-0.2151838093996048,-0.08240304887294769,0.46798548102378845,152,57
0.005548954010009766,positive,10.0,10.0,0.15303660929203033,-0.2111503928899765,-0.059540044516325,0.3779849410057068,152,61
0.005616426467895508,positive,10.0,10.0,0.14881360530853271,-0.015235627070069313,-0.05198034644126892,0.06713908165693283,152,62
0.005682945251464844,positive,10.0,10.0,0.14850889146327972,0.18059155344963074,-0.050637565553188324,-0.2414802759885788,152,63
0.0060765743255615234,positive,10.0,10.0,0.14744018018245697,-0.20659130811691284,-0.04858019948005676,0.27701669931411743,152,67
0.006144523620605469,positive,10.0,10.0,0.1433083564043045,-0.40098774433135986,-0.04303986579179764,0.553990364074707,152,68
0.006374835968017578,positive,10.0,10.0,0.12318402528762817,-0.2044488489627838,-0.016388842836022377,0.22943048179149628,152,71
0.006524562835693359,positive,10.0,10.0,0.11110839247703552,-0.20404671132564545,-0.0014622518792748451,0.22052112221717834,152,73
0.0066721439361572266,positive,10.0,10.0,0.09904450923204422,-0.2040674239397049,0.01320301927626133,0.22099001705646515,152,75
0.006740570068359375,positive,10.0,10.0,0.09496315568685532,-0.3993755877017975,0.017622819170355797,0.5178083181381226,152,76
0.006983757019042969,positive,10.0,10.0,0.067080557346344,-0.2055414468050003,0.05494360998272896,0.2538372576236725,152,79
0.007143497467041016,positive,10.0,10.0,0.06274481862783432,-0.2071743607521057,0.05959991738200188,0.28997790813446045,152,81
0.0073049068450927734,positive,10.0,10.0,0.05834232270717621,0.1811753809452057,0.0657329112291336,-0.25468116998672485,152,83
0.007542133331298828,positive,10.0,10.0,0.05745427682995796,-0.016565222293138504,0.06918249279260635,0.0965966284275055,152,86
0.007859468460083008,positive,10.0,10.0,0.05601000040769577,-0.020527107641100883,0.07953986525535583,0.18432623147964478,152,90
0.007935047149658203,positive,10.0,10.0,0.055599458515644073,0.17337200045585632,0.08322639018297195,-0.08224279433488846,152,91
0.008173227310180664,positive,10.0,10.0,0.06983159482479095,0.3650033175945282,0.07402455806732178,-0.29853251576423645,152,94
0.008410930633544922,positive,10.0,10.0,0.0799674317240715,-0.22314545512199402,0.0749828964471817,0.6433424949645996,152,97
0.00847625732421875,positive,10.0,10.0,0.07550452649593353,-0.029144251719117165,0.08784975111484528,0.3751826882362366,152,98
0.008870840072631836,positive,10.0,10.0,0.1113271489739418,0.9393457770347595,0.07295665889978409,-0.9357845783233643,152,103
0.009016990661621094,positive,10.0,10.0,0.15278230607509613,0.9376325011253357,0.030147379264235497,-0.8955029249191284,152,105
0.009085416793823242,positive,10.0,10.0,0.1715349555015564,0.7421150803565979,0.012237321585416794,-0.5934979915618896,152,106
0.009320974349975586,positive,10.0,10.0,0.21995726227760315,0.9372962117195129,-0.0290687195956707,-0.8875781297683716,152,109
0.01004481315612793,positive,10.0,10.0,0.3112793564796448,-0.02823735773563385,-0.08626753836870193,0.3552592992782593,152,118
0.010193824768066406,positive,10.0,10.0,0.3140745759010315,-0.025904297828674316,-0.0784289687871933,0.30336281657218933,152,120
0.010347127914428711,positive,10.0,10.0,0.3169613480567932,-0.023770907893776894,-0.07262147217988968,0.2560153007507324,152,122
0.010412216186523438,positive,10.0,10.0,0.3164859414100647,-0.21778492629528046,-0.06750116497278214,0.5249373316764832,152,123
0.010477304458618164,positive,10.0,10.0,0.31213024258613586,-0.02178122289478779,-0.057002417743206024,0.21177104115486145,152,124
0.010545969009399414,positive,10.0,10.0,0.3116946220397949,-0.21604380011558533,-0.05276699736714363,0.485942006111145,152,125
0.010610580444335938,positive,10.0,10.0,0.3073737323284149,-0.4103829860687256,-0.043048154562711716,0.7615387439727783,152,126
0.011015653610229492,positive,10.0,10.0,0.28983351588249207,-0.2137250006198883,-0.003928768914192915,0.4339962601661682,152,131
0.01156759262084961,positive,10.0,10.0,0.26374003291130066,-0.020913852378726006,0.05263179913163185,0.19252048432826996,152,138
0.011632442474365234,positive,10.0,10.0,0.26332175731658936,-0.21674767136573792,0.05648220703005791,0.5013310313224792,152,139
0.01212167739868164,positive,10.0,10.0,0.26433300971984863,0.5569905042648315,0.08215893805027008,-0.5232305526733398,152,145
0.012190818786621094,positive,10.0,10.0,0.27547281980514526,0.7508658170700073,0.07169432938098907,-0.7889350652694702,152,146
0.01225590705871582,positive,10.0,10.0,0.29049012064933777,0.9449337124824524,0.055915627628564835,-1.0582289695739746,152,147
0.01232147216796875,positive,10.0,10.0,0.30938881635665894,0.7491173148155212,0.034751046448946,-0.7485328316688538,152,148
0.012390375137329102,positive,10.0,10.0,0.3243711590766907,0.943743109703064,0.019780389964580536,-1.0300805568695068,152,149
0.012544631958007812,positive,10.0,10.0,0.35821330547332764,0.5532530546188354,-0.01544629130512476,-0.4388291835784912,152,151
0.012610912322998047,positive,10.0,10.0,0.36927834153175354,0.3583530783653259,-0.024222875013947487,-0.15105515718460083,152,152
0.012674331665039062,positive,10.0,10.0,0.3764454126358032,0.5538133382797241,-0.027243977412581444,-0.4512803852558136,152,153
0.012906551361083984,positive,10.0,10.0,0.4057976007461548,0.3601682782173157,-0.04903992637991905,-0.19127079844474792,152,156
0.013058900833129883,positive,10.0,10.0,0.42412009835243225,0.36161789298057556,-0.06284557282924652,-0.2234465330839157,152,158
0.013125896453857422,positive,10.0,10.0,0.431352436542511,0.5575791597366333,-0.0673145055770874,-0.5352725982666016,152,159
0.013361692428588867,positive,10.0,10.0,0.45316410064697266,-0.024296008050441742,-0.08325960487127304,0.26783227920532227,152,162
0.013433218002319336,positive,10.0,10.0,0.4526781737804413,-0.21813713014125824,-0.07790295779705048,0.5331366658210754,152,163
0.013674497604370117,positive,10.0,10.0,0.4279493987560272,-0.41045981645584106,-0.029812658205628395,0.7627752423286438,152,166
0.01374197006225586,positive,10.0,10.0,0.4197402000427246,-0.6051587462425232,-0.014557152055203915,1.04593026638031,152,167
0.013900041580200195,positive,10.0,10.0,0.39944007992744446,-0.6050557494163513,0.021335721015930176,1.043391466140747,152,169
0.014051198959350586,positive,10.0,10.0,0.37913450598716736,-0.6059008836746216,0.0573531873524189,1.0631407499313354,152,171
0.014700174331665039,positive,10.0,10.0,0.390724778175354,0.9435049891471863,0.07950177788734436,-1.0286089181900024,152,179
0.015030384063720703,positive,10.0,10.0,0.46610018610954285,0.5508121252059937,-0.00031021737959235907,-0.38505682349205017,152,183
0.015099048614501953,positive,10.0,10.0,0.4771164357662201,0.35569459199905396,-0.008011354133486748,-0.09247172623872757,152,184
0.01516413688659668,positive,10.0,10.0,0.48423030972480774,0.5509304404258728,-0.009860788471996784,-0.38767144083976746,152,185
0.015228509902954102,positive,10.0,10.0,0.4952489137649536,0.35594984889030457,-0.017614217475056648,-0.0981137678027153,152,186
0.015293359756469727,positive,10.0,10.0,0.5023679137229919,0.5513197779655457,-0.01957649178802967,-0.3963014781475067,152,187
0.01545405387878418,positive,10.0,10.0,0.5205239057540894,0.5519859790802002,-0.02969961054623127,-0.4110857844352722,152,189
0.015527963638305664,positive,10.0,10.0,0.5315636396408081,0.3572973906993866,-0.037921324372291565,-0.12791207432746887,152,190
0.015767574310302734,positive,10.0,10.0,0.5569367408752441,0.554205060005188,-0.05217905715107918,-0.4604284465312958,152,193
0.029767513275146484,positive,10.0,10.0,0.5969207882881165,-0.0262164119631052,-0.0786210224032402,0.3101414740085602,152,198
0.029838085174560547,positive,10.0,10.0,0.5963964462280273,-0.22013530135154724,-0.07241819053888321,0.5770305395126343,152,199
0.0002529621124267578,positive,10.0,10.0,-0.004120966885238886,0.03722627833485603,0.022373754531145096,-0.04639202728867531,153,0
0.00035119056701660156,positive,10.0,10.0,-0.003376441542059183,-0.15820923447608948,0.02144591510295868,0.2532652020454407,153,1
0.0006165504455566406,positive,10.0,10.0,-0.01679105870425701,-0.3545282781124115,0.042932331562042236,0.572711169719696,153,4
0.0006787776947021484,positive,10.0,10.0,-0.02388162538409233,-0.16003376245498657,0.05438655614852905,0.2938564717769623,153,5
0.0007398128509521484,positive,10.0,10.0,-0.027082299813628197,0.034272316843271255,0.06026368588209152,0.01881006360054016,153,6
0.0008800029754638672,positive,10.0,10.0,-0.02963005006313324,0.032548870891332626,0.06723751872777939,0.05692116543650627,153,8
0.001016378402709961,positive,10.0,10.0,-0.03224846348166466,0.03061772510409355,0.07577668130397797,0.09967359900474548,153,10
0.0011496543884277344,positive,10.0,10.0,-0.027144577354192734,0.41850408911705017,0.0744067057967186,-0.4353433847427368,153,12
0.0012087821960449219,positive,10.0,10.0,-0.018774496391415596,0.22241199016571045,0.06569983810186386,-0.12016370892524719,153,13
0.0013623237609863281,positive,10.0,10.0,-0.01379799097776413,-0.16955436766147614,0.06714659929275513,0.5044615268707275,153,15
0.0014264583587646484,positive,10.0,10.0,-0.01718907803297043,-0.36555519700050354,0.07723583281040192,0.8175265192985535,153,16
0.0014886856079101562,positive,10.0,10.0,-0.024500181898474693,-0.17157070338726044,0.09358636289834976,0.5501019954681396,153,17
0.0022699832916259766,positive,10.0,10.0,0.05281023308634758,1.3720016479492188,0.06727685779333115,-1.414576530456543,153,27
0.0024127960205078125,positive,10.0,10.0,0.10377254337072372,0.9805011749267578,0.016952425241470337,-0.7969902157783508,153,29
0.0025517940521240234,positive,10.0,10.0,0.1468902975320816,0.9802511930465698,-0.020673226565122604,-0.7912918329238892,153,31
0.002611398696899414,positive,10.0,10.0,0.16649532318115234,1.1756508350372314,-0.03649906441569328,-1.0904061794281006,153,32
0.0026726722717285156,positive,10.0,10.0,0.19000832736492157,0.9810284376144409,-0.058307185769081116,-0.809395432472229,153,33
0.0027353763580322266,positive,10.0,10.0,0.2096289098262787,1.1768988370895386,-0.0744950920343399,-1.119834303855896,153,34
0.0032074451446533203,negative,10.0,-10.0,0.30835968255996704,0.406616747379303,-0.1541096568107605,-0.1738778054714203,153,40
0.0033462047576904297,negative,10.0,-10.0,0.3207719624042511,0.4109867811203003,-0.1562572717666626,-0.27146390080451965,153,42
0.003407716751098633,negative,10.0,-10.0,0.32899168133735657,0.21839956939220428,-0.16168653964996338,-0.03185553476214409,153,43
0.0034704208374023438,negative,10.0,-10.0,0.3333596885204315,0.025921063497662544,-0.16232365369796753,0.20576752722263336,153,44
0.0035295486450195312,negative,10.0,-10.0,0.3338780999183655,-0.16655243933200836,-0.15820831060409546,0.44316866993904114,153,45
0.003679037094116211,negative,10.0,-10.0,0.33115532994270325,-0.16228842735290527,-0.14724311232566833,0.347181111574173,153,47
0.020912885665893555,positive,10.0,10.0,0.26342883706092834,-0.9221732020378113,-0.07135928422212601,1.0631552934646606,153,59
0.02097606658935547,positive,10.0,10.0,0.24498535692691803,-0.7261828780174255,-0.05009617656469345,0.7489561438560486,153,60
0.021120071411132812,positive,10.0,10.0,0.21985356509685516,-0.3348061144351959,-0.02629828080534935,0.1373959481716156,153,62
0.02118539810180664,positive,10.0,10.0,0.21315744519233704,-0.5295417308807373,-0.023550361394882202,0.42166754603385925,153,63
0.021404743194580078,positive,10.0,10.0,0.17750027775764465,-0.33385831117630005,0.007208296563476324,0.11643941700458527,153,66
0.021466493606567383,positive,10.0,10.0,0.1708231121301651,-0.5290827751159668,0.009537084959447384,0.41138777136802673,153,67
0.02169013023376465,positive,10.0,10.0,0.14297012984752655,-0.7248714566230774,0.028598593547940254,0.7189427018165588,153,70
0.021907567977905273,positive,10.0,10.0,0.11115618795156479,-0.5314910411834717,0.05481669679284096,0.4650956988334656,153,73
0.021966934204101562,positive,10.0,10.0,0.1005263701081276,-0.3371847867965698,0.06411860883235931,0.1901821494102478,153,74
0.02210688591003418,positive,10.0,10.0,0.08311942219734192,-0.339060515165329,0.07796990871429443,0.23185476660728455,153,76
0.02216958999633789,positive,10.0,10.0,0.07633820921182632,-0.14513425529003143,0.08260700851678848,-0.0352509506046772,153,77
0.022228479385375977,positive,10.0,10.0,0.07343552261590958,0.048711907118558884,0.08190198987722397,-0.3007698059082031,153,78
0.02228689193725586,positive,10.0,10.0,0.07440976053476334,-0.14747609198093414,0.07588659226894379,0.01657800003886223,153,79
0.022580385208129883,positive,10.0,10.0,0.08588829636573792,0.62872314453125,0.04504774883389473,-1.0613055229187012,153,83
0.02263927459716797,positive,10.0,10.0,0.09846276044845581,0.4330345690250397,0.023821640759706497,-0.7548307776451111,153,84
0.022852182388305664,positive,10.0,10.0,0.1283315122127533,0.6278698444366455,-0.026963727548718452,-1.040972113609314,153,87
0.022913694381713867,positive,10.0,10.0,0.14088891446590424,0.43311625719070435,-0.04778316989541054,-0.7568743228912354,153,88
0.023051023483276367,positive,10.0,10.0,0.1621285080909729,0.43462783098220825,-0.08420470356941223,-0.7919124364852905,153,90
0.0235750675201416,positive,10.0,10.0,0.14168643951416016,-0.9197626709938049,-0.08633441478013992,1.0112104415893555,153,97
0.023635149002075195,positive,10.0,10.0,0.12329117953777313,-1.113633155822754,-0.06611020117998123,1.2755823135375977,153,98
0.02369523048400879,positive,10.0,10.0,0.1010185182094574,-0.9177332520484924,-0.0405985563993454,0.9629521369934082,153,99
0.02375507354736328,positive,10.0,10.0,0.08266384899616241,-0.7220900058746338,-0.02133951522409916,0.6577963829040527,153,100
0.023815393447875977,positive,10.0,10.0,0.0682220533490181,-0.526677668094635,-0.008183588273823261,0.35847118496894836,153,101
0.023885726928710938,positive,10.0,10.0,0.05768849700689316,-0.3314403295516968,-0.0010141644161194563,0.06321904808282852,153,102
0.02411198616027832,positive,10.0,10.0,0.033900149166584015,-0.5266560316085815,0.00862140953540802,0.3579743206501007,153,105
0.024340391159057617,positive,10.0,10.0,0.013998565264046192,0.05810726061463356,0.012748540379106998,-0.5068670511245728,153,108
0.02440023422241211,positive,10.0,10.0,0.01516071055084467,-0.1371919810771942,0.00261119962669909,-0.21019402146339417,153,109
0.024461984634399414,positive,10.0,10.0,0.012416870333254337,-0.3323511779308319,-0.0015926806954666972,0.08331146091222763,153,110
0.02452397346496582,positive,10.0,10.0,0.005769847426563501,-0.13720643520355225,7.354848639806733e-05,-0.20987354218959808,153,111
0.02473902702331543,positive,10.0,10.0,-0.014168710447847843,-0.3322351276874542,0.005016961134970188,0.08075170964002609,153,114
0.024797916412353516,positive,10.0,10.0,-0.020813412964344025,-0.5274286270141602,0.006631995085626841,0.3750132620334625,153,115
0.024933576583862305,positive,10.0,10.0,-0.038010016083717346,-0.5277231335639954,0.015820836648344994,0.3815367817878723,153,117
0.02515125274658203,positive,10.0,10.0,-0.05798209086060524,-0.33352625370025635,0.02150307223200798,0.10925555229187012,153,120
0.02529120445251465,positive,10.0,10.0,-0.07523161172866821,-0.3341714143753052,0.031861066818237305,0.12352258712053299,153,122
0.025511741638183594,positive,10.0,10.0,-0.09140776097774506,-0.5306702256202698,0.03404014930129051,0.4467182159423828,153,125
0.025799989700317383,positive,10.0,10.0,-0.1261235475540161,-0.533189594745636,0.059553973376750946,0.5028529763221741,153,129
0.025941848754882812,positive,10.0,10.0,-0.14356644451618195,-0.5349994897842407,0.07420136779546738,0.5433197021484375,153,131
0.026001453399658203,positive,10.0,10.0,-0.15426643192768097,-0.731081485748291,0.0850677639245987,0.8584285974502563,153,132
0.026996850967407227,positive,10.0,10.0,-0.1595369577407837,0.22445261478424072,0.08180838823318481,-0.16534918546676636,153,145
0.027058124542236328,positive,10.0,10.0,-0.15504790842533112,0.41831400990486145,0.07850141078233719,-0.4311438798904419,153,146
0.027119159698486328,positive,10.0,10.0,-0.14668163657188416,0.2221733182668686,0.06987853348255157,-0.11478321254253387,153,147
0.027181625366210938,positive,10.0,10.0,-0.14223816990852356,0.026123302057385445,0.067582868039608,0.19910170137882233,153,148
0.027243375778198242,positive,10.0,10.0,-0.14171570539474487,-0.1698969155550003,0.07156489789485931,0.512315034866333,153,149
0.027302026748657227,positive,10.0,10.0,-0.14511363208293915,0.02414790727198124,0.08181120455265045,0.24301496148109436,153,150
0.02736663818359375,positive,10.0,10.0,-0.14463068544864655,0.2180117666721344,0.08667150139808655,-0.022782543674111366,153,151
0.027518033981323242,positive,10.0,10.0,-0.13203462958335876,0.21555183827877045,0.08047764003276825,0.031670697033405304,153,153
0.027742862701416016,positive,10.0,10.0,-0.10746876895427704,0.7972741723060608,0.06640734523534775,-0.768265426158905,153,156
0.02780437469482422,positive,10.0,10.0,-0.09152328968048096,0.9914222359657288,0.05104203149676323,-1.0393362045288086,153,157
0.02796196937561035,positive,10.0,10.0,-0.05578163266181946,0.9903516173362732,0.015633784234523773,-1.0140855312347412,153,159
0.02802729606628418,positive,10.0,10.0,-0.03597459942102432,0.7950246930122375,-0.004647925496101379,-0.7165347337722778,153,160
0.02809453010559082,positive,10.0,10.0,-0.020074106752872467,0.9902106523513794,-0.018978619948029518,-1.0106769800186157,153,161
0.028321504592895508,positive,10.0,10.0,0.043261248618364334,0.7967826724052429,-0.08595925569534302,-0.7576348781585693,153,164
0.029120683670043945,positive,10.0,10.0,0.08304079622030258,0.03103698417544365,-0.08633548766374588,0.09067251533269882,153,174
0.02918696403503418,positive,10.0,10.0,0.0836615338921547,-0.16274820268154144,-0.08452203869819641,0.354916512966156,153,175
0.029331445693969727,positive,10.0,10.0,0.08107592165470123,-0.16046376526355743,-0.07668723165988922,0.3041093647480011,153,177
0.029476404190063477,positive,10.0,10.0,0.07857989519834518,-0.15837953984737396,-0.07083982974290848,0.25785788893699646,153,179
0.029624223709106445,positive,10.0,10.0,0.06836386024951935,-0.15644074976444244,-0.05513501912355423,0.21474727988243103,153,181
0.029689311981201172,positive,10.0,10.0,0.06523504108190536,-0.3507328927516937,-0.050840072333812714,0.4895411729812622,153,182
0.029834747314453125,positive,10.0,10.0,0.05512174591422081,-0.3494432270526886,-0.03742367401719093,0.46073469519615173,153,184
0.029899120330810547,positive,10.0,10.0,0.04813288152217865,-0.15381284058094025,-0.028208982199430466,0.1564946174621582,153,185
0.0300445556640625,positive,10.0,10.0,0.03808622807264328,-0.15305204689502716,-0.0162761602550745,0.13966462016105652,153,187
0.030108213424682617,positive,10.0,10.0,0.03502518683671951,-0.34793713688850403,-0.013482866808772087,0.4271685779094696,153,188
0.03017139434814453,positive,10.0,10.0,0.028066445142030716,-0.1526268571615219,-0.004939496051520109,0.13026590645313263,153,189
0.030234575271606445,positive,10.0,10.0,0.025013906881213188,-0.34767770767211914,-0.002334177726879716,0.42138639092445374,153,190
0.030381441116333008,positive,10.0,10.0,0.015009898692369461,-0.34773147106170654,0.008652920834720135,0.4225676655769348,153,192
0.030776023864746094,positive,10.0,10.0,-0.012002010829746723,-0.15410956740379333,0.04017039015889168,0.16309213638305664,153,197
0.03084111213684082,positive,10.0,10.0,-0.015084202401340008,-0.34978288412094116,0.04343223571777344,0.46817222237586975,153,198
0.030904531478881836,positive,10.0,10.0,-0.02207985892891884,-0.1553005576133728,0.05279567837715149,0.18948891758918762,153,199
0.00047278404235839844,positive,10.0,10.0,-0.025527218356728554,0.014514409005641937,-0.01141900010406971,0.017536303028464317,154,2
0.0005424022674560547,positive,10.0,10.0,-0.025236928835511208,-0.1804419308900833,-0.011068273335695267,0.3065946400165558,154,3
0.0006916522979736328,positive,10.0,10.0,-0.02854904904961586,-0.18021483719348907,-0.004727546591311693,0.3015630841255188,154,5
0.0007691383361816406,positive,10.0,10.0,-0.03215334564447403,0.01497417502105236,0.001303714932873845,0.0073929354548454285,154,6
0.0008373260498046875,positive,10.0,10.0,-0.03185386210680008,-0.18016645312309265,0.0014515736838802695,0.3004869222640991,154,7
0.0009865760803222656,positive,10.0,10.0,-0.04296337068080902,-0.18029233813285828,0.0193338580429554,0.30330395698547363,154,9
0.0010509490966796875,positive,10.0,10.0,-0.04656921699643135,0.014548811130225658,0.025399936363101006,0.01678064838051796,154,10
0.001196146011352539,positive,10.0,10.0,-0.04989680275321007,0.013818098232150078,0.03208291158080101,0.032911065965890884,154,12
0.0013413429260253906,positive,10.0,10.0,-0.05325542017817497,0.012892169877886772,0.0394519604742527,0.05336040258407593,154,14
0.0016531944274902344,positive,10.0,10.0,-0.0679023414850235,0.010186920873820782,0.06867392361164093,0.11324908584356308,154,18
0.001718759536743164,positive,10.0,10.0,-0.06769860535860062,-0.1858484148979187,0.07093890756368637,0.4267832636833191,154,19
0.0018644332885742188,positive,10.0,10.0,-0.07125155627727509,0.20210029184818268,0.08262017369270325,-0.10931019484996796,154,21
0.0019309520721435547,positive,10.0,10.0,-0.06720954924821854,0.39594709873199463,0.08043397217988968,-0.3748258352279663,154,22
0.0019948482513427734,positive,10.0,10.0,-0.059290606528520584,0.5898398756980896,0.07293745130300522,-0.64110267162323,154,23
0.0021538734436035156,positive,10.0,10.0,-0.03181634098291397,0.5879915952682495,0.04191631078720093,-0.5989992618560791,154,25
0.0023915767669677734,positive,10.0,10.0,-0.008274862542748451,0.0013146233977749944,0.024239232763648033,0.3087371587753296,154,28
0.002540111541748047,positive,10.0,10.0,-0.004326910711824894,0.0005383516545407474,0.03088989667594433,0.32591769099235535,154,30
0.0028455257415771484,positive,10.0,10.0,0.00346191949211061,-0.0016134721226990223,0.046558696776628494,0.3736072778701782,154,34
0.0029926300048828125,positive,10.0,10.0,0.007285994943231344,-0.0030357998330146074,0.05595005303621292,0.40518873929977417,154,36
0.003057241439819336,positive,10.0,10.0,0.007225279230624437,0.19124992191791534,0.06405382603406906,0.13065692782402039,154,37
0.003122091293334961,positive,10.0,10.0,0.011050277389585972,-0.004728325176984072,0.06666696816682816,0.4428403973579407,154,38
0.0033478736877441406,positive,10.0,10.0,0.022410599514842033,0.5772610306739807,0.077040895819664,-0.362802118062973,154,41
0.0034973621368408203,positive,10.0,10.0,0.04937998577952385,0.9652906656265259,0.05718020722270012,-0.9001473188400269,154,43
0.0036468505859375,positive,10.0,10.0,0.08407464623451233,0.963994562625885,0.027376195415854454,-0.8701423406600952,154,45
0.0037119388580322266,positive,10.0,10.0,0.10335453599691391,0.7685111165046692,0.009973348118364811,-0.5689795017242432,154,46
0.004417896270751953,positive,10.0,10.0,0.1793983429670334,0.18562982976436615,-0.0020889125298708677,0.2543386220932007,154,55
0.004565238952636719,positive,10.0,10.0,0.18292169272899628,0.18561747670173645,0.013925098814070225,0.2546250820159912,154,57
0.004630088806152344,positive,10.0,10.0,0.18663404881954193,-0.009700503200292587,0.019017601385712624,0.5516675114631653,154,58
0.004693508148193359,positive,10.0,10.0,0.18644003570079803,0.18514926731586456,0.03005095012485981,0.26503652334213257,154,59
0.004757404327392578,positive,10.0,10.0,0.19014301896095276,-0.01038842648267746,0.03535168245434761,0.5670442581176758,154,60
0.004902362823486328,positive,10.0,10.0,0.19361965358257294,-0.011535444296896458,0.052406664937734604,0.5927410125732422,154,62
0.005129814147949219,positive,10.0,10.0,0.20458456873893738,0.1809062361717224,0.07150721549987793,0.3593672811985016,154,65
0.0051953792572021484,positive,10.0,10.0,0.20820268988609314,0.37494269013404846,0.07869455963373184,0.09006161242723465,154,66
0.005502462387084961,positive,10.0,10.0,0.2614671587944031,1.1508063077926636,0.053889237344264984,-0.9809938073158264,154,70
0.005892276763916016,positive,10.0,10.0,0.3764519989490509,0.9545211791992188,-0.04196116328239441,-0.6610561013221741,154,75
0.0059583187103271484,positive,10.0,10.0,0.3955424129962921,0.7600074410438538,-0.055182285606861115,-0.38187530636787415,154,76
0.0060236454010009766,positive,10.0,10.0,0.41074255108833313,0.565710723400116,-0.06281979382038116,-0.10708915442228317,154,77
0.006337165832519531,positive,10.0,10.0,0.4639132618904114,0.959733784198761,-0.08553335070610046,-0.778003454208374,154,81
0.006570100784301758,negative,10.0,-10.0,0.5332707166671753,1.1588151454925537,-0.1513986885547638,-1.167102575302124,154,84
0.006720066070556641,negative,10.0,-10.0,0.5835580229759216,1.5523064136505127,-0.20480407774448395,-1.8449233770370483,154,86
0.0002696514129638672,positive,10.0,10.0,0.049809202551841736,-0.009210094809532166,0.0059782289899885654,0.04371144250035286,155,0
0.0003745555877685547,positive,10.0,10.0,0.04962500184774399,-0.20441725850105286,0.006852457765489817,0.3382745385169983,155,1
0.0006539821624755859,positive,10.0,10.0,0.04125462472438812,-0.009796390309929848,0.02146732807159424,0.05665650591254234,155,4
0.0009641647338867188,positive,10.0,10.0,0.03262656554579735,-0.011295008473098278,0.038581863045692444,0.08976653218269348,155,8
0.0010294914245605469,positive,10.0,10.0,0.03240066394209862,-0.20694813132286072,0.040377192199230194,0.394368052482605,155,9
0.0010955333709716797,positive,10.0,10.0,0.0282617025077343,-0.012421684339642525,0.048264551907777786,0.11468388140201569,155,10
0.0014803409576416016,positive,10.0,10.0,0.01906672492623329,-0.21161377429962158,0.07473138719797134,0.49825015664100647,155,15
0.001544952392578125,positive,10.0,10.0,0.0148344486951828,-0.017620641738176346,0.08469638973474503,0.23002320528030396,155,16
0.0017752647399902344,positive,10.0,10.0,0.025404557585716248,0.1736649125814438,0.08264081180095673,0.021244103088974953,155,19
0.0020041465759277344,positive,10.0,10.0,0.039654191583395004,0.36522549390792847,0.07964885979890823,-0.19360707700252533,155,22
0.002149343490600586,positive,10.0,10.0,0.05814116448163986,0.7530967593193054,0.06657393276691437,-0.7280078530311584,155,24
0.0022134780883789062,positive,10.0,10.0,0.07320310175418854,0.9472382664680481,0.05201377347111702,-0.9990167617797852,155,25
0.002276897430419922,positive,10.0,10.0,0.09214786440134048,0.7514610886573792,0.032033439725637436,-0.6904629468917847,155,26
0.002339601516723633,positive,10.0,10.0,0.10717708617448807,0.9461241960525513,0.01822417974472046,-0.972891628742218,155,27
0.0024106502532958984,positive,10.0,10.0,0.1260995715856552,0.7507625222206116,-0.0012336536310613155,-0.6745401620864868,155,28
0.002557039260864258,positive,10.0,10.0,0.16003285348415375,0.7509804368019104,-0.03407668322324753,-0.6795900464057922,155,30
0.002702474594116211,positive,10.0,10.0,0.19398362934589386,0.752106785774231,-0.06732455641031265,-0.7054664492607117,155,32
0.003737211227416992,positive,10.0,10.0,0.2514898180961609,-0.20272861421108246,-0.09358696639537811,0.3025318682193756,155,45
0.003802061080932617,positive,10.0,10.0,0.24743525683879852,-0.006406099535524845,-0.08753633499145508,-0.018137628212571144,155,46
0.0041081905364990234,positive,10.0,10.0,0.23147007822990417,-0.3917565941810608,-0.06896163523197174,0.4606301486492157,155,50
0.004255533218383789,positive,10.0,10.0,0.21972031891345978,-0.3899488151073456,-0.056808389723300934,0.42028310894966125,155,52
0.004403352737426758,positive,10.0,10.0,0.20803995430469513,-0.3884660303592682,-0.046197809278964996,0.3872738778591156,155,54
0.004631519317626953,positive,10.0,10.0,0.1886708289384842,-0.19164423644542694,-0.029630564153194427,0.056628525257110596,155,57
0.004942655563354492,positive,10.0,10.0,0.16558274626731873,-0.19020390510559082,-0.014455055817961693,0.0248324666172266,155,61
0.0054073333740234375,positive,10.0,10.0,0.13892389833927155,-0.579114556312561,-0.0071211704052984715,0.5808334946632385,155,67
0.005471706390380859,positive,10.0,10.0,0.1273415982723236,-0.38389351963996887,0.004495499189943075,0.2859157919883728,155,68
0.0058553218841552734,positive,10.0,10.0,0.0967329666018486,-0.18958193063735962,0.02191353589296341,0.011112373322248459,155,73
0.005918741226196289,positive,10.0,10.0,0.09294132888317108,-0.3850111663341522,0.02213578298687935,0.31062793731689453,155,74
0.0062978267669677734,positive,10.0,10.0,0.06216894090175629,-0.19205136597156525,0.04317310079932213,0.06564364582300186,155,79
0.006449222564697266,positive,10.0,10.0,0.05057261884212494,-0.1933021992444992,0.05191856250166893,0.09329845011234283,155,81
0.006594419479370117,positive,10.0,10.0,0.03892400488257408,-0.19480890035629272,0.06182251125574112,0.12664642930030823,155,83
0.006900787353515625,positive,10.0,10.0,0.01542668417096138,-0.19872868061065674,0.08607355505228043,0.21363462507724762,155,87
0.0069653987884521484,positive,10.0,10.0,0.01145211048424244,-0.004936027340590954,0.09034624695777893,-0.05070381611585617,155,88
0.007113456726074219,positive,10.0,10.0,0.015129031613469124,-0.007491331081837416,0.08306076377630234,0.005894709378480911,155,90
0.00725865364074707,positive,10.0,10.0,0.018706150352954865,0.38018935918807983,0.07798928022384644,-0.5248004794120789,155,92
0.007321596145629883,positive,10.0,10.0,0.026309937238693237,0.18406148254871368,0.06749327480792999,-0.208597332239151,155,93
0.0074656009674072266,positive,10.0,10.0,0.02975201979279518,-0.2079269289970398,0.06541311740875244,0.41655871272087097,155,95
0.007688283920288086,positive,10.0,10.0,0.028921732679009438,0.37414753437042236,0.07418131083250046,-0.39089372754096985,155,98
0.007752180099487305,positive,10.0,10.0,0.03640468046069145,0.17805546522140503,0.06636343151330948,-0.07577525079250336,155,99
0.007976293563842773,positive,10.0,10.0,0.03532800078392029,-0.01985861547291279,0.08057958632707596,0.2795266807079315,155,102
0.008366107940673828,positive,10.0,10.0,0.048703406006097794,0.5588998198509216,0.09054192900657654,-0.455730140209198,155,107
0.008430957794189453,positive,10.0,10.0,0.05988140031695366,0.7526327967643738,0.08142732083797455,-0.71855628490448,155,108
0.008574485778808594,positive,10.0,10.0,0.09386484324932098,0.750586211681366,0.04736541584134102,-0.6715703010559082,155,110
0.008795976638793945,positive,10.0,10.0,0.142766073346138,0.9443672895431519,0.002038108417764306,-0.9337596297264099,155,113
0.009021997451782227,positive,10.0,10.0,0.19552913308143616,0.7498549222946167,-0.048212070018053055,-0.6550254821777344,155,116
0.009088277816772461,positive,10.0,10.0,0.210526242852211,0.9456138014793396,-0.06131257861852646,-0.9624914526939392,155,117
0.00915217399597168,positive,10.0,10.0,0.22943851351737976,1.1415036916732788,-0.08056240528821945,-1.2737886905670166,155,118
0.009612560272216797,negative,10.0,-10.0,0.308374285697937,-0.017370153218507767,-0.15650980174541473,0.2267770767211914,155,124
0.009758710861206055,negative,10.0,-10.0,0.3038278818130493,-0.013043706305325031,-0.14264847338199615,0.12982603907585144,155,126
0.009823083877563477,negative,10.0,-10.0,0.3035670220851898,-0.20586469769477844,-0.1400519460439682,0.3743232190608978,155,127
0.0108489990234375,positive,10.0,10.0,0.24498139321804047,-0.3792966902256012,-0.09218540787696838,0.18550358712673187,155,140
0.010913610458374023,positive,10.0,10.0,0.23739545047283173,-0.5729870200157166,-0.08847533911466599,0.4477413296699524,155,141
0.010977029800415039,positive,10.0,10.0,0.22593571245670319,-0.7667533159255981,-0.07952050864696503,0.711276113986969,155,142
0.011281251907348633,positive,10.0,10.0,0.16471119225025177,-0.3734606206417084,-0.025253424420952797,0.05599375069141388,155,146
0.011504411697387695,positive,10.0,10.0,0.1384226530790329,-0.567624032497406,-0.016513308510184288,0.3275766670703888,155,149
0.011568307876586914,positive,10.0,10.0,0.12707017362117767,-0.3722709119319916,-0.009961774572730064,0.029732268303632736,155,150
0.01171875,positive,10.0,10.0,0.10827977955341339,-0.3719944953918457,-0.0029820173513144255,0.023633381351828575,155,152
0.011782169342041016,positive,10.0,10.0,0.10083989053964615,-0.5670735836029053,-0.002509349724277854,0.315373957157135,155,153
0.011844635009765625,positive,10.0,10.0,0.08949841558933258,-0.3719159662723541,0.0037981292698532343,0.021900724619627,155,154
0.011992216110229492,positive,10.0,10.0,0.07071825861930847,-0.3720308244228363,0.010551735758781433,0.02443559467792511,155,156
0.01205587387084961,positive,10.0,10.0,0.06327763944864273,-0.5673024654388428,0.011040447279810905,0.3204289376735687,155,157
0.012203693389892578,positive,10.0,10.0,0.04448480159044266,-0.5677073001861572,0.01807398907840252,0.3293849229812622,155,159
0.012267351150512695,positive,10.0,10.0,0.03313065320253372,-0.37284722924232483,0.024661686271429062,0.04245603084564209,155,160
0.01249551773071289,positive,10.0,10.0,0.006836149375885725,-0.5691347718238831,0.033532869070768356,0.3610030710697174,155,163
0.012559890747070312,positive,10.0,10.0,-0.0045465463772416115,-0.3745051324367523,0.04075293242931366,0.0790795385837555,155,164
0.012624502182006836,positive,10.0,10.0,-0.012036649510264397,-0.5701869130134583,0.04233452305197716,0.3843365013599396,155,165
0.012686967849731445,positive,10.0,10.0,-0.023440387099981308,-0.3756907284259796,0.050021253526210785,0.1052963063120842,155,166
0.01275181770324707,positive,10.0,10.0,-0.03095420077443123,-0.5714924931526184,0.0521271787583828,0.4133317172527313,155,167
0.013138532638549805,positive,10.0,10.0,-0.07266436517238617,0.00907575897872448,0.07379554212093353,-0.3604728579521179,155,172
0.013202667236328125,positive,10.0,10.0,-0.07248285412788391,-0.18701334297657013,0.06658608466386795,-0.04546353593468666,155,173
0.013429880142211914,positive,10.0,10.0,-0.09546396881341934,-0.3849600553512573,0.08262837678194046,0.3106260895729065,155,176
0.013494253158569336,positive,10.0,10.0,-0.10316316783428192,-0.5811560750007629,0.08884090185165405,0.6281811594963074,155,177
0.014199495315551758,positive,10.0,10.0,-0.11520858854055405,0.38109320402145386,0.08515316992998123,-0.5450006127357483,155,186
0.014344215393066406,positive,10.0,10.0,-0.10388903319835663,0.37887099385261536,0.06971817463636398,-0.4951167106628418,155,188
0.014575004577636719,positive,10.0,10.0,-0.09291655570268631,-0.20896588265895844,0.05878249183297157,0.4395020008087158,155,191
0.0003712177276611328,positive,10.0,10.0,-0.015003161504864693,-0.20899024605751038,-0.009011354297399521,0.30248284339904785,156,1
0.0004456043243408203,positive,10.0,10.0,-0.019182967022061348,-0.013741027563810349,-0.0029616975225508213,0.006971601862460375,156,2
0.0006856918334960938,positive,10.0,10.0,-0.023907361552119255,0.1814182996749878,0.003255045274272561,-0.28653979301452637,156,5
0.0008366107940673828,positive,10.0,10.0,-0.020553993061184883,-0.20883628726005554,-0.002332391683012247,0.29906871914863586,156,7
0.0009014606475830078,positive,10.0,10.0,-0.02473071962594986,-0.013681166805326939,0.003648982848972082,0.005651120096445084,156,8
0.0011265277862548828,positive,10.0,10.0,-0.02945719100534916,-0.2090475708246231,0.009911447763442993,0.303732693195343,156,11
0.0011909008026123047,positive,10.0,10.0,-0.03363814204931259,-0.01406826265156269,0.01598610170185566,0.014192013069987297,156,12
0.0012547969818115234,positive,10.0,10.0,-0.03391950577497482,-0.20941577851772308,0.01626994088292122,0.3118755519390106,156,13
0.0014019012451171875,positive,10.0,10.0,-0.03839841112494469,0.1802627146244049,0.022994808852672577,-0.2611296772956848,156,15
0.0014655590057373047,positive,10.0,10.0,-0.03479315713047981,-0.015179816633462906,0.017772214487195015,0.03871647268533707,156,16
0.0015289783477783203,positive,10.0,10.0,-0.035096753388643265,-0.21055205166339874,0.018546544015407562,0.3369533121585846,156,17
0.0017554759979248047,positive,10.0,10.0,-0.04384525120258331,-0.016435690224170685,0.03330370411276817,0.06644989550113678,156,20
0.0019812583923339844,positive,10.0,10.0,-0.04876245930790901,-0.2131040096282959,0.043779466301202774,0.3935258090496063,156,23
0.002124786376953125,positive,10.0,10.0,-0.05339713394641876,-0.21445226669311523,0.053949203342199326,0.42348140478134155,156,25
0.002188444137573242,positive,10.0,10.0,-0.057686179876327515,-0.020134439691901207,0.06241882964968681,0.14828209578990936,156,26
0.0022516250610351562,positive,10.0,10.0,-0.058088868856430054,-0.21609210968017578,0.06538446992635727,0.4599854052066803,156,27
0.0026350021362304688,positive,10.0,10.0,-0.04869394749403,-0.026231391355395317,0.06921614706516266,0.2831248342990875,156,32
0.002780914306640625,positive,10.0,10.0,-0.0536639504134655,-0.028270168229937553,0.08681484311819077,0.32862135767936707,156,34
0.0028455257415771484,positive,10.0,10.0,-0.05422935262322426,0.16551551222801208,0.09338727593421936,0.06452905386686325,156,35
0.002990245819091797,positive,10.0,10.0,-0.043735381215810776,0.5528322458267212,0.09073204547166824,-0.45866963267326355,156,37
0.0033795833587646484,positive,10.0,10.0,0.03473104164004326,0.7433847188949585,0.014859539456665516,-0.6486391425132751,156,42
0.003446340560913086,positive,10.0,10.0,0.04959873482584953,0.9382965564727783,0.0018867563921958208,-0.9366060495376587,156,43
0.003591299057006836,positive,10.0,10.0,0.09103252738714218,0.9384918212890625,-0.04141927510499954,-0.9413375854492188,156,45
0.00365447998046875,positive,10.0,10.0,0.10980236530303955,0.7439518570899963,-0.06024602800607681,-0.6619516015052795,156,46
0.004513740539550781,positive,10.0,10.0,0.16963882744312286,-0.21569472551345825,-0.08136937022209167,0.45207923650741577,156,57
0.004736900329589844,positive,10.0,10.0,0.16066373884677887,-0.017500612884759903,-0.06155155599117279,0.09011665731668472,156,60
0.004880428314208984,positive,10.0,10.0,0.1560799479484558,-0.01577075384557247,-0.05249397084116936,0.051854126155376434,156,62
0.00494384765625,positive,10.0,10.0,0.15576453506946564,-0.21010224521160126,-0.051456891000270844,0.32752367854118347,156,63
0.0051670074462890625,positive,10.0,10.0,0.1471020132303238,-0.013009592890739441,-0.038580041378736496,-0.009135331958532333,156,66
0.005312919616699219,positive,10.0,10.0,0.14269067347049713,-0.4021056294441223,-0.033340152353048325,0.5513392090797424,156,68
0.005536079406738281,positive,10.0,10.0,0.12249135971069336,-0.20596641302108765,-0.006668478716164827,0.23580539226531982,156,71
0.005602836608886719,positive,10.0,10.0,0.11837203800678253,-0.4009924530982971,-0.001952370977960527,0.5263774394989014,156,72
0.005912065505981445,positive,10.0,10.0,0.0940905287861824,-0.40160706639289856,0.02860533632338047,0.540068507194519,156,76
0.00597691535949707,positive,10.0,10.0,0.08605838567018509,-0.20689862966537476,0.039406705647706985,0.2565341889858246,156,77
0.00612330436706543,positive,10.0,10.0,0.07386920601129532,-0.2080908566713333,0.055765021592378616,0.2830561697483063,156,79
0.0061872005462646484,positive,10.0,10.0,0.06970738619565964,-0.40396201610565186,0.06142614781856537,0.5927926301956177,156,80
0.006250143051147461,positive,10.0,10.0,0.06162814795970917,-0.20975130796432495,0.07328199595212936,0.3200739026069641,156,81
0.006312370300292969,positive,10.0,10.0,0.057433124631643295,-0.015745343640446663,0.07968347519636154,0.05137164145708084,156,82
0.0066986083984375,positive,10.0,10.0,0.07123825699090958,-0.2160647064447403,0.06641876697540283,0.45942920446395874,156,87
0.006844043731689453,positive,10.0,10.0,0.06647813320159912,0.1720219999551773,0.07937533408403397,-0.07950746268033981,156,89
0.007479667663574219,positive,10.0,10.0,0.08558343350887299,0.5526990294456482,0.09195610135793686,-0.45575135946273804,156,97
0.007544755935668945,positive,10.0,10.0,0.09663741290569305,0.7464087009429932,0.08284107595682144,-0.7180912494659424,156,98
0.007607936859130859,positive,10.0,10.0,0.11156558245420456,0.9402925372123718,0.06847924739122391,-0.9835922122001648,156,99
0.007670402526855469,positive,10.0,10.0,0.13037143647670746,0.7443232536315918,0.048807404935359955,-0.6702101230621338,156,100
0.00773310661315918,positive,10.0,10.0,0.14525790512561798,0.9387338757514954,0.03540319949388504,-0.9471350908279419,156,101
0.007877111434936523,positive,10.0,10.0,0.17889565229415894,0.9380422830581665,0.0035896592307835817,-0.930996298789978,156,103
0.00794076919555664,positive,10.0,10.0,0.19765649735927582,0.7428720593452454,-0.015030267648398876,-0.6371875405311584,156,104
0.00800323486328125,positive,10.0,10.0,0.21251393854618073,0.9382003545761108,-0.027774017304182053,-0.9345656037330627,156,105
0.008145809173583984,positive,10.0,10.0,0.24614721536636353,0.9392011165618896,-0.05948008969426155,-0.9576829075813293,156,107
0.008210420608520508,positive,10.0,10.0,0.26493123173713684,0.7449272274971008,-0.07863374799489975,-0.6842642426490784,156,108
0.008274555206298828,positive,10.0,10.0,0.27982980012893677,0.5509800314903259,-0.09231903403997421,-0.41733694076538086,156,109
0.008744955062866211,positive,10.0,10.0,0.3034673035144806,0.16932104527950287,-0.08762870728969574,-0.01976008154451847,156,115
0.008970975875854492,positive,10.0,10.0,0.3020007908344269,-0.022014690563082695,-0.07298889756202698,0.19002823531627655,156,118
0.009115219116210938,positive,10.0,10.0,0.29724007844924927,-0.019992368295788765,-0.06001187860965729,0.14515861868858337,156,120
0.009338855743408203,positive,10.0,10.0,0.29218965768814087,-0.21271389722824097,-0.046578362584114075,0.38511088490486145,156,123
0.009565114974975586,positive,10.0,10.0,0.28336599469184875,-0.015874406322836876,-0.03014823980629444,0.054070357233285904,156,126
0.010031700134277344,positive,10.0,10.0,0.2698664665222168,-0.40420907735824585,-0.008580655790865421,0.5973590612411499,156,132
0.010096311569213867,positive,10.0,10.0,0.2617822587490082,-0.2089681178331375,0.003366525750607252,0.3019857406616211,156,133
0.01040029525756836,positive,10.0,10.0,0.2528586983680725,-0.20951026678085327,0.016060946509242058,0.3139718770980835,156,137
0.01046442985534668,positive,10.0,10.0,0.24866849184036255,-0.014620739966630936,0.022340385243296623,0.026397019624710083,156,138
0.010614395141601562,positive,10.0,10.0,0.24417497217655182,-0.01526680774986744,0.02938920445740223,0.040659595280885696,156,140
0.010679006576538086,positive,10.0,10.0,0.2438696324825287,-0.21079759299755096,0.03020239807665348,0.3424683213233948,156,141
0.010824441909790039,positive,10.0,10.0,0.23933131992816925,-0.21175113320350647,0.03824096918106079,0.3635992705821991,156,143
0.010890007019042969,positive,10.0,10.0,0.2350962907075882,-0.017192959785461426,0.045512955635786057,0.08321546763181686,156,144
0.010956525802612305,positive,10.0,10.0,0.23475243151187897,-0.21293677389621735,0.0471772663295269,0.38990333676338196,156,145
0.011103153228759766,positive,10.0,10.0,0.2301234006881714,-0.2143799066543579,0.05722453445196152,0.4219682216644287,156,147
0.011249303817749023,positive,10.0,10.0,0.22543352842330933,-0.2161112129688263,0.06862110644578934,0.46051475405693054,156,149
0.011397600173950195,positive,10.0,10.0,0.22067084908485413,0.1719043105840683,0.08163592219352722,-0.076924629509449,156,151
0.011623620986938477,positive,10.0,10.0,0.234816312789917,0.3636014759540558,0.07272294908761978,-0.2946534752845764,156,154
0.011687278747558594,positive,10.0,10.0,0.24208834767341614,0.167522132396698,0.06682988256216049,0.020049838349223137,156,155
0.011914253234863281,positive,10.0,10.0,0.24818120896816254,0.3596014380455017,0.07513782382011414,-0.20618486404418945,156,158
0.011980772018432617,positive,10.0,10.0,0.2553732395172119,0.553572952747345,0.07101412862539291,-0.47425150871276855,156,159
0.012044668197631836,positive,10.0,10.0,0.26644468307495117,0.7476239800453186,0.061529096215963364,-0.7437337636947632,156,160
0.01210784912109375,positive,10.0,10.0,0.28139716386795044,0.941845178604126,0.04665442183613777,-1.0164361000061035,156,161
0.0122528076171875,positive,10.0,10.0,0.3151567578315735,0.9408808946609497,0.01213617343455553,-0.9937576651573181,156,163
0.012316703796386719,positive,10.0,10.0,0.33397436141967773,0.7455987334251404,-0.007738979067653418,-0.6972879767417908,156,164
0.01238107681274414,positive,10.0,10.0,0.3488863408565521,0.9408271312713623,-0.021684739738702774,-0.9923970699310303,156,165
0.012526750564575195,positive,10.0,10.0,0.38262292742729187,0.5514792799949646,-0.05566473677754402,-0.42727750539779663,156,167
0.012670516967773438,positive,10.0,10.0,0.4007962644100189,0.5531678795814514,-0.06726326793432236,-0.4648778438568115,156,169
0.01273488998413086,positive,10.0,10.0,0.4118596315383911,0.35905763506889343,-0.07656082510948181,-0.19413143396377563,156,170
0.012798786163330078,positive,10.0,10.0,0.4190407693386078,0.16510960459709167,-0.08044345676898956,0.07345151156187057,156,171
0.012943267822265625,positive,10.0,10.0,0.4217675030231476,-0.22268706560134888,-0.07218024134635925,0.6064802408218384,156,173
0.013007402420043945,positive,10.0,10.0,0.4173137843608856,-0.41672948002815247,-0.06005063280463219,0.8755833506584167,156,174
0.013325214385986328,positive,10.0,10.0,0.38405483961105347,-0.4147195816040039,0.008152795024216175,0.829164445400238,156,178
0.013628721237182617,positive,10.0,10.0,0.34304022789001465,-0.4166664481163025,0.08695023506879807,0.8747888207435608,156,182
0.01393747329711914,negative,10.0,-10.0,0.3095441460609436,-0.03324252739548683,0.16073207557201385,0.442499041557312,156,186
0.014084339141845703,negative,10.0,-10.0,0.30427470803260803,-0.037794679403305054,0.18520653247833252,0.5463297367095947,156,188
0.014148473739624023,negative,10.0,-10.0,0.30351880192756653,0.15430842339992523,0.19613313674926758,0.3172430396080017,156,189
0.0005135536193847656,positive,10.0,10.0,0.0046016983687877655,-0.41079360246658325,-0.019999738782644272,0.5334515571594238,157,2
0.0006673336029052734,positive,10.0,10.0,-0.00792209804058075,-0.41038358211517334,-0.004640017636120319,0.5242596864700317,157,4
0.0007340908050537109,positive,10.0,10.0,-0.016129769384860992,-0.2151966392993927,0.005845176056027412,0.2301182746887207,157,5
0.0009603500366210938,positive,10.0,10.0,-0.032950300723314285,-0.41084304451942444,0.025645658373832703,0.5344805717468262,157,8
0.0011873245239257812,positive,10.0,10.0,-0.053723227232694626,-0.2171945422887802,0.05241314321756363,0.2745276689529419,157,11
0.001348257064819336,positive,10.0,10.0,-0.06632759422063828,-0.21875864267349243,0.06956910341978073,0.3093753755092621,157,13
0.0015769004821777344,positive,10.0,10.0,-0.06781132519245148,0.36321452260017395,0.07197630405426025,-0.49602365493774414,157,16
0.0017998218536376953,positive,10.0,10.0,-0.05777987465262413,-0.2247052639722824,0.061025604605674744,0.44056999683380127,157,19
0.0019450187683105469,positive,10.0,10.0,-0.06288393586874008,-0.22654613852500916,0.07319162786006927,0.4816025197505951,157,21
0.0020895004272460938,positive,10.0,10.0,-0.06806544214487076,0.1613166481256485,0.08708079904317856,-0.052594300359487534,157,23
0.002154111862182617,positive,10.0,10.0,-0.06483910977840424,0.3550890386104584,0.08602891117334366,-0.3165821135044098,157,24
0.0022170543670654297,positive,10.0,10.0,-0.057737331837415695,0.15885378420352936,0.07969726622104645,0.0019434877904132009,157,25
0.0022797584533691406,positive,10.0,10.0,-0.054560255259275436,0.35274767875671387,0.0797361359000206,-0.2645679712295532,157,26
0.0024247169494628906,positive,10.0,10.0,-0.036572374403476715,0.7406465411186218,0.06382329016923904,-0.7994020581245422,157,28
0.0025687217712402344,positive,10.0,10.0,-0.003062691306695342,0.7391169667243958,0.02640836499631405,-0.7640409469604492,157,30
0.00263214111328125,positive,10.0,10.0,0.011719648726284504,0.933865487575531,0.01112754549831152,-1.048298716545105,157,31
0.002854585647583008,positive,10.0,10.0,0.06384599208831787,0.7390707731246948,-0.045839425176382065,-0.7631363868713379,157,34
0.0029180049896240234,positive,10.0,10.0,0.07862740755081177,0.9347931146621704,-0.06110215187072754,-1.0698835849761963,157,35
0.003648519515991211,positive,10.0,10.0,0.1230129823088646,-0.027729559689760208,-0.08817408978939056,0.10674222558736801,157,44
0.003793478012084961,positive,10.0,10.0,0.11802870035171509,-0.02525228075683117,-0.07863212376832962,0.051832132041454315,157,46
0.0038595199584960938,positive,10.0,10.0,0.11752365529537201,-0.21916383504867554,-0.07759547978639603,0.3187066912651062,157,47
0.00408482551574707,positive,10.0,10.0,0.10833863914012909,-0.41109758615493774,-0.06572968512773514,0.5414001941680908,157,50
0.004148721694946289,positive,10.0,10.0,0.10011669248342514,-0.21511633694171906,-0.05490168184041977,0.2287525087594986,157,51
0.004373788833618164,positive,10.0,10.0,0.08335374295711517,-0.40814241766929626,-0.03634381666779518,0.47523370385169983,157,54
0.004439592361450195,positive,10.0,10.0,0.07519089430570602,-0.2125266045331955,-0.02683914266526699,0.17132101953029633,157,55
0.005059957504272461,positive,10.0,10.0,0.02570311538875103,-0.21173086762428284,0.021197935566306114,0.15372775495052338,157,63
0.005213022232055664,positive,10.0,10.0,0.01332550123333931,-0.21237938106060028,0.033332932740449905,0.16808785498142242,157,65
0.005462169647216797,positive,10.0,10.0,0.004455352667719126,-0.4089750051498413,0.03821945562958717,0.4934726059436798,157,68
0.005610942840576172,positive,10.0,10.0,-0.008012394420802593,-0.410187691450119,0.052350420504808426,0.5205317139625549,157,70
0.005758047103881836,positive,10.0,10.0,-0.02053295262157917,-0.4117998480796814,0.06765693426132202,0.5565942525863647,157,72
0.00614166259765625,positive,10.0,10.0,-0.02292036823928356,0.16770131886005402,0.0697670429944992,-0.1936972290277481,157,77
0.00636744499206543,positive,10.0,10.0,-0.024620192125439644,-0.030254947021603584,0.07695364952087402,0.16247934103012085,157,80
0.0064334869384765625,positive,10.0,10.0,-0.025225291028618813,0.1636858433485031,0.08020323514938354,-0.1049688383936882,157,81
0.006899356842041016,positive,10.0,10.0,-0.017610881477594376,0.15712229907512665,0.09230732172727585,0.04032987728714943,157,87
0.007124185562133789,positive,10.0,10.0,0.0034373956732451916,0.7382497787475586,0.0790010616183281,-0.7472513914108276,157,90
0.007189273834228516,positive,10.0,10.0,0.018202390521764755,0.9321980476379395,0.06405603140592575,-1.0140641927719116,157,91
0.007334470748901367,positive,10.0,10.0,0.051572009921073914,0.9307716488838196,0.029735255986452103,-0.9805626273155212,157,93
0.0074808597564697266,positive,10.0,10.0,0.08489272743463516,0.9302439093589783,-0.0034497962333261967,-0.9681683778762817,157,95
0.007544517517089844,positive,10.0,10.0,0.10349760204553604,1.1254119873046875,-0.022813163697719574,-1.2619329690933228,157,96
0.00776982307434082,positive,10.0,10.0,0.1593404859304428,0.9321339726448059,-0.08156687021255493,-1.0124396085739136,157,99
0.008639097213745117,positive,10.0,10.0,0.19847135245800018,-0.025113871321082115,-0.09311028569936752,0.04888159781694412,157,110
0.008863449096679688,positive,10.0,10.0,0.19314375519752502,-0.21627177298069,-0.08610595762729645,0.2549246847629547,157,113
0.009252071380615234,positive,10.0,10.0,0.16394101083278656,-0.4062099754810333,-0.05396554619073868,0.43299975991249084,157,118
0.009317636489868164,positive,10.0,10.0,0.15581680834293365,-0.2103671282529831,-0.04530555009841919,0.12380500137805939,157,119
0.009463787078857422,positive,10.0,10.0,0.14351323246955872,-0.20910927653312683,-0.034792304039001465,0.09598485380411148,157,121
0.009527444839477539,positive,10.0,10.0,0.13933105766773224,-0.40371572971343994,-0.032872606068849564,0.3774910271167755,157,122
0.00959014892578125,positive,10.0,10.0,0.13125674426555634,-0.2081427127122879,-0.02532278746366501,0.07462716102600098,157,123
0.009652853012084961,positive,10.0,10.0,0.12709388136863708,-0.4028926491737366,-0.023830244317650795,0.35921430587768555,157,124
0.009715557098388672,positive,10.0,10.0,0.11903603374958038,-0.20744019746780396,-0.01664595864713192,0.05911342799663544,157,125
0.009778022766113281,positive,10.0,10.0,0.11488723009824753,-0.4023195803165436,-0.015463689342141151,0.3464983105659485,157,126
0.009843587875366211,positive,10.0,10.0,0.1068408340215683,-0.2069811075925827,-0.008533723652362823,0.0489795058965683,157,127
0.009909391403198242,positive,10.0,10.0,0.10270121693611145,-0.011737840250134468,-0.0075541334226727486,-0.24638362228870392,157,128
0.009973764419555664,positive,10.0,10.0,0.10246645659208298,-0.20675109326839447,-0.012481805868446827,0.04390701651573181,157,129
0.010037660598754883,positive,10.0,10.0,0.09833143651485443,-0.40169185400009155,-0.01160366553813219,0.3326258361339569,157,130
0.010101556777954102,positive,10.0,10.0,0.09029759466648102,-0.20640668272972107,-0.004951148759573698,0.036306388676166534,157,131
0.010246753692626953,positive,10.0,10.0,0.07814031839370728,-0.20627543330192566,0.0023234402760863304,0.03341076150536537,157,133
0.010310888290405273,positive,10.0,10.0,0.074014812707901,-0.4014306366443634,0.002991655608639121,0.3268258571624756,157,134
0.010376214981079102,positive,10.0,10.0,0.06598619371652603,-0.2063513994216919,0.009528172202408314,0.035087861120700836,157,135
0.010440349578857422,positive,10.0,10.0,0.061859168112277985,-0.011367371305823326,0.010229930281639099,-0.25457367300987244,157,136
0.010503530502319336,positive,10.0,10.0,0.06163182109594345,-0.20663388073444366,0.00513845682144165,0.04131832346320152,157,137
0.010566949844360352,positive,10.0,10.0,0.05749914422631264,-0.40182915329933167,0.005964823067188263,0.3356180489063263,157,138
0.010711431503295898,positive,10.0,10.0,0.04532670974731445,-0.4020940065383911,0.01357362512499094,0.341477632522583,157,140
0.010775566101074219,positive,10.0,10.0,0.03728482872247696,-0.20716777443885803,0.02040317840874195,0.05310576409101486,157,141
0.010838747024536133,positive,10.0,10.0,0.033141475170850754,-0.4025762379169464,0.021465294063091278,0.3521555960178375,157,142
0.010904073715209961,positive,10.0,10.0,0.025089949369430542,-0.20776602625846863,0.02850840426981449,0.06631786376237869,157,143
0.011048316955566406,positive,10.0,10.0,0.012868931517004967,-0.208599254488945,0.037191908806562424,0.08472897112369537,157,145
0.011434316635131836,positive,10.0,10.0,-0.01591123640537262,-0.4069385528564453,0.05993231385946274,0.4490273892879486,157,150
0.011498451232910156,positive,10.0,10.0,-0.02405000850558281,-0.21271327137947083,0.06891286373138428,0.17582207918167114,157,151
0.011723995208740234,positive,10.0,10.0,-0.040773697197437286,-0.020864561200141907,0.08662615716457367,-0.04523885250091553,157,154
0.011787652969360352,positive,10.0,10.0,-0.041190989315509796,0.1729152947664261,0.08572138100862503,-0.30938243865966797,157,155
0.011851072311401367,positive,10.0,10.0,-0.03773268312215805,-0.023316774517297745,0.07953373342752457,0.009056078270077705,157,156
0.011913776397705078,positive,10.0,10.0,-0.03819901868700981,0.17057980597019196,0.07971484959125519,-0.25751110911369324,157,157
0.011976242065429688,positive,10.0,10.0,-0.03478742390871048,0.36447855830192566,0.074564628303051,-0.524024248123169,157,158
0.0120391845703125,positive,10.0,10.0,-0.027497852221131325,0.16839078068733215,0.06408414244651794,-0.20880821347236633,157,159
0.012102365493774414,positive,10.0,10.0,-0.024130037054419518,-0.027586190029978752,0.059907980263233185,0.10338166356086731,157,160
0.01216578483581543,positive,10.0,10.0,-0.024681759998202324,-0.22351324558258057,0.06197561323642731,0.41434741020202637,157,161
0.012312650680541992,positive,10.0,10.0,-0.029738465324044228,-0.2253761887550354,0.07309914380311966,0.4558248519897461,157,163
0.012376546859741211,positive,10.0,10.0,-0.034245990216732025,-0.031359776854515076,0.08221563696861267,0.18704943358898163,157,164
0.012603282928466797,positive,10.0,10.0,-0.024497536942362785,0.16007205843925476,0.07752487063407898,-0.024926256388425827,157,167
0.012829065322875977,positive,10.0,10.0,-0.018860062584280968,0.35171493887901306,0.08332471549510956,-0.24169151484966278,157,170
0.012893438339233398,positive,10.0,10.0,-0.011825762689113617,0.5455539226531982,0.07849088311195374,-0.506972074508667,157,171
0.01311802864074707,positive,10.0,10.0,0.03254717215895653,0.7378230690956116,0.03198613226413727,-0.7355408668518066,157,174
0.013181924819946289,positive,10.0,10.0,0.047303635627031326,0.9324889183044434,0.017275316640734673,-1.0179879665374756,157,175
0.013354301452636719,positive,10.0,10.0,0.0806962326169014,0.9323054552078247,-0.017483066767454147,-1.0135833024978638,157,177
0.014301061630249023,positive,10.0,10.0,0.1574248969554901,-0.2247176319360733,-0.06620603799819946,0.4413481652736664,157,189
0.01468038558959961,positive,10.0,10.0,0.14292305707931519,-0.02581622824072838,-0.037478767335414886,0.06422732025384903,157,194
0.014905214309692383,positive,10.0,10.0,0.13750383257865906,-0.21945355832576752,-0.02847752533853054,0.3242781460285187,157,197
0.014969825744628906,positive,10.0,10.0,0.133114755153656,-0.02393794246017933,-0.02199196256697178,0.022752366960048676,157,198
0.0004115104675292969,positive,10.0,10.0,0.03839624673128128,-0.21431352198123932,-0.019955771043896675,0.32210931181907654,158,1
0.0006210803985595703,positive,10.0,10.0,0.03373171389102936,-0.21383874118328094,-0.013049573637545109,0.3115893006324768,158,3
0.0009219646453857422,positive,10.0,10.0,0.024813136085867882,-0.01834256947040558,-0.00041452000732533634,0.010611267760396004,158,6
0.0011138916015625,positive,10.0,10.0,0.020177112892270088,-0.018333740532398224,0.00586097314953804,0.010416660457849503,158,8
0.0013070106506347656,positive,10.0,10.0,0.015539652667939663,-0.4087471663951874,0.012168166227638721,0.5995338559150696,158,10
0.001390218734741211,positive,10.0,10.0,0.00736470939591527,-0.21379755437374115,0.024158842861652374,0.3107084333896637,158,11
0.0014743804931640625,positive,10.0,10.0,0.003088758559897542,-0.019027981907129288,0.030373012647032738,0.025741346180438995,158,12
0.0015575885772705078,positive,10.0,10.0,0.002708198968321085,0.17564553022384644,0.030887840315699577,-0.25720593333244324,158,13
0.0017437934875488281,positive,10.0,10.0,0.005823039915412664,-0.21538494527339935,0.026644865050911903,0.345750093460083,158,15
0.0018267631530761719,positive,10.0,10.0,0.0015153409913182259,-0.020651942119002342,0.03355986624956131,0.06158693507313728,158,16
0.0019087791442871094,positive,10.0,10.0,0.0011023021070286632,-0.2162385880947113,0.03479160740971565,0.3646664619445801,158,17
0.001989603042602539,positive,10.0,10.0,-0.0032224697060883045,-0.021627919748425484,0.042084936052560806,0.08315377682447433,158,18
0.002686023712158203,positive,10.0,10.0,-0.01824846863746643,0.16782794892787933,0.07774436473846436,-0.08488418906927109,158,25
0.003179788589477539,positive,10.0,10.0,-0.0094806719571352,-0.03241342678666115,0.08563492447137833,0.3220974802970886,158,30
0.003263235092163086,positive,10.0,10.0,-0.01012894045561552,0.16139130294322968,0.092076875269413,0.05760154873132706,158,31
0.0034554004669189453,positive,10.0,10.0,0.00020049935847055167,0.5487543344497681,0.08913552016019821,-0.4665486514568329,158,33
0.0035457611083984375,positive,10.0,10.0,0.01117558591067791,0.7425112724304199,0.07980454713106155,-0.7298591136932373,158,34
0.003628969192504883,positive,10.0,10.0,0.026025811210274696,0.9364447593688965,0.06520736217498779,-0.9963959455490112,158,35
0.0042269229888916016,positive,10.0,10.0,0.1265271157026291,0.9346762299537659,-0.03292035311460495,-0.9548143744468689,158,41
0.004313468933105469,positive,10.0,10.0,0.14522063732147217,0.7400122284889221,-0.05201663821935654,-0.6726533770561218,158,42
0.004601001739501953,positive,10.0,10.0,0.18576663732528687,0.5476045608520508,-0.08759304136037827,-0.4406723976135254,158,45
0.005099773406982422,positive,10.0,10.0,0.20959264039993286,-0.03068096563220024,-0.09096397459506989,0.2840232253074646,158,50
0.005182504653930664,positive,10.0,10.0,0.20897901058197021,-0.2243957370519638,-0.08528351038694382,0.5466874837875366,158,51
0.0053708553314208984,positive,10.0,10.0,0.2039273977279663,-0.2221706658601761,-0.06978178024291992,0.49673402309417725,158,53
0.005877017974853516,positive,10.0,10.0,0.1740797609090805,-0.4135400056838989,-0.012293520383536816,0.7053864002227783,158,58
0.0059604644775390625,positive,10.0,10.0,0.16580896079540253,-0.21824990212917328,0.0018142069457098842,0.40885913372039795,158,59
0.006148815155029297,positive,10.0,10.0,0.16098088026046753,-0.21841739118099213,0.012326364405453205,0.41256704926490784,158,61
0.006230592727661133,positive,10.0,10.0,0.15661253035068512,-0.023472320288419724,0.020577706396579742,0.1237955093383789,158,62
0.006415367126464844,positive,10.0,10.0,0.15176543593406677,-0.024095047265291214,0.031511593610048294,0.1375717669725418,158,64
0.006604433059692383,positive,10.0,10.0,0.14689044654369354,-0.025033121928572655,0.04306356981396675,0.15833882987499237,158,66
0.006791353225708008,positive,10.0,10.0,0.14197491109371185,-0.026305094361305237,0.05551615357398987,0.18652988970279694,158,68
0.00687408447265625,positive,10.0,10.0,0.14144879579544067,-0.22217558324337006,0.05924674868583679,0.49619635939598083,158,69
0.006956815719604492,positive,10.0,10.0,0.1370052844285965,-0.027936937287449837,0.06917067617177963,0.222757950425148,158,70
0.007246732711791992,positive,10.0,10.0,0.1313677877187729,0.1638609617948532,0.08971104770898819,0.0028973303269594908,158,73
0.007329463958740234,positive,10.0,10.0,0.134645015001297,0.357589453458786,0.08976899087429047,-0.2601871192455292,158,74
0.007414817810058594,positive,10.0,10.0,0.1417967975139618,0.551322877407074,0.08456525206565857,-0.5232605338096619,158,75
0.007503032684326172,positive,10.0,10.0,0.15282325446605682,0.35511890053749084,0.07410003989934921,-0.20517368614673615,158,76
0.007798194885253906,positive,10.0,10.0,0.18577127158641815,0.9374111294746399,0.04565636068582535,-1.016456127166748,158,79
0.007881402969360352,positive,10.0,10.0,0.20451949536800385,0.7417111992835999,0.025327235460281372,-0.7097938060760498,158,80
0.008275508880615234,positive,10.0,10.0,0.2716361880302429,0.741635799407959,-0.042594727128744125,-0.7082054018974304,158,84
0.008462905883789062,positive,10.0,10.0,0.30521532893180847,0.7430002689361572,-0.07703855633735657,-0.7396523952484131,158,86
0.009168386459350586,positive,10.0,10.0,0.34348174929618835,-0.22241878509521484,-0.09381511807441711,0.5033222436904907,158,93
0.00924992561340332,positive,10.0,10.0,0.3390333950519562,-0.41610196232795715,-0.08374867588281631,0.7650282382965088,158,94
0.009436607360839844,positive,10.0,10.0,0.32631269097328186,-0.023912642151117325,-0.059503860771656036,0.13376276195049286,158,96
0.009623289108276367,positive,10.0,10.0,0.3214717507362366,-0.022254232317209244,-0.04868669807910919,0.09705141931772232,158,98
0.009705066680908203,positive,10.0,10.0,0.32102668285369873,-0.21664580702781677,-0.0467456690967083,0.37398502230644226,158,99
0.009787321090698242,positive,10.0,10.0,0.3166937530040741,-0.020892081782221794,-0.03926596790552139,0.06693697720766068,158,100
0.00997614860534668,positive,10.0,10.0,0.31196731328964233,-0.01978939026594162,-0.030987681820988655,0.04257989302277565,158,102
0.01005864143371582,positive,10.0,10.0,0.31157153844833374,0.17576289176940918,-0.03013608418405056,-0.25971662998199463,158,103
0.010140419006347656,positive,10.0,10.0,0.3150867819786072,-0.018916171044111252,-0.03533041849732399,0.02331070601940155,158,104
0.01022195816040039,positive,10.0,10.0,0.3147084712982178,-0.21351410448551178,-0.03486420214176178,0.3046404719352722,158,105
0.010305166244506836,positive,10.0,10.0,0.3104381859302521,-0.017913103103637695,-0.02877139300107956,0.0011692612897604704,158,106
0.01059722900390625,positive,10.0,10.0,0.2976814806461334,-0.2118736356496811,-0.011692928150296211,0.2682604193687439,158,109
0.010683059692382812,positive,10.0,10.0,0.2934440076351166,-0.40682679414749146,-0.006327720358967781,0.5572324991226196,158,110
0.010765790939331055,positive,10.0,10.0,0.28530746698379517,-0.6018593311309814,0.004816929344087839,0.8479151129722595,158,111
0.010848283767700195,positive,10.0,10.0,0.27327027916908264,-0.4068034291267395,0.02177523262798786,0.5567508339881897,158,112
0.01092982292175293,positive,10.0,10.0,0.26513421535491943,-0.21199382841587067,0.03291025012731552,0.27100712060928345,158,113
0.011116743087768555,positive,10.0,10.0,0.2527429461479187,-0.21300537884235382,0.04980810731649399,0.2935202121734619,158,115
0.011198997497558594,positive,10.0,10.0,0.2484828382730484,-0.018627643585205078,0.055678509175777435,0.016952721402049065,158,116
0.027842998504638672,positive,10.0,10.0,0.24689486622810364,-0.0220192763954401,0.05919137969613075,0.09190106391906738,158,120
0.02803349494934082,positive,10.0,10.0,0.2420957237482071,-0.02373182401061058,0.06908251345157623,0.12982116639614105,158,122
0.028116464614868164,positive,10.0,10.0,0.24162109196186066,-0.21977189183235168,0.07167893648147583,0.4434739649295807,158,123
0.028199195861816406,positive,10.0,10.0,0.23722565174102783,-0.025733480229973793,0.08054842054843903,0.1742193102836609,158,124
0.02828192710876465,positive,10.0,10.0,0.23671098053455353,0.16814881563186646,0.08403280377388,-0.09200557321310043,158,125
0.028469324111938477,positive,10.0,10.0,0.24731339514255524,0.1657836139202118,0.0750519335269928,-0.03961130976676941,158,127
0.02875828742980957,positive,10.0,10.0,0.2610972821712494,-0.032372862100601196,0.06825455278158188,0.3208145797252655,158,130
0.028948545455932617,positive,10.0,10.0,0.26368409395217896,0.35569027066230774,0.07567910850048065,-0.2178073674440384,158,132
0.029032468795776367,positive,10.0,10.0,0.2707979083061218,0.15957264602184296,0.071322962641716,0.09775548428297043,158,133
0.0296328067779541,positive,10.0,10.0,0.3091227412223816,0.9330830574035645,0.06112191453576088,-0.9216517806053162,158,139
0.029714584350585938,positive,10.0,10.0,0.32778438925743103,0.7371907830238342,0.04268888011574745,-0.6104034781455994,158,140
0.029900789260864258,positive,10.0,10.0,0.3611620366573334,0.7361688613891602,0.012693989090621471,-0.5872343182563782,158,142
0.030090808868408203,positive,10.0,10.0,0.38670283555984497,0.34573596715927124,-0.004862294532358646,0.002402310958132148,158,144
0.030174970626831055,positive,10.0,10.0,0.39361757040023804,0.5409273505210876,-0.004814248066395521,-0.2918107509613037,158,145
0.030361652374267578,positive,10.0,10.0,0.41135358810424805,0.5411474108695984,-0.010663464665412903,-0.2966742217540741,158,147
0.030443191528320312,positive,10.0,10.0,0.4221765398979187,0.3461790680885315,-0.016596948727965355,-0.007373355329036713,158,148
0.030628681182861328,positive,10.0,10.0,0.43993082642555237,0.3466556966304779,-0.022849341854453087,-0.017890801653265953,158,150
0.030817508697509766,positive,10.0,10.0,0.45770588517189026,0.34731388092041016,-0.02956104651093483,-0.03241966664791107,158,152
0.030903100967407227,positive,10.0,10.0,0.4646521806716919,0.5428470373153687,-0.030209440737962723,-0.33428090810775757,158,153
0.031090259552001953,positive,10.0,10.0,0.4902768135070801,0.5437970757484436,-0.049621760845184326,-0.35549575090408325,158,155
0.03117227554321289,positive,10.0,10.0,0.501152753829956,0.34941449761390686,-0.05673167482018471,-0.07886356860399246,158,156
0.03125596046447754,positive,10.0,10.0,0.508141040802002,0.5453019142150879,-0.05830894783139229,-0.38889211416244507,158,157
0.031337738037109375,positive,10.0,10.0,0.5190470814704895,0.7412009239196777,-0.0660867914557457,-0.6993743777275085,158,158
0.031418561935424805,positive,10.0,10.0,0.5338711142539978,0.5470544099807739,-0.08007428050041199,-0.4282057285308838,158,159
0.03150606155395508,positive,10.0,10.0,0.5448122024536133,0.7432137131690979,-0.08863839507102966,-0.7450185418128967,158,160
0.03180551528930664,negative,10.0,-10.0,0.6011806130409241,1.3322052955627441,-0.15257391333580017,-1.7164952754974365,158,163
0.031890153884887695,negative,10.0,-10.0,0.6278247237205505,1.1391271352767944,-0.18690380454063416,-1.4749252796173096,158,164
0.0004553794860839844,positive,10.0,10.0,0.043276671320199966,-0.01400283258408308,0.05173371732234955,0.07738237828016281,159,2
0.0005259513854980469,positive,10.0,10.0,0.042996615171432495,-0.2098267823457718,0.05328136309981346,0.3859282433986664,159,3
0.0009174346923828125,positive,10.0,10.0,0.03745105117559433,0.370735764503479,0.07224873453378677,-0.387788861989975,159,8
0.0009832382202148438,positive,10.0,10.0,0.044865768402814865,0.1746666133403778,0.06449295580387115,-0.07322974503040314,159,9
0.0014638900756835938,positive,10.0,10.0,0.05382959544658661,0.5583730340003967,0.07968227565288544,-0.516125500202179,159,15
0.0015299320220947266,positive,10.0,10.0,0.06499705463647842,0.7522878646850586,0.06935976445674896,-0.7826730012893677,159,16
0.0015933513641357422,positive,10.0,10.0,0.08004281669855118,0.9463914632797241,0.05370630696415901,-1.05275297164917,159,17
0.0016558170318603516,positive,10.0,10.0,0.09897064417600632,0.7506000995635986,0.03265124559402466,-0.7437072396278381,159,18
0.0017192363739013672,positive,10.0,10.0,0.11398264765739441,0.9452565908432007,0.017777102068066597,-1.0259385108947754,159,19
0.0017824172973632812,positive,10.0,10.0,0.13288778066635132,0.7499024868011475,-0.0027416686061769724,-0.7277275323867798,159,20
0.001844167709350586,positive,10.0,10.0,0.14788582921028137,0.9450622200965881,-0.017296219244599342,-1.02127206325531,159,21
0.0019876956939697266,positive,10.0,10.0,0.1817905753850937,0.9457972049713135,-0.052403055131435394,-1.0383819341659546,159,23
0.002050638198852539,positive,10.0,10.0,0.20070651173591614,0.7514093518257141,-0.07317069172859192,-0.7625998258590698,159,24
0.002119779586791992,positive,10.0,10.0,0.21573470532894135,0.5573674440383911,-0.08842269331216812,-0.4938087463378906,159,25
0.0025904178619384766,positive,10.0,10.0,0.24012862145900726,-0.2143019735813141,-0.09271204471588135,0.48651790618896484,159,31
0.0028142929077148438,positive,10.0,10.0,0.23124563694000244,-0.01569039188325405,-0.07102920860052109,0.1148155927658081,159,34
0.002960205078125,positive,10.0,10.0,0.22673729062080383,-0.013699475675821304,-0.061047475785017014,0.07073301076889038,159,36
0.0030252933502197266,positive,10.0,10.0,0.22646330296993256,-0.20789550244808197,-0.059632815420627594,0.34354761242866516,159,37
0.0030891895294189453,positive,10.0,10.0,0.22230540215969086,-0.011978130787611008,-0.05276186391711235,0.03267225995659828,159,38
0.003319978713989258,positive,10.0,10.0,0.2177301049232483,-0.20491507649421692,-0.045951325446367264,0.27744266390800476,159,41
0.003383636474609375,positive,10.0,10.0,0.21363180875778198,-0.39935237169265747,-0.04040247201919556,0.5552858114242554,159,42
0.0034453868865966797,positive,10.0,10.0,0.20564475655555725,-0.2036871314048767,-0.0292967576533556,0.2501523494720459,159,43
0.003507852554321289,positive,10.0,10.0,0.2015710175037384,-0.39837872982025146,-0.02429371140897274,0.5334523916244507,159,44
0.003574371337890625,positive,10.0,10.0,0.19360344111919403,-0.20292368531227112,-0.013624662533402443,0.23321472108364105,159,45
0.003886699676513672,positive,10.0,10.0,0.1773892045021057,-0.20237433910369873,0.004597996827214956,0.2210671305656433,159,49
0.004031658172607422,positive,10.0,10.0,0.1653904765844345,-0.2025679349899292,0.019323278218507767,0.22536978125572205,159,51
0.004095792770385742,positive,10.0,10.0,0.16133911907672882,-0.3979606330394745,0.023830672726035118,0.5240848064422607,159,52
0.004158735275268555,positive,10.0,10.0,0.1533799171447754,-0.20318204164505005,0.03431236743927002,0.2390054166316986,159,53
0.004222869873046875,positive,10.0,10.0,0.14931626617908478,-0.39877694845199585,0.03909247741103172,0.5423109531402588,159,54
0.004366874694824219,positive,10.0,10.0,0.1372562199831009,-0.400023490190506,0.05518263950943947,0.5702037215232849,159,56
0.004431247711181641,positive,10.0,10.0,0.1292557567358017,-0.2057170867919922,0.06658671051263809,0.29540324211120605,159,57
0.0046579837799072266,positive,10.0,10.0,0.1285574585199356,0.3764147162437439,0.06809328496456146,-0.5133152008056641,159,60
0.004805326461791992,positive,10.0,10.0,0.13969381153583527,-0.015496165491640568,0.053827472031116486,0.11037422716617584,159,62
0.004870176315307617,positive,10.0,10.0,0.13938389718532562,-0.21134647727012634,0.056034959852695465,0.4195418357849121,159,63
0.0049364566802978516,positive,10.0,10.0,0.13515695929527283,-0.01706143468618393,0.06442579627037048,0.14503733813762665,159,64
0.005000591278076172,positive,10.0,10.0,0.1348157376050949,-0.21304403245449066,0.06732653826475143,0.4573294520378113,159,65
0.005063295364379883,positive,10.0,10.0,0.13055485486984253,-0.01893528178334236,0.07647313177585602,0.18660502135753632,159,66
0.005125761032104492,positive,10.0,10.0,0.1301761418581009,0.1750139743089676,0.08020523190498352,-0.08100739866495132,159,67
0.005269765853881836,positive,10.0,10.0,0.1410544216632843,0.17275337874889374,0.07163815200328827,-0.030954305082559586,159,69
0.005335092544555664,positive,10.0,10.0,0.14450949430465698,0.36677879095077515,0.07101906836032867,-0.30020231008529663,159,70
0.005485057830810547,positive,10.0,10.0,0.15525947511196136,-0.025270985439419746,0.06529514491558075,0.3264729082584381,159,72
0.005630970001220703,positive,10.0,10.0,0.15813133120536804,0.3628860414028168,0.0729261040687561,-0.21411028504371643,159,74
0.005695343017578125,positive,10.0,10.0,0.1653890460729599,0.5568937063217163,0.06864389777183533,-0.4829270541667938,159,75
0.005758047103881836,positive,10.0,10.0,0.17652691900730133,0.7509831190109253,0.058985352516174316,-0.7532100081443787,159,76
0.005820512771606445,positive,10.0,10.0,0.19154658913612366,0.945244312286377,0.043921153992414474,-1.0267634391784668,159,77
0.005882740020751953,positive,10.0,10.0,0.21045146882534027,0.7495660185813904,0.02338588610291481,-0.7206203937530518,159,78
0.006191730499267578,positive,10.0,10.0,0.27820006012916565,0.7496162056922913,-0.04548153281211853,-0.7219187617301941,159,82
0.006255626678466797,positive,10.0,10.0,0.29319238662719727,0.9453368186950684,-0.05991990864276886,-1.0285630226135254,159,83
0.0068111419677734375,positive,10.0,10.0,0.3441298305988312,-0.41030630469322205,-0.09277736395597458,0.8004827499389648,159,90
0.006876230239868164,positive,10.0,10.0,0.3359237313270569,-0.21404258906841278,-0.0767677053809166,0.4801158607006073,159,91
0.006941556930541992,positive,10.0,10.0,0.33164286613464355,-0.017925648018717766,-0.06716538965702057,0.16425931453704834,159,92
0.00709080696105957,positive,10.0,10.0,0.3270438611507416,-0.01605965942144394,-0.05517980083823204,0.12290363013744354,159,94
0.007155895233154297,positive,10.0,10.0,0.326722651720047,-0.2103494256734848,-0.05272172763943672,0.3976800739765167,159,95
0.007219552993774414,positive,10.0,10.0,0.32251566648483276,-0.014520692639052868,-0.04476812481880188,0.08885212242603302,159,96
0.0073642730712890625,positive,10.0,10.0,0.31804579496383667,-0.01326766237616539,-0.03564945608377457,0.06115865707397461,159,98
0.007428884506225586,positive,10.0,10.0,0.31778043508529663,-0.2078608274459839,-0.034426283091306686,0.3423842191696167,159,99
0.007731914520263672,positive,10.0,10.0,0.3090084493160248,-0.2063136249780655,-0.019901782274246216,0.30808764696121216,159,103
0.007795095443725586,positive,10.0,10.0,0.3048821985721588,-0.01091383583843708,-0.013740030117332935,0.009195252321660519,159,104
0.008097171783447266,positive,10.0,10.0,0.29622599482536316,-0.010306165553629398,-0.0017770524136722088,-0.004210558254271746,159,108
0.008160829544067383,positive,10.0,10.0,0.29601988196372986,-0.20540258288383484,-0.001861263532191515,0.28791114687919617,159,109
0.008224010467529297,positive,10.0,10.0,0.2919118404388428,-0.010254141874611378,0.0038969595916569233,-0.005358213093131781,159,110
0.008450746536254883,positive,10.0,10.0,0.2873908281326294,0.1846194863319397,0.009502158500254154,-0.2925846576690674,159,113
0.008515357971191406,positive,10.0,10.0,0.2910832166671753,-0.010636654682457447,0.0036504650488495827,0.003079914255067706,159,114
0.008659601211547852,positive,10.0,10.0,0.2867542803287506,-0.010741930454969406,0.00965031050145626,0.005402471404522657,159,116
0.008724689483642578,positive,10.0,10.0,0.2865394353866577,-0.2060009390115738,0.009758359752595425,0.3011144995689392,159,117
0.009031295776367188,positive,10.0,10.0,0.27784228324890137,-0.2069069743156433,0.022625131532549858,0.3211560845375061,159,121
0.009335756301879883,positive,10.0,10.0,0.2690499424934387,-0.20858047902584076,0.03759501129388809,0.35822170972824097,159,125
0.009563207626342773,positive,10.0,10.0,0.2604031562805176,-0.40549448132514954,0.053993742913007736,0.6910061836242676,159,128
0.009708642959594727,positive,10.0,10.0,0.24807001650333405,-0.01706305891275406,0.07612983137369156,0.14524145424365997,159,130
0.009772300720214844,positive,10.0,10.0,0.24772876501083374,0.1768907606601715,0.07903465628623962,-0.12248604744672775,159,131
0.010004520416259766,positive,10.0,10.0,0.2621760368347168,-0.02136140502989292,0.0673321932554245,0.2401595264673233,159,134
0.010069847106933594,positive,10.0,10.0,0.2617487907409668,-0.21737736463546753,0.07213538140058517,0.5532979369163513,159,135
0.010223865509033203,positive,10.0,10.0,0.2569344937801361,-0.21954256296157837,0.08888506889343262,0.6019070148468018,159,137
0.01077127456665039,positive,10.0,10.0,0.30749696493148804,1.1356507539749146,0.0641767680644989,-1.2175184488296509,159,144
0.010919332504272461,positive,10.0,10.0,0.34900522232055664,1.1343233585357666,0.021717673167586327,-1.1853398084640503,159,146
0.010983705520629883,positive,10.0,10.0,0.3716917037963867,0.9389265179634094,-0.001989124109968543,-0.88592928647995,159,147
0.01104879379272461,positive,10.0,10.0,0.3904702365398407,0.7438316345214844,-0.019707709550857544,-0.5938723087310791,159,148
0.011112213134765625,positive,10.0,10.0,0.4053468704223633,0.5489910244941711,-0.03158515691757202,-0.30746182799339294,159,149
0.011256217956542969,positive,10.0,10.0,0.42341333627700806,0.5499752163887024,-0.03823249042034149,-0.32925066351890564,159,151
0.011403560638427734,positive,10.0,10.0,0.44152119755744934,0.5511528253555298,-0.04579481482505798,-0.3553450107574463,159,153
0.011468172073364258,positive,10.0,10.0,0.45254427194595337,0.35671088099479675,-0.05290171504020691,-0.07744687050580978,159,154
0.011612653732299805,positive,10.0,10.0,0.4707294702529907,0.35824131965637207,-0.06217745319008827,-0.1113099753856659,159,156
0.011757373809814453,positive,10.0,10.0,0.48897823691368103,0.36004331707954407,-0.07286251336336136,-0.15123875439167023,159,158
0.011901378631591797,positive,10.0,10.0,0.4994998276233673,-0.027920996770262718,-0.07353535294532776,0.38540616631507874,159,160
0.012044906616210938,positive,10.0,10.0,0.49450287222862244,-0.4160727560520172,-0.05274667590856552,0.9252774715423584,159,162
0.012348651885986328,positive,10.0,10.0,0.46908777952194214,-0.41456139087677,0.00802704319357872,0.8901487588882446,159,166
0.012650489807128906,positive,10.0,10.0,0.44369643926620483,-0.41628897190093994,0.06824712455272675,0.9298847317695618,159,170
0.012716531753540039,positive,10.0,10.0,0.43537068367004395,-0.22215129435062408,0.08684481680393219,0.6594051718711853,159,171
0.013594388961791992,positive,10.0,10.0,0.5289983153343201,1.124831199645996,0.056230247020721436,-0.9776095151901245,159,182
0.013663291931152344,positive,10.0,10.0,0.5514949560165405,0.9290021657943726,0.03667805716395378,-0.6678072810173035,159,183
0.013727903366088867,positive,10.0,10.0,0.5700749754905701,0.7333898544311523,0.023321911692619324,-0.36380523443222046,159,184
0.013872385025024414,positive,10.0,10.0,0.5955016613006592,0.7328326106071472,0.014768593944609165,-0.35143816471099854,159,186
0.01393747329711914,positive,10.0,10.0,0.6101583242416382,0.5375037789344788,0.007739830296486616,-0.05413506552577019,159,187
0.015725135803222656,positive,10.0,10.0,0.6463046073913574,0.7324231863021851,-0.0012220165226608515,-0.34234681725502014,159,190
0.015926599502563477,positive,10.0,10.0,0.6716994643211365,0.7325553297996521,-0.009069942869246006,-0.34526729583740234,159,192
0.015995502471923828,positive,10.0,10.0,0.6863505840301514,0.5375635623931885,-0.015975289046764374,-0.055458202958106995,159,193
0.016070127487182617,positive,10.0,10.0,0.6971018314361572,0.7329108715057373,-0.017084453254938126,-0.3531383275985718,159,194
0.016138076782226562,positive,10.0,10.0,0.7117600440979004,0.5380359888076782,-0.024147219955921173,-0.06589122861623764,159,195
0.016204118728637695,positive,10.0,10.0,0.7225207686424255,0.7334956526756287,-0.025465045124292374,-0.36609387397766113,159,196
0.016269445419311523,positive,10.0,10.0,0.7371906638145447,0.5387446880340576,-0.03278692066669464,-0.08154801279306412,159,197
0.016420602798461914,positive,10.0,10.0,0.7626519799232483,0.5397040843963623,-0.04210572689771652,-0.10275682061910629,159,199
0.000263214111328125,positive,10.0,10.0,0.008346357382833958,0.04619140923023224,-0.03985842689871788,0.037946637719869614,160,0
0.0003654956817626953,positive,10.0,10.0,0.009270185604691505,-0.1483369767665863,-0.03909949213266373,0.3177921772003174,160,1
0.00043702125549316406,positive,10.0,10.0,0.006303445901721716,0.04731942340731621,-0.032743651419878006,0.013039573095738888,160,2
0.0006170272827148438,positive,10.0,10.0,0.004303474444895983,0.04825160652399063,-0.026578571647405624,-0.007533641532063484,160,4
0.0008623600006103516,positive,10.0,10.0,-0.004485277459025383,-0.1457969844341278,-0.009980708360671997,0.2614956796169281,160,7
0.0010929107666015625,positive,10.0,10.0,-0.01712845079600811,-0.3407976031303406,0.011406244710087776,0.5514917969703674,160,10
0.0012407302856445312,positive,10.0,10.0,-0.02686115726828575,-0.34127259254455566,0.027684565633535385,0.5620985627174377,160,12
0.0013072490692138672,positive,10.0,10.0,-0.03368660807609558,-0.14654985070228577,0.038926538079977036,0.278264582157135,160,13
0.0013751983642578125,positive,10.0,10.0,-0.03661760687828064,-0.34220486879348755,0.04449182748794556,0.5829663276672363,160,14
0.0014429092407226562,positive,10.0,10.0,-0.04346170276403427,-0.14773356914520264,0.05615115538239479,0.3046243190765381,160,15
0.0015075206756591797,positive,10.0,10.0,-0.046416375786066055,0.04654509201645851,0.062243640422821045,0.030165381729602814,160,16
0.001734018325805664,positive,10.0,10.0,-0.04757845774292946,-0.15128576755523682,0.07107529044151306,0.3834267854690552,160,19
0.0018007755279541016,positive,10.0,10.0,-0.05060417205095291,0.04275886341929436,0.0787438228726387,0.11397325247526169,160,20
0.001974344253540039,positive,10.0,10.0,-0.052816953510046005,0.040488820523023605,0.08963175863027573,0.1643422245979309,160,22
0.0020401477813720703,positive,10.0,10.0,-0.05200717970728874,0.2342209666967392,0.09291860461235046,-0.09877300262451172,160,23
0.002104520797729492,positive,10.0,10.0,-0.04732275754213333,0.4278968870639801,0.09094314277172089,-0.3607548475265503,160,24
0.002169370651245117,positive,10.0,10.0,-0.038764819502830505,0.2316078394651413,0.08372804522514343,-0.04083758965134621,160,25
0.0022344589233398438,positive,10.0,10.0,-0.034132663160562515,0.42543554306030273,0.08291129767894745,-0.3059733510017395,160,26
0.0027031898498535156,positive,10.0,10.0,0.03609766066074371,0.8096924424171448,0.02429024688899517,-0.7585515379905701,160,32
0.0029294490814208984,positive,10.0,10.0,0.08856552839279175,1.0045115947723389,-0.02670987881720066,-1.0443190336227417,160,35
0.0031588077545166016,positive,10.0,10.0,0.13715723156929016,0.8112687468528748,-0.07245513796806335,-0.7946004271507263,160,38
0.0032258033752441406,positive,10.0,10.0,0.15338261425495148,0.6172121167182922,-0.08834714442491531,-0.5255623459815979,160,39
0.0040264129638671875,positive,10.0,10.0,0.18842235207557678,-0.14839743077754974,-0.08827395737171173,0.3202069103717804,160,49
0.004177093505859375,positive,10.0,10.0,0.18641166388988495,-0.14599469304084778,-0.08184896409511566,0.26681336760520935,160,51
0.004243135452270508,positive,10.0,10.0,0.1834917813539505,0.05019422620534897,-0.07651269435882568,-0.05052155628800392,160,52
0.004630088806152344,positive,10.0,10.0,0.1653193235397339,-0.13985036313533783,-0.05127470940351486,0.13049834966659546,160,57
0.004694223403930664,positive,10.0,10.0,0.1625223159790039,-0.33420175313949585,-0.048664744943380356,0.4065741300582886,160,58
0.004757881164550781,positive,10.0,10.0,0.155838280916214,-0.13842472434043884,-0.040533263236284256,0.0989544615149498,160,59
0.004981517791748047,positive,10.0,10.0,0.14366501569747925,-0.3319597542285919,-0.029502734541893005,0.3567422330379486,160,62
0.005046367645263672,positive,10.0,10.0,0.1370258331298828,-0.1364310383796692,-0.022367889061570168,0.054904259741306305,160,63
0.005110740661621094,positive,10.0,10.0,0.1342972069978714,-0.3312252461910248,-0.02126980386674404,0.3404468595981598,160,64
0.005338430404663086,positive,10.0,10.0,0.11834217607975006,-0.13540543615818024,-0.007053824607282877,0.03226642310619354,160,67
0.0054051876068115234,positive,10.0,10.0,0.11563406884670258,-0.33042553067207336,-0.006408496294170618,0.3227154612541199,160,68
0.0054700374603271484,positive,10.0,10.0,0.10902556031942368,-0.52545565366745,4.581336906994693e-05,0.6133705377578735,160,69
0.005534172058105469,positive,10.0,10.0,0.09851644933223724,-0.33033430576324463,0.012313224375247955,0.32070204615592957,160,70
0.005597114562988281,positive,10.0,10.0,0.09190975874662399,-0.13538986444473267,0.018727265298366547,0.03192753717303276,160,71
0.00574183464050293,positive,10.0,10.0,0.08258645981550217,-0.13593429327011108,0.02597501128911972,0.0439462810754776,160,73
0.006133317947387695,positive,10.0,10.0,0.061106644570827484,-0.33337128162384033,0.04388134181499481,0.38799744844436646,160,78
0.0063626766204833984,positive,10.0,10.0,0.04496682062745094,-0.14040179550647736,0.062190309166908264,0.14274601638317108,160,81
0.006508827209472656,positive,10.0,10.0,0.035431649535894394,-0.1422119140625,0.07413287460803986,0.18289078772068024,160,83
0.006573915481567383,positive,10.0,10.0,0.03258741274476051,0.05177529901266098,0.07779069244861603,-0.08551573753356934,160,84
0.006721973419189453,positive,10.0,10.0,0.03853693604469299,0.04958425089716911,0.06902683526277542,-0.037006963044404984,160,86
0.0073473453521728516,positive,10.0,10.0,0.053651001304388046,0.8203939199447632,0.0651310384273529,-0.9970607161521912,160,94
0.007412433624267578,positive,10.0,10.0,0.07005887478590012,0.6244643926620483,0.04518982395529747,-0.6846545934677124,160,95
0.0074748992919921875,positive,10.0,10.0,0.08254816383123398,0.8189307451248169,0.03149673342704773,-0.9627750515937805,160,96
0.0075376033782958984,positive,10.0,10.0,0.09892678260803223,0.6234000325202942,0.012241233140230179,-0.6603659391403198,160,97
0.007682323455810547,positive,10.0,10.0,0.12776176631450653,0.62324059009552,-0.019949475303292274,-0.6567901968955994,160,99
0.007907629013061523,positive,10.0,10.0,0.16907872259616852,0.8197798728942871,-0.06567063182592392,-0.9822301864624023,160,102
0.008767127990722656,positive,10.0,10.0,0.1909908950328827,-0.1402260661125183,-0.07577784359455109,0.13903383910655975,160,113
0.008842229843139648,positive,10.0,10.0,0.18818636238574982,-0.33418548107147217,-0.07299716770648956,0.4068806767463684,160,114
0.008989810943603516,positive,10.0,10.0,0.1787404865026474,-0.3322437107563019,-0.06301742792129517,0.36364150047302246,160,116
0.00905466079711914,positive,10.0,10.0,0.17209561169147491,-0.13628536462783813,-0.05574459955096245,0.0517725944519043,160,117
0.009118318557739258,positive,10.0,10.0,0.1693699061870575,-0.33056554198265076,-0.05470914766192436,0.32635974884033203,160,118
0.009346246719360352,positive,10.0,10.0,0.15348225831985474,-0.1333378553390503,-0.04196242615580559,-0.013341615907847881,160,121
0.009413480758666992,positive,10.0,10.0,0.15081550180912018,-0.3278336822986603,-0.04222925752401352,0.265811949968338,160,122
0.009559392929077148,positive,10.0,10.0,0.1416161209344864,-0.32670897245407104,-0.03771073371171951,0.2409260869026184,160,124
0.009624004364013672,positive,10.0,10.0,0.1350819319486618,-0.5212724804878235,-0.03289221227169037,0.5214795470237732,160,125
0.009688615798950195,positive,10.0,10.0,0.12465648353099823,-0.32570335268974304,-0.022462619468569756,0.21861597895622253,160,126
0.010156869888305664,positive,10.0,10.0,0.07392500340938568,-0.3251839578151703,0.02000042051076889,0.20712530612945557,160,132
0.010221481323242188,positive,10.0,10.0,0.0674213245511055,-0.5205861330032349,0.024142926558852196,0.506049633026123,160,133
0.010284900665283203,positive,10.0,10.0,0.05700960010290146,-0.32581254839897156,0.03426392003893852,0.2210717797279358,160,134
0.010349512100219727,positive,10.0,10.0,0.05049334838986397,-0.5214070677757263,0.038685355335474014,0.5243629813194275,160,135
0.010412454605102539,positive,10.0,10.0,0.040065206587314606,-0.3268502950668335,0.04917261749505997,0.24411682784557343,160,136
0.01047515869140625,positive,10.0,10.0,0.033528201282024384,-0.5226388573646545,0.054054953157901764,0.5518956184387207,160,137
0.010621070861816406,positive,10.0,10.0,0.016509102657437325,-0.5243033766746521,0.07062729448080063,0.5892037749290466,160,139
0.010684967041015625,positive,10.0,10.0,0.006023034919053316,-0.3302377760410309,0.08241137117147446,0.31957823038101196,160,140
0.010909557342529297,positive,10.0,10.0,-0.0021620560437440872,0.2510930001735687,0.08569421619176865,-0.47244763374328613,160,143
0.010973691940307617,positive,10.0,10.0,0.0028598038479685783,0.05487188324332237,0.0762452632188797,-0.15403275191783905,160,144
0.011037826538085938,positive,10.0,10.0,0.003957241773605347,0.24882401525974274,0.07316461205482483,-0.42172133922576904,160,145
0.011183023452758789,positive,10.0,10.0,0.009988639503717422,-0.14324109256267548,0.06259218603372574,0.2054823935031891,160,147
0.011246919631958008,positive,10.0,10.0,0.007123817689716816,-0.3391996920108795,0.06670183688402176,0.517234742641449,160,148
0.011312246322631836,positive,10.0,10.0,0.0003398240078240633,-0.1450771987438202,0.07704652845859528,0.24629436433315277,160,149
0.013710498809814453,positive,10.0,10.0,-0.0015844274312257767,-0.1473313719034195,0.08154989778995514,0.29625263810157776,160,151
0.013798952102661133,positive,10.0,10.0,-0.004531054757535458,0.046539053320884705,0.08747494965791702,0.030362548306584358,160,152
0.013864994049072266,positive,10.0,10.0,-0.0036002739798277617,0.24030473828315735,0.0880822017788887,-0.23348984122276306,160,153
0.014114618301391602,positive,10.0,10.0,0.022445475682616234,0.8219550251960754,0.058221302926540375,-1.0311042070388794,160,156
0.014349937438964844,positive,10.0,10.0,0.06782057136297226,1.0154956579208374,0.0031578962225466967,-1.2866533994674683,160,159
0.014655590057373047,positive,10.0,10.0,0.13347165286540985,0.6268808245658875,-0.07684850692749023,-0.7388165593147278,160,163
0.01472020149230957,positive,10.0,10.0,0.14600928127765656,0.43289944529533386,-0.09162484109401703,-0.4712744653224945,160,164
0.015516042709350586,positive,10.0,10.0,0.15207165479660034,-0.33164241909980774,-0.09417541325092316,0.35126492381095886,160,174
0.015581130981445312,positive,10.0,10.0,0.1454388052225113,-0.1353161782026291,-0.08715011179447174,0.030433841049671173,160,175
0.01564502716064453,positive,10.0,10.0,0.14273247122764587,-0.3290872573852539,-0.08654143661260605,0.29439765214920044,160,176
0.0157928466796875,positive,10.0,10.0,0.1334938257932663,-0.32672318816185,-0.08113899827003479,0.241909921169281,160,178
0.015857458114624023,positive,10.0,10.0,0.12695936858654022,-0.5205979943275452,-0.07630079984664917,0.5079367160797119,160,179
0.01608133316040039,positive,10.0,10.0,0.0918840691447258,-0.32280081510543823,-0.041371531784534454,0.15469250082969666,160,182
0.01638936996459961,positive,10.0,10.0,0.05832162871956825,-0.7110790014266968,-0.018751131370663643,0.6967911124229431,160,186
0.016614437103271484,positive,10.0,10.0,0.027375761419534683,-0.515679121017456,0.00523133622482419,0.3977426290512085,160,189
0.016759157180786133,positive,10.0,10.0,0.010649542324244976,-0.5159401893615723,0.015320461243391037,0.4035273790359497,160,191
0.016824007034301758,positive,10.0,10.0,0.00033073790837079287,-0.3210388422012329,0.023391008377075195,0.1157137006521225,160,192
0.016971588134765625,positive,10.0,10.0,-0.016419799998402596,-0.32173964381217957,0.03401895612478256,0.13121403753757477,160,194
0.01703643798828125,positive,10.0,10.0,-0.02285459265112877,-0.12712109088897705,0.03664323687553406,-0.15054523944854736,160,195
0.017261266708374023,positive,10.0,10.0,-0.04221867769956589,-0.32375067472457886,0.045833099633455276,0.17567743360996246,160,198
0.00021839141845703125,positive,10.0,10.0,-0.01997336931526661,-0.017998171970248222,0.033333420753479004,0.040889665484428406,161,0
0.0005068778991699219,positive,10.0,10.0,-0.02498420886695385,-0.21464744210243225,0.04227280989289284,0.36751970648765564,161,3
0.0005738735198974609,positive,10.0,10.0,-0.02927715890109539,-0.020150871947407722,0.04962320253252983,0.08845999836921692,161,4
0.000640869140625,positive,10.0,10.0,-0.029680175706744194,-0.2159477025270462,0.05139240249991417,0.39637693762779236,161,5
0.0007877349853515625,positive,10.0,10.0,-0.03443095460534096,-0.21751061081886292,0.061726536601781845,0.4311218559741974,161,7
0.001096963882446289,positive,10.0,10.0,-0.044142019003629684,0.16848473250865936,0.08704821765422821,-0.0614953339099884,161,11
0.0011734962463378906,positive,10.0,10.0,-0.04077232629060745,0.3622577488422394,0.08581830561161041,-0.3254944384098053,161,12
0.0013208389282226562,positive,10.0,10.0,-0.022405976429581642,0.7499867677688599,0.06750985980033875,-0.856611967086792,161,14
0.001466512680053711,positive,10.0,10.0,0.011476301588118076,0.7483826875686646,0.027831096202135086,-0.8192774057388306,161,16
0.0015320777893066406,positive,10.0,10.0,0.026443954557180405,0.9431129097938538,0.011445548385381699,-1.1030782461166382,161,17
0.0015971660614013672,positive,10.0,10.0,0.045306213200092316,0.7478422522544861,-0.010616017505526543,-0.806826651096344,161,18
0.018321752548217773,negative,10.0,-10.0,0.15757028758525848,-0.022924644872546196,-0.13741818070411682,0.15107852220535278,161,26
0.019060850143432617,positive,10.0,10.0,0.1235545203089714,-0.2025584578514099,-0.09265781939029694,0.1011209711432457,161,35
0.019686460494995117,positive,10.0,10.0,0.06842239201068878,-0.5836451649665833,-0.05656589940190315,0.4849786162376404,161,43
0.019751787185668945,positive,10.0,10.0,0.056749485433101654,-0.38777250051498413,-0.04686632752418518,0.17501801252365112,161,44
0.019896984100341797,positive,10.0,10.0,0.03735016658902168,-0.3864859342575073,-0.03431485593318939,0.14652469754219055,161,46
0.020043611526489258,positive,10.0,10.0,0.01799844764173031,-0.38554805517196655,-0.0228206105530262,0.1257784068584442,161,48
0.0201876163482666,positive,10.0,10.0,-0.0013192294863983989,-0.3849319517612457,-0.012081539258360863,0.11216061562299728,161,50
0.020412921905517578,positive,10.0,10.0,-0.02830781415104866,-0.5797144174575806,0.000286606780719012,0.3973478674888611,161,53
0.020481109619140625,positive,10.0,10.0,-0.03990210220217705,-0.3845965564250946,0.008233563974499702,0.10475531965494156,161,54
0.020708322525024414,positive,10.0,10.0,-0.05908314138650894,-0.5800780057907104,0.00883439090102911,0.40536949038505554,161,57
0.020931720733642578,positive,10.0,10.0,-0.08999520540237427,-0.3855991065502167,0.027520762756466866,0.1269122064113617,161,60
0.0209963321685791,positive,10.0,10.0,-0.09770718961954117,-0.5811042785644531,0.030059006065130234,0.42814901471138,161,61
0.02106022834777832,positive,10.0,10.0,-0.10932927578687668,-0.38642066717147827,0.03862198442220688,0.14509150385856628,161,62
0.02112436294555664,positive,10.0,10.0,-0.1170576885342598,-0.5820738077163696,0.04152381792664528,0.4497044086456299,161,63
0.021270036697387695,positive,10.0,10.0,-0.13645042479038239,-0.5833702683448792,0.05392578989267349,0.4785763621330261,161,65
0.02158045768737793,positive,10.0,10.0,-0.1676148772239685,-0.5869145393371582,0.07108362764120102,0.5573859214782715,161,69
0.021725177764892578,positive,10.0,10.0,-0.187210351228714,-0.1989998072385788,0.08798971027135849,0.022261328995227814,161,71
0.021869659423828125,positive,10.0,10.0,-0.19129519164562225,0.18851201236248016,0.08360664546489716,-0.5049446821212769,161,73
0.02201557159423828,positive,10.0,10.0,-0.18767860531806946,0.18631497025489807,0.06976517289876938,-0.45574772357940674,161,75
0.022080183029174805,positive,10.0,10.0,-0.18395230174064636,-0.009720448404550552,0.060650214552879333,-0.14191558957099915,161,76
0.02214503288269043,positive,10.0,10.0,-0.1841467171907425,-0.20565621554851532,0.057811904698610306,0.1692679077386856,161,77
0.022298336029052734,positive,10.0,10.0,-0.19629095494747162,-0.20734889805316925,0.07078953832387924,0.20682935416698456,161,79
0.022362947463989258,positive,10.0,10.0,-0.20043793320655823,-0.4034079611301422,0.07492612302303314,0.5209761261940002,161,80
0.022590160369873047,positive,10.0,10.0,-0.2130066305398941,0.1781069040298462,0.0901663601398468,-0.2746242880821228,161,83
0.022655010223388672,positive,10.0,10.0,-0.20944449305534363,0.3718344271183014,0.08467387408018112,-0.5375621318817139,161,84
0.022968530654907227,positive,10.0,10.0,-0.2032347470521927,-0.022472037002444267,0.07963375747203827,0.1400633007287979,161,88
0.023032665252685547,positive,10.0,10.0,-0.20368419587612152,0.17142441868782043,0.08243501931428909,-0.1264720857143402,161,89
0.023177385330200195,positive,10.0,10.0,-0.19295021891593933,0.16911496222019196,0.07206454873085022,-0.07528361678123474,161,91
0.02324366569519043,positive,10.0,10.0,-0.1895679086446762,0.3631337881088257,0.07055887579917908,-0.34438782930374146,161,92
0.023390531539916992,positive,10.0,10.0,-0.1789635866880417,-0.0288917887955904,0.063064806163311,0.2817569077014923,161,94
0.02353525161743164,positive,10.0,10.0,-0.18403850495815277,-0.030757484957575798,0.08057282865047455,0.32336854934692383,161,96
0.023683547973632812,positive,10.0,10.0,-0.18139104545116425,-0.033124908804893494,0.08818306773900986,0.3759691119194031,161,98
0.024074792861938477,positive,10.0,10.0,-0.14596764743328094,0.9353344440460205,0.07339274883270264,-0.9343618750572205,161,103
0.024139881134033203,positive,10.0,10.0,-0.1272609531879425,1.1293936967849731,0.05470551177859306,-1.2031090259552002,161,104
0.02420330047607422,positive,10.0,10.0,-0.10467308014631271,0.9336087703704834,0.03064332902431488,-0.8937956690788269,161,105
0.0244293212890625,positive,10.0,10.0,-0.05257869139313698,0.7378911972045898,-0.01667085848748684,-0.587297260761261,161,108
0.024493932723999023,positive,10.0,10.0,-0.03782086446881294,0.9332426190376282,-0.02841680310666561,-0.885184645652771,161,109
0.024639129638671875,positive,10.0,10.0,-0.004385658074170351,0.9342535138130188,-0.05815187096595764,-0.9084147214889526,161,111
0.024702787399291992,positive,10.0,10.0,0.01429941225796938,0.7399649024009705,-0.07632016390562057,-0.6345614194869995,161,112
0.025500774383544922,positive,10.0,10.0,0.06599625200033188,-0.026105331256985664,-0.08445217460393906,0.2205943763256073,161,122
0.02556467056274414,positive,10.0,10.0,0.06547414511442184,-0.2199249565601349,-0.08004028350114822,0.48548823595046997,161,123
0.025631189346313477,positive,10.0,10.0,0.061075642704963684,-0.023770153522491455,-0.07033052295446396,0.16869127750396729,161,124
0.025777578353881836,positive,10.0,10.0,0.05624387040734291,-0.02181602269411087,-0.05818901211023331,0.12536859512329102,161,126
0.02584242820739746,positive,10.0,10.0,0.05580754950642586,-0.2160581648349762,-0.05568163841962814,0.39914077520370483,161,127
0.025907516479492188,positive,10.0,10.0,0.051486384123563766,-0.02019234374165535,-0.04769882559776306,0.08943542093038559,161,128
0.02623271942138672,positive,10.0,10.0,0.042145345360040665,-0.017770957201719284,-0.03057495504617691,0.03593271225690842,161,132
0.0263824462890625,positive,10.0,10.0,0.03754109889268875,-0.01690725050866604,-0.023480014875531197,0.01686730422079563,161,134
0.026530742645263672,positive,10.0,10.0,0.03296925872564316,-0.016240723431110382,-0.017101658508181572,0.0021596564911305904,161,136
0.026596784591674805,positive,10.0,10.0,0.03264444321393967,-0.21111328899860382,-0.017058463767170906,0.2893981337547302,161,137
0.026662588119506836,positive,10.0,10.0,0.028422178700566292,-0.015752295032143593,-0.011270502582192421,-0.008615681901574135,161,138
0.026892900466918945,positive,10.0,10.0,0.015779562294483185,-0.21046441793441772,0.005557827651500702,0.2750272750854492,161,141
0.0273592472076416,positive,10.0,10.0,-0.013445716351270676,-0.21262715756893158,0.04590354114770889,0.32303065061569214,161,147
0.02742624282836914,positive,10.0,10.0,-0.01769826002418995,-0.018187884241342545,0.052364155650138855,0.0451698899269104,161,148
0.02773427963256836,positive,10.0,10.0,-0.027048852294683456,-0.021436188369989395,0.06970679759979248,0.11703991144895554,161,152
0.027798891067504883,positive,10.0,10.0,-0.027477575466036797,-0.21748408675193787,0.07204759865999222,0.4308747947216034,161,153
0.027863025665283203,positive,10.0,10.0,-0.031827256083488464,-0.023452358320355415,0.08066508919000626,0.16174595057964325,161,154
0.02832818031311035,positive,10.0,10.0,-0.007680987939238548,-0.03005092777311802,0.06685447692871094,0.3074224889278412,161,160
0.028471946716308594,positive,10.0,10.0,-0.00500084925442934,0.35806113481521606,0.07373393326997757,-0.23223568499088287,161,162
0.02869415283203125,positive,10.0,10.0,0.02812429517507553,0.9404011964797974,0.04365534335374832,-1.044440507888794,161,165
0.028760671615600586,positive,10.0,10.0,0.046932317316532135,0.7447276711463928,0.022766530513763428,-0.7383792996406555,161,166
0.028824806213378906,positive,10.0,10.0,0.06182686984539032,0.9395279288291931,0.007998946122825146,-1.0238112211227417,161,167
0.028969764709472656,positive,10.0,10.0,0.09550343453884125,0.9395925402641296,-0.027049828320741653,-1.025211215019226,161,169
0.029035091400146484,positive,10.0,10.0,0.11429528892040253,0.7448410391807556,-0.047554053366184235,-0.7411425113677979,161,170
0.030300617218017578,positive,10.0,10.0,0.1606266349554062,-0.01556277647614479,-0.06020849943161011,-0.012775550596415997,161,186
0.030364036560058594,positive,10.0,10.0,0.1603153795003891,-0.20977188646793365,-0.06046400964260101,0.26031965017318726,161,187
0.030590057373046875,positive,10.0,10.0,0.1438777893781662,-0.40258434414863586,-0.0401156023144722,0.5020560026168823,161,190
0.03073859214782715,positive,10.0,10.0,0.1316876858472824,-0.4015997350215912,-0.026134368032217026,0.48005178570747375,161,192
0.030803203582763672,positive,10.0,10.0,0.12365569174289703,-0.20611880719661713,-0.01653333194553852,0.1792478859424591,161,193
0.03086709976196289,positive,10.0,10.0,0.11953331530094147,-0.40100032091140747,-0.012948374263942242,0.46666961908340454,161,194
0.030932903289794922,positive,10.0,10.0,0.11151330918073654,-0.20569781959056854,-0.0036149818915873766,0.1699337214231491,161,195
0.031081438064575195,positive,10.0,10.0,0.1071888655424118,-0.2056431621313095,-0.0026940559037029743,0.16872724890708923,161,197
0.031146526336669922,positive,10.0,10.0,0.10307600349187851,-0.40072646737098694,0.0006804891745559871,0.46055907011032104,161,198
0.00022840499877929688,positive,10.0,10.0,0.021367425099015236,-0.005131475627422333,0.015940871089696884,0.040655191987752914,162,0
0.00043392181396484375,positive,10.0,10.0,0.017255228012800217,-0.005598757416009903,0.023520467802882195,0.05097176507115364,162,2
0.0005025863647460938,positive,10.0,10.0,0.01714325323700905,-0.20104993879795074,0.024539902806282043,0.35098183155059814,162,3
0.0005707740783691406,positive,10.0,10.0,0.013122254982590675,-0.006285409443080425,0.0315595380961895,0.06613700091838837,162,4
0.0006382465362548828,positive,10.0,10.0,0.012996546924114227,-0.20184528827667236,0.03288228064775467,0.36860769987106323,162,5
0.0007038116455078125,positive,10.0,10.0,0.008959640748798847,-0.007205612491816282,0.04025443270802498,0.08647166937589645,162,6
0.0009360313415527344,positive,10.0,10.0,0.0045903329737484455,-0.2041780650615692,0.05206387862563133,0.42039623856544495,162,9
0.001001119613647461,positive,10.0,10.0,0.0005067716701887548,-0.009830979630351067,0.060471802949905396,0.1445704996585846,162,10
0.0011577606201171875,positive,10.0,10.0,-0.0038051374722272158,-0.011592954397201538,0.07247724384069443,0.18364493548870087,162,12
0.0012240409851074219,positive,10.0,10.0,-0.004036996513605118,0.18242114782333374,0.07615014165639877,-0.08532252907752991,162,13
0.0012891292572021484,positive,10.0,10.0,-0.0003885736514348537,0.37637361884117126,0.07444369047880173,-0.3530415892601013,162,14
0.0014357566833496094,positive,10.0,10.0,0.010744426399469376,-0.015743892639875412,0.06662597507238388,0.2753145098686218,162,16
0.0015001296997070312,positive,10.0,10.0,0.010429548099637032,-0.21175004541873932,0.07213226705789566,0.5882449746131897,162,17
0.0015635490417480469,positive,10.0,10.0,0.00619454775005579,-0.01770840212702751,0.083897165954113,0.3191278874874115,162,18
0.0016269683837890625,positive,10.0,10.0,0.005840379744768143,0.176124706864357,0.090279720723629,0.05403772369027138,162,19
0.0016901493072509766,positive,10.0,10.0,0.009362873621284962,0.369843989610672,0.09136047214269638,-0.208851620554924,162,20
0.0018336772918701172,positive,10.0,10.0,0.02803073078393936,0.7573381662368774,0.07775595039129257,-0.735355019569397,162,22
0.002227306365966797,positive,10.0,10.0,0.11139754205942154,0.9493827223777771,-0.003569982945919037,-0.9575133919715881,162,27
0.002293109893798828,positive,10.0,10.0,0.13038520514965057,0.7543089985847473,-0.022720251232385635,-0.6659541726112366,162,28
0.002439260482788086,positive,10.0,10.0,0.16446617245674133,0.7551196217536926,-0.055353403091430664,-0.6845564842224121,162,30
0.003393411636352539,positive,10.0,10.0,0.2148154079914093,-0.7884683609008789,-0.060063887387514114,1.277764916419983,162,42
0.0036978721618652344,positive,10.0,10.0,0.17521728575229645,-0.00658781360834837,0.005423889495432377,0.07287267595529556,162,46
0.0037622451782226562,positive,10.0,10.0,0.17508552968502045,-0.2017870992422104,0.006881343200802803,0.3672619163990021,162,47
0.003907442092895508,positive,10.0,10.0,0.17091451585292816,-0.20208658277988434,0.015761714428663254,0.37389397621154785,162,49
0.004052162170410156,positive,10.0,10.0,0.1667289435863495,-0.20263926684856415,0.024964040145277977,0.3861457407474518,162,51
0.004278898239135742,positive,10.0,10.0,0.1584494560956955,-0.008842363022267818,0.04280071705579758,0.12271188199520111,162,54
0.004343271255493164,positive,10.0,10.0,0.1582726091146469,-0.20455054938793182,0.04525495320558548,0.42858487367630005,162,55
0.004406929016113281,positive,10.0,10.0,0.1541815847158432,-0.010097741149365902,0.053826652467250824,0.1505047082901001,162,56
0.004469871520996094,positive,10.0,10.0,0.15397962927818298,-0.20594748854637146,0.056836746633052826,0.4596712589263916,162,57
0.004695415496826172,positive,10.0,10.0,0.14547373354434967,-0.013601628132164478,0.07970262318849564,0.228276327252388,162,60
0.0047607421875,positive,10.0,10.0,0.1452016979455948,0.18029621243476868,0.08426815271377563,-0.038239363580942154,162,61
0.004987955093383789,positive,10.0,10.0,0.15984809398651123,0.3718392848968506,0.07773187011480331,-0.2526645362377167,162,64
0.005053997039794922,positive,10.0,10.0,0.16728487610816956,0.5657702088356018,0.0726785734295845,-0.519852340221405,162,65
0.0051190853118896484,positive,10.0,10.0,0.1786002814769745,0.7597978115081787,0.0622815303504467,-0.788776695728302,162,66
0.0052645206451416016,positive,10.0,10.0,0.21287646889686584,0.7583056688308716,0.025281323119997978,-0.7543243169784546,162,68
0.005331516265869141,positive,10.0,10.0,0.2280425876379013,0.9530701041221619,0.010194836184382439,-1.0389456748962402,162,69
0.005395650863647461,positive,10.0,10.0,0.2471039891242981,0.7578141689300537,-0.010584077797830105,-0.7430797815322876,162,70
0.006282806396484375,negative,10.0,-10.0,0.41861504316329956,1.3551870584487915,-0.20047953724861145,-1.917781949043274,162,81
0.0004379749298095703,positive,10.0,10.0,-0.01458991039544344,0.04683244973421097,-0.02723855711519718,0.0019282476278021932,163,0
0.0007612705230712891,positive,10.0,10.0,-0.015658818185329437,-0.14719676971435547,-0.021786946803331375,0.2705865800380707,163,3
0.0008296966552734375,positive,10.0,10.0,-0.018602754920721054,-0.34200116991996765,-0.016375213861465454,0.5563189387321472,163,4
0.0011441707611083984,positive,10.0,10.0,-0.03814137354493141,-0.3418527841567993,0.016049252822995186,0.552942156791687,163,8
0.001308441162109375,positive,10.0,10.0,-0.047917626798152924,-0.34245800971984863,0.03241526708006859,0.5664669871330261,163,10
0.0013737678527832031,positive,10.0,10.0,-0.054766785353422165,-0.14780543744564056,0.043744608759880066,0.28416988253593445,163,11
0.0014376640319824219,positive,10.0,10.0,-0.05772289261221886,-0.3435231149196625,0.049428004771471024,0.5903223752975464,163,12
0.0014998912811279297,positive,10.0,10.0,-0.0645933598279953,-0.1491268128156662,0.061234451830387115,0.3136099576950073,163,13
0.0015630722045898438,positive,10.0,10.0,-0.06757589429616928,0.0450718030333519,0.06750665605068207,0.04084969311952591,163,14
0.0016276836395263672,positive,10.0,10.0,-0.06667445600032806,-0.15094998478889465,0.06832364946603775,0.35404452681541443,163,15
0.0017724037170410156,positive,10.0,10.0,-0.0688307136297226,0.23710191249847412,0.07707782834768295,-0.18430785834789276,163,17
0.0019195079803466797,positive,10.0,10.0,-0.05546784773468971,0.6250526905059814,0.06435737758874893,-0.7203906774520874,163,19
0.001984119415283203,positive,10.0,10.0,-0.04296679422259331,0.8192279934883118,0.049949560314416885,-0.9921426773071289,163,20
0.002048969268798828,positive,10.0,10.0,-0.026582233607769012,0.6234745383262634,0.03010670654475689,-0.6841996312141418,163,21
0.0021119117736816406,positive,10.0,10.0,-0.014112741686403751,0.8181658387184143,0.016422715038061142,-0.9672541618347168,163,22
0.0021750926971435547,positive,10.0,10.0,0.002250575227662921,0.6228272318840027,-0.0029223684687167406,-0.669457733631134,163,23
0.002240896224975586,positive,10.0,10.0,0.014707120135426521,0.817989706993103,-0.01631152257323265,-0.9630593657493591,163,24
0.0023055076599121094,positive,10.0,10.0,0.03106691502034664,0.6230906844139099,-0.03557271137833595,-0.6755450963973999,163,25
0.0023686885833740234,positive,10.0,10.0,0.0435287281870842,0.8186884522438049,-0.049083612859249115,-0.97921222448349,163,26
0.0035681724548339844,positive,10.0,10.0,0.07758931070566177,-0.1340169459581375,-0.08871717751026154,-0.02022494003176689,163,41
0.003715991973876953,positive,10.0,10.0,0.06835373491048813,-0.13148754835128784,-0.08425765484571457,-0.07620928436517715,163,43
0.0038640499114990234,positive,10.0,10.0,0.059217844158411026,-0.12906908988952637,-0.08200692385435104,-0.1297174096107483,163,45
0.003927946090698242,positive,10.0,10.0,0.05663646012544632,-0.3229263722896576,-0.0846012681722641,0.13600826263427734,163,46
0.004073381423950195,positive,10.0,10.0,0.0398431122303009,-0.710611879825592,-0.0738641619682312,0.6666331887245178,163,48
0.004219532012939453,positive,10.0,10.0,0.007538214325904846,-0.7087491750717163,-0.04182799533009529,0.6241019368171692,163,50
0.004363536834716797,positive,10.0,10.0,-0.016898147761821747,-0.31754162907600403,-0.02297506481409073,0.016753314062952995,163,52
0.004585742950439453,positive,10.0,10.0,-0.03983330354094505,-0.5117695331573486,-0.016550734639167786,0.2897636592388153,163,55
0.004649639129638672,positive,10.0,10.0,-0.0500686950981617,-0.3164155185222626,-0.010755461640655994,-0.008092901669442654,163,56
0.004793643951416016,positive,10.0,10.0,-0.06662463396787643,-0.7063460946083069,-0.005293775349855423,0.5703969597816467,163,58
0.004857301712036133,positive,10.0,10.0,-0.08075156062841415,-0.5111503005027771,0.006114164367318153,0.27605104446411133,163,59
0.0049211978912353516,positive,10.0,10.0,-0.09097456187009811,-0.7063589692115784,0.011635185219347477,0.5706560611724854,163,60
0.005070209503173828,positive,10.0,10.0,-0.1153297871351242,-0.7068451046943665,0.02868153154850006,0.5815234780311584,163,62
0.005304574966430664,positive,10.0,10.0,-0.15386560559272766,-0.5133639574050903,0.05833486095070839,0.325374573469162,163,65
0.0055348873138427734,positive,10.0,10.0,-0.18081742525100708,-0.711101233959198,0.07315640896558762,0.6767649054527283,163,68
0.005925416946411133,positive,10.0,10.0,-0.21315962076187134,-0.1323728859424591,0.08782266825437546,-0.056630782783031464,163,73
0.00606989860534668,positive,10.0,10.0,-0.21457932889461517,-0.1348554491996765,0.0802827700972557,-0.0016505791572853923,163,75
0.006134033203125,positive,10.0,10.0,-0.2172764390707016,0.05902882292866707,0.08024975657463074,-0.2679624855518341,163,76
0.006358623504638672,positive,10.0,10.0,-0.20990091562271118,-0.1391497403383255,0.059824928641319275,0.09323975443840027,163,79
0.006430625915527344,positive,10.0,10.0,-0.21268390119075775,-0.33507585525512695,0.061689723283052444,0.40418121218681335,163,80
0.006494283676147461,positive,10.0,10.0,-0.21938543021678925,-0.14088056981563568,0.0697733461856842,0.13156765699386597,163,81
0.006561756134033203,positive,10.0,10.0,-0.22220303118228912,-0.3369290232658386,0.07240470498800278,0.4454215466976166,163,82
0.0066318511962890625,positive,10.0,10.0,-0.22894161939620972,-0.14290213584899902,0.0813131332397461,0.17641213536262512,163,83
0.006696462631225586,positive,10.0,10.0,-0.2317996621131897,0.05096767097711563,0.08484137803316116,-0.08955200761556625,163,84
0.006760120391845703,positive,10.0,10.0,-0.23078030347824097,0.24477753043174744,0.08305033296346664,-0.3543076813220978,163,85
0.006825923919677734,positive,10.0,10.0,-0.22588475048542023,0.04857894033193588,0.07596418261528015,-0.03663541376590729,163,86
0.006889820098876953,positive,10.0,10.0,-0.22491317987442017,0.24253399670124054,0.07523147761821747,-0.3044169843196869,163,87
0.006955146789550781,positive,10.0,10.0,-0.2200624942779541,0.046425044536590576,0.0691431313753128,0.011011583730578423,163,88
0.007020473480224609,positive,10.0,10.0,-0.21913400292396545,-0.14961688220500946,0.06936336308717728,0.3246837258338928,163,89
0.007166385650634766,positive,10.0,10.0,-0.22123728692531586,0.23840932548046112,0.07695016264915466,-0.21316185593605042,163,91
0.0073184967041015625,positive,10.0,10.0,-0.2078220695257187,0.6263762712478638,0.06307466328144073,-0.7495307326316833,163,93
0.00746917724609375,positive,10.0,10.0,-0.17888306081295013,0.6248456835746765,0.027649715542793274,-0.7143319845199585,163,95
0.007619619369506836,positive,10.0,10.0,-0.1499946564435959,0.6242761611938477,-0.006600627675652504,-0.701335608959198,163,97
0.007683992385864258,positive,10.0,10.0,-0.13750913739204407,0.8194889426231384,-0.0206273403018713,-0.9960890412330627,163,98
0.007748126983642578,positive,10.0,10.0,-0.12111935764551163,0.6246488690376282,-0.04054911807179451,-0.7099550366401672,163,99
0.00797581672668457,positive,10.0,10.0,-0.07970107346773148,0.4319475293159485,-0.08985303342342377,-0.4719681143760681,163,102
0.008845090866088867,positive,10.0,10.0,-0.09628727287054062,-0.13922245800495148,-0.057740628719329834,0.0948675274848938,163,113
0.00907135009765625,positive,10.0,10.0,-0.10849319398403168,-0.33199694752693176,-0.04728681966662407,0.3360396921634674,163,116
0.00913548469543457,positive,10.0,10.0,-0.1151331290602684,-0.1362350583076477,-0.04056602716445923,0.028827937319874763,163,117
0.009199142456054688,positive,10.0,10.0,-0.11785783618688583,-0.33075249195098877,-0.03998946771025658,0.3084409236907959,163,118
0.009344339370727539,positive,10.0,10.0,-0.12717457115650177,-0.32970523834228516,-0.033752262592315674,0.28524258732795715,163,120
0.009407758712768555,positive,10.0,10.0,-0.13376867771148682,-0.5243299603462219,-0.028047408908605576,0.5670921206474304,163,121
0.009470939636230469,positive,10.0,10.0,-0.14425526559352875,-0.32882604002952576,-0.01670556701719761,0.2657066881656647,163,122
0.009533882141113281,positive,10.0,10.0,-0.15083178877830505,-0.5237056016921997,-0.011391432955861092,0.553074061870575,163,123
0.009596109390258789,positive,10.0,10.0,-0.16130590438842773,-0.3284255862236023,-0.00032995169749483466,0.25682398676872253,163,124
0.00966191291809082,positive,10.0,10.0,-0.16787441074848175,-0.5235428214073181,0.0048065283335745335,0.5494028329849243,163,125
0.009726285934448242,positive,10.0,10.0,-0.17834527790546417,-0.32848870754241943,0.015794584527611732,0.25823816657066345,163,126
0.009789228439331055,positive,10.0,10.0,-0.18491505086421967,-0.5238325595855713,0.02095934748649597,0.5558608174324036,163,127
0.009851217269897461,positive,10.0,10.0,-0.1953916996717453,-0.3290110230445862,0.03207656368613243,0.2698543071746826,163,128
0.009996891021728516,positive,10.0,10.0,-0.21246343851089478,-0.3299986720085144,0.04892323538661003,0.2918333411216736,163,130
0.01006007194519043,positive,10.0,10.0,-0.219063401222229,-0.13560719788074493,0.054759904742240906,0.014972700737416744,163,131
0.010124921798706055,positive,10.0,10.0,-0.22177554666996002,-0.33146995306015015,0.05505935847759247,0.3244178593158722,163,132
0.010269403457641602,positive,10.0,10.0,-0.23114842176437378,-0.33312147855758667,0.06253959238529205,0.3610430955886841,163,134
0.01033329963684082,positive,10.0,10.0,-0.23781085014343262,-0.13894164562225342,0.06976045668125153,0.08871744573116302,163,135
0.026406288146972656,positive,10.0,10.0,-0.2405896782875061,-0.33499059081077576,0.07153480499982834,0.4025685489177704,163,136
0.02663731575012207,positive,10.0,10.0,-0.24904964864253998,0.24679814279079437,0.07958590239286423,-0.398924857378006,163,139
0.026701688766479492,positive,10.0,10.0,-0.24411368370056152,0.05064268037676811,0.07160740345716476,-0.08224944025278091,163,140
0.026767253875732422,positive,10.0,10.0,-0.2431008219718933,0.24466899037361145,0.06996241211891174,-0.3515084683895111,163,141
0.02683234214782715,positive,10.0,10.0,-0.23820744454860687,0.04862546548247337,0.06293224543333054,-0.03761039674282074,163,142
0.02689504623413086,positive,10.0,10.0,-0.2372349351644516,-0.1473398506641388,0.062180038541555405,0.2742455303668976,163,143
0.02712082862854004,positive,10.0,10.0,-0.25003114342689514,0.044727616012096405,0.08568742871284485,0.04861999303102493,163,146
0.027184486389160156,positive,10.0,10.0,-0.24913659691810608,0.23852302134037018,0.08665982633829117,-0.21584530174732208,163,147
0.027248620986938477,positive,10.0,10.0,-0.2443661242723465,0.43230608105659485,0.08234292268753052,-0.47998297214508057,163,148
0.027396202087402344,positive,10.0,10.0,-0.22319650650024414,0.8202217817306519,0.057830873876810074,-1.0145522356033325,163,150
0.027460098266601562,positive,10.0,10.0,-0.20679207146167755,0.6243782043457031,0.037539828568696976,-0.7042852640151978,163,151
0.027768850326538086,positive,10.0,10.0,-0.156887486577034,0.23337893187999725,-0.017765484750270844,-0.10156799852848053,163,155
0.027832508087158203,positive,10.0,10.0,-0.15221990644931793,0.038516025990247726,-0.019796844571828842,0.18545745313167572,163,156
0.02813577651977539,positive,10.0,10.0,-0.1569153219461441,0.03916873037815094,0.006125261541455984,0.1710175722837448,163,160
0.028281211853027344,positive,10.0,10.0,-0.15925276279449463,0.03894542530179024,0.01885814405977726,0.17596754431724548,163,162
0.028584957122802734,positive,10.0,10.0,-0.163979634642601,0.037396062165498734,0.04547925665974617,0.21031756699085236,163,166
0.028651714324951172,positive,10.0,10.0,-0.1632317155599594,-0.15834566950798035,0.049685604870319366,0.5169928669929504,163,167
0.028715133666992188,positive,10.0,10.0,-0.16639862954616547,0.03604276105761528,0.06002546474337578,0.24037159979343414,163,168
0.02886033058166504,positive,10.0,10.0,-0.16887542605400085,0.03427133709192276,0.07586025446653366,0.27979570627212524,163,170
0.029085874557495117,positive,10.0,10.0,-0.155183345079422,0.6159650087356567,0.07661674916744232,-0.5197789669036865,163,173
0.029315471649169922,positive,10.0,10.0,-0.12999001145362854,0.027894528582692146,0.06431866437196732,0.4204680025577545,163,176
0.02953791618347168,positive,10.0,10.0,-0.11666997522115707,0.6100184917449951,0.07329980283975601,-0.3880179822444916,163,179
0.029602527618408203,positive,10.0,10.0,-0.10446960479021072,0.8040276169776917,0.06553944200277328,-0.6567193269729614,163,180
0.02966594696044922,positive,10.0,10.0,-0.08838904649019241,0.9981789588928223,0.05240505933761597,-0.9280663132667542,163,181
0.029729366302490234,positive,10.0,10.0,-0.06842546910047531,0.8023900985717773,0.03384372964501381,-0.6193861961364746,163,182
0.029874563217163086,positive,10.0,10.0,-0.03243720158934593,0.801617443561554,0.003431590273976326,-0.6018717288970947,163,184
0.029938697814941406,positive,10.0,10.0,-0.016404850408434868,0.9966912269592285,-0.008605844341218472,-0.8934718370437622,163,185
0.030002355575561523,positive,10.0,10.0,0.00352897378616035,0.8016870617866516,-0.02647528052330017,-0.6035064458847046,163,186
0.030066967010498047,positive,10.0,10.0,0.01956271380186081,0.9971690773963928,-0.038545411080121994,-0.9044095873832703,163,187
0.030132770538330078,positive,10.0,10.0,0.03950609639286995,0.8025897741317749,-0.0566336028277874,-0.6240869760513306,163,188
0.030201196670532227,positive,10.0,10.0,0.055557891726493835,0.998454749584198,-0.06911534070968628,-0.9340547919273376,163,189
0.030268430709838867,positive,10.0,10.0,0.07552698999643326,1.1944376230239868,-0.08779643476009369,-1.2476309537887573,163,190
0.03058791160583496,negative,10.0,-10.0,0.14784923195838928,0.4212570786476135,-0.1565956026315689,-0.23721228539943695,163,194
0.03097367286682129,negative,10.0,-10.0,0.15925870835781097,-0.15210069715976715,-0.1441347897052765,0.38312578201293945,163,199
0.0005071163177490234,positive,10.0,10.0,-0.008913921192288399,0.009908870793879032,0.028582531958818436,0.014436503872275352,164,2
0.0006613731384277344,positive,10.0,10.0,-0.012427965179085732,0.009087983518838882,0.035191237926483154,0.03255884721875191,164,4
0.0008909702301025391,positive,10.0,10.0,-0.015815144404768944,-0.18763206899166107,0.04366441071033478,0.36076870560646057,164,7
0.0009562969207763672,positive,10.0,10.0,-0.019567785784602165,0.006842893548309803,0.05087978392839432,0.08216755837202072,164,8
0.0010218620300292969,positive,10.0,10.0,-0.01943092793226242,-0.18897008895874023,0.052523136138916016,0.3904591500759125,164,9
0.0010869503021240234,positive,10.0,10.0,-0.023210329934954643,0.005368598271161318,0.060332316905260086,0.11478780210018158,164,10
0.0012464523315429688,positive,10.0,10.0,-0.026914231479167938,0.0036179262679070234,0.07114563882350922,0.15357768535614014,164,12
0.0013942718505859375,positive,10.0,10.0,-0.030690807849168777,0.001552470843307674,0.08357379585504532,0.19943194091320038,164,14
0.001459360122680664,positive,10.0,10.0,-0.030659759417176247,0.19538582861423492,0.0875624343752861,-0.06576120853424072,164,15
0.0015223026275634766,positive,10.0,10.0,-0.026752041652798653,0.38915035128593445,0.08624720573425293,-0.3295840322971344,164,16
0.001584768295288086,positive,10.0,10.0,-0.018969034776091576,0.19291329383850098,0.07965552806854248,-0.010997290723025799,164,17
0.0016465187072753906,positive,10.0,10.0,-0.015110768377780914,0.3868078887462616,0.07943557947874069,-0.2775229811668396,164,18
0.0017085075378417969,positive,10.0,10.0,-0.007374611217528582,0.5807120203971863,0.07388512045145035,-0.5441325306892395,164,19
0.0017709732055664062,positive,10.0,10.0,0.0042396290227770805,0.774722158908844,0.06300246715545654,-0.8126513361930847,164,20
0.001833200454711914,positive,10.0,10.0,0.01973407343029976,0.9689272046089172,0.04674944281578064,-1.084870457649231,164,21
0.0018956661224365234,positive,10.0,10.0,0.03911261633038521,0.7732207179069519,0.025052035227417946,-0.7778920531272888,164,22
0.0021209716796875,positive,10.0,10.0,0.08939167857170105,0.9680248498916626,-0.02709640935063362,-1.0633004903793335,164,25
0.00226593017578125,positive,10.0,10.0,0.12421761453151703,0.9690242409706116,-0.06394729018211365,-1.0867418050765991,164,27
0.003066539764404297,positive,10.0,10.0,0.1749483048915863,-0.1865472048521042,-0.09342037886381149,0.3381950855255127,164,37
0.0033714771270751953,positive,10.0,10.0,0.16017664968967438,-0.1816422939300537,-0.06975135207176208,0.22900159657001495,164,41
0.003434896469116211,positive,10.0,10.0,0.1565438061952591,-0.3757017254829407,-0.06517131626605988,0.4988926649093628,164,42
0.0035791397094726562,positive,10.0,10.0,0.14543527364730835,-0.37401503324508667,-0.05146538466215134,0.46117740869522095,164,44
0.003643035888671875,positive,10.0,10.0,0.137954980134964,-0.17820487916469574,-0.042241837829351425,0.152726948261261,164,45
0.0038726329803466797,positive,10.0,10.0,0.11559206992387772,-0.37171173095703125,-0.016314169391989708,0.4097255766391754,164,48
0.003936767578125,positive,10.0,10.0,0.10815783590078354,-0.17636233568191528,-0.008119657635688782,0.1119443029165268,164,49
0.004552602767944336,positive,10.0,10.0,0.0643233135342598,-0.17731784284114838,0.033358629792928696,0.13308565318584442,164,57
0.0046994686126708984,positive,10.0,10.0,0.05331892520189285,-0.17830732464790344,0.0447424091398716,0.1549893021583557,164,59
0.004765987396240234,positive,10.0,10.0,0.04975277930498123,-0.3740403950214386,0.04784219339489937,0.4614449739456177,164,60
0.004831552505493164,positive,10.0,10.0,0.042271971702575684,-0.17962612211704254,0.05707109346985817,0.18421748280525208,164,61
0.004897356033325195,positive,10.0,10.0,0.03867945075035095,-0.37551626563072205,0.06075544282793999,0.4943440854549408,164,62
0.004961729049682617,positive,10.0,10.0,0.031169123947620392,-0.18130140006542206,0.07064232230186462,0.22141040861606598,164,63
0.005026817321777344,positive,10.0,10.0,0.027543095871806145,-0.37735825777053833,0.07507053017616272,0.5355137586593628,164,64
0.005091190338134766,positive,10.0,10.0,0.019995931535959244,-0.1833677440881729,0.0857808068394661,0.26739758253097534,164,65
0.005155801773071289,positive,10.0,10.0,0.01632857508957386,0.010431898757815361,0.09112875908613205,0.0029556250665336847,164,66
0.005221843719482422,positive,10.0,10.0,0.016537213698029518,0.20413677394390106,0.09118787199258804,-0.25964128971099854,164,67
0.0060999393463134766,positive,10.0,10.0,0.04849465563893318,-0.0027655321173369884,0.07928086072206497,0.2949245274066925,164,78
0.006165266036987305,positive,10.0,10.0,0.04843934625387192,0.19114190340042114,0.08517935127019882,0.028261160477995872,164,79
0.006313323974609375,positive,10.0,10.0,0.059961095452308655,0.18870992958545685,0.08101700991392136,0.0820721834897995,164,81
0.006377458572387695,positive,10.0,10.0,0.06373529136180878,0.3825826644897461,0.08265845477581024,-0.18399010598659515,164,82
0.006448984146118164,positive,10.0,10.0,0.07138694822788239,0.57643061876297,0.07897865772247314,-0.4494953155517578,164,83
0.006677150726318359,positive,10.0,10.0,0.10980928689241409,0.7686246633529663,0.04761507362127304,-0.6770360469818115,164,86
0.00674128532409668,positive,10.0,10.0,0.12518177926540375,0.963053822517395,0.03407435491681099,-0.9543557167053223,164,87
0.006885528564453125,positive,10.0,10.0,0.15979266166687012,0.962400496006012,0.001963938819244504,-0.9390912055969238,164,89
0.007192850112915039,positive,10.0,10.0,0.22899571061134338,0.9636587500572205,-0.06181875616312027,-0.9681124091148376,164,93
0.007976770401000977,positive,10.0,10.0,0.2863464057445526,-0.19339914619922638,-0.07681997865438461,0.4894198477268219,164,103
0.008041143417358398,positive,10.0,10.0,0.2824784219264984,0.002717734547331929,-0.06703157722949982,0.17354923486709595,164,104
0.008104324340820312,positive,10.0,10.0,0.28253278136253357,-0.19138401746749878,-0.0635605975985527,0.44435545802116394,164,105
0.008408546447753906,positive,10.0,10.0,0.275124192237854,-0.1883678287267685,-0.04190808907151222,0.37717974185943604,164,109
0.00847172737121582,positive,10.0,10.0,0.27135685086250305,0.0073234923183918,-0.0343644954264164,0.0715831071138382,164,110
0.009015798568725586,positive,10.0,10.0,0.2608477473258972,-0.18544186651706696,-0.010592943988740444,0.312265545129776,164,117
0.009160518646240234,positive,10.0,10.0,0.25733551383018494,-0.18522995710372925,-0.004022416193038225,0.30756887793540955,164,119
0.009224176406860352,positive,10.0,10.0,0.2536309063434601,0.009949082508683205,0.0021289612632244825,0.01362009346485138,164,120
0.009287834167480469,positive,10.0,10.0,0.2538298964500427,-0.18520332872867584,0.002401363104581833,0.30697396397590637,164,121
0.00943303108215332,positive,10.0,10.0,0.25032350420951843,-0.18535907566547394,0.008841829374432564,0.31041473150253296,164,123
0.009737730026245117,positive,10.0,10.0,0.24327905476093292,-0.18622829020023346,0.02242250181734562,0.32964566349983215,164,127
0.009801864624023438,positive,10.0,10.0,0.2395544946193695,0.008567403070628643,0.029015416279435158,0.04411722347140312,164,128
0.010262012481689453,positive,10.0,10.0,0.22873453795909882,0.005337022244930267,0.054989852011203766,0.11552704870700836,164,134
0.010326623916625977,positive,10.0,10.0,0.22884127497673035,-0.19052796065807343,0.0573003925383091,0.42503929138183594,164,135
0.010392904281616211,positive,10.0,10.0,0.22503072023391724,0.003737485269084573,0.06580118089914322,0.15095648169517517,164,136
0.010464191436767578,positive,10.0,10.0,0.22510546445846558,0.197858527302742,0.06882030516862869,-0.12026334553956985,164,137
0.010527610778808594,positive,10.0,10.0,0.22906264662742615,0.0018215018790215254,0.06641504168510437,0.19331331551074982,164,138
0.01067805290222168,positive,10.0,10.0,0.2252153754234314,-0.00011969159822911024,0.08040502667427063,0.23645290732383728,164,140
0.010741472244262695,positive,10.0,10.0,0.22521299123764038,0.19376695156097412,0.08513408154249191,-0.029823850840330124,164,141
0.011046409606933594,positive,10.0,10.0,0.24837206304073334,0.579171359539032,0.07425560057163239,-0.5099601149559021,164,145
0.011111259460449219,positive,10.0,10.0,0.259955495595932,0.7731729745864868,0.064056396484375,-0.7783495783805847,164,146
0.011175394058227539,positive,10.0,10.0,0.2754189670085907,0.967358410358429,0.04848940670490265,-1.0502105951309204,164,147
0.011323213577270508,positive,10.0,10.0,0.31019869446754456,0.9663599133491516,0.012631001882255077,-1.0266177654266357,164,149
0.01178598403930664,positive,10.0,10.0,0.39889732003211975,0.5787386894226074,-0.07074945420026779,-0.4999038279056549,164,155
0.011850118637084961,positive,10.0,10.0,0.4104720652103424,0.38468170166015625,-0.08074753731489182,-0.23032958805561066,164,156
0.012153863906860352,positive,10.0,10.0,0.41798532009124756,-0.390755832195282,-0.0673244372010231,0.8321567177772522,164,160
0.01221776008605957,positive,10.0,10.0,0.41017022728919983,-0.5848963260650635,-0.050681304186582565,1.1029293537139893,164,161
0.012604475021362305,positive,10.0,10.0,0.35956424474716187,-0.3890276551246643,0.04601581022143364,0.7922272086143494,164,166
0.012669086456298828,positive,10.0,10.0,0.3517836928367615,-0.5847501158714294,0.061860352754592896,1.0990240573883057,164,167
0.012732744216918945,positive,10.0,10.0,0.34008869528770447,-0.39049455523490906,0.08384083211421967,0.8263733983039856,164,168
0.013363361358642578,positive,10.0,10.0,0.3859785497188568,1.1574851274490356,0.0714585930109024,-1.235349178314209,164,176
0.013671159744262695,positive,10.0,10.0,0.47849246859550476,0.7656069397926331,-0.025304095819592476,-0.6096776127815247,164,180
0.013821601867675781,positive,10.0,10.0,0.5052215456962585,0.3762791156768799,-0.043999068439006805,-0.04444495216012001,164,182
0.01412820816040039,positive,10.0,10.0,0.5432056188583374,0.3790484368801117,-0.060972727835178375,-0.10568197816610336,164,186
0.014193296432495117,positive,10.0,10.0,0.5507866144180298,0.5749887824058533,-0.0630863681435585,-0.4169611930847168,164,187
0.014667272567749023,negative,10.0,-10.0,0.639590859413147,1.361809253692627,-0.14911334216594696,-1.741957664489746,164,193
0.014731884002685547,negative,10.0,-10.0,0.6668270826339722,1.5582810640335083,-0.18395249545574188,-2.0770721435546875,164,194
0.00020003318786621094,positive,10.0,10.0,-0.03611253947019577,-0.008683980442583561,0.02993045561015606,0.007896880619227886,165,0
0.0004782676696777344,positive,10.0,10.0,-0.0405614897608757,-0.20516450703144073,0.036822348833084106,0.33073389530181885,165,3
0.0005452632904052734,positive,10.0,10.0,-0.04466478154063225,-0.010585527867078781,0.04343702644109726,0.04988660663366318,165,4
0.0006108283996582031,positive,10.0,10.0,-0.04487648978829384,-0.20630253851413727,0.04443475976586342,0.3559516668319702,165,5
0.0006756782531738281,positive,10.0,10.0,-0.04900254309177399,-0.011839592829346657,0.051553793251514435,0.07760470360517502,165,6
0.0007395744323730469,positive,10.0,10.0,-0.04923933371901512,-0.2076612412929535,0.05310588702559471,0.3860970139503479,165,7
0.0011241436004638672,positive,10.0,10.0,-0.05456782877445221,0.3729143738746643,0.07207901030778885,-0.38790035247802734,165,12
0.0013606548309326172,positive,10.0,10.0,-0.04395529627799988,-0.21509595215320587,0.06763064116239548,0.5507000684738159,165,15
0.0014255046844482422,positive,10.0,10.0,-0.048257216811180115,-0.020985834300518036,0.07864464074373245,0.2800687551498413,165,16
0.0015697479248046875,positive,10.0,10.0,-0.04521830752491951,0.3667503595352173,0.08450981229543686,-0.25176864862442017,165,18
0.0016336441040039062,positive,10.0,10.0,-0.037883300334215164,0.560570240020752,0.07947444170713425,-0.5166445970535278,165,19
0.001697540283203125,positive,10.0,10.0,-0.026671893894672394,0.754488468170166,0.06914154440164566,-0.7832628488540649,165,20
0.0017604827880859375,positive,10.0,10.0,-0.011582124046981335,0.9485955238342285,0.05347628891468048,-1.05341637134552,165,21
0.0018243789672851562,positive,10.0,10.0,0.0073897866532206535,0.7528069019317627,0.032407961785793304,-0.7444387674331665,165,22
0.0020530223846435547,positive,10.0,10.0,0.05643758922815323,0.9472797513008118,-0.01758815161883831,-1.0222482681274414,165,25
0.0021178722381591797,positive,10.0,10.0,0.07538318634033203,0.7523964643478394,-0.03803311660885811,-0.7351392507553101,165,26
0.002181529998779297,positive,10.0,10.0,0.09043111652135849,0.9480226039886475,-0.05273590236902237,-1.0395452976226807,165,27
0.0028870105743408203,positive,10.0,10.0,0.14488807320594788,-0.015716521069407463,-0.08361920714378357,0.1636309176683426,165,36
0.0030329227447509766,positive,10.0,10.0,0.148183673620224,-0.013388358056545258,-0.08343090862035751,0.11207690834999084,165,38
0.0030968189239501953,positive,10.0,10.0,0.14791591465473175,-0.2072218656539917,-0.08118937164545059,0.37731558084487915,165,39
0.0031599998474121094,positive,10.0,10.0,0.1437714695930481,-0.01104632019996643,-0.07364305853843689,0.06017813831567764,165,40
0.00330352783203125,positive,10.0,10.0,0.13944976031780243,-0.008964928798377514,-0.06586454808712006,0.01412859559059143,165,42
0.0034482479095458984,positive,10.0,10.0,0.13520878553390503,-0.39721179008483887,-0.0598754808306694,0.5566241145133972,165,44
0.003756999969482422,positive,10.0,10.0,0.11132488399744034,-0.39461448788642883,-0.029047921299934387,0.498417466878891,165,48
0.004061698913574219,positive,10.0,10.0,0.08759976923465729,-0.3936499357223511,-0.0017603656742721796,0.47685930132865906,165,52
0.004128694534301758,positive,10.0,10.0,0.07972677052021027,-0.19850318133831024,0.007776820100843906,0.18362204730510712,165,53
0.0042743682861328125,positive,10.0,10.0,0.0678819939494133,-0.19877707958221436,0.021024223417043686,0.1896955817937851,165,55
0.004499912261962891,positive,10.0,10.0,0.052033983170986176,-0.3950294256210327,0.03868039324879646,0.5075696110725403,165,58
0.004564046859741211,positive,10.0,10.0,0.044133394956588745,-0.20047321915626526,0.04883178323507309,0.2273227870464325,165,59
0.004708766937255859,positive,10.0,10.0,0.03219877555966377,-0.20192547142505646,0.06407824903726578,0.2596028745174408,165,61
0.0048563480377197266,positive,10.0,10.0,0.02020224742591381,-0.20381514728069305,0.08070608228445053,0.30170756578445435,165,63
0.004922628402709961,positive,10.0,10.0,0.016125943511724472,-0.009930669330060482,0.08674023300409317,0.03552931919693947,165,64
0.0049896240234375,positive,10.0,10.0,0.015927331522107124,0.18384721875190735,0.08745081722736359,-0.22857508063316345,165,65
0.005054473876953125,positive,10.0,10.0,0.0196042750030756,0.3776176869869232,0.08287931978702545,-0.4924422800540924,165,66
0.005118370056152344,positive,10.0,10.0,0.027156628668308258,0.18143051862716675,0.07303047180175781,-0.1748330295085907,165,67
0.005182027816772461,positive,10.0,10.0,0.03078524023294449,0.3754354417324066,0.0695338100194931,-0.44361281394958496,165,68
0.0055696964263916016,positive,10.0,10.0,0.02913513034582138,-0.2143000364303589,0.08759123831987381,0.5338773727416992,165,73
0.006448507308959961,positive,10.0,10.0,0.1247209906578064,0.7461935877799988,0.02438610978424549,-0.5983124375343323,165,84
0.0066738128662109375,positive,10.0,10.0,0.17337773740291595,0.9408726096153259,-0.016977526247501373,-0.880984365940094,165,87
0.006818294525146484,positive,10.0,10.0,0.20711489021778107,0.9415740370750427,-0.046470947563648224,-0.8970637917518616,165,89
0.006964445114135742,positive,10.0,10.0,0.24088861048221588,0.9430714845657349,-0.07679907977581024,-0.9315969944000244,165,91
0.008168935775756836,positive,10.0,10.0,0.2889925241470337,-0.010665320791304111,-0.06971294432878494,0.0516904816031456,165,106
0.008233308792114258,positive,10.0,10.0,0.28877922892570496,-0.20472200214862823,-0.06867913156747818,0.32158946990966797,165,107
0.008297204971313477,positive,10.0,10.0,0.28468477725982666,-0.008692666888237,-0.062247347086668015,0.00806286558508873,165,108
0.008603096008300781,positive,10.0,10.0,0.2684887647628784,-0.39563021063804626,-0.04055725410580635,0.5210375785827637,165,112
0.00898885726928711,positive,10.0,10.0,0.23681974411010742,-0.1987679898738861,-0.0021618923638015985,0.18941587209701538,165,117
0.009053468704223633,positive,10.0,10.0,0.23284438252449036,-0.393858939409256,0.001626425189897418,0.4814160168170929,165,118
0.009117364883422852,positive,10.0,10.0,0.22496721148490906,-0.198759987950325,0.011254745535552502,0.18924614787101746,165,119
0.009180545806884766,positive,10.0,10.0,0.22099201381206512,-0.39404112100601196,0.015039668418467045,0.4854581356048584,165,120
0.009648323059082031,positive,10.0,10.0,0.17749854922294617,-0.39722126722335815,0.06991978734731674,0.556744396686554,165,126
0.009872198104858398,positive,10.0,10.0,0.16530580818653107,0.1845080554485321,0.08720886707305908,-0.24326084554195404,165,129
0.009938716888427734,positive,10.0,10.0,0.16899597644805908,0.3782831132411957,0.08234365284442902,-0.5072119235992432,165,130
0.010003328323364258,positive,10.0,10.0,0.176561638712883,0.18210330605506897,0.07219941169023514,-0.1897576004266739,165,131
0.010068178176879883,positive,10.0,10.0,0.18020370602607727,0.37612205743789673,0.06840426474809647,-0.45881935954093933,165,132
0.010132789611816406,positive,10.0,10.0,0.18772614002227783,0.18010319769382477,0.059227872639894485,-0.14538352191448212,165,133
0.010279655456542969,positive,10.0,10.0,0.19101190567016602,-0.21169576048851013,0.05962781980633736,0.47528597712516785,165,135
0.010343313217163086,positive,10.0,10.0,0.1867779940366745,-0.017464278265833855,0.06913354247808456,0.2019767165184021,165,136
0.010406970977783203,positive,10.0,10.0,0.1864287108182907,-0.21350334584712982,0.07317307591438293,0.515641987323761,165,137
0.010469436645507812,positive,10.0,10.0,0.18215864896774292,-0.019483979791402817,0.0834859162569046,0.24688537418842316,165,138
0.010855436325073242,positive,10.0,10.0,0.2189701348543167,0.9498115181922913,0.05528590455651283,-1.0805087089538574,165,143
0.010919332504272461,positive,10.0,10.0,0.2379663586616516,0.7540050148963928,0.03367573022842407,-0.7710018157958984,165,144
0.01098322868347168,positive,10.0,10.0,0.253046452999115,0.9486477375030518,0.018255693838000298,-1.0529016256332397,165,145
0.011047601699829102,positive,10.0,10.0,0.2720194160938263,0.7532885670661926,-0.002802337519824505,-0.754544734954834,165,146
0.011193037033081055,positive,10.0,10.0,0.30605417490005493,0.7535690069198608,-0.03885539621114731,-0.7610953450202942,165,148
0.011257171630859375,positive,10.0,10.0,0.3211255371570587,0.9492040872573853,-0.054077304899692535,-1.0657470226287842,165,149
0.011321306228637695,positive,10.0,10.0,0.340109646320343,0.7548378109931946,-0.07539224624633789,-0.7905148267745972,165,150
0.01172018051147461,negative,10.0,-10.0,0.4236323833465576,0.9567662477493286,-0.1716594099998474,-1.2473957538604736,165,155
0.0003688335418701172,positive,10.0,10.0,0.01749826781451702,-0.24182163178920746,0.04842736944556236,0.2619546353816986,166,1
0.0006117820739746094,positive,10.0,10.0,-0.0009555757278576493,-0.04913334548473358,0.0709407776594162,0.022729238495230675,166,4
0.0008378028869628906,positive,10.0,10.0,-0.007865386083722115,0.14275984466075897,0.07948549836874008,-0.19946184754371643,166,7
0.0009033679962158203,positive,10.0,10.0,-0.005010189022868872,0.3366602957248688,0.07549626380205154,-0.46605005860328674,166,8
0.0010519027709960938,positive,10.0,10.0,0.004534163512289524,-0.055446721613407135,0.06316408514976501,0.16224518418312073,166,10
0.0011987686157226562,positive,10.0,10.0,-0.001603038515895605,-0.05728902667760849,0.07589232921600342,0.20313209295272827,166,12
0.0012624263763427734,positive,10.0,10.0,-0.0027488190680742264,0.13667015731334686,0.07995497435331345,-0.06467829644680023,166,13
0.001325845718383789,positive,10.0,10.0,-1.541589153930545e-05,0.3305601477622986,0.07866140455007553,-0.3311024308204651,166,14
0.0013887882232666016,positive,10.0,10.0,0.00659578712657094,0.1344117522239685,0.07203935831785202,-0.014687016606330872,166,15
0.001611948013305664,positive,10.0,10.0,0.026301829144358635,0.7165947556495667,0.05500924959778786,-0.8241758942604065,166,18
0.0018367767333984375,positive,10.0,10.0,0.07315849512815475,0.9102065563201904,0.0006535715074278414,-1.08197820186615,166,21
0.002142190933227539,positive,10.0,10.0,0.13819096982479095,0.9117346405982971,-0.0746813714504242,-1.1178836822509766,166,25
0.0023708343505859375,negative,10.0,-10.0,0.19685977697372437,0.7206689119338989,-0.14914318919181824,-0.921399712562561,166,28
0.002436399459838867,negative,10.0,-10.0,0.21127314865589142,0.5278427600860596,-0.16757117211818695,-0.6790571212768555,166,29
0.0025017261505126953,negative,10.0,-10.0,0.22183001041412354,0.3353959918022156,-0.1811523139476776,-0.44346606731414795,166,30
0.018585681915283203,negative,10.0,-10.0,0.2285379320383072,0.1432373970746994,-0.19002163410186768,-0.2129126489162445,166,31
0.018743276596069336,negative,10.0,-10.0,0.2304280400276184,-0.24061374366283417,-0.19399334490299225,0.2399756908416748,166,33
0.01880788803100586,negative,10.0,-10.0,0.22561576962471008,-0.4325118362903595,-0.18919382989406586,0.4657464623451233,166,34
0.018954038619995117,negative,10.0,-10.0,0.20447498559951782,-0.8167588114738464,-0.16601212322711945,0.924433708190918,166,36
0.019345760345458984,positive,10.0,10.0,0.09200754016637802,-1.0036370754241943,-0.03645266965031624,1.0222952365875244,166,41
0.0194094181060791,positive,10.0,10.0,0.07193479686975479,-0.8080489635467529,-0.016006765887141228,0.7183933258056641,166,42
0.019553184509277344,positive,10.0,10.0,0.04351963847875595,-0.4175640642642975,0.006775408983230591,0.12751628458499908,166,44
0.019617319107055664,positive,10.0,10.0,0.03516835719347,-0.6127824187278748,0.009325734339654446,0.42232903838157654,166,45
0.019765138626098633,positive,10.0,10.0,0.014556830748915672,-0.6131657958030701,0.02042432688176632,0.4308370351791382,166,47
0.02007126808166504,positive,10.0,10.0,-0.026734720915555954,-0.6148908734321594,0.04413989186286926,0.46920403838157654,166,51
0.020134449005126953,positive,10.0,10.0,-0.03903253749012947,-0.4204193353652954,0.05352397263050079,0.19075381755828857,166,52
0.020277976989746094,positive,10.0,10.0,-0.05976621434092522,-0.4219958186149597,0.06733563542366028,0.22575370967388153,166,54
0.020341157913208008,positive,10.0,10.0,-0.06820613145828247,-0.6180122494697571,0.07185070961713791,0.5388938188552856,166,55
0.02048802375793457,positive,10.0,10.0,-0.08904577791690826,-0.23011848330497742,0.08802233636379242,0.004167306702584028,166,57
0.020551443099975586,positive,10.0,10.0,-0.09364815056324005,-0.036361951380968094,0.08810567855834961,-0.25949713587760925,166,58
0.020614147186279297,positive,10.0,10.0,-0.09437538683414459,0.15739896893501282,0.08291573822498322,-0.523141622543335,166,59
0.02083730697631836,positive,10.0,10.0,-0.08889854699373245,-0.04078814014792442,0.05885234475135803,-0.16108597815036774,166,62
0.020982742309570312,positive,10.0,10.0,-0.09444833546876907,-0.43257370591163635,0.05862197279930115,0.4592686593532562,166,64
0.02193284034729004,positive,10.0,10.0,-0.121862031519413,0.331580251455307,0.08789478242397308,-0.3533940017223358,166,76
0.022234439849853516,positive,10.0,10.0,-0.1032792180776596,0.3270185887813568,0.07445825636386871,-0.2520281672477722,166,80
0.022382020950317383,positive,10.0,10.0,-0.08631879836320877,0.7150822877883911,0.05901114270091057,-0.7903534770011902,166,82
0.022447824478149414,positive,10.0,10.0,-0.07201714813709259,0.5192018151283264,0.04320407286286354,-0.47970494627952576,166,83
0.022598743438720703,positive,10.0,10.0,-0.04735935106873512,0.9083310961723328,0.018440693616867065,-1.040384292602539,166,85
0.022663593292236328,positive,10.0,10.0,-0.0291927307844162,0.7129691243171692,-0.0023669933434575796,-0.7419698238372803,166,86
0.022809267044067383,positive,10.0,10.0,0.0032291249372065067,0.7132346630096436,-0.037914324551820755,-0.7481648921966553,166,88
0.022874116897583008,positive,10.0,10.0,0.01749381795525551,0.9088585376739502,-0.052877623587846756,-1.0525339841842651,166,89
0.02415156364440918,positive,10.0,10.0,0.030771806836128235,-0.6292130947113037,-0.04313814267516136,0.7858391404151917,166,105
0.024217844009399414,positive,10.0,10.0,0.018187545239925385,-0.43352586030960083,-0.027421358972787857,0.4799027144908905,166,106
0.024282217025756836,positive,10.0,10.0,0.00951702892780304,-0.23802775144577026,-0.01782330498099327,0.17870491743087769,166,107
0.024427413940429688,positive,10.0,10.0,0.003903366392478347,0.152667835354805,-0.01664014346897602,-0.4166910648345947,166,109
0.024571895599365234,positive,10.0,10.0,0.00611243536695838,0.15325625240802765,-0.027559969574213028,-0.4297562837600708,166,111
0.025033235549926758,positive,10.0,10.0,0.012951689772307873,0.15696337819099426,-0.06502367556095123,-0.5123451948165894,166,117
0.02509927749633789,positive,10.0,10.0,0.016090957447886467,-0.03718532249331474,-0.07527057826519012,-0.2408410906791687,166,118
0.025166988372802734,positive,10.0,10.0,0.015347250737249851,-0.23115584254264832,-0.08008740097284317,0.0271822027862072,166,119
0.025556325912475586,positive,10.0,10.0,-0.01533662062138319,-0.8103775978088379,-0.0708497166633606,0.7720454335212708,166,124
0.02562117576599121,positive,10.0,10.0,-0.031544171273708344,-0.6143559813499451,-0.05540880560874939,0.4579382836818695,166,125
0.025684356689453125,positive,10.0,10.0,-0.043831292539834976,-0.4184962809085846,-0.04625003784894943,0.14831778407096863,166,126
0.02574753761291504,positive,10.0,10.0,-0.05220121890306473,-0.22274360060691833,-0.04328368231654167,-0.1585899293422699,166,127
0.025897502899169922,positive,10.0,10.0,-0.05719668045639992,-0.2214653193950653,-0.055747631937265396,-0.18692149221897125,166,129
0.026043176651000977,positive,10.0,10.0,-0.06994093209505081,-0.21982523798942566,-0.0577327162027359,-0.22317440807819366,166,131
0.026107072830200195,positive,10.0,10.0,-0.074337437748909,-0.023927684873342514,-0.06219620630145073,-0.5334951877593994,166,132
0.02641153335571289,positive,10.0,10.0,-0.09954214096069336,-0.799981415271759,-0.07243375480175018,0.5419803261756897,166,136
0.026643037796020508,positive,10.0,10.0,-0.151384174823761,-0.6023740172386169,-0.035382624715566635,0.19295591115951538,166,139
0.02686762809753418,positive,10.0,10.0,-0.191399484872818,-0.796219527721405,-0.018601680174469948,0.4574708640575409,166,142
0.027259111404418945,positive,10.0,10.0,-0.26318496465682983,-0.9909785985946655,0.014732081443071365,0.742048978805542,166,147
0.02732372283935547,positive,10.0,10.0,-0.2830045521259308,-0.7960630655288696,0.02957306057214737,0.45403847098350525,166,148
0.027387619018554688,positive,10.0,10.0,-0.29892581701278687,-0.6013715267181396,0.03865383192896843,0.17082203924655914,166,149
0.02745199203491211,positive,10.0,10.0,-0.3109532296657562,-0.7970247864723206,0.04207026958465576,0.47544410824775696,166,150
0.02759695053100586,positive,10.0,10.0,-0.3389441668987274,-0.798341691493988,0.05550539866089821,0.504809558391571,166,152
0.027662038803100586,positive,10.0,10.0,-0.3549109995365143,-0.6040440797805786,0.06560158729553223,0.23012223839759827,166,153
0.02772688865661621,positive,10.0,10.0,-0.36699187755584717,-0.8000391721725464,0.07020403444766998,0.5427554845809937,166,154
0.0003714561462402344,positive,10.0,10.0,0.01231453474611044,0.1727714091539383,-0.004681121092289686,-0.3145269453525543,167,1
0.0005314350128173828,positive,10.0,10.0,0.01532429177314043,0.17299401760101318,-0.011438138782978058,-0.3194482624530792,167,3
0.0005974769592285156,positive,10.0,10.0,0.01878417283296585,-0.02196318469941616,-0.017827104777097702,-0.03039434365928173,167,4
0.0006625652313232422,positive,10.0,10.0,0.018344908952713013,0.1734098196029663,-0.01843499206006527,-0.328648179769516,167,5
0.0007283687591552734,positive,10.0,10.0,0.021813105791807175,-0.021444903686642647,-0.025007955729961395,-0.04183533415198326,167,6
0.00079345703125,positive,10.0,10.0,0.021384207531809807,0.17402656376361847,-0.02584466151893139,-0.3423024117946625,167,7
0.0008571147918701172,positive,10.0,10.0,0.024864738807082176,-0.020718341693282127,-0.032690711319446564,-0.057880107313394547,167,8
0.0009200572967529297,positive,10.0,10.0,0.02445037104189396,0.17485670745372772,-0.03384831175208092,-0.3606953024864197,167,9
0.0009832382202148438,positive,10.0,10.0,0.027947505936026573,-0.019768159836530685,-0.04106221720576286,-0.07887472212314606,167,10
0.0011289119720458984,positive,10.0,10.0,0.031070495024323463,-0.018573813140392303,-0.0503242090344429,-0.1052851602435112,167,12
0.0011925697326660156,positive,10.0,10.0,0.030699018388986588,0.17723184823989868,-0.052429914474487305,-0.41341090202331543,167,13
0.0013501644134521484,positive,10.0,10.0,0.03390147164463997,-0.21131166815757751,-0.06345227360725403,0.13522571325302124,167,15
0.0019829273223876953,positive,10.0,10.0,-0.0072271754033863544,-0.2048403024673462,-0.04083707556128502,-0.007820718921720982,167,23
0.002046823501586914,positive,10.0,10.0,-0.011323980987071991,-0.3993535041809082,-0.04099348932504654,0.2717030942440033,167,24
0.002110004425048828,positive,10.0,10.0,-0.019311051815748215,-0.5938672423362732,-0.03555942699313164,0.5511798858642578,167,25
0.002172708511352539,positive,10.0,10.0,-0.031188396736979485,-0.39826440811157227,-0.024535831063985825,0.24750879406929016,167,26
0.002235889434814453,positive,10.0,10.0,-0.03915368393063545,-0.5930274724960327,-0.019585654139518738,0.5323526859283447,167,27
0.0023810863494873047,positive,10.0,10.0,-0.058966945856809616,-0.20238710939884186,-0.004267334472388029,-0.06192569062113762,167,29
0.0024442672729492188,positive,10.0,10.0,-0.0630146935582161,-0.007204239722341299,-0.005505848675966263,-0.3559519350528717,167,30
0.0025076866149902344,positive,10.0,10.0,-0.06315877288579941,-0.2022474855184555,-0.012624886818230152,-0.06501021981239319,167,31
0.0026502609252929688,positive,10.0,10.0,-0.06734266132116318,-0.20186810195446014,-0.02115808054804802,-0.07338975369930267,167,33
0.002713441848754883,positive,10.0,10.0,-0.07138001918792725,-0.006449311971664429,-0.02262587659060955,-0.37267231941223145,167,34
0.0027768611907958984,positive,10.0,10.0,-0.07150901108980179,-0.20124265551567078,-0.030079321935772896,-0.08720854669809341,167,35
0.002840280532836914,positive,10.0,10.0,-0.07553385943174362,-0.005702747497707605,-0.03182349354028702,-0.3892277181148529,167,36
0.003154277801513672,positive,10.0,10.0,-0.08373291045427322,-0.003397613763809204,-0.052624527364969254,-0.4404425024986267,167,40
0.0032205581665039062,positive,10.0,10.0,-0.08380086719989777,-0.19773685932159424,-0.06143337860703468,-0.16480165719985962,167,41
0.003445863723754883,positive,10.0,10.0,-0.09171029180288315,-0.3899286985397339,-0.07834601402282715,0.06375113874673843,167,44
0.003509521484375,positive,10.0,10.0,-0.0995088666677475,-0.5838450789451599,-0.07707099616527557,0.33072322607040405,167,45
0.0036513805389404297,positive,10.0,10.0,-0.12674157321453094,-0.5817567706108093,-0.058493711054325104,0.2841232120990753,167,47
0.004032135009765625,positive,10.0,10.0,-0.19257496297359467,-0.7737998366355896,-0.02162775956094265,0.5085375308990479,167,52
0.004338741302490234,positive,10.0,10.0,-0.24664753675460815,-0.7732727527618408,0.006752629764378071,0.49672839045524597,167,56
0.0045659542083740234,positive,10.0,10.0,-0.2891499996185303,-0.5787806510925293,0.030892442911863327,0.21802839636802673,167,59
0.0046308040618896484,positive,10.0,10.0,-0.3007256090641022,-0.7743302583694458,0.03525301069021225,0.5202938318252563,167,60
0.004938840866088867,positive,10.0,10.0,-0.35493770241737366,-0.7770283818244934,0.06673602014780045,0.5806635022163391,167,64
0.005003452301025391,positive,10.0,10.0,-0.3704782724380493,-0.9730188846588135,0.0783492848277092,0.8936006426811218,167,65
0.0004489421844482422,positive,10.0,10.0,-0.02752194181084633,-0.009960828348994255,-0.03198733925819397,-0.046502966433763504,168,0
0.0005681514739990234,positive,10.0,10.0,-0.027721157297492027,0.18560485541820526,-0.03291739895939827,-0.349104106426239,168,1
0.0006434917449951172,positive,10.0,10.0,-0.024009060114622116,-0.00903384480625391,-0.03989948332309723,-0.06698018312454224,168,2
0.0007145404815673828,positive,10.0,10.0,-0.02418973669409752,0.1866367608308792,-0.04123908653855324,-0.37197983264923096,168,3
0.0007810592651367188,positive,10.0,10.0,-0.02045700140297413,-0.007875805720686913,-0.0486786812543869,-0.0925799012184143,168,4
0.0009601116180419922,positive,10.0,10.0,-0.016856340691447258,-0.006461275741457939,-0.05853457748889923,-0.12388141453266144,168,6
0.0010259151458740234,positive,10.0,10.0,-0.016985567286610603,0.1894482970237732,-0.061012204736471176,-0.43444183468818665,168,7
0.0010905265808105469,positive,10.0,10.0,-0.013196601532399654,-0.00475921668112278,-0.06970104575157166,-0.1615990549325943,168,8
0.0011546611785888672,positive,10.0,10.0,-0.01329178549349308,0.19128775596618652,-0.07293302565813065,-0.47543099522590637,168,9
0.0013904571533203125,positive,10.0,10.0,-0.013452379032969475,-0.3903656601905823,-0.08539393544197083,0.32314470410346985,168,12
0.0016169548034667969,positive,10.0,10.0,-0.03290334716439247,-0.5819582343101501,-0.07340356707572937,0.5383867025375366,168,15
0.0016815662384033203,positive,10.0,10.0,-0.04454251006245613,-0.7759756445884705,-0.06263583153486252,0.8070678114891052,168,16
0.0018260478973388672,positive,10.0,10.0,-0.07166309654712677,-0.38430798053741455,-0.03658730909228325,0.18839259445667267,168,18
0.001972198486328125,positive,10.0,10.0,-0.09092701971530914,-0.38331806659698486,-0.023433201014995575,0.16646890342235565,168,20
0.002382993698120117,positive,10.0,10.0,-0.12140124291181564,-0.18714815378189087,-0.019657669588923454,-0.14940723776817322,168,25
0.00244903564453125,positive,10.0,10.0,-0.12514419853687286,0.008249688893556595,-0.02264581434428692,-0.44822636246681213,168,26
0.0025162696838378906,positive,10.0,10.0,-0.12497920542955399,0.20368453860282898,-0.031610339879989624,-0.7479607462882996,168,27
0.0025811195373535156,positive,10.0,10.0,-0.12090551853179932,0.009012596681714058,-0.04656955599784851,-0.4653906226158142,168,28
0.0026445388793945312,positive,10.0,10.0,-0.12072526663541794,-0.18542145192623138,-0.05587736889719963,-0.18774226307868958,168,29
0.0027077198028564453,positive,10.0,10.0,-0.12443369626998901,0.010453574359416962,-0.05963221564888954,-0.49751561880111694,168,30
0.0029425621032714844,positive,10.0,10.0,-0.12765491008758545,-0.18174198269844055,-0.08482666313648224,-0.2695443630218506,168,33
0.0030083656311035156,positive,10.0,10.0,-0.1312897503376007,-0.37555742263793945,-0.09021755307912827,-0.004775654524564743,168,34
0.0033218860626220703,positive,10.0,10.0,-0.18458305299282074,-1.150848388671875,-0.05901588127017021,1.0539711713790894,168,38
0.003389120101928711,positive,10.0,10.0,-0.20760002732276917,-1.3451404571533203,-0.037936460226774216,1.3275611400604248,168,39
0.0034551620483398438,positive,10.0,10.0,-0.23450282216072083,-1.1495606899261475,-0.01138523779809475,1.023252010345459,168,40
0.003602743148803711,positive,10.0,10.0,-0.2765798270702362,-0.7592937350273132,0.023620128631591797,0.43720486760139465,168,42
0.0039882659912109375,positive,10.0,10.0,-0.3447914719581604,-0.5667967200279236,0.057566966861486435,0.20265574753284454,168,47
0.004052400588989258,positive,10.0,10.0,-0.35612738132476807,-0.7626926898956299,0.061620082706213,0.512928307056427,168,48
0.004116058349609375,positive,10.0,10.0,-0.3713812530040741,-0.9586259126663208,0.07187864929437637,0.8243752121925354,168,49
0.004182338714599609,positive,10.0,10.0,-0.3905537724494934,-1.154653549194336,0.08836615085601807,1.1387715339660645,168,50
0.004415273666381836,negative,10.0,-10.0,-0.4638074040412903,-1.3538453578948975,0.1643340140581131,1.5349714756011963,168,53
0.004485607147216797,negative,10.0,-10.0,-0.49088430404663086,-1.1610394716262817,0.19503344595432281,1.2977560758590698,168,54
0.0003554821014404297,positive,10.0,10.0,-0.00352775608189404,-0.20911578834056854,-0.004420843441039324,0.31206220388412476,169,1
0.0005850791931152344,positive,10.0,10.0,-0.012170277535915375,-0.013988330960273743,0.008405069820582867,0.019250530749559402,169,4
0.0008740425109863281,positive,10.0,10.0,-0.02111070603132248,-0.01467237900942564,0.022016629576683044,0.03434769809246063,169,8
0.0009331703186035156,positive,10.0,10.0,-0.02140415459871292,-0.21010302007198334,0.022703584283590317,0.3338949978351593,169,9
0.001230478286743164,positive,10.0,10.0,-0.030452577397227287,-0.2118017077445984,0.038701970130205154,0.37153446674346924,169,13
0.0013799667358398438,positive,10.0,10.0,-0.03503361716866493,0.17718105018138885,0.04795868694782257,-0.18647712469100952,169,15
0.0014410018920898438,positive,10.0,10.0,-0.03148999810218811,-0.018593091517686844,0.04422914609313011,0.12094089388847351,169,16
0.0016543865203857422,positive,10.0,10.0,-0.03654602915048599,-0.21575568616390228,0.058185283094644547,0.4591946303844452,169,19
0.001714468002319336,positive,10.0,10.0,-0.04086114466190338,-0.021502410992980003,0.06736917793750763,0.18540465831756592,169,20
0.0018515586853027344,positive,10.0,10.0,-0.04564159736037254,-0.02346872165799141,0.0810483917593956,0.2290927767753601,169,22
0.0019109249114990234,positive,10.0,10.0,-0.04611097276210785,0.17040713131427765,0.08563025295734406,-0.036964207887649536,169,23
0.0020494461059570312,positive,10.0,10.0,-0.035418763756752014,0.16798056662082672,0.07886198908090591,0.016753342002630234,169,25
0.0024917125701904297,positive,10.0,10.0,0.0038914077449589968,0.9411764740943909,0.059456270188093185,-0.9956506490707397,169,31
0.0025529861450195312,positive,10.0,10.0,0.02271493710577488,0.7453119158744812,0.039543259888887405,-0.684903085231781,169,32
0.002774477005004883,positive,10.0,10.0,0.071306511759758,0.9394339919090271,-0.006736192852258682,-0.9548044204711914,169,35
0.002912282943725586,positive,10.0,10.0,0.10498326271772385,0.9398749470710754,-0.03911719098687172,-0.9649488925933838,169,37
0.003124713897705078,positive,10.0,10.0,0.15751038491725922,0.7470946311950684,-0.09201817214488983,-0.7261019349098206,169,40
0.0038673877716064453,positive,10.0,10.0,0.18743589520454407,-0.017433546483516693,-0.08786062151193619,0.09566754847764969,169,50
0.004003047943115234,positive,10.0,10.0,0.18286335468292236,-0.01496166456490755,-0.07875949144363403,0.04088994488120079,169,52
0.0042171478271484375,positive,10.0,10.0,0.178132101893425,-0.2067529410123825,-0.0719570517539978,0.26070845127105713,169,55
0.004582405090332031,positive,10.0,10.0,0.14983968436717987,-0.39774376153945923,-0.038323838263750076,0.4619676470756531,169,60
0.004642009735107422,positive,10.0,10.0,0.14188480377197266,-0.20210173726081848,-0.02908448502421379,0.15745562314987183,169,61
0.005000591278076172,positive,10.0,10.0,0.11393941938877106,-0.3959059417247772,-0.0031680865213274956,0.4210070073604584,169,66
0.005061149597167969,positive,10.0,10.0,0.10602129995822906,-0.20073923468589783,0.0052520534954965115,0.12732702493667603,169,67
0.005120754241943359,positive,10.0,10.0,0.10200650990009308,-0.3959360420703888,0.007798593956977129,0.42166227102279663,169,68
0.005331754684448242,positive,10.0,10.0,0.08214376121759415,-0.20142625272274017,0.027444947510957718,0.14252933859825134,169,71
0.005616664886474609,positive,10.0,10.0,0.05817343667149544,-0.2034117877483368,0.05169641971588135,0.18651223182678223,169,75
0.005676984786987305,positive,10.0,10.0,0.05410519987344742,-0.3992338180541992,0.055426664650440216,0.4950448274612427,169,76
0.005735635757446289,positive,10.0,10.0,0.046120524406433105,-0.20493550598621368,0.06532756239175797,0.2203320413827896,169,77
0.005797863006591797,positive,10.0,10.0,0.04202181473374367,-0.40092748403549194,0.06973420083522797,0.5328855514526367,169,78
0.005857944488525391,positive,10.0,10.0,0.03400326520204544,-0.5969573259353638,0.08039191365242004,0.84670090675354,169,79
0.006769895553588867,positive,10.0,10.0,0.05262415483593941,0.5560746192932129,0.08151807636022568,-0.5232493877410889,169,91
0.0070574283599853516,positive,10.0,10.0,0.11259020864963531,0.5526541471481323,0.019112451002001762,-0.44596225023269653,169,95
0.007415771484375,positive,10.0,10.0,0.19124875962734222,0.7483003735542297,-0.060136113315820694,-0.7511311769485474,169,100
0.007475376129150391,positive,10.0,10.0,0.2062147706747055,0.9441977739334106,-0.0751587375998497,-1.0621155500411987,169,101
0.008543729782104492,positive,10.0,10.0,0.24337589740753174,-0.20319117605686188,-0.09332331269979477,0.18226726353168488,169,115
0.008828401565551758,positive,10.0,10.0,0.21947354078292847,-0.1983298659324646,-0.07049042731523514,0.07439368218183517,169,119
0.009279727935791016,positive,10.0,10.0,0.18425337970256805,-0.5831485986709595,-0.05030541121959686,0.5407485365867615,169,125
0.009340286254882812,positive,10.0,10.0,0.17259041965007782,-0.3873569667339325,-0.03949044272303581,0.2326490879058838,169,126
0.009400367736816406,positive,10.0,10.0,0.16484327614307404,-0.5818930268287659,-0.03483746200799942,0.5126185417175293,169,127
0.00946044921875,positive,10.0,10.0,0.15320540964603424,-0.38629817962646484,-0.024585088714957237,0.2091641128063202,169,128
0.009596586227416992,positive,10.0,10.0,0.13385824859142303,-0.385656476020813,-0.01052197813987732,0.19494925439357758,169,130
0.009962081909179688,positive,10.0,10.0,0.08750176429748535,-0.5809069275856018,0.020370392128825188,0.49051135778427124,169,135
0.01025700569152832,positive,10.0,10.0,0.04878978058695793,-0.192535400390625,0.04888779670000076,-0.0536796897649765,169,139
0.010395050048828125,positive,10.0,10.0,0.0449761264026165,-0.19391609728336334,0.04120327904820442,-0.02317657135426998,169,141
0.010454893112182617,positive,10.0,10.0,0.04109780490398407,0.0005914754583500326,0.0407397486269474,-0.30257996916770935,169,142
0.010592460632324219,positive,10.0,10.0,0.03720790147781372,-0.0004789640661329031,0.03474150970578194,-0.2788718044757843,169,144
0.03135204315185547,positive,10.0,10.0,0.05258546024560928,-0.0013423690106719732,-0.02984476275742054,-0.259725958108902,169,152
0.031415700912475586,positive,10.0,10.0,0.05255861207842827,0.19419264793395996,-0.03503928333520889,-0.5616708993911743,169,153
0.031556129455566406,positive,10.0,10.0,0.05643405392765999,0.1953299194574356,-0.05187729746103287,-0.5871405005455017,169,155
0.03169727325439453,positive,10.0,10.0,0.06036008149385452,-0.19318915903568268,-0.06984490901231766,-0.03928006812930107,169,157
0.031833648681640625,positive,10.0,10.0,0.05655352398753166,-0.1911890059709549,-0.0776936337351799,-0.08355485647916794,169,159
0.032196044921875,positive,10.0,10.0,0.006446920335292816,-0.38119083642959595,-0.04421811178326607,0.09654992073774338,169,164
0.03225588798522949,positive,10.0,10.0,-0.001176896272227168,-0.18546395003795624,-0.04228711128234863,-0.20974932610988617,169,165
0.032471656799316406,positive,10.0,10.0,-0.00836547464132309,0.01168407965451479,-0.06154712662100792,-0.5478274822235107,169,168
0.03260993957519531,positive,10.0,10.0,-0.011782226152718067,-0.37653830647468567,-0.07800675183534622,-0.006190910469740629,169,170
0.032670021057128906,positive,10.0,10.0,-0.019312992691993713,-0.18038931488990784,-0.0781305730342865,-0.32243040204048157,169,171
0.03273153305053711,positive,10.0,10.0,-0.022920778021216393,-0.3743167817592621,-0.08457918465137482,-0.05537362024188042,169,172
0.03287076950073242,positive,10.0,10.0,-0.03396892175078392,0.01813765987753868,-0.0931566059589386,-0.6919209361076355,169,174
0.03338503837585449,positive,10.0,10.0,-0.11267763376235962,-1.335884690284729,-0.0821208581328392,1.1034477949142456,169,181
0.033594608306884766,positive,10.0,10.0,-0.19667237997055054,-1.1384773254394531,-0.011497678235173225,0.7556788921356201,169,184
0.033653974533081055,positive,10.0,10.0,-0.21944192051887512,-0.9431988000869751,0.003615899011492729,0.4594002068042755,169,185
0.03394007682800293,positive,10.0,10.0,-0.287107914686203,-0.9440178871154785,0.02899232693016529,0.4776105284690857,169,189
0.03407573699951172,positive,10.0,10.0,-0.3209746181964874,-0.9449685215950012,0.042428627610206604,0.4987930953502655,169,191
0.034214019775390625,positive,10.0,10.0,-0.3548833727836609,-0.9462999701499939,0.05680004134774208,0.5285197496414185,169,193
0.034273624420166016,positive,10.0,10.0,-0.3738093674182892,-1.1421730518341064,0.06737043708562851,0.8385458588600159,169,194
0.03433346748352051,positive,10.0,10.0,-0.39665281772613525,-1.3381471633911133,0.08414135128259659,1.1516319513320923,169,195
0.00036406517028808594,positive,10.0,10.0,0.04536433145403862,0.21769481897354126,-0.008746697567403316,-0.3053203821182251,170,1
0.0006887912750244141,positive,10.0,10.0,0.05499535799026489,0.21855008602142334,-0.021913645789027214,-0.3242397904396057,170,5
0.0008368492126464844,positive,10.0,10.0,0.05984129756689072,0.21926432847976685,-0.029169386252760887,-0.34005317091941833,170,7
0.0010657310485839844,positive,10.0,10.0,0.06912173330783844,0.025612635537981987,-0.04431505501270294,-0.07976482808589935,170,10
0.0011315345764160156,positive,10.0,10.0,0.06963398307561874,0.22134090960025787,-0.04591035097837448,-0.3860933780670166,170,11
0.0012812614440917969,positive,10.0,10.0,0.07459879666566849,0.22274760901927948,-0.05579685419797897,-0.41734153032302856,170,13
0.0015082359313964844,positive,10.0,10.0,0.08411169052124023,0.030324267223477364,-0.07609818875789642,-0.18413279950618744,170,16
0.001573801040649414,positive,10.0,10.0,0.08471817523241043,-0.16363102197647095,-0.07978084683418274,0.08360686898231506,170,17
0.0016388893127441406,positive,10.0,10.0,0.08144555985927582,-0.3575240671634674,-0.07810870558023453,0.3500906527042389,170,18
0.0017032623291015625,positive,10.0,10.0,0.07429507374763489,-0.16138319671154022,-0.07110689580440521,0.0338357537984848,170,19
0.0021729469299316406,positive,10.0,10.0,0.06695736944675446,-0.5442937612533569,-0.09174888581037521,0.4595290720462799,170,25
0.002237558364868164,positive,10.0,10.0,0.05607149749994278,-0.7380071878433228,-0.08255830407142639,0.7219406962394714,170,26
0.0024039745330810547,positive,10.0,10.0,0.022673435509204865,-1.1260429620742798,-0.04836871847510338,1.2580721378326416,170,28
0.00263214111328125,positive,10.0,10.0,-0.03315235301852226,-0.53972989320755,0.008820700459182262,0.3567570745944977,170,31
0.0026967525482177734,positive,10.0,10.0,-0.04394695162773132,-0.34473446011543274,0.015955841168761253,0.06686852872371674,170,32
0.0027608871459960938,positive,10.0,10.0,-0.050841640681028366,-0.14984484016895294,0.017293212935328484,-0.22073784470558167,170,33
0.0029082298278808594,positive,10.0,10.0,-0.05293802171945572,-0.150275319814682,0.0027201350312680006,-0.21120260655879974,170,35
0.0029740333557128906,positive,10.0,10.0,-0.055943530052900314,0.044807638972997665,-0.0015039171557873487,-0.5030262470245361,170,36
0.0030395984649658203,positive,10.0,10.0,-0.055047377943992615,-0.15029308199882507,-0.011564441956579685,-0.2108176350593567,170,37
0.003265380859375,positive,10.0,10.0,-0.060151468962430954,0.04557894915342331,-0.030312467366456985,-0.5202038288116455,170,40
0.003807544708251953,positive,10.0,10.0,-0.073016457259655,-0.5341185927391052,-0.07977849245071411,0.23378729820251465,170,47
0.0038726329803466797,positive,10.0,10.0,-0.0836988314986229,-0.7280153632164001,-0.07510274648666382,0.5002774000167847,170,48
0.004016876220703125,positive,10.0,10.0,-0.11669918894767761,-0.726047933101654,-0.049729619175195694,0.45594409108161926,170,50
0.0040819644927978516,positive,10.0,10.0,-0.13122014701366425,-0.5302594900131226,-0.04061073809862137,0.14800992608070374,170,51
0.004308938980102539,positive,10.0,10.0,-0.16690373420715332,-0.7238358855247498,-0.026632368564605713,0.4066616892814636,170,54
0.004374027252197266,positive,10.0,10.0,-0.18138045072555542,-0.528346598148346,-0.018499134108424187,0.10570278018712997,170,55
0.004599332809448242,positive,10.0,10.0,-0.21696831285953522,-0.7228466272354126,-0.006641454063355923,0.38466671109199524,170,58
0.004666566848754883,positive,10.0,10.0,-0.23142525553703308,-0.5276310443878174,0.0010518803028389812,0.08989719301462173,170,59
0.004732370376586914,positive,10.0,10.0,-0.24197787046432495,-0.3325241506099701,0.002849824260920286,-0.20245367288589478,170,60
0.004798412322998047,positive,10.0,10.0,-0.24862834811210632,-0.13744308054447174,-0.0011992492945864797,-0.4942362606525421,170,61
0.004862546920776367,positive,10.0,10.0,-0.2513772249221802,-0.3325481116771698,-0.011083974502980709,-0.20193152129650116,170,62
0.004926919937133789,positive,10.0,10.0,-0.25802817940711975,-0.13726939260959625,-0.015122605487704277,-0.4980902075767517,170,63
0.004997730255126953,positive,10.0,10.0,-0.26077356934547424,-0.3321748971939087,-0.02508440986275673,-0.21021126210689545,170,64
0.0053098201751708984,positive,10.0,10.0,-0.27949389815330505,-0.3302128314971924,-0.054695744067430496,-0.2537824213504791,170,68
0.005374908447265625,positive,10.0,10.0,-0.2860981523990631,-0.13435430824756622,-0.05977139249444008,-0.5632034540176392,170,69
0.005439043045043945,positive,10.0,10.0,-0.28878524899482727,-0.3285888731479645,-0.0710354596376419,-0.2899342179298401,170,70
0.00550532341003418,positive,10.0,10.0,-0.29535701870918274,-0.5226297974586487,-0.07683414965867996,-0.020473746582865715,170,71
0.005815744400024414,positive,10.0,10.0,-0.3370334804058075,-0.9080653190612793,-0.08143069595098495,0.46062204241752625,170,75
0.005880594253540039,positive,10.0,10.0,-0.3551947772502899,-1.101947546005249,-0.07221825420856476,0.7265675663948059,170,76
0.006107330322265625,positive,10.0,10.0,-0.4329598546028137,-1.6849254369735718,-0.012379475869238377,1.550315499305725,170,79
0.0061719417572021484,positive,10.0,10.0,-0.4666583836078644,-1.8798967599868774,0.018626835197210312,1.8391106128692627,170,80
0.0064275264739990234,negative,10.0,-10.0,-0.5911775827407837,-2.0766842365264893,0.147095188498497,2.185763359069824,170,83
0.00036597251892089844,positive,10.0,10.0,-0.027604661881923676,0.21276028454303741,0.041045915335416794,-0.2895587384700775,171,1
0.0004420280456542969,positive,10.0,10.0,-0.023349454626441002,0.01707780733704567,0.035254742950201035,0.015781879425048828,171,2
0.0005109310150146484,positive,10.0,10.0,-0.023007899522781372,0.21167689561843872,0.035570379346609116,-0.26557260751724243,171,3
0.0005791187286376953,positive,10.0,10.0,-0.018774360418319702,0.40627357363700867,0.03025892749428749,-0.5468275547027588,171,4
0.000644683837890625,positive,10.0,10.0,-0.01064888946712017,0.210739865899086,0.01932237669825554,-0.2447664439678192,171,5
0.0008037090301513672,positive,10.0,10.0,0.001677519059740007,0.21025869250297546,0.003801196813583374,-0.23409879207611084,171,7
0.0008718967437744141,positive,10.0,10.0,0.005882692988961935,0.40532612800598145,-0.0008807789999991655,-0.5255802869796753,171,8
0.0010204315185546875,positive,10.0,10.0,0.018193546682596207,0.4054994583129883,-0.016055885702371597,-0.5294296145439148,171,10
0.001165628433227539,positive,10.0,10.0,0.030515676364302635,0.40609923005104065,-0.03148145601153374,-0.542815625667572,171,12
0.0012314319610595703,positive,10.0,10.0,0.038637660443782806,0.2114335298538208,-0.04233776777982712,-0.26021578907966614,171,13
0.001537322998046875,positive,10.0,10.0,0.05563267692923546,0.21446074545383453,-0.06493442505598068,-0.3274136185646057,171,17
0.0016021728515625,positive,10.0,10.0,0.05992189422249794,0.020320454612374306,-0.07148269563913345,-0.05589422211050987,171,18
0.0017466545104980469,positive,10.0,10.0,0.05685415118932724,-0.3677205443382263,-0.06833244860172272,0.48233354091644287,171,20
0.001809835433959961,positive,10.0,10.0,0.049499738961458206,-0.1717040240764618,-0.0586857795715332,0.1689208298921585,171,21
0.0018732547760009766,positive,10.0,10.0,0.04606565833091736,0.02420669049024582,-0.05530736222863197,-0.14168305695056915,171,22
0.002911090850830078,positive,10.0,10.0,0.007009120658040047,-0.1584514081478119,-0.05444716662168503,-0.12390217930078506,171,35
0.002975940704345703,positive,10.0,10.0,0.003840092336758971,0.03740660101175308,-0.0569252073764801,-0.43325337767601013,171,36
0.003040313720703125,positive,10.0,10.0,0.004588224459439516,-0.15686513483524323,-0.0655902773141861,-0.1590447872877121,171,37
0.003103494644165039,positive,10.0,10.0,0.0014509218744933605,0.039131563156843185,-0.06877117604017258,-0.47167736291885376,171,38
0.003166675567626953,positive,10.0,10.0,0.00223355321213603,-0.15495507419109344,-0.07820472121238708,-0.20143838226795197,171,39
0.0034754276275634766,positive,10.0,10.0,-0.033429890871047974,-0.930619478225708,-0.0623503215610981,0.8657255172729492,171,43
0.0035402774810791016,positive,10.0,10.0,-0.05204227939248085,-0.7347068190574646,-0.04503580927848816,0.5541085004806519,171,44
0.0036859512329101562,positive,10.0,10.0,-0.07751606404781342,-0.7336034178733826,-0.02900196984410286,0.5293662548065186,171,46
0.003749370574951172,positive,10.0,10.0,-0.09218813478946686,-0.5380856990814209,-0.01841464638710022,0.22768767178058624,171,47
0.0038123130798339844,positive,10.0,10.0,-0.1029498428106308,-0.7329397201538086,-0.013860892504453659,0.5145055055618286,171,48
0.003960847854614258,positive,10.0,10.0,-0.12836115062236786,-0.3424525260925293,0.0007789609953761101,-0.07632003724575043,171,50
0.004106760025024414,positive,10.0,10.0,-0.13815702497959137,-0.3424530625343323,-0.008122581988573074,-0.0763099417090416,171,52
0.004251718521118164,positive,10.0,10.0,-0.1479504108428955,-0.3421991765499115,-0.0170796699821949,-0.08191944658756256,171,54
0.004315376281738281,positive,10.0,10.0,-0.15479439496994019,-0.14683660864830017,-0.018718058243393898,-0.3799417316913605,171,55
0.004874229431152344,positive,10.0,10.0,-0.18689167499542236,-0.3384842574596405,-0.05805198475718498,-0.16411824524402618,171,62
0.004939079284667969,positive,10.0,10.0,-0.19366136193275452,-0.14258141815662384,-0.06133434921503067,-0.474535197019577,171,63
0.005087375640869141,positive,10.0,10.0,-0.20324870944023132,-0.14072638750076294,-0.07486099749803543,-0.5159543752670288,171,65
0.005151987075805664,positive,10.0,10.0,-0.20606324076652527,-0.3347187340259552,-0.08518008142709732,-0.24776941537857056,171,66
0.005536556243896484,positive,10.0,10.0,-0.2782893180847168,-1.3038710355758667,-0.05718621239066124,1.0766301155090332,171,71
0.005842685699462891,positive,10.0,10.0,-0.35911744832992554,-0.9120065569877625,-0.00778756570070982,0.4530319273471832,171,75
0.00639653205871582,negative,10.0,-10.0,-0.5688266158103943,-2.2809677124023438,0.18071682751178741,2.601846218109131,171,82
0.0003943443298339844,positive,10.0,10.0,-0.044641561806201935,0.17088676989078522,-0.022604968398809433,-0.2623974680900574,172,1
0.0007193088531494141,positive,10.0,10.0,-0.023120051249861717,0.1727922558784485,-0.05632421746850014,-0.30481114983558655,172,5
0.0009593963623046875,positive,10.0,10.0,-0.01660437509417534,-0.019695958122611046,-0.0698709487915039,-0.0699552670121193,172,8
0.0011053085327148438,positive,10.0,10.0,-0.013471203856170177,-0.01768699660897255,-0.07894683629274368,-0.1144510805606842,172,10
0.0012514591217041016,positive,10.0,10.0,-0.018056826665997505,-0.40546464920043945,-0.07818950712680817,0.4183070957660675,172,12
0.0013990402221679688,positive,10.0,10.0,-0.030352655798196793,-0.013277270831167698,-0.06778266280889511,-0.21183423697948456,172,14
0.0016241073608398438,positive,10.0,10.0,-0.042793307453393936,-0.20533202588558197,-0.06428815424442291,0.013683371245861053,172,17
0.001767873764038086,positive,10.0,10.0,-0.047086942940950394,-0.20350365340709686,-0.06998588889837265,-0.026743529364466667,172,19
0.0018341541290283203,positive,10.0,10.0,-0.051157016307115555,-0.007451469544321299,-0.07052076607942581,-0.340660959482193,172,20
0.0018987655639648438,positive,10.0,10.0,-0.051306046545505524,0.18859930336475372,-0.0773339793086052,-0.6547220945358276,172,21
0.0019621849060058594,positive,10.0,10.0,-0.04753405973315239,-0.005365582183003426,-0.090428426861763,-0.3873578608036041,172,22
0.0024335384368896484,positive,10.0,10.0,-0.08286776393651962,-0.7769600749015808,-0.09358350187540054,0.5916626453399658,172,28
0.002505779266357422,positive,10.0,10.0,-0.09840696305036545,-0.9706558585166931,-0.08175024390220642,0.8534616231918335,172,29
0.002651214599609375,positive,10.0,10.0,-0.1411115527153015,-0.9686659574508667,-0.04229382053017616,0.807108998298645,172,31
0.002714872360229492,positive,10.0,10.0,-0.16048488020896912,-0.7729905843734741,-0.026151642203330994,0.5014278292655945,172,32
0.0028600692749023438,positive,10.0,10.0,-0.1874948889017105,-0.7723976373672485,-0.012110697105526924,0.4881729781627655,172,34
0.003004789352416992,positive,10.0,10.0,-0.21448498964309692,-0.7721952199935913,0.001486720866523683,0.4836394786834717,172,36
0.003069162368774414,positive,10.0,10.0,-0.2299288809299469,-0.577094316482544,0.011159510351717472,0.19142550230026245,172,37
0.0031328201293945312,positive,10.0,10.0,-0.24147076904773712,-0.7723740935325623,0.014988020062446594,0.48760777711868286,172,38
0.0031957626342773438,positive,10.0,10.0,-0.2569182515144348,-0.5774667859077454,0.024740176275372505,0.1996859759092331,172,39
0.00350189208984375,positive,10.0,10.0,-0.3187728226184845,-0.5795688033103943,0.06519697606563568,0.24648289382457733,172,43
0.003646373748779297,positive,10.0,10.0,-0.3458753526210785,-0.581487238407135,0.0813065692782402,0.2892060875892639,172,45
0.003709554672241211,positive,10.0,10.0,-0.35750511288642883,-0.7776687741279602,0.08709069341421127,0.6063840985298157,172,46
0.0041844844818115234,negative,10.0,-10.0,-0.4629594087600708,-0.7878929972648621,0.18734951317310333,0.8434167504310608,172,52
0.0002624988555908203,positive,10.0,10.0,-0.043926700949668884,-0.02246895432472229,0.047026485204696655,0.034380290657281876,173,0
0.00037670135498046875,positive,10.0,10.0,-0.044376082718372345,0.17194817960262299,0.04771408811211586,-0.2431023120880127,173,1
0.00045180320739746094,positive,10.0,10.0,-0.040937118232250214,0.3663572669029236,0.042852044105529785,-0.5203614234924316,173,2
0.0005216598510742188,positive,10.0,10.0,-0.03360997140407562,0.1706591099500656,0.03244481608271599,-0.21448902785778046,173,3
0.0006873607635498047,positive,10.0,10.0,-0.03069501556456089,0.16979598999023438,0.029920021072030067,-0.19541941583156586,173,5
0.0007536411285400391,positive,10.0,10.0,-0.027299096807837486,0.3644774556159973,0.02601163275539875,-0.47851574420928955,173,6
0.0008184909820556641,positive,10.0,10.0,-0.020009547472000122,0.168998122215271,0.01644131727516651,-0.177749365568161,173,7
0.0010471343994140625,positive,10.0,10.0,-0.005980378482490778,0.36364981532096863,0.00021263762027956545,-0.46003463864326477,173,10
0.0011928081512451172,positive,10.0,10.0,0.004663115367293358,0.3637743294239044,-0.012333749793469906,-0.46278950572013855,173,12
0.001257181167602539,positive,10.0,10.0,0.011938601732254028,0.1688288152217865,-0.02158953994512558,-0.17401953041553497,173,13
0.0013213157653808594,positive,10.0,10.0,0.015315177850425243,0.3642530143260956,-0.025069929659366608,-0.47343432903289795,173,14
0.0014657974243164062,positive,10.0,10.0,0.025990117341279984,0.36509254574775696,-0.03831376135349274,-0.4921325743198395,173,16
0.0015289783477783203,positive,10.0,10.0,0.03329196572303772,0.17053136229515076,-0.048156414180994034,-0.21176646649837494,173,17
0.0017566680908203125,positive,10.0,10.0,0.04746796190738678,-0.022210869938135147,-0.06764698028564453,0.028720755130052567,173,20
0.0018208026885986328,positive,10.0,10.0,0.047023747116327286,0.17381268739700317,-0.0670725628733635,-0.2845151126384735,173,21
0.00188446044921875,positive,10.0,10.0,0.05049999803304672,0.36982396245002747,-0.0727628618478775,-0.5975754857063293,173,22
0.002029895782470703,positive,10.0,10.0,0.06141230836510658,-0.01802864670753479,-0.09128778427839279,-0.06385894119739532,173,24
0.0022590160369873047,positive,10.0,10.0,0.05650879815220833,-0.20916399359703064,-0.09102536737918854,0.14176681637763977,173,27
0.0023229122161865234,positive,10.0,10.0,0.052325520664453506,-0.40287238359451294,-0.08819003403186798,0.404401957988739,173,28
0.0026254653930664062,positive,10.0,10.0,0.02803838439285755,-0.008292345330119133,-0.07065759599208832,-0.2790115475654602,173,32
0.0034041404724121094,positive,10.0,10.0,-0.054470472037792206,-0.3875294625759125,-0.02754335291683674,0.06429244577884674,173,42
0.0035600662231445312,positive,10.0,10.0,-0.07386597990989685,-0.38676050305366516,-0.019294312223792076,0.047313787043094635,173,44
0.003625154495239258,positive,10.0,10.0,-0.08160118758678436,-0.1913672834634781,-0.01834803633391857,-0.2513936758041382,173,45
0.003689289093017578,positive,10.0,10.0,-0.08542853593826294,-0.3862224817276001,-0.02337590977549553,0.035445909947156906,173,46
0.003753185272216797,positive,10.0,10.0,-0.0931529849767685,-0.5810015797615051,-0.022666992619633675,0.32066279649734497,173,47
0.00389862060546875,positive,10.0,10.0,-0.11248430609703064,-0.19021303951740265,-0.015835363417863846,-0.2768478989601135,173,49
0.003962039947509766,positive,10.0,10.0,-0.11628856509923935,0.005131209269165993,-0.021372321993112564,-0.5744829177856445,173,50
0.004024505615234375,positive,10.0,10.0,-0.11618594080209732,-0.1896846890449524,-0.03286198154091835,-0.2886087894439697,173,51
0.004327058792114258,positive,10.0,10.0,-0.13910382986068726,-0.18748050928115845,-0.04560277611017227,-0.3374060094356537,173,55
0.004551887512207031,positive,10.0,10.0,-0.1542137861251831,-0.38041484355926514,-0.06090330332517624,-0.09284286946058273,173,58
0.0046160221099853516,positive,10.0,10.0,-0.1618220955133438,-0.18447522819042206,-0.06276015937328339,-0.4041018784046173,173,59
0.004680156707763672,positive,10.0,10.0,-0.1655115932226181,-0.3786535859107971,-0.0708421990275383,-0.13184717297554016,173,60
0.004745006561279297,positive,10.0,10.0,-0.17308466136455536,-0.18259210884571075,-0.07347913831472397,-0.44601190090179443,173,61
0.004970550537109375,positive,10.0,10.0,-0.19567762315273285,-0.7642453908920288,-0.08418215066194534,0.3526045083999634,173,64
0.005036354064941406,positive,10.0,10.0,-0.21096251904964447,-0.9580756425857544,-0.07713006436824799,0.6175999641418457,173,65
0.00565791130065918,positive,10.0,10.0,-0.340359628200531,-0.9521607160568237,-0.024277271702885628,0.48516449332237244,173,73
0.005803346633911133,positive,10.0,10.0,-0.37453693151474,-0.9516151547431946,-0.010875379666686058,0.4729800820350647,173,75
0.00586700439453125,positive,10.0,10.0,-0.3935692310333252,-1.1465818881988525,-0.0014157774858176708,0.7622154951095581,173,76
0.00593113899230957,positive,10.0,10.0,-0.41650086641311646,-1.3416842222213745,0.01382853277027607,1.054452657699585,173,77
0.0059964656829833984,positive,10.0,10.0,-0.44333454966545105,-1.5369868278503418,0.03491758555173874,1.351443886756897,173,78
0.006144285202026367,positive,10.0,10.0,-0.5009207129478455,-1.538204312324524,0.08334417641162872,1.381348967552185,173,80
0.0004360675811767578,positive,10.0,10.0,-0.031649552285671234,-0.4371606111526489,-0.03941681608557701,0.5218635201454163,174,2
0.0005056858062744141,positive,10.0,10.0,-0.040392763912677765,-0.2415066659450531,-0.028979545459151268,0.217025026679039,174,3
0.0007340908050537109,positive,10.0,10.0,-0.04315287619829178,-0.04525477811694145,-0.03403238207101822,-0.10074463486671448,174,6
0.0008938312530517578,positive,10.0,10.0,-0.04105121269822121,-0.04425470903515816,-0.04412662237882614,-0.12286367267370224,174,8
0.0009586811065673828,positive,10.0,10.0,-0.04193630814552307,0.15147075057029724,-0.04658389836549759,-0.4291350841522217,174,9
0.0011050701141357422,positive,10.0,10.0,-0.03976612538099289,0.15290510654449463,-0.05819647014141083,-0.46105751395225525,174,11
0.0012516975402832031,positive,10.0,10.0,-0.037534985691308975,0.15467040240764618,-0.07116304337978363,-0.5004367232322693,174,13
0.0013990402221679688,positive,10.0,10.0,-0.03522917628288269,-0.23325388133525848,-0.08579181879758835,0.03501290827989578,174,15
0.0016255378723144531,positive,10.0,10.0,-0.053051646798849106,-0.42472586035728455,-0.07947906106710434,0.24789665639400482,174,18
0.0016911029815673828,positive,10.0,10.0,-0.061546165496110916,-0.6186280846595764,-0.07452113181352615,0.5144895911216736,174,19
0.001996755599975586,positive,10.0,10.0,-0.11092308163642883,-0.22524935007095337,-0.03590293228626251,-0.14175532758235931,174,23
0.0021409988403320312,positive,10.0,10.0,-0.11602071672677994,-0.22418516874313354,-0.047648947685956955,-0.1653207391500473,174,25
0.002206087112426758,positive,10.0,10.0,-0.12050441652536392,-0.02841467224061489,-0.05095536261796951,-0.47264668345451355,174,26
0.002349853515625,positive,10.0,10.0,-0.12552833557128906,-0.02684965543448925,-0.06433728337287903,-0.5075601935386658,174,28
0.002816438674926758,positive,10.0,10.0,-0.18695642054080963,-0.8009434342384338,-0.0445515401661396,0.5237175226211548,174,34
0.002961874008178711,positive,10.0,10.0,-0.21507975459098816,-0.799842357635498,-0.029730480164289474,0.4990771412849426,174,36
0.003026247024536133,positive,10.0,10.0,-0.23107661306858063,-0.6043141484260559,-0.019748937338590622,0.19717496633529663,174,37
0.0030908584594726562,positive,10.0,10.0,-0.24316288530826569,-0.7991481423377991,-0.0158054381608963,0.4835631549358368,174,38
0.0034027099609375,positive,10.0,10.0,-0.29927247762680054,-0.798907458782196,0.010783081874251366,0.4781593084335327,174,42
0.0035479068756103516,positive,10.0,10.0,-0.3273294270038605,-0.7993464469909668,0.024124154821038246,0.48792564868927,174,44
0.0036153793334960938,positive,10.0,10.0,-0.34331634640693665,-0.6045730113983154,0.03388266637921333,0.20294234156608582,174,45
0.004162311553955078,positive,10.0,10.0,-0.43208184838294983,-1.1939197778701782,0.0730840191245079,1.170954942703247,174,52
0.0043904781341552734,negative,10.0,-10.0,-0.5076802968978882,-1.3925906419754028,0.15070711076259613,1.5539889335632324,174,55
0.004457950592041016,negative,10.0,-10.0,-0.5355321168899536,-1.1995620727539062,0.18178687989711761,1.31186842918396,174,56
0.0004138946533203125,positive,10.0,10.0,0.01702015846967697,0.20122653245925903,-0.04943092539906502,-0.33111336827278137,175,1
0.0007174015045166016,positive,10.0,10.0,0.025235939770936966,0.008455511182546616,-0.06442651897668839,-0.09011539071798325,175,4
0.0009164810180664062,positive,10.0,10.0,0.029493829235434532,0.010315775871276855,-0.07427700608968735,-0.13131959736347198,175,6
0.0009970664978027344,positive,10.0,10.0,0.02970014326274395,0.20641878247261047,-0.07690339535474777,-0.4464804232120514,175,7
0.0013842582702636719,positive,10.0,10.0,0.02294987253844738,-0.17881256341934204,-0.08073222637176514,0.029611490666866302,175,11
0.0015666484832763672,positive,10.0,10.0,0.011919829994440079,-0.17652198672294617,-0.07422459870576859,-0.02107263170182705,175,13
0.0017511844635009766,positive,10.0,10.0,0.0009792837081477046,-0.5644862651824951,-0.06970006227493286,0.5155347585678101,175,15
0.0018336772918701172,positive,10.0,10.0,-0.010310441255569458,-0.36845555901527405,-0.05938936769962311,0.20172743499279022,175,16
0.0019118785858154297,positive,10.0,10.0,-0.017679551616311073,-0.1725367307662964,-0.05535481870174408,-0.109082892537117,175,17
0.0020945072174072266,positive,10.0,10.0,-0.020663626492023468,-0.170928493142128,-0.06591054797172546,-0.144699826836586,175,19
0.002382516860961914,positive,10.0,10.0,-0.026961004361510277,-0.36293792724609375,-0.08169707655906677,0.07990922778844833,175,22
0.002459287643432617,positive,10.0,10.0,-0.03421976417303085,-0.5567994713783264,-0.08009888976812363,0.3457394242286682,175,23
0.0025360584259033203,positive,10.0,10.0,-0.04535575211048126,-0.750696063041687,-0.07318410277366638,0.612127959728241,175,24
0.002917051315307617,positive,10.0,10.0,-0.12090960890054703,-0.7479149699211121,-0.0032901898957788944,0.5488836169242859,175,28
0.002996206283569336,positive,10.0,10.0,-0.1358679085969925,-0.5527469515800476,0.007687482517212629,0.25516587495803833,175,29
0.003070831298828125,positive,10.0,10.0,-0.14692284166812897,-0.7479777932167053,0.01279080007225275,0.5502635836601257,175,30
0.0035545825958251953,positive,10.0,10.0,-0.21397797763347626,-0.5550100207328796,0.05749884620308876,0.3055368959903717,175,35
0.003630399703979492,positive,10.0,10.0,-0.22507816553115845,-0.36075258255004883,0.06360958516597748,0.031527623534202576,175,36
0.0037078857421875,positive,10.0,10.0,-0.23229321837425232,-0.16659775376319885,0.06424013525247574,-0.24042700231075287,175,37
0.003790140151977539,positive,10.0,10.0,-0.23562517762184143,0.027550507336854935,0.05943159759044647,-0.5121750831604004,175,38
0.004172563552856445,positive,10.0,10.0,-0.24131470918655396,0.024894578382372856,0.03216636925935745,-0.4528174102306366,175,42
0.004647970199584961,positive,10.0,10.0,-0.24670006334781647,-0.17157109081745148,0.0001549017324578017,-0.13018527626991272,175,47
0.005134105682373047,positive,10.0,10.0,-0.2560403347015381,0.024240991100668907,-0.0248361025005579,-0.4381846487522125,175,52
0.005510091781616211,positive,10.0,10.0,-0.26185497641563416,0.026227347552776337,-0.04931135103106499,-0.4823928475379944,175,56
0.005990505218505859,positive,10.0,10.0,-0.27467605471611023,-0.5543497204780579,-0.0777926817536354,0.2914774715900421,175,61
0.006070375442504883,positive,10.0,10.0,-0.28576305508613586,-0.7482812404632568,-0.07196313142776489,0.5586469769477844,175,62
0.00645899772644043,positive,10.0,10.0,-0.3455178439617157,-0.7453303337097168,-0.02969350293278694,0.49216386675834656,175,66
0.006538867950439453,positive,10.0,10.0,-0.3604244291782379,-0.9400211572647095,-0.019850226119160652,0.7753427624702454,175,67
0.006819963455200195,positive,10.0,10.0,-0.42852073907852173,-1.5252585411071777,0.04395154491066933,1.6509499549865723,175,70
0.006895542144775391,positive,10.0,10.0,-0.45902588963508606,-1.7208656072616577,0.07697053998708725,1.956994652748108,175,71
0.007075309753417969,negative,10.0,-10.0,-0.5317775011062622,-2.112710952758789,0.1615605503320694,2.5985803604125977,175,73
0.0003762245178222656,positive,10.0,10.0,-0.00933805387467146,0.017504116520285606,-0.04056250676512718,-0.04581858590245247,176,0
0.0005044937133789062,positive,10.0,10.0,-0.00898797158151865,0.21318352222442627,-0.041478876024484634,-0.35101836919784546,176,1
0.0008702278137207031,positive,10.0,10.0,0.008147423155605793,0.21630261838436127,-0.07135479897260666,-0.42052212357521057,176,5
0.0009362697601318359,positive,10.0,10.0,0.012473475188016891,0.0222603939473629,-0.07976523786783218,-0.15115997195243835,176,6
0.0010824203491210938,positive,10.0,10.0,0.009486000053584576,-0.3654783070087433,-0.08048181980848312,0.38078930974006653,176,8
0.0013883113861083984,positive,10.0,10.0,-0.011821188032627106,0.028737276792526245,-0.06456886231899261,-0.29412737488746643,176,12
0.0014519691467285156,positive,10.0,10.0,-0.01124644186347723,-0.16540753841400146,-0.07045140862464905,-0.02248707413673401,176,13
0.0015993118286132812,positive,10.0,10.0,-0.013941586017608643,-0.1633947640657425,-0.07763195037841797,-0.06703104078769684,176,15
0.0016641616821289062,positive,10.0,10.0,-0.017209481447935104,0.03274940699338913,-0.07897257059812546,-0.3831620514392853,176,16
0.0017271041870117188,positive,10.0,10.0,-0.016554493457078934,-0.16116765141487122,-0.08663581311702728,-0.11638683080673218,176,17
0.0017900466918945312,positive,10.0,10.0,-0.019777847453951836,-0.3549483120441437,-0.08896354585886002,0.14775490760803223,176,18
0.0018534660339355469,positive,10.0,10.0,-0.026876812800765038,-0.5486910939216614,-0.0860084518790245,0.41109901666641235,176,19
0.0019164085388183594,positive,10.0,10.0,-0.03785063326358795,-0.7424951791763306,-0.07778646796941757,0.6754752397537231,176,20
0.0019791126251220703,positive,10.0,10.0,-0.05270053818821907,-0.9364549517631531,-0.06427696347236633,0.9426889419555664,176,21
0.0020415782928466797,positive,10.0,10.0,-0.07142964005470276,-0.7405285239219666,-0.04542318359017372,0.630521833896637,176,22
0.014719486236572266,positive,10.0,10.0,-0.09713627398014069,-0.34922975301742554,-0.026335012167692184,0.021039331331849098,176,24
0.014786958694458008,positive,10.0,10.0,-0.10412086546421051,-0.15374021232128143,-0.025914225727319717,-0.27983489632606506,176,25
0.015094280242919922,positive,10.0,10.0,-0.11636746674776077,-0.15161626040935516,-0.049466323107481,-0.326963871717453,176,29
0.01515817642211914,positive,10.0,10.0,-0.119399793446064,-0.3460003435611725,-0.05600560083985329,-0.050281599164009094,176,30
0.015382766723632812,positive,10.0,10.0,-0.13621002435684204,-0.14840823411941528,-0.06593155115842819,-0.39815160632133484,176,33
0.015608072280883789,positive,10.0,10.0,-0.15675941109657288,-0.7304745316505432,-0.07360338419675827,0.4091469347476959,176,36
0.01567220687866211,positive,10.0,10.0,-0.17136891186237335,-0.9244799613952637,-0.06542044132947922,0.6777473092079163,176,37
0.015735149383544922,positive,10.0,10.0,-0.18985851109027863,-0.7285130620002747,-0.05186549574136734,0.365205854177475,176,38
0.01579880714416504,positive,10.0,10.0,-0.2044287621974945,-0.5326938629150391,-0.04456137865781784,0.056630413979291916,176,39
0.015862703323364258,positive,10.0,10.0,-0.21508264541625977,-0.727149486541748,-0.04342877119779587,0.33492758870124817,176,40
0.015926837921142578,positive,10.0,10.0,-0.2296256273984909,-0.5314372181892395,-0.036730218678712845,0.028871959075331688,176,41
0.016077756881713867,positive,10.0,10.0,-0.25477465987205505,-0.9206023812294006,-0.029957909137010574,0.5908092856407166,176,43
0.016224145889282227,positive,10.0,10.0,-0.2876881957054138,-0.5296981930732727,-0.012364880181849003,-0.009506836533546448,176,45
0.016291379928588867,positive,10.0,10.0,-0.2982821464538574,-0.7246406674385071,-0.012555016204714775,0.27924931049346924,176,46
0.01636791229248047,positive,10.0,10.0,-0.3127749562263489,-0.9195812940597534,-0.006970030255615711,0.5679461359977722,176,47
0.016519546508789062,positive,10.0,10.0,-0.34565383195877075,-0.9195465445518494,0.009850403293967247,0.5671395063400269,176,49
0.01666712760925293,positive,10.0,10.0,-0.386340856552124,-1.3102092742919922,0.03845138102769852,1.1621798276901245,176,51
0.016732215881347656,positive,10.0,10.0,-0.4125450551509857,-1.5058103799819946,0.061694975942373276,1.4666664600372314,176,52
0.016796112060546875,positive,10.0,10.0,-0.44266125559806824,-1.70163094997406,0.09102830290794373,1.7779654264450073,176,53
0.01702404022216797,negative,10.0,-10.0,-0.533132016658783,-1.5110013484954834,0.1821715086698532,1.601700782775879,176,56
0.0005469322204589844,positive,10.0,10.0,0.05740297585725784,0.6326736807823181,-0.045440804213285446,-0.8614702224731445,177,3
0.0006172657012939453,positive,10.0,10.0,0.07005645334720612,0.4381990134716034,-0.06267020851373672,-0.5834143161773682,177,4
0.0007636547088623047,positive,10.0,10.0,0.09150324016809464,0.44010084867477417,-0.09224174171686172,-0.6267423629760742,177,6
0.001245260238647461,positive,10.0,10.0,0.08626256138086319,-0.7207091450691223,-0.08997637778520584,0.9174873232841492,177,12
0.0013103485107421875,positive,10.0,10.0,0.07184837758541107,-0.9145069122314453,-0.07162663340568542,1.1805907487869263,177,13
0.0013756752014160156,positive,10.0,10.0,0.053558241575956345,-1.1086297035217285,-0.048014819622039795,1.4499881267547607,177,14
0.0016837120056152344,positive,10.0,10.0,-0.011675457470119,-0.3276921808719635,0.03177398443222046,0.26655715703964233,177,18
0.0020682811737060547,positive,10.0,10.0,-0.021129818633198738,0.2552388608455658,0.02549157477915287,-0.5581694841384888,177,23
0.0023026466369628906,positive,10.0,10.0,-0.009736010804772377,0.05943332985043526,-0.00173702253960073,-0.25013473629951477,177,26
0.002368450164794922,positive,10.0,10.0,-0.008547344245016575,0.2545800507068634,-0.0067397174425423145,-0.5433650612831116,177,27
0.0024323463439941406,positive,10.0,10.0,-0.003455743659287691,0.05955345183610916,-0.01760701835155487,-0.25281327962875366,177,28
0.0024976730346679688,positive,10.0,10.0,-0.0022646745201200247,0.2549223303794861,-0.022663284093141556,-0.5509973764419556,177,29
0.0026426315307617188,positive,10.0,10.0,0.004036290105432272,0.25571200251579285,-0.03899403661489487,-0.56865394115448,177,31
0.002706766128540039,positive,10.0,10.0,0.009150530211627483,0.06115805730223656,-0.05036711320281029,-0.2885061800479889,177,32
0.002851247787475586,positive,10.0,10.0,0.0077094752341508865,0.06266940385103226,-0.05637972429394722,-0.321977436542511,177,34
0.003077983856201172,positive,10.0,10.0,0.007617890369147062,-0.12980258464813232,-0.07095947861671448,-0.08750428259372711,177,37
0.003225088119506836,positive,10.0,10.0,0.0063470578752458096,-0.12775841355323792,-0.08074364811182022,-0.13280175626277924,177,39
0.0032911300659179688,positive,10.0,10.0,0.0037918896414339542,-0.32163649797439575,-0.0833996832370758,0.1333550661802292,177,40
0.003355741500854492,positive,10.0,10.0,-0.0026408403646200895,-0.5154709219932556,-0.08073258399963379,0.3986050486564636,177,41
0.003500699996948242,positive,10.0,10.0,-0.02713746577501297,-0.9033987522125244,-0.05946483463048935,0.9336971044540405,177,43
0.0035638809204101562,positive,10.0,10.0,-0.04520544037222862,-0.707527220249176,-0.04079089313745499,0.6229366660118103,177,44
0.004185199737548828,positive,10.0,10.0,-0.08792861551046371,-0.3134777247905731,-0.0518290139734745,-0.04713420942425728,177,52
0.004249095916748047,positive,10.0,10.0,-0.09419817477464676,-0.11765237152576447,-0.05277169868350029,-0.3557087182998657,177,53
0.004397153854370117,positive,10.0,10.0,-0.1027909368276596,-0.1160588264465332,-0.0614883117377758,-0.3910816013813019,177,55
0.004464149475097656,positive,10.0,10.0,-0.10511211305856705,-0.310256689786911,-0.06930994242429733,-0.11840149015188217,177,56
0.004528999328613281,positive,10.0,10.0,-0.11131724715232849,-0.5043206214904785,-0.07167797535657883,0.15163473784923553,177,57
0.0046770572662353516,positive,10.0,10.0,-0.13537059724330902,-0.5023229122161865,-0.06022784858942032,0.10736221075057983,177,59
0.004740715026855469,positive,10.0,10.0,-0.14541704952716827,-0.6965324282646179,-0.058080606162548065,0.3804519474506378,177,60
0.004803657531738281,positive,10.0,10.0,-0.15934769809246063,-0.5006358623504639,-0.05047156661748886,0.07003650814294815,177,61
0.0048677921295166016,positive,10.0,10.0,-0.1693604290485382,-0.6949992775917053,-0.04907083511352539,0.34637799859046936,177,62
0.004931926727294922,positive,10.0,10.0,-0.18326041102409363,-0.49921488761901855,-0.04214327782392502,0.03863392025232315,177,63
0.004997968673706055,positive,10.0,10.0,-0.19324471056461334,-0.6937079429626465,-0.04137059673666954,0.31772804260253906,177,64
0.00506281852722168,positive,10.0,10.0,-0.20711886882781982,-0.4980219602584839,-0.03501603752374649,0.012290669605135918,177,65
0.005208730697631836,positive,10.0,10.0,-0.23093180358409882,-0.49702468514442444,-0.02889575995504856,-0.009719801135361195,177,67
0.005275249481201172,positive,10.0,10.0,-0.24087229371070862,-0.6917206048965454,-0.02909015491604805,0.27370792627334595,177,68
0.005338191986083984,positive,10.0,10.0,-0.2547067105770111,-0.496195912361145,-0.023615995422005653,-0.0280062947422266,177,69
0.005562305450439453,positive,10.0,10.0,-0.2961648404598236,-0.6903557181358337,-0.00819159485399723,0.24347466230392456,177,72
0.0057125091552734375,positive,10.0,10.0,-0.3276791572570801,-1.080434799194336,0.0073491488583385944,0.8251968622207642,177,74
0.01487421989440918,positive,10.0,10.0,-0.3669961392879486,-1.0808632373809814,0.0345497727394104,0.834936797618866,177,76
0.014955282211303711,positive,10.0,10.0,-0.38861340284347534,-1.2764397859573364,0.05124850943684578,1.138282060623169,177,77
0.0004813671112060547,positive,10.0,10.0,0.02406926266849041,0.01622321642935276,-0.02816321887075901,-0.04401889815926552,178,2
0.0006504058837890625,positive,10.0,10.0,0.028628475964069366,0.4072602689266205,-0.03595265373587608,-0.647150993347168,178,4
0.0007967948913574219,positive,10.0,10.0,0.041026826947927475,0.018262946978211403,-0.05621572956442833,-0.08912955224514008,178,6
0.0009741783142089844,positive,10.0,10.0,0.04567495733499527,0.019890453666448593,-0.06597843021154404,-0.12515726685523987,178,8
0.001039743423461914,positive,10.0,10.0,0.04607276991009712,-0.1742272824048996,-0.06848157197237015,0.14600220322608948,178,9
0.0011053085327148438,positive,10.0,10.0,0.04258822277188301,0.021805142983794212,-0.06556152552366257,-0.16747504472732544,178,10
0.0013380050659179688,positive,10.0,10.0,0.04785468056797981,-0.17020030319690704,-0.08271113783121109,0.05701350420713425,178,13
0.0015685558319091797,positive,10.0,10.0,0.03381253778934479,-0.36183059215545654,-0.07501600682735443,0.2733134329319,178,16
0.001875162124633789,positive,10.0,10.0,0.00498681515455246,0.03198530524969101,-0.05582692474126816,-0.3922173082828522,178,20
0.002100706100463867,positive,10.0,10.0,0.0030539240688085556,-0.16045594215393066,-0.07461851835250854,-0.15855656564235687,178,23
0.0024950504302978516,positive,10.0,10.0,-0.043984368443489075,-0.35046905279159546,-0.0485345721244812,0.02189788781106472,178,28
0.0026390552520751953,positive,10.0,10.0,-0.05408746376633644,0.041087839752435684,-0.05381050705909729,-0.5931505560874939,178,30
0.002941131591796875,positive,10.0,10.0,-0.07410568743944168,-0.7353957295417786,-0.0685139000415802,0.4912981688976288,178,34
0.0030863285064697266,positive,10.0,10.0,-0.09960115700960159,-0.7336127161979675,-0.05513126775622368,0.4514402449131012,178,36
0.003231525421142578,positive,10.0,10.0,-0.12502853572368622,-0.7321885824203491,-0.04326443374156952,0.4196907877922058,178,38
0.003295421600341797,positive,10.0,10.0,-0.13967230916023254,-0.5364811420440674,-0.03487061709165573,0.11368856579065323,178,39
0.00360107421875,positive,10.0,10.0,-0.18253502249717712,-0.14460954070091248,-0.0270052682608366,-0.507781445980072,178,43
0.0036683082580566406,positive,10.0,10.0,-0.1854272186756134,-0.33934080600738525,-0.03716089576482773,-0.22372965514659882,178,44
0.003892183303833008,positive,10.0,10.0,-0.20185258984565735,-0.14239317178726196,-0.05716589093208313,-0.5572993755340576,178,47
0.00403594970703125,positive,10.0,10.0,-0.21143381297588348,-0.14064154028892517,-0.0739750936627388,-0.5965827107429504,178,49
0.004099607467651367,positive,10.0,10.0,-0.21424664556980133,-0.3346545696258545,-0.0859067514538765,-0.3280879259109497,178,50
0.00416254997253418,positive,10.0,10.0,-0.2209397405385971,-0.5284551382064819,-0.0924685075879097,-0.06368459761142731,178,51
0.0043065547943115234,positive,10.0,10.0,-0.2459516078233719,-0.9158028960227966,-0.08977317065000534,0.4601535201072693,178,53
0.004370927810668945,positive,10.0,10.0,-0.2642676532268524,-1.109548807144165,-0.08057009428739548,0.723244309425354,178,54
0.0044345855712890625,positive,10.0,10.0,-0.2864586412906647,-1.3034694194793701,-0.06610520929098129,0.9895195960998535,178,55
0.00458073616027832,positive,10.0,10.0,-0.334678590297699,-0.9117940664291382,-0.03277825191617012,0.36993080377578735,178,57
0.004643678665161133,positive,10.0,10.0,-0.3529144823551178,-0.7162221074104309,-0.025379635393619537,0.06709536910057068,178,58
0.004705905914306641,positive,10.0,10.0,-0.3672389090061188,-0.9109711647033691,-0.02403772808611393,0.35166406631469727,178,59
0.004929304122924805,positive,10.0,10.0,-0.43358567357063293,-1.4956879615783691,0.014207999221980572,1.2152886390686035,178,62
0.0050776004791259766,positive,10.0,10.0,-0.4973192512989044,-1.88655686378479,0.06876156479120255,1.8168423175811768,178,64
0.005223751068115234,negative,10.0,-10.0,-0.576697826385498,-1.8884389400482178,0.14769986271858215,1.8716185092926025,178,66
0.0004553794860839844,positive,10.0,10.0,-0.0066058882512152195,0.3825746178627014,-0.0501529686152935,-0.5880208015441895,179,2
0.0007762908935546875,positive,10.0,10.0,0.008490060456097126,-0.00404615793377161,-0.07597261667251587,-0.08221957832574844,179,6
0.0008418560028076172,positive,10.0,10.0,0.008409136906266212,-0.19800148904323578,-0.07761700451374054,0.1855597347021103,179,7
0.0010662078857421875,positive,10.0,10.0,-0.007306473795324564,0.0001409378310199827,-0.062095142900943756,-0.17466643452644348,179,10
0.0011303424835205078,positive,10.0,10.0,-0.00730365514755249,0.1960940808057785,-0.06558847427368164,-0.4862738847732544,179,11
0.0012774467468261719,positive,10.0,10.0,-0.003342654323205352,-0.1920129954814911,-0.07961319386959076,0.05304522067308426,179,13
0.0015099048614501953,positive,10.0,10.0,-0.02649766206741333,-0.7738699913024902,-0.06043059751391411,0.8556060791015625,179,16
0.0016584396362304688,positive,10.0,10.0,-0.05353464186191559,-0.38227584958076477,-0.032427478581666946,0.23853915929794312,179,18
0.0017237663269042969,positive,10.0,10.0,-0.06118015572428703,-0.18670602142810822,-0.027656694874167442,-0.06419339030981064,179,19
0.0017883777618408203,positive,10.0,10.0,-0.0649142786860466,0.008801320567727089,-0.028940562158823013,-0.36547228693962097,179,20
0.001852273941040039,positive,10.0,10.0,-0.06473825126886368,-0.18589764833450317,-0.03625000640749931,-0.08205344527959824,179,21
0.001997709274291992,positive,10.0,10.0,-0.06826171278953552,-0.18483945727348328,-0.04561006277799606,-0.10544992983341217,179,23
0.0020623207092285156,positive,10.0,10.0,-0.0719584971666336,0.010905438102781773,-0.04771906137466431,-0.41216662526130676,179,24
0.002126455307006836,positive,10.0,10.0,-0.07174038887023926,-0.1835087239742279,-0.055962394922971725,-0.13490141928195953,179,25
0.0024330615997314453,positive,10.0,10.0,-0.0785178616642952,-0.17990849912166595,-0.08066141605377197,-0.21478109061717987,179,29
0.002496957778930664,positive,10.0,10.0,-0.0821160301566124,-0.3737901747226715,-0.08495704084634781,0.051407117396593094,179,30
0.0025615692138671875,positive,10.0,10.0,-0.08959183096885681,-0.5675976872444153,-0.0839288979768753,0.31612253189086914,179,31
0.0028791427612304688,positive,10.0,10.0,-0.1426672637462616,-0.5635123252868652,-0.04995452240109444,0.22511044144630432,179,35
0.003189563751220703,positive,10.0,10.0,-0.18766918778419495,-0.17098449170589447,-0.033693693578243256,-0.41112759709358215,179,39
0.0039017200469970703,positive,10.0,10.0,-0.2961283326148987,-0.3627254068851471,0.0013385936617851257,-0.1928384006023407,179,48
0.003966093063354492,positive,10.0,10.0,-0.30338284373283386,-0.1676226258277893,-0.0025181742385029793,-0.4850987493991852,179,49
0.004029989242553711,positive,10.0,10.0,-0.3067353069782257,-0.3627089560031891,-0.012220148928463459,-0.19321054220199585,179,50
0.004094123840332031,positive,10.0,10.0,-0.31398946046829224,-0.1674143373966217,-0.01608435995876789,-0.48972320556640625,179,51
0.004239559173583984,positive,10.0,10.0,-0.32458385825157166,-0.16682341694831848,-0.029921874403953552,-0.5028853416442871,179,53
0.004305839538574219,positive,10.0,10.0,-0.3279203474521637,-0.36151114106178284,-0.03997958078980446,-0.21978022158145905,179,54
0.004371166229248047,positive,10.0,10.0,-0.3351505696773529,-0.5560394525527954,-0.044375184923410416,0.060028258711099625,179,55
0.00443577766418457,positive,10.0,10.0,-0.3462713658809662,-0.7504979968070984,-0.0431746207177639,0.3383868932723999,179,56
0.0047419071197509766,positive,10.0,10.0,-0.4296596646308899,-1.5294047594070435,0.017562387511134148,1.473933219909668,179,60
0.0048062801361083984,positive,10.0,10.0,-0.4602477550506592,-1.7247368097305298,0.04704105108976364,1.7720493078231812,179,61
0.005038261413574219,negative,10.0,-10.0,-0.567672848701477,-1.9224276542663574,0.16031961143016815,2.141416311264038,179,64
0.00022983551025390625,positive,10.0,10.0,0.014758418314158916,-0.0201413631439209,0.04239678010344505,-0.02350676991045475,180,0
0.00044536590576171875,positive,10.0,10.0,0.017842546105384827,-0.021345894783735275,0.03587629646062851,0.0030879625119268894,180,2
0.0005140304565429688,positive,10.0,10.0,0.01741562783718109,-0.2169635146856308,0.03593805804848671,0.3068709373474121,180,3
0.00066375732421875,positive,10.0,10.0,0.01262892596423626,0.17212249338626862,0.042590174823999405,-0.2533813416957855,180,5
0.0007300376892089844,positive,10.0,10.0,0.016071375459432602,0.3666112422943115,0.03752255067229271,-0.532332181930542,180,6
0.0010423660278320312,positive,10.0,10.0,0.03754306212067604,0.36522820591926575,0.007821125909686089,-0.5013718605041504,180,10
0.0011107921600341797,positive,10.0,10.0,0.044847626239061356,0.16999688744544983,-0.002206311793997884,-0.20623447000980377,180,11
0.0011761188507080078,positive,10.0,10.0,0.0482475645840168,-0.02509344182908535,-0.006331001408398151,0.08575166016817093,180,12
0.001405954360961914,positive,10.0,10.0,0.05064933001995087,0.17030994594097137,-0.007148381322622299,-0.2131432592868805,180,15
0.001470327377319336,positive,10.0,10.0,0.05405552685260773,0.36553335189819336,-0.011411246843636036,-0.5080724954605103,180,16
0.001535177230834961,positive,10.0,10.0,0.06136619672179222,0.17057403922080994,-0.021572696045041084,-0.21900738775730133,180,17
0.0015995502471923828,positive,10.0,10.0,0.0647776797413826,0.3659976124763489,-0.025952843949198723,-0.5184164047241211,180,18
0.0016634464263916016,positive,10.0,10.0,0.07209762930870056,0.17125049233436584,-0.03632117435336113,-0.23402339220046997,180,19
0.0018105506896972656,positive,10.0,10.0,0.0828600823879242,0.17234982550144196,-0.05176040902733803,-0.25845128297805786,180,21
0.0019555091857910156,positive,10.0,10.0,0.09367049485445023,0.17389196157455444,-0.06826943904161453,-0.292782187461853,180,23
0.0020194053649902344,positive,10.0,10.0,0.0971483364701271,-0.020193569362163544,-0.07412508875131607,-0.022387690842151642,180,24
0.0023360252380371094,positive,10.0,10.0,0.09565884619951248,-0.016072507947683334,-0.07869783043861389,-0.11357732117176056,180,28
0.0024852752685546875,positive,10.0,10.0,0.09113772213459015,-0.013801424764096737,-0.0779038593173027,-0.16381236910820007,180,30
0.0025496482849121094,positive,10.0,10.0,0.09086169302463531,-0.20772673189640045,-0.08118010312318802,0.10331275314092636,180,31
0.002697467803955078,positive,10.0,10.0,0.07867521792650223,-0.20544543862342834,-0.071727454662323,0.05277745798230171,180,33
0.002925395965576172,positive,10.0,10.0,0.07811253517866135,-0.007296792231500149,-0.08741994202136993,-0.30791762471199036,180,36
0.0029921531677246094,positive,10.0,10.0,0.0779666006565094,-0.2010713815689087,-0.0935782939195633,-0.04403442144393921,180,37
0.003143310546875,positive,10.0,10.0,0.0660504624247551,-0.5883891582489014,-0.0901046022772789,0.47917479276657104,180,39
0.0032901763916015625,positive,10.0,10.0,0.03864005208015442,-0.976054847240448,-0.06567802280187607,1.0084493160247803,180,41
0.003353595733642578,positive,10.0,10.0,0.019118955358862877,-0.7801205515861511,-0.04550904035568237,0.6958860158920288,180,42
0.0036573410034179688,positive,10.0,10.0,-0.019816001877188683,0.002043234184384346,-0.026338355615735054,-0.5129031538963318,180,46
0.0038836002349853516,positive,10.0,10.0,-0.023570552468299866,-0.19159221649169922,-0.051821790635585785,-0.2532018721103668,180,49
0.00394749641418457,positive,10.0,10.0,-0.027402397245168686,0.0042299265041947365,-0.05688583105802536,-0.5617695450782776,180,50
0.004251956939697266,positive,10.0,10.0,-0.05036405846476555,-0.7721143364906311,-0.06918586045503616,0.5197806358337402,180,54
0.004316568374633789,positive,10.0,10.0,-0.06580634415149689,-0.5760900974273682,-0.05879024416208267,0.20612330734729767,180,55
0.004542350769042969,positive,10.0,10.0,-0.10422413051128387,-0.7689236402511597,-0.04166789725422859,0.4484270215034485,180,58
0.004689693450927734,positive,10.0,10.0,-0.13106736540794373,-0.7678765654563904,-0.029841233044862747,0.42509639263153076,180,60
0.004755735397338867,positive,10.0,10.0,-0.14642488956451416,-0.5723448991775513,-0.021339304745197296,0.12315746396780014,180,61
0.005063772201538086,positive,10.0,10.0,-0.19998504221439362,-0.5714961290359497,-0.0004913696902804077,0.10440181940793991,180,65
0.005128145217895508,positive,10.0,10.0,-0.21141496300697327,-0.7666110396385193,0.0015966667560860515,0.39692968130111694,180,66
0.00527644157409668,positive,10.0,10.0,-0.23817741870880127,-0.37652772665023804,0.011630271561443806,-0.18490882217884064,180,68
0.0053403377532958984,positive,10.0,10.0,-0.24570797383785248,-0.18157410621643066,0.007932095788419247,-0.4739002585411072,180,69
0.005403041839599609,positive,10.0,10.0,-0.24933944642543793,-0.37680718302726746,-0.0015459097921848297,-0.1787278652191162,180,70
0.005465269088745117,positive,10.0,10.0,-0.256875604391098,-0.1816631257534027,-0.0051204669289290905,-0.47189807891845703,180,71
0.005528450012207031,positive,10.0,10.0,-0.26050886511802673,-0.3767123818397522,-0.014558428898453712,-0.18083342909812927,180,72
0.00559234619140625,positive,10.0,10.0,-0.2680431008338928,-0.18138517439365387,-0.018175097182393074,-0.47807323932647705,180,73
0.005655765533447266,positive,10.0,10.0,-0.2716708183288574,-0.3762458562850952,-0.027736561372876167,-0.19117365777492523,180,74
0.0057179927825927734,positive,10.0,10.0,-0.27919572591781616,-0.18073832988739014,-0.031560033559799194,-0.4924756586551666,180,75
0.0057830810546875,positive,10.0,10.0,-0.2828105092048645,-0.37540125846862793,-0.04140954837203026,-0.2099038064479828,180,76
0.006085872650146484,positive,10.0,10.0,-0.30496183037757874,-0.3725086450576782,-0.07160589098930359,-0.2742001712322235,180,80
0.006150007247924805,positive,10.0,10.0,-0.31241199374198914,-0.5665397644042969,-0.07708989083766937,-0.004933515097945929,180,81
0.006303548812866211,positive,10.0,10.0,-0.33895230293273926,-0.5643423199653625,-0.07193925976753235,-0.05353057011961937,180,83
0.006527900695800781,positive,10.0,10.0,-0.38445380330085754,-1.1464579105377197,-0.05900947004556656,0.7546692490577698,180,86
0.006594419479370117,positive,10.0,10.0,-0.4073829650878906,-1.3407188653945923,-0.04391608387231827,1.0282148122787476,180,87
0.006659269332885742,positive,10.0,10.0,-0.434197336435318,-1.1450408697128296,-0.02335178852081299,0.722073495388031,180,88
0.006722450256347656,positive,10.0,10.0,-0.4570981562137604,-1.339832067489624,-0.00891031976789236,1.0073158740997314,180,89
0.006785869598388672,positive,10.0,10.0,-0.48389479517936707,-1.5348339080810547,0.011235998943448067,1.2971874475479126,180,90
0.006930828094482422,positive,10.0,10.0,-0.5491934418678284,-1.9256396293640137,0.06904707849025726,1.8974064588546753,180,92
0.007158041000366211,negative,10.0,-10.0,-0.6686847805976868,-1.734265685081482,0.19026555120944977,1.7105830907821655,180,95
0.00023651123046875,positive,10.0,10.0,0.013517255894839764,0.019736580550670624,-0.03088708221912384,-0.018171945586800575,181,0
0.0003364086151123047,positive,10.0,10.0,0.013911987654864788,0.21528756618499756,-0.031250521540641785,-0.32043787837028503,181,1
0.0004086494445800781,positive,10.0,10.0,0.01821773871779442,0.020624270662665367,-0.03765928000211716,-0.03777165710926056,181,2
0.000476837158203125,positive,10.0,10.0,0.018630223348736763,0.2162654548883438,-0.038414712995290756,-0.3420945703983307,181,3
0.0005421638488769531,positive,10.0,10.0,0.022955533117055893,0.02171049825847149,-0.0452566035091877,-0.061768583953380585,181,4
0.0006072521209716797,positive,10.0,10.0,0.023389743641018867,0.21745112538337708,-0.04649197310209274,-0.3683798015117645,181,5
0.0007767677307128906,positive,10.0,10.0,0.028199156746268272,0.21887047588825226,-0.05567379668354988,-0.3998887538909912,181,7
0.0008416175842285156,positive,10.0,10.0,0.03257656469941139,0.024580655619502068,-0.06367157399654388,-0.1252651959657669,181,8
0.0009055137634277344,positive,10.0,10.0,0.033068180084228516,0.22055426239967346,-0.0661768764257431,-0.4373367130756378,181,9
0.0009694099426269531,positive,10.0,10.0,0.03747926279902458,0.026428384706377983,-0.07492361217737198,-0.16622710227966309,181,10
0.001115560531616211,positive,10.0,10.0,0.03465691953897476,-0.3614639937877655,-0.07620994001626968,0.36891672015190125,181,12
0.0012707710266113281,positive,10.0,10.0,0.02412070892751217,0.030691346153616905,-0.06776739656925201,-0.260370671749115,181,14
0.0013349056243896484,positive,10.0,10.0,0.024734536185860634,-0.1634010523557663,-0.0729748085141182,0.010191306471824646,181,15
0.0014789104461669922,positive,10.0,10.0,0.014318421483039856,-0.5514171719551086,-0.06719125062227249,0.5478593707084656,181,17
0.0015420913696289062,positive,10.0,10.0,0.003290077904239297,-0.3554188013076782,-0.05623406171798706,0.23478588461875916,181,18
0.001604318618774414,positive,10.0,10.0,-0.003818297991529107,-0.15954037010669708,-0.05153834447264671,-0.0750914216041565,181,19
0.0017504692077636719,positive,10.0,10.0,-0.0062834834679961205,-0.15804924070835114,-0.060711756348609924,-0.10808008164167404,181,21
0.0018138885498046875,positive,10.0,10.0,-0.009444467723369598,-0.3522510230541229,-0.06287335604429245,0.16484758257865906,181,22
0.0021142959594726562,positive,10.0,10.0,-0.021913578733801842,-0.34857794642448425,-0.07538359612226486,0.08372454345226288,181,26
0.002500295639038086,positive,10.0,10.0,-0.07217210531234741,-0.14892734587192535,-0.048161640763282776,-0.30941280722618103,181,31
0.0025637149810791016,positive,10.0,10.0,-0.07515065371990204,-0.3433311879634857,-0.05434989556670189,-0.0322992242872715,181,32
0.0026259422302246094,positive,10.0,10.0,-0.08201728016138077,-0.14747366309165955,-0.05499587953090668,-0.3416227102279663,181,33
0.0028488636016845703,positive,10.0,10.0,-0.09471859037876129,-0.33999109268188477,-0.07073003798723221,-0.10619082301855087,181,36
0.0030727386474609375,positive,10.0,10.0,-0.11115600168704987,-0.5318187475204468,-0.08428969234228134,0.11451274901628494,181,39
0.0032203197479248047,positive,10.0,10.0,-0.13630513846874237,-0.9195057153701782,-0.07441028207540512,0.6452012062072754,181,41
0.0034492015838623047,positive,10.0,10.0,-0.19531795382499695,-1.112109899520874,-0.03119129315018654,0.8809502720832825,181,44
0.003834247589111328,positive,10.0,10.0,-0.2830701768398285,-0.9166256785392761,0.020753569900989532,0.5796250700950623,181,49
0.004056692123413086,positive,10.0,10.0,-0.32638177275657654,-0.722802996635437,0.03844195976853371,0.31573471426963806,181,52
0.004119396209716797,positive,10.0,10.0,-0.34083783626556396,-0.5282491445541382,0.044756654649972916,0.03541862964630127,181,53
0.0041828155517578125,positive,10.0,10.0,-0.35140281915664673,-0.7239834070205688,0.045465029776096344,0.34188005328178406,181,54
0.004246711730957031,positive,10.0,10.0,-0.3658824861049652,-0.9197217226028442,0.05230262875556946,0.6485462188720703,181,55
0.004392862319946289,positive,10.0,10.0,-0.4065875709056854,-1.3114678859710693,0.0844181478023529,1.2696846723556519,181,57
0.004619598388671875,negative,10.0,-10.0,-0.4814457595348358,-1.1206568479537964,0.1564963459968567,1.0802658796310425,181,60
0.004764080047607422,negative,10.0,-10.0,-0.5302081108093262,-1.124932885169983,0.20645534992218018,1.1855484247207642,181,62
0.0003826618194580078,positive,10.0,10.0,0.017483701929450035,0.21231690049171448,0.005401948466897011,-0.24148711562156677,182,1
0.00045609474182128906,positive,10.0,10.0,0.02173003926873207,0.4073612689971924,0.0005722061614505947,-0.5324612259864807,182,2
0.0005218982696533203,positive,10.0,10.0,0.02987726591527462,0.21223127841949463,-0.010077018290758133,-0.23959806561470032,182,3
0.0006735324859619141,positive,10.0,10.0,0.04227180406451225,0.21258598566055298,-0.025577828288078308,-0.24748148024082184,182,5
0.0009953975677490234,positive,10.0,10.0,0.06713391840457916,0.21463686227798462,-0.05820781737565994,-0.2931043207645416,182,9
0.0011539459228515625,positive,10.0,10.0,0.07183448225259781,0.21637053787708282,-0.06445655226707458,-0.33152222633361816,182,11
0.0013835430145263672,positive,10.0,10.0,0.08877454698085785,0.0244497898966074,-0.0914500504732132,-0.10926542431116104,182,14
0.0014486312866210938,positive,10.0,10.0,0.08926354348659515,-0.16925080120563507,-0.09363535791635513,0.1532224863767624,182,15
0.0015139579772949219,positive,10.0,10.0,0.08587852865457535,-0.362915962934494,-0.09057091176509857,0.4149591326713562,182,16
0.0015780925750732422,positive,10.0,10.0,0.07862021028995514,-0.16663488745689392,-0.08227172493934631,0.09515278041362762,182,17
0.0019631385803222656,positive,10.0,10.0,0.05437997728586197,0.03375564515590668,-0.06606195122003555,-0.31471505761146545,182,22
0.0020275115966796875,positive,10.0,10.0,0.05505508929491043,-0.16036611795425415,-0.07235625386238098,-0.04357565939426422,182,23
0.0020906925201416016,positive,10.0,10.0,0.05184776708483696,-0.35437992215156555,-0.07322776317596436,0.22542940080165863,182,24
0.0022363662719726562,positive,10.0,10.0,0.03379250690340996,-0.3523626923561096,-0.05883628875017166,0.18062035739421844,182,26
0.0023005008697509766,positive,10.0,10.0,0.026745252311229706,-0.1564503163099289,-0.05522388219833374,-0.13002757728099823,182,27
0.0023643970489501953,positive,10.0,10.0,0.0236162468791008,0.03941744565963745,-0.05782443284988403,-0.4396089017391205,182,28
0.002428770065307617,positive,10.0,10.0,0.02440459467470646,-0.15484048426151276,-0.06661660969257355,-0.16569992899894714,182,29
0.002577543258666992,positive,10.0,10.0,0.022131159901618958,-0.15289992094039917,-0.07950325310230255,-0.20878379046916962,182,31
0.002643585205078125,positive,10.0,10.0,0.019073160365223885,-0.3468003571033478,-0.08367893099784851,0.05779882147908211,182,32
0.0027947425842285156,positive,10.0,10.0,0.0013245731825008988,-0.734484851360321,-0.07606392353773117,0.5885115265846252,182,34
0.0028591156005859375,positive,10.0,10.0,-0.01336512342095375,-0.928463876247406,-0.06429369002580643,0.856297492980957,182,35
0.003086566925048828,positive,10.0,10.0,-0.05732046440243721,-0.7313608527183533,-0.03154657781124115,0.5179675817489624,182,38
0.0031523704528808594,positive,10.0,10.0,-0.07194767892360687,-0.5358092784881592,-0.021187225356698036,0.2155129760503769,182,39
0.003215312957763672,positive,10.0,10.0,-0.08266386389732361,-0.7306219935417175,-0.016876965761184692,0.5014379024505615,182,40
0.003278970718383789,positive,10.0,10.0,-0.09727630764245987,-0.5352662801742554,-0.006848207674920559,0.20348447561264038,182,41
0.0034241676330566406,positive,10.0,10.0,-0.1225874200463295,-0.5351285934448242,0.007101467344909906,0.20044198632240295,182,43
0.0037310123443603516,positive,10.0,10.0,-0.17322085797786713,-0.5360451340675354,0.03525003045797348,0.2207787036895752,182,47
0.0037949085235595703,positive,10.0,10.0,-0.1839417666196823,-0.7316527962684631,0.03966560214757919,0.5243692398071289,182,48
0.0038590431213378906,positive,10.0,10.0,-0.19857481122016907,-0.5371108651161194,0.050152987241744995,0.24444447457790375,182,49
0.004002094268798828,positive,10.0,10.0,-0.223975270986557,-0.5386043787002563,0.06609219312667847,0.27766987681388855,182,51
0.0041484832763671875,positive,10.0,10.0,-0.24943943321704865,-0.540554404258728,0.08345447480678558,0.3211624324321747,182,53
0.0042133331298828125,positive,10.0,10.0,-0.2602505385875702,-0.3467139005661011,0.08987771719694138,0.0559207946062088,182,54
0.004524946212768555,positive,10.0,10.0,-0.2725403308868408,0.03842063248157501,0.07443870604038239,-0.41828566789627075,182,58
0.004671573638916016,positive,10.0,10.0,-0.26712366938591003,0.03643924742937088,0.05234091728925705,-0.3738730847835541,182,60
0.004817008972167969,positive,10.0,10.0,-0.269582599401474,0.03506534919142723,0.043560318648815155,-0.34335440397262573,182,62
0.004969120025634766,positive,10.0,10.0,-0.2720942497253418,0.03392871096730232,0.03594803810119629,-0.31814339756965637,182,64
0.005033016204833984,positive,10.0,10.0,-0.27141568064689636,-0.16168630123138428,0.02958516962826252,-0.014343981631100178,182,65
0.005095481872558594,positive,10.0,10.0,-0.27464941143989563,0.03299913927912712,0.029298290610313416,-0.2975475788116455,182,66
0.005239248275756836,positive,10.0,10.0,-0.27723997831344604,0.03225152567028999,0.0234319306910038,-0.2809964418411255,182,68
0.005388736724853516,positive,10.0,10.0,-0.2720543146133423,0.42189913988113403,0.0064880442805588245,-0.8532164692878723,182,70
0.005452871322631836,positive,10.0,10.0,-0.26361632347106934,0.22668935358524323,-0.010576285421848297,-0.5585004687309265,182,71
0.005760669708251953,positive,10.0,10.0,-0.2532570958137512,-0.16214053332805634,-0.04419458284974098,-0.004320773296058178,182,75
0.0058248043060302734,positive,10.0,10.0,-0.25649991631507874,0.03358645364642143,-0.0442809984087944,-0.31061357259750366,182,76
0.005889892578125,positive,10.0,10.0,-0.25582820177078247,-0.1608775556087494,-0.0504932701587677,-0.0322178415954113,182,77
0.005954265594482422,positive,10.0,10.0,-0.2590457499027252,0.0349307619035244,-0.05113762989640236,-0.3403947055339813,182,78
0.0060176849365234375,positive,10.0,10.0,-0.25834712386131287,-0.1594277024269104,-0.05794552341103554,-0.06426601856946945,182,79
0.0062408447265625,positive,10.0,10.0,-0.2639613151550293,0.03825392946600914,-0.06874828785657883,-0.4141843616962433,182,82
0.006304502487182617,positive,10.0,10.0,-0.26319625973701477,-0.15582965314388275,-0.07703197747468948,-0.14394275844097137,182,83
0.006367921829223633,positive,10.0,10.0,-0.266312837600708,-0.349768728017807,-0.07991082966327667,0.12347816675901413,182,84
0.006512165069580078,positive,10.0,10.0,-0.2841814160346985,-0.7376025915145874,-0.06964289397001266,0.6572151780128479,182,86
0.0065767765045166016,positive,10.0,10.0,-0.2989334762096405,-0.5415838956832886,-0.05649859458208084,0.3434413969516754,182,87
0.006639719009399414,positive,10.0,10.0,-0.30976516008377075,-0.3457055687904358,-0.04962976649403572,0.03349101170897484,182,88
0.006783485412597656,positive,10.0,10.0,-0.3196774423122406,0.04587673023343086,-0.05444851145148277,-0.5821425318717957,182,90
0.006929159164428711,positive,10.0,10.0,-0.32172873616218567,-0.3425627648830414,-0.07223329693078995,-0.035967662930488586,182,92
0.0069925785064697266,positive,10.0,10.0,-0.32857999205589294,-0.5365785360336304,-0.07295265048742294,0.2330789715051651,182,93
0.007226467132568359,positive,10.0,10.0,-0.36461472511291504,-0.728813886642456,-0.05448354035615921,0.4622412323951721,182,96
0.0072917938232421875,positive,10.0,10.0,-0.37919101119041443,-0.9231252074241638,-0.045238714665174484,0.7372654676437378,182,97
0.00735783576965332,positive,10.0,10.0,-0.3976534903049469,-1.1175941228866577,-0.03049340657889843,1.015374779701233,182,98
0.007584571838378906,positive,10.0,10.0,-0.4763970673084259,-1.702593445777893,0.04753677919507027,1.8853673934936523,182,101
0.007649660110473633,positive,10.0,10.0,-0.5104489326477051,-1.8981989622116089,0.08524412661790848,2.1924147605895996,182,102
0.007796049118041992,negative,10.0,-10.0,-0.5902935862541199,-2.2899582386016846,0.17929507791996002,2.839421033859253,182,104
0.0003566741943359375,positive,10.0,10.0,-0.02976967953145504,0.15612724423408508,0.024710241705179214,-0.3089459538459778,183,1
0.0006000995635986328,positive,10.0,10.0,-0.02432362549006939,-0.03986538574099541,0.012452798895537853,0.0030637390445917845,183,4
0.0007486343383789062,positive,10.0,10.0,-0.022019417956471443,0.3500170409679413,0.006800787057727575,-0.574374258518219,183,6
0.0010547637939453125,positive,10.0,10.0,-0.0018230390269309282,0.35043787956237793,-0.0274378452450037,-0.5837498903274536,183,10
0.0011203289031982422,positive,10.0,10.0,0.005185718648135662,0.155710831284523,-0.039112843573093414,-0.2998349666595459,183,11
0.0011866092681884766,positive,10.0,10.0,0.00829993560910225,-0.038832418620586395,-0.045109543949365616,-0.019739527255296707,183,12
0.0014123916625976562,positive,10.0,10.0,0.00991063378751278,0.158288836479187,-0.05299675464630127,-0.3569485545158386,183,15
0.0016360282897949219,positive,10.0,10.0,0.015553366392850876,-0.034304581582546234,-0.06961385160684586,-0.11988209187984467,183,18
0.0017812252044677734,positive,10.0,10.0,0.018102116882801056,-0.032290343195199966,-0.08068528771400452,-0.16454853117465973,183,20
0.0019268989562988281,positive,10.0,10.0,0.012932907789945602,-0.4199944734573364,-0.08194367587566376,0.3666812479496002,183,22
0.0021522045135498047,positive,10.0,10.0,-0.008298905566334724,-0.22169756889343262,-0.06727215647697449,0.0026053914334625006,183,25
0.0023801326751708984,positive,10.0,10.0,-0.017642060294747353,-0.4137779474258423,-0.07422591000795364,0.2288692444562912,183,28
0.0024449825286865234,positive,10.0,10.0,-0.025917619466781616,-0.6077650189399719,-0.06964852660894394,0.49724626541137695,183,29
0.002507925033569336,positive,10.0,10.0,-0.038072921335697174,-0.4117337167263031,-0.05970359966158867,0.1834520697593689,183,30
0.0026578903198242188,positive,10.0,10.0,-0.050623804330825806,-0.019932502880692482,-0.058583587408065796,-0.43727293610572815,183,32
0.0028018951416015625,positive,10.0,10.0,-0.05530602112412453,-0.018160443753004074,-0.07060139626264572,-0.4767581820487976,183,34
0.002866029739379883,positive,10.0,10.0,-0.055669233202934265,-0.21221821010112762,-0.08013655990362167,-0.20713627338409424,183,35
0.0030889511108398438,positive,10.0,10.0,-0.0800343006849289,-0.7937735319137573,-0.07661111652851105,0.5895427465438843,183,38
0.003311634063720703,positive,10.0,10.0,-0.13150067627429962,-0.5960431694984436,-0.03678134083747864,0.23748734593391418,183,41
0.003692150115966797,positive,10.0,10.0,-0.1988227218389511,-0.7895228862762451,-0.003251259448006749,0.49377933144569397,183,46
0.00406956672668457,positive,10.0,10.0,-0.2699839174747467,-0.5952438712120056,0.03472521901130676,0.21978947520256042,183,51
0.0041332244873046875,positive,10.0,10.0,-0.28188881278038025,-0.7908445000648499,0.03912100940942764,0.5232207775115967,183,52
0.00427699089050293,positive,10.0,10.0,-0.3096315860748291,-0.7920882105827332,0.05444777384400368,0.5510194301605225,183,54
0.004420280456542969,positive,10.0,10.0,-0.3374287784099579,-0.7937635183334351,0.07098768651485443,0.5885681509971619,183,56
0.0044841766357421875,positive,10.0,10.0,-0.35330405831336975,-0.5997036695480347,0.08275904506444931,0.3190643787384033,183,57
0.004548072814941406,positive,10.0,10.0,-0.3652981221675873,-0.795900821685791,0.08914033323526382,0.6366562247276306,183,58
0.00022649765014648438,positive,10.0,10.0,-0.00949433259665966,0.012774358503520489,0.024279510602355003,-0.005402670241892338,184,0
0.0005295276641845703,positive,10.0,10.0,0.0029581300914287567,0.20693442225456238,0.006859112996608019,-0.27687856554985046,184,3
0.0010080337524414062,positive,10.0,10.0,0.03951104357838631,0.20802421867847443,-0.04422999545931816,-0.3011619746685028,184,9
0.0010755062103271484,positive,10.0,10.0,0.04367152974009514,0.013559674844145775,-0.050253234803676605,-0.022749803960323334,184,10
0.0013120174407958984,positive,10.0,10.0,0.048430025577545166,-0.17925503849983215,-0.058417025953531265,0.2194751650094986,184,13
0.0014586448669433594,positive,10.0,10.0,0.045177947729825974,0.21250425279140472,-0.05584847554564476,-0.40027502179145813,184,15
0.0015225410461425781,positive,10.0,10.0,0.04942803084850311,0.018217148259282112,-0.06385397911071777,-0.1257096827030182,184,16
0.0015850067138671875,positive,10.0,10.0,0.04979237541556358,0.21419300138950348,-0.06636817008256912,-0.4378346800804138,184,17
0.0018887519836425781,positive,10.0,10.0,0.043643318116664886,-0.17169538140296936,-0.06907077133655548,0.052442584186792374,184,21
0.0019538402557373047,positive,10.0,10.0,0.04020940884947777,0.024345489218831062,-0.06802192330360413,-0.2612082064151764,184,22
0.0022661685943603516,positive,10.0,10.0,0.04228118434548378,-0.3611818552017212,-0.09167330712080002,0.22168582677841187,184,26
0.0023305416107177734,positive,10.0,10.0,0.03505754843354225,-0.5548820495605469,-0.0872395932674408,0.4841018617153168,184,27
0.0023946762084960938,positive,10.0,10.0,0.02395990677177906,-0.7486714720726013,-0.07755755633115768,0.7480645775794983,184,28
0.0025396347045898438,positive,10.0,10.0,-0.009866375476121902,-0.7467443943023682,-0.04228890687227249,0.7037044763565063,184,30
0.002603292465209961,positive,10.0,10.0,-0.024801263585686684,-0.5510627031326294,-0.028214816004037857,0.3980151116847992,184,31
0.002751588821411133,positive,10.0,10.0,-0.04293355718255043,-0.16014574468135834,-0.018323078751564026,-0.20243193209171295,184,33
0.002818584442138672,positive,10.0,10.0,-0.04613647237420082,0.035233400762081146,-0.022371716797351837,-0.5008381009101868,184,34
0.002884387969970703,positive,10.0,10.0,-0.04543180391192436,-0.15956614911556244,-0.03238847851753235,-0.2152886539697647,184,35
0.0029480457305908203,positive,10.0,10.0,-0.04862312600016594,0.03600350022315979,-0.036694251000881195,-0.5180098414421082,184,36
0.0033359527587890625,positive,10.0,10.0,-0.052699148654937744,0.23478522896766663,-0.07965075969696045,-0.8934304118156433,184,41
0.003965139389038086,positive,10.0,10.0,-0.12351862341165543,-1.3131359815597534,-0.07769549638032913,1.1671979427337646,184,49
0.004030466079711914,positive,10.0,10.0,-0.14978134632110596,-1.507165789604187,-0.05435153469443321,1.4345450401306152,184,50
0.004095315933227539,positive,10.0,10.0,-0.17992465198040009,-1.701576828956604,-0.02566063404083252,1.7097595930099487,184,51
0.0041582584381103516,positive,10.0,10.0,-0.21395619213581085,-1.8963947296142578,0.008534557186067104,1.9943468570709229,184,52
0.004461526870727539,negative,10.0,-10.0,-0.3891161382198334,-2.678534507751465,0.20448735356330872,3.2499842643737793,184,56
0.00022268295288085938,positive,10.0,10.0,-0.032257918268442154,0.004222525283694267,0.020870964974164963,-0.0037152129225432873,185,0
0.000316619873046875,positive,10.0,10.0,-0.03217346593737602,0.1990390419960022,0.02079666033387184,-0.2897407114505768,185,1
0.00038695335388183594,positive,10.0,10.0,-0.028192685917019844,0.0036268015392124653,0.015001846477389336,0.009428028017282486,185,2
0.0004532337188720703,positive,10.0,10.0,-0.028120148926973343,0.1985304355621338,0.015190407633781433,-0.27848413586616516,185,3
0.0007824897766113281,positive,10.0,10.0,-0.004450893960893154,0.1983017474412918,-0.018396010622382164,-0.27342814207077026,185,7
0.0010933876037597656,positive,10.0,10.0,0.011452821083366871,0.19998648762702942,-0.041146256029605865,-0.3107854127883911,185,11
0.0011696815490722656,positive,10.0,10.0,0.01545255072414875,0.005474180448800325,-0.047361962497234344,-0.031357478350400925,185,12
0.0013957023620605469,positive,10.0,10.0,0.019723573699593544,0.20269739627838135,-0.05598964914679527,-0.3708726465702057,185,15
0.0014600753784179688,positive,10.0,10.0,0.023777522146701813,0.008413752540946007,-0.06340710073709488,-0.09635620564222336,185,16
0.0015239715576171875,positive,10.0,10.0,0.023945797234773636,0.2043844759464264,-0.06533422321081161,-0.40835076570510864,185,17
0.0017485618591308594,positive,10.0,10.0,0.02456342987716198,-0.37770140171051025,-0.07360726594924927,0.3993484377861023,185,20
0.0018124580383300781,positive,10.0,10.0,0.017009401693940163,-0.1816166490316391,-0.0656202957034111,0.08439677208662033,185,21
0.002035856246948242,positive,10.0,10.0,0.01787182316184044,0.01626049168407917,-0.07930510491132736,-0.2700526714324951,185,24
0.0021796226501464844,positive,10.0,10.0,0.014644123613834381,-0.37145689129829407,-0.08477414399385452,0.26140180230140686,185,26
0.002332925796508789,positive,10.0,10.0,-0.004090471658855677,-0.7591906785964966,-0.06902235001325607,0.7927829623222351,185,28
0.0023958683013916016,positive,10.0,10.0,-0.019274285063147545,-0.5631924867630005,-0.05316669121384621,0.4792092442512512,185,29
0.002619504928588867,positive,10.0,10.0,-0.04131825268268585,0.024029642343521118,-0.042894456535577774,-0.44093504548072815,185,32
0.002762317657470703,positive,10.0,10.0,-0.044246856123209,0.025362804532051086,-0.054954685270786285,-0.4706144630908966,185,34
0.002905130386352539,positive,10.0,10.0,-0.04711843281984329,0.027039209380745888,-0.06828190386295319,-0.5080196857452393,185,36
0.0029680728912353516,positive,10.0,10.0,-0.04657764732837677,-0.1670575886964798,-0.0784422978758812,-0.23761221766471863,185,37
0.0030307769775390625,positive,10.0,10.0,-0.049918800592422485,-0.36097636818885803,-0.0831945389509201,0.029333092272281647,185,38
0.0030961036682128906,positive,10.0,10.0,-0.05713832750916481,-0.5548127889633179,-0.08260788023471832,0.2946511507034302,185,39
0.0031592845916748047,positive,10.0,10.0,-0.06823458522558212,-0.7486658096313477,-0.07671485096216202,0.5601800084114075,185,40
0.0032215118408203125,positive,10.0,10.0,-0.08320789784193039,-0.9426320195198059,-0.06551125645637512,0.8277414441108704,185,41
0.0034482479095458984,positive,10.0,10.0,-0.12801215052604675,-0.7454509735107422,-0.03450261428952217,0.48773935437202454,185,44
0.0036733150482177734,positive,10.0,10.0,-0.1766148805618286,-0.5493629574775696,1.892705404316075e-05,0.17336727678775787,185,47
0.003896951675415039,positive,10.0,10.0,-0.21348010003566742,-0.7447155714035034,0.016296878457069397,0.47116971015930176,185,50
0.00395965576171875,positive,10.0,10.0,-0.2283744066953659,-0.549827516078949,0.025720274075865746,0.18366758525371552,185,51
0.0040225982666015625,positive,10.0,10.0,-0.23937095701694489,-0.7453078627586365,0.029393624514341354,0.4843520522117615,185,52
0.004167318344116211,positive,10.0,10.0,-0.2652893662452698,-0.7462712526321411,0.04310218617320061,0.505826473236084,185,54
0.004231452941894531,positive,10.0,10.0,-0.2802148163318634,-0.5517823696136475,0.053218718618154526,0.22703218460083008,185,55
0.0002448558807373047,positive,10.0,10.0,0.030574139207601547,-0.006643795408308506,-0.005687357857823372,0.002847749972715974,186,0
0.00045609474182128906,positive,10.0,10.0,0.034212447702884674,-0.006481962278485298,-0.01146288588643074,-0.0007223052671179175,186,2
0.0005240440368652344,positive,10.0,10.0,0.0340828113257885,0.18880249559879303,-0.011477332562208176,-0.2969997525215149,186,3
0.0005893707275390625,positive,10.0,10.0,0.037858858704566956,-0.006153981201350689,-0.01741732656955719,-0.007958569563925266,186,4
0.0006544589996337891,positive,10.0,10.0,0.03773577883839607,0.189213365316391,-0.01757649891078472,-0.30608558654785156,186,5
0.00081634521484375,positive,10.0,10.0,0.04140697419643402,0.18979988992214203,-0.02407815493643284,-0.3190620541572571,186,7
0.000881195068359375,positive,10.0,10.0,0.04520297050476074,-0.004971006885170937,-0.030459396541118622,-0.034068670123815536,186,8
0.0009448528289794922,positive,10.0,10.0,0.04510354995727539,0.19057419896125793,-0.031140770763158798,-0.3362041115760803,186,9
0.001171112060546875,positive,10.0,10.0,0.052664268761873245,-0.00299463770352304,-0.046092621982097626,-0.0777307003736496,186,12
0.0012357234954833984,positive,10.0,10.0,0.05260437726974487,0.19275672733783722,-0.04764723405241966,-0.38459232449531555,186,13
0.0014617443084716797,positive,10.0,10.0,0.06031059846282005,-5.018226511310786e-05,-0.06582359224557877,-0.14290021359920502,186,16
0.0015294551849365234,positive,10.0,10.0,0.06030959635972977,0.19594968855381012,-0.06868159770965576,-0.4556015133857727,186,17
0.0017547607421875,positive,10.0,10.0,0.06042454019188881,-0.3859298527240753,-0.07986371219158173,0.34772706031799316,186,20
0.0018987655639648438,positive,10.0,10.0,0.048910580575466156,-0.38377293944358826,-0.07228982448577881,0.29978513717651367,186,22
0.001966238021850586,positive,10.0,10.0,0.041235122829675674,-0.18769903481006622,-0.0662941187620163,-0.01479227002710104,186,23
0.002197742462158203,positive,10.0,10.0,0.0339311845600605,-0.3798070549964905,-0.07427603751420975,0.21206827461719513,186,26
0.002422332763671875,positive,10.0,10.0,0.007304071914404631,-0.18182317912578583,-0.057095736265182495,-0.14459747076034546,186,29
0.002487659454345703,positive,10.0,10.0,0.003667608369141817,0.014067985117435455,-0.059987686574459076,-0.4547324478626251,186,30
0.002551555633544922,positive,10.0,10.0,0.003948967903852463,-0.18015673756599426,-0.0690823346376419,-0.1815452128648758,186,31
0.002615213394165039,positive,10.0,10.0,0.00034583330852910876,0.01588224433362484,-0.07271324098110199,-0.4951963424682617,186,32
0.002759695053100586,positive,10.0,10.0,-0.0028993820305913687,-0.3719930350780487,-0.08714289218187332,0.03923505172133446,186,34
0.0028235912322998047,positive,10.0,10.0,-0.010339242406189442,-0.5657642483711243,-0.08635818958282471,0.3032014071941376,186,35
0.00296783447265625,positive,10.0,10.0,-0.036845650523900986,-0.9534654021263123,-0.06894519925117493,0.8337938189506531,186,37
0.003436565399169922,positive,10.0,10.0,-0.12373576313257217,-0.9500090479850769,-0.014684370718896389,0.755224347114563,186,43
0.0035822391510009766,positive,10.0,10.0,-0.15782970190048218,-0.5595718026161194,0.009579256176948547,0.16540652513504028,186,45
0.003887176513671875,positive,10.0,10.0,-0.21042203903198242,-0.5605716109275818,0.03500092029571533,0.1875591278076172,186,49
0.0040318965911865234,positive,10.0,10.0,-0.23675699532032013,-0.5616218447685242,0.04857359826564789,0.21085238456726074,186,51
0.004257917404174805,positive,10.0,10.0,-0.2743987739086151,-0.7590275406837463,0.06801695376634598,0.5547794103622437,186,54
0.004403114318847656,positive,10.0,10.0,-0.30087777972221375,-0.7610791921615601,0.08479809761047363,0.6008262038230896,186,56
0.004789590835571289,positive,10.0,10.0,-0.33825191855430603,-0.18304726481437683,0.09256851673126221,-0.11788982152938843,186,61
0.004935026168823242,positive,10.0,10.0,-0.34170016646385193,-0.18564459681510925,0.08261086046695709,-0.06028486788272858,186,63
0.0050013065338134766,positive,10.0,10.0,-0.34541305899620056,0.00820169784128666,0.0814051628112793,-0.3258027136325836,186,64
0.005066394805908203,positive,10.0,10.0,-0.3452490270137787,-0.18797923624515533,0.07488910853862762,-0.008599109016358852,186,65
0.0051310062408447266,positive,10.0,10.0,-0.34900861978530884,-0.3840908706188202,0.07471712678670883,0.3067406415939331,186,66
0.005193948745727539,positive,10.0,10.0,-0.3566904366016388,-0.5801935791969299,0.08085194230079651,0.622020423412323,186,67
0.005666494369506836,negative,10.0,-10.0,-0.4384244978427887,-0.5899608731269836,0.18244871497154236,0.8485756516456604,186,73
0.0003428459167480469,positive,10.0,10.0,0.011231471784412861,0.22481420636177063,0.027440348640084267,-0.23780326545238495,187,1
0.0005834102630615234,positive,10.0,10.0,0.028600424528121948,0.419044554233551,0.007810921408236027,-0.5107557773590088,187,4
0.0007295608520507812,positive,10.0,10.0,0.041457585990428925,0.41896969079971313,-0.006716628093272448,-0.5090620517730713,187,6
0.0007932186126708984,positive,10.0,10.0,0.04983697831630707,0.22394300997257233,-0.016897868365049362,-0.21850328147411346,187,7
0.0008575916290283203,positive,10.0,10.0,0.05431583896279335,0.419302374124527,-0.021267933771014214,-0.5164682269096375,187,8
0.0010039806365966797,positive,10.0,10.0,0.06719161570072174,0.4200451374053955,-0.03620854765176773,-0.5330424308776855,187,10
0.0010676383972167969,positive,10.0,10.0,0.0755925178527832,0.22545064985752106,-0.04686939716339111,-0.25198498368263245,187,11
0.0012917518615722656,positive,10.0,10.0,0.09306278079748154,0.4228155016899109,-0.06875436007976532,-0.5950829982757568,187,14
0.0013566017150878906,positive,10.0,10.0,0.10151909291744232,0.2287197858095169,-0.0806560218334198,-0.32482513785362244,187,15
0.0015053749084472656,positive,10.0,10.0,0.10679015517234802,-0.15893790125846863,-0.08832508325576782,0.20533518493175507,187,17
0.0017316341400146484,positive,10.0,10.0,0.09342776238918304,-0.35046353936195374,-0.07182222604751587,0.41907206177711487,187,20
0.0017962455749511719,positive,10.0,10.0,0.08641849458217621,-0.1544012576341629,-0.06344078481197357,0.10463926941156387,187,21
0.0020995140075683594,positive,10.0,10.0,0.08977954089641571,-0.15058982372283936,-0.08081844449043274,0.020414594560861588,187,25
0.0021638870239257812,positive,10.0,10.0,0.08676774799823761,-0.34446534514427185,-0.08041015267372131,0.2865438759326935,187,26
0.002307891845703125,positive,10.0,10.0,0.07691255956888199,-0.342270165681839,-0.07528681308031082,0.23784051835536957,187,28
0.0027718544006347656,positive,10.0,10.0,0.04783293977379799,0.053399041295051575,-0.07066359370946884,-0.46896231174468994,187,34
0.002836465835571289,positive,10.0,10.0,0.048900920897722244,-0.1406572312116623,-0.08004284650087357,-0.1993621587753296,187,35
0.0030667781829833984,positive,10.0,10.0,0.02882937714457512,-0.7222250699996948,-0.07604798674583435,0.5975728034973145,187,38
0.0031332969665527344,positive,10.0,10.0,0.014384874142706394,-0.9162051677703857,-0.06409652531147003,0.8653653860092163,187,39
0.003278017044067383,positive,10.0,10.0,-0.01834467053413391,-0.5245254039764404,-0.0357244648039341,0.24618810415267944,187,41
0.003341197967529297,positive,10.0,10.0,-0.028835177421569824,-0.7191193699836731,-0.030800702050328255,0.5273920893669128,187,42
0.003403902053833008,positive,10.0,10.0,-0.04321756586432457,-0.5235779285430908,-0.020252859219908714,0.22516502439975739,187,43
0.0037031173706054688,positive,10.0,10.0,-0.09288064390420914,-0.522967517375946,0.008848470635712147,0.21164777874946594,187,47
0.0038461685180664062,positive,10.0,10.0,-0.11770428717136383,-0.52327960729599,0.023223601281642914,0.21857677400112152,187,49
0.00399017333984375,positive,10.0,10.0,-0.14254440367221832,-0.5240029692649841,0.037965014576911926,0.2346329540014267,187,51
0.004133701324462891,positive,10.0,10.0,-0.16741737723350525,-0.5251490473747253,0.05343858152627945,0.26010265946388245,187,53
0.0043561458587646484,positive,10.0,10.0,-0.20287497341632843,-0.3326815068721771,0.07593370229005814,0.025700228288769722,187,56
0.004419803619384766,positive,10.0,10.0,-0.2095285952091217,-0.13872599601745605,0.07644771039485931,-0.24209162592887878,187,57
0.004483461380004883,positive,10.0,10.0,-0.21230311691761017,0.055225443094968796,0.0716058760881424,-0.5097153186798096,187,58
0.004709005355834961,positive,10.0,10.0,-0.21294790506362915,-0.14252138137817383,0.04814349487423897,-0.15781047940254211,187,61
0.0048542022705078125,positive,10.0,10.0,-0.21476073563098907,-0.14384958148002625,0.036288782954216,-0.128406822681427,187,63
0.0049991607666015625,positive,10.0,10.0,-0.21662305295467377,-0.14484918117523193,0.02553217113018036,-0.10630349814891815,187,65
0.0050640106201171875,positive,10.0,10.0,-0.21952003240585327,0.04989776015281677,0.023406101390719414,-0.39082303643226624,187,66
0.005128622055053711,positive,10.0,10.0,-0.2185220718383789,-0.14554843306541443,0.015589640475809574,-0.09085330367088318,187,67
0.005191802978515625,positive,10.0,10.0,-0.22143304347991943,0.04934664070606232,0.013772574253380299,-0.37857720255851746,187,68
0.005254983901977539,positive,10.0,10.0,-0.22044610977172852,-0.14596816897392273,0.006201030220836401,-0.08158378303050995,187,69
0.005330085754394531,positive,10.0,10.0,-0.22336547076702118,0.04906434565782547,0.0045693544670939445,-0.37230384349823,187,70
0.005476951599121094,positive,10.0,10.0,-0.21750177443027496,0.04903927445411682,-0.016147572547197342,-0.37176674604415894,187,72
0.005541324615478516,positive,10.0,10.0,-0.2165209800004959,-0.14584960043430328,-0.023582907393574715,-0.08421874046325684,187,73
0.0056040287017822266,positive,10.0,10.0,-0.21943797171115875,0.04960232973098755,-0.025267282500863075,-0.3842478394508362,187,74
0.005667448043823242,positive,10.0,10.0,-0.21844592690467834,-0.14515195786952972,-0.032952237874269485,-0.0996374562382698,187,75
0.0057315826416015625,positive,10.0,10.0,-0.22134897112846375,0.05042639002203941,-0.034944988787174225,-0.4025318920612335,187,76
0.005795001983642578,positive,10.0,10.0,-0.22034044563770294,-0.144182950258255,-0.042995624244213104,-0.12106785178184509,187,77
0.0058596134185791016,positive,10.0,10.0,-0.22322410345077515,0.05152779072523117,-0.04541698470711708,-0.4269994795322418,187,78
0.005923748016357422,positive,10.0,10.0,-0.22219353914260864,-0.14292246103286743,-0.05395697429776192,-0.14897288382053375,187,79
0.005986928939819336,positive,10.0,10.0,-0.22505198419094086,0.05292896553874016,-0.05693643167614937,-0.4581781327724457,187,80
0.006049156188964844,positive,10.0,10.0,-0.22399340569972992,-0.14134381711483002,-0.06609999388456345,-0.18397141993045807,187,81
0.006111621856689453,positive,10.0,10.0,-0.22682029008865356,0.054658591747283936,-0.0697794184088707,-0.49675223231315613,187,82
0.0062558650970458984,positive,10.0,10.0,-0.2285153865814209,-0.3333112299442291,-0.08425148576498032,0.03966069966554642,187,84
0.0063190460205078125,positive,10.0,10.0,-0.23518161475658417,-0.5271303057670593,-0.08345826715230942,0.30461743474006653,187,85
0.0064623355865478516,positive,10.0,10.0,-0.26014360785484314,-0.9149264097213745,-0.06596878916025162,0.8371981978416443,187,87
0.006525516510009766,positive,10.0,10.0,-0.2784421443939209,-0.7189685106277466,-0.04922482743859291,0.5245199203491211,187,88
0.00658869743347168,positive,10.0,10.0,-0.2928215265274048,-0.5231896042823792,-0.03873442858457565,0.21674104034900665,187,89
0.006735324859619141,positive,10.0,10.0,-0.3176400363445282,-0.5221473574638367,-0.024460444226861,0.1936357617378235,187,91
0.0069658756256103516,positive,10.0,10.0,-0.3528513014316559,-0.32622668147087097,-0.007429598830640316,-0.11673488467931747,187,94
0.007030010223388672,positive,10.0,10.0,-0.35937583446502686,-0.5212414264678955,-0.009764296934008598,0.17359483242034912,187,95
0.007260799407958984,positive,10.0,10.0,-0.40235021710395813,-0.7161738276481628,0.018048718571662903,0.46212801337242126,187,98
0.007406473159790039,positive,10.0,10.0,-0.4349046051502228,-1.1070332527160645,0.042500175535678864,1.0615888833999634,187,100
0.007710933685302734,negative,10.0,-10.0,-0.5391620397567749,-1.5010206699371338,0.1529870182275772,1.745139479637146,187,104
0.007775783538818359,negative,10.0,-10.0,-0.5691824555397034,-1.307934045791626,0.18788979947566986,1.5036952495574951,187,105
0.0003466606140136719,positive,10.0,10.0,-0.003908057697117329,0.20259511470794678,-9.192613674713357e-07,-0.33250248432159424,188,1
0.00041866302490234375,positive,10.0,10.0,0.00014384457608684897,0.007473182864487171,-0.006650968920439482,-0.03981984034180641,188,2
0.00048542022705078125,positive,10.0,10.0,0.0002933082287199795,0.20268987119197845,-0.0074473656713962555,-0.3345937728881836,188,3
0.0007164478302001953,positive,10.0,10.0,0.00856052991002798,0.008091522380709648,-0.021852191537618637,-0.053471438586711884,188,6
0.0008633136749267578,positive,10.0,10.0,0.012792758643627167,0.008731242269277573,-0.02998097985982895,-0.06760018318891525,188,8
0.0010106563568115234,positive,10.0,10.0,0.017052780836820602,0.009606837294995785,-0.03872477263212204,-0.08694856613874435,188,10
0.0017092227935791016,positive,10.0,10.0,0.03489361330866814,-0.1778937131166458,-0.08893541991710663,0.037840671837329865,188,19
0.0017743110656738281,positive,10.0,10.0,0.0313357375562191,-0.37163519859313965,-0.0881786122918129,0.3011918067932129,188,20
0.0019180774688720703,positive,10.0,10.0,0.020395545288920403,-0.36922788619995117,-0.0825137048959732,0.24772658944129944,188,22
0.002141237258911133,positive,10.0,10.0,-0.013391204178333282,-0.5610499382019043,-0.05168240889906883,0.4674806594848633,188,25
0.0023627281188964844,positive,10.0,10.0,-0.035307664424180984,0.026124462485313416,-0.04208878427743912,-0.45153895020484924,188,28
0.0024328231811523438,positive,10.0,10.0,-0.03478517383337021,-0.16837775707244873,-0.05111956223845482,-0.17241443693637848,188,29
0.0025866031646728516,positive,10.0,10.0,-0.03760398551821709,-0.1668737679719925,-0.06418336927890778,-0.20577815175056458,188,31
0.0026519298553466797,positive,10.0,10.0,-0.04094146192073822,-0.3610219657421112,-0.06829892843961716,0.06598754972219467,188,32
0.0027959346771240234,positive,10.0,10.0,-0.05146171525120735,0.0310207586735487,-0.07192794233560562,-0.5604731440544128,188,34
0.0030210018157958984,positive,10.0,10.0,-0.061239056289196014,-0.5506070256233215,-0.08948206156492233,0.23739886283874512,188,37
0.0030858516693115234,positive,10.0,10.0,-0.07225120067596436,-0.7443442344665527,-0.08473408967256546,0.5005693435668945,188,38
0.0031502246856689453,positive,10.0,10.0,-0.0871380865573883,-0.9381759166717529,-0.07472269982099533,0.7653916478157043,188,39
0.003294706344604492,positive,10.0,10.0,-0.12854547798633575,-0.9363341331481934,-0.03874170035123825,0.7229295969009399,188,41
0.0035974979400634766,positive,10.0,10.0,-0.18779356777668,-0.5448196530342102,-0.005441725254058838,0.10876407474279404,188,45
0.003819704055786133,positive,10.0,10.0,-0.22438111901283264,-0.7398844361305237,0.006848345510661602,0.40018507838249207,188,48
0.0041277408599853516,positive,10.0,10.0,-0.2757861614227295,-0.7407892942428589,0.02758023887872696,0.4202609956264496,188,52
0.0042724609375,positive,10.0,10.0,-0.3015233278274536,-0.7416871786117554,0.03871343657374382,0.4402139484882355,188,54
0.004336357116699219,positive,10.0,10.0,-0.3163570761680603,-0.5471339225769043,0.04751771688461304,0.15998157858848572,188,55
0.004399776458740234,positive,10.0,10.0,-0.32729974389076233,-0.7429028153419495,0.050717346370220184,0.4672684073448181,188,56
0.004543304443359375,positive,10.0,10.0,-0.35312846302986145,-0.7444601655006409,0.06388256698846817,0.5020017623901367,188,58
0.004606485366821289,positive,10.0,10.0,-0.36801767349243164,-0.9404217004776001,0.07392260432243347,0.8141131401062012,188,59
0.004668712615966797,positive,10.0,10.0,-0.3868260979652405,-1.1364738941192627,0.0902048647403717,1.1291018724441528,188,60
0.00496983528137207,negative,10.0,-10.0,-0.462310791015625,-0.7529510855674744,0.16115345060825348,0.6966949701309204,188,64
0.005114316940307617,negative,10.0,-10.0,-0.48857754468917847,-0.36811643838882446,0.18426267802715302,0.2259824126958847,188,66
0.005178213119506836,negative,10.0,-10.0,-0.49593988060951233,-0.5653280019760132,0.18878231942653656,0.5706592798233032,188,67
0.00023674964904785156,positive,10.0,10.0,0.015352190472185612,-0.01827496662735939,0.0387520007789135,-0.0321173332631588,189,0
0.00044655799865722656,positive,10.0,10.0,0.018512099981307983,-0.019373109564185143,0.03186313062906265,-0.00787234678864479,189,2
0.0007665157318115234,positive,10.0,10.0,0.024713750928640366,0.36919885873794556,0.02069808542728424,-0.5565471649169922,189,6
0.00091552734375,positive,10.0,10.0,0.035573579370975494,0.3687765896320343,0.004418828524649143,-0.5470656752586365,189,8
0.0010623931884765625,positive,10.0,10.0,0.04642096534371376,0.368807315826416,-0.011582360602915287,-0.5477268695831299,189,10
0.0011277198791503906,positive,10.0,10.0,0.05379711464047432,0.17384998500347137,-0.022536898031830788,-0.25871559977531433,189,11
0.0016071796417236328,positive,10.0,10.0,0.09430643916130066,0.17759475111961365,-0.08588991314172745,-0.34242740273475647,189,17
0.002162933349609375,positive,10.0,10.0,0.0689985379576683,-0.008903469890356064,-0.06986256688833237,-0.23933327198028564,189,24
0.0023086071014404297,positive,10.0,10.0,0.07256333529949188,-0.006855302955955267,-0.08571341633796692,-0.2849479913711548,189,26
0.0028488636016845703,positive,10.0,10.0,-0.0019879068713635206,-0.5842896699905396,-0.026313399896025658,0.41938072443008423,189,33
0.0029125213623046875,positive,10.0,10.0,-0.013673699460923672,-0.38880491256713867,-0.01792578585445881,0.11851987987756729,189,34
0.0029754638671875,positive,10.0,10.0,-0.021449798718094826,-0.19343078136444092,-0.015555387362837791,-0.17976415157318115,189,35
0.0030422210693359375,positive,10.0,10.0,-0.025318413972854614,0.001910279388539493,-0.019150670617818832,-0.477313369512558,189,36
0.0031070709228515625,positive,10.0,10.0,-0.02528020739555359,-0.19293612241744995,-0.02869693748652935,-0.1907273232936859,189,37
0.003332376480102539,positive,10.0,10.0,-0.032928530126810074,0.00363691127859056,-0.0465591661632061,-0.5157990455627441,189,40
0.003634214401245117,positive,10.0,10.0,-0.04035239294171333,-0.38313254714012146,-0.07811358571052551,-0.00663783261552453,189,44
0.0036983489990234375,positive,10.0,10.0,-0.0480150431394577,-0.5770523548126221,-0.0782463476061821,0.26041290163993835,189,45
0.003761768341064453,positive,10.0,10.0,-0.05955609306693077,-0.7709752321243286,-0.07303808629512787,0.5274261832237244,189,46
0.00390625,positive,10.0,10.0,-0.09427554905414581,-0.7690763473510742,-0.046564966440200806,0.4845614731311798,189,48
0.003968715667724609,positive,10.0,10.0,-0.10965707898139954,-0.5733292698860168,-0.03687373921275139,0.17757393419742584,189,49
0.0042705535888671875,positive,10.0,10.0,-0.16327022016048431,-0.5716823935508728,-0.012238817289471626,0.14112670719623566,189,53
0.004334211349487305,positive,10.0,10.0,-0.17470388114452362,-0.7666269540786743,-0.00941628310829401,0.42992350459098816,189,54
0.004397392272949219,positive,10.0,10.0,-0.19003641605377197,-0.571372926235199,-0.0008178132120519876,0.13428710401058197,189,55
0.0045430660247802734,positive,10.0,10.0,-0.21679353713989258,-0.5713877081871033,0.010402167215943336,0.13461843132972717,189,57
0.004687309265136719,positive,10.0,10.0,-0.24355442821979523,-0.5717230439186096,0.021705832332372665,0.14203844964504242,189,59
0.004752397537231445,positive,10.0,10.0,-0.2549888789653778,-0.7671489715576172,0.024546600878238678,0.44148939847946167,189,60
0.00545501708984375,positive,10.0,10.0,-0.3778769075870514,-0.9686877131462097,0.08973712474107742,0.8785495162010193,189,69
0.005682229995727539,negative,10.0,-10.0,-0.44777360558509827,-1.5576820373535156,0.16171568632125854,1.8529454469680786,189,72
0.005747079849243164,negative,10.0,-10.0,-0.47892725467681885,-1.7541710138320923,0.19877459108829498,2.1911706924438477,189,73
0.0002319812774658203,positive,10.0,10.0,-0.03959949314594269,-0.023729639127850533,0.003073445288464427,0.028091538697481155,190,0
0.0005173683166503906,positive,10.0,10.0,-0.029318764805793762,0.17131905257701874,-0.012740210629999638,-0.26298752427101135,190,3
0.0005826950073242188,positive,10.0,10.0,-0.025892384350299835,0.3666205108165741,-0.017999960109591484,-0.5596614480018616,190,4
0.0008087158203125,positive,10.0,10.0,-0.007779221516102552,0.17266233265399933,-0.046136241406202316,-0.2928793132305145,190,7
0.00095367431640625,positive,10.0,10.0,-0.004761424846947193,0.1740550696849823,-0.052295759320259094,-0.32372036576271057,190,9
0.0010988712310791016,positive,10.0,10.0,-0.001686018193140626,0.17562852799892426,-0.05972971022129059,-0.3586081564426422,190,11
0.0011637210845947266,positive,10.0,10.0,0.001826552557758987,-0.01859568990767002,-0.06690187007188797,-0.0853414461016655,190,12
0.0012269020080566406,positive,10.0,10.0,0.001454638666473329,0.1774182915687561,-0.06860870122909546,-0.39835914969444275,190,13
0.0012905597686767578,positive,10.0,10.0,0.005003004800528288,-0.016666660085320473,-0.0765758827328682,-0.12807178497314453,190,14
0.0013549327850341797,positive,10.0,10.0,0.0046696714125573635,-0.21061286330223083,-0.07913731783628464,0.13950367271900177,190,15
0.0014183521270751953,positive,10.0,10.0,0.000457414222182706,-0.40451744198799133,-0.0763472467660904,0.4062081277370453,190,16
0.0014827251434326172,positive,10.0,10.0,-0.0076329344883561134,-0.20840056240558624,-0.06822308897972107,0.0904654711484909,190,17
0.0017189979553222656,positive,10.0,10.0,-0.008375657722353935,-0.010422750376164913,-0.08158870786428452,-0.2662722170352936,190,20
0.0017828941345214844,positive,10.0,10.0,-0.008584112860262394,-0.2042912095785141,-0.08691415190696716,-0.0003973592247348279,190,21
0.001928567886352539,positive,10.0,10.0,-0.02063125930726528,-0.591846764087677,-0.08164915442466736,0.5276979207992554,190,23
0.002244234085083008,positive,10.0,10.0,-0.08345898985862732,-0.5884273648262024,-0.018890539184212685,0.45040836930274963,190,27
0.002390146255493164,positive,10.0,10.0,-0.10308840870857239,-0.19778132438659668,-0.006845747586339712,-0.14395292103290558,190,29
0.002454996109008789,positive,10.0,10.0,-0.1070440337061882,-0.002562008099630475,-0.009724806062877178,-0.43878766894340515,190,30
0.002518177032470703,positive,10.0,10.0,-0.10709527134895325,-0.19754497706890106,-0.01850055903196335,-0.14918608963489532,190,31
0.0025818347930908203,positive,10.0,10.0,-0.11104617267847061,-0.0021630562841892242,-0.02148428186774254,-0.44764766097068787,190,32
0.003126859664916992,positive,10.0,10.0,-0.12285960465669632,-0.19312496483325958,-0.07096472382545471,-0.2472468614578247,190,39
0.0033512115478515625,positive,10.0,10.0,-0.13048429787158966,-0.38482269644737244,-0.09301067143678665,-0.029629245400428772,190,42
0.0034952163696289062,positive,10.0,10.0,-0.14975066483020782,-0.7721647620201111,-0.08895686268806458,0.49407151341438293,190,44
0.003638029098510742,positive,10.0,10.0,-0.18451251089572906,-1.1598751544952393,-0.06392649561166763,1.0242360830307007,190,46
0.0037021636962890625,positive,10.0,10.0,-0.20771001279354095,-0.9639628529548645,-0.0434417761862278,0.7121862173080444,190,47
0.003847837448120117,positive,10.0,10.0,-0.2423546016216278,-0.5727435946464539,-0.021075017750263214,0.1044083833694458,190,49
0.004069805145263672,positive,10.0,10.0,-0.2806040346622467,-0.767130970954895,-0.009344277903437614,0.38089507818222046,190,52
0.004134654998779297,positive,10.0,10.0,-0.2959466576576233,-0.5718775987625122,-0.0017263765912503004,0.08528061956167221,190,53
0.004278421401977539,positive,10.0,10.0,-0.32272371649742126,-0.5718525052070618,0.007527603302150965,0.0847288966178894,190,55
0.004343271255493164,positive,10.0,10.0,-0.33416077494621277,-0.7670815587043762,0.00922218058258295,0.3797772526741028,190,56
0.004572629928588867,positive,10.0,10.0,-0.37629324197769165,-0.9628319144248962,0.026377201080322266,0.6864518523216248,190,59
0.004801034927368164,positive,10.0,10.0,-0.4457949995994568,-1.5497748851776123,0.0856991708278656,1.6031304597854614,190,62
0.004949808120727539,negative,10.0,-10.0,-0.5117064714431763,-1.94197416305542,0.15618686378002167,2.248018980026245,190,64
0.005015373229980469,negative,10.0,-10.0,-0.5505459904670715,-2.138185501098633,0.20114724338054657,2.5844860076904297,190,65
0.000225067138671875,positive,10.0,10.0,-0.006821720860898495,-0.048343464732170105,0.01349650602787733,0.02994384616613388,191,0
0.00032067298889160156,positive,10.0,10.0,-0.007788590155541897,0.14658236503601074,0.014095382764935493,-0.2584504187107086,191,1
0.0004916191101074219,positive,10.0,10.0,0.001973062753677368,0.1462540626525879,-0.0020067123696208,-0.25117236375808716,191,3
0.0007221698760986328,positive,10.0,10.0,0.014653879217803478,0.34175533056259155,-0.02300046943128109,-0.5523088574409485,191,6
0.0007867813110351562,positive,10.0,10.0,0.021488985046744347,0.14696380496025085,-0.03404664620757103,-0.26696038246154785,191,7
0.001012563705444336,positive,10.0,10.0,0.03423948958516121,-0.0463557131588459,-0.056592848151922226,-0.013923279009759426,191,10
0.0010762214660644531,positive,10.0,10.0,0.033312372863292694,0.14953026175498962,-0.056871313601732254,-0.32391124963760376,191,11
0.001138925552368164,positive,10.0,10.0,0.03630298003554344,-0.044737718999385834,-0.06334953755140305,-0.04969155415892601,191,12
0.0012936592102050781,positive,10.0,10.0,0.038432877510786057,-0.042918480932712555,-0.07157676666975021,-0.0899496078491211,191,14
0.001360177993774414,positive,10.0,10.0,0.037574511021375656,0.15315254032611847,-0.07337575405836105,-0.40432867407798767,191,15
0.0017514228820800781,negative,10.0,-10.0,0.06872934848070145,-0.03472469374537468,-0.14250785112380981,-0.2730959951877594,191,20
0.001895904541015625,negative,10.0,-10.0,0.06348372995853424,-0.42028045654296875,-0.14854051172733307,0.21404634416103363,191,22
0.002599000930786133,positive,10.0,10.0,-0.09663905203342438,-0.9918566942214966,-0.011374964378774166,0.7857629060745239,191,31
0.002743244171142578,positive,10.0,10.0,-0.1324077993631363,-0.6015198826789856,0.014130757190287113,0.19821128249168396,191,33
0.002814769744873047,positive,10.0,10.0,-0.14443819224834442,-0.796841025352478,0.0180949829518795,0.49531811475753784,191,34
0.002959728240966797,positive,10.0,10.0,-0.17241458594799042,-0.7974898219108582,0.032169193029403687,0.5097751021385193,191,36
0.0030241012573242188,positive,10.0,10.0,-0.18836438655853271,-0.602835476398468,0.0423646941781044,0.2274007648229599,191,37
0.0030891895294189453,positive,10.0,10.0,-0.20042109489440918,-0.7985364198684692,0.04691270738840103,0.5331403017044067,191,38
0.00323486328125,positive,10.0,10.0,-0.22847391664981842,-0.7999992966651917,0.06268753111362457,0.5658737421035767,191,40
0.003299236297607422,positive,10.0,10.0,-0.2444739043712616,-0.6058102250099182,0.07400500029325485,0.2935802936553955,191,41
0.003764629364013672,positive,10.0,10.0,-0.2902062237262726,-0.22279253602027893,0.07592752575874329,-0.13354963064193726,191,47
0.0039098262786865234,positive,10.0,10.0,-0.29523879289627075,-0.22491610050201416,0.0652296170592308,-0.08649551123380661,191,49
0.0040569305419921875,positive,10.0,10.0,-0.3003528416156769,-0.22675137221813202,0.056341588497161865,-0.04589546099305153,191,51
0.004205942153930664,positive,10.0,10.0,-0.30553749203681946,-0.2283463478088379,0.0490180104970932,-0.010649839416146278,191,53
0.004271745681762695,positive,10.0,10.0,-0.3101044297218323,-0.033960409462451935,0.04880501329898834,-0.28747299313545227,191,54
0.004578590393066406,positive,10.0,10.0,-0.31289955973625183,-0.036427587270736694,0.027542181313037872,-0.2327669858932495,191,58
0.0046443939208984375,positive,10.0,10.0,-0.31362810730934143,0.15829022228717804,0.022886840626597404,-0.5166365504264832,191,59
0.004871368408203125,positive,10.0,10.0,-0.30024483799934387,-0.03728194534778595,-0.013594594784080982,-0.21383264660835266,191,62
0.005095720291137695,positive,10.0,10.0,-0.2985665202140808,0.15867789089679718,-0.032562196254730225,-0.5251833200454712,191,65
0.005240201950073242,positive,10.0,10.0,-0.29611238837242126,0.1597387194633484,-0.04792458936572075,-0.5488861799240112,191,67
0.005303621292114258,positive,10.0,10.0,-0.2929176092147827,-0.03467840328812599,-0.0589023120701313,-0.27167975902557373,191,68
0.005448818206787109,positive,10.0,10.0,-0.29038652777671814,-0.03293194621801376,-0.07598277926445007,-0.3106013238430023,191,70
0.005991697311401367,positive,10.0,10.0,-0.35304418206214905,-0.611131489276886,-0.04224541038274765,0.4106723666191101,191,77
0.006056070327758789,positive,10.0,10.0,-0.3652667999267578,-0.8056298494338989,-0.03403196483850479,0.689743161201477,191,78
0.006200551986694336,positive,10.0,10.0,-0.4013846516609192,-1.1951080560684204,-0.0008066805312409997,1.2577787637710571,191,80
0.006264448165893555,positive,10.0,10.0,-0.42528682947158813,-1.3902195692062378,0.024348894134163857,1.5502089262008667,191,81
0.0066530704498291016,negative,10.0,-10.0,-0.5644457340240479,-1.2006213665008545,0.1829591542482376,1.3992456197738647,191,86
0.0006005764007568359,positive,10.0,10.0,-0.03564443066716194,-0.044270072132349014,-0.020540298894047737,-0.055768098682165146,192,4
0.0006680488586425781,positive,10.0,10.0,-0.03652983158826828,0.15114028751850128,-0.02165566012263298,-0.35486021637916565,192,5
0.0007336139678955078,positive,10.0,10.0,-0.033507026731967926,-0.04366717115044594,-0.02875286526978016,-0.06908382475376129,192,6
0.0007967948913574219,positive,10.0,10.0,-0.03438036888837814,0.15185494720935822,-0.030134540051221848,-0.3706979751586914,192,7
0.0008604526519775391,positive,10.0,10.0,-0.03134327009320259,-0.04282619431614876,-0.037548501044511795,-0.08766704052686691,192,8
0.0009238719940185547,positive,10.0,10.0,-0.03219979256391525,0.15281330049037933,-0.03930184245109558,-0.391956090927124,192,9
0.0010700225830078125,positive,10.0,10.0,-0.02997811697423458,0.15403513610363007,-0.049379341304302216,-0.419094055891037,192,11
0.0012156963348388672,positive,10.0,10.0,-0.02770448662340641,0.15554597973823547,-0.06060878187417984,-0.4527096450328827,192,13
0.0012788772583007812,positive,10.0,10.0,-0.024593567475676537,-0.03866885229945183,-0.06966297328472137,-0.1797304004430771,192,14
0.0013432502746582031,positive,10.0,10.0,-0.025366945192217827,0.1573772430419922,-0.07325758785009384,-0.4935506284236908,192,15
0.0014057159423828125,positive,10.0,10.0,-0.022219398990273476,-0.03663918748497963,-0.08312859386205673,-0.22482502460479736,192,16
0.0014681816101074219,positive,10.0,10.0,-0.022952184081077576,-0.23048074543476105,-0.08762510120868683,0.04052158072590828,192,17
0.0015301704406738281,positive,10.0,10.0,-0.027561798691749573,-0.4242440164089203,-0.08681466430425644,0.3043225407600403,192,18
0.0016741752624511719,positive,10.0,10.0,-0.04060665890574455,-0.4218760132789612,-0.08101677149534225,0.2517322599887848,192,20
0.0018203258514404297,positive,10.0,10.0,-0.06135924533009529,-0.8097277283668518,-0.0656260997056961,0.785606324672699,192,22
0.00189208984375,positive,10.0,10.0,-0.07755380123853683,-0.613768458366394,-0.04991397261619568,0.47301995754241943,192,23
0.0019571781158447266,positive,10.0,10.0,-0.08982916921377182,-0.417978435754776,-0.04045357182621956,0.1650320291519165,192,24
0.0020248889923095703,positive,10.0,10.0,-0.09818873554468155,-0.2223014384508133,-0.03715293109416962,-0.14013342559337616,192,25
0.0020904541015625,positive,10.0,10.0,-0.10263476520776749,-0.02666761726140976,-0.03995560109615326,-0.44430211186408997,192,26
0.0022363662719726562,positive,10.0,10.0,-0.10759216547012329,-0.02541627548635006,-0.052131183445453644,-0.47215935587882996,192,28
0.0023810863494873047,positive,10.0,10.0,-0.1124957799911499,-0.0238184817135334,-0.06550142168998718,-0.507806122303009,192,30
0.002444744110107422,positive,10.0,10.0,-0.11297214776277542,-0.21795934438705444,-0.07565754652023315,-0.23646299540996552,192,31
0.0026695728302001953,positive,10.0,10.0,-0.13768592476844788,-0.7997058629989624,-0.07380412518978119,0.5642062425613403,192,34
0.0028138160705566406,positive,10.0,10.0,-0.1735544204711914,-0.7978008985519409,-0.04586489871144295,0.5210831165313721,192,36
0.0028769969940185547,positive,10.0,10.0,-0.18951043486595154,-0.602064311504364,-0.03544323891401291,0.2143074870109558,192,37
0.0033376216888427734,positive,10.0,10.0,-0.27334854006767273,-0.6003925800323486,0.00525046419352293,0.177279531955719,192,43
0.003640890121459961,positive,10.0,10.0,-0.3291994333267212,-0.6011640429496765,0.03146454319357872,0.1943807154893875,192,47
0.0037043094635009766,positive,10.0,10.0,-0.34122273325920105,-0.7967215776443481,0.035352159291505814,0.49682092666625977,192,48
0.003767728805541992,positive,10.0,10.0,-0.3571571409702301,-0.6021155118942261,0.0452885776758194,0.2154855579137802,192,49
0.003912925720214844,positive,10.0,10.0,-0.3851565718650818,-0.9936383366584778,0.06004035845398903,0.8299938440322876,192,51
0.0039768218994140625,positive,10.0,10.0,-0.4050293266773224,-1.1895273923873901,0.07664023339748383,1.1409392356872559,192,52
0.004284858703613281,negative,10.0,-10.0,-0.4847343862056732,-0.8052259087562561,0.14800235629081726,0.6910557150840759,192,56
0.004591226577758789,negative,10.0,-10.0,-0.5494124889373779,-0.4253343343734741,0.20929208397865295,0.3340822458267212,192,60
0.0003612041473388672,positive,10.0,10.0,-0.03823624551296234,0.21974287927150726,0.007573883980512619,-0.26142507791519165,193,1
0.0005211830139160156,positive,10.0,10.0,-0.0333511158823967,0.21960186958312988,0.003018124494701624,-0.2583049237728119,193,3
0.0005888938903808594,positive,10.0,10.0,-0.02895907685160637,0.4146806001663208,-0.002147973980754614,-0.5500343441963196,193,4
0.0007388591766357422,positive,10.0,10.0,-0.016273686662316322,0.41489607095718384,-0.01830924116075039,-0.554830014705658,193,6
0.0008053779602050781,positive,10.0,10.0,-0.007975765503942966,0.22003592550754547,-0.02940583974123001,-0.267971396446228,193,7
0.0010380744934082031,positive,10.0,10.0,0.00915519893169403,0.026513030752539635,-0.051925934851169586,-0.010476813651621342,193,10
0.0011036396026611328,positive,10.0,10.0,0.009685459546744823,0.22233973443508148,-0.05213547125458717,-0.31908032298088074,193,11
0.0011682510375976562,positive,10.0,10.0,0.014132254756987095,0.027997566387057304,-0.05851707607507706,-0.04328404366970062,193,12
0.0012362003326416016,positive,10.0,10.0,0.014692205935716629,0.2239076942205429,-0.059382759034633636,-0.3538404405117035,193,13
0.0016243457794189453,positive,10.0,10.0,0.029476335272192955,-0.35570815205574036,-0.08743207156658173,0.3996414244174957,193,18
0.002008676528930664,positive,10.0,10.0,0.009738082066178322,0.23489035665988922,-0.07591579109430313,-0.5970138311386108,193,23
0.00279998779296875,positive,10.0,10.0,-0.07093184441328049,-0.14489604532718658,-0.026676645502448082,-0.24085770547389984,193,33
0.003025531768798828,positive,10.0,10.0,-0.07569921016693115,0.051631029695272446,-0.04751525819301605,-0.5649669170379639,193,36
0.003173828125,positive,10.0,10.0,-0.07752245664596558,-0.33702924847602844,-0.06456707417964935,-0.014055173844099045,193,38
0.0032377243041992188,positive,10.0,10.0,-0.08426304161548615,-0.14104360342025757,-0.06484817713499069,-0.3263906240463257,193,39
0.003385782241821289,positive,10.0,10.0,-0.09378761798143387,-0.13911627233028412,-0.07247284054756165,-0.3691636025905609,193,41
0.0035309791564941406,positive,10.0,10.0,-0.10323269665241241,-0.5270297527313232,-0.0818597823381424,0.16627469658851624,193,43
0.0037593841552734375,positive,10.0,10.0,-0.14648744463920593,-0.7187997102737427,-0.055913638323545456,0.3851400315761566,193,46
0.0039048194885253906,positive,10.0,10.0,-0.1713220477104187,-0.7173292636871338,-0.046703532338142395,0.35245609283447266,193,48
0.004050493240356445,positive,10.0,10.0,-0.1961001455783844,-0.7161068916320801,-0.03874601796269417,0.3253321945667267,193,50
0.00443577766418457,positive,10.0,10.0,-0.25980985164642334,-0.909028172492981,-0.020057128742337227,0.5693715810775757,193,55
0.0045013427734375,positive,10.0,10.0,-0.2779904007911682,-0.713630735874176,-0.008669697679579258,0.270438015460968,193,56
0.0050504207611083984,positive,10.0,10.0,-0.3740096986293793,-0.9095785617828369,0.02363363653421402,0.5814165472984314,193,63
0.005199909210205078,positive,10.0,10.0,-0.4143017530441284,-1.3006062507629395,0.05289096012711525,1.1850063800811768,193,65
0.005265235900878906,positive,10.0,10.0,-0.4403138756752014,-1.496372938156128,0.07659108936786652,1.4937883615493774,193,66
0.005655527114868164,negative,10.0,-10.0,-0.5512252449989319,-0.9197766184806824,0.17430345714092255,0.8175272941589355,193,71
0.00037932395935058594,positive,10.0,10.0,-0.0038412269204854965,0.16106916964054108,0.009627251885831356,-0.27461862564086914,194,1
0.0006213188171386719,positive,10.0,10.0,0.009718659333884716,0.35609596967697144,-0.012555450201034546,-0.5651963949203491,194,4
0.0006880760192871094,positive,10.0,10.0,0.016840578988194466,0.1611524075269699,-0.023859377950429916,-0.2764952778816223,194,5
0.0008358955383300781,positive,10.0,10.0,0.027195757254958153,0.16190853714942932,-0.040921423584222794,-0.29332536458969116,194,7
0.000982046127319336,positive,10.0,10.0,0.02978179231286049,0.16315382719039917,-0.047064412385225296,-0.32089439034461975,194,9
0.0010466575622558594,positive,10.0,10.0,0.03304486721754074,-0.03126738220453262,-0.0534822978079319,-0.043417319655418396,194,10
0.0013513565063476562,positive,10.0,10.0,0.03844083845615387,-0.027958214282989502,-0.07072529941797256,-0.11663701385259628,194,14
0.0014157295227050781,positive,10.0,10.0,0.037881672382354736,0.16810208559036255,-0.07305803894996643,-0.4307681620121002,194,15
0.001561880111694336,positive,10.0,10.0,0.04072544723749161,-0.2197769284248352,-0.08491302281618118,0.10385944694280624,194,17
0.0016257762908935547,positive,10.0,10.0,0.03632991015911102,-0.4135858416557312,-0.08283583074808121,0.36859095096588135,194,18
0.0017914772033691406,positive,10.0,10.0,0.023710381239652634,-0.4113538861274719,-0.07444439083337784,0.31893283128738403,194,20
0.0019423961639404297,positive,10.0,10.0,0.0033764841500669718,-0.40933510661125183,-0.0563209094107151,0.27391722798347473,194,22
0.0020084381103515625,positive,10.0,10.0,-0.00481021823361516,-0.2134566754102707,-0.05084256827831268,-0.035984139889478683,194,23
0.0021545886993408203,positive,10.0,10.0,-0.009432230144739151,-0.21199586987495422,-0.05844755098223686,-0.06827712804079056,194,25
0.0023000240325927734,positive,10.0,10.0,-0.013993882574141026,-0.21031054854393005,-0.0673893466591835,-0.1055726557970047,194,27
0.0024461746215820312,positive,10.0,10.0,-0.018485911190509796,-0.2083626389503479,-0.07787545025348663,-0.14874419569969177,194,29
0.00251007080078125,positive,10.0,10.0,-0.022653162479400635,-0.4022880494594574,-0.08085033297538757,0.11839006841182709,194,30
0.0025746822357177734,positive,10.0,10.0,-0.030698925256729126,-0.5961641073226929,-0.07848253101110458,0.3845100700855255,194,31
0.0027992725372314453,positive,10.0,10.0,-0.07030511647462845,-0.3981620967388153,-0.05101640895009041,0.027019530534744263,194,34
0.002862691879272461,positive,10.0,10.0,-0.07826836407184601,-0.202347069978714,-0.05047601833939552,-0.2813131809234619,194,35
0.002926349639892578,positive,10.0,10.0,-0.08231530338525772,-0.006542810704559088,-0.05610227957367897,-0.5894791483879089,194,36
0.003232240676879883,positive,10.0,10.0,-0.10613971203565598,-0.7828856706619263,-0.07060226052999496,0.4920101463794708,194,40
0.0032968521118164062,positive,10.0,10.0,-0.12179742008447647,-0.5868425965309143,-0.06076205521821976,0.177938312292099,194,41
0.0033600330352783203,positive,10.0,10.0,-0.1335342675447464,-0.7810447216033936,-0.05720328912138939,0.4508509039878845,194,42
0.0034227371215820312,positive,10.0,10.0,-0.1491551697254181,-0.5851624011993408,-0.04818626865744591,0.1406993716955185,194,43
0.0037288665771484375,positive,10.0,10.0,-0.20369422435760498,-0.5828022360801697,-0.026954127475619316,0.08849690109491348,194,47
0.004349708557128906,positive,10.0,10.0,-0.3123983144760132,-0.5813189148902893,0.007222700398415327,0.05574360862374306,194,55
0.004414796829223633,positive,10.0,10.0,-0.32402467727661133,-0.38630127906799316,0.00833757221698761,-0.23465177416801453,194,56
0.004477977752685547,positive,10.0,10.0,-0.3317507207393646,-0.1912994533777237,0.003644537180662155,-0.5246931314468384,194,57
0.004941225051879883,positive,10.0,10.0,-0.38199055194854736,-0.9704885482788086,-0.019070208072662354,0.6176119446754456,194,63
0.00500941276550293,positive,10.0,10.0,-0.4014003276824951,-1.1653389930725098,-0.006717967800796032,0.904228150844574,194,64
0.005156278610229492,positive,10.0,10.0,-0.44410964846611023,-1.1654056310653687,0.023555422201752663,0.9056825637817383,194,66
0.005222320556640625,positive,10.0,10.0,-0.46741774678230286,-1.360838532447815,0.04166907072067261,1.2056751251220703,194,67
0.0056111812591552734,negative,10.0,-10.0,-0.6192800402641296,-1.1723662614822388,0.1899934709072113,1.0763314962387085,194,72
0.0002541542053222656,positive,10.0,10.0,-0.036461662501096725,-0.010234090499579906,-0.02454715222120285,-0.00021963869221508503,195,0
0.0004715919494628906,positive,10.0,10.0,-0.03296171873807907,-0.009532417170703411,-0.030562451109290123,-0.015705429017543793,195,2
0.000621795654296875,positive,10.0,10.0,-0.029432084411382675,-0.008654681965708733,-0.03723400458693504,-0.03508446365594864,195,4
0.0006868839263916016,positive,10.0,10.0,-0.02960517816245556,0.18698088824748993,-0.03793569654226303,-0.3392786979675293,195,5
0.0007519721984863281,positive,10.0,10.0,-0.02586556039750576,-0.007581316400319338,-0.044721268117427826,-0.05879577621817589,195,6
0.00081634521484375,positive,10.0,10.0,-0.026017187163233757,0.18815237283706665,-0.04589718580245972,-0.365246444940567,195,7
0.0009748935699462891,positive,10.0,10.0,-0.022379904985427856,0.18955430388450623,-0.054949745535850525,-0.39636388421058655,195,9
0.001203298568725586,positive,10.0,10.0,-0.014859410934150219,-0.0029223752208054066,-0.07397376745939255,-0.16193608939647675,195,12
0.001428842544555664,positive,10.0,10.0,-0.026673033833503723,-0.19474336504936218,-0.06760437786579132,0.05850186198949814,195,15
0.0014941692352294922,positive,10.0,10.0,-0.030567901208996773,0.0012795048533007503,-0.0664343386888504,-0.2547213137149811,195,16
0.0015597343444824219,positive,10.0,10.0,-0.03054231032729149,0.1972840130329132,-0.07152876257896423,-0.5675968527793884,195,17
0.002599000930786133,positive,10.0,10.0,-0.18767306208610535,-1.932621955871582,0.04675622656941414,2.291651964187622,195,30
0.002664327621459961,positive,10.0,10.0,-0.22632549703121185,-2.1281425952911377,0.09258926659822464,2.5983541011810303,195,31
0.002728700637817383,negative,10.0,-10.0,-0.26888835430145264,-2.3238534927368164,0.14455634355545044,2.9178452491760254,195,32
0.0010097026824951172,positive,10.0,10.0,0.04780517891049385,0.16007351875305176,-0.04005388170480728,-0.4045669734477997,196,9
0.0014796257019042969,positive,10.0,10.0,0.055513836443424225,-0.22534559667110443,-0.07562658935785294,0.07486272603273392,196,15
0.0015454292297363281,positive,10.0,10.0,0.051006924360990524,-0.4193064868450165,-0.07412933558225632,0.3427594304084778,196,16
0.0016140937805175781,positive,10.0,10.0,0.04262079298496246,-0.22321249544620514,-0.06727414578199387,0.027652163058519363,196,17
0.0017616748809814453,positive,10.0,10.0,0.0376126728951931,0.16881343722343445,-0.07243060320615768,-0.5984326004981995,196,19
0.0019087791442871094,positive,10.0,10.0,0.040484458208084106,-0.21904973685741425,-0.09098755568265915,-0.064495749771595,196,21
0.001973867416381836,positive,10.0,10.0,0.03610346093773842,-0.41275733709335327,-0.09227746725082397,0.19815029203891754,196,22
0.0020389556884765625,positive,10.0,10.0,0.027848314493894577,-0.6064465641975403,-0.0883144661784172,0.4603569805622101,196,23
0.002102375030517578,positive,10.0,10.0,0.01571938395500183,-0.8002164959907532,-0.07910732179880142,0.7239484190940857,196,24
0.0022482872009277344,positive,10.0,10.0,-0.020168155431747437,-0.7982358336448669,-0.04481393098831177,0.6784603595733643,196,26
0.0023126602172851562,positive,10.0,10.0,-0.036132872104644775,-0.6025208830833435,-0.03124472312629223,0.37201181054115295,196,27
0.0026175975799560547,positive,10.0,10.0,-0.06087455153465271,-0.210811048746109,-0.03762313351035118,-0.2460736483335495,196,31
0.0030803680419921875,positive,10.0,10.0,-0.08206825703382492,-0.5960677266120911,-0.07747559994459152,0.2301863431930542,196,37
0.0032253265380859375,positive,10.0,10.0,-0.1097896471619606,-0.9840248227119446,-0.06292267143726349,0.7663165926933289,196,39
0.0032896995544433594,positive,10.0,10.0,-0.12947013974189758,-0.7880955934524536,-0.047596342861652374,0.45451727509498596,196,40
0.0035181045532226562,positive,10.0,10.0,-0.1728164255619049,-0.5912769436836243,-0.02701140195131302,0.12383216619491577,196,43
0.003583192825317383,positive,10.0,10.0,-0.18464195728302002,-0.3957786560058594,-0.024534760043025017,-0.17724871635437012,196,44
0.003808259963989258,positive,10.0,10.0,-0.204464390873909,-0.19938933849334717,-0.04150846600532532,-0.4981796443462372,196,47
0.003952980041503906,positive,10.0,10.0,-0.21633023023605347,-0.19808371365070343,-0.05584929138422012,-0.5273264646530151,196,49
0.004019975662231445,positive,10.0,10.0,-0.2202918976545334,-0.39237722754478455,-0.0663958191871643,-0.25275176763534546,196,50
0.004164457321166992,positive,10.0,10.0,-0.23206691443920135,-0.3904237449169159,-0.0827631801366806,-0.29627153277397156,196,52
0.0043103694915771484,positive,10.0,10.0,-0.25156086683273315,-0.7780198454856873,-0.08930452167987823,0.23264023661613464,196,54
0.004458189010620117,positive,10.0,10.0,-0.2865564525127411,-1.1655924320220947,-0.07473428547382355,0.7607213258743286,196,56
0.004604816436767578,positive,10.0,10.0,-0.33706051111221313,-1.1637481451034546,-0.0389401949942112,0.7182229161262512,196,58
0.004836320877075195,positive,10.0,10.0,-0.40295514464378357,-1.35776686668396,-0.0023373577278107405,0.9858828783035278,196,61
0.005063056945800781,positive,10.0,10.0,-0.49613156914711,-1.9438031911849976,0.07445500791072845,1.8816637992858887,196,64
0.00520777702331543,negative,10.0,-10.0,-0.5699989795684814,-1.5559322834014893,0.14434801042079926,1.3572418689727783,196,66
0.005272865295410156,negative,10.0,-10.0,-0.6011176109313965,-1.7525395154953003,0.17149284482002258,1.691376805305481,196,67
0.005337238311767578,negative,10.0,-10.0,-0.6361684203147888,-1.5597636699676514,0.20532037317752838,1.4566267728805542,196,68
0.00034546852111816406,positive,10.0,10.0,0.018578313291072845,0.20913763344287872,0.010146617889404297,-0.33643555641174316,197,1
0.0005040168762207031,positive,10.0,10.0,0.02303852140903473,0.20894554257392883,0.0026065015699714422,-0.33217284083366394,197,3
0.0006492137908935547,positive,10.0,10.0,0.02749316394329071,0.2089661955833435,-0.004810337442904711,-0.3326230049133301,197,5
0.0008809566497802734,positive,10.0,10.0,0.03613469749689102,0.014252581633627415,-0.019046779721975327,-0.04895678535103798,197,8
0.0009453296661376953,positive,10.0,10.0,0.03641974925994873,0.20964239537715912,-0.020025916397571564,-0.3475877642631531,197,9
0.0010080337524414062,positive,10.0,10.0,0.0406125970184803,0.014810924418270588,-0.026977671310305595,-0.06128637492656708,197,10
0.0010709762573242188,positive,10.0,10.0,0.0409088172018528,0.21030907332897186,-0.02820339985191822,-0.36235737800598145,197,11
0.001215219497680664,positive,10.0,10.0,0.045426979660987854,0.21121084690093994,-0.03702453151345253,-0.3823527991771698,197,13
0.0014400482177734375,positive,10.0,10.0,0.054231196641922,0.017936665564775467,-0.054863084107637405,-0.13040415942668915,197,16
0.0015034675598144531,positive,10.0,10.0,0.054589930921792984,0.213799849152565,-0.05747116729617119,-0.43987855315208435,197,17
0.0016472339630126953,positive,10.0,10.0,0.0592566542327404,0.21554125845432281,-0.06958577036857605,-0.47868239879608154,197,19
0.0018711090087890625,positive,10.0,10.0,0.06054804474115372,-0.36627325415611267,-0.08217412233352661,0.32325300574302673,197,22
0.0020151138305664062,positive,10.0,10.0,0.0498209148645401,-0.36404234170913696,-0.07559248059988022,0.27369701862335205,197,24
0.0020895004272460938,positive,10.0,10.0,0.04254006966948509,-0.5580088496208191,-0.07011853903532028,0.5416129231452942,197,25
0.002155303955078125,positive,10.0,10.0,0.03137989342212677,-0.3619750738143921,-0.05928628519177437,0.2276868224143982,197,26
0.0022182464599609375,positive,10.0,10.0,0.024140391498804092,-0.5562018752098083,-0.054732546210289,0.501095175743103,197,27
0.002280712127685547,positive,10.0,10.0,0.01301635429263115,-0.3603528141975403,-0.04471064358949661,0.1916782110929489,197,28
0.0023446083068847656,positive,10.0,10.0,0.005809297785162926,-0.16462071239948273,-0.0408770814538002,-0.11476708948612213,197,29
0.002491474151611328,positive,10.0,10.0,0.003138130996376276,-0.1634221076965332,-0.05157364159822464,-0.14129489660263062,197,31
0.003361940383911133,positive,10.0,10.0,-0.0590338334441185,-1.12638521194458,-0.06582809239625931,1.0464818477630615,197,42
0.003426074981689453,positive,10.0,10.0,-0.08156154304742813,-0.9304542541503906,-0.04489845409989357,0.7338824272155762,197,43
0.0034885406494140625,positive,10.0,10.0,-0.10017062723636627,-0.7347416877746582,-0.03022080659866333,0.4274137318134308,197,44
0.0036325454711914062,positive,10.0,10.0,-0.125649556517601,-0.7340099215507507,-0.01916535012423992,0.41112658381462097,197,46
0.0036966800689697266,positive,10.0,10.0,-0.1403297632932663,-0.5386216044425964,-0.010942818596959114,0.11246363073587418,197,47
0.003842592239379883,positive,10.0,10.0,-0.1657738983631134,-0.5383408665657043,-0.0006600626511499286,0.10626311600208282,197,49
0.003907203674316406,positive,10.0,10.0,-0.17654071748256683,-0.7334533929824829,0.001465199631638825,0.39873772859573364,197,50
0.003970146179199219,positive,10.0,10.0,-0.19120977818965912,-0.5383522510528564,0.009439953602850437,0.10651709884405136,197,51
0.0040323734283447266,positive,10.0,10.0,-0.20197682082653046,-0.7336081862449646,0.011570296250283718,0.4021632671356201,197,52
0.0041768550872802734,positive,10.0,10.0,-0.22742202877998352,-0.7340496778488159,0.02187657169997692,0.4119563102722168,197,54
0.004562854766845703,positive,10.0,10.0,-0.2931029498577118,-0.5413559675216675,0.053156644105911255,0.17300200462341309,197,59
0.004708766937255859,positive,10.0,10.0,-0.3186739981174469,-0.542917788028717,0.06625606119632721,0.20765388011932373,197,61
0.004945039749145508,positive,10.0,10.0,-0.3552079498767853,-0.7410351634025574,0.08583449572324753,0.5678286552429199,197,64
0.005892753601074219,negative,10.0,-10.0,-0.4570891559123993,-0.3706565499305725,0.15088015794754028,0.4233516454696655,197,76
0.005957841873168945,negative,10.0,-10.0,-0.4645022749900818,-0.5675578713417053,0.15934719145298004,0.7595388293266296,197,77
0.006021976470947266,negative,10.0,-10.0,-0.47585344314575195,-0.3749482333660126,0.17453797161579132,0.5209347009658813,197,78
0.00608515739440918,negative,10.0,-10.0,-0.4833524227142334,-0.18265721201896667,0.18495666980743408,0.28793442249298096,197,79
0.0061490535736083984,negative,10.0,-10.0,-0.4870055615901947,0.009411840699613094,0.19071535766124725,0.05881242826581001,197,80
0.000225067138671875,positive,10.0,10.0,0.03742477297782898,-0.005576997995376587,0.0017691096290946007,-0.03775970637798309,198,0
0.0004260540008544922,positive,10.0,10.0,0.04110362380743027,-0.005616830661892891,-0.005583763122558594,-0.03688143938779831,198,2
0.0004925727844238281,positive,10.0,10.0,0.04099128767848015,0.18958474695682526,-0.006321392022073269,-0.3313208520412445,198,3
0.0008130073547363281,positive,10.0,10.0,0.040565140545368195,0.19018222391605377,-0.009783128276467323,-0.3445065915584564,198,7
0.0008857250213623047,positive,10.0,10.0,0.04436878487467766,-0.004799199290573597,-0.016673261299729347,-0.05492464452981949,198,8
0.0011920928955078125,positive,10.0,10.0,0.05182105675339699,-0.003578886389732361,-0.033468201756477356,-0.08188054710626602,198,12
0.0012564659118652344,positive,10.0,10.0,0.05174947902560234,0.192006453871727,-0.035105813294649124,-0.3849320709705353,198,13
0.001321554183959961,positive,10.0,10.0,0.05558960884809494,-0.002599981613457203,-0.042804453521966934,-0.10352127254009247,198,14
0.0013856887817382812,positive,10.0,10.0,0.05553761124610901,0.1931084245443344,-0.0448748804628849,-0.40939566493034363,198,15
0.0014507770538330078,positive,10.0,10.0,0.05939977988600731,-0.0013495153980329633,-0.053062792867422104,-0.1311911791563034,198,16
0.0015153884887695312,positive,10.0,10.0,0.05937279015779495,0.19449080526828766,-0.05568661540746689,-0.4401313364505768,198,17
0.0016641616821289062,positive,10.0,10.0,0.06326659023761749,0.19618234038352966,-0.06779942661523819,-0.47781938314437866,198,19
0.0018117427825927734,positive,10.0,10.0,0.06723183393478394,-0.19185562431812286,-0.08150086551904678,0.060060981661081314,198,21
0.0018754005432128906,positive,10.0,10.0,0.06339472532272339,-0.3857201635837555,-0.08029964566230774,0.3259578049182892,198,22
0.0022602081298828125,positive,10.0,10.0,0.025036923587322235,-0.18564337491989136,-0.052466217428445816,-0.07727765291929245,198,27
0.0023250579833984375,positive,10.0,10.0,0.021324055269360542,0.010189921595156193,-0.05401176959276199,-0.3860413730144501,198,28
0.002474069595336914,positive,10.0,10.0,0.01784534752368927,0.011824389919638634,-0.06394990533590317,-0.4223678410053253,198,30
0.002538442611694336,positive,10.0,10.0,0.01808183453977108,-0.18233603239059448,-0.07239726185798645,-0.1505110114812851,198,31
0.002846240997314453,positive,10.0,10.0,-0.01978479139506817,-0.5683614611625671,-0.05220386013388634,0.34273257851600647,198,35
0.0031523704528808594,positive,10.0,10.0,-0.041759975254535675,-0.1754503697156906,-0.06170005351305008,-0.30253148078918457,198,39
0.0033779144287109375,positive,10.0,10.0,-0.05613413453102112,-0.3677027225494385,-0.07521311938762665,-0.07282319664955139,198,42
0.0036802291870117188,positive,10.0,10.0,-0.10882670432329178,-0.7536994218826294,-0.048877131193876266,0.4196728765964508,198,46
0.003743886947631836,positive,10.0,10.0,-0.12390068918466568,-0.5579202175140381,-0.04048367217183113,0.11199063062667847,198,47
0.00380706787109375,positive,10.0,10.0,-0.13505908846855164,-0.7524393796920776,-0.0382438600063324,0.3916313648223877,198,48
0.003870248794555664,positive,10.0,10.0,-0.15010787546634674,-0.556796133518219,-0.030411234125494957,0.08714013546705246,198,49
0.0039331912994384766,positive,10.0,10.0,-0.16124381124973297,-0.7514692544937134,-0.02866843156516552,0.3700752854347229,198,50
0.003998279571533203,positive,10.0,10.0,-0.1762731969356537,-0.5559519529342651,-0.02126692607998848,0.06849250197410583,198,51
0.004145145416259766,positive,10.0,10.0,-0.1946028620004654,-0.5553637146949768,-0.024513548240065575,0.05551723390817642,198,53
0.004448413848876953,positive,10.0,10.0,-0.24679741263389587,-0.5542157292366028,-0.009232014417648315,0.030177434906363487,198,57
0.0045931339263916016,positive,10.0,10.0,-0.27286580204963684,-0.5539603233337402,-0.002229799050837755,0.024541841819882393,198,59
0.0046575069427490234,positive,10.0,10.0,-0.2839450240135193,-0.7490502595901489,-0.0017389622516930103,0.3165203928947449,198,60
0.004804134368896484,positive,10.0,10.0,-0.3100040853023529,-0.7490910887718201,0.005057237576693296,0.31741762161254883,198,62
0.004872798919677734,positive,10.0,10.0,-0.32498592138290405,-0.5540415048599243,0.011405589990317822,0.026333844289183617,198,63
0.005101203918457031,positive,10.0,10.0,-0.3621407449245453,-0.7497557997703552,0.01905808039009571,0.33212336897850037,198,66
0.005168437957763672,positive,10.0,10.0,-0.37713587284088135,-0.9451437592506409,0.02570054680109024,0.630754828453064,198,67
0.0053975582122802734,positive,10.0,10.0,-0.4299672245979309,-1.1417570114135742,0.05825695022940636,0.9573689103126526,198,70
0.005461454391479492,positive,10.0,10.0,-0.4528023600578308,-1.3376119136810303,0.07740432769060135,1.267770767211914,198,71
0.005763530731201172,negative,10.0,-10.0,-0.552154004573822,-1.343263030052185,0.1706642508506775,1.4070754051208496,198,75
0.0002295970916748047,positive,10.0,10.0,-0.037450965493917465,0.036226607859134674,-0.04716341570019722,-0.00039166316855698824,199,0
0.00043129920959472656,positive,10.0,10.0,-0.03208659216761589,0.037572938948869705,-0.05332273617386818,-0.03013313002884388,199,2
0.0009572505950927734,positive,10.0,10.0,-0.015628991648554802,0.43295538425445557,-0.07987149804830551,-0.7307642102241516,199,8
0.0013580322265625,negative,10.0,-10.0,0.020136283710598946,-0.1439293920993805,-0.14744657278060913,-0.03816838562488556,199,13
0.0014247894287109375,negative,10.0,-10.0,0.017257696017622948,-0.3366630971431732,-0.14820994436740875,0.20460286736488342,199,14
0.0023040771484375,positive,10.0,10.0,-0.16034704446792603,-0.5197473168373108,0.014854418113827705,0.22961370646953583,199,25
0.0025289058685302734,positive,10.0,10.0,-0.19544826447963715,-0.7157725095748901,0.0347946472465992,0.5424410700798035,199,28
0.0025930404663085938,positive,10.0,10.0,-0.20976372063159943,-0.5211564302444458,0.04564346745610237,0.2609211504459381,199,29
0.0026559829711914062,positive,10.0,10.0,-0.22018684446811676,-0.7168992161750793,0.050861891359090805,0.5676440596580505,199,30
0.0027189254760742188,positive,10.0,10.0,-0.23452483117580414,-0.522526204586029,0.062214773148298264,0.29140856862068176,199,31
0.002781391143798828,positive,10.0,10.0,-0.24497535824775696,-0.3283439874649048,0.06804294139146805,0.01897810399532318,199,32
0.002925872802734375,positive,10.0,10.0,-0.2542274594306946,0.05982109531760216,0.06339281797409058,-0.5218248963356018,199,34
0.0031523704528808594,positive,10.0,10.0,-0.25458982586860657,-0.1375817507505417,0.03905158489942551,-0.17773504555225372,199,37
0.003215789794921875,positive,10.0,10.0,-0.2573414444923401,0.056960221379995346,0.03549688681960106,-0.4578472673892975,199,38
0.003373384475708008,positive,10.0,10.0,-0.25897514820098877,0.05609000474214554,0.02325613610446453,-0.4384485185146332,199,40
0.0037813186645507812,positive,10.0,10.0,-0.2612168490886688,-0.1397816687822342,-0.007858973927795887,-0.1290612369775772,199,45
0.003845691680908203,positive,10.0,10.0,-0.26401248574256897,0.05545198172330856,-0.010440198704600334,-0.424213171005249,199,46
0.004072904586791992,positive,10.0,10.0,-0.2645764946937561,-0.1389419585466385,-0.03028990514576435,-0.14764299988746643,199,49
0.004137754440307617,positive,10.0,10.0,-0.267355352640152,-0.33361735939979553,-0.03324276581406593,0.13533227145671844,199,50
0.004450082778930664,positive,10.0,10.0,-0.2767883837223053,0.057510025799274445,-0.03388912230730057,-0.46980777382850647,199,52
0.004515647888183594,positive,10.0,10.0,-0.2756381928920746,-0.13711722195148468,-0.04328528046607971,-0.1879960149526596,199,53
0.004579305648803711,positive,10.0,10.0,-0.27838054299354553,0.058596421033144,-0.04704519733786583,-0.49401339888572693,199,54
0.004642963409423828,positive,10.0,10.0,-0.2772085964679718,-0.1358315646648407,-0.056925468146800995,-0.216520294547081,199,55
0.004787921905517578,positive,10.0,10.0,-0.27872413396835327,-0.13415293395519257,-0.07178793102502823,-0.25383368134498596,199,57
0.0048520565032958984,positive,10.0,10.0,-0.2814071774482727,-0.32818034291267395,-0.07686460018157959,0.015370290726423264,199,58
0.005076169967651367,positive,10.0,10.0,-0.3127346336841583,-0.5200294256210327,-0.059891585260629654,0.23628263175487518,199,61
0.005231618881225586,positive,10.0,10.0,-0.33742016553878784,-0.5183928608894348,-0.04497615620493889,0.19994421303272247,199,63
0.005382061004638672,positive,10.0,10.0,-0.36204490065574646,-0.9073638319969177,-0.03141513466835022,0.7575982809066772,199,65
0.005530595779418945,positive,10.0,10.0,-0.40223294496536255,-1.2969412803649902,0.004541481379419565,1.327765941619873,199,67
0.00567626953125,positive,10.0,10.0,-0.45801419019699097,-1.6875942945480347,0.06353413313627243,1.924076795578003,199,69
