timestamp,feedback,magnitude,reward,cart_position,cart_velocity,pole_angle,pole_velocity,episode,timestep
5.91278076171875e-05,positive,10.0,10.0,0.026964064687490463,0.04122622683644295,0.01646474562585354,0.03943827375769615,160,0
0.00010609626770019531,positive,10.0,10.0,0.027788588777184486,-0.15412791073322296,0.017253512516617775,0.33727017045021057,160,1
0.0003821849822998047,positive,10.0,10.0,0.015368906781077385,0.036462415009737015,0.0608862042427063,0.1447758674621582,160,10
0.0004532337188720703,positive,10.0,10.0,0.012908630073070526,-0.35543927550315857,0.07290229201316833,0.7681146860122681,160,12
0.0004913806915283203,positive,10.0,10.0,0.005799844861030579,-0.16139253973960876,0.0882645919919014,0.4992320239543915,160,13
0.0006768703460693359,positive,10.0,10.0,0.036721888929605484,0.6104557514190674,0.0815725103020668,-0.48454439640045166,160,19
0.0007319450378417969,positive,10.0,10.0,0.048931002616882324,0.4142830967903137,0.07188162207603455,-0.16730813682079315,160,20
0.0007717609405517578,positive,10.0,10.0,0.057216666638851166,0.6083064675331116,0.0685354545712471,-0.43647658824920654,160,21
0.0008096694946289062,positive,10.0,10.0,0.06938279420137405,0.4122846722602844,0.05980592593550682,-0.12300054728984833,160,22
0.0008475780487060547,positive,10.0,10.0,0.0776284858584404,0.21635915338993073,0.057345911860466,0.1879347562789917,160,23
0.0008852481842041016,positive,10.0,10.0,0.0819556713104248,0.020465636625885963,0.061104610562324524,0.4981424808502197,160,24
0.0009834766387939453,positive,10.0,10.0,0.08703075349330902,0.2125961035490036,0.08636500686407089,0.27160605788230896,160,27
0.0010516643524169922,positive,10.0,10.0,0.09941040724515915,0.6000800728797913,0.09194440394639969,-0.2550029158592224,160,29
0.0010890960693359375,positive,10.0,10.0,0.11141200363636017,0.40377381443977356,0.08684434741735458,0.06520625203847885,160,30
0.0011563301086425781,positive,10.0,10.0,0.1314384937286377,0.7913080453872681,0.08417121320962906,-0.4624890685081482,160,32
0.0012214183807373047,positive,10.0,10.0,0.15916672348976135,0.7890771627426147,0.07203128933906555,-0.41264501214027405,160,34
0.0012569427490234375,positive,10.0,10.0,0.17494826018810272,0.5930120348930359,0.06377838551998138,-0.09815101325511932,160,35
0.0014829635620117188,positive,10.0,10.0,0.2418803721666336,0.7841091156005859,0.04608083888888359,-0.3022107779979706,160,40
0.001552581787109375,positive,10.0,10.0,0.2693297863006592,0.7828872799873352,0.04012945294380188,-0.27514535188674927,160,42
0.001590728759765625,positive,10.0,10.0,0.28498753905296326,0.9774144291877747,0.0346265472471714,-0.5549061894416809,160,43
0.0016279220581054688,positive,10.0,10.0,0.304535835981369,0.7818238139152527,0.02352842316031456,-0.25151798129081726,160,44
0.0016646385192871094,positive,10.0,10.0,0.3201723098754883,0.9766020178794861,0.01849806308746338,-0.5366877317428589,160,45
0.0017023086547851562,positive,10.0,10.0,0.33970433473587036,0.7812249064445496,0.007764309179037809,-0.23823410272598267,160,46
0.0017399787902832031,positive,10.0,10.0,0.35532885789871216,0.9762350916862488,0.0029996272642165422,-0.5284578800201416,160,47
0.0017764568328857422,positive,10.0,10.0,0.37485355138778687,0.7810710668563843,-0.007569530047476292,-0.23483125865459442,160,48
0.0018131732940673828,positive,10.0,10.0,0.39047497510910034,0.5860580801963806,-0.012266155332326889,0.055454425513744354,160,49
0.0018503665924072266,positive,10.0,10.0,0.40219613909721375,0.39111414551734924,-0.011157066561281681,0.3442421853542328,160,50
0.0018856525421142578,positive,10.0,10.0,0.4100184142589569,0.5863930583000183,-0.004272222984582186,0.04806198924779892,160,51
0.0019230842590332031,positive,10.0,10.0,0.42174628376960754,0.39133259654045105,-0.003310983069241047,0.3393939435482025,160,52
0.001965045928955078,positive,10.0,10.0,0.4295729398727417,0.5865014791488647,0.003476895624771714,0.04566875472664833,160,53
0.002039670944213867,positive,10.0,10.0,0.44912955164909363,0.5863890647888184,0.011179204098880291,0.04815138876438141,160,55
0.002109050750732422,positive,10.0,10.0,0.4686795175075531,0.5860557556152344,0.01902903988957405,0.05551096424460411,160,57
0.002146005630493164,positive,10.0,10.0,0.48040062189102173,0.3906661868095398,0.020139258354902267,0.3541364371776581,160,58
0.0022134780883789062,positive,10.0,10.0,0.49992385506629944,0.38999465107917786,0.028579415753483772,0.36901721358299255,160,60
0.0022780895233154297,positive,10.0,10.0,0.5194177627563477,0.38908064365386963,0.03766937926411629,0.38928887248039246,160,62
0.002312898635864258,positive,10.0,10.0,0.5271993279457092,0.5836482644081116,0.04545515775680542,0.108716681599617,160,63
0.002465486526489258,positive,10.0,10.0,0.5776194930076599,0.7747807502746582,0.07114208489656448,-0.09632877260446548,160,68
0.0025031566619873047,positive,10.0,10.0,0.5931151509284973,0.5787150859832764,0.06921551376581192,0.21792392432689667,160,69
0.0025391578674316406,positive,10.0,10.0,0.6046894192695618,0.3826754689216614,0.0735739916563034,0.5316123962402344,160,70
0.002574920654296875,positive,10.0,10.0,0.6123429536819458,0.576689600944519,0.0842062383890152,0.26298969984054565,160,71
0.0026481151580810547,positive,10.0,10.0,0.6392870545387268,0.9642475247383118,0.08942621201276779,-0.2651594579219818,160,73
0.002729654312133789,positive,10.0,10.0,0.6817317008972168,0.9617883563041687,0.07355600595474243,-0.21039095520973206,160,75
0.0027687549591064453,positive,10.0,10.0,0.7009674906730652,1.1557857990264893,0.06934818625450134,-0.4789941608905792,160,76
0.0028083324432373047,positive,10.0,10.0,0.7240831851959229,0.9597567915916443,0.059768304228782654,-0.16528549790382385,160,77
0.002850055694580078,positive,10.0,10.0,0.7432783246040344,0.7638324499130249,0.056462593376636505,0.14563767611980438,160,78
0.0028891563415527344,positive,10.0,10.0,0.758554995059967,0.5679492950439453,0.059375349432229996,0.45558539032936096,160,79
0.0029265880584716797,positive,10.0,10.0,0.7699139714241028,0.762183666229248,0.06848705559968948,0.1821933090686798,160,80
0.002991914749145508,positive,10.0,10.0,0.7964807152748108,0.7601866126060486,0.0820443406701088,0.22656399011611938,160,82
0.0031185150146484375,positive,10.0,10.0,0.8727537393569946,1.1454869508743286,0.0800291895866394,-0.25135618448257446,160,86
0.003156423568725586,positive,10.0,10.0,0.8956634998321533,1.3393802642822266,0.07500206679105759,-0.5177618861198425,160,87
0.003255605697631836,positive,10.0,10.0,0.9642629027366638,0.7513672113418579,0.0627971738576889,0.42110514640808105,160,90
0.003389120101928711,positive,10.0,10.0,1.0320603847503662,1.1373144388198853,0.08735383301973343,-0.07050124555826187,160,94
0.003427267074584961,positive,10.0,10.0,1.0548065900802612,1.3310824632644653,0.0859438106417656,-0.33439570665359497,160,95
0.0034651756286621094,positive,10.0,10.0,1.0814282894134521,1.134849190711975,0.07925589382648468,-0.015895787626504898,160,96
0.003502368927001953,positive,10.0,10.0,1.1041252613067627,1.3287503719329834,0.07893797755241394,-0.2825576364994049,160,97
0.0035409927368164062,positive,10.0,10.0,1.1307002305984497,1.1325963735580444,0.07328683137893677,0.033940721303224564,160,98
0.0035791397094726562,positive,10.0,10.0,1.15335214138031,1.3265950679779053,0.0739656463265419,-0.23474907875061035,160,99
0.003615140914916992,positive,10.0,10.0,1.1798840761184692,1.1304985284805298,0.06927066296339035,0.08031753450632095,160,100
0.0036847591400146484,positive,10.0,10.0,1.221183180809021,1.1285039186477661,0.07875753194093704,0.12450479716062546,160,102
0.003751039505004883,positive,10.0,10.0,1.270201563835144,1.1262284517288208,0.07840105891227722,0.1748400777578354,160,104
0.003816843032836914,positive,10.0,10.0,1.3191289901733398,1.1239514350891113,0.08005553483963013,0.225240096449852,160,106
0.0038537979125976562,positive,10.0,10.0,1.3416080474853516,1.3178434371948242,0.0845603346824646,-0.04115517437458038,160,107
0.003888845443725586,positive,10.0,10.0,1.3679649829864502,1.121617078781128,0.08373723179101944,0.2769637405872345,160,108
0.004044771194458008,positive,10.0,10.0,1.4954785108566284,1.3101606369018555,0.09364590793848038,0.12902557849884033,160,113
0.004256486892700195,negative,10.0,-10.0,1.6665939092636108,1.1042487621307373,0.1427249312400818,0.6653838753700256,160,120
0.0043261051177978516,negative,10.0,-10.0,1.7146215438842773,1.1001787185668945,0.16444914042949677,0.7583482265472412,160,122
0.004363536834716797,negative,10.0,-10.0,1.736625075340271,1.292698860168457,0.17961609363555908,0.5215945243835449,160,123
0.004401445388793945,negative,10.0,-10.0,1.7624790668487549,1.0955637693405151,0.1900479942560196,0.8650636076927185,160,124
0.00018858909606933594,positive,10.0,10.0,0.033787332475185394,-0.1785413771867752,-0.029783817008137703,0.3118494749069214,161,1
0.0002868175506591797,positive,10.0,10.0,0.030556345358490944,-0.1777845323085785,-0.023348338901996613,0.2950860261917114,161,3
0.0004911422729492188,positive,10.0,10.0,0.016368351876735687,-0.1767856627702713,-0.0005116383545100689,0.2729502320289612,161,7
0.0005390644073486328,positive,10.0,10.0,0.012832637876272202,-0.3719003200531006,0.004947366192936897,0.5654717087745667,161,8
0.0006239414215087891,positive,10.0,10.0,0.0018576696747913957,-0.3721981942653656,0.021743832156062126,0.5721172094345093,161,10
0.0008754730224609375,positive,10.0,10.0,-0.01562686078250408,0.014835056848824024,0.05246830731630325,0.05757737159729004,161,16
0.0010426044464111328,positive,10.0,10.0,-0.022336043417453766,-0.37857142090797424,0.07081359624862671,0.714101254940033,161,20
0.0010819435119628906,positive,10.0,10.0,-0.02990747056901455,-0.18449753522872925,0.08509562164545059,0.44452184438705444,161,21
0.0011196136474609375,positive,10.0,10.0,-0.033597420901060104,0.009323847480118275,0.09398605674505234,0.1798297017812729,161,22
0.0013585090637207031,positive,10.0,10.0,0.0022190434392541647,0.39154183864593506,0.07205343246459961,-0.2299291342496872,161,28
0.0014772415161132812,positive,10.0,10.0,0.02955234982073307,0.19366410374641418,0.05375627800822258,0.12435894459486008,161,31
0.0015969276428222656,positive,10.0,10.0,0.029420800507068634,-0.0038875900208950043,0.07978104799985886,0.47180575132369995,161,34
0.0016338825225830078,positive,10.0,10.0,0.029343049973249435,0.19002221524715424,0.0892171636223793,0.20529697835445404,161,35
0.001711130142211914,positive,10.0,10.0,0.040818747133016586,0.5774311423301697,0.09216384589672089,-0.31980422139167786,161,37
0.0017478466033935547,positive,10.0,10.0,0.05236736685037613,0.3811257481575012,0.08576776087284088,0.0004619966493919492,161,38
0.0018248558044433594,positive,10.0,10.0,0.07148827612400055,0.7687191963195801,0.08049749583005905,-0.5284185409545898,161,40
0.0018603801727294922,positive,10.0,10.0,0.08686266094446182,0.5725624561309814,0.06992912292480469,-0.2114955186843872,161,41
0.0018968582153320312,positive,10.0,10.0,0.09831390529870987,0.3765139877796173,0.06569921225309372,0.10240089893341064,161,42
0.0019326210021972656,positive,10.0,10.0,0.10584418475627899,0.18051499128341675,0.06774722784757614,0.41506677865982056,161,43
0.001967906951904297,positive,10.0,10.0,0.10945449024438858,0.3746146261692047,0.07604856789112091,0.1444876790046692,161,44
0.002002716064453125,positive,10.0,10.0,0.11694677919149399,0.5685697793960571,0.0789383202791214,-0.12326740473508835,161,45
0.002038240432739258,positive,10.0,10.0,0.1283181756734848,0.7624772787094116,0.07647297531366348,-0.3900391459465027,161,46
0.002115488052368164,positive,10.0,10.0,0.1548948734998703,0.7604316473007202,0.06718701124191284,-0.34450942277908325,161,48
0.0021512508392333984,positive,10.0,10.0,0.1701035052537918,0.5644214153289795,0.06029682606458664,-0.03141935542225838,161,49
0.0021867752075195312,positive,10.0,10.0,0.18139193952083588,0.7586292028427124,0.059668440371751785,-0.3044850528240204,161,50
0.002223968505859375,positive,10.0,10.0,0.19656452536582947,0.5627099275588989,0.05357873812317848,0.006402976810932159,161,51
0.002259492874145508,positive,10.0,10.0,0.20781871676445007,0.7570241689682007,0.05370679870247841,-0.26890552043914795,161,52
0.002294778823852539,positive,10.0,10.0,0.22295920550823212,0.9513401389122009,0.04832868650555611,-0.5441770553588867,161,53
0.002329111099243164,positive,10.0,10.0,0.2419860064983368,0.755573570728302,0.03744514659047127,-0.2366669476032257,161,54
0.002379179000854492,positive,10.0,10.0,0.2570974826812744,0.9501411318778992,0.032711807638406754,-0.5173073410987854,161,55
0.0025463104248046875,positive,10.0,10.0,0.32525911927223206,0.9490028619766235,0.004040450323373079,-0.4918437600135803,161,59
0.0026764869689941406,positive,10.0,10.0,0.3704913854598999,0.36380478739738464,-0.007895056158304214,0.38254818320274353,161,62
0.0027213096618652344,positive,10.0,10.0,0.3777674734592438,0.559037983417511,-0.00024409267643932253,0.08738645911216736,161,63
0.0027649402618408203,positive,10.0,10.0,0.3889482319355011,0.3639194965362549,0.001503636478446424,0.37999236583709717,161,64
0.0028481483459472656,positive,10.0,10.0,0.4074070155620575,0.3637688159942627,0.010859161615371704,0.3833250403404236,161,66
0.0028862953186035156,positive,10.0,10.0,0.41468238830566406,0.5587348937988281,0.018525663763284683,0.09408566355705261,161,67
0.0029234886169433594,positive,10.0,10.0,0.4258570969104767,0.3633524179458618,0.020407376810908318,0.3925553560256958,161,68
0.002960205078125,positive,10.0,10.0,0.4331241548061371,0.5581789016723633,0.028258483856916428,0.10637583583593369,161,69
0.002996206283569336,positive,10.0,10.0,0.4442877173423767,0.3626636266708374,0.030386000871658325,0.4078385531902313,161,70
0.003031492233276367,positive,10.0,10.0,0.451541006565094,0.5573418736457825,0.038542769849300385,0.124888114631176,161,71
0.0030667781829833984,positive,10.0,10.0,0.46268782019615173,0.3616895377635956,0.041040532290935516,0.42947739362716675,161,72
0.0031065940856933594,positive,10.0,10.0,0.46992161870002747,0.556207001209259,0.04963008314371109,0.15000943839550018,161,73
0.003144502639770508,positive,10.0,10.0,0.48104575276374817,0.36041077971458435,0.05263027176260948,0.4579273760318756,161,74
0.003345966339111328,positive,10.0,10.0,0.5325220823287964,0.9408048987388611,0.07884807884693146,-0.31205910444259644,161,79
0.0033829212188720703,positive,10.0,10.0,0.5513381958007812,0.7446533441543579,0.0726068988442421,0.004411384928971529,161,80
0.0034592151641845703,positive,10.0,10.0,0.5850045084953308,1.132676124572754,0.06740495562553406,-0.533406138420105,161,82
0.003495454788208008,positive,10.0,10.0,0.6076580286026001,0.9366741180419922,0.05673683062195778,-0.22026880085468292,161,83
0.003531217575073242,positive,10.0,10.0,0.6263915300369263,0.740788996219635,0.052331455051898956,0.0897577628493309,161,84
0.0035665035247802734,positive,10.0,10.0,0.6412073373794556,0.5449575185775757,0.05412661284208298,0.3984812796115875,161,85
0.0036454200744628906,positive,10.0,10.0,0.666891872882843,0.543317437171936,0.06456308811903,0.4349517822265625,161,87
0.003802776336669922,positive,10.0,10.0,0.7336453199386597,0.9293203949928284,0.06696026027202606,-0.05780312791466713,161,91
0.0038390159606933594,positive,10.0,10.0,0.752231776714325,0.7333053946495056,0.06580419838428497,0.2552320063114166,161,92
0.003874540328979492,positive,10.0,10.0,0.7668978571891785,0.5373086333274841,0.07090883702039719,0.567923367023468,161,93
0.003951311111450195,positive,10.0,10.0,0.7922713756561279,0.9252268671989441,0.08823521435260773,0.03275001421570778,161,95
0.004070281982421875,positive,10.0,10.0,0.8594100475311279,1.1165236234664917,0.07438908517360687,-0.17620769143104553,161,98
0.004106044769287109,positive,10.0,10.0,0.8817405104637146,1.3105064630508423,0.07086493074893951,-0.4445270597934723,161,99
0.004141092300415039,positive,10.0,10.0,0.9079506397247314,1.1144572496414185,0.06197438761591911,-0.13037437200546265,161,100
0.004521608352661133,positive,10.0,10.0,1.0518783330917358,0.9125372767448425,0.06990580260753632,0.313235878944397,161,107
0.00460505485534668,positive,10.0,10.0,1.0922610759735107,1.3005491495132446,0.07703836262226105,-0.2243192344903946,161,109
0.0046427249908447266,positive,10.0,10.0,1.118272066116333,1.1044154167175293,0.07255198061466217,0.09163551777601242,161,110
0.004764080047607422,positive,10.0,10.0,1.1883753538131714,0.9062619805335999,0.07359634339809418,0.45204997062683105,161,113
0.00509333610534668,positive,10.0,10.0,1.3795268535614014,1.2864583730697632,0.09053996205329895,0.08757326006889343,161,121
0.00561976432800293,negative,10.0,-10.0,1.7194952964782715,1.4603034257888794,0.15300901234149933,0.26688453555107117,161,134
0.005658388137817383,negative,10.0,-10.0,1.7487013339996338,1.652948260307312,0.15834671258926392,0.02610265277326107,161,135
0.005694389343261719,negative,10.0,-10.0,1.781760334968567,1.4559515714645386,0.15886875987052917,0.36426031589508057,161,136
0.00577545166015625,negative,10.0,-10.0,1.8360587358474731,1.4514477252960205,0.18020440638065338,0.4664074778556824,161,138
0.005813121795654297,negative,10.0,-10.0,1.865087628364563,1.2542983293533325,0.1895325630903244,0.8100366592407227,161,139
0.005852460861206055,negative,10.0,-10.0,1.8901736736297607,1.4463884830474854,0.2057332992553711,0.582450807094574,161,140
0.0001590251922607422,positive,10.0,10.0,-0.0063743917271494865,-0.01783020608127117,0.03794462978839874,0.02586999349296093,162,0
0.0002841949462890625,positive,10.0,10.0,-0.011000499129295349,-0.018921252340078354,0.04506761580705643,0.04996924847364426,162,2
0.00033164024353027344,positive,10.0,10.0,-0.011378924362361431,-0.21465948224067688,0.046066999435424805,0.35652387142181396,162,3
0.00041937828063964844,positive,10.0,10.0,-0.016076548025012016,-0.21606433391571045,0.054771788418293,0.3876965641975403,162,5
0.0005028247833251953,positive,10.0,10.0,-0.020833052694797516,-0.21772046387195587,0.06478118896484375,0.4245088994503021,162,7
0.0005414485931396484,positive,10.0,10.0,-0.02518746256828308,-0.0235731303691864,0.07327136397361755,0.1529310941696167,162,8
0.0006356239318847656,positive,10.0,10.0,-0.022250378504395485,0.36437734961509705,0.07401466369628906,-0.3834249675273895,162,10
0.0006735324859619141,positive,10.0,10.0,-0.014962831512093544,0.16828684508800507,0.06634616106748581,-0.06835408508777618,162,11
0.0007190704345703125,positive,10.0,10.0,-0.011597094126045704,-0.02772046998143196,0.06497908383607864,0.2445015013217926,162,12
0.0007555484771728516,positive,10.0,10.0,-0.012151503935456276,-0.2237074375152588,0.06986910849809647,0.5569519400596619,162,13
0.0007915496826171875,positive,10.0,10.0,-0.016625652089715004,-0.029632342979311943,0.08100815117359161,0.28707438707351685,162,14
0.000827789306640625,positive,10.0,10.0,-0.017218299210071564,0.16424652934074402,0.08674963563680649,0.021000148728489876,162,15
0.0009071826934814453,positive,10.0,10.0,-0.006772885099053383,0.5517998933792114,0.08230762183666229,-0.5070654153823853,162,17
0.0009853839874267578,positive,10.0,10.0,0.01137552224099636,0.5496397614479065,0.06837388873100281,-0.45869433879852295,162,19
0.0010209083557128906,positive,10.0,10.0,0.02236831746995449,0.3536212742328644,0.05920000001788139,-0.14526735246181488,162,20
0.0011801719665527344,positive,10.0,10.0,0.034952372312545776,-0.039983972907066345,0.0731535404920578,0.5157282948493958,162,24
0.0012173652648925781,positive,10.0,10.0,0.034152694046497345,0.15403571724891663,0.08346810936927795,0.24696508049964905,162,25
0.0013358592987060547,positive,10.0,10.0,0.05502331256866455,0.7353857159614563,0.08240608870983124,-0.545466959476471,162,28
0.0016448497772216797,positive,10.0,10.0,0.13804849982261658,0.5337885022163391,0.044696200639009476,-0.10792998224496841,162,35
0.0016856193542480469,positive,10.0,10.0,0.1487242728471756,0.7282423973083496,0.04253759980201721,-0.3861832022666931,162,36
0.0017232894897460938,positive,10.0,10.0,0.1632891297340393,0.5325432419776917,0.03481393679976463,-0.08039769530296326,162,37
0.0020966529846191406,positive,10.0,10.0,0.28229400515556335,0.33521753549575806,-0.008880934678018093,0.26096436381340027,162,46
0.002137899398803711,positive,10.0,10.0,0.2889983355998993,0.14022347331047058,-0.003661647206172347,0.5508329272270203,162,47
0.002178668975830078,positive,10.0,10.0,0.2918028235435486,0.3353966772556305,0.007355011533945799,0.25699859857559204,162,48
0.002306699752807617,positive,10.0,10.0,0.30801644921302795,0.1396649032831192,0.028800273314118385,0.5632843375205994,162,51
0.0023462772369384766,positive,10.0,10.0,0.31080976128578186,0.3343711495399475,0.040065959095954895,0.279812216758728,162,52
0.002390623092651367,positive,10.0,10.0,0.3174971640110016,0.13870123028755188,0.045662205666303635,0.5848577618598938,162,53
0.002428770065307617,positive,10.0,10.0,0.32027119398117065,0.3331548273563385,0.05735936015844345,0.3069014549255371,162,54
0.0024662017822265625,positive,10.0,10.0,0.326934278011322,0.5274145007133484,0.0634973868727684,0.03284553065896034,162,55
0.0025022029876708984,positive,10.0,10.0,0.3374825716018677,0.721571147441864,0.06415429711341858,-0.23914678394794464,162,56
0.0026319026947021484,positive,10.0,10.0,0.384624719619751,0.5240256190299988,0.04515013471245766,0.10763657093048096,162,59
0.0027205944061279297,positive,10.0,10.0,0.4016709625720978,0.13252735137939453,0.055587176233530045,0.7214277982711792,162,61
0.0027599334716796875,positive,10.0,10.0,0.4043215215206146,0.32683807611465454,0.07001572847366333,0.44674617052078247,162,62
0.002796649932861328,positive,10.0,10.0,0.41085827350616455,0.5209032893180847,0.07895065099000931,0.17692935466766357,162,63
0.002978801727294922,positive,10.0,10.0,0.4679955840110779,0.9064832925796509,0.0728163793683052,-0.3069920837879181,162,67
0.003021240234375,positive,10.0,10.0,0.48612523078918457,0.7104033827781677,0.0666765347123146,0.007737515959888697,162,68
0.0030689239501953125,positive,10.0,10.0,0.500333309173584,0.5143917202949524,0.06683129072189331,0.3206900954246521,162,69
0.0031592845916748047,positive,10.0,10.0,0.5247911810874939,0.9025008082389832,0.0742412805557251,-0.21889477968215942,162,71
0.003247976303100586,positive,10.0,10.0,0.5428411960601807,1.096487283706665,0.06986337900161743,-0.48726609349250793,162,72
0.0032913684844970703,positive,10.0,10.0,0.5647709369659424,0.900452733039856,0.06011806055903435,-0.17340844869613647,162,73
0.0034661293029785156,positive,10.0,10.0,0.621100664138794,0.5068418383598328,0.07183942198753357,0.4876776933670044,162,77
0.003504514694213867,positive,10.0,10.0,0.6312375068664551,0.7008805274963379,0.08159297704696655,0.21847298741340637,162,78
0.003602266311645508,positive,10.0,10.0,0.6631500720977783,1.0885379314422607,0.08501448482275009,-0.3117687404155731,162,80
0.003644704818725586,positive,10.0,10.0,0.6849208474159241,0.8923141956329346,0.07877910882234573,0.0064680385403335094,162,81
0.0038139820098876953,positive,10.0,10.0,0.7717754244804382,0.8880923986434937,0.0589149072766304,0.0997403934597969,162,85
0.0038521289825439453,positive,10.0,10.0,0.7895373106002808,0.6921777129173279,0.06090971454977989,0.4104134738445282,162,86
0.003937959671020508,positive,10.0,10.0,0.8211085796356201,0.690345287322998,0.07186874747276306,0.45120111107826233,162,88
0.003977775573730469,positive,10.0,10.0,0.8349154591560364,0.49428442120552063,0.08089277148246765,0.7656444907188416,162,89
0.004385709762573242,positive,10.0,10.0,1.0612189769744873,1.2607446908950806,0.06975459307432175,-0.09804607927799225,162,99
0.004464864730834961,positive,10.0,10.0,1.1077277660369873,0.8686736226081848,0.07210973650217056,0.5290772914886475,162,101
0.0045049190521240234,positive,10.0,10.0,1.1251013278961182,1.0627110004425049,0.08269128203392029,0.25995954871177673,162,102
0.004542350769042969,positive,10.0,10.0,1.1463555097579956,1.2565611600875854,0.08789046853780746,-0.005538517143577337,162,103
0.004578113555908203,positive,10.0,10.0,1.171486735343933,1.450319766998291,0.087779700756073,-0.26924821734428406,162,104
0.00465703010559082,positive,10.0,10.0,1.2255743741989136,1.4479117393493652,0.08339031785726547,-0.21581235527992249,162,106
0.004693508148193359,positive,10.0,10.0,1.2545325756072998,1.2517027854919434,0.07907406985759735,0.10196671634912491,162,107
0.004732847213745117,positive,10.0,10.0,1.2795666456222534,1.4456076622009277,0.08111340552568436,-0.16475823521614075,162,108
0.004770517349243164,positive,10.0,10.0,1.308478832244873,1.2494239807128906,0.07781824469566345,0.15237104892730713,162,109
0.004807233810424805,positive,10.0,10.0,1.3334672451019287,1.4433504343032837,0.08086566627025604,-0.11478279531002045,162,110
0.00493168830871582,positive,10.0,10.0,1.4160993099212646,1.2448806762695312,0.08132308721542358,0.25293949246406555,162,113
0.004970073699951172,positive,10.0,10.0,1.4409970045089722,1.4387528896331787,0.08638187497854233,-0.01302514411509037,162,114
0.005007028579711914,positive,10.0,10.0,1.4697719812393188,1.2425051927566528,0.08612137287855148,0.30561357736587524,162,115
0.005087852478027344,positive,10.0,10.0,1.523348093032837,1.2399858236312866,0.09305936098098755,0.36158496141433716,162,117
0.005371809005737305,negative,10.0,-10.0,1.7080402374267578,1.4240808486938477,0.13972267508506775,0.3136082887649536,162,124
0.005408763885498047,negative,10.0,-10.0,1.73652184009552,1.22727370262146,0.14599484205245972,0.6468870043754578,162,125
0.005445718765258789,negative,10.0,-10.0,1.761067271232605,1.030451774597168,0.15893258154392242,0.9817492365837097,162,126
0.005626678466796875,negative,10.0,-10.0,1.866593599319458,1.7990654706954956,0.20935744047164917,0.06309325993061066,162,130
0.00026106834411621094,positive,10.0,10.0,0.030978627502918243,-0.3494401276111603,-0.043910179287195206,0.5479775667190552,163,2
0.00031065940856933594,positive,10.0,10.0,0.023989824578166008,-0.15372970700263977,-0.03295062482357025,0.24178947508335114,163,3
0.0005583763122558594,positive,10.0,10.0,-0.006062166765332222,-0.5426386594772339,0.011348903179168701,0.7975659966468811,163,9
0.0007164478302001953,positive,10.0,10.0,-0.033899057656526566,-0.1540769636631012,0.05253571271896362,0.24960987269878387,163,13
0.0007529258728027344,positive,10.0,10.0,-0.03698059916496277,0.040256910026073456,0.05752791091799736,-0.026050372049212456,163,14
0.0007901191711425781,positive,10.0,10.0,-0.03617545962333679,-0.1556408405303955,0.05700690299272537,0.2842140197753906,163,15
0.0008275508880615234,positive,10.0,10.0,-0.03928827494382858,-0.3515275716781616,0.06269118189811707,0.5943177342414856,163,16
0.0009441375732421875,positive,10.0,10.0,-0.048732586205005646,0.23052100837230682,0.08209317177534103,-0.2123023271560669,163,19
0.0010194778442382812,positive,10.0,10.0,-0.03563458099961281,0.22824937105178833,0.06828708946704865,-0.16183432936668396,163,21
0.0011715888977050781,positive,10.0,10.0,-0.03309408202767372,0.22426153719425201,0.0812351256608963,-0.07372011989355087,163,25
0.0012476444244384766,positive,10.0,10.0,-0.020246237516403198,0.22196969389915466,0.072966568171978,-0.022977149114012718,163,27
0.001283407211303711,positive,10.0,10.0,-0.01580684445798397,0.4159735143184662,0.07250702381134033,-0.2917753756046295,163,28
0.0013582706451416016,positive,10.0,10.0,-0.003089440520852804,0.023885056376457214,0.06712882965803146,0.3358165919780731,163,30
0.001575469970703125,positive,10.0,10.0,0.03030475042760372,0.21395376324653625,0.05849958583712578,0.1541578769683838,163,35
0.0016140937805175781,positive,10.0,10.0,0.03458382561802864,0.01804511249065399,0.061582744121551514,0.46470722556114197,163,36
0.0016503334045410156,positive,10.0,10.0,0.03494472801685333,0.21224525570869446,0.07087688893079758,0.19205310940742493,163,37
0.0017659664154052734,positive,10.0,10.0,0.043716900050640106,0.40399250388145447,0.08960233628749847,-0.02676778845489025,163,40
0.0018422603607177734,positive,10.0,10.0,0.0637512058019638,0.4014512300491333,0.08326918631792068,0.02950185351073742,163,42
0.0019989013671875,positive,10.0,10.0,0.11132775247097015,0.7870414853096008,0.0654386430978775,-0.45445093512535095,163,46
0.0020334720611572266,positive,10.0,10.0,0.12706857919692993,0.5910582542419434,0.05634962022304535,-0.14188000559806824,163,47
0.002147197723388672,positive,10.0,10.0,0.1663861870765686,0.7839381694793701,0.04304257780313492,-0.38529670238494873,163,50
0.002223968505859375,positive,10.0,10.0,0.19382959604263306,0.7828304767608643,0.03374945744872093,-0.36068740487098694,163,52
0.0022597312927246094,positive,10.0,10.0,0.2094862014055252,0.5872454047203064,0.02653570845723152,-0.057556480169296265,163,53
0.0023348331451416016,positive,10.0,10.0,0.2368706464767456,0.5865033268928528,0.018549568951129913,-0.0411720909178257,163,55
0.002410888671875,positive,10.0,10.0,0.26422780752182007,0.9762195944786072,0.011167222633957863,-0.6149858236312866,163,57
0.002528667449951172,positive,10.0,10.0,0.3266974091529846,0.7812289595603943,-0.031451188027858734,-0.3252345323562622,163,60
0.0026025772094726562,positive,10.0,10.0,0.3540533781051636,0.7822136878967285,-0.03880855068564415,-0.3470461368560791,163,62
0.002637147903442383,positive,10.0,10.0,0.369697630405426,0.5876646041870117,-0.045749470591545105,-0.06684911996126175,163,63
0.0026712417602539062,positive,10.0,10.0,0.38145092129707336,0.3932274281978607,-0.047086454927921295,0.21105584502220154,163,64
0.0027065277099609375,positive,10.0,10.0,0.38931548595428467,0.19880923628807068,-0.0428653359413147,0.48852160573005676,163,65
0.0027418136596679688,positive,10.0,10.0,0.3932916522026062,0.39450889825820923,-0.03309490531682968,0.18264319002628326,163,66
0.0028944015502929688,positive,10.0,10.0,0.41709885001182556,0.3959300220012665,-0.007907185703516006,0.15118983387947083,163,70
0.003008127212524414,positive,10.0,10.0,0.4369581639766693,0.5911781787872314,0.006886954884976149,-0.1442866176366806,163,73
0.003042459487915039,positive,10.0,10.0,0.44878169894218445,0.3959582448005676,0.004001223016530275,0.15056103467941284,163,74
0.0033826828002929688,positive,10.0,10.0,0.5042731761932373,0.19739602506160736,0.058316171169281006,0.5198755860328674,163,83
0.0034749507904052734,positive,10.0,10.0,0.5160541534423828,0.19561798870563507,0.07363616675138474,0.5596652030944824,163,85
0.003682374954223633,positive,10.0,10.0,0.574388861656189,0.774644136428833,0.07646592706441879,-0.18043231964111328,163,90
0.0037679672241210938,positive,10.0,10.0,0.6092535853385925,0.7725204825401306,0.06389633566141129,-0.1333167850971222,163,92
0.003809213638305664,positive,10.0,10.0,0.6247040033340454,0.5765442252159119,0.06123000383377075,0.1788204461336136,163,93
0.003851652145385742,positive,10.0,10.0,0.6362348794937134,0.3806019425392151,0.06480640918016434,0.49017348885536194,163,94
0.003931760787963867,positive,10.0,10.0,0.6553419828414917,0.7687332034111023,0.07898185402154922,-0.04964785277843475,163,96
0.0040891170501708984,positive,10.0,10.0,0.7245098352432251,1.1545528173446655,0.06626880913972855,-0.5386695861816406,163,100
0.004126787185668945,positive,10.0,10.0,0.7476009130477905,0.9585649371147156,0.05549541860818863,-0.2258642017841339,163,101
0.004162788391113281,positive,10.0,10.0,0.7667722105979919,0.7626956105232239,0.05097813531756401,0.08379479497671127,163,102
0.004280805587768555,positive,10.0,10.0,0.8085880875587463,0.5652838349342346,0.06282609701156616,0.42762649059295654,163,105
0.0043182373046875,positive,10.0,10.0,0.8198937773704529,0.7594623565673828,0.07137862592935562,0.155392125248909,163,106
0.0043528079986572266,positive,10.0,10.0,0.8350830078125,0.5633948445320129,0.07448647171258926,0.4697119891643524,163,107
0.00454401969909668,positive,10.0,10.0,0.9223973155021667,1.1426228284835815,0.07991360872983932,-0.2750683128833771,163,112
0.004660606384277344,positive,10.0,10.0,1.002590537071228,1.334587812423706,0.0473848432302475,-0.49786898493766785,163,115
0.004698038101196289,positive,10.0,10.0,1.0292823314666748,1.1388309001922607,0.03742746636271477,-0.1906372755765915,163,116
0.004732370376586914,positive,10.0,10.0,1.0520589351654053,0.9431940317153931,0.03361472114920616,0.11361358314752579,163,117
0.0047664642333984375,positive,10.0,10.0,1.0709228515625,0.7476069331169128,0.035886991769075394,0.4167093336582184,163,118
0.004800319671630859,positive,10.0,10.0,1.0858749151229858,0.9422023892402649,0.0442211776971817,0.13555258512496948,163,119
0.004990100860595703,positive,10.0,10.0,1.1721525192260742,0.7432377934455872,0.07254844903945923,0.5140582919120789,163,124
0.005101919174194336,positive,10.0,10.0,1.2283849716186523,1.3248757123947144,0.08732424676418304,-0.28412365913391113,163,127
0.005135774612426758,positive,10.0,10.0,1.2548824548721313,1.1286238431930542,0.0816417708992958,0.03477315604686737,163,128
0.0052490234375,positive,10.0,10.0,1.3264304399490356,1.3202166557312012,0.07944376021623611,-0.18078532814979553,163,131
0.00528407096862793,positive,10.0,10.0,1.3528348207473755,1.1240531206130981,0.07582805305719376,0.13586388528347015,163,132
0.005318164825439453,positive,10.0,10.0,1.3753159046173096,1.3180116415023804,0.07854533195495605,-0.13196581602096558,163,133
0.0053517818450927734,positive,10.0,10.0,1.401676058769226,1.1218576431274414,0.07590601593255997,0.18442675471305847,163,134
0.005480766296386719,positive,10.0,10.0,1.4728225469589233,1.3135757446289062,0.08259333670139313,-0.03380304574966431,163,137
0.005605220794677734,positive,10.0,10.0,1.5476661920547485,1.1149744987487793,0.0879521295428276,0.3369729220867157,163,140
0.006046772003173828,negative,10.0,-10.0,1.8420631885528564,1.2931514978408813,0.1218096986413002,0.4197727143764496,163,151
0.006085395812988281,negative,10.0,-10.0,1.8679262399673462,1.4863559007644653,0.1302051544189453,0.1678370088338852,163,152
0.006165027618408203,negative,10.0,-10.0,1.9234460592269897,1.0929067134857178,0.14353378117084503,0.8302077054977417,163,154
0.006201744079589844,negative,10.0,-10.0,1.9453041553497314,1.2858057022094727,0.16013793647289276,0.5858888030052185,163,155
0.006237983703613281,negative,10.0,-10.0,1.9710203409194946,1.478365182876587,0.17185571789741516,0.34762465953826904,163,156
0.00631403923034668,negative,10.0,-10.0,2.034001111984253,1.473505973815918,0.18108181655406952,0.45701462030410767,163,158
0.0063893795013427734,negative,10.0,-10.0,2.0967845916748047,1.4684088230133057,0.19475074112415314,0.5725724101066589,163,160
0.006426572799682617,negative,10.0,-10.0,2.126152753829956,1.6603437662124634,0.2062021940946579,0.3470079302787781,163,161
0.00023365020751953125,positive,10.0,10.0,0.02730538137257099,-0.0407940149307251,-0.042275261133909225,-0.02156113274395466,164,0
0.0006735324859619141,positive,10.0,10.0,0.021783802658319473,-0.4297720491886139,-0.03755669295787811,0.53640216588974,164,2
0.0008432865142822266,positive,10.0,10.0,0.008505507372319698,-0.4288712441921234,-0.02218613028526306,0.5162270069122314,164,4
0.0008869171142578125,positive,10.0,10.0,-7.191775512183085e-05,-0.2334440052509308,-0.011861590668559074,0.21663610637187958,164,5
0.0009930133819580078,positive,10.0,10.0,-0.013308686204254627,-0.23316717147827148,0.0025822094175964594,0.21050788462162018,164,7
0.0010416507720947266,positive,10.0,10.0,-0.017972029745578766,-0.03808223083615303,0.006792366970330477,-0.0813593789935112,164,8
0.0010945796966552734,positive,10.0,10.0,-0.01873367466032505,-0.23330089449882507,0.005165179260075092,0.21345879137516022,164,9
0.0012395381927490234,positive,10.0,10.0,-0.03663978725671768,-0.4289049804210663,0.02395111881196499,0.5168690085411072,164,12
0.0013241767883300781,positive,10.0,10.0,-0.05770500376820564,-0.4297196567058563,0.05062854290008545,0.5352983474731445,164,14
0.0013687610626220703,positive,10.0,10.0,-0.06629940122365952,-0.23534484207630157,0.061334509402513504,0.2589881718158722,164,15
0.0015671253204345703,positive,10.0,10.0,-0.0852397084236145,0.15059731900691986,0.08455350995063782,-0.2328404039144516,164,19
0.0016095638275146484,positive,10.0,10.0,-0.08222776651382446,0.3444157540798187,0.0798967033624649,-0.4977002739906311,164,20
0.0016493797302246094,positive,10.0,10.0,-0.07533945143222809,0.14826354384422302,0.06994269788265228,-0.18094591796398163,164,21
0.0018775463104248047,positive,10.0,10.0,-0.07919994741678238,0.14421521127223969,0.08141172677278519,-0.09148900210857391,164,25
0.001943349838256836,positive,10.0,10.0,-0.07631564885377884,0.33808159828186035,0.07958194613456726,-0.3574168086051941,164,26
0.0020072460174560547,positive,10.0,10.0,-0.06955401599407196,0.14192377030849457,0.07243361324071884,-0.040738895535469055,164,27
0.002069711685180664,positive,10.0,10.0,-0.0667155385017395,0.3359363079071045,0.07161883264780045,-0.30971774458885193,164,28
0.002452373504638672,positive,10.0,10.0,-0.04892125725746155,0.526037335395813,0.06831646710634232,-0.49211007356643677,164,33
0.0027740001678466797,positive,10.0,10.0,-0.027702543884515762,-0.06349334865808487,0.06970981508493423,0.4801769256591797,164,38
0.0028128623962402344,positive,10.0,10.0,-0.028972411528229713,0.130578875541687,0.07931335270404816,0.21025371551513672,164,39
0.0029366016387939453,positive,10.0,10.0,-0.009504909627139568,0.3221210837364197,0.07595852762460709,-0.004115109797567129,164,42
0.003017902374267578,positive,10.0,10.0,0.007259034551680088,0.7100380063056946,0.07043825834989548,-0.5397179126739502,164,44
0.0030558109283447266,positive,10.0,10.0,0.02145979553461075,0.5140002369880676,0.05964390188455582,-0.22569876909255981,164,45
0.0030975341796875,positive,10.0,10.0,0.03173980116844177,0.7082213163375854,0.055129922926425934,-0.49898743629455566,164,46
0.003180265426635742,positive,10.0,10.0,0.06395471841096878,0.7068113684654236,0.029674189165234566,-0.4672592878341675,164,48
0.003261566162109375,positive,10.0,10.0,0.08831660449504852,0.7061081528663635,0.01702154614031315,-0.4515739381313324,164,50
0.0033016204833984375,positive,10.0,10.0,0.10243877023458481,0.5107496976852417,0.007990066893398762,-0.15357455611228943,164,51
0.003339052200317383,positive,10.0,10.0,0.11265376210212708,0.7057563066482544,0.004918575752526522,-0.443726122379303,164,52
0.0035474300384521484,positive,10.0,10.0,0.1754307746887207,0.5112152695655823,-0.027884572744369507,-0.16389498114585876,164,57
0.0036284923553466797,positive,10.0,10.0,0.19978958368301392,0.5120570063591003,-0.04046732559800148,-0.1825426071882248,164,59
0.0037088394165039062,positive,10.0,10.0,0.22418540716171265,0.5132613182067871,-0.05387241393327713,-0.20925332605838776,164,61
0.003871917724609375,positive,10.0,10.0,0.27314749360084534,0.516860842704773,-0.08447902649641037,-0.2893390655517578,164,65
0.00391077995300293,positive,10.0,10.0,0.28348472714424133,0.323038786649704,-0.09026581048965454,-0.024450065568089485,164,66
0.003948211669921875,positive,10.0,10.0,0.28994548320770264,0.12931948900222778,-0.09075481444597244,0.2384437620639801,164,67
0.003985166549682617,positive,10.0,10.0,0.2925318777561188,-0.06439664214849472,-0.0859859362244606,0.5011768341064453,164,68
0.004232645034790039,positive,10.0,10.0,0.2733912765979767,-0.06007809191942215,-0.01485524047166109,0.40392032265663147,164,74
0.004424333572387695,positive,10.0,10.0,0.2764075696468353,-0.05975433811545372,0.005357249174267054,0.39670607447624207,164,78
0.0044651031494140625,positive,10.0,10.0,0.27521249651908875,0.135291188955307,0.013291370123624802,0.10571698099374771,164,79
0.004505634307861328,positive,10.0,10.0,0.2779183089733124,-0.06001868098974228,0.015405709855258465,0.4025634825229645,164,80
0.004728555679321289,positive,10.0,10.0,0.2874637246131897,0.1331699937582016,0.033625394105911255,0.15258070826530457,164,85
0.0048139095306396484,positive,10.0,10.0,0.28887876868247986,0.13216781616210938,0.04579059034585953,0.17477907240390778,164,87
0.004858255386352539,positive,10.0,10.0,0.2915221154689789,-0.06357855349779129,0.04928617179393768,0.48154857754707336,164,88
0.004897356033325195,positive,10.0,10.0,0.2902505695819855,-0.25936028361320496,0.05891714617609978,0.789348840713501,164,89
0.0051076412200927734,positive,10.0,10.0,0.3031224012374878,0.7101722955703735,0.08402330428361893,-0.5432907342910767,164,94
0.0051457881927490234,positive,10.0,10.0,0.3173258304595947,0.5139762759208679,0.07315748929977417,-0.22536113858222961,164,95
0.005223751068115234,positive,10.0,10.0,0.34176498651504517,0.5119609832763672,0.05876826122403145,-0.18059594929218292,164,97
0.0052607059478759766,positive,10.0,10.0,0.35200420022010803,0.7061948776245117,0.055156342685222626,-0.4541759192943573,164,98
0.0052967071533203125,positive,10.0,10.0,0.3661280870437622,0.5103381872177124,0.0460728257894516,-0.1446298509836197,164,99
0.005331516265869141,positive,10.0,10.0,0.3763348460197449,0.31458771228790283,0.043180227279663086,0.16222485899925232,164,100
0.005450010299682617,positive,10.0,10.0,0.39127033948898315,0.11743760854005814,0.059599246829748154,0.5002619624137878,164,103
0.00548863410949707,positive,10.0,10.0,0.3936190903186798,0.3116709589958191,0.06960448622703552,0.2269410341978073,164,104
0.0055658817291259766,positive,10.0,10.0,0.4021650552749634,0.30963262915611267,0.08495815098285675,0.27231132984161377,164,106
0.005684614181518555,positive,10.0,10.0,0.4323698878288269,0.5008726119995117,0.08545095473527908,0.06455759704113007,164,109
0.005800962448120117,positive,10.0,10.0,0.474049836397171,0.6922654509544373,0.07346037775278091,-0.14652420580387115,164,112
0.005961418151855469,positive,10.0,10.0,0.5371125936508179,0.6884700655937195,0.0527343787252903,-0.06247717887163162,164,116
0.006038665771484375,positive,10.0,10.0,0.5607346296310425,0.2968151867389679,0.056412164121866226,0.5548341274261475,164,118
0.00611567497253418,positive,10.0,10.0,0.576492965221405,0.2950848340988159,0.07311773300170898,0.5936324000358582,164,120
0.006151676177978516,positive,10.0,10.0,0.5823946595191956,0.4891112446784973,0.08499038219451904,0.32484787702560425,164,121
0.0062313079833984375,positive,10.0,10.0,0.6058354377746582,0.8766259551048279,0.09268996119499207,-0.20234283804893494,164,123
0.00632166862487793,positive,10.0,10.0,0.6447741389274597,0.8740530610084534,0.07935495674610138,-0.14515341818332672,164,125
0.006496429443359375,positive,10.0,10.0,0.7145671248435974,0.4798024892807007,0.07064376026391983,0.5302262902259827,164,129
0.006584644317626953,positive,10.0,10.0,0.7376404404640198,0.8677370548248291,0.08646055310964584,-0.005377498455345631,164,131
0.006668806076049805,positive,10.0,10.0,0.7762255668640137,1.255309820175171,0.0809614509344101,-0.5338237285614014,164,133
0.006705045700073242,positive,10.0,10.0,0.8013317584991455,1.0591481924057007,0.07028497755527496,-0.21676841378211975,164,134
0.0067408084869384766,positive,10.0,10.0,0.8225147724151611,0.8630955219268799,0.06594961136579514,0.09723127633333206,164,135
0.006777524948120117,positive,10.0,10.0,0.8397766351699829,0.6670933961868286,0.06789423525333405,0.4099704623222351,164,136
0.0068128108978271484,positive,10.0,10.0,0.8531185388565063,0.8611903786659241,0.0760936439037323,0.1394413262605667,164,137
0.006895542144775391,positive,10.0,10.0,0.8914452195167542,1.2490532398223877,0.07631650567054749,-0.39508917927742004,164,139
0.006977081298828125,positive,10.0,10.0,0.9374850392341614,0.8569034337997437,0.06682763248682022,0.23410485684871674,164,141
0.007140159606933594,positive,10.0,10.0,1.0059157609939575,1.2425533533096313,0.08825097978115082,-0.25147703289985657,164,145
0.0074231624603271484,positive,10.0,10.0,1.1833127737045288,1.0405240058898926,0.05744336545467377,0.19492243230342865,164,152
0.007460355758666992,positive,10.0,10.0,1.2041232585906982,0.8446294069290161,0.06134181469678879,0.5051587224006653,164,153
0.007497549057006836,positive,10.0,10.0,1.2210158109664917,1.0388357639312744,0.07144498825073242,0.23242036998271942,164,154
0.007534980773925781,positive,10.0,10.0,1.2417925596237183,1.232867956161499,0.0760933980345726,-0.03689850494265556,164,155
0.007735252380371094,positive,10.0,10.0,1.3648685216903687,1.4226895570755005,0.07706090807914734,-0.21323296427726746,164,160
0.0077724456787109375,positive,10.0,10.0,1.3933223485946655,1.226555347442627,0.07279624789953232,0.10272883623838425,164,161
0.007810354232788086,positive,10.0,10.0,1.4178534746170044,1.4205626249313354,0.07485082000494003,-0.16612815856933594,164,162
0.008015155792236328,positive,10.0,10.0,1.5440969467163086,1.2202740907669067,0.0862066000699997,0.24187655746936798,164,167
0.008096694946289062,positive,10.0,10.0,1.5967837572097778,1.217763900756836,0.0905957743525505,0.29754507541656494,164,169
0.008216381072998047,positive,10.0,10.0,1.6814707517623901,1.4087324142456055,0.09272222965955734,0.09572844952344894,164,172
0.008484601974487305,negative,10.0,-10.0,1.8383872509002686,1.399280309677124,0.13127917051315308,0.3063434660434723,164,178
0.008526325225830078,negative,10.0,-10.0,1.86637282371521,1.202555775642395,0.13740605115890503,0.6373763680458069,164,179
0.008565902709960938,negative,10.0,-10.0,1.8904238939285278,1.3955212831497192,0.15015357732772827,0.3909267485141754,164,180
0.008604764938354492,negative,10.0,-10.0,1.9183343648910522,1.1986228227615356,0.15797211229801178,0.7269306778907776,164,181
0.008642911911010742,negative,10.0,-10.0,1.9423067569732666,1.3912489414215088,0.17251072824001312,0.48784002661705017,164,182
0.00042366981506347656,positive,10.0,10.0,-0.0030407269950956106,-0.1514504998922348,-0.029949016869068146,0.2957521975040436,165,1
0.0006966590881347656,positive,10.0,10.0,-0.00820170808583498,-0.3454529941082001,-0.018582839518785477,0.5637469291687012,165,4
0.0007874965667724609,positive,10.0,10.0,-0.018112273886799812,-0.34509217739105225,-0.002002541208639741,0.5556369423866272,165,6
0.0008301734924316406,positive,10.0,10.0,-0.02501411736011505,-0.14994217455387115,0.009110198356211185,0.262323796749115,165,7
0.0008704662322998047,positive,10.0,10.0,-0.028012961149215698,-0.34519296884536743,0.014356673695147038,0.5578662157058716,165,8
0.000997781753540039,positive,10.0,10.0,-0.04483737051486969,-0.15107688307762146,0.042316023260354996,0.2875730097293854,165,11
0.0010371208190917969,positive,10.0,10.0,-0.04785890877246857,0.04341685771942139,0.04806748405098915,0.008530758321285248,165,12
0.0011591911315917969,positive,10.0,10.0,-0.04919692501425743,-0.15381760895252228,0.05533567816019058,0.34828028082847595,165,15
0.0011973381042480469,positive,10.0,10.0,-0.05227327719330788,0.04047542065382004,0.062301281839609146,0.07354719936847687,165,16
0.0012345314025878906,positive,10.0,10.0,-0.0514637716114521,-0.15548180043697357,0.06377223134040833,0.38521748781204224,165,17
0.0013141632080078125,positive,10.0,10.0,-0.053799815475940704,0.2327084094285965,0.07374265044927597,-0.15600010752677917,165,19
0.001361846923828125,positive,10.0,10.0,-0.0491456463932991,0.42670130729675293,0.07062265276908875,-0.42453792691230774,165,20
0.0014007091522216797,positive,10.0,10.0,-0.040611620992422104,0.6207554936408997,0.06213189288973808,-0.6941478252410889,165,21
0.0014374256134033203,positive,10.0,10.0,-0.028196509927511215,0.42482924461364746,0.048248935490846634,-0.3825704753398895,165,22
0.0014729499816894531,positive,10.0,10.0,-0.019699925556778908,0.22905661165714264,0.04059752821922302,-0.07507358491420746,165,23
0.0015087127685546875,positive,10.0,10.0,-0.015118793584406376,0.03337687999010086,0.039096057415008545,0.23013655841350555,165,24
0.0016319751739501953,positive,10.0,10.0,-0.01705288700759411,-0.16365490853786469,0.05952242761850357,0.5656232833862305,165,27
0.001710653305053711,positive,10.0,10.0,-0.01971431076526642,0.22462792694568634,0.07668030261993408,0.022742243483662605,165,29
0.00174713134765625,positive,10.0,10.0,-0.015221752226352692,0.41857123374938965,0.07713515311479568,-0.24479594826698303,165,30
0.0017843246459960938,positive,10.0,10.0,-0.006850327365100384,0.6125115752220154,0.0722392350435257,-0.5121862292289734,165,31
0.001819610595703125,positive,10.0,10.0,0.00539990421384573,0.806545615196228,0.061995506286621094,-0.7812582850456238,165,32
0.0019421577453613281,positive,10.0,10.0,0.04204106330871582,0.21925227344036102,0.03371964395046234,0.1413123458623886,165,35
0.002062082290649414,positive,10.0,10.0,0.05126439407467842,0.022508425638079643,0.04870462790131569,0.47016024589538574,165,38
0.0020999908447265625,positive,10.0,10.0,0.05171456187963486,0.2169097661972046,0.058107830584049225,0.19321751594543457,165,39
0.0021784305572509766,positive,10.0,10.0,0.05647289380431175,0.21520307660102844,0.07204518467187881,0.23112303018569946,165,41
0.002216339111328125,positive,10.0,10.0,0.060776956379413605,0.40922555327415466,0.07666764408349991,-0.037992753088474274,165,42
0.002251863479614258,positive,10.0,10.0,0.06896147131919861,0.6031691431999207,0.07590778917074203,-0.30553534626960754,165,43
0.002287149429321289,positive,10.0,10.0,0.08102484792470932,0.4070521891117096,0.069797083735466,0.010088460519909859,165,44
0.002322673797607422,positive,10.0,10.0,0.08916589617729187,0.21100226044654846,0.0699988529086113,0.32395100593566895,165,45
0.0023577213287353516,positive,10.0,10.0,0.09338594228029251,0.4050613045692444,0.07647787034511566,0.05413815379142761,165,46
0.002531290054321289,positive,10.0,10.0,0.13346202671527863,0.4007520377635956,0.0720229372382164,0.14941562712192535,165,50
0.0025763511657714844,positive,10.0,10.0,0.1414770632982254,0.5947726964950562,0.075011245906353,-0.11970440298318863,165,51
0.0026612281799316406,positive,10.0,10.0,0.16914740204811096,0.5926706790924072,0.06486093997955322,-0.07314500957727432,165,53
0.0026998519897460938,positive,10.0,10.0,0.18100081384181976,0.7868056893348694,0.06339804083108902,-0.34467947483062744,165,54
0.0027360916137695312,positive,10.0,10.0,0.19673693180084229,0.5908418893814087,0.05650445073843002,-0.03269769623875618,165,55
0.0028154850006103516,positive,10.0,10.0,0.22425596415996552,0.5892384052276611,0.04970987141132355,0.002729377942159772,165,57
0.0028944015502929688,positive,10.0,10.0,0.25171300768852234,0.9779914021492004,0.044287171214818954,-0.550445556640625,165,59
0.0029306411743164062,positive,10.0,10.0,0.27127283811569214,0.7822763323783875,0.03327826038002968,-0.24414458870887756,165,60
0.002967357635498047,positive,10.0,10.0,0.28691837191581726,0.97690749168396,0.02839536964893341,-0.5261477828025818,165,61
0.0030069351196289062,positive,10.0,10.0,0.3064565062522888,0.7813977599143982,0.017872413620352745,-0.22465422749519348,165,62
0.003044605255126953,positive,10.0,10.0,0.3220844566822052,0.9762597680091858,0.01337932888418436,-0.5116463303565979,165,63
0.0031685829162597656,positive,10.0,10.0,0.37674927711486816,0.7809230089187622,-0.011278470046818256,-0.21414560079574585,165,66
0.0032052993774414062,positive,10.0,10.0,0.39236775040626526,0.5859641432762146,-0.015561382286250591,0.07495835423469543,165,67
0.0032432079315185547,positive,10.0,10.0,0.40408700704574585,0.3910686671733856,-0.014062214642763138,0.3626912534236908,165,68
0.0032787322998046875,positive,10.0,10.0,0.4119083881378174,0.5863876342773438,-0.0068083894439041615,0.06560762971639633,165,69
0.0033566951751708984,positive,10.0,10.0,0.43146342039108276,0.5865636467933655,0.0016264573205262423,0.06172375753521919,165,71
0.003393411636352539,positive,10.0,10.0,0.4431946873664856,0.3914183974266052,0.0028609326109290123,0.3549194037914276,165,72
0.0037539005279541016,positive,10.0,10.0,0.5212774276733398,0.5829330086708069,0.05897656828165054,0.14204540848731995,165,81
0.0037915706634521484,positive,10.0,10.0,0.5329360365867615,0.38701820373535156,0.0618174783885479,0.4527358114719391,165,82
0.0038297176361083984,positive,10.0,10.0,0.5406764149665833,0.5812139511108398,0.07087219506502151,0.18016129732131958,165,83
0.0039882659912109375,positive,10.0,10.0,0.587046205997467,0.9667138457298279,0.08810438215732574,-0.3022744059562683,165,87
0.004025459289550781,positive,10.0,10.0,0.6063804626464844,0.770453929901123,0.08205889165401459,0.016842858865857124,165,88
0.0041828155517578125,positive,10.0,10.0,0.6834798455238342,0.7660268545150757,0.06316083669662476,0.11465972661972046,165,92
0.0042607784271240234,positive,10.0,10.0,0.7102015614509583,0.7641961574554443,0.07398565858602524,0.155229851603508,165,94
0.004295825958251953,positive,10.0,10.0,0.7254855036735535,0.9581851363182068,0.07709025591611862,-0.11322557926177979,165,95
0.004411935806274414,positive,10.0,10.0,0.7868120670318604,0.7600043416023254,0.0659068301320076,0.24778875708580017,165,98
0.004446983337402344,positive,10.0,10.0,0.8020121455192566,0.5640060901641846,0.07086260616779327,0.5605104565620422,165,99
0.00453948974609375,positive,10.0,10.0,0.8284536004066467,0.5618751645088196,0.08789216727018356,0.6083652377128601,165,101
0.004845142364501953,positive,10.0,10.0,0.9728221297264099,1.1369260549545288,0.0872410386800766,-0.04441749304533005,165,108
0.0048828125,positive,10.0,10.0,0.9955606460571289,1.330695629119873,0.08635269105434418,-0.30835023522377014,165,109
0.004918813705444336,positive,10.0,10.0,1.022174596786499,1.1344562768936157,0.08018568903207779,0.010268229059875011,165,110
0.004954338073730469,positive,10.0,10.0,1.0448637008666992,1.328342080116272,0.0803910493850708,-0.25607678294181824,165,111
0.005071401596069336,positive,10.0,10.0,1.1205966472625732,1.1300089359283447,0.07234279066324234,0.10861938446760178,165,114
0.005152463912963867,positive,10.0,10.0,1.1696772575378418,1.518004059791565,0.07130735367536545,-0.4286673367023468,165,116
0.005271434783935547,positive,10.0,10.0,1.2489961385726929,0.930054247379303,0.06439454853534698,0.5085337162017822,165,119
0.005349159240722656,positive,10.0,10.0,1.2900813817977905,1.3181945085525513,0.07930159568786621,-0.03144369274377823,165,121
0.005384922027587891,positive,10.0,10.0,1.3164453506469727,1.1220301389694214,0.07867272198200226,0.285168319940567,165,122
0.0054209232330322266,positive,10.0,10.0,1.3388859033584595,1.3159470558166504,0.08437608927488327,0.01829858496785164,165,123
0.005536794662475586,positive,10.0,10.0,1.4138702154159546,1.117236852645874,0.09290061146020889,0.3916451930999756,165,126
0.0058138370513916016,negative,10.0,-10.0,1.5813733339309692,1.3011833429336548,0.14388029277324677,0.34733816981315613,165,133
0.005890369415283203,negative,10.0,-10.0,1.6294838190078735,1.2970805168151855,0.16446122527122498,0.44005388021469116,165,135
0.00016260147094726562,positive,10.0,10.0,0.02783484011888504,-0.0037623485550284386,0.028934244066476822,-0.02902916632592678,166,0
0.00029754638671875,positive,10.0,10.0,0.023773852735757828,-0.3948018550872803,0.03380647301673889,0.5741297602653503,166,2
0.00034308433532714844,positive,10.0,10.0,0.015877816826105118,-0.20016975700855255,0.045289065688848495,0.292285680770874,166,3
0.0004291534423828125,positive,10.0,10.0,0.0117599843069911,-0.20153839886188507,0.051419246941804886,0.32259130477905273,166,5
0.0005099773406982422,positive,10.0,10.0,0.007585518062114716,-0.20308689773082733,0.05880221351981163,0.35692262649536133,166,7
0.0005488395690917969,positive,10.0,10.0,0.003523780032992363,-0.008848100900650024,0.06594066321849823,0.08334588259458542,166,8
0.0008654594421386719,positive,10.0,10.0,0.013562861829996109,-0.21097104251384735,0.06949309259653091,0.5313936471939087,166,15
0.0009076595306396484,positive,10.0,10.0,0.00934344157576561,-0.016891853883862495,0.08012096583843231,0.26139208674430847,166,16
0.000946044921875,positive,10.0,10.0,0.009005604311823845,0.17700041830539703,0.08534880727529526,-0.004982952494174242,166,17
0.0009846687316894531,positive,10.0,10.0,0.012545612640678883,0.37080124020576477,0.0852491483092308,-0.2695639133453369,166,18
0.0011208057403564453,positive,10.0,10.0,0.03862304985523224,0.5625293254852295,0.06482512503862381,-0.48753464221954346,166,21
0.0011603832244873047,positive,10.0,10.0,0.04987363517284393,0.36655545234680176,0.055074434727430344,-0.17514608800411224,166,22
0.00119781494140625,positive,10.0,10.0,0.05720474570989609,0.17069032788276672,0.05157151073217392,0.13438984751701355,166,23
0.0012764930725097656,positive,10.0,10.0,0.060115933418273926,0.1691829413175583,0.06311704218387604,0.16778907179832458,166,25
0.0013968944549560547,positive,10.0,10.0,0.06631074100732803,0.3612971901893616,0.0802404135465622,-0.05906844511628151,166,28
0.0014362335205078125,positive,10.0,10.0,0.07353668659925461,0.5551824569702148,0.07905904948711395,-0.3253951966762543,166,29
0.0016460418701171875,positive,10.0,10.0,0.12884417176246643,0.7453452944755554,0.0512046217918396,-0.5083919763565063,166,34
0.0017702579498291016,positive,10.0,10.0,0.16962294280529022,0.5484277606010437,0.027446672320365906,-0.17536099255084991,166,37
0.0018088817596435547,positive,10.0,10.0,0.18059149384498596,0.7431463599205017,0.023939453065395355,-0.45926061272621155,166,38
0.0018467903137207031,positive,10.0,10.0,0.1954544186592102,0.5476943254470825,0.014754241332411766,-0.1591290384531021,166,39
0.0019273757934570312,positive,10.0,10.0,0.22126033902168274,0.5473182797431946,0.002629238413646817,-0.15081313252449036,166,41
0.002006053924560547,positive,10.0,10.0,0.24705475568771362,0.5472859740257263,-0.009240332990884781,-0.15010453760623932,166,43
0.0022058486938476562,positive,10.0,10.0,0.30962812900543213,0.7438244819641113,-0.03684225678443909,-0.47427836060523987,166,48
0.0023293495178222656,positive,10.0,10.0,0.35038936138153076,0.5506149530410767,-0.0602036789059639,-0.22391057014465332,166,51
0.0024487972259521484,positive,10.0,10.0,0.3717750012874603,0.35823363065719604,-0.057282377034425735,0.00871383398771286,166,54
0.0025680065155029297,positive,10.0,10.0,0.381613552570343,0.16552020609378815,-0.04031382501125336,0.24848690629005432,166,57
0.0026063919067382812,positive,10.0,10.0,0.38492393493652344,-0.02900351956486702,-0.035344090312719345,0.5281863808631897,166,58
0.002656221389770508,positive,10.0,10.0,0.38434386253356934,0.1665974110364914,-0.024780360981822014,0.22457921504974365,166,59
0.002698183059692383,positive,10.0,10.0,0.38767582178115845,-0.028161775320768356,-0.020288776606321335,0.5093436241149902,166,60
0.0027379989624023438,positive,10.0,10.0,0.3871125876903534,0.16724005341529846,-0.010101905092597008,0.21033671498298645,166,61
0.0027751922607421875,positive,10.0,10.0,0.3904573917388916,-0.027736017480492592,-0.005895170383155346,0.499815970659256,166,62
0.0028159618377685547,positive,10.0,10.0,0.38990268111228943,0.16746854782104492,0.004101149272173643,0.20528104901313782,166,63
0.0028543472290039062,positive,10.0,10.0,0.39325204491615295,-0.027711814269423485,0.008206769824028015,0.49925485253334045,166,64
0.0029358863830566406,positive,10.0,10.0,0.39604368805885315,-0.02808380499482155,0.022375257685780525,0.5075350999832153,166,66
0.0030155181884765625,positive,10.0,10.0,0.39881631731987,0.3613581657409668,0.036965690553188324,-0.060261569917201996,166,68
0.0031392574310302734,positive,10.0,10.0,0.4087602496147156,0.164640411734581,0.05158940702676773,0.26798880100250244,166,71
0.0031785964965820312,positive,10.0,10.0,0.41205304861068726,-0.03117837943136692,0.056949179619550705,0.5764867663383484,166,72
0.0032176971435546875,positive,10.0,10.0,0.4114294946193695,0.16310100257396698,0.06847891956567764,0.3022741377353668,166,73
0.003255128860473633,positive,10.0,10.0,0.4146915078163147,0.3571835458278656,0.0745243951678276,0.031949713826179504,166,74
0.0032901763916015625,positive,10.0,10.0,0.42183518409729004,0.55116206407547,0.07516339421272278,-0.23632052540779114,166,75
0.003369569778442383,positive,10.0,10.0,0.44776108860969543,0.5490939021110535,0.06034938246011734,-0.19035737216472626,166,77
0.0035300254821777344,positive,10.0,10.0,0.4837851822376251,0.15564091503620148,0.059027209877967834,0.46687498688697815,166,81
0.003649473190307617,positive,10.0,10.0,0.4969726502895355,0.34788522124290466,0.0823681652545929,0.23773327469825745,166,84
0.0036878585815429688,positive,10.0,10.0,0.503930389881134,0.1516890525817871,0.0871228352189064,0.5552186369895935,166,85
0.0038912296295166016,positive,10.0,10.0,0.557827889919281,1.1196279525756836,0.09043078869581223,-0.7445180416107178,166,90
0.003927946090698242,positive,10.0,10.0,0.5802204608917236,0.9233821034431458,0.07554042339324951,-0.42480164766311646,166,91
0.004005908966064453,positive,10.0,10.0,0.6132336258888245,0.5312604904174805,0.06485852599143982,0.2037653774023056,166,93
0.004122018814086914,positive,10.0,10.0,0.6411515474319458,0.7232666611671448,0.08417735248804092,-0.0206745695322752,166,96
0.00420069694519043,positive,10.0,10.0,0.6739585995674133,1.1109204292297363,0.07805072516202927,-0.5507897734642029,166,98
0.004277944564819336,positive,10.0,10.0,0.7144728899002075,0.7187815308570862,0.06234348937869072,0.07847976684570312,166,100
0.004399776458740234,positive,10.0,10.0,0.7536446452140808,0.9110082387924194,0.07408224791288376,-0.15092727541923523,166,103
0.004437446594238281,positive,10.0,10.0,0.7718648314476013,1.1049954891204834,0.07106369733810425,-0.4193498194217682,166,104
0.004474639892578125,positive,10.0,10.0,0.7939647436141968,0.9089423418045044,0.06267670542001724,-0.10513714700937271,166,105
0.004510641098022461,positive,10.0,10.0,0.8121435642242432,1.1031126976013184,0.06057396158576012,-0.37740591168403625,166,106
0.004588603973388672,positive,10.0,10.0,0.8523495197296143,0.7113445997238159,0.05170072987675667,0.24267449975013733,166,108
0.004691123962402344,positive,10.0,10.0,0.8768869042396545,0.7098076939582825,0.06757835298776627,0.2768646478652954,166,110
0.004731178283691406,positive,10.0,10.0,0.8910830616950989,0.5137899518013,0.07311564683914185,0.5900729894638062,166,111
0.0048160552978515625,positive,10.0,10.0,0.9155151844024658,0.9016326069831848,0.09134286642074585,0.05654669553041458,166,113
0.004854679107666016,positive,10.0,10.0,0.9335477948188782,1.0953341722488403,0.09247380495071411,-0.2059769481420517,166,114
0.005021095275878906,positive,10.0,10.0,1.0210224390029907,1.090565800666809,0.07936456054449081,-0.10019205510616302,166,118
0.0051038265228271484,positive,10.0,10.0,1.0685231685638428,1.0883347988128662,0.07002435624599457,-0.05077984556555748,166,120
0.005143642425537109,positive,10.0,10.0,1.090289831161499,0.8922823071479797,0.06900876015424728,0.26314857602119446,166,121
0.005181074142456055,positive,10.0,10.0,1.108135461807251,0.6962466835975647,0.07427173107862473,0.5767745971679688,166,122
0.005260467529296875,positive,10.0,10.0,1.1398653984069824,1.0840544700622559,0.0919748842716217,0.04394694045186043,166,124
0.0052983760833740234,positive,10.0,10.0,1.1615465879440308,1.2777453660964966,0.09285382181406021,-0.21835894882678986,166,125
0.005459785461425781,positive,10.0,10.0,1.271415114402771,1.2729754447937012,0.0670970007777214,-0.11241217702627182,166,129
0.005498170852661133,positive,10.0,10.0,1.2968746423721313,1.0769593715667725,0.06484875828027725,0.20066198706626892,166,130
0.005577802658081055,positive,10.0,10.0,1.343835711479187,1.0750586986541748,0.06744439899921417,0.24270987510681152,166,132
0.005736351013183594,positive,10.0,10.0,1.4297176599502563,1.4606549739837646,0.08958413451910019,-0.24170458316802979,166,136
0.005814790725708008,positive,10.0,10.0,1.4842182397842407,1.458186388015747,0.08630678057670593,-0.18694967031478882,166,138
0.005850315093994141,positive,10.0,10.0,1.5133819580078125,1.2619425058364868,0.08256778866052628,0.13166329264640808,166,139
0.005886077880859375,positive,10.0,10.0,1.5386208295822144,1.4557905197143555,0.08520105481147766,-0.1338709145784378,166,140
0.005921602249145508,positive,10.0,10.0,1.5677366256713867,1.259558081626892,0.0825236365199089,0.18442891538143158,166,141
0.0059566497802734375,positive,10.0,10.0,1.5929278135299683,1.4534082412719727,0.08621221035718918,-0.08112236857414246,166,142
0.00603795051574707,positive,10.0,10.0,1.6471391916275024,1.4509810209274292,0.08933910727500916,-0.02738053910434246,166,144
0.006317138671875,negative,10.0,-10.0,1.8380223512649536,1.2462998628616333,0.11526824533939362,0.47924095392227173,166,151
0.006354570388793945,negative,10.0,-10.0,1.8629482984542847,1.4396220445632935,0.12485306710004807,0.22499603033065796,166,152
0.006392240524291992,negative,10.0,-10.0,1.8917407989501953,1.242957353591919,0.12935298681259155,0.554308295249939,166,153
0.006511688232421875,negative,10.0,-10.0,1.9623103141784668,1.4318485260009766,0.1709216684103012,0.40033677220344543,166,156
0.006629467010498047,negative,10.0,-10.0,2.051971435546875,1.619163990020752,0.19243726134300232,0.27923569083213806,166,159
0.0002620220184326172,positive,10.0,10.0,0.013406489044427872,-0.021146126091480255,0.03824089467525482,-0.007752870209515095,167,0
0.0003943443298339844,positive,10.0,10.0,0.00864766538143158,-0.022236142307519913,0.04402075707912445,0.016313843429088593,167,2
0.0006988048553466797,positive,10.0,10.0,0.003373774467036128,-0.2193097174167633,0.05168171972036362,0.35244759917259216,167,5
0.0007913112640380859,positive,10.0,10.0,-0.0010124198161065578,-0.024959329515695572,0.05873067304491997,0.07649892568588257,167,6
0.0011429786682128906,positive,10.0,10.0,-0.010915779508650303,-0.028622161597013474,0.07883086800575256,0.1576409786939621,167,10
0.001348257064819336,positive,10.0,10.0,0.017201336100697517,0.16108077764511108,0.05293746665120125,-0.016017351299524307,167,15
0.0013887882232666016,positive,10.0,10.0,0.020422952249646187,-0.03475882485508919,0.05261711776256561,0.292886883020401,167,16
0.0014264583587646484,positive,10.0,10.0,0.01972777582705021,0.1595749855041504,0.05847485736012459,0.017251892015337944,167,17
0.001463174819946289,positive,10.0,10.0,0.022919274866580963,-0.036334697157144547,0.05881989374756813,0.32779595255851746,167,18
0.0015001296997070312,positive,10.0,10.0,0.022192582488059998,0.15790268778800964,0.06537581235170364,0.0542268380522728,167,19
0.0015358924865722656,positive,10.0,10.0,0.02535063587129116,-0.03809279203414917,0.06646034866571426,0.3667988181114197,167,20
0.0015714168548583984,positive,10.0,10.0,0.024588778614997864,0.15602490305900574,0.07379632443189621,0.09579005837440491,167,21
0.0016069412231445312,positive,10.0,10.0,0.027709277346730232,0.3500158488750458,0.07571212947368622,-0.17272794246673584,167,22
0.0017249584197998047,positive,10.0,10.0,0.052547354251146317,0.15194015204906464,0.06092477962374687,0.18596406280994415,167,25
0.0018420219421386719,positive,10.0,10.0,0.057709306478500366,0.34413662552833557,0.07910054177045822,-0.042656999081373215,167,28
0.0018782615661621094,positive,10.0,10.0,0.06459204107522964,0.5380404591560364,0.07824739813804626,-0.3093719482421875,167,29
0.002153158187866211,positive,10.0,10.0,0.143398717045784,0.7268920540809631,0.0384318083524704,-0.46314340829849243,167,36
0.0021910667419433594,positive,10.0,10.0,0.15793655812740326,0.5312486886978149,0.02916894108057022,-0.15859884023666382,167,37
0.0022275447845458984,positive,10.0,10.0,0.16856153309345245,0.7259411215782166,0.025996964424848557,-0.4419388473033905,167,38
0.002305269241333008,positive,10.0,10.0,0.19368958473205566,0.7253332138061523,0.014334673061966896,-0.4283964931964874,167,40
0.002340555191040039,positive,10.0,10.0,0.2081962525844574,0.5300111770629883,0.005766743794083595,-0.13122934103012085,167,41
0.002473115921020508,positive,10.0,10.0,0.24389514327049255,0.725081205368042,-0.007867900654673576,-0.42276570200920105,167,44
0.002515077590942383,positive,10.0,10.0,0.25839677453041077,0.5300716161727905,-0.016323214396834373,-0.1325734704732895,167,45
0.0025534629821777344,positive,10.0,10.0,0.2689982056617737,0.7254235148429871,-0.018974684178829193,-0.4303611218929291,167,46
0.002683877944946289,positive,10.0,10.0,0.29411816596984863,0.7260811924934387,-0.0304563008248806,-0.44497501850128174,167,48
0.0027627944946289062,positive,10.0,10.0,0.308639794588089,0.531403124332428,-0.0393557995557785,-0.16204604506492615,167,49
0.0028409957885742188,positive,10.0,10.0,0.3192678689956665,0.7270657420158386,-0.0425967201590538,-0.46688032150268555,167,50
0.003214597702026367,positive,10.0,10.0,0.3775136470794678,0.7300929427146912,-0.08174781501293182,-0.5348871946334839,167,54
0.003401041030883789,positive,10.0,10.0,0.4126686751842499,-0.04466886445879936,-0.09289617836475372,0.5136450529098511,167,58
0.0034399032592773438,positive,10.0,10.0,0.41177529096603394,-0.23836812376976013,-0.08262327313423157,0.7756689190864563,167,59
0.0036172866821289062,positive,10.0,10.0,0.37721893191337585,-0.625603973865509,6.462676537921652e-05,1.2916566133499146,167,63
0.003706693649291992,positive,10.0,10.0,0.3482923209667206,-1.0161468982696533,0.05758495256304741,1.8850048780441284,167,65
0.0038344860076904297,negative,10.0,-10.0,0.27557748556137085,-1.2140140533447266,0.18949441611766815,2.268476724624634,167,68
0.00019431114196777344,positive,10.0,10.0,0.002948211506009102,-0.04978854954242706,-0.011989150196313858,-0.006644514389336109,168,0
0.0003495216369628906,positive,10.0,10.0,-0.002942289924249053,-0.4396834969520569,-0.006477406248450279,0.5710668563842773,168,2
0.00045680999755859375,positive,10.0,10.0,-0.016625385731458664,-0.43966343998908997,0.010470939800143242,0.5705885291099548,168,4
0.0004987716674804688,positive,10.0,10.0,-0.025418654084205627,-0.6349306702613831,0.021882710978388786,0.8665516972541809,168,5
0.0005364418029785156,positive,10.0,10.0,-0.038117267191410065,-0.44011324644088745,0.039213743060827255,0.5808285474777222,168,6
0.0006878376007080078,positive,10.0,10.0,-0.05285477638244629,-0.2470892071723938,0.05733582004904747,0.33458587527275085,168,9
0.0008244514465332031,positive,10.0,10.0,-0.06382925808429718,-0.05466945469379425,0.0726919025182724,0.10127726942300797,168,12
0.0009105205535888672,positive,10.0,10.0,-0.062135860323905945,0.333316832780838,0.07136514782905579,-0.4358227252960205,168,14
0.0010373592376708984,positive,10.0,10.0,-0.05389830097556114,-0.25462937355041504,0.06402315944433212,0.5013023614883423,168,17
0.0011658668518066406,positive,10.0,10.0,-0.057529713958501816,0.32743576169013977,0.07785899937152863,-0.3058459162712097,168,20
0.0012066364288330078,positive,10.0,10.0,-0.05098099634051323,0.5213668346405029,0.07174208015203476,-0.5729938745498657,168,21
0.0012438297271728516,positive,10.0,10.0,-0.040553659200668335,0.3253162205219269,0.060282204300165176,-0.25860029458999634,168,22
0.0013267993927001953,positive,10.0,10.0,-0.03145958110690117,0.32367798686027527,0.0561596155166626,-0.22232788801193237,168,24
0.0014085769653320312,positive,10.0,10.0,-0.014626937918365002,0.3221426010131836,0.04177744686603546,-0.18825891613960266,168,26
0.0014903545379638672,positive,10.0,10.0,-0.005655114073306322,-0.06919678300619125,0.040358368307352066,0.42173394560813904,168,28
0.0016164779663085938,positive,10.0,10.0,-0.005941528361290693,0.12390032410621643,0.06062810495495796,0.17374011874198914,168,31
0.0016546249389648438,positive,10.0,10.0,-0.0034635215997695923,-0.0720345750451088,0.064102903008461,0.48491621017456055,168,32
0.001825094223022461,positive,10.0,10.0,0.014061560854315758,0.31391268968582153,0.07050538063049316,-0.0065582506358623505,168,36
0.0018663406372070312,positive,10.0,10.0,0.020339814946055412,0.11785413324832916,0.07037422060966492,0.3075103461742401,168,37
0.001905202865600586,positive,10.0,10.0,0.022696897387504578,0.3119064271450043,0.07652442902326584,0.037825338542461395,168,38
0.0020334720611572266,positive,10.0,10.0,0.053047869354486465,0.5037222504615784,0.06274349987506866,-0.18243032693862915,168,41
0.002073049545288086,positive,10.0,10.0,0.06312231719493866,0.6978929042816162,0.05909489095211029,-0.4546787142753601,168,42
0.0021970272064208984,positive,10.0,10.0,0.1010470986366272,0.5006020069122314,0.03871256485581398,-0.11331012845039368,168,45
0.002279043197631836,positive,10.0,10.0,0.12496210634708405,0.49952882528305054,0.028575709089636803,-0.08958504348993301,168,47
0.002361297607421875,positive,10.0,10.0,0.14883728325366974,0.49873778223991394,0.019321667030453682,-0.07211074978113174,168,49
0.0024454593658447266,positive,10.0,10.0,0.17268358170986176,0.4982059895992279,0.010706741362810135,-0.06036883220076561,168,51
0.0024871826171875,positive,10.0,10.0,0.182647705078125,0.693172812461853,0.009499364532530308,-0.34965458512306213,168,52
0.0025243759155273438,positive,10.0,10.0,0.1965111643075943,0.4979170262813568,0.0025062731001526117,-0.05399138107895851,168,53
0.0025610923767089844,positive,10.0,10.0,0.20646950602531433,0.6930029392242432,0.0014264455530792475,-0.34588250517845154,168,54
0.002642393112182617,positive,10.0,10.0,0.23028677701950073,0.6930609941482544,-0.006546206772327423,-0.3471604883670807,168,56
0.002696990966796875,positive,10.0,10.0,0.24414800107479095,0.4980327785015106,-0.013489416800439358,-0.05654897913336754,168,57
0.0027396678924560547,positive,10.0,10.0,0.25410863757133484,0.6933455467224121,-0.014620396308600903,-0.3534572124481201,168,58
0.002826213836669922,positive,10.0,10.0,0.2779442369937897,0.6938605904579163,-0.022997943684458733,-0.36486655473709106,168,60
0.002866506576538086,positive,10.0,10.0,0.2918214499950409,0.4990728795528412,-0.030295275151729584,-0.07952308654785156,168,61
0.0029044151306152344,positive,10.0,10.0,0.30180293321609497,0.3043980300426483,-0.03188573569059372,0.20344975590705872,168,62
0.0029952526092529297,positive,10.0,10.0,0.31008580327033997,0.3052494525909424,-0.01809861697256565,0.184587761759758,168,64
0.003038644790649414,positive,10.0,10.0,0.31619080901145935,0.11039107292890549,-0.014406861737370491,0.4715067744255066,168,65
0.0030794143676757812,positive,10.0,10.0,0.3183986246585846,0.3057135343551636,-0.0049767266027629375,0.17431803047657013,168,66
0.0032079219818115234,positive,10.0,10.0,0.33284226059913635,0.11057315766811371,0.011263660155236721,0.4674135148525238,168,69
0.0032453536987304688,positive,10.0,10.0,0.3350537419319153,0.3055341839790344,0.020611930638551712,0.17830199003219604,168,70
0.0035009384155273438,positive,10.0,10.0,0.3598908483982086,0.3024692237377167,0.062231164425611496,0.24632105231285095,168,76
0.003586292266845703,positive,10.0,10.0,0.3758732080459595,0.30063214898109436,0.06663554906845093,0.28699132800102234,168,78
0.0036258697509765625,positive,10.0,10.0,0.3818858563899994,0.10462632030248642,0.07237537950277328,0.5999239087104797,168,79
0.004320621490478516,positive,10.0,10.0,0.6004675030708313,1.0533432960510254,0.08989176899194717,-0.2728901207447052,168,96
0.004480600357055664,positive,10.0,10.0,0.6923907399177551,1.0488402843475342,0.05962955579161644,-0.17271316051483154,168,100
0.004599332809448242,positive,10.0,10.0,0.7435666918754578,0.851279079914093,0.06789930909872055,0.17449434101581573,168,103
0.004860877990722656,positive,10.0,10.0,0.8571013808250427,1.2346704006195068,0.07844049483537674,-0.2609766125679016,168,109
0.005068778991699219,positive,10.0,10.0,0.9959695935249329,1.4251846075057983,0.0335112102329731,-0.4514947235584259,168,114
0.005194187164306641,positive,10.0,10.0,1.0697482824325562,0.838718056678772,0.0245498176664114,0.45125612616539,168,117
0.005235195159912109,positive,10.0,10.0,1.0865225791931152,1.0334843397140503,0.033574942499399185,0.1664116382598877,168,118
0.005324840545654297,positive,10.0,10.0,1.1239502429962158,1.032480001449585,0.04629306495189667,0.18866775929927826,168,120
0.0053637027740478516,positive,10.0,10.0,1.1445999145507812,0.8367273807525635,0.05006641894578934,0.49558743834495544,168,121
0.005402326583862305,positive,10.0,10.0,1.1613343954086304,1.0311088562011719,0.059978168457746506,0.2190939337015152,168,122
0.005525827407836914,positive,10.0,10.0,1.2192471027374268,1.22331964969635,0.08012855798006058,-0.00978072639554739,168,125
0.005643606185913086,positive,10.0,10.0,1.2964783906936646,1.4150209426879883,0.07522282749414444,-0.2276695817708969,168,128
0.0058443546295166016,positive,10.0,10.0,1.4221665859222412,1.2145476341247559,0.08045224100351334,0.1843300759792328,168,133
0.006003856658935547,positive,10.0,10.0,1.534792423248291,1.2099409103393555,0.07497363537549973,0.28612571954727173,168,137
0.00612187385559082,positive,10.0,10.0,1.6112244129180908,1.401617407798767,0.08775636553764343,0.06895038485527039,168,140
0.006159067153930664,positive,10.0,10.0,1.6392567157745361,1.20535409450531,0.08913537114858627,0.38797980546951294,168,141
0.006401538848876953,negative,10.0,-10.0,1.7873903512954712,1.1965842247009277,0.1390126496553421,0.585226833820343,168,147
0.0065615177154541016,negative,10.0,-10.0,1.882878065109253,1.1881643533706665,0.19128207862377167,0.7788856029510498,168,151
0.0003058910369873047,positive,10.0,10.0,0.034125689417123795,0.04462142661213875,-0.00043691720929928124,0.02907884307205677,169,0
0.0003695487976074219,positive,10.0,10.0,0.03501811996102333,-0.1504942625761032,0.00014465965796262026,0.32162389159202576,169,1
0.0004138946533203125,positive,10.0,10.0,0.03200823441147804,0.04462563246488571,0.006577137392014265,0.028986582532525063,169,2
0.0005338191986083984,positive,10.0,10.0,0.029888946563005447,0.04442929849028587,0.013631616719067097,0.03332000970840454,169,4
0.000713348388671875,positive,10.0,10.0,0.028640424832701683,-0.15138529241085052,0.021746117621660233,0.341336727142334,169,7
0.0008831024169921875,positive,10.0,10.0,0.026481131091713905,-0.1520991176366806,0.029684649780392647,0.35714900493621826,169,9
0.0009639263153076172,positive,10.0,10.0,0.02343914844095707,0.042588502168655396,0.03682762756943703,0.07397221773862839,169,10
0.0010390281677246094,positive,10.0,10.0,0.024290919303894043,-0.1530415266752243,0.038307074457407,0.37804317474365234,169,11
0.0012164115905761719,positive,10.0,10.0,0.02206040918827057,-0.15423226356506348,0.047821544110774994,0.40447452664375305,169,13
0.0012841224670410156,positive,10.0,10.0,0.018975762650370598,0.0401800200343132,0.05591103807091713,0.12724365293979645,169,14
0.0013196468353271484,positive,10.0,10.0,0.01977936364710331,-0.15569646656513214,0.05845591053366661,0.43702855706214905,169,15
0.0013546943664550781,positive,10.0,10.0,0.01666543446481228,0.03855142369866371,0.06719648092985153,0.16333064436912537,169,16
0.0015115737915039062,positive,10.0,10.0,0.01962881349027157,0.424308717250824,0.08293397724628448,-0.32465171813964844,169,20
0.0015468597412109375,positive,10.0,10.0,0.028114987537264824,0.22810985147953033,0.07644094526767731,-0.00701029971241951,169,21
0.0015811920166015625,positive,10.0,10.0,0.03267718479037285,0.42205703258514404,0.0763007402420044,-0.27462977170944214,169,22
0.0016951560974121094,positive,10.0,10.0,0.061837971210479736,0.22404484450817108,0.05539845675230026,0.08279905468225479,169,25
0.001961231231689453,positive,10.0,10.0,0.09673036634922028,0.41229885816574097,0.06943329423666,-0.05866140127182007,169,32
0.001997709274291992,positive,10.0,10.0,0.1049763485789299,0.2162536233663559,0.0682600662112236,0.2550949156284332,169,33
0.002033710479736328,positive,10.0,10.0,0.10930141806602478,0.020226813852787018,0.07336196303367615,0.568503201007843,169,34
0.0021483898162841797,positive,10.0,10.0,0.12215221673250198,0.6017773151397705,0.09142814576625824,-0.22773367166519165,169,37
0.002409696578979492,positive,10.0,10.0,0.20571304857730865,0.5952916741371155,0.054472919553518295,-0.08379307389259338,169,43
0.002447843551635742,positive,10.0,10.0,0.2176188826560974,0.7895922064781189,0.05279706045985222,-0.3588044047355652,169,44
0.002485036849975586,positive,10.0,10.0,0.23341071605682373,0.5937609672546387,0.04562097042798996,-0.04995179921388626,169,45
0.002521991729736328,positive,10.0,10.0,0.24528594315052032,0.7882000803947449,0.04462193697690964,-0.32789909839630127,169,46
0.0025572776794433594,positive,10.0,10.0,0.26104995608329773,0.59247225522995,0.038063954561948776,-0.02148502692580223,169,47
0.0025932788848876953,positive,10.0,10.0,0.2728993892669678,0.7870281934738159,0.03763425350189209,-0.30191951990127563,169,48
0.002632617950439453,positive,10.0,10.0,0.28863996267318726,0.5913906693458557,0.0315958634018898,0.002390889450907707,169,49
0.002670764923095703,positive,10.0,10.0,0.30046775937080383,0.7860455513000488,0.03164368122816086,-0.2801581025123596,169,50
0.0027077198028564453,positive,10.0,10.0,0.31618866324424744,0.9807021617889404,0.026040518656373024,-0.5626951456069946,169,51
0.0027894973754882812,positive,10.0,10.0,0.3515072166919708,0.9801324605941772,0.009548150934278965,-0.5499058961868286,169,53
0.0028264522552490234,positive,10.0,10.0,0.37110987305641174,0.7848777174949646,-0.0014499669196084142,-0.25422996282577515,169,54
0.0028634071350097656,positive,10.0,10.0,0.3868074119091034,0.5897764563560486,-0.0065345666371285915,0.03799525275826454,169,55
0.002899169921875,positive,10.0,10.0,0.3986029326915741,0.7849915027618408,-0.005774661432951689,-0.2567422091960907,169,56
0.0029349327087402344,positive,10.0,10.0,0.4143027663230896,0.5899524688720703,-0.010909505188465118,0.03411371633410454,169,57
0.0029697418212890625,positive,10.0,10.0,0.42610183358192444,0.7852292060852051,-0.010227231308817863,-0.2619912028312683,169,58
0.003092527389526367,positive,10.0,10.0,0.46151867508888245,0.5906891822814941,-0.008613855578005314,0.01786149851977825,169,61
0.003131866455078125,positive,10.0,10.0,0.4733324348926544,0.39569181203842163,-0.008256626315414906,0.30781424045562744,169,62
0.003172159194946289,positive,10.0,10.0,0.48124629259109497,0.5909304022789001,-0.0021003407891839743,0.01253888476639986,169,63
0.0032918453216552734,positive,10.0,10.0,0.5128014087677002,0.39580440521240234,0.00446745939552784,0.3053109049797058,169,66
0.003330230712890625,positive,10.0,10.0,0.5207175016403198,0.5908623933792114,0.010573677718639374,0.014040252193808556,169,67
0.0034089088439941406,positive,10.0,10.0,0.5404465198516846,0.5905560255050659,0.017055291682481766,0.02080039121210575,169,69
0.0034453868865966797,positive,10.0,10.0,0.5522576570510864,0.3951937258243561,0.017471298575401306,0.31881529092788696,169,70
0.003480672836303711,positive,10.0,10.0,0.5601615309715271,0.5900625586509705,0.023847604170441628,0.031692974269390106,169,71
0.003516674041748047,positive,10.0,10.0,0.5719627737998962,0.3946068584918976,0.02448146417737007,0.33180364966392517,169,72
0.003747701644897461,positive,10.0,10.0,0.6387051343917847,0.392049640417099,0.037729568779468536,0.38836511969566345,169,78
0.003900766372680664,positive,10.0,10.0,0.6778016686439514,0.38941141963005066,0.05868719890713692,0.44700244069099426,169,82
0.003936052322387695,positive,10.0,10.0,0.6855899095535278,0.5836561918258667,0.06762725114822388,0.173381045460701,169,83
0.003970623016357422,positive,10.0,10.0,0.6972630620002747,0.3876347839832306,0.07109487056732178,0.48660826683044434,169,84
0.004004478454589844,positive,10.0,10.0,0.7050157189369202,0.5816853642463684,0.08082703500986099,0.21715205907821655,169,85
0.004078388214111328,positive,10.0,10.0,0.732160747051239,0.9693683385848999,0.0841904804110527,-0.31362226605415344,169,87
0.0041561126708984375,positive,10.0,10.0,0.7670111656188965,0.9670773148536682,0.07800561934709549,-0.26273810863494873,169,89
0.004190683364868164,positive,10.0,10.0,0.7863527536392212,1.1610041856765747,0.07275085896253586,-0.5298333764076233,169,90
0.004235267639160156,positive,10.0,10.0,0.8095728158950806,0.964938223361969,0.06215418875217438,-0.21514257788658142,169,91
0.004323005676269531,positive,10.0,10.0,0.844251275062561,0.5730839967727661,0.05978095531463623,0.4068400263786316,169,93
0.004359245300292969,positive,10.0,10.0,0.8557129502296448,0.7673095464706421,0.06791775673627853,0.13358724117279053,169,94
0.004476308822631836,positive,10.0,10.0,0.8977916240692139,0.9592390060424805,0.08307305723428726,-0.08929561078548431,169,97
0.00451207160949707,positive,10.0,10.0,0.9169763922691345,1.1530779600143433,0.08128713816404343,-0.35465604066848755,169,98
0.004546642303466797,positive,10.0,10.0,0.9400379657745361,0.9569000005722046,0.07419402152299881,-0.037488605827093124,169,99
0.00458216667175293,positive,10.0,10.0,0.9591759443283081,1.1508839130401611,0.07344424724578857,-0.305870920419693,169,100
0.0046977996826171875,positive,10.0,10.0,1.0164650678634644,0.9528756737709045,0.07395130395889282,0.05153006315231323,169,103
0.004812479019165039,positive,10.0,10.0,1.0852766036987305,1.14479398727417,0.060942117124795914,-0.17097030580043793,169,106
0.004887104034423828,positive,10.0,10.0,1.1271495819091797,0.7529585361480713,0.06032867729663849,0.4505595564842224,169,108
0.005078792572021484,positive,10.0,10.0,1.2178583145141602,1.3327767848968506,0.0862986221909523,-0.30708521604537964,169,113
0.005114078521728516,positive,10.0,10.0,1.2445138692855835,1.136538028717041,0.08015691488981247,0.011517956852912903,169,114
0.005226612091064453,positive,10.0,10.0,1.3165382146835327,1.3282183408737183,0.07653213292360306,-0.2059309482574463,169,117
0.005340099334716797,positive,10.0,10.0,1.3922663927078247,1.1299972534179688,0.07142892479896545,0.1561485230922699,169,120
0.005608797073364258,positive,10.0,10.0,1.5617282390594482,1.3175158500671387,0.08552932739257812,0.030914153903722763,169,127
0.0056841373443603516,positive,10.0,10.0,1.610504150390625,1.3150759935379028,0.09313380718231201,0.0849870815873146,169,129
0.005991220474243164,negative,10.0,-10.0,1.8123022317886353,1.6921391487121582,0.1364838182926178,-0.2121003270149231,169,137
0.0060656070709228516,negative,10.0,-10.0,1.8838465213775635,1.688353419303894,0.12306566536426544,-0.1275392472743988,169,139
0.006177425384521484,negative,10.0,-10.0,1.9889421463012695,1.8782449960708618,0.11191713809967041,-0.30590882897377014,169,142
0.0062656402587890625,negative,10.0,-10.0,2.0601413249969482,1.8751790523529053,0.1061963215470314,-0.23764964938163757,169,144
0.006304264068603516,negative,10.0,-10.0,2.0976450443267822,2.068636178970337,0.1014433354139328,-0.4950375556945801,169,145
0.006464958190917969,negative,10.0,-10.0,2.2551751136779785,2.0635898113250732,0.0770951509475708,-0.3821534514427185,169,149
0.006546735763549805,negative,10.0,-10.0,2.34159779548645,2.0615200996398926,0.05646074190735817,-0.3358475863933563,169,151
0.0003914833068847656,positive,10.0,10.0,0.04301917925477028,-0.1592627465724945,0.04958150535821915,0.32416266202926636,170,1
0.0007610321044921875,positive,10.0,10.0,0.03799126297235489,-0.16247297823429108,0.06582567095756531,0.3953927755355835,170,5
0.0008351802825927734,positive,10.0,10.0,0.03474180027842522,0.031656231731176376,0.07373352348804474,0.12416837364435196,170,6
0.0008852481842041016,positive,10.0,10.0,0.03537492826581001,0.2256486415863037,0.07621689140796661,-0.14437158405780792,170,7
0.0009629726409912109,positive,10.0,10.0,0.04047835245728493,0.22352257370948792,0.07675644755363464,-0.09732888638973236,170,9
0.0011610984802246094,positive,10.0,10.0,0.07042359560728073,0.02352306805551052,0.05997293442487717,0.3037451505661011,170,14
0.0011987686157226562,positive,10.0,10.0,0.07089405506849289,0.21774132549762726,0.06604783982038498,0.03056301362812519,170,15
0.001234292984008789,positive,10.0,10.0,0.07524888217449188,0.021737433969974518,0.0666591003537178,0.3433317542076111,170,16
0.0013117790222167969,positive,10.0,10.0,0.08000064641237259,0.019756048917770386,0.07497356832027435,0.3873361349105835,170,18
0.001386404037475586,positive,10.0,10.0,0.0846705287694931,0.40758347511291504,0.0851043313741684,-0.1462797075510025,170,20
0.001421213150024414,positive,10.0,10.0,0.09282220155000687,0.6013900637626648,0.08217873424291611,-0.4109470248222351,170,21
0.001455068588256836,positive,10.0,10.0,0.10485000163316727,0.4052051305770874,0.07395979017019272,-0.0935293510556221,170,22
0.0015697479248046875,positive,10.0,10.0,0.1330004632472992,0.20713576674461365,0.06389982998371124,0.26494094729423523,170,25
0.0016438961029052734,positive,10.0,10.0,0.13736644387245178,0.20525000989437103,0.08074013143777847,0.3069683313369751,170,27
0.0016787052154541016,positive,10.0,10.0,0.14147144556045532,0.39913418889045715,0.08687949925661087,0.040801309049129486,170,28
0.0017130374908447266,positive,10.0,10.0,0.14945411682128906,0.5929098129272461,0.08769552409648895,-0.22325538098812103,170,29
0.0018260478973388672,positive,10.0,10.0,0.18885552883148193,0.7844817042350769,0.07010309398174286,-0.4379521310329437,170,32
0.0019385814666748047,positive,10.0,10.0,0.23196664452552795,0.586727499961853,0.05092892050743103,-0.08609098196029663,170,35
0.00199127197265625,positive,10.0,10.0,0.24370118975639343,0.7810838222503662,0.04920709878206253,-0.36228084564208984,170,36
0.0020291805267333984,positive,10.0,10.0,0.2593228816986084,0.5852982997894287,0.04196148365736008,-0.05449693650007248,170,37
0.002108335494995117,positive,10.0,10.0,0.2866247296333313,0.5841150879859924,0.03419852256774902,-0.028364557772874832,170,39
0.0021448135375976562,positive,10.0,10.0,0.29830703139305115,0.7787303924560547,0.033631231635808945,-0.3100643455982208,170,40
0.002179861068725586,positive,10.0,10.0,0.31388163566589355,0.583145797252655,0.027429945766925812,-0.0069676609709858894,170,41
0.0022144317626953125,positive,10.0,10.0,0.325544536113739,0.7778638601303101,0.027290593832731247,-0.2908714711666107,170,42
0.002248048782348633,positive,10.0,10.0,0.34110182523727417,0.5823636054992676,0.02147316373884678,0.010292137041687965,170,43
0.002283334732055664,positive,10.0,10.0,0.3527491092681885,0.7771711349487305,0.02167900651693344,-0.2755391597747803,170,44
0.002397775650024414,positive,10.0,10.0,0.3876553773880005,0.58127760887146,0.023079093545675278,0.03425455093383789,170,47
0.0025157928466796875,positive,10.0,10.0,0.41860973834991455,0.7752807140350342,0.03142743557691574,-0.23388966917991638,170,50
0.0025949478149414062,positive,10.0,10.0,0.44570985436439514,0.3842290937900543,0.028120413422584534,0.3695395886898041,170,52
0.002675294876098633,positive,10.0,10.0,0.46497324109077454,0.3833279311656952,0.0372282899916172,0.38952621817588806,170,54
0.002752065658569336,positive,10.0,10.0,0.48419785499572754,0.3821650743484497,0.04719500616192818,0.41534891724586487,170,56
0.0027894973754882812,positive,10.0,10.0,0.4918411374092102,0.576587438583374,0.05550198256969452,0.13791023194789886,170,57
0.002946138381958008,positive,10.0,10.0,0.5300655961036682,0.5730085968971252,0.0804261714220047,0.21732190251350403,170,61
0.0029838085174560547,positive,10.0,10.0,0.5415257811546326,0.7668942213058472,0.08477260917425156,-0.04894663020968437,170,62
0.003059864044189453,positive,10.0,10.0,0.5682769417762756,0.7644978165626526,0.08917833119630814,0.004110855050384998,170,64
0.003095388412475586,positive,10.0,10.0,0.5835669040679932,0.9582352042198181,0.08926054835319519,-0.2591566741466522,170,65
0.003210783004760742,positive,10.0,10.0,0.6448867321014404,1.1497745513916016,0.06954018771648407,-0.47303497791290283,170,68
0.0033636093139648438,positive,10.0,10.0,0.7133519053459167,0.7561520338058472,0.06916539371013641,0.18861283361911774,170,72
0.0033979415893554688,positive,10.0,10.0,0.7284749150276184,0.5601122379302979,0.07293765246868134,0.5022878646850586,170,73
0.0034325122833251953,positive,10.0,10.0,0.7396771907806396,0.7541344165802002,0.08298341184854507,0.23345308005809784,170,74
0.0034661293029785156,positive,10.0,10.0,0.7547598481178284,0.947978675365448,0.08765247464179993,-0.031943611800670624,170,75
0.0036573410034179688,positive,10.0,10.0,0.8649160861968994,1.1371185779571533,0.06652423739433289,-0.19301007688045502,170,80
0.0036928653717041016,positive,10.0,10.0,0.8876584768295288,0.9411112070083618,0.06266403943300247,0.11989440768957138,170,81
0.0038115978240966797,positive,10.0,10.0,0.9401695728302002,1.1332870721817017,0.07689905911684036,-0.10836762189865112,170,84
0.0038900375366210938,positive,10.0,10.0,0.9893798232078552,1.131128191947937,0.06721505522727966,-0.06055386736989021,170,86
0.003926277160644531,positive,10.0,10.0,1.0120024681091309,0.9351100921630859,0.06600397825241089,0.25255563855171204,170,87
0.003977298736572266,positive,10.0,10.0,1.0307046175003052,0.7391107678413391,0.0710550919175148,0.5653055310249329,170,88
0.004024028778076172,positive,10.0,10.0,1.0454868078231812,0.9331676959991455,0.08236119896173477,0.29582729935646057,170,89
0.004065990447998047,positive,10.0,10.0,1.0641502141952515,0.7369740605354309,0.08827774226665497,0.6133069396018982,170,90
0.005224466323852539,negative,10.0,-10.0,1.450949788093567,1.2932504415512085,0.18003958463668823,0.3807103633880615,170,107
0.005395412445068359,negative,10.0,-10.0,1.4987366199493408,1.2881895303726196,0.20214013755321503,0.4960732161998749,170,109
0.00015687942504882812,positive,10.0,10.0,-0.007634712848812342,-0.021909156814217567,-0.029512569308280945,0.029108893126249313,171,0
0.00021982192993164062,positive,10.0,10.0,-0.008072895929217339,-0.21659572422504425,-0.028930392116308212,0.31233614683151245,171,1
0.00026607513427734375,positive,10.0,10.0,-0.012404810637235641,-0.02107382006943226,-0.02268366888165474,0.010671660304069519,171,2
0.00030732154846191406,positive,10.0,10.0,-0.012826287187635899,-0.21586324274539948,-0.02247023582458496,0.29611217975616455,171,3
0.0003457069396972656,positive,10.0,10.0,-0.017143551260232925,-0.020428277552127838,-0.016547992825508118,-0.003571936395019293,171,4
0.0003838539123535156,positive,10.0,10.0,-0.017552116885781288,-0.2153090536594391,-0.016619430854916573,0.2838442921638489,171,5
0.0004229545593261719,positive,10.0,10.0,-0.021858297288417816,-0.41019007563591003,-0.010942544788122177,0.5712395906448364,171,6
0.0005238056182861328,positive,10.0,10.0,-0.03436042740941048,-0.41004520654678345,0.00598483718931675,0.5679645538330078,171,8
0.0005614757537841797,positive,10.0,10.0,-0.042561329901218414,-0.2150077223777771,0.017344128340482712,0.27717307209968567,171,9
0.0006067752838134766,positive,10.0,10.0,-0.04686148464679718,-0.4103727638721466,0.022887589409947395,0.5752754807472229,171,10
0.0006594657897949219,positive,10.0,10.0,-0.05506893992424011,-0.6058079600334167,0.03439309820532799,0.875079870223999,171,11
0.0008404254913330078,positive,10.0,10.0,-0.0801977887749672,-0.21870650351047516,0.07102494686841965,0.3595517873764038,171,15
0.0008800029754638672,positive,10.0,10.0,-0.08457191288471222,-0.024662278592586517,0.07821598649024963,0.09008307754993439,171,16
0.0010008811950683594,positive,10.0,10.0,-0.07441707700490952,0.16703149676322937,0.0676121786236763,-0.1275625228881836,171,19
0.0011241436004638672,positive,10.0,10.0,-0.07615586370229721,-0.03089190274477005,0.07873693108558655,0.22789792716503143,171,22
0.0011839866638183594,positive,10.0,10.0,-0.07677370309829712,0.16302171349525452,0.08329489082098007,-0.03894658386707306,171,23
0.0012695789337158203,positive,10.0,10.0,-0.06637614220380783,0.16066153347492218,0.07643134891986847,0.013292945921421051,171,25
0.0013513565063476562,positive,10.0,10.0,-0.056070730090141296,0.5485567450523376,0.07161061465740204,-0.521869421005249,171,27
0.0014319419860839844,positive,10.0,10.0,-0.03024756722152233,0.546695351600647,0.045350123196840286,-0.4798717796802521,171,29
0.0014684200286865234,positive,10.0,10.0,-0.019313661381602287,0.3509635031223297,0.035752687603235245,-0.17324751615524292,171,30
0.001504659652709961,positive,10.0,10.0,-0.012294390238821507,0.15534856915473938,0.03228773549199104,0.13049639761447906,171,31
0.001539468765258789,positive,10.0,10.0,-0.009187418967485428,-0.040220655500888824,0.03489766642451286,0.4331882894039154,171,32
0.0017936229705810547,positive,10.0,10.0,-0.01030164584517479,0.345165878534317,0.08526544272899628,-0.045421302318573,171,38
0.0018420219421386719,positive,10.0,10.0,-0.003398328088223934,0.5389682650566101,0.08435701578855515,-0.31003108620643616,171,39
0.0019273757934570312,positive,10.0,10.0,0.014236077666282654,0.5366711616516113,0.07831675559282303,-0.2590180039405823,171,41
0.0019652843475341797,positive,10.0,10.0,0.024969501420855522,0.7305928468704224,0.07313639670610428,-0.5260072350502014,171,42
0.0020961761474609375,positive,10.0,10.0,0.06484571099281311,0.5328000783920288,0.04872223362326622,-0.17299671471118927,171,45
0.002133607864379883,positive,10.0,10.0,0.0755017101764679,0.7271920442581177,0.04526229947805405,-0.44991999864578247,171,46
0.0022134780883789062,positive,10.0,10.0,0.10067475587129593,0.7260444760322571,0.03339749574661255,-0.42434558272361755,171,48
0.002292156219482422,positive,10.0,10.0,0.12580496072769165,0.725222110748291,0.022484103217720985,-0.40604498982429504,171,50
0.002493619918823242,positive,10.0,10.0,0.1982911080121994,0.9200507998466492,-0.017316903918981552,-0.6921568512916565,171,55
0.0025446414947509766,positive,10.0,10.0,0.21669211983680725,1.1154086589813232,-0.031160039827227592,-0.9902406334877014,171,56
0.0027360916137695312,positive,10.0,10.0,0.2825852632522583,0.338201642036438,-0.0769372433423996,0.10871446132659912,171,60
0.0028219223022460938,positive,10.0,10.0,0.29223453998565674,-0.04972318187355995,-0.06723961979150772,0.6443712115287781,171,62
0.00286102294921875,positive,10.0,10.0,0.29124006628990173,0.14626821875572205,-0.05435219779610634,0.33129486441612244,171,63
0.0029511451721191406,positive,10.0,10.0,0.30100783705711365,0.14771385490894318,-0.04728671535849571,0.29923030734062195,171,65
0.0030298233032226562,positive,10.0,10.0,0.3108316659927368,0.14897078275680542,-0.0414617657661438,0.27138784527778625,171,67
0.0030684471130371094,positive,10.0,10.0,0.3138110637664795,-0.045535750687122345,-0.03603401035070419,0.5507106781005859,171,68
0.003147602081298828,positive,10.0,10.0,0.31590181589126587,-0.04468255117535591,-0.020081879571080208,0.5315831303596497,171,70
0.003185749053955078,positive,10.0,10.0,0.31500816345214844,0.15071602165699005,-0.009450217708945274,0.23264068365097046,171,71
0.0033359527587890625,positive,10.0,10.0,0.3201555013656616,-0.0442827083170414,0.010211891494691372,0.522596538066864,171,74
0.003513336181640625,positive,10.0,10.0,0.321389377117157,0.15003976225852966,0.03597235307097435,0.2476814240217209,171,77
0.00360107421875,positive,10.0,10.0,0.323478639125824,0.14894700050354004,0.05195578560233116,0.2719775438308716,171,79
0.0036437511444091797,positive,10.0,10.0,0.32645756006240845,-0.04687633365392685,0.0573953352868557,0.5805842876434326,171,80
0.003683805465698242,positive,10.0,10.0,0.32552003860473633,0.14739637076854706,0.0690070241689682,0.3065200448036194,171,81
0.0037202835083007812,positive,10.0,10.0,0.3284679651260376,0.3414705991744995,0.0751374214887619,0.036373529583215714,171,82
0.0038840770721435547,positive,10.0,10.0,0.3712611496448517,0.33740735054016113,0.057535797357559204,0.1260998249053955,171,86
0.003921985626220703,positive,10.0,10.0,0.37800928950309753,0.14151035249233246,0.06005779653787613,0.4363652765750885,171,87
0.004029989242553711,positive,10.0,10.0,0.3875541687011719,0.5298063158988953,0.07204915583133698,-0.10701173543930054,171,89
0.0040705204010009766,positive,10.0,10.0,0.3981502950191498,0.7238257527351379,0.06990892440080643,-0.37612175941467285,171,90
0.004210233688354492,positive,10.0,10.0,0.42318248748779297,0.33182573318481445,0.061141666024923325,0.24945439398288727,171,92
0.0042798519134521484,positive,10.0,10.0,0.4298190176486969,0.13588634133338928,0.06613075733184814,0.5607787370681763,171,93
0.004354000091552734,positive,10.0,10.0,0.4325367212295532,0.3300209045410156,0.0773463323712349,0.28964170813560486,171,94
0.004426240921020508,positive,10.0,10.0,0.43913716077804565,0.5239595770835876,0.08313916623592377,0.022320544347167015,171,95
0.004487752914428711,positive,10.0,10.0,0.44961634278297424,0.7177969217300415,0.08358557522296906,-0.24301639199256897,171,96
0.0045511722564697266,positive,10.0,10.0,0.463972270488739,0.9116316437721252,0.07872524857521057,-0.5082078576087952,171,97
0.0048067569732666016,positive,10.0,10.0,0.49651479721069336,0.5194615721702576,0.06472526490688324,0.1217077374458313,171,99
0.004856586456298828,positive,10.0,10.0,0.5069040060043335,0.3234748840332031,0.06715942174196243,0.4340881407260895,171,100
0.004987478256225586,positive,10.0,10.0,0.5237252116203308,0.7115438580513,0.0791073739528656,-0.10451667755842209,171,102
0.005029439926147461,positive,10.0,10.0,0.5379561185836792,0.9054482579231262,0.07701703906059265,-0.3712303340435028,171,103
0.0050694942474365234,positive,10.0,10.0,0.5560650825500488,0.7093214392662048,0.0695924311876297,-0.0552915595471859,171,104
0.0051190853118896484,positive,10.0,10.0,0.57025146484375,0.5132741928100586,0.06848660111427307,0.25851112604141235,171,105
0.005159854888916016,positive,10.0,10.0,0.5805169939994812,0.3172447681427002,0.07365682721138,0.5719853043556213,171,106
0.0051991939544677734,positive,10.0,10.0,0.5868618488311768,0.5112608075141907,0.08509653061628342,0.303385853767395,171,107
0.005239963531494141,positive,10.0,10.0,0.5970870852470398,0.7050734162330627,0.0911642462015152,0.03870711475610733,171,108
0.005280494689941406,positive,10.0,10.0,0.611188530921936,0.5087704658508301,0.09193839132785797,0.35870400071144104,171,109
0.0054547786712646484,positive,10.0,10.0,0.6751260757446289,0.893225371837616,0.08931739628314972,-0.10081519931554794,171,113
0.005494594573974609,positive,10.0,10.0,0.6929906010627747,1.086961269378662,0.0873010903596878,-0.3640362620353699,171,114
0.005614280700683594,positive,10.0,10.0,0.7542361617088318,0.8884481191635132,0.07288622856140137,0.004993761423975229,171,117
0.005650520324707031,positive,10.0,10.0,0.7720050811767578,1.0824531316757202,0.07298610359430313,-0.26383164525032043,171,118
0.0057756900787353516,positive,10.0,10.0,0.8407925367355347,0.8845667243003845,0.052668772637844086,0.09071677923202515,171,121
0.005945920944213867,positive,10.0,10.0,0.9036608934402466,0.8812257647514343,0.07368914037942886,0.16472333669662476,171,125
0.006027698516845703,positive,10.0,10.0,0.9427897930145264,1.2691588401794434,0.07490694522857666,-0.371269166469574,171,127
0.00621485710144043,positive,10.0,10.0,1.020795464515686,0.87508225440979,0.08290979266166687,0.3007766604423523,171,131
0.006372928619384766,positive,10.0,10.0,1.1140573024749756,1.2601940631866455,0.0752498060464859,-0.17288698256015778,171,135
0.006719827651977539,positive,10.0,10.0,1.3073331117630005,1.252130150794983,0.07148847728967667,0.005521444603800774,171,143
0.006762266159057617,positive,10.0,10.0,1.3323757648468018,1.4461579322814941,0.07159890979528427,-0.26377710700035095,171,144
0.006894111633300781,positive,10.0,10.0,1.4073823690414429,1.2481873035430908,0.07460442930459976,0.09273725748062134,171,147
0.006934642791748047,positive,10.0,10.0,1.4323461055755615,1.4421650171279907,0.07645917683839798,-0.17550665140151978,171,148
0.007013559341430664,positive,10.0,10.0,1.4861102104187012,1.44004225730896,0.07575470209121704,-0.12852299213409424,171,150
0.007634401321411133,negative,10.0,-10.0,1.8753938674926758,1.8110783100128174,0.10651854425668716,-0.29159772396087646,171,164
0.007835626602172852,negative,10.0,-10.0,2.0640201568603516,1.9996368885040283,0.07197596877813339,-0.43904703855514526,171,169
0.007873296737670898,negative,10.0,-10.0,2.104012966156006,1.8035739660263062,0.06319502741098404,-0.12457144260406494,171,170
0.007910966873168945,negative,10.0,-10.0,2.1400845050811768,1.607606291770935,0.06070360168814659,0.18736031651496887,171,171
0.007991790771484375,negative,10.0,-10.0,2.200469970703125,1.6058275699615479,0.0744219720363617,0.22686298191547394,171,173
0.008028745651245117,negative,10.0,-10.0,2.232586622238159,1.7998114824295044,0.07895923405885696,-0.041447460651397705,171,174
0.008105278015136719,negative,10.0,-10.0,2.308457136154175,1.7975742816925049,0.07196607440710068,0.008053733967244625,171,176
0.008182764053344727,negative,10.0,-10.0,2.3842406272888184,2.1856164932250977,0.06690548360347748,-0.5301728248596191,171,178
0.0003020763397216797,positive,10.0,10.0,-0.02707170881330967,-0.015294177457690239,0.01777360960841179,0.026071475818753242,172,0
0.0005512237548828125,positive,10.0,10.0,-0.03190711513161659,-0.21127809584140778,0.025530235841870308,0.3378485143184662,172,3
0.0006425380706787109,positive,10.0,10.0,-0.036132678389549255,-0.40675386786460876,0.03228720650076866,0.6384716629981995,172,4
0.0008211135864257812,positive,10.0,10.0,-0.048509687185287476,-0.017643289640545845,0.05217921361327171,0.07798697054386139,172,6
0.0009341239929199219,positive,10.0,10.0,-0.048862554132938385,-0.21347291767597198,0.05373895540833473,0.38666534423828125,172,7
0.0010249614715576172,positive,10.0,10.0,-0.053132012486457825,-0.019153371453285217,0.06147226318717003,0.11139845103025436,172,8
0.0013420581817626953,positive,10.0,10.0,-0.058235786855220795,0.17308306694030762,0.07517439872026443,-0.11819102615118027,172,11
0.0014235973358154297,positive,10.0,10.0,-0.054774124175310135,0.3670519292354584,0.0728105753660202,-0.386242151260376,172,12
0.0014967918395996094,positive,10.0,10.0,-0.04743308573961258,0.1709759682416916,0.06508573144674301,-0.07152005285024643,172,13
0.0015997886657714844,positive,10.0,10.0,-0.04451388120651245,-0.22098654508590698,0.0684746652841568,0.5530296564102173,172,15
0.0018727779388427734,positive,10.0,10.0,-0.02065318636596203,0.16240821778774261,0.06635669618844986,0.1178736686706543,172,21
0.0019137859344482422,positive,10.0,10.0,-0.01740502193570137,-0.033598631620407104,0.06871417164802551,0.4307314455509186,172,22
0.0019605159759521484,positive,10.0,10.0,-0.018076995387673378,0.16048642992973328,0.07732880115509033,0.160476952791214,172,23
0.002008199691772461,positive,10.0,10.0,-0.0148672666400671,0.35442104935646057,0.08053833991289139,-0.10684362798929214,172,24
0.002048969268798828,positive,10.0,10.0,-0.007778845261782408,0.5483020544052124,0.07840146869421005,-0.37306973338127136,172,25
0.002178192138671875,positive,10.0,10.0,0.013352280482649803,0.350154846906662,0.07495466619729996,-0.012412074953317642,172,28
0.002343416213989258,positive,10.0,10.0,0.05684177950024605,0.34618428349494934,0.05341813340783119,0.0753096491098404,172,32
0.0024237632751464844,positive,10.0,10.0,0.06677224487066269,0.34463974833488464,0.06261145323514938,0.10948400944471359,172,34
0.0025742053985595703,positive,10.0,10.0,0.07663862407207489,0.34282591938972473,0.07322602719068527,0.1496739685535431,172,36
0.002614259719848633,positive,10.0,10.0,0.0834951400756836,0.5368270874023438,0.07621950656175613,-0.11903870850801468,172,37
0.003225564956665039,positive,10.0,10.0,0.16993887722492218,0.7255380153656006,0.051231835037469864,-0.27033984661102295,172,44
0.003292560577392578,positive,10.0,10.0,0.18444964289665222,0.9198928475379944,0.045825034379959106,-0.5464340448379517,172,45
0.003392457962036133,positive,10.0,10.0,0.217330664396286,0.9187645316123962,0.030102910473942757,-0.5211467742919922,172,47
0.0036094188690185547,positive,10.0,10.0,0.3013422191143036,0.7226440906524658,-0.008957507088780403,-0.20611512660980225,172,52
0.003694295883178711,positive,10.0,10.0,0.3341529369354248,0.7229578495025635,-0.023112012073397636,-0.21307779848575592,172,54
0.0037322044372558594,positive,10.0,10.0,0.34861209988594055,0.9184024930000305,-0.02737356908619404,-0.5129607915878296,172,55
0.003819704055786133,positive,10.0,10.0,0.3814536929130554,0.5291120409965515,-0.04221334680914879,0.051550574600696564,172,57
0.0039048194885253906,positive,10.0,10.0,0.3987283408641815,0.5303032398223877,-0.03456990420818329,0.025241520255804062,172,59
0.00394439697265625,positive,10.0,10.0,0.4093343913555145,0.3356936573982239,-0.03406507149338722,0.30681994557380676,172,60
0.003981828689575195,positive,10.0,10.0,0.4160482585430145,0.5312840342521667,-0.0279286727309227,0.0035913754254579544,172,61
0.004063844680786133,positive,10.0,10.0,0.43340542912483215,0.5320814251899719,-0.02211018092930317,-0.014003660529851913,172,63
0.004147529602050781,positive,10.0,10.0,0.45079272985458374,0.142488032579422,-0.016957812011241913,0.5571597814559937,172,65
0.0041849613189697266,positive,10.0,10.0,0.45364248752593994,0.3378438949584961,-0.005814617034047842,0.25918275117874146,172,66
0.0042231082916259766,positive,10.0,10.0,0.4603993594646454,0.14280542731285095,-0.0006309621385298669,0.550025999546051,172,67
0.004260063171386719,positive,10.0,10.0,0.46325546503067017,0.33793625235557556,0.01036955788731575,0.25714436173439026,172,68
0.004297494888305664,positive,10.0,10.0,0.47001418471336365,0.14266778528690338,0.015512445010244846,0.5530798435211182,172,69
0.004336118698120117,positive,10.0,10.0,0.47286754846572876,0.3375684916973114,0.026574041694402695,0.2653244435787201,172,70
0.004418611526489258,positive,10.0,10.0,0.48246046900749207,0.33673807978630066,0.04320591688156128,0.2837980389595032,172,72
0.004462242126464844,positive,10.0,10.0,0.48919522762298584,0.14102739095687866,0.04888187721371651,0.5897887349128723,172,73
0.004506349563598633,positive,10.0,10.0,0.4920157790184021,-0.054743703454732895,0.060677651315927505,0.8974601626396179,172,74
0.0045473575592041016,positive,10.0,10.0,0.49092090129852295,0.1395055651664734,0.0786268562078476,0.6244507431983948,172,75
0.004615068435668945,positive,10.0,10.0,0.49371102452278137,0.3334468603134155,0.09111586958169937,0.35753005743026733,172,76
0.005033969879150391,positive,10.0,10.0,0.6229791641235352,0.9072594046592712,0.07174014300107956,-0.267825722694397,172,85
0.0050792694091796875,positive,10.0,10.0,0.6411243677139282,1.101288080215454,0.06638362258672714,-0.5370466113090515,172,86
0.005305290222167969,positive,10.0,10.0,0.7588963508605957,1.2930270433425903,0.00459439167752862,-0.753778338432312,172,91
0.005396127700805664,positive,10.0,10.0,0.8067137002944946,0.9028697609901428,-0.019674239680171013,-0.17029231786727905,172,93
0.005434989929199219,positive,10.0,10.0,0.8247711062431335,0.708034873008728,-0.023080086335539818,0.1161196306347847,172,94
0.005514383316040039,positive,10.0,10.0,0.8491968512535095,0.7086611986160278,-0.012729042209684849,0.10227815806865692,172,96
0.005634307861328125,positive,10.0,10.0,0.8878244757652283,0.5139151215553284,-0.0009673971799202263,0.38666361570358276,172,99
0.005797386169433594,positive,10.0,10.0,0.928928792476654,0.5131481885910034,0.030162574723362923,0.4037166237831116,172,103
0.005841255187988281,positive,10.0,10.0,0.9391917586326599,0.7078296542167664,0.03823690488934517,0.12069369852542877,172,104
0.0059661865234375,positive,10.0,10.0,0.9777261018753052,0.5109144449234009,0.052066490054130554,0.45337092876434326,172,107
0.006091594696044922,positive,10.0,10.0,1.0122361183166504,0.7034744024276733,0.0744621604681015,0.2172529250383377,172,110
0.006132841110229492,positive,10.0,10.0,1.0263055562973022,0.8974573016166687,0.07880721986293793,-0.05104343220591545,172,111
0.0063037872314453125,positive,10.0,10.0,1.1057716608047485,0.8931916952133179,0.06597505509853363,0.043307170271873474,172,115
0.0063838958740234375,positive,10.0,10.0,1.137579321861267,0.891299843788147,0.07396229356527328,0.08517475426197052,172,117
0.006554126739501953,positive,10.0,10.0,1.2243598699569702,0.8872230648994446,0.060242749750614166,0.17517556250095367,172,121
0.0066111087799072266,positive,10.0,10.0,1.2421042919158936,0.6912930011749268,0.06374625861644745,0.48623818159103394,172,122
0.006654500961303711,positive,10.0,10.0,1.2559301853179932,0.8854601979255676,0.07347102463245392,0.21430757641792297,172,123
0.006742238998413086,positive,10.0,10.0,1.2952284812927246,1.273384928703308,0.07667068392038345,-0.3214969336986542,172,125
0.006781101226806641,positive,10.0,10.0,1.320696234703064,1.0772596597671509,0.07024074345827103,-0.005654129199683666,172,126
0.0068624019622802734,positive,10.0,10.0,1.3598655462265015,1.0752606391906738,0.0762944146990776,0.03856916353106499,172,128
0.006952524185180664,positive,10.0,10.0,1.406754970550537,1.463151216506958,0.07248379290103912,-0.4965132474899292,172,130
0.006993532180786133,positive,10.0,10.0,1.4360179901123047,1.6571803092956543,0.0625535249710083,-0.7655009627342224,172,131
0.007072925567626953,positive,10.0,10.0,1.4983866214752197,1.2654982805252075,0.0381673127412796,-0.14661721885204315,172,133
0.007233858108520508,positive,10.0,10.0,1.5839545726776123,0.8730318546295166,0.05124317482113838,0.4884238541126251,172,137
0.007271289825439453,positive,10.0,10.0,1.6014151573181152,1.0673948526382446,0.061011653393507004,0.21232104301452637,172,138
0.007471561431884766,positive,10.0,10.0,1.7157644033432007,1.2572695016860962,0.07482357323169708,0.035105567425489426,172,143
0.0075511932373046875,positive,10.0,10.0,1.7699346542358398,1.6452093124389648,0.07086442410945892,-0.5009995102882385,172,145
0.0078277587890625,negative,10.0,-10.0,1.9569792747497559,1.0538661479949951,0.07320239394903183,0.5115681290626526,172,152
0.00798797607421875,negative,10.0,-10.0,2.064558267593384,1.4392163753509521,0.08212188631296158,0.033049821853637695,172,156
0.00806570053100586,negative,10.0,-10.0,2.1260039806365967,1.826918125152588,0.07813018560409546,-0.4980998635292053,172,158
0.00814366340637207,negative,10.0,-10.0,2.2029595375061035,1.824865460395813,0.05286472663283348,-0.45184338092803955,172,160
0.008260965347290039,negative,10.0,-10.0,2.300703763961792,1.237632155418396,0.04423242434859276,0.4685254991054535,172,163
0.008379697799682617,negative,10.0,-10.0,2.3788235187530518,1.4305236339569092,0.06738915294408798,0.22515124082565308,172,166
0.0002484321594238281,positive,10.0,10.0,0.04882899671792984,-0.0012315399944782257,-0.029211917892098427,-0.0060941302217543125,173,0
0.0004544258117675781,positive,10.0,10.0,0.03707363083958626,-0.1951664686203003,-0.012578794732689857,0.26043763756752014,173,3
0.00054168701171875,positive,10.0,10.0,0.02536816895008087,-0.19488191604614258,0.003612491535022855,0.2541308104991913,173,5
0.0005972385406494141,positive,10.0,10.0,0.021470529958605766,-0.39005526900291443,0.008695107884705067,0.5479509830474854,173,6
0.0008857250213623047,positive,10.0,10.0,0.0019592249300330877,-0.19568853080272675,0.035951271653175354,0.27207425236701965,173,9
0.0010712146759033203,positive,10.0,10.0,-0.009780636988580227,-0.1967865377664566,0.05291027948260307,0.29651498794555664,173,11
0.0011417865753173828,positive,10.0,10.0,-0.013716367073357105,-0.002457213355228305,0.05884058028459549,0.020977286621928215,173,12
0.0013134479522705078,positive,10.0,10.0,-0.01773294061422348,-0.004140912089496851,0.06589271128177643,0.058207109570503235,173,14
0.0013802051544189453,positive,10.0,10.0,-0.017815759405493736,-0.2001427263021469,0.06705684959888458,0.3709302544593811,173,15
0.0014662742614746094,positive,10.0,10.0,-0.02181861363351345,-0.0060343691147863865,0.07447545975446701,0.10012202709913254,173,16
0.0017671585083007812,positive,10.0,10.0,-0.014845233410596848,0.18316926062107086,0.07778127491474152,-0.062485139816999435,173,21
0.0018048286437988281,positive,10.0,10.0,-0.011181848123669624,0.3770948350429535,0.07653157413005829,-0.3296493589878082,173,22
0.0018820762634277344,positive,10.0,10.0,-2.0519786630757153e-05,-0.015080053359270096,0.06966163963079453,0.30005642771720886,173,24
0.0020017623901367188,positive,10.0,10.0,0.010716414079070091,0.5668975710868835,0.07151033729314804,-0.5054380297660828,173,27
0.0020384788513183594,positive,10.0,10.0,0.022054364904761314,0.37084460258483887,0.06140157952904701,-0.19110403954982758,173,28
0.0020742416381835938,positive,10.0,10.0,0.02947125770151615,0.17490045726299286,0.05757949873805046,0.12029902637004852,173,29
0.0021102428436279297,positive,10.0,10.0,0.032969266176223755,-0.020997166633605957,0.05998547747731209,0.43057751655578613,173,30
0.002227783203125,positive,10.0,10.0,0.027754951268434525,0.1710468977689743,0.09285245090723038,0.20595525205135345,173,33
0.0023469924926757812,positive,10.0,10.0,0.04963711276650429,0.36198705434799194,0.08951776474714279,0.004670248832553625,173,36
0.0023834705352783203,positive,10.0,10.0,0.05687685310840607,0.5557187795639038,0.08961117267608643,-0.25848063826560974,173,37
0.002420186996459961,positive,10.0,10.0,0.0679912269115448,0.7494547367095947,0.08444155752658844,-0.5216081142425537,173,38
0.0024995803833007812,positive,10.0,10.0,0.09404536336660385,0.7472417950630188,0.06993827223777771,-0.47200560569763184,173,40
0.0026454925537109375,positive,10.0,10.0,0.13492253422737122,0.5495263338088989,0.048713162541389465,-0.12093301862478256,173,43
0.002687215805053711,positive,10.0,10.0,0.14591306447982788,0.3537415564060211,0.046294502913951874,0.18671181797981262,173,44
0.0027265548706054688,positive,10.0,10.0,0.15298788249492645,0.15798886120319366,0.050028737634420395,0.4936319589614868,173,45
0.0027649402618408203,positive,10.0,10.0,0.15614767372608185,0.35237082839012146,0.05990137904882431,0.21712611615657806,173,46
0.002847433090209961,positive,10.0,10.0,0.16632400453090668,0.35060805082321167,0.07480563223361969,0.25631922483444214,173,48
0.0028848648071289062,positive,10.0,10.0,0.17333616316318512,0.5445866584777832,0.07993201911449432,-0.011862660758197308,173,49
0.0030603408813476562,positive,10.0,10.0,0.23237088322639465,0.9304596781730652,0.05863802134990692,-0.5018137097358704,173,53
0.003180265426635742,positive,10.0,10.0,0.2842504382133484,0.7332315444946289,0.0354127511382103,-0.16175346076488495,173,56
0.0032176971435546875,positive,10.0,10.0,0.2989150881767273,0.9278290867805481,0.03217768296599388,-0.4430576264858246,173,57
0.0033774375915527344,positive,10.0,10.0,0.3652907609939575,0.5363492369651794,0.009464140981435776,0.16987565159797668,173,61
0.003414630889892578,positive,10.0,10.0,0.3760177493095398,0.34109312295913696,0.012861654162406921,0.4655291438102722,173,62
0.0034589767456054688,positive,10.0,10.0,0.3828396201133728,0.5360310077667236,0.022172236815094948,0.17692773044109344,173,63
0.003498554229736328,positive,10.0,10.0,0.3935602307319641,0.3405988812446594,0.02571079134941101,0.47652196884155273,173,64
0.0036699771881103516,positive,10.0,10.0,0.43636396527290344,0.33865463733673096,0.04160498455166817,0.5196546316146851,173,68
0.0037572383880615234,positive,10.0,10.0,0.45380038022994995,0.337342232465744,0.05680541694164276,0.548987627029419,173,70
0.003794431686401367,positive,10.0,10.0,0.46054723858833313,0.5316221117973328,0.06778516620397568,0.2747296094894409,173,71
0.0038750171661376953,positive,10.0,10.0,0.4778917133808136,0.5296251773834229,0.08503972738981247,0.31926941871643066,173,73
0.0039556026458740234,positive,10.0,10.0,0.5029529929161072,0.9171397686004639,0.09251651912927628,-0.20792528986930847,173,75
0.004075050354003906,positive,10.0,10.0,0.5618037581443787,1.1084814071655273,0.07593946158885956,-0.4176437556743622,173,78
0.004111528396606445,positive,10.0,10.0,0.5839734077453613,0.9123700857162476,0.06758658587932587,-0.1020197793841362,173,79
0.004351615905761719,positive,10.0,10.0,0.6814520955085754,1.295930027961731,0.07953587174415588,-0.5416968464851379,173,85
0.004390716552734375,positive,10.0,10.0,0.7073706984519958,1.099785566329956,0.06870193779468536,-0.2250513881444931,173,86
0.004427909851074219,positive,10.0,10.0,0.7293663620948792,0.9037524461746216,0.06420090794563293,0.08848714828491211,173,87
0.0044634342193603516,positive,10.0,10.0,0.7474414110183716,0.7077717781066895,0.06597065180540085,0.40071457624435425,173,88
0.004498481750488281,positive,10.0,10.0,0.7615968585014343,0.901898980140686,0.07398494333028793,0.12953855097293854,173,89
0.004575490951538086,positive,10.0,10.0,0.8015525937080383,1.2898337841033936,0.07379738241434097,-0.4064921736717224,173,91
0.004627227783203125,positive,10.0,10.0,0.8273493051528931,1.0937472581863403,0.0656675398349762,-0.09148608893156052,173,92
0.004711151123046875,positive,10.0,10.0,0.8671792149543762,0.7017748951911926,0.06826123595237732,0.5332878828048706,173,94
0.004834413528442383,positive,10.0,10.0,0.8991321921348572,1.0897855758666992,0.08418440818786621,-0.003910923842340708,173,96
0.004889488220214844,positive,10.0,10.0,0.920927882194519,1.283605694770813,0.0841061919927597,-0.2688904106616974,173,97
0.004927396774291992,positive,10.0,10.0,0.9465999603271484,1.087390422821045,0.07872838526964188,0.049090128391981125,173,98
0.0050296783447265625,positive,10.0,10.0,0.9939737915992737,1.475197672843933,0.0753551572561264,-0.48426416516304016,173,100
0.005158901214599609,positive,10.0,10.0,1.0707217454910278,0.8871440291404724,0.06517036259174347,0.45550674200057983,173,103
0.0052013397216796875,positive,10.0,10.0,1.088464617729187,1.081286907196045,0.0742805004119873,0.18405714631080627,173,104
0.0052814483642578125,positive,10.0,10.0,1.1355957984924316,1.4691946506500244,0.07627565413713455,-0.35140261054039,173,106
0.005400180816650391,positive,10.0,10.0,1.2119817733764648,0.8810030817985535,0.07409460842609406,0.591513454914093,173,109
0.005583047866821289,positive,10.0,10.0,1.3057284355163574,1.2661712169647217,0.08948931097984314,0.11716709285974503,173,113
0.005621433258056641,positive,10.0,10.0,1.3310518264770508,1.4599045515060425,0.09183265268802643,-0.1459953635931015,173,114
0.005657196044921875,positive,10.0,10.0,1.3602498769760132,1.263595700263977,0.08891274034976959,0.1741880476474762,173,115
0.005692958831787109,positive,10.0,10.0,1.3855218887329102,1.457340121269226,0.09239650517702103,-0.08917462080717087,173,116
0.006214618682861328,negative,10.0,-10.0,1.7023240327835083,1.0504131317138672,0.15668876469135284,0.8742294311523438,173,128
0.006260871887207031,negative,10.0,-10.0,1.7233322858810425,1.2430975437164307,0.17417335510253906,0.6346217393875122,173,129
0.006304025650024414,negative,10.0,-10.0,1.7481942176818848,1.4354174137115479,0.18686579167842865,0.40145525336265564,173,130
0.006348133087158203,negative,10.0,-10.0,1.7769025564193726,1.2382047176361084,0.19489489495754242,0.7467437982559204,173,131
0.0008561611175537109,positive,10.0,10.0,0.0034650133457034826,-0.14912259578704834,-0.0005023780977353454,0.3232724666595459,174,1
0.0009763240814208984,positive,10.0,10.0,0.0014026918215677142,0.24104245007038116,0.006571694742888212,-0.2603644132614136,174,3
0.0010628700256347656,positive,10.0,10.0,0.0071400864981114864,-0.14931419491767883,0.0020520880352705717,0.3274971544742584,174,5
0.0011029243469238281,positive,10.0,10.0,0.004153802990913391,0.045778483152389526,0.008602031506597996,0.03546207398176193,174,6
0.0011844635009765625,positive,10.0,10.0,0.00208005728200078,0.04552242159843445,0.015928203240036964,0.041114453226327896,174,8
0.001222372055053711,positive,10.0,10.0,0.0029905058909207582,-0.14982427656650543,0.01675049401819706,0.338780015707016,174,9
0.0013039112091064453,positive,10.0,10.0,0.0008951277122832835,-0.15039588510990143,0.02455461397767067,0.3514377474784851,174,11
0.0014035701751708984,positive,10.0,10.0,-0.001225421205163002,-0.15119177103042603,0.03291532024741173,0.3690756559371948,174,13
0.001489400863647461,positive,10.0,10.0,-0.003380308160558343,-0.15222828090190887,0.042035844177007675,0.3920697271823883,174,15
0.0015287399291992188,positive,10.0,10.0,-0.006424873601645231,0.04227269068360329,0.049877237528562546,0.11293088644742966,174,16
0.0015680789947509766,positive,10.0,10.0,-0.0055794198997318745,-0.1535271555185318,0.052135854959487915,0.42092323303222656,174,17
0.0016934871673583984,positive,10.0,10.0,-0.010935899801552296,0.03905439376831055,0.07258227467536926,0.18425139784812927,174,20
0.00173187255859375,positive,10.0,10.0,-0.010154811665415764,0.23306681215763092,0.0762673020362854,-0.08468052744865417,174,21
0.0019011497497558594,positive,10.0,10.0,0.008363171480596066,-0.16111154854297638,0.07230552285909653,0.5890524983406067,174,25
0.0019388198852539062,positive,10.0,10.0,0.00514094065874815,0.03292739391326904,0.084086574614048,0.31999385356903076,174,26
0.002060413360595703,positive,10.0,10.0,0.018744103610515594,0.6141744256019592,0.08742881566286087,-0.470295250415802,174,29
0.0020973682403564453,positive,10.0,10.0,0.031027590855956078,0.41793328523635864,0.07802291214466095,-0.1513865441083908,174,30
0.002177000045776367,positive,10.0,10.0,0.05162338539958,0.4157562255859375,0.06662576645612717,-0.10311944037675858,174,32
0.0022580623626708984,positive,10.0,10.0,0.07213577628135681,0.4138864278793335,0.0570821687579155,-0.06173926591873169,174,34
0.0023360252380371094,positive,10.0,10.0,0.08477339148521423,0.02212127111852169,0.060815248638391495,0.5581554770469666,174,36
0.002373218536376953,positive,10.0,10.0,0.08521581441164017,0.21633917093276978,0.07197835296392441,0.28523585200309753,174,37
0.0025756359100341797,positive,10.0,10.0,0.1144232377409935,0.7951777577400208,0.09388618916273117,-0.4517587423324585,174,42
0.002614259719848633,positive,10.0,10.0,0.1303267925977707,0.5988621711730957,0.08485101908445358,-0.1310202181339264,174,43
0.002736330032348633,positive,10.0,10.0,0.17008720338344574,0.7904683351516724,0.0727483406662941,-0.34668147563934326,174,46
0.0028994083404541016,positive,10.0,10.0,0.22540506720542908,0.7867497205734253,0.059297822415828705,-0.2641451060771942,174,50
0.003021240234375,positive,10.0,10.0,0.2764624059200287,0.9796171188354492,0.038696903735399246,-0.5070779323577881,174,53
0.0030999183654785156,positive,10.0,10.0,0.3117341697216034,0.978674054145813,0.024506228044629097,-0.4859957993030548,174,55
0.003180265426635742,positive,10.0,10.0,0.34697195887565613,0.9781222939491272,0.011072489432990551,-0.47367316484451294,174,57
0.003217458724975586,positive,10.0,10.0,0.36653441190719604,1.173086166381836,0.0015990264946594834,-0.7628457546234131,174,58
0.0032982826232910156,positive,10.0,10.0,0.417359858751297,1.1732478141784668,-0.03475838899612427,-0.7666602730751038,174,60
0.003335714340209961,positive,10.0,10.0,0.44082480669021606,0.9786211848258972,-0.05009159445762634,-0.48511359095573425,174,61
0.0033855438232421875,positive,10.0,10.0,0.46039721369743347,0.7842406034469604,-0.0597938671708107,-0.20862919092178345,174,62
0.0034301280975341797,positive,10.0,10.0,0.4760820269584656,0.5900223255157471,-0.06396645307540894,0.0646086260676384,174,63
0.003469228744506836,positive,10.0,10.0,0.48788249492645264,0.3958730399608612,-0.06267427653074265,0.3364436626434326,174,64
0.003507375717163086,positive,10.0,10.0,0.4957999587059021,0.5918282866477966,-0.05594540387392044,0.024673664942383766,174,65
0.0035445690155029297,positive,10.0,10.0,0.5076364874839783,0.39755144715309143,-0.05545193329453468,0.29919368028640747,174,66
0.0035817623138427734,positive,10.0,10.0,0.515587568283081,0.5934181809425354,-0.049468059092760086,-0.010449332185089588,174,67
0.0037469863891601562,positive,10.0,10.0,0.5475374460220337,0.20574873685836792,-0.028765594586730003,0.5184453129768372,174,71
0.0037848949432373047,positive,10.0,10.0,0.5516523718833923,0.40126362442970276,-0.018396688625216484,0.21683841943740845,174,72
0.004040718078613281,positive,10.0,10.0,0.5803251266479492,0.40093716979026794,0.03616039454936981,0.22412364184856415,174,78
0.004125356674194336,positive,10.0,10.0,0.5924502015113831,0.39984482526779175,0.05120266601443291,0.24838586151599884,174,80
0.004163026809692383,positive,10.0,10.0,0.6004471182823181,0.20403043925762177,0.05617038533091545,0.5567694902420044,174,81
0.004201650619506836,positive,10.0,10.0,0.6045277118682861,0.3983207046985626,0.06730577349662781,0.2822991609573364,174,82
0.004239559173583984,positive,10.0,10.0,0.6124941110610962,0.20230649411678314,0.07295175641775131,0.5954276919364929,174,83
0.00427556037902832,positive,10.0,10.0,0.616540253162384,0.3963357210159302,0.08486030995845795,0.3265868127346039,174,84
0.004395484924316406,positive,10.0,10.0,0.6519470810890198,0.9775377511978149,0.08861492574214935,-0.46276727318763733,174,87
0.004431724548339844,positive,10.0,10.0,0.6714978814125061,0.7812825441360474,0.07935958355665207,-0.14352083206176758,174,88
0.00450897216796875,positive,10.0,10.0,0.7066271901130676,0.7790652513504028,0.06828617304563522,-0.09436649829149246,174,90
0.004785060882568359,positive,10.0,10.0,0.8113559484481812,0.9663593173027039,0.07060231268405914,-0.21473628282546997,174,97
0.004864692687988281,positive,10.0,10.0,0.8460891842842102,0.574296236038208,0.0682946965098381,0.41219955682754517,174,99
0.0049016475677490234,positive,10.0,10.0,0.8575751185417175,0.768386960029602,0.07653868943452835,0.14180520176887512,174,100
0.0049397945404052734,positive,10.0,10.0,0.8729428648948669,0.9623340368270874,0.07937479764223099,-0.1257832944393158,174,101
0.005023002624511719,positive,10.0,10.0,0.9153141975402832,0.9601106643676758,0.06901100277900696,-0.07651498168706894,174,103
0.0051479339599609375,positive,10.0,10.0,0.9611589312553406,0.7620900273323059,0.08322906494140625,0.28121814131736755,174,106
0.005187034606933594,positive,10.0,10.0,0.9764007329940796,0.565885603427887,0.08885342627763748,0.5989471673965454,174,107
0.005541563034057617,positive,10.0,10.0,1.14414381980896,1.3346620798110962,0.0859222561120987,-0.3168441951274872,174,115
0.005581378936767578,positive,10.0,10.0,1.1708370447158813,1.1384280920028687,0.07958537340164185,0.001650993013754487,174,116
0.00561976432800293,positive,10.0,10.0,1.1936055421829224,1.3323237895965576,0.07961839437484741,-0.2648985981941223,174,117
0.005656242370605469,positive,10.0,10.0,1.2202520370483398,1.1361610889434814,0.07432042062282562,0.05179646983742714,174,118
0.005692958831787109,positive,10.0,10.0,1.2429752349853516,1.3301430940628052,0.07535634934902191,-0.21654312312602997,174,119
0.005728483200073242,positive,10.0,10.0,1.2695780992507935,1.1340292692184448,0.07102549076080322,0.09892655164003372,174,120
0.005807638168334961,positive,10.0,10.0,1.3110179901123047,1.131980299949646,0.08126692473888397,0.14434166252613068,174,122
0.005884885787963867,positive,10.0,10.0,1.3601746559143066,1.1296296119689941,0.08172102272510529,0.1963641345500946,174,124
0.005921125411987305,positive,10.0,10.0,1.3827672004699707,1.3234933614730835,0.0856483057141304,-0.06946171820163727,174,125
0.005955696105957031,positive,10.0,10.0,1.4092371463775635,1.1272544860839844,0.08425907045602798,0.24896731972694397,174,126
0.006396293640136719,negative,10.0,-10.0,1.675256371498108,1.3060184717178345,0.14275911450386047,0.31939461827278137,174,137
0.0065534114837646484,negative,10.0,-10.0,1.771698236465454,1.2973551750183105,0.18544761836528778,0.5157642960548401,174,141
0.006591081619262695,negative,10.0,-10.0,1.7976453304290771,1.1001726388931274,0.19576290249824524,0.8606764674186707,174,142
0.000598907470703125,positive,10.0,10.0,-0.037202026695013046,-0.022408096119761467,0.05547013133764267,0.05163412168622017,175,2
0.0008184909820556641,positive,10.0,10.0,-0.04689546301960945,-0.025844255462288857,0.07344818115234375,0.1276886761188507,175,6
0.0008604526519775391,positive,10.0,10.0,-0.04741234704852104,0.16815285384655,0.07600194960832596,-0.1409480720758438,175,7
0.0009002685546875,positive,10.0,10.0,-0.04404928907752037,0.36210867762565613,0.07318299263715744,-0.40871888399124146,175,8
0.0012807846069335938,positive,10.0,10.0,-0.018611351028084755,0.5475821495056152,0.07417620718479156,-0.48888930678367615,175,17
0.0013208389282226562,positive,10.0,10.0,-0.007659708149731159,0.3514963686466217,0.06439841538667679,-0.1737816482782364,175,18
0.001360177993774414,positive,10.0,10.0,-0.0006297810468822718,0.1555146723985672,0.060922786593437195,0.13850156962871552,175,19
0.001440286636352539,positive,10.0,10.0,0.0016720215789973736,0.15374143421649933,0.07268812507390976,0.17781999707221985,175,21
0.0014774799346923828,positive,10.0,10.0,0.004746850114315748,0.3477519750595093,0.0762445256114006,-0.0910758450627327,175,22
0.0015134811401367188,positive,10.0,10.0,0.011701889336109161,0.5417029857635498,0.07442300766706467,-0.3587629795074463,175,23
0.0015492439270019531,positive,10.0,10.0,0.02253594808280468,0.34560626745224,0.06724774837493896,-0.04357200115919113,175,24
0.0016264915466308594,positive,10.0,10.0,0.03243982791900635,-0.046415604650974274,0.07176725566387177,0.5824050307273865,175,26
0.0017838478088378906,positive,10.0,10.0,0.05199760943651199,0.7289184331893921,0.08633317798376083,-0.477957159280777,175,30
0.0018215179443359375,positive,10.0,10.0,0.06657598167657852,0.5326904654502869,0.07677403837442398,-0.15936098992824554,175,31
0.0018572807312011719,positive,10.0,10.0,0.07722979038953781,0.7266340851783752,0.07358682155609131,-0.42687010765075684,175,32
0.002016782760620117,positive,10.0,10.0,0.11183667927980423,0.33271920680999756,0.07706916332244873,0.2414659559726715,175,36
0.002252817153930664,positive,10.0,10.0,0.1865324229001999,0.7162066102027893,0.06100280582904816,-0.1959438920021057,175,42
0.0022895336151123047,positive,10.0,10.0,0.20085656642913818,0.9104053378105164,0.05708392709493637,-0.4687764346599579,175,43
0.0023262500762939453,positive,10.0,10.0,0.21906466782093048,0.7145254015922546,0.04770839959383011,-0.15866152942180634,175,44
0.0024912357330322266,positive,10.0,10.0,0.291757732629776,0.712377667427063,0.013322003185749054,-0.111107237637043,175,48
0.002528667449951172,positive,10.0,10.0,0.3060052990913391,0.9073061943054199,0.011099858209490776,-0.39955756068229675,175,49
0.0027141571044921875,positive,10.0,10.0,0.3707734942436218,0.5169461369514465,-0.00890284776687622,0.18842490017414093,175,53
0.0027549266815185547,positive,10.0,10.0,0.38111239671707153,0.3219527006149292,-0.005134349688887596,0.47828608751296997,175,54
0.0027933120727539062,positive,10.0,10.0,0.3875514566898346,0.5171467661857605,0.004431372042745352,0.18398936092853546,175,55
0.0028302669525146484,positive,10.0,10.0,0.39789441227912903,0.3219617009162903,0.008111159317195415,0.47806692123413086,175,56
0.002912282943725586,positive,10.0,10.0,0.41467300057411194,0.3215979039669037,0.02143152616918087,0.48615655303001404,175,58
0.002991914749145508,positive,10.0,10.0,0.43143317103385925,0.3208576440811157,0.035160746425390244,0.5026500821113586,175,60
0.0030295848846435547,positive,10.0,10.0,0.43785032629966736,0.5154668092727661,0.04521374776959419,0.22125189006328583,175,61
0.003065347671508789,positive,10.0,10.0,0.44815966486930847,0.3197287321090698,0.0496387854218483,0.5278472900390625,175,62
0.003099679946899414,positive,10.0,10.0,0.4545542299747467,0.5141184329986572,0.06019572913646698,0.25120967626571655,175,63
0.00318145751953125,positive,10.0,10.0,0.47120043635368347,0.5123398900032043,0.07646503299474716,0.29081231355667114,175,65
0.0032596588134765625,positive,10.0,10.0,0.4955730736255646,0.9001443982124329,0.08274511247873306,-0.2424384206533432,175,67
0.0032956600189208984,positive,10.0,10.0,0.5135759711265564,1.0939929485321045,0.077896349132061,-0.507917046546936,175,68
0.003332376480102539,positive,10.0,10.0,0.5354558229446411,0.897864818572998,0.06773800402879715,-0.19173862040042877,175,69
0.003367900848388672,positive,10.0,10.0,0.5534131526947021,1.0919556617736816,0.06390323489904404,-0.4623074233531952,175,70
0.003606557846069336,positive,10.0,10.0,0.6412858963012695,0.6967369318008423,0.07815088331699371,0.23457713425159454,175,76
0.003683805465698242,positive,10.0,10.0,0.6730338931083679,1.0845025777816772,0.08219307661056519,-0.2979055643081665,175,78
0.003841876983642578,positive,10.0,10.0,0.7596595883369446,1.0801563262939453,0.06134766340255737,-0.2013503760099411,175,82
0.0038797855377197266,positive,10.0,10.0,0.7812626957893372,0.8842130899429321,0.05732065811753273,0.11003649234771729,175,83
0.0039157867431640625,positive,10.0,10.0,0.7989469766616821,0.6883186101913452,0.0595213882625103,0.4202386736869812,175,84
0.004034996032714844,positive,10.0,10.0,0.8440948128700256,0.8805758357048035,0.08006839454174042,0.1906818151473999,175,87
0.004071474075317383,positive,10.0,10.0,0.8617063164710999,0.6844051480293274,0.08388202637434006,0.5075100660324097,175,88
0.004389286041259766,positive,10.0,10.0,1.0484875440597534,1.0644829273223877,0.06470023840665817,0.1450658142566681,175,96
0.004546642303466797,positive,10.0,10.0,1.1335301399230957,1.4504274129867554,0.07887221872806549,-0.34695497155189514,175,100
0.004583597183227539,positive,10.0,10.0,1.1625386476516724,1.2542773485183716,0.07193311303853989,-0.03048017807304859,175,101
0.0046198368072509766,positive,10.0,10.0,1.187624216079712,1.4482979774475098,0.07132351398468018,-0.2996283769607544,175,102
0.00475621223449707,positive,10.0,10.0,1.2783640623092651,1.2505111694335938,0.0488218292593956,0.05273628979921341,175,105
0.0048372745513916016,positive,10.0,10.0,1.324468731880188,1.2491031885147095,0.05708484351634979,0.0838664323091507,175,107
0.004877328872680664,positive,10.0,10.0,1.3494508266448975,1.0532113313674927,0.05876217037439346,0.3939993381500244,175,108
0.004917144775390625,positive,10.0,10.0,1.3705151081085205,1.2474523782730103,0.0666421577334404,0.12040682137012482,175,109
0.004954099655151367,positive,10.0,10.0,1.3954640626907349,1.05144202709198,0.06905029714107513,0.4333479702472687,175,110
0.005076408386230469,positive,10.0,10.0,1.4701924324035645,1.2432668209075928,0.0789017453789711,0.21311135590076447,175,113
0.005282878875732422,positive,10.0,10.0,1.6020885705947876,1.0423178672790527,0.09368331730365753,0.6361585259437561,175,118
0.005530595779418945,negative,10.0,-10.0,1.754019021987915,1.4226523637771606,0.1392705738544464,0.26942580938339233,175,124
0.005613803863525391,negative,10.0,-10.0,1.8069889545440674,1.418680191040039,0.1567108929157257,0.3587418794631958,175,126
0.0056531429290771484,negative,10.0,-10.0,1.8353625535964966,1.2217180728912354,0.16388572752475739,0.6964493989944458,175,127
0.005693197250366211,negative,10.0,-10.0,1.8597970008850098,1.414233684539795,0.17781472206115723,0.45951223373413086,175,128
0.005780220031738281,negative,10.0,-10.0,1.9124237298965454,1.4092358350753784,0.2030559480190277,0.5740334391593933,175,130
0.00033020973205566406,positive,10.0,10.0,0.048543982207775116,0.03213486447930336,0.04143092781305313,-0.04962833225727081,176,0
0.0008335113525390625,positive,10.0,10.0,0.02822217345237732,-0.1664661020040512,0.07429563999176025,0.3206561803817749,176,5
0.0008759498596191406,positive,10.0,10.0,0.02489285171031952,0.027523502707481384,0.08070876449346542,0.05229732394218445,176,6
0.0009591579437255859,positive,10.0,10.0,0.029871340841054916,0.41526472568511963,0.07747731357812881,-0.47968482971191406,176,8
0.0010426044464111328,positive,10.0,10.0,0.0425594225525856,0.023114683106541634,0.06461114436388016,0.14967848360538483,176,10
0.0011246204376220703,positive,10.0,10.0,0.03956431522965431,0.02123448997735977,0.0768452063202858,0.19139358401298523,176,12
0.0012903213500976562,positive,10.0,10.0,0.05673173442482948,0.40691709518432617,0.07179144769906998,-0.2947387397289276,176,16
0.0013289451599121094,positive,10.0,10.0,0.06487007439136505,0.21084897220134735,0.06589667499065399,0.019694413989782333,176,17
0.0013661384582519531,positive,10.0,10.0,0.06908705830574036,0.01484691072255373,0.06629056483507156,0.3324190080165863,176,18
0.0014891624450683594,positive,10.0,10.0,0.08162271231412888,0.5969576239585876,0.0700170025229454,-0.4758487939834595,176,21
0.0015249252319335938,positive,10.0,10.0,0.09356186538934708,0.40092045068740845,0.06050002574920654,-0.1619453728199005,176,22
0.001562356948852539,positive,10.0,10.0,0.10158027708530426,0.20498692989349365,0.05726112052798271,0.14919337630271912,176,23
0.0015978813171386719,positive,10.0,10.0,0.10568001121282578,0.009093746542930603,0.06024498492479324,0.45937711000442505,176,24
0.0016324520111083984,positive,10.0,10.0,0.10586188733577728,0.2033146619796753,0.06943252682685852,0.18627557158470154,176,25
0.0016694068908691406,positive,10.0,10.0,0.1099281832575798,0.007271537557244301,0.07315804064273834,0.5000284910202026,176,26
0.001705169677734375,positive,10.0,10.0,0.11007361114025116,0.20129002630710602,0.08315861225128174,0.231268510222435,176,27
0.0017409324645996094,positive,10.0,10.0,0.1140994131565094,0.39513131976127625,0.08778397738933563,-0.03406819701194763,176,28
0.0017769336700439453,positive,10.0,10.0,0.12200204282999039,0.5888919234275818,0.08710261434316635,-0.29781460762023926,176,29
0.0019466876983642578,positive,10.0,10.0,0.16897064447402954,0.5842678546905518,0.06644909828901291,-0.19505628943443298,176,33
0.0020744800567626953,positive,10.0,10.0,0.20787222683429718,0.7767531275749207,0.05014006048440933,-0.429763525724411,176,36
0.002112865447998047,positive,10.0,10.0,0.2234072983264923,0.580958366394043,0.04154478758573532,-0.12170539796352386,176,37
0.002151012420654297,positive,10.0,10.0,0.23502646386623383,0.7754611968994141,0.03911067917943001,-0.4009973108768463,176,38
0.002189159393310547,positive,10.0,10.0,0.2505356967449188,0.5798069834709167,0.031090734526515007,-0.09624474495649338,176,39
0.0022263526916503906,positive,10.0,10.0,0.26213181018829346,0.7744698524475098,0.02916583977639675,-0.37895873188972473,176,40
0.002263307571411133,positive,10.0,10.0,0.27762120962142944,0.578946053981781,0.021586665883660316,-0.07722430676221848,176,41
0.0023009777069091797,positive,10.0,10.0,0.2892001271247864,0.7737520337104797,0.0200421791523695,-0.3630191683769226,176,42
0.0023593902587890625,positive,10.0,10.0,0.3046751916408539,0.5783510208129883,0.012781796045601368,-0.06408453732728958,176,43
0.0024950504302978516,positive,10.0,10.0,0.3510728180408478,0.7730603218078613,-0.008388884365558624,-0.3476623296737671,176,46
0.002533435821533203,positive,10.0,10.0,0.366534024477005,0.5780587196350098,-0.01534213125705719,-0.05763647332787514,176,47
0.0025701522827148438,positive,10.0,10.0,0.37809520959854126,0.3831600546836853,-0.016494860872626305,0.23016668856143951,176,48
0.002607583999633789,positive,10.0,10.0,0.3857583999633789,0.18827763199806213,-0.01189152617007494,0.5176012516021729,176,49
0.0026903152465820312,positive,10.0,10.0,0.3971952497959137,0.18846507370471954,0.0028843970503658056,0.5133918523788452,176,51
0.0027725696563720703,positive,10.0,10.0,0.4086354970932007,0.18823882937431335,0.01758461818099022,0.5184217095375061,176,53
0.0028531551361083984,positive,10.0,10.0,0.42006245255470276,0.18759885430335999,0.032579682767391205,0.5326990485191345,176,55
0.002890348434448242,positive,10.0,10.0,0.42381441593170166,-0.007965807802975178,0.04323366656899452,0.8354671001434326,176,56
0.003004789352416992,positive,10.0,10.0,0.4195820987224579,-0.009361376985907555,0.08277154713869095,0.8681290745735168,176,58
0.0035753250122070312,positive,10.0,10.0,0.6287398338317871,0.7507340908050537,0.06605346500873566,0.14503775537014008,176,72
0.003615856170654297,positive,10.0,10.0,0.6437545418739319,0.5547314286231995,0.0689542144536972,0.45780619978904724,176,73
0.0037424564361572266,positive,10.0,10.0,0.6886801719665527,1.136595606803894,0.08027443289756775,-0.3451991677284241,176,76
0.0037806034088134766,positive,10.0,10.0,0.7114120721817017,0.9404289722442627,0.07337044924497604,-0.028321407735347748,176,77
0.003949403762817383,positive,10.0,10.0,0.7865227460861206,0.9364359974861145,0.07383427023887634,0.060000479221343994,176,81
0.004071950912475586,positive,10.0,10.0,0.8543479442596436,1.1283519268035889,0.06133207678794861,-0.16245649755001068,176,84
0.004334926605224609,positive,10.0,10.0,0.9621739983558655,1.1224926710128784,0.08863005042076111,-0.03301920369267464,176,90
0.00449061393737793,positive,10.0,10.0,1.0333482027053833,1.313835859298706,0.08249224722385406,-0.2431081235408783,176,93
0.004530191421508789,positive,10.0,10.0,1.0596249103546143,1.1176384687423706,0.07763008773326874,0.07441247999668121,176,94
0.004773616790771484,positive,10.0,10.0,1.205113410949707,1.1110541820526123,0.07636425644159317,0.22004753351211548,176,100
0.004811286926269531,positive,10.0,10.0,1.2273344993591309,1.3050062656402588,0.08076521009206772,-0.04760337620973587,176,101
0.0049364566802978516,positive,10.0,10.0,1.3016655445098877,1.1064882278442383,0.08526068925857544,0.3212507665157318,176,104
0.005015850067138672,positive,10.0,10.0,1.3498013019561768,1.1039903163909912,0.0928182452917099,0.37677106261253357,176,106
0.005339622497558594,negative,10.0,-10.0,1.5412135124206543,1.0912022590637207,0.14824612438678741,0.6640623807907104,176,114
0.0053784847259521484,negative,10.0,-10.0,1.5630375146865845,1.2839850187301636,0.1615273654460907,0.42148497700691223,176,115
0.005457639694213867,negative,10.0,-10.0,1.618247151374817,1.2793993949890137,0.17363232374191284,0.5248725414276123,176,117
0.005492687225341797,negative,10.0,-10.0,1.6438350677490234,1.4717074632644653,0.1841297745704651,0.2915396988391876,176,118
0.005570650100708008,negative,10.0,-10.0,1.6987593173980713,1.4665392637252808,0.20268407464027405,0.4088151752948761,176,120
0.00015616416931152344,positive,10.0,10.0,0.02496398612856865,0.03600247949361801,0.02345525473356247,-0.0031689046882092953,177,0
0.00022029876708984375,positive,10.0,10.0,0.025684036314487457,-0.15944786369800568,0.023391876369714737,0.2968211770057678,177,1
0.0004208087921142578,positive,10.0,10.0,0.020687628537416458,-0.16112536191940308,0.03643197938799858,0.33394914865493774,177,5
0.0005059242248535156,positive,10.0,10.0,0.018134312704205513,-0.16225311160087585,0.04417043924331665,0.3589410185813904,177,7
0.0005459785461425781,positive,10.0,10.0,0.014889251440763474,0.032214004546403885,0.05134925991296768,0.08050674945116043,177,8
0.0005939006805419922,positive,10.0,10.0,0.015533531084656715,-0.1636050045490265,0.05295939743518829,0.38893815875053406,177,9
0.0006344318389892578,positive,10.0,10.0,0.012261430732905865,-0.35943707823753357,0.060738157480955124,0.697837233543396,177,10
0.0006742477416992188,positive,10.0,10.0,0.005072689149528742,-0.16520759463310242,0.07469490170478821,0.42487627267837524,177,11
0.0007123947143554688,positive,10.0,10.0,0.0017685373313724995,-0.36130374670028687,0.08319243043661118,0.7401401996612549,177,12
0.0011932849884033203,positive,10.0,10.0,0.05721012130379677,0.598373293876648,0.07714016735553741,-0.37527358531951904,177,23
0.0012774467468261719,positive,10.0,10.0,0.07722249627113342,0.2061975598335266,0.06844870001077652,0.25451526045799255,177,25
0.0013575553894042969,positive,10.0,10.0,0.08154981583356857,0.20418602228164673,0.08489857614040375,0.29933977127075195,177,27
0.0013954639434814453,positive,10.0,10.0,0.0856335312128067,0.39800167083740234,0.09088537096977234,0.034593600779771805,177,28
0.0014760494232177734,positive,10.0,10.0,0.10542777925729752,0.395407497882843,0.08701550215482712,0.09201985597610474,177,30
0.0015125274658203125,positive,10.0,10.0,0.11333592981100082,0.5891814827919006,0.08885589987039566,-0.17199106514453888,177,31
0.0015490055084228516,positive,10.0,10.0,0.12511956691741943,0.7829266786575317,0.08541607856750488,-0.4353731572628021,177,32
0.001584768295288086,positive,10.0,10.0,0.1407780945301056,0.5867059826850891,0.07670861482620239,-0.11703333258628845,177,33
0.0016629695892333984,positive,10.0,10.0,0.1681252121925354,0.5845551490783691,0.06667667627334595,-0.06939040124416351,177,35
0.0017452239990234375,positive,10.0,10.0,0.1953895390033722,0.5826737880706787,0.05848259851336479,-0.027777938172221184,177,37
0.0017838478088378906,positive,10.0,10.0,0.20704300701618195,0.7769103646278381,0.05792703852057457,-0.3014506995677948,177,38
0.0018222332000732422,positive,10.0,10.0,0.22258122265338898,0.5810127258300781,0.05189802497625351,0.008923983201384544,177,39
0.0018582344055175781,positive,10.0,10.0,0.23420147597789764,0.7753534317016602,0.05207650363445282,-0.26694345474243164,177,40
0.001943349838256836,positive,10.0,10.0,0.26910245418548584,0.7739484310150146,0.03588249534368515,-0.2357219010591507,177,42
0.002027273178100586,positive,10.0,10.0,0.3039522171020508,0.7729932069778442,0.020830579102039337,-0.21453450620174408,177,44
0.002063751220703125,positive,10.0,10.0,0.31941208243370056,0.9678112268447876,0.016539888456463814,-0.5005744099617004,177,45
0.0021431446075439453,positive,10.0,10.0,0.3542174994945526,0.5772453546524048,0.00247389473952353,0.09200988709926605,177,47
0.002180814743041992,positive,10.0,10.0,0.3657624125480652,0.3820880353450775,0.004314092453569174,0.38547229766845703,177,48
0.002217531204223633,positive,10.0,10.0,0.3734041750431061,0.5771484971046448,0.01202353835105896,0.09415269643068314,177,49
0.0022962093353271484,positive,10.0,10.0,0.39258426427841187,0.18653975427150726,0.02171868458390236,0.6876395344734192,177,51
0.0023746490478515625,positive,10.0,10.0,0.40394213795661926,0.5759549736976624,0.043508924543857574,0.12058047205209732,177,53
0.0024099349975585938,positive,10.0,10.0,0.4154612123966217,0.38023751974105835,0.045920535922050476,0.42666637897491455,177,54
0.002487659454345703,positive,10.0,10.0,0.43455958366394043,0.3788222670555115,0.05742998421192169,0.4581586718559265,177,56
0.0025238990783691406,positive,10.0,10.0,0.4421360194683075,0.5730873346328735,0.06659315526485443,0.18411663174629211,177,57
0.002802133560180664,positive,10.0,10.0,0.5414234399795532,1.1504778861999512,0.07312819361686707,-0.5200265049934387,177,64
0.002850770950317383,positive,10.0,10.0,0.5644329786300659,0.95440673828125,0.0627276599407196,-0.2052253782749176,177,65
0.002892017364501953,positive,10.0,10.0,0.5835211277008057,0.758446455001831,0.05862315371632576,0.10656678676605225,177,66
0.0029289722442626953,positive,10.0,10.0,0.5986900329589844,0.5625355243682861,0.06075448915362358,0.4171536862850189,177,67
0.0029692649841308594,positive,10.0,10.0,0.609940767288208,0.756746232509613,0.06909756362438202,0.14422592520713806,177,68
0.0031561851501464844,positive,10.0,10.0,0.6703569293022156,1.1424221992492676,0.08336842805147171,-0.34202513098716736,177,72
0.003246784210205078,positive,10.0,10.0,0.7121297121047974,1.1401649713516235,0.07604270428419113,-0.29185083508491516,177,74
0.0033774375915527344,positive,10.0,10.0,0.7687737941741943,0.9420396685600281,0.07743782550096512,0.0682111531496048,177,77
0.003459453582763672,positive,10.0,10.0,0.8103339672088623,0.9398154616355896,0.07482065260410309,0.11739391088485718,177,79
0.003496408462524414,positive,10.0,10.0,0.8291302919387817,1.133790135383606,0.0771685317158699,-0.150777205824852,177,80
0.0035343170166015625,positive,10.0,10.0,0.851806104183197,1.3277270793914795,0.07415298372507095,-0.41815194487571716,177,81
0.0035707950592041016,positive,10.0,10.0,0.8783606290817261,1.1316369771957397,0.06578994542360306,-0.1030440405011177,177,82
0.003607034683227539,positive,10.0,10.0,0.9009933471679688,0.9356368780136108,0.06372907012701035,0.20964835584163666,177,83
0.003643035888671875,positive,10.0,10.0,0.9197061061859131,0.7396643161773682,0.06792203336954117,0.5217341184616089,177,84
0.003762483596801758,positive,10.0,10.0,0.9757285118103027,1.3215217590332031,0.08306537568569183,-0.2810254693031311,177,87
0.003849506378173828,positive,10.0,10.0,1.0324662923812866,1.3192468881607056,0.0665169209241867,-0.2303532212972641,177,89
0.0038881301879882812,positive,10.0,10.0,1.0588512420654297,1.12324059009552,0.061909858137369156,0.08254759013652802,177,90
0.004056215286254883,positive,10.0,10.0,1.1486005783081055,1.119385004043579,0.0709412544965744,0.1678488552570343,177,94
0.004136085510253906,positive,10.0,10.0,1.1894546747207642,1.1173220872879028,0.08393905311822891,0.21366924047470093,177,96
0.004172563552856445,positive,10.0,10.0,1.2118011713027954,1.3111499547958374,0.08821243792772293,-0.05139973759651184,177,97
0.00420832633972168,positive,10.0,10.0,1.238024115562439,1.114881157875061,0.08718444406986237,0.26775962114334106,177,98
0.004243373870849609,positive,10.0,10.0,1.2603217363357544,1.3086576461791992,0.09253963828086853,0.0037985944654792547,177,99
0.0046803951263427734,negative,10.0,-10.0,1.527114987373352,1.0959502458572388,0.1583850085735321,0.6923907995223999,177,110
0.0047190189361572266,negative,10.0,-10.0,1.5490339994430542,1.2885617017745972,0.17223282158374786,0.4534606635570526,177,111
0.0047571659088134766,negative,10.0,-10.0,1.5748052597045898,1.4808831214904785,0.1813020259141922,0.21963313221931458,177,112
0.004796743392944336,negative,10.0,-10.0,1.604422926902771,1.2836952209472656,0.18569469451904297,0.5635783076286316,177,113
0.00031280517578125,positive,10.0,10.0,-0.03599610924720764,-0.23476570844650269,0.013813174329698086,0.343811571598053,178,1
0.0005502700805664062,positive,10.0,10.0,-0.04619338735938072,-0.04045005142688751,0.028892820701003075,0.06892448663711548,178,4
0.0009770393371582031,positive,10.0,10.0,-0.06377314776182175,-0.23967640101909637,0.06074434891343117,0.45284488797187805,178,11
0.0010175704956054688,positive,10.0,10.0,-0.06856667250394821,-0.045463692396879196,0.06980124861001968,0.17991100251674652,178,12
0.0010564327239990234,positive,10.0,10.0,-0.06947594881057739,-0.24151146411895752,0.07339946925640106,0.4937714636325836,178,13
0.0011413097381591797,positive,10.0,10.0,-0.07525612413883209,0.14634186029434204,0.08777677267789841,-0.04020276293158531,178,15
0.001226186752319336,positive,10.0,10.0,-0.06552723050117493,0.14385579526424408,0.08089368045330048,0.014843638055026531,178,17
0.001264333724975586,positive,10.0,10.0,-0.06265011429786682,0.3377300500869751,0.0811905562877655,-0.2512599527835846,178,18
0.001302480697631836,positive,10.0,10.0,-0.05589551478624344,0.5316044092178345,0.07616535574197769,-0.5172697305679321,178,19
0.0013408660888671875,positive,10.0,10.0,-0.04526342451572418,0.33549731969833374,0.06581996381282806,-0.201590895652771,178,20
0.0013785362243652344,positive,10.0,10.0,-0.03855348005890846,0.139498770236969,0.06178814545273781,0.11110739409923553,178,21
0.0014157295227050781,positive,10.0,10.0,-0.03576350584626198,-0.05645164102315903,0.06401029229164124,0.4226262867450714,178,22
0.0015001296997070312,positive,10.0,10.0,-0.034138381481170654,0.33172139525413513,0.07547861337661743,-0.1181814894080162,178,24
0.0016248226165771484,positive,10.0,10.0,-0.010398133657872677,0.13361014425754547,0.06396601349115372,0.24125754833221436,178,27
0.0017080307006835938,positive,10.0,10.0,-0.008973219431936741,0.13172748684883118,0.07985939830541611,0.28317078948020935,178,29
0.0018291473388671875,positive,10.0,10.0,0.010562287643551826,0.713220477104187,0.08090059459209442,-0.5122308135032654,178,32
0.0019087791442871094,positive,10.0,10.0,0.03516785055398941,0.7111016511917114,0.06675217300653458,-0.4647742509841919,178,34
0.0019466876983642578,positive,10.0,10.0,0.04938988387584686,0.5151030421257019,0.05745668709278107,-0.1518206000328064,178,35
0.0020287036895751953,positive,10.0,10.0,0.07387909293174744,0.5135083794593811,0.045903511345386505,-0.11650801450014114,178,37
0.0020685195922851562,positive,10.0,10.0,0.08414925634860992,0.7079435586929321,0.04357335343956947,-0.3943626880645752,178,38
0.002317667007446289,positive,10.0,10.0,0.1572432965040207,0.7053539156913757,0.01719595491886139,-0.3368569612503052,178,44
0.002499103546142578,positive,10.0,10.0,0.2058435082435608,0.7047805190086365,0.0024705552496016026,-0.32414257526397705,178,48
0.0025396347045898438,positive,10.0,10.0,0.21993912756443024,0.5096235275268555,-0.004012296441942453,-0.03068157471716404,178,49
0.0026657581329345703,positive,10.0,10.0,0.2544225752353668,0.7050266265869141,-0.011786626651883125,-0.3295772969722748,178,52
0.0028259754180908203,positive,10.0,10.0,0.30304592847824097,0.7060958743095398,-0.02702181413769722,-0.3532516658306122,178,56
0.002865314483642578,positive,10.0,10.0,0.31716784834861755,0.5113683342933655,-0.03408684581518173,-0.06921049952507019,178,57
0.002901792526245117,positive,10.0,10.0,0.3273952305316925,0.706961989402771,-0.035471055656671524,-0.3724501430988312,178,58
0.00293731689453125,positive,10.0,10.0,0.34153446555137634,0.512361466884613,-0.0429200604557991,-0.09115920960903168,178,59
0.003014087677001953,positive,10.0,10.0,0.3659431040287018,0.513611912727356,-0.052684612572193146,-0.11882125586271286,178,61
0.003171682357788086,positive,10.0,10.0,0.3915169835090637,0.1263321489095688,-0.0408330038189888,0.4017295241355896,178,65
0.003373861312866211,positive,10.0,10.0,0.4198569357395172,0.3235622048377991,-0.026241345331072807,0.062156956642866135,178,70
0.0034127235412597656,positive,10.0,10.0,0.426328182220459,0.12882614135742188,-0.02499820664525032,0.3464464247226715,178,71
0.0034928321838378906,positive,10.0,10.0,0.4353905916213989,0.12943634390830994,-0.01714954525232315,0.33291423320770264,178,73
0.0035293102264404297,positive,10.0,10.0,0.4379793107509613,-0.06543736904859543,-0.010491260327398777,0.6201400756835938,178,74
0.0037679672241210938,positive,10.0,10.0,0.45743948221206665,0.32421875,0.02303992211818695,0.04766475781798363,178,80
0.0038852691650390625,positive,10.0,10.0,0.47297024726867676,0.12799511849880219,0.0321938693523407,0.36478856205940247,178,83
0.003965616226196289,positive,10.0,10.0,0.4819830656051636,0.1269799768924713,0.04113820567727089,0.38730403780937195,178,85
0.004128456115722656,positive,10.0,10.0,0.49986809492111206,0.1241506040096283,0.062141053378582,0.4502031207084656,178,89
0.004845142364501953,positive,10.0,10.0,0.6788532733917236,0.6855787038803101,0.08612604439258575,0.09974495321512222,178,106
0.004926204681396484,positive,10.0,10.0,0.7101521492004395,1.073124647140503,0.08482952415943146,-0.42820510268211365,178,108
0.004964351654052734,positive,10.0,10.0,0.7316146492958069,0.8769102096557617,0.07626542448997498,-0.11003176122903824,178,109
0.0052373409271240234,positive,10.0,10.0,0.8248329162597656,0.8707101941108704,0.0873810276389122,0.027163878083229065,178,115
0.0052776336669921875,positive,10.0,10.0,0.8422470688819885,1.0644774436950684,0.08792430907487869,-0.2367207109928131,178,116
0.005316972732543945,positive,10.0,10.0,0.8635366559028625,1.2582403421401978,0.08318988978862762,-0.5004259943962097,178,117
0.005357503890991211,positive,10.0,10.0,0.8887014389038086,1.062050223350525,0.07318137586116791,-0.18272891640663147,178,118
0.005438566207885742,positive,10.0,10.0,0.9272617101669312,0.6699162125587463,0.07216905057430267,0.4458950161933899,178,120
0.005476713180541992,positive,10.0,10.0,0.9406599998474121,0.8639468550682068,0.08108695596456528,0.17680586874485016,178,121
0.005678653717041016,positive,10.0,10.0,1.0346076488494873,1.0524442195892334,0.09259098023176193,0.02980881743133068,178,126
0.0057179927825927734,positive,10.0,10.0,1.0556564331054688,1.2461247444152832,0.09318716078996658,-0.23228472471237183,178,127
0.005960226058959961,positive,10.0,10.0,1.2087295055389404,0.8493809103965759,0.06752187013626099,0.4985220730304718,178,133
0.005997657775878906,positive,10.0,10.0,1.2257170677185059,1.0434890985488892,0.07749231159687042,0.22785954177379608,178,134
0.006033897399902344,positive,10.0,10.0,1.2465869188308716,1.237423062324524,0.08204949647188187,-0.03940838947892189,178,135
0.0061113834381103516,positive,10.0,10.0,1.299960970878601,1.235098123550415,0.0751589760184288,0.012046216987073421,178,137
0.006188392639160156,positive,10.0,10.0,1.3532441854476929,1.2329533100128174,0.07027973234653473,0.059471603482961655,178,139
0.0062656402587890625,positive,10.0,10.0,1.3986412286758423,1.2309354543685913,0.07893864810466766,0.10415460169315338,178,141
0.006423473358154297,positive,10.0,10.0,1.504781723022461,1.2264052629470825,0.07860545814037323,0.20437407493591309,178,145
0.006521463394165039,positive,10.0,10.0,1.5577162504196167,1.614165186882019,0.08144266158342361,-0.328003853559494,178,147
0.006607532501220703,positive,10.0,10.0,1.6183592081069946,1.2218724489212036,0.07466679066419601,0.3045481741428375,178,149
0.006688833236694336,positive,10.0,10.0,1.6711138486862183,1.219673752784729,0.08148407936096191,0.3533465564250946,178,151
0.006726980209350586,positive,10.0,10.0,1.695507287979126,1.4135481119155884,0.08855100721120834,0.08742960542440414,178,152
0.00693821907043457,positive,10.0,10.0,1.8443983793258667,1.6017507314682007,0.09147537499666214,-0.053199492394924164,178,157
0.007044792175292969,positive,10.0,10.0,1.9123424291610718,1.599164366722107,0.08409783989191055,0.0040932330302894115,178,159
0.007089138031005859,negative,10.0,-10.0,1.9443256855010986,1.7929859161376953,0.08417969942092896,-0.2609158754348755,178,160
0.007221698760986328,negative,10.0,-10.0,2.0557351112365723,1.9847524166107178,0.06425482034683228,-0.4797545373439789,178,163
0.007261514663696289,negative,10.0,-10.0,2.0954301357269287,1.7887850999832153,0.054659731686115265,-0.16753213107585907,178,164
0.007348060607910156,negative,10.0,-10.0,2.170867443084717,2.177443504333496,0.04245942831039429,-0.7185606956481934,178,166
0.007391691207885742,negative,10.0,-10.0,2.214416265487671,2.371953010559082,0.028088215738534927,-0.9975826144218445,178,167
0.007431983947753906,negative,10.0,-10.0,2.261855363845825,2.176466941833496,0.008136563003063202,-0.6962124109268188,178,168
0.007515430450439453,negative,10.0,-10.0,2.352814197540283,2.56667423248291,-0.025514142587780952,-1.280817985534668,178,170
0.0005321502685546875,positive,10.0,10.0,-0.01755739189684391,-0.1460372358560562,0.017422478646039963,0.31376469135284424,179,3
0.0010094642639160156,positive,10.0,10.0,-0.027615942060947418,-0.15111088752746582,0.058939434587955475,0.4263003468513489,179,13
0.0010521411895751953,positive,10.0,10.0,-0.030638158321380615,0.04312887787818909,0.06746543943881989,0.15276479721069336,179,14
0.001093149185180664,positive,10.0,10.0,-0.029775580391287804,-0.15289098024368286,0.07052073627710342,0.4659454822540283,179,15
0.0011761188507080078,positive,10.0,10.0,-0.03201005235314369,0.23506192862987518,0.08376559615135193,-0.07017004489898682,179,17
0.0012154579162597656,positive,10.0,10.0,-0.027308814227581024,0.42888930439949036,0.08236218988895416,-0.33529338240623474,179,18
0.0014650821685791016,positive,10.0,10.0,0.019934644922614098,0.03284680098295212,0.05512465164065361,0.3797357678413391,179,24
0.001546621322631836,positive,10.0,10.0,0.02513446845114231,0.03118230029940605,0.06481797993183136,0.4167231023311615,179,26
0.0015845298767089844,positive,10.0,10.0,0.02575811557471752,0.22532863914966583,0.07315243780612946,0.1451582908630371,179,27
0.0016205310821533203,positive,10.0,10.0,0.030264688655734062,0.419330894947052,0.0760556012392044,-0.12357918173074722,179,28
0.001741170883178711,positive,10.0,10.0,0.059261027723550797,0.2212005853652954,0.06422968208789825,0.23629771173000336,179,31
0.0018608570098876953,positive,10.0,10.0,0.06857572495937347,0.4132077097892761,0.08549311012029648,0.01190195418894291,179,34
0.001897573471069336,positive,10.0,10.0,0.076839879155159,0.6070061326026917,0.0857311487197876,-0.2526296079158783,179,35
0.0019338130950927734,positive,10.0,10.0,0.08897999674081802,0.8008059859275818,0.0806785523891449,-0.5170876383781433,179,36
0.0019686222076416016,positive,10.0,10.0,0.10499612241983414,0.6046462059020996,0.07033680379390717,-0.20011131465435028,179,37
0.002003908157348633,positive,10.0,10.0,0.11708904057741165,0.7986953854560852,0.06633457541465759,-0.4698033630847931,179,38
0.002081155776977539,positive,10.0,10.0,0.14511699974536896,0.7969646453857422,0.053799066692590714,-0.43116268515586853,179,40
0.0021190643310546875,positive,10.0,10.0,0.1610562950372696,0.6011238098144531,0.045175813138484955,-0.12201714515686035,179,41
0.0021576881408691406,positive,10.0,10.0,0.1730787605047226,0.7955703735351562,0.042735468596220016,-0.4001122713088989,179,42
0.002196073532104492,positive,10.0,10.0,0.18899017572402954,0.5998691320419312,0.03473322466015816,-0.09426796436309814,179,43
0.0024001598358154297,positive,10.0,10.0,0.25669223070144653,0.7930786609649658,0.015574691817164421,-0.3447672426700592,179,48
0.0024847984313964844,positive,10.0,10.0,0.2845085859298706,0.7927350997924805,0.007735067047178745,-0.33714592456817627,179,50
0.002522706985473633,positive,10.0,10.0,0.30036330223083496,0.5975039601325989,0.0009921487653627992,-0.0420338436961174,179,51
0.0025594234466552734,positive,10.0,10.0,0.31231337785720825,0.7926116585731506,0.00015147181693464518,-0.3344035744667053,179,52
0.002699136734008789,positive,10.0,10.0,0.3559693992137909,0.5976863503456116,-0.014098277315497398,-0.04606126248836517,179,55
0.002784252166748047,positive,10.0,10.0,0.3759785294532776,0.20786511898040771,-0.01017669402062893,0.5300481915473938,179,57
0.0030281543731689453,positive,10.0,10.0,0.4126243591308594,0.20698702335357666,0.035982225090265274,0.5496128797531128,179,63
0.003068208694458008,positive,10.0,10.0,0.4167640805244446,0.40158554911613464,0.046974483877420425,0.2684805393218994,179,64
0.0031473636627197266,positive,10.0,10.0,0.4367159307003021,0.40017470717430115,0.052163612097501755,0.2997037470340729,179,66
0.0031843185424804688,positive,10.0,10.0,0.44471943378448486,0.5945158004760742,0.05815768614411354,0.023917729035019875,179,67
0.0032668113708496094,positive,10.0,10.0,0.4645819365978241,0.5928506851196289,0.06532340496778488,0.06073719635605812,179,69
0.0033507347106933594,positive,10.0,10.0,0.48437607288360596,0.5909726619720459,0.07400402426719666,0.10231073200702667,179,71
0.003389120101928711,positive,10.0,10.0,0.496195524930954,0.7849603295326233,0.07605023682117462,-0.1661369949579239,179,72
0.00379180908203125,positive,10.0,10.0,0.6483750939369202,1.1647344827651978,0.06881168484687805,-0.5215033292770386,179,82
0.0038299560546875,positive,10.0,10.0,0.6716697812080383,0.9687147736549377,0.058381617069244385,-0.20795504748821259,179,83
0.003952980041503906,positive,10.0,10.0,0.718039333820343,0.7712342739105225,0.0645105242729187,0.13741840422153473,179,86
0.0039920806884765625,positive,10.0,10.0,0.7334640026092529,0.5752504467964172,0.06725889444351196,0.44973552227020264,179,87
0.004075288772583008,positive,10.0,10.0,0.7603562474250793,0.9633124470710754,0.07983338832855225,-0.08869767189025879,179,89
0.004155635833740234,positive,10.0,10.0,0.8027665615081787,0.9610646963119507,0.07095616310834885,-0.038923341780900955,179,91
0.004193305969238281,positive,10.0,10.0,0.8219878673553467,0.7650007605552673,0.07017768919467926,0.2752761244773865,179,92
0.0042302608489990234,positive,10.0,10.0,0.8372879028320312,0.5689513683319092,0.07568321377038956,0.5892416834831238,179,93
0.004430055618286133,positive,10.0,10.0,0.9329475164413452,1.1477317810058594,0.08165126293897629,-0.1455283761024475,179,98
0.004469633102416992,positive,10.0,10.0,0.9559021592140198,1.3415952920913696,0.078740693628788,-0.4113759696483612,179,99
0.004687070846557617,positive,10.0,10.0,1.0586458444595337,1.1412181854248047,0.08892597258090973,-0.0013504063244909048,179,104
0.004726409912109375,positive,10.0,10.0,1.0814701318740845,1.3349597454071045,0.08889896422624588,-0.2647046148777008,179,105
0.004807233810424805,positive,10.0,10.0,1.1309431791305542,1.3325186967849731,0.08469769358634949,-0.21053697168827057,179,107
0.004844188690185547,positive,10.0,10.0,1.1575934886932373,1.1362942457199097,0.0804869532585144,0.10761591047048569,179,108
0.004881143569946289,positive,10.0,10.0,1.1803194284439087,1.3301761150360107,0.08263926953077316,-0.1586277335882187,179,109
0.004917144775390625,positive,10.0,10.0,1.2069228887557983,1.1339741945266724,0.07946671545505524,0.15893903374671936,179,110
0.004954099655151367,positive,10.0,10.0,1.2296024560928345,1.3278738260269165,0.08264549821615219,-0.1076538935303688,179,111
0.0050334930419921875,positive,10.0,10.0,1.2787933349609375,1.3255550861358643,0.08469074219465256,-0.05632929503917694,179,113
0.005070686340332031,positive,10.0,10.0,1.3053044080734253,1.1293272972106934,0.0835641622543335,0.26182669401168823,179,114
0.005106210708618164,positive,10.0,10.0,1.3278909921646118,1.3231631517410278,0.08880069106817245,-0.0033732557203620672,179,115
0.005143880844116211,positive,10.0,10.0,1.3543542623519897,1.126887321472168,0.08873322606086731,0.3159535825252533,179,116
0.00558161735534668,negative,10.0,-10.0,1.6201629638671875,1.3038814067840576,0.16497322916984558,0.42750266194343567,179,127
0.005620002746582031,negative,10.0,-10.0,1.6462405920028687,1.496329665184021,0.17352329194545746,0.19103217124938965,179,128
0.0005004405975341797,positive,10.0,10.0,0.04671112447977066,-0.14740896224975586,-0.045372478663921356,0.28443601727485657,180,1
0.0007390975952148438,positive,10.0,10.0,0.03400184214115143,-0.3409044146537781,-0.02328326366841793,0.5411345362663269,180,4
0.0007829666137695312,positive,10.0,10.0,0.02718375436961651,-0.14546306431293488,-0.012460571713745594,0.24120734632015228,180,5
0.0008220672607421875,positive,10.0,10.0,0.024274492636322975,-0.34040483832359314,-0.007636425085365772,0.5299339890480042,180,6
0.0008602142333984375,positive,10.0,10.0,0.01746639609336853,-0.14517629146575928,0.002962253987789154,0.23485460877418518,180,7
0.0011057853698730469,positive,10.0,10.0,-0.011712847277522087,-0.14694327116012573,0.049836739897727966,0.27413687109947205,180,13
0.0011441707611083984,positive,10.0,10.0,-0.014651712961494923,-0.3427395522594452,0.05531947687268257,0.5821126103401184,180,14
0.001180410385131836,positive,10.0,10.0,-0.021506503224372864,-0.14843454957008362,0.06696172803640366,0.3073565363883972,180,15
0.0012159347534179688,positive,10.0,10.0,-0.02447519451379776,0.045672524720430374,0.07310885936021805,0.03652050718665123,180,16
0.0013740062713623047,positive,10.0,10.0,-0.005342074204236269,0.04172534868121147,0.05543839931488037,0.12367306649684906,180,20
0.0014126300811767578,positive,10.0,10.0,-0.0045075672678649426,-0.15414521098136902,0.057911861687898636,0.4333180785179138,180,21
0.0015320777893066406,positive,10.0,10.0,-0.009906207211315632,0.03817300871014595,0.0792142003774643,0.202456995844841,180,24
0.0016090869903564453,positive,10.0,10.0,-0.004501186776906252,0.42591357231140137,0.08197886496782303,-0.32951870560646057,180,26
0.001646280288696289,positive,10.0,10.0,0.0040170843712985516,0.22972610592842102,0.07538849115371704,-0.012151031754910946,180,27
0.0016825199127197266,positive,10.0,10.0,0.008611606433987617,0.03360847756266594,0.07514546811580658,0.3033330738544464,180,28
0.0017595291137695312,positive,10.0,10.0,0.01383544597774744,0.4214526414871216,0.081917405128479,-0.23073147237300873,180,30
0.002075672149658203,positive,10.0,10.0,0.07287833094596863,0.41307333111763,0.0696796178817749,-0.04518422111868858,180,38
0.002153158187866211,positive,10.0,10.0,0.09328240901231766,0.41109970211982727,0.06247404217720032,-0.0015391880879178643,180,40
0.0022335052490234375,positive,10.0,10.0,0.10580720007419586,0.40931928157806396,0.06864690780639648,0.03782748803496361,180,42
0.002274036407470703,positive,10.0,10.0,0.1139935851097107,0.21328352391719818,0.06940345466136932,0.3513549268245697,180,43
0.00231170654296875,positive,10.0,10.0,0.1182592585682869,0.40735337138175964,0.0764305517077446,0.08133918792009354,180,44
0.002512216567993164,positive,10.0,10.0,0.18218481540679932,0.597314178943634,0.05430839583277702,-0.09788818657398224,180,49
0.002640247344970703,positive,10.0,10.0,0.2218792885541916,0.7902429103851318,0.04360683262348175,-0.34242358803749084,180,52
0.0027222633361816406,positive,10.0,10.0,0.2495747208595276,0.7891046404838562,0.036032065749168396,-0.3171772360801697,180,54
0.002957582473754883,positive,10.0,10.0,0.34023529291152954,0.7868286967277527,0.006698431447148323,-0.26673653721809387,180,60
0.002996683120727539,positive,10.0,10.0,0.3559718728065491,0.9818544387817383,0.0013637002557516098,-0.5572992563247681,180,61
0.003116607666015625,positive,10.0,10.0,0.4031778872013092,0.3968296945095062,-0.014558132737874985,0.313286155462265,180,64
0.003270864486694336,positive,10.0,10.0,0.4349403977394104,0.3969617187976837,0.010146754793822765,0.3103325366973877,180,68
0.003347158432006836,positive,10.0,10.0,0.45471838116645813,0.39658504724502563,0.01677074283361435,0.31866422295570374,180,70
0.0034635066986083984,positive,10.0,10.0,0.48239973187446594,0.590793788433075,0.030394593253731728,0.04611819609999657,180,73
0.0035393238067626953,positive,10.0,10.0,0.5021206140518188,0.5899122953414917,0.0382816344499588,0.06558839231729507,180,75
0.0035758018493652344,positive,10.0,10.0,0.5139188766479492,0.39426299929618835,0.0395934022963047,0.37009936571121216,180,76
0.0037326812744140625,positive,10.0,10.0,0.5531895756721497,0.3915475606918335,0.05915205553174019,0.43041521310806274,180,80
0.0037686824798583984,positive,10.0,10.0,0.5610204935073853,0.5857841372489929,0.06776035577058792,0.1569504290819168,180,81
0.0038421154022216797,positive,10.0,10.0,0.5805314183235168,0.5838133692741394,0.08030370622873306,0.20069639384746552,180,83
0.0038759708404541016,positive,10.0,10.0,0.592207670211792,0.7777004241943359,0.0843176394701004,-0.06561306864023209,180,84
0.003952980041503906,positive,10.0,10.0,0.6271920800209045,0.7753192782402039,0.07639442384243011,-0.012886124663054943,180,86
0.003989219665527344,positive,10.0,10.0,0.6426984667778015,0.9692671895027161,0.07613670080900192,-0.280521422624588,180,87
0.004147529602050781,positive,10.0,10.0,0.7201173901557922,0.5754029154777527,0.0564100407063961,0.3861299455165863,180,91
0.004380464553833008,positive,10.0,10.0,0.8161999583244324,0.9596129059791565,0.06795281916856766,-0.06684181094169617,180,97
0.004416227340698242,positive,10.0,10.0,0.8353922367095947,0.7635858654975891,0.0666159838438034,0.2464829385280609,180,98
0.004492044448852539,positive,10.0,10.0,0.8620154857635498,0.7616274952888489,0.0827338770031929,0.29010009765625,180,100
0.004567146301269531,positive,10.0,10.0,0.8963575959205627,1.1492263078689575,0.08902817219495773,-0.2388736605644226,180,102
0.004660129547119141,positive,10.0,10.0,0.9462015628814697,1.1467689275741577,0.07420669496059418,-0.18420039117336273,180,104
0.004700183868408203,positive,10.0,10.0,0.9691369533538818,1.3407549858093262,0.07052268832921982,-0.4525819420814514,180,105
0.004781007766723633,positive,10.0,10.0,1.0188462734222412,0.9487642645835876,0.05870046094059944,0.17289568483829498,180,107
0.004821300506591797,positive,10.0,10.0,1.0378215312957764,0.7528534531593323,0.06215837597846985,0.4835037887096405,180,108
0.0048563480377197266,positive,10.0,10.0,1.0528786182403564,0.9470455646514893,0.0718284547328949,0.2110409140586853,180,109
0.004973888397216797,positive,10.0,10.0,1.1213414669036865,1.1389209032058716,0.0683683231472969,-0.010572806932032108,180,112
0.005011558532714844,positive,10.0,10.0,1.1441198587417603,0.9428884387016296,0.06815686821937561,0.30287355184555054,180,113
0.005165815353393555,positive,10.0,10.0,1.235033392906189,0.938798725605011,0.07173227518796921,0.39335426688194275,180,117
0.005242347717285156,positive,10.0,10.0,1.2764660120010376,1.3267300128936768,0.08208180218935013,-0.1424245983362198,180,119
0.005317211151123047,positive,10.0,10.0,1.3256113529205322,1.324438214302063,0.08273296803236008,-0.09168994426727295,180,121
0.005353450775146484,positive,10.0,10.0,1.352100133895874,1.1282339096069336,0.08089917153120041,0.2259056568145752,180,122
0.005388736724853516,positive,10.0,10.0,1.3746647834777832,1.3221120834350586,0.08541728556156158,-0.04020204395055771,180,123
0.005464792251586914,positive,10.0,10.0,1.4236245155334473,1.319694995880127,0.09017647057771683,0.013319197110831738,180,125
0.0058231353759765625,negative,10.0,-10.0,1.6445679664611816,1.11118483543396,0.1381390541791916,0.6066223978996277,180,134
0.005864381790161133,negative,10.0,-10.0,1.6667916774749756,1.3041324615478516,0.15027150511741638,0.36044177412986755,180,135
0.005902290344238281,negative,10.0,-10.0,1.6928743124008179,1.1072295904159546,0.15748032927513123,0.6964813470840454,180,136
0.006026744842529297,negative,10.0,-10.0,1.770859956741333,1.6843384504318237,0.18501628935337067,-0.0076420302502810955,180,139
0.006066083908081055,negative,10.0,-10.0,1.8045467138290405,1.8763915300369263,0.18486344814300537,-0.23672014474868774,180,140
0.006102561950683594,negative,10.0,-10.0,1.8420745134353638,2.06845760345459,0.1801290363073349,-0.4658694267272949,180,141
0.006137371063232422,negative,10.0,-10.0,1.8834437131881714,1.87130868434906,0.17081165313720703,-0.12225885689258575,180,142
0.006173610687255859,negative,10.0,-10.0,1.9208699464797974,2.063624143600464,0.168366476893425,-0.35655924677848816,180,143
0.006250858306884766,negative,10.0,-10.0,2.0072624683380127,2.0590343475341797,0.14939969778060913,-0.25296178460121155,180,145
0.006287097930908203,negative,10.0,-10.0,2.048443078994751,2.251742362976074,0.14434045553207397,-0.49504348635673523,180,146
0.006322145462036133,negative,10.0,-10.0,2.093477964401245,2.0549113750457764,0.1344395875930786,-0.16057835519313812,180,147
0.006357669830322266,negative,10.0,-10.0,2.1345760822296143,2.247878074645996,0.1312280148267746,-0.4080103635787964,180,148
0.006392240524291992,negative,10.0,-10.0,2.1795337200164795,2.4409189224243164,0.12306781113147736,-0.6566116213798523,180,149
0.006426572799682617,negative,10.0,-10.0,2.2283520698547363,2.6341323852539062,0.10993558168411255,-0.908149003982544,180,150
0.006460905075073242,negative,10.0,-10.0,2.2810347080230713,2.4377076625823975,0.09177260100841522,-0.5830346941947937,180,151
0.0065381526947021484,negative,10.0,-10.0,2.374617576599121,2.4353203773498535,0.07485368847846985,-0.5292890071868896,180,153
0.0005528926849365234,positive,10.0,10.0,0.016336949542164803,-0.23672552406787872,-0.002494218060746789,0.32371383905410767,181,1
0.0007765293121337891,positive,10.0,10.0,0.0029662013985216618,-0.23674574494361877,0.016292240470647812,0.3241824209690094,181,3
0.0010097026824951172,positive,10.0,10.0,-0.0026059041265398264,-0.2373005598783493,0.023509521037340164,0.3364626169204712,181,5
0.0011026859283447266,positive,10.0,10.0,-0.00735191535204649,-0.042520921677351,0.030238773673772812,0.05128507688641548,181,6
0.0012488365173339844,positive,10.0,10.0,-0.013831582851707935,-0.2390493005514145,0.03974534571170807,0.3752164840698242,181,9
0.001287698745727539,positive,10.0,10.0,-0.018612569198012352,-0.0445137694478035,0.047249678522348404,0.09532570093870163,181,10
0.0013251304626464844,positive,10.0,10.0,-0.019502844661474228,-0.24027997255325317,0.04915619269013405,0.40253350138664246,181,11
0.0014493465423583984,positive,10.0,10.0,-0.030061837285757065,-0.047553353011608124,0.06844000518321991,0.16263803839683533,181,14
0.0014896392822265625,positive,10.0,10.0,-0.03101290576159954,-0.24358493089675903,0.07169276475906372,0.47610265016555786,181,15
0.001607656478881836,positive,10.0,10.0,-0.033988941460847855,0.3381287753582001,0.08416882157325745,-0.32372990250587463,181,18
0.0016829967498779297,positive,10.0,10.0,-0.024388058111071587,0.33584216237068176,0.07757951319217682,-0.2729288637638092,181,20
0.0017201900482177734,positive,10.0,10.0,-0.017671214416623116,0.529776394367218,0.07212093472480774,-0.5401697158813477,181,21
0.0018355846405029297,positive,10.0,10.0,0.0023542153649032116,-0.05811181291937828,0.058518581092357635,0.3957644999027252,181,24
0.0018718242645263672,positive,10.0,10.0,0.0011919790413230658,0.1361331343650818,0.0664338693022728,0.12209046632051468,181,25
0.0019464492797851562,positive,10.0,10.0,0.002717149443924427,0.13420812785625458,0.07757509499788284,0.16477029025554657,181,27
0.0020971298217773438,positive,10.0,10.0,0.028921693563461304,0.5198945999145508,0.07040715962648392,-0.32143303751945496,181,31
0.0021321773529052734,positive,10.0,10.0,0.039319586008787155,0.323844313621521,0.06397850066423416,-0.0074036153964698315,181,32
0.002207040786743164,positive,10.0,10.0,0.04835379123687744,0.322022944688797,0.06992561370134354,0.032870370894670486,181,34
0.002281665802001953,positive,10.0,10.0,0.05731368064880371,0.32002222537994385,0.07751842588186264,0.07715310901403427,181,36
0.0023598670959472656,positive,10.0,10.0,0.07399316877126694,0.7078593373298645,0.07525946944952011,-0.4568329453468323,181,38
0.0024390220642089844,positive,10.0,10.0,0.0983855277299881,0.7058742642402649,0.06329463422298431,-0.41252031922340393,181,40
0.002518892288208008,positive,10.0,10.0,0.12270130962133408,0.7042064666748047,0.05303275212645531,-0.3753948509693146,181,42
0.002720355987548828,positive,10.0,10.0,0.18518419563770294,0.5060365796089172,0.030166007578372955,-0.014870290644466877,181,47
0.002758026123046875,positive,10.0,10.0,0.19530493021011353,0.7007132172584534,0.029868602752685547,-0.2978849411010742,181,48
0.0027947425842285156,positive,10.0,10.0,0.20931918919086456,0.5051785111427307,0.023910904303193092,0.004066376481205225,181,49
0.0028350353240966797,positive,10.0,10.0,0.21942275762557983,0.6999495029449463,0.023992231115698814,-0.2809774875640869,181,50
0.002915620803833008,positive,10.0,10.0,0.2513161599636078,1.0895806550979614,0.007052724249660969,-0.8528364300727844,181,52
0.0029675960540771484,positive,10.0,10.0,0.2731077969074249,0.8943632245063782,-0.010004004463553429,-0.5579441785812378,181,53
0.003141641616821289,positive,10.0,10.0,0.3368799388408661,0.8957019448280334,-0.04355579987168312,-0.5878910422325134,181,57
0.0033638477325439453,positive,10.0,10.0,0.38758260011672974,0.31443649530410767,-0.04721328988671303,0.20038552582263947,181,62
0.003404855728149414,positive,10.0,10.0,0.3938713073730469,0.12002050131559372,-0.04320558160543442,0.47780901193618774,181,63
0.0034961700439453125,positive,10.0,10.0,0.4025862216949463,0.12110038846731186,-0.030212845653295517,0.45370832085609436,181,65
0.003538846969604492,positive,10.0,10.0,0.4050082266330719,0.31663626432418823,-0.02113867737352848,0.15165716409683228,181,66
0.0035812854766845703,positive,10.0,10.0,0.41134095191955566,0.1218232661485672,-0.018105534836649895,0.4375970661640167,181,67
0.0036225318908691406,positive,10.0,10.0,0.4137774109840393,0.3171967566013336,-0.009353593923151493,0.1392621248960495,181,68
0.0037610530853271484,positive,10.0,10.0,0.42891404032707214,0.12227365374565125,0.004695903975516558,0.42754998803138733,181,71
0.003943443298339844,positive,10.0,10.0,0.4464847147464752,0.12144585698843002,0.027549175545573235,0.44593146443367004,181,75
0.004031181335449219,positive,10.0,10.0,0.4552370011806488,0.12054291367530823,0.03970897197723389,0.4660191833972931,181,77
0.004071950912475586,positive,10.0,10.0,0.4576478600502014,0.31508195400238037,0.04902935400605202,0.18611203134059906,181,78
0.004113197326660156,positive,10.0,10.0,0.4639494717121124,0.11929404735565186,0.05275159701704979,0.49384984374046326,181,79
0.00415492057800293,positive,10.0,10.0,0.46633535623550415,0.31363388895988464,0.06262858957052231,0.21824736893177032,181,80
0.0041964054107666016,positive,10.0,10.0,0.4726080596446991,0.11767516285181046,0.06699354201555252,0.530009925365448,181,81
0.0042383670806884766,positive,10.0,10.0,0.4749615490436554,0.31179389357566833,0.07759373635053635,0.2591663897037506,181,82
0.004477739334106445,positive,10.0,10.0,0.5371179580688477,0.5013010501861572,0.061902109533548355,0.08976082503795624,181,87
0.00452423095703125,positive,10.0,10.0,0.5471439957618713,0.3053489327430725,0.06369732320308685,0.4013136029243469,181,88
0.004668712615966797,positive,10.0,10.0,0.5771119594573975,0.8875207304954529,0.07151412218809128,-0.4081917703151703,181,91
0.004712820053100586,positive,10.0,10.0,0.5948623418807983,0.6914615035057068,0.06335029006004333,-0.09384740144014359,181,92
0.004755973815917969,positive,10.0,10.0,0.6086915731430054,0.4954914450645447,0.06147334352135658,0.21813052892684937,181,93
0.004899024963378906,positive,10.0,10.0,0.6344660520553589,0.6876364350318909,0.08159344643354416,-0.009310773573815823,181,96
0.00495600700378418,positive,10.0,10.0,0.6482187509536743,0.8814992308616638,0.08140722662210464,-0.2751756012439728,181,97
0.005012035369873047,positive,10.0,10.0,0.6658487319946289,1.0753710269927979,0.07590371370315552,-0.5411128997802734,181,98
0.005063295364379883,positive,10.0,10.0,0.687356173992157,0.8792688250541687,0.06508145481348038,-0.22551235556602478,181,99
0.005112171173095703,positive,10.0,10.0,0.7049415707588196,0.6832800507545471,0.06057121232151985,0.08696891367435455,181,100
0.005434751510620117,positive,10.0,10.0,0.7827512621879578,1.0671679973602295,0.08309856802225113,-0.35972851514816284,181,106
0.005486965179443359,positive,10.0,10.0,0.8040946125984192,0.8709691762924194,0.0759039968252182,-0.04204290732741356,181,107
0.005535125732421875,positive,10.0,10.0,0.8215140104293823,1.064925193786621,0.07506313920021057,-0.309844970703125,181,108
0.005582332611083984,positive,10.0,10.0,0.8428124785423279,0.8688185214996338,0.06886623799800873,0.005534598138183355,181,109
0.0056304931640625,positive,10.0,10.0,0.860188901424408,0.6727799773216248,0.06897693127393723,0.31912606954574585,181,110
0.005677700042724609,positive,10.0,10.0,0.8736444711685181,0.866855263710022,0.07535945624113083,0.0489686094224453,181,111
0.005783796310424805,positive,10.0,10.0,0.912198007106781,1.254772663116455,0.07195845991373062,-0.4866779148578644,181,113
0.005944252014160156,positive,10.0,10.0,0.9757228493690491,0.6668457984924316,0.06156933307647705,0.45006629824638367,181,116
0.0060498714447021484,positive,10.0,10.0,1.0062806606292725,0.6649881601333618,0.07411883771419525,0.49149319529533386,181,118
0.00625920295715332,positive,10.0,10.0,1.0827480554580688,1.050315260887146,0.08145898580551147,0.013426640070974827,181,122
0.006311178207397461,positive,10.0,10.0,1.1037542819976807,1.2441802024841309,0.0817275196313858,-0.2524840831756592,181,123
0.0063610076904296875,positive,10.0,10.0,1.1286379098892212,1.438045859336853,0.0766778364777565,-0.5183107256889343,181,124
0.0064678192138671875,positive,10.0,10.0,1.1822375059127808,1.0459282398223877,0.06226193532347679,0.11035767942667007,181,126
0.006628274917602539,positive,10.0,10.0,1.2410379648208618,1.2381304502487183,0.07591607421636581,-0.11848659813404083,181,129
0.0066835880279541016,positive,10.0,10.0,1.2658005952835083,1.4320871829986572,0.07354634255170822,-0.3862859308719635,181,130
0.006736040115356445,positive,10.0,10.0,1.2944422960281372,1.2360024452209473,0.0658206194639206,-0.07135078310966492,181,131
0.006791830062866211,positive,10.0,10.0,1.319162368774414,1.040001630783081,0.06439360231161118,0.24135111272335052,181,132
0.006909608840942383,positive,10.0,10.0,1.3568428754806519,1.038106918334961,0.08029323071241379,0.28353437781333923,181,134
0.00698089599609375,positive,10.0,10.0,1.3776049613952637,1.2319973707199097,0.08596391975879669,0.017216645181179047,181,135
0.007230997085571289,positive,10.0,10.0,1.483819842338562,1.2272104024887085,0.07890456914901733,0.12312272191047668,181,139
0.007289886474609375,positive,10.0,10.0,1.5083640813827515,1.4211184978485107,0.08136702328920364,-0.1436605006456375,181,140
0.00734710693359375,positive,10.0,10.0,1.536786437034607,1.224931240081787,0.07849381864070892,0.17354229092597961,181,141
0.007535457611083984,positive,10.0,10.0,1.6141151189804077,1.4165431261062622,0.08457687497138977,-0.04238801822066307,181,144
0.0075931549072265625,positive,10.0,10.0,1.6424459218978882,1.6103568077087402,0.08372911065816879,-0.30723345279693604,181,145
0.0077173709869384766,positive,10.0,10.0,1.702936053276062,1.2180038690567017,0.07779717445373535,0.32675445079803467,181,147
0.007772684097290039,positive,10.0,10.0,1.7272961139678955,1.4119369983673096,0.08433226495981216,0.059583984315395355,181,148
0.007958412170410156,positive,10.0,10.0,1.823641061782837,1.9934394359588623,0.07201960682868958,-0.7358227968215942,181,151
0.00807809829711914,positive,10.0,10.0,1.9072598218917847,1.991658091545105,0.03720318153500557,-0.6948848962783813,181,153
0.008133649826049805,negative,10.0,-10.0,1.947092890739441,2.1862447261810303,0.023305483162403107,-0.9756278395652771,181,154
0.008272886276245117,negative,10.0,-10.0,2.0306341648101807,2.185887098312378,-0.00972139835357666,-0.9672026038169861,181,156
0.008567094802856445,negative,10.0,-10.0,2.1977357864379883,2.1878116130828857,-0.07620847225189209,-1.0118794441223145,181,160
0.00877833366394043,negative,10.0,-10.0,2.3173699378967285,1.6067274808883667,-0.12099193781614304,-0.2276012897491455,181,163
0.008919715881347656,negative,10.0,-10.0,2.3855717182159424,1.6101956367492676,-0.13666130602359772,-0.30522552132606506,181,165
0.0001747608184814453,positive,10.0,10.0,0.04273303225636482,-0.038264114409685135,-0.009262514300644398,0.03698904812335968,182,0
0.00032973289489746094,positive,10.0,10.0,0.037302710115909576,-0.038009773939847946,-0.0019880293402820826,0.03137683495879173,182,2
0.0003790855407714844,positive,10.0,10.0,0.03654251620173454,-0.23310315608978271,-0.0013604925479739904,0.3234318494796753,182,3
0.00042128562927246094,positive,10.0,10.0,0.0318804532289505,-0.03796186298131943,0.005108144599944353,0.030320193618535995,182,4
0.0004646778106689453,positive,10.0,10.0,0.031121214851737022,-0.2331566959619522,0.005714548286050558,0.3246104121208191,182,5
0.0005183219909667969,positive,10.0,10.0,0.026458080857992172,-0.03811657428741455,0.012206756509840488,0.03373507410287857,182,6
0.0005633831024169922,positive,10.0,10.0,0.02569574862718582,-0.23341143131256104,0.012881457805633545,0.3302442133426666,182,7
0.0007023811340332031,positive,10.0,10.0,0.015580595470964909,-0.03904404118657112,0.02712772600352764,0.05421123653650284,182,10
0.0007450580596923828,positive,10.0,10.0,0.014799715019762516,-0.23454424738883972,0.02821195125579834,0.355328232049942,182,11
0.0007867813110351562,positive,10.0,10.0,0.010108829475939274,-0.03983454778790474,0.035318516194820404,0.07167310267686844,182,12
0.0008268356323242188,positive,10.0,10.0,0.009312138892710209,-0.235444575548172,0.03675197809934616,0.37528663873672485,182,13
0.0008664131164550781,positive,10.0,10.0,0.004603247158229351,-0.04086339846253395,0.04425771161913872,0.09441462904214859,182,14
0.0009546279907226562,positive,10.0,10.0,-0.0009458370041102171,-0.042152781039476395,0.05416051670908928,0.12294132262468338,182,16
0.0009951591491699219,positive,10.0,10.0,-0.0017888926668092608,0.15215307474136353,0.056619346141815186,-0.1521746963262558,182,17
0.0010340213775634766,positive,10.0,10.0,0.001254169037565589,-0.04373196139931679,0.053575851023197174,0.1578192263841629,182,18
0.0010728836059570312,positive,10.0,10.0,0.00037952978163957596,-0.23957841098308563,0.056732237339019775,0.4669111371040344,182,19
0.001157522201538086,positive,10.0,10.0,-0.005318077746778727,-0.24130381643772125,0.06992316991090775,0.5054075717926025,182,21
0.0011970996856689453,positive,10.0,10.0,-0.010144154541194439,-0.047233302146196365,0.08003132045269012,0.2355538010597229,182,22
0.0012814998626708984,positive,10.0,10.0,-0.008155631832778454,0.3404703438282013,0.08412539213895798,-0.2956389784812927,182,24
0.0013203620910644531,positive,10.0,10.0,-0.0013462246861308813,0.144256129860878,0.07821261137723923,0.022345207631587982,182,25
0.0014040470123291016,positive,10.0,10.0,0.008302384987473488,0.53208988904953,0.0737660825252533,-0.5115436315536499,182,27
0.0014429092407226562,positive,10.0,10.0,0.018944183364510536,0.33601057529449463,0.06353520601987839,-0.19655700027942657,182,28
0.001613616943359375,positive,10.0,10.0,0.03011373244225979,-0.0577462874352932,0.07351664453744888,0.46785545349121094,182,32
0.0016961097717285156,positive,10.0,10.0,0.03168409317731857,0.3301090896129608,0.08685816079378128,-0.06621216237545013,182,34
0.0018215179443359375,positive,10.0,10.0,0.05531711131334305,0.5215629935264587,0.07869052141904831,-0.2786664664745331,182,37
0.0019025802612304688,positive,10.0,10.0,0.08005795627832413,0.5194103121757507,0.06220659986138344,-0.2307346612215042,182,39
0.0019419193267822266,positive,10.0,10.0,0.09044616669416428,0.7135907411575317,0.05759190768003464,-0.5031650066375732,182,40
0.001993894577026367,positive,10.0,10.0,0.10471797734498978,0.5177063941955566,0.04752860590815544,-0.19290290772914886,182,41
0.002041339874267578,positive,10.0,10.0,0.1150721088051796,0.7121173143386841,0.04367054998874664,-0.4702219069004059,182,42
0.0023012161254882812,positive,10.0,10.0,0.16417253017425537,0.7102744579315186,0.019198644906282425,-0.42913293838500977,182,46
0.0024309158325195312,positive,10.0,10.0,0.20287281274795532,0.514619767665863,-0.0003887176571879536,-0.12457872927188873,182,49
0.0025572776794433594,positive,10.0,10.0,0.2376534789800644,0.7099472284317017,-0.013740193098783493,-0.4218147397041321,182,52
0.002850770950317383,positive,10.0,10.0,0.3020683228969574,0.1273231953382492,-0.02328471839427948,0.39592018723487854,182,59
0.002889394760131836,positive,10.0,10.0,0.304614782333374,0.3227676451206207,-0.015366313979029655,0.09598788619041443,182,60
0.0029273033142089844,positive,10.0,10.0,0.31107014417648315,0.12786926329135895,-0.013446556404232979,0.3837834298610687,182,61
0.0029642581939697266,positive,10.0,10.0,0.31362754106521606,0.3231795132160187,-0.005770888179540634,0.08689136058092117,182,62
0.0030901432037353516,positive,10.0,10.0,0.32912033796310425,0.12814749777317047,0.005197822116315365,0.3775881826877594,182,65
0.0031294822692871094,positive,10.0,10.0,0.33168327808380127,0.3231952488422394,0.012749585323035717,0.08654865622520447,182,66
0.0031664371490478516,positive,10.0,10.0,0.33814719319343567,0.1278928816318512,0.014480558224022388,0.3832266628742218,182,67
0.0032901763916015625,positive,10.0,10.0,0.3497086465358734,0.3221466541290283,0.03194259852170944,0.1097259372472763,182,70
0.003370046615600586,positive,10.0,10.0,0.3586832284927368,0.32120370864868164,0.04238337650895119,0.1305846869945526,182,72
0.003450632095336914,positive,10.0,10.0,0.36761730909347534,0.3199581503868103,0.05372171103954315,0.15816569328308105,182,74
0.0034868717193603516,positive,10.0,10.0,0.37401649355888367,0.12410987168550491,0.05688502639532089,0.4673008918762207,182,75
0.003525257110595703,positive,10.0,10.0,0.37649866938591003,0.31838393211364746,0.06623104214668274,0.19307634234428406,182,76
0.0035619735717773438,positive,10.0,10.0,0.38286635279655457,0.12238012999296188,0.0700925663113594,0.5058951377868652,182,77
0.0035979747772216797,positive,10.0,10.0,0.3853139579296112,0.3164479732513428,0.08021046966314316,0.236098513007164,182,78
0.0036773681640625,positive,10.0,10.0,0.4018496870994568,0.7041455507278442,0.08432754874229431,-0.2949681878089905,182,80
0.0038809776306152344,positive,10.0,10.0,0.47203660011291504,0.5036993622779846,0.05988689139485359,0.11650139093399048,182,85
0.004110574722290039,positive,10.0,10.0,0.5144214034080505,0.6937444806098938,0.08726279437541962,-0.0646568238735199,182,90
0.004151105880737305,positive,10.0,10.0,0.5282962918281555,0.8875139951705933,0.08596965670585632,-0.32858240604400635,182,91
0.00419163703918457,positive,10.0,10.0,0.5460465550422668,0.6912800669670105,0.079398013651371,-0.010074649006128311,182,92
0.004359006881713867,positive,10.0,10.0,0.6168177127838135,0.6870507001876831,0.05822665989398956,0.08338524401187897,182,96
0.004482269287109375,positive,10.0,10.0,0.6540889739990234,0.489343523979187,0.07018430531024933,0.43391239643096924,182,99
0.004648923873901367,positive,10.0,10.0,0.7165136337280273,0.8750061988830566,0.07272626459598541,-0.05149911344051361,182,103
0.004687070846557617,positive,10.0,10.0,0.7340137362480164,1.069014072418213,0.07169628143310547,-0.32037895917892456,182,104
0.004724740982055664,positive,10.0,10.0,0.7553940415382385,0.872948169708252,0.06528870761394501,-0.005975075997412205,182,105
0.004846096038818359,positive,10.0,10.0,0.8038138747215271,0.6750211715698242,0.07200329005718231,0.3494320511817932,182,108
0.004926204681396484,positive,10.0,10.0,0.8346952795982361,1.0629551410675049,0.08059782534837723,-0.1864575743675232,182,110
0.004964351654052734,positive,10.0,10.0,0.8559543490409851,1.2568368911743164,0.07686867564916611,-0.45266613364219666,182,111
0.005043506622314453,positive,10.0,10.0,0.9023054242134094,0.8646924495697021,0.06507980078458786,0.17650562524795532,182,113
0.005082607269287109,positive,10.0,10.0,0.9195992946624756,0.6687024235725403,0.06860991567373276,0.4889882802963257,182,114
0.005124330520629883,positive,10.0,10.0,0.932973325252533,0.8627927303314209,0.07838968187570572,0.21869325637817383,182,115
0.005208492279052734,positive,10.0,10.0,0.9713634252548218,1.250555396080017,0.08179816603660583,-0.3137344717979431,182,117
0.005333423614501953,positive,10.0,10.0,1.0424284934997559,1.4422974586486816,0.070308156311512,-0.532262921333313,182,120
0.005371570587158203,positive,10.0,10.0,1.0712745189666748,1.2462607622146606,0.05966290086507797,-0.21828068792819977,182,121
0.005409717559814453,positive,10.0,10.0,1.0961997509002686,1.050338864326477,0.055297285318374634,0.09260964393615723,182,122
0.0054471492767333984,positive,10.0,10.0,1.1172064542770386,0.8544697761535645,0.057149481028318405,0.4022133946418762,182,123
0.0055696964263916016,positive,10.0,10.0,1.1723254919052124,1.0468450784683228,0.07656736671924591,0.1700206696987152,182,126
0.005650520324707031,positive,10.0,10.0,1.2180782556533813,1.4346826076507568,0.07801660150289536,-0.36397942900657654,182,128
0.005686759948730469,positive,10.0,10.0,1.2467719316482544,1.2385435104370117,0.07073701173067093,-0.047752171754837036,182,129
0.005723476409912109,positive,10.0,10.0,1.2715427875518799,1.0424822568893433,0.06978196650743484,0.2663835287094116,182,130
0.0058019161224365234,positive,10.0,10.0,1.3093211650848389,1.0404309034347534,0.08671432733535767,0.3121260702610016,182,132
0.00588226318359375,positive,10.0,10.0,1.3548141717910767,1.4278919696807861,0.0939168632030487,-0.21396701037883759,182,134
0.00596165657043457,positive,10.0,10.0,1.4080032110214233,1.4252922534942627,0.09177355468273163,-0.15630944073200226,182,136
0.0061016082763671875,positive,10.0,10.0,1.4895434379577637,1.22642183303833,0.08993257582187653,0.22061440348625183,182,139
0.0066106319427490234,negative,10.0,-10.0,1.820996642112732,1.9874157905578613,0.12650266289710999,-0.5256441235542297,182,151
0.0067059993743896484,negative,10.0,-10.0,1.8965601921081543,1.9840502738952637,0.11207122355699539,-0.44988754391670227,182,153
0.006789684295654297,negative,10.0,-10.0,1.9797897338867188,2.3709776401519775,0.08896852284669876,-0.9637880921363831,182,155
0.0068738460540771484,negative,10.0,-10.0,2.078505277633667,2.3688526153564453,0.04514780268073082,-0.9135687947273254,182,157
0.006914615631103516,negative,10.0,-10.0,2.125882387161255,2.563335657119751,0.026876425370573997,-1.1917272806167603,182,158
0.006954669952392578,negative,10.0,-10.0,2.1771490573883057,2.3678760528564453,0.0030418806709349155,-0.8907429575920105,182,159
0.007081031799316406,negative,10.0,-10.0,2.315321445465088,2.1732888221740723,-0.04460318014025688,-0.6102377772331238,182,162
0.0005280971527099609,positive,10.0,10.0,-0.03901185095310211,0.2358037382364273,-0.03239636868238449,-0.28014498949050903,183,3
0.0005805492401123047,positive,10.0,10.0,-0.03429577872157097,0.04115854203701019,-0.037999268621206284,0.002146736718714237,183,4
0.0006747245788574219,positive,10.0,10.0,-0.028736520558595657,0.042243264615535736,-0.04400191456079483,-0.02180427685379982,183,6
0.0007152557373046875,positive,10.0,10.0,-0.027891656383872032,-0.1522209346294403,-0.04443800076842308,0.2566772997379303,183,7
0.0008008480072021484,positive,10.0,10.0,-0.03786969929933548,-0.15102921426296234,-0.028604067862033844,0.2302154153585434,183,9
0.0008866786956787109,positive,10.0,10.0,-0.047804903239011765,-0.15027940273284912,-0.013724957592785358,0.21359194815158844,183,11
0.0009279251098632812,positive,10.0,10.0,-0.05081048980355263,-0.3452024757862091,-0.009453118778765202,0.5019139647483826,183,12
0.0009672641754150391,positive,10.0,10.0,-0.057714540511369705,-0.14994855225086212,0.000585161498747766,0.20626702904701233,183,13
0.0010504722595214844,positive,10.0,10.0,-0.0676150918006897,-0.15002363920211792,0.014693192206323147,0.2079397737979889,183,15
0.0011336803436279297,positive,10.0,10.0,-0.07752261310815811,-0.1505012959241867,0.02895641140639782,0.21853837370872498,183,17
0.0011718273162841797,positive,10.0,10.0,-0.08053264021873474,-0.3460249602794647,0.03332718089222908,0.5202128887176514,183,18
0.0012524127960205078,positive,10.0,10.0,-0.09048088639974594,-0.3471061587333679,0.04849574714899063,0.5443654656410217,183,20
0.0013332366943359375,positive,10.0,10.0,-0.10047697275876999,-0.34861499071121216,0.06473001837730408,0.5781540870666504,183,22
0.0014209747314453125,positive,10.0,10.0,-0.11053841561079025,0.03949945792555809,0.08242399245500565,0.03886440396308899,183,24
0.0015931129455566406,positive,10.0,10.0,-0.09653767198324203,0.2310507744550705,0.06882616132497787,-0.17563706636428833,183,27
0.001642465591430664,positive,10.0,10.0,-0.09191665798425674,0.03501478210091591,0.065313421189785,0.13793964684009552,183,28
0.0016865730285644531,positive,10.0,10.0,-0.09121636301279068,-0.16097889840602875,0.06807221472263336,0.4504918158054352,183,29
0.0017306804656982422,positive,10.0,10.0,-0.09443593770265579,0.033117569983005524,0.07708205282688141,0.18001919984817505,183,30
0.0018200874328613281,positive,10.0,10.0,-0.08923245221376419,0.4209350347518921,0.07893471419811249,-0.35356253385543823,183,32
0.002078533172607422,positive,10.0,10.0,-0.058534037321805954,0.4149189293384552,0.07254655659198761,-0.22025911509990692,183,38
0.0023698806762695312,positive,10.0,10.0,-0.020338991656899452,0.21347665786743164,0.07947825640439987,0.21310639381408691,183,45
0.0024099349975585938,positive,10.0,10.0,-0.016069458797574043,0.4073776602745056,0.08374038338661194,-0.05348493903875351,183,46
0.0024497509002685547,positive,10.0,10.0,-0.007921905256807804,0.6012052893638611,0.08267068862915039,-0.3186166286468506,183,47
0.002536296844482422,positive,10.0,10.0,0.012202383019030094,0.5989586710929871,0.07627735286951065,-0.2687179744243622,183,49
0.002660036087036133,positive,10.0,10.0,0.036373719573020935,0.010706785134971142,0.07906726747751236,0.6756424307823181,183,52
0.003072977066040039,positive,10.0,10.0,0.15824897587299347,0.778346061706543,0.05965486913919449,-0.2139182984828949,183,62
0.0031113624572753906,positive,10.0,10.0,0.17381589114665985,0.9725666046142578,0.055376503616571426,-0.48720282316207886,183,63
0.0031900405883789062,positive,10.0,10.0,0.20880140364170074,0.9711490869522095,0.04208056628704071,-0.4555395543575287,183,65
0.0032281875610351562,positive,10.0,10.0,0.22822438180446625,0.7754581570625305,0.032969776540994644,-0.14989504218101501,183,66
0.0032651424407958984,positive,10.0,10.0,0.24373354017734528,0.5798799991607666,0.02997187338769436,0.15300413966178894,183,67
0.0033025741577148438,positive,10.0,10.0,0.2553311586380005,0.774560272693634,0.03303195536136627,-0.13007469475269318,183,68
0.0034232139587402344,positive,10.0,10.0,0.3056793212890625,0.9684511423110962,0.019986597821116447,-0.39563825726509094,183,71
0.0034770965576171875,positive,10.0,10.0,0.3250483274459839,0.773051381111145,0.01207383256405592,-0.09672151505947113,183,72
0.003517627716064453,positive,10.0,10.0,0.3405093550682068,0.9679982662200928,0.010139402002096176,-0.38557085394859314,183,73
0.0035560131072998047,positive,10.0,10.0,0.3598693311214447,0.7727338075637817,0.0024279854260385036,-0.0897083431482315,183,74
0.0035941600799560547,positive,10.0,10.0,0.375324010848999,0.5775771737098694,0.0006338185630738735,0.20373962819576263,183,75
0.003721475601196289,positive,10.0,10.0,0.40607449412345886,0.3821731507778168,0.018749602138996124,0.5026924014091492,183,78
0.0038061141967773438,positive,10.0,10.0,0.42525848746299744,0.38150426745414734,0.03312298282980919,0.5176045894622803,183,80
0.003971099853515625,positive,10.0,10.0,0.46351689100265503,0.3789295554161072,0.0643080472946167,0.5751926898956299,183,84
0.0040094852447509766,positive,10.0,10.0,0.471095472574234,0.573093831539154,0.07581190764904022,0.3034418225288391,183,85
0.004046916961669922,positive,10.0,10.0,0.48255735635757446,0.7670580744743347,0.08188074082136154,0.03559849038720131,183,86
0.004334926605224609,positive,10.0,10.0,0.6011843681335449,0.9546923041343689,0.07959432154893875,-0.09234605729579926,183,93
0.004584550857543945,positive,10.0,10.0,0.70372074842453,0.948127269744873,0.09318655729293823,0.05299549922347069,183,99
0.004667997360229492,positive,10.0,10.0,0.74551922082901,1.3354549407958984,0.09006860852241516,-0.4704216718673706,183,101
0.0047473907470703125,positive,10.0,10.0,0.7950119972229004,1.3330637216567993,0.07764489203691483,-0.41694989800453186,183,103
0.004784345626831055,positive,10.0,10.0,0.8216732740402222,1.136932134628296,0.0693058967590332,-0.10083433240652084,183,104
0.004904031753540039,positive,10.0,10.0,0.8781271576881409,0.9389187693595886,0.08206711709499359,0.256703644990921,183,107
0.004942178726196289,positive,10.0,10.0,0.8969055414199829,1.1327790021896362,0.08720119297504425,-0.009007342159748077,183,108
0.00497889518737793,positive,10.0,10.0,0.9195611476898193,1.3265491724014282,0.08702104538679123,-0.2729535400867462,183,109
0.005018472671508789,positive,10.0,10.0,0.9460921287536621,1.1303002834320068,0.08156197518110275,0.04585781693458557,183,110
0.00505518913269043,positive,10.0,10.0,0.9686981439590454,1.3241636753082275,0.08247912675142288,-0.22001798450946808,183,111
0.005134105682373047,positive,10.0,10.0,1.0177407264709473,1.321886658668518,0.08002877235412598,-0.16956350207328796,183,113
0.0051729679107666016,positive,10.0,10.0,1.0441784858703613,1.1257158517837524,0.07663749903440475,0.14725427329540253,183,114
0.005270957946777344,positive,10.0,10.0,1.0930860042572021,1.1234948635101318,0.07717657089233398,0.19639039039611816,183,116
0.005324840545654297,positive,10.0,10.0,1.1155558824539185,1.3174328804016113,0.08110437542200089,-0.07098338007926941,183,117
0.00544428825378418,positive,10.0,10.0,1.1643295288085938,1.3151463270187378,0.08460763096809387,-0.020376840606331825,183,119
0.005557060241699219,positive,10.0,10.0,1.2130107879638672,1.3127464056015015,0.0901552066206932,0.032770756632089615,183,121
0.006084918975830078,negative,10.0,-10.0,1.5027154684066772,1.2925620079040527,0.1765906810760498,0.48504185676574707,183,133
0.006124973297119141,negative,10.0,-10.0,1.5285667181015015,1.0954452753067017,0.18629151582717896,0.827767014503479,183,134
0.00044417381286621094,positive,10.0,10.0,-0.025513898581266403,-0.15470226109027863,0.042708780616521835,0.3278749883174896,184,1
0.0005643367767333984,positive,10.0,10.0,-0.03561605140566826,-0.15600405633449554,0.061940573155879974,0.3569447994232178,184,3
0.0006768703460693359,positive,10.0,10.0,-0.037972431629896164,-0.1578555852174759,0.070767842233181,0.39807143807411194,184,5
0.0007278919219970703,positive,10.0,10.0,-0.04112954065203667,0.036194782704114914,0.07872927188873291,0.12851284444332123,184,6
0.0007746219635009766,positive,10.0,10.0,-0.040405645966529846,0.23010580241680145,0.08129952847957611,-0.13833020627498627,184,7
0.0009846687316894531,positive,10.0,10.0,-0.022131893783807755,-0.16425813734531403,0.07321097701787949,0.5396600961685181,184,11
0.0010342597961425781,positive,10.0,10.0,-0.025417055934667587,0.02976243384182453,0.08400417864322662,0.27091363072395325,184,12
0.0012030601501464844,positive,10.0,10.0,-0.01200348325073719,0.6110618710517883,0.08439331501722336,-0.5204721093177795,184,15
0.0012586116790771484,positive,10.0,10.0,0.00021775403001811355,0.4148595929145813,0.07398387789726257,-0.20243395864963531,184,16
0.0013701915740966797,positive,10.0,10.0,0.020691940560936928,0.412813276052475,0.060517359524965286,-0.15701167285442352,184,18
0.0015804767608642578,positive,10.0,10.0,0.03800954669713974,0.01915586367249489,0.07357317954301834,0.5051643252372742,184,22
0.0019106864929199219,positive,10.0,10.0,0.08286795020103455,0.7922020554542542,0.07775323837995529,-0.5043873190879822,184,28
0.0019626617431640625,positive,10.0,10.0,0.0987119972705841,0.5960753560066223,0.06766548752784729,-0.18824966251850128,184,29
0.0020122528076171875,positive,10.0,10.0,0.1106334999203682,0.7901672720909119,0.06390050053596497,-0.45884278416633606,184,30
0.0021750926971435547,positive,10.0,10.0,0.15409091114997864,0.5926843285560608,0.043356169015169144,-0.11310189962387085,184,33
0.002286195755004883,positive,10.0,10.0,0.18168778717517853,0.591478705406189,0.033258188515901566,-0.08644621819257736,184,35
0.0024008750915527344,positive,10.0,10.0,0.20923952758312225,0.5905531048774719,0.024160195142030716,-0.06599798053503036,184,37
0.0026357173919677734,positive,10.0,10.0,0.27205464243888855,0.5896055102348328,-0.003680749796330929,-0.04507549852132797,184,41
0.0026903152465820312,positive,10.0,10.0,0.28384673595428467,0.7847800254821777,-0.004582259804010391,-0.33891746401786804,184,42
0.0028061866760253906,positive,10.0,10.0,0.31133681535720825,0.785006582736969,-0.012314269319176674,-0.34392857551574707,184,44
0.0028603076934814453,positive,10.0,10.0,0.32703694701194763,0.980301558971405,-0.01919284090399742,-0.6404690742492676,184,45
0.0030410289764404297,positive,10.0,10.0,0.3741680085659027,0.3962591886520386,-0.040509432554244995,0.20863229036331177,184,48
0.0031006336212158203,positive,10.0,10.0,0.3820931911468506,0.20173919200897217,-0.036336787045001984,0.4882664084434509,184,49
0.0032536983489990234,positive,10.0,10.0,0.3862709403038025,0.20262564718723297,-0.011185870505869389,0.46835577487945557,184,51
0.0035915374755859375,positive,10.0,10.0,0.4221532642841339,0.3975464105606079,0.012009980157017708,0.18006138503551483,184,56
0.0038595199584960938,positive,10.0,10.0,0.44612595438957214,0.3963826298713684,0.038702987134456635,0.2058625966310501,184,60
0.0039899349212646484,positive,10.0,10.0,0.4580681622028351,0.39522260427474976,0.053030215203762054,0.23161141574382782,184,62
0.004197120666503906,positive,10.0,10.0,0.4778333306312561,0.19762161374092102,0.0738045796751976,0.580037534236908,184,65
0.004265785217285156,positive,10.0,10.0,0.48178577423095703,0.3916359543800354,0.08540532737970352,0.3114871382713318,184,66
0.00433039665222168,positive,10.0,10.0,0.4896184802055359,0.1954076588153839,0.0916350707411766,0.6298354268074036,184,67
0.005389213562011719,positive,10.0,10.0,0.6596851348876953,1.1548913717269897,0.07397694885730743,-0.4817507266998291,184,78
0.005528450012207031,positive,10.0,10.0,0.7019591331481934,0.7628263235092163,0.06100793555378914,0.14556697010993958,184,80
0.00566554069519043,positive,10.0,10.0,0.7285533547401428,0.7610489130020142,0.07305639237165451,0.1849856823682785,184,82
0.006123065948486328,positive,10.0,10.0,0.8463649153709412,0.9486980438232422,0.09113055467605591,0.05689499154686928,184,89
0.006180524826049805,positive,10.0,10.0,0.865338921546936,1.142403244972229,0.0922684520483017,-0.20570172369480133,184,90
0.0062367916107177734,positive,10.0,10.0,0.8881869912147522,1.3360928297042847,0.08815442025661469,-0.4679119288921356,184,91
0.006293296813964844,positive,10.0,10.0,0.9149088263511658,1.1398433446884155,0.07879617810249329,-0.14879681169986725,184,92
0.006414175033569336,positive,10.0,10.0,0.9643807411193848,1.137643575668335,0.06750789284706116,-0.10002797842025757,184,94
0.00653529167175293,positive,10.0,10.0,1.005966067314148,0.7456279397010803,0.06977065652608871,0.5257728099822998,184,96
0.0068399906158447266,positive,10.0,10.0,1.1115156412124634,1.325058102607727,0.08055956661701202,-0.22323726117610931,184,101
0.0068972110748291016,positive,10.0,10.0,1.1380168199539185,1.128882646560669,0.07609482109546661,0.09373044967651367,184,102
0.006952524185180664,positive,10.0,10.0,1.1605944633483887,1.32283616065979,0.07796943187713623,-0.1740075796842575,184,103
0.007212162017822266,positive,10.0,10.0,1.2584890127182007,1.3185069561004639,0.07861185073852539,-0.07819915562868118,184,107
0.00742340087890625,positive,10.0,10.0,1.333631992340088,1.12009859085083,0.08122803270816803,0.28812703490257263,184,110
0.007481813430786133,positive,10.0,10.0,1.3560339212417603,1.3139740228652954,0.08699057251214981,0.022127710282802582,184,111
0.008160114288330078,negative,10.0,-10.0,1.624066948890686,1.1018925905227661,0.15528979897499084,0.6965617537498474,184,122
0.00030350685119628906,positive,10.0,10.0,0.027497975155711174,-0.017909765243530273,0.0470767542719841,-0.0005401036469265819,185,0
0.00045037269592285156,positive,10.0,10.0,0.027139779180288315,-0.2136741429567337,0.04706595093011856,0.3066166043281555,185,1
0.0005612373352050781,positive,10.0,10.0,0.022866297513246536,-0.01925336755812168,0.053198281675577164,0.029140654951334,185,2
0.0006623268127441406,positive,10.0,10.0,0.022481229156255722,-0.21509626507759094,0.05378109589219093,0.33812233805656433,185,3
0.0007491111755371094,positive,10.0,10.0,0.018179304897785187,-0.020779212936758995,0.06054354086518288,0.06287220865488052,185,4
0.0009338855743408203,positive,10.0,10.0,0.013429428450763226,-0.022522488608956337,0.06928150355815887,0.101451575756073,185,6
0.0010128021240234375,positive,10.0,10.0,0.012978978455066681,-0.2185654193162918,0.07131053507328033,0.41516298055648804,185,7
0.001149892807006836,positive,10.0,10.0,0.00811721384525299,0.16937410831451416,0.08252952247858047,-0.12075603008270264,185,9
0.0013935565948486328,positive,10.0,10.0,0.0221103522926569,0.36107370257377625,0.07099884748458862,-0.33846917748451233,185,12
0.0017333030700683594,positive,10.0,10.0,0.07364795356988907,0.16246473789215088,0.01769733615219593,0.03206728398799896,185,17
0.0017943382263183594,positive,10.0,10.0,0.07689724862575531,-0.03290647640824318,0.018338680267333984,0.33028095960617065,185,18
0.001855611801147461,positive,10.0,10.0,0.07623912394046783,0.16194967925548553,0.024944299831986427,0.04343712329864502,185,19
0.0019180774688720703,positive,10.0,10.0,0.07947811484336853,-0.033520910888910294,0.025813043117523193,0.34388467669487,185,20
0.002044677734375,positive,10.0,10.0,0.08203218877315521,0.3558628559112549,0.03387977555394173,-0.22274009883403778,185,22
0.0021042823791503906,positive,10.0,10.0,0.08914944529533386,0.16027343273162842,0.02942497469484806,0.0804343968629837,185,23
0.0022957324981689453,positive,10.0,10.0,0.0948379635810852,-0.03624414652585983,0.0406690388917923,0.404145747423172,185,26
0.0023555755615234375,positive,10.0,10.0,0.09411308169364929,0.15827815234661102,0.04875195398926735,0.12455698102712631,185,27
0.0026040077209472656,positive,10.0,10.0,0.09888411313295364,0.15510500967502594,0.07235110551118851,0.19489680230617523,185,31
0.0031490325927734375,positive,10.0,10.0,0.16511616110801697,0.34213459491729736,0.0644548237323761,0.08038763701915741,185,40
0.003352642059326172,positive,10.0,10.0,0.1816873997449875,0.5342654585838318,0.07634726911783218,-0.14693279564380646,185,43
0.0034770965576171875,positive,10.0,10.0,0.2069370150566101,0.5321342349052429,0.06511688232421875,-0.0996936485171318,185,45
0.0035958290100097656,positive,10.0,10.0,0.23210501670837402,0.5303061604499817,0.055700160562992096,-0.059243094176054,185,47
0.00365447998046875,positive,10.0,10.0,0.242711141705513,0.724587082862854,0.0545152984559536,-0.3338451385498047,185,48
0.0037689208984375,positive,10.0,10.0,0.26777753233909607,0.7231377363204956,0.04734877124428749,-0.3016952574253082,185,50
0.003880023956298828,positive,10.0,10.0,0.2927877902984619,0.7218798995018005,0.04142559692263603,-0.2738301455974579,185,52
0.003990888595581055,positive,10.0,10.0,0.32555311918258667,0.7207791805267334,0.024885693565011024,-0.24937599897384644,185,54
0.004103660583496094,positive,10.0,10.0,0.35827943682670593,0.7201410531997681,0.009216038510203362,-0.2352210134267807,185,56
0.004212856292724609,positive,10.0,10.0,0.38318005204200745,0.3297022879123688,0.005718711297959089,0.3544575870037079,185,58
0.0044324398040771484,positive,10.0,10.0,0.417344868183136,0.32893770933151245,0.02272650972008705,0.37139108777046204,185,62
0.004594087600708008,positive,10.0,10.0,0.4409619867801666,0.5228439569473267,0.03963356465101242,0.10553637146949768,185,65
0.004698038101196289,positive,10.0,10.0,0.45796242356300354,0.5216831564903259,0.0499534010887146,0.13121972978115082,185,67
0.004859447479248047,positive,10.0,10.0,0.4853181838989258,0.32427823543548584,0.0646340474486351,0.47497063875198364,185,70
0.005018711090087891,positive,10.0,10.0,0.5164207220077515,0.9063372611999512,0.07689888030290604,-0.33208978176116943,185,73
0.005406379699707031,positive,10.0,10.0,0.6468488574028015,0.7065715193748474,0.03256712108850479,0.06412578374147415,185,80
0.005457401275634766,positive,10.0,10.0,0.6609803438186646,0.5109981298446655,0.03384963795542717,0.3669033348560333,185,81
0.005558967590332031,positive,10.0,10.0,0.6853127479553223,0.509935736656189,0.04288936406373978,0.3904708921909332,185,83
0.005811214447021484,positive,10.0,10.0,0.7517774701118469,0.701490581035614,0.061566244810819626,0.1764916479587555,185,88
0.005858898162841797,positive,10.0,10.0,0.7658073306083679,0.5055440664291382,0.06509608030319214,0.4879436194896698,185,89
0.005956888198852539,positive,10.0,10.0,0.7899119853973389,0.503582239151001,0.07918427139520645,0.5317909121513367,185,91
0.006443023681640625,positive,10.0,10.0,0.9712789058685303,1.2693156003952026,0.0910060778260231,-0.3164141774177551,185,101
0.006486654281616211,positive,10.0,10.0,0.9966652393341064,1.0730232000350952,0.0846778005361557,0.003524866420775652,185,102
0.0067212581634521484,positive,10.0,10.0,1.1193326711654663,1.2622768878936768,0.06694867461919785,-0.16011102497577667,185,107
0.0067653656005859375,positive,10.0,10.0,1.144578218460083,1.0662635564804077,0.06374645233154297,0.15291856229305267,185,108
0.006899833679199219,positive,10.0,10.0,1.2045973539352417,1.2583624124526978,0.07998725771903992,-0.07362718135118484,185,111
0.006988525390625,positive,10.0,10.0,1.2588096857070923,1.2561057806015015,0.07171390950679779,-0.023667918518185616,185,113
0.007125139236450195,positive,10.0,10.0,1.3380157947540283,1.0580726861953735,0.06581040471792221,0.33395734429359436,185,116
0.007168292999267578,positive,10.0,10.0,1.3591772317886353,1.2521992921829224,0.07248955219984055,0.06273211538791656,185,117
0.007270097732543945,positive,10.0,10.0,1.4131454229354858,1.250116229057312,0.06961963325738907,0.10877583920955658,185,119
0.007317066192626953,positive,10.0,10.0,1.438147783279419,1.0540692806243896,0.07179515063762665,0.42258554697036743,185,120
0.007457256317138672,positive,10.0,10.0,1.513031005859375,1.2457804679870605,0.08105520904064178,0.2048066109418869,185,123
0.0075037479400634766,positive,10.0,10.0,1.5379467010498047,1.4396554231643677,0.08515133708715439,-0.06124681234359741,185,124
0.007595062255859375,positive,10.0,10.0,1.5916081666946411,1.4372520446777344,0.08906721323728561,-0.008035225793719292,185,126
0.00763702392578125,positive,10.0,10.0,1.6203532218933105,1.2409731149673462,0.08890651166439056,0.3113672733306885,185,127
0.008032560348510742,negative,10.0,-10.0,1.88950514793396,2.2023463249206543,0.09771270304918289,-0.8440460562705994,185,136
0.008116722106933594,negative,10.0,-10.0,1.9814722537994385,2.1999220848083496,0.05874233692884445,-0.7875640988349915,185,138
0.008285045623779297,negative,10.0,-10.0,2.165191888809204,2.588374137878418,-0.014161807484924793,-1.3316820859909058,185,142
0.008324623107910156,negative,10.0,-10.0,2.2169594764709473,2.7836718559265137,-0.040795449167490005,-1.6287626028060913,185,143
0.0084075927734375,negative,10.0,-10.0,2.324413776397705,2.78501558303833,-0.10035204142332077,-1.6637725830078125,185,145
0.0004475116729736328,positive,10.0,10.0,-0.06432043761014938,-0.16070815920829773,-0.007290471810847521,0.21969327330589294,186,5
0.0005383491516113281,positive,10.0,10.0,-0.07464910298585892,-0.16056250035762787,0.007304745726287365,0.2164732664823532,186,7
0.0007507801055908203,positive,10.0,10.0,-0.0985482931137085,-0.3571447730064392,0.04150508716702461,0.5417242646217346,186,12
0.0009496212005615234,positive,10.0,10.0,-0.12661384046077728,0.22329343855381012,0.08744168281555176,-0.22894318401813507,186,17
0.0010318756103515625,positive,10.0,10.0,-0.11380669474601746,0.22087712585926056,0.07300654798746109,-0.17520904541015625,186,19
0.0010704994201660156,positive,10.0,10.0,-0.10938914865255356,0.024790389463305473,0.06950236111879349,0.13958241045475006,186,20
0.0011904239654541016,positive,10.0,10.0,-0.11186294257640839,0.2166438102722168,0.08504734933376312,-0.08163850754499435,186,23
0.0012271404266357422,positive,10.0,10.0,-0.10753006488084793,0.41045016050338745,0.08341457694768906,-0.34632351994514465,186,24
0.0013051033020019531,positive,10.0,10.0,-0.09503612667322159,0.40819334983825684,0.07591717690229416,-0.29614996910095215,186,26
0.0013818740844726562,positive,10.0,10.0,-0.08263073861598969,0.016023533418774605,0.070383720099926,0.3333970606327057,186,28
0.0014612674713134766,positive,10.0,10.0,-0.07810873538255692,0.013939536176621914,0.07832593470811844,0.37967735528945923,186,30
0.0015110969543457031,positive,10.0,10.0,-0.07782994210720062,0.20786689221858978,0.08591948449611664,0.11268243193626404,186,31
0.0016002655029296875,positive,10.0,10.0,-0.0656394213438034,0.2053927332162857,0.08513903617858887,0.16744089126586914,186,33
0.0017621517181396484,positive,10.0,10.0,-0.025953780859708786,0.5906063914299011,0.06683094054460526,-0.3083343803882599,186,37
0.001882314682006836,positive,10.0,10.0,-0.002276434563100338,0.39286813139915466,0.06707420200109482,0.04292325675487518,186,40
0.001964092254638672,positive,10.0,10.0,0.00951796118170023,0.39094531536102295,0.07505249977111816,0.0854797288775444,186,42
0.002001523971557617,positive,10.0,10.0,0.01733686774969101,0.5849156975746155,0.07676209509372711,-0.18261201679706573,186,43
0.0020401477813720703,positive,10.0,10.0,0.029035180807113647,0.7788600921630859,0.07310985773801804,-0.4501260817050934,186,44
0.0021173954010009766,positive,10.0,10.0,0.05626806989312172,0.7769322991371155,0.0614008754491806,-0.4071120023727417,186,46
0.0021533966064453125,positive,10.0,10.0,0.07180671393871307,0.5809958577156067,0.053258635103702545,-0.09572071582078934,186,47
0.0022287368774414062,positive,10.0,10.0,0.09893295168876648,0.5795032978057861,0.043921492993831635,-0.06271637976169586,186,49
0.0023043155670166016,positive,10.0,10.0,0.12600238621234894,0.5782666802406311,0.03584267199039459,-0.03539819270372391,186,51
0.002340555191040039,positive,10.0,10.0,0.13756772875785828,0.7728567719459534,0.035134706646203995,-0.31656041741371155,186,52
0.0024940967559814453,positive,10.0,10.0,0.19934485852718353,0.7715539336204529,0.010949479416012764,-0.2876155972480774,186,56
0.002529621124267578,positive,10.0,10.0,0.2147759348154068,0.5762775540351868,0.00519716739654541,0.008500487543642521,186,57
0.0025680065155029297,positive,10.0,10.0,0.22630147635936737,0.7713245749473572,0.005367177538573742,-0.28253814578056335,186,58
0.0026035308837890625,positive,10.0,10.0,0.24172797799110413,0.9663695693016052,-0.0002835856575984508,-0.5735234618186951,186,59
0.0026378631591796875,positive,10.0,10.0,0.2610553801059723,0.7712516188621521,-0.011754055507481098,-0.28092989325523376,186,60
0.0026731491088867188,positive,10.0,10.0,0.27648040652275085,0.9665392637252808,-0.017372652888298035,-0.5772967338562012,186,61
0.0027091503143310547,positive,10.0,10.0,0.29581117630004883,0.7716650366783142,-0.028918586671352386,-0.29013684391975403,186,62
0.002747774124145508,positive,10.0,10.0,0.31124448776245117,0.5769671201705933,-0.03472132235765457,-0.006712953560054302,186,63
0.0028269290924072266,positive,10.0,10.0,0.33823519945144653,0.5779609084129333,-0.0410584919154644,-0.028655607253313065,186,65
0.0028629302978515625,positive,10.0,10.0,0.3497944176197052,0.773646891117096,-0.041631605476140976,-0.3340049982070923,186,66
0.0029761791229248047,positive,10.0,10.0,0.38454508781433105,0.19036206603050232,-0.044959988445043564,0.499019593000412,186,69
0.0030112266540527344,positive,10.0,10.0,0.38835233449935913,0.386088103055954,-0.034979596734046936,0.19251343607902527,186,70
0.003045320510864258,positive,10.0,10.0,0.3960740864276886,0.1914835423231125,-0.031129328534007072,0.4739598035812378,186,71
0.003083467483520508,positive,10.0,10.0,0.3999037444591522,0.3870309591293335,-0.021650131791830063,0.17163023352622986,186,72
0.0031213760375976562,positive,10.0,10.0,0.4076443910598755,0.19222547113895416,-0.018217528238892555,0.45740535855293274,186,73
0.0031583309173583984,positive,10.0,10.0,0.4114888906478882,0.3876001536846161,-0.009069420397281647,0.1590362787246704,186,74
0.003194093704223633,positive,10.0,10.0,0.41924089193344116,0.19260923564434052,-0.0058886948972940445,0.4488442838191986,186,75
0.003228425979614258,positive,10.0,10.0,0.4230930805206299,0.3878139853477478,0.00308819068595767,0.15431097149848938,186,76
0.0032634735107421875,positive,10.0,10.0,0.4308493435382843,0.19264794886112213,0.006174410227686167,0.4479665458202362,186,77
0.003299236297607422,positive,10.0,10.0,0.4347023069858551,0.3876820206642151,0.015133741311728954,0.15723629295825958,186,78
0.0034956932067871094,positive,10.0,10.0,0.4656085968017578,0.19070519506931305,0.043829698115587234,0.4911983907222748,186,83
0.0037131309509277344,positive,10.0,10.0,0.4923363924026489,0.3815899193286896,0.08452516049146652,0.2925831079483032,186,88
0.0037941932678222656,positive,10.0,10.0,0.5114763975143433,0.7691288590431213,0.0909310132265091,-0.23514600098133087,186,90
0.0038309097290039062,positive,10.0,10.0,0.5268589854240417,0.9628419280052185,0.08622809499502182,-0.497818261384964,186,91
0.00394892692565918,positive,10.0,10.0,0.5806595683097839,0.764498233795166,0.06374794244766235,-0.13225415349006653,186,94
0.004215240478515625,positive,10.0,10.0,0.6755828857421875,0.9525092840194702,0.07164277136325836,-0.2685527205467224,186,101
0.0042536258697509766,positive,10.0,10.0,0.6946330666542053,1.146539568901062,0.06627171486616135,-0.5378065705299377,186,102
0.004288911819458008,positive,10.0,10.0,0.7175638675689697,0.9505515694618225,0.055515579879283905,-0.2250002771615982,186,103
0.004323720932006836,positive,10.0,10.0,0.7365748882293701,0.7546819448471069,0.05101557448506355,0.0846647322177887,186,104
0.004357814788818359,positive,10.0,10.0,0.7516685128211975,0.5588672161102295,0.05270887166261673,0.39299672842025757,186,105
0.004474639892578125,positive,10.0,10.0,0.7890552878379822,0.7514451146125793,0.07148748636245728,0.15634293854236603,186,108
0.00455021858215332,positive,10.0,10.0,0.8229936957359314,1.1394524574279785,0.07235517352819443,-0.3811994791030884,186,110
0.004626035690307617,positive,10.0,10.0,0.8646503686904907,1.1375187635421753,0.06339900195598602,-0.33818697929382324,186,112
0.004660606384277344,positive,10.0,10.0,0.88740074634552,0.941554605960846,0.05663526430726051,-0.026204509660601616,186,113
0.004697084426879883,positive,10.0,10.0,0.9062318205833435,0.7456681132316589,0.0561111755669117,0.2837959825992584,186,114
0.004811286926269531,positive,10.0,10.0,0.9470210075378418,0.9379976987838745,0.0800805315375328,0.05246250703930855,186,117
0.004845857620239258,positive,10.0,10.0,0.9657809734344482,1.1318855285644531,0.0811297819018364,-0.21391865611076355,186,118
0.004880189895629883,positive,10.0,10.0,0.988418698310852,1.3257595300674438,0.07685140520334244,-0.4799470901489258,186,119
0.004914283752441406,positive,10.0,10.0,1.0149338245391846,1.1296415328979492,0.06725246459245682,-0.1640664041042328,186,120
0.004948854446411133,positive,10.0,10.0,1.0375267267227173,0.9336245059967041,0.0639711394906044,0.1490517556667328,186,121
0.004982948303222656,positive,10.0,10.0,1.0561991930007935,0.7376476526260376,0.0669521689414978,0.4612105190753937,186,122
0.0050182342529296875,positive,10.0,10.0,1.0709521770477295,0.9317625761032104,0.07617638260126114,0.1903596967458725,186,123
0.0050945281982421875,positive,10.0,10.0,1.112101674079895,1.3196064233779907,0.07843650132417679,-0.34376826882362366,186,125
0.005175113677978516,positive,10.0,10.0,1.1609630584716797,1.3174879550933838,0.07101276516914368,-0.2966925799846649,186,127
0.005212545394897461,positive,10.0,10.0,1.1873128414154053,1.1214293241500854,0.06507891416549683,0.017514405772089958,186,128
0.005330801010131836,positive,10.0,10.0,1.2506415843963623,1.313589096069336,0.07320212572813034,-0.21046940982341766,186,131
0.005411624908447266,positive,10.0,10.0,1.29926335811615,0.9214615821838379,0.071080282330513,0.41800451278686523,186,133
0.005447864532470703,positive,10.0,10.0,1.3176926374435425,1.1155080795288086,0.07944037765264511,0.14854981005191803,186,134
0.0055828094482421875,positive,10.0,10.0,1.3884550333023071,1.3070989847183228,0.0840393602848053,-0.06694463640451431,186,137
0.005620479583740234,positive,10.0,10.0,1.4145970344543457,1.1108789443969727,0.0827004685997963,0.25102511048316956,186,138
0.005657672882080078,positive,10.0,10.0,1.4368146657943726,1.3047285079956055,0.08772096782922745,-0.014469260349869728,186,139
0.005693197250366211,positive,10.0,10.0,1.46290922164917,1.1084651947021484,0.08743158727884293,0.3045506477355957,186,140
0.0057299137115478516,positive,10.0,10.0,1.4850784540176392,1.3022394180297852,0.09352260082960129,0.040671709924936295,186,141
0.005808353424072266,positive,10.0,10.0,1.541041374206543,1.2995696067810059,0.08991401642560959,0.09978572279214859,186,143
0.0058460235595703125,positive,10.0,10.0,1.567032814025879,1.103281855583191,0.0919097289443016,0.41942721605300903,186,144
0.006082296371459961,negative,10.0,-10.0,1.7029035091400146,1.0941706895828247,0.14589741826057434,0.6249042749404907,186,150
0.0061185359954833984,negative,10.0,-10.0,1.7247868776321411,1.2869869470596313,0.15839551389217377,0.38149434328079224,186,151
0.0061948299407958984,negative,10.0,-10.0,1.7723268270492554,1.2824954986572266,0.18041802942752838,0.48346441984176636,186,153
0.006229877471923828,negative,10.0,-10.0,1.7979767322540283,1.474673867225647,0.19008731842041016,0.2526313364505768,186,154
0.006304264068603516,negative,10.0,-10.0,1.8608031272888184,1.8585113286972046,0.1956481635570526,-0.19991837441921234,186,156
0.006379127502441406,negative,10.0,-10.0,1.9389809370040894,2.242339611053467,0.18314839899539948,-0.6517432928085327,186,158
0.0066928863525390625,negative,10.0,-10.0,2.382383346557617,3.4005446434020996,-0.02252531237900257,-2.1201512813568115,186,166
0.0003116130828857422,positive,10.0,10.0,0.009154255501925945,0.027613868936896324,-0.044343501329422,-0.027819043025374413,187,0
0.0003845691680908203,positive,10.0,10.0,0.009706532582640648,-0.16684503853321075,-0.04489988088607788,0.250549852848053,187,1
0.0004363059997558594,positive,10.0,10.0,0.006369632203131914,-0.36129799485206604,-0.039888884872198105,0.5287392139434814,187,2
0.0004820823669433594,positive,10.0,10.0,-0.0008563279989175498,-0.16563823819160461,-0.029314100742340088,0.22375881671905518,187,3
0.0005247592926025391,positive,10.0,10.0,-0.004169092979282141,-0.36032921075820923,-0.024838924407958984,0.5070527195930481,187,4
0.0005655288696289062,positive,10.0,10.0,-0.011375677771866322,-0.16486623883247375,-0.01469787023961544,0.20664678514003754,187,5
0.0008175373077392578,positive,10.0,10.0,-0.03564182668924332,-0.3598499298095703,0.017114050686359406,0.49628782272338867,187,10
0.0008602142333984375,positive,10.0,10.0,-0.04283882677555084,-0.1649734228849411,0.02703980728983879,0.20904718339443207,187,11
0.0008995532989501953,positive,10.0,10.0,-0.04613829404115677,-0.36047136783599854,0.031220750883221626,0.5101356506347656,187,12
0.0009872913360595703,positive,10.0,10.0,-0.05666377767920494,-0.36149153113365173,0.045972514897584915,0.5329087972640991,187,14
0.0010309219360351562,positive,10.0,10.0,-0.06389360874891281,-0.16704528033733368,0.056630689650774,0.25505876541137695,187,15
0.0010745525360107422,positive,10.0,10.0,-0.06723451614379883,-0.3629281520843506,0.061731867492198944,0.5650525689125061,187,16
0.001116037368774414,positive,10.0,10.0,-0.07449308037757874,-0.1687241494655609,0.0730329155921936,0.2924390733242035,187,17
0.0012013912200927734,positive,10.0,10.0,-0.07736186683177948,0.21919193863868713,0.07935478538274765,-0.24313506484031677,187,19
0.0013308525085449219,positive,10.0,10.0,-0.06037594750523567,0.021028071641921997,0.06040521711111069,0.11767935752868652,187,22
0.0014157295227050781,positive,10.0,10.0,-0.06345348805189133,0.01927461102604866,0.07133463025093079,0.15653425455093384,187,24
0.0015301704406738281,positive,10.0,10.0,-0.06660383939743042,0.01720314472913742,0.08388213813304901,0.20252707600593567,187,26
0.0015759468078613281,positive,10.0,10.0,-0.06625977903604507,0.21103154122829437,0.08793268352746964,-0.0625608041882515,187,27
0.0017116069793701172,positive,10.0,10.0,-0.04977239668369293,0.40243399143218994,0.08000541478395462,-0.2739008665084839,187,30
0.001752614974975586,positive,10.0,10.0,-0.041723717004060745,0.5963286757469177,0.07452739775180817,-0.5403160452842712,187,31
0.0017919540405273438,positive,10.0,10.0,-0.0297971460968256,0.4002425968647003,0.06372107565402985,-0.22511263191699982,187,32
0.0018451213836669922,positive,10.0,10.0,-0.021792294457554817,0.20427054166793823,0.05921882763504982,0.08697016537189484,187,33
0.0019385814666748047,positive,10.0,10.0,-0.017539843916893005,0.2025584876537323,0.06891289353370667,0.12487494945526123,187,35
0.001978635787963867,positive,10.0,10.0,-0.013488673605024815,0.006520415656268597,0.07141038775444031,0.4384784698486328,187,36
0.0020682811737060547,positive,10.0,10.0,-0.009347009472548962,0.3944510221481323,0.08356262743473053,-0.09721679240465164,187,38
0.0021648406982421875,positive,10.0,10.0,0.01030765287578106,0.39210066199302673,0.07437009364366531,-0.045148395001888275,187,40
0.0022110939025878906,positive,10.0,10.0,0.018149666488170624,0.5860817432403564,0.07346712797880173,-0.31347107887268066,187,41
0.002305746078491211,positive,10.0,10.0,0.03767118975520134,0.5840914249420166,0.06722663342952728,-0.2693006992340088,187,43
0.0023450851440429688,positive,10.0,10.0,0.049353014677762985,0.7781928181648254,0.06184061989188194,-0.5400453805923462,187,44
0.0023834705352783203,positive,10.0,10.0,0.06491687148809433,0.5822585821151733,0.051039714366197586,-0.22853626310825348,187,45
0.0024666786193847656,positive,10.0,10.0,0.09209435433149338,0.5808703899383545,0.03637513518333435,-0.19773520529270172,187,47
0.0025060176849365234,positive,10.0,10.0,0.10371176153421402,0.7754536867141724,0.032420430332422256,-0.4787251353263855,187,48
0.002544403076171875,positive,10.0,10.0,0.11922083050012589,0.5798894166946411,0.022845927625894547,-0.17600291967391968,187,49
0.0026259422302246094,positive,10.0,10.0,0.1463121622800827,0.5792874097824097,0.010098027065396309,-0.16268080472946167,187,51
0.002663135528564453,positive,10.0,10.0,0.15789790451526642,0.774263322353363,0.006844411138445139,-0.45216104388237,187,52
0.002866983413696289,positive,10.0,10.0,0.2275206595659256,0.5796077847480774,-0.02669147588312626,-0.16979070007801056,187,57
0.002988576889038086,positive,10.0,10.0,0.2662231922149658,0.7760813236236572,-0.0432572104036808,-0.4926011860370636,187,60
0.003027677536010742,positive,10.0,10.0,0.2817448079586029,0.5815953016281128,-0.05310923606157303,-0.21385875344276428,187,61
0.003106832504272461,positive,10.0,10.0,0.30892542004585266,0.5831654667854309,-0.06784261763095856,-0.24874860048294067,187,63
0.0037262439727783203,positive,10.0,10.0,0.29556962847709656,-0.7657626271247864,0.08058749884366989,1.4305949211120605,187,78
0.00045371055603027344,positive,10.0,10.0,0.03735096752643585,-0.023924069479107857,-0.012846356257796288,-0.049168746918439865,188,0
0.0007395744323730469,positive,10.0,10.0,0.03249529376626015,-0.41378116607666016,-0.00904106069356203,0.5277222990989685,188,2
0.0009224414825439453,positive,10.0,10.0,0.019849007949233055,-0.41367673873901367,0.006157469004392624,0.5253641605377197,188,4
0.0011801719665527344,positive,10.0,10.0,-0.001077326131053269,-0.2191828489303589,0.032007716596126556,0.24664288759231567,188,7
0.0013713836669921875,positive,10.0,10.0,-0.0264778770506382,-0.22159887850284576,0.06481077522039413,0.30040499567985535,188,11
0.0014140605926513672,positive,10.0,10.0,-0.030909854918718338,-0.027457691729068756,0.07081887871026993,0.028845636174082756,188,12
0.0014567375183105469,positive,10.0,10.0,-0.031459007412195206,-0.22352001070976257,0.07139578461647034,0.34300529956817627,188,13
0.001500844955444336,positive,10.0,10.0,-0.03592940792441368,-0.029482563957571983,0.07825589179992676,0.0736631453037262,188,14
0.0015897750854492188,positive,10.0,10.0,-0.03323035314679146,-0.03173123300075531,0.07586236298084259,0.12339092046022415,188,16
0.001630544662475586,positive,10.0,10.0,-0.033864978700876236,0.16222651302814484,0.07833018153905869,-0.14442677795886993,188,17
0.0017545223236083984,positive,10.0,10.0,-0.020296787843108177,-0.03597912937402725,0.06529501080513,0.21718323230743408,188,20
0.0017948150634765625,positive,10.0,10.0,-0.021016370505094528,-0.23197078704833984,0.0696386769413948,0.5297273397445679,188,21
0.0018320083618164062,positive,10.0,10.0,-0.02565578557550907,-0.03789403662085533,0.08023322373628616,0.2597750425338745,188,22
0.0018684864044189453,positive,10.0,10.0,-0.02641366608440876,0.15599632263183594,0.08542872965335846,-0.006561631336808205,188,23
0.0019495487213134766,positive,10.0,10.0,-0.016297822818160057,0.5436035990715027,0.07987518608570099,-0.5357229113578796,188,25
0.0019876956939697266,positive,10.0,10.0,-0.0054257516749203205,0.347454696893692,0.06916072964668274,-0.21897929906845093,188,26
0.0021677017211914062,positive,10.0,10.0,0.006651104427874088,0.34351933002471924,0.0775398388504982,-0.13202200829982758,188,30
0.0022089481353759766,positive,10.0,10.0,0.01352149061858654,0.5374498963356018,0.07489939779043198,-0.39926987886428833,188,31
0.0022919178009033203,positive,10.0,10.0,0.03109748288989067,0.1453355997800827,0.06523510813713074,0.22907671332359314,188,33
0.002349376678466797,positive,10.0,10.0,0.034004196524620056,-0.05065498501062393,0.06981664150953293,0.5416027903556824,188,34
0.0023910999298095703,positive,10.0,10.0,0.03299109637737274,0.1434198021888733,0.08064869791269302,0.27170923352241516,188,35
0.002429962158203125,positive,10.0,10.0,0.03585949167609215,0.33730387687683105,0.08608288317918777,0.005513435695320368,188,36
0.002470731735229492,positive,10.0,10.0,0.04260556772351265,0.5310925245285034,0.08619315177202225,-0.25881609320640564,188,37
0.00255584716796875,positive,10.0,10.0,0.059924472123384476,0.5287250876426697,0.08221203833818436,-0.2063015252351761,188,39
0.002637624740600586,positive,10.0,10.0,0.08495059609413147,0.5264480710029602,0.06864680349826813,-0.15572325885295868,188,41
0.0027217864990234375,positive,10.0,10.0,0.10989002883434296,0.5245374441146851,0.0570126511156559,-0.11338362097740173,188,43
0.0028085708618164062,positive,10.0,10.0,0.13475674390792847,0.5229434967041016,0.046994008123874664,-0.07811975479125977,188,45
0.0028481483459472656,positive,10.0,10.0,0.14521560072898865,0.7173613905906677,0.04543161392211914,-0.35561344027519226,188,46
0.002976655960083008,positive,10.0,10.0,0.17651478946208954,0.1303393840789795,0.04245147854089737,0.5597874522209167,188,49
0.0030155181884765625,positive,10.0,10.0,0.17912158370018005,-0.06535188108682632,0.053647227585315704,0.8655369281768799,188,50
0.0032274723052978516,negative,10.0,-10.0,0.13339266180992126,-1.0458405017852783,0.2031649649143219,2.4754691123962402,188,55
0.0006148815155029297,positive,10.0,10.0,-0.00720506627112627,-0.37049636244773865,0.030379028990864754,0.5535669326782227,189,6
0.0006606578826904297,positive,10.0,10.0,-0.014614993706345558,-0.17581388354301453,0.041450366377830505,0.2706080377101898,189,7
0.0007443428039550781,positive,10.0,10.0,-0.025561312213540077,-0.17706726491451263,0.05838394910097122,0.2985116243362427,189,9
0.0007853507995605469,positive,10.0,10.0,-0.029102656990289688,0.017175959423184395,0.06435418128967285,0.024798355996608734,189,10
0.0011494159698486328,positive,10.0,10.0,-0.01889190450310707,-0.18624749779701233,0.07222967594861984,0.5016989707946777,189,19
0.0012302398681640625,positive,10.0,10.0,-0.022461136803030968,0.2016419917345047,0.08691614866256714,-0.033017709851264954,189,21
0.001268148422241211,positive,10.0,10.0,-0.018428295850753784,0.3954169750213623,0.08625579625368118,-0.2970617711544037,189,22
0.0013880729675292969,positive,10.0,10.0,0.0013248425675556064,0.5869432687759399,0.0758497416973114,-0.5109323859214783,189,25
0.0015702247619628906,positive,10.0,10.0,0.02475522644817829,0.19305233657360077,0.07264618575572968,0.1569824069738388,189,29
0.0016105175018310547,positive,10.0,10.0,0.028616271913051605,0.38706305623054504,0.07578583806753159,-0.11192689836025238,189,30
0.0016901493072509766,positive,10.0,10.0,0.04797796905040741,0.38493672013282776,0.0659518912434578,-0.06483432650566101,189,32
0.0018079280853271484,positive,10.0,10.0,0.05931441858410835,0.18703076243400574,0.0808185562491417,0.2902972996234894,189,35
0.0018444061279296875,positive,10.0,10.0,0.06305503100156784,0.3809128701686859,0.08662450313568115,0.024158185347914696,189,36
0.0019214153289794922,positive,10.0,10.0,0.0821671411395073,0.7684692144393921,0.08230794966220856,-0.5039713382720947,189,38
0.0019986629486083984,positive,10.0,10.0,0.10898231714963913,0.7663077712059021,0.06849798560142517,-0.45557865500450134,189,40
0.002035856246948242,positive,10.0,10.0,0.12430847436189651,0.5702875852584839,0.05938641354441643,-0.14211520552635193,189,41
0.002115964889526367,positive,10.0,10.0,0.15100444853305817,0.568635106086731,0.04823436215519905,-0.10552801936864853,189,43
0.0021543502807617188,positive,10.0,10.0,0.16237714886665344,0.3728562891483307,0.04612380266189575,0.2019740343093872,189,44
0.0021903514862060547,positive,10.0,10.0,0.16983427107334137,0.1771060824394226,0.050163283944129944,0.5088426470756531,189,45
0.002346038818359375,positive,10.0,10.0,0.19171142578125,0.5636703372001648,0.08129613846540451,0.004124251194298267,189,49
0.0024209022521972656,positive,10.0,10.0,0.21813559532165527,0.9514096975326538,0.07614178210496902,-0.5277882814407349,189,51
0.002496480941772461,positive,10.0,10.0,0.2522698640823364,0.9494295716285706,0.06134366616606712,-0.4834118187427521,189,53
0.0025708675384521484,positive,10.0,10.0,0.28632840514183044,0.9478436708450317,0.04823456332087517,-0.44798704981803894,189,55
0.002683877944946289,positive,10.0,10.0,0.33925899863243103,0.7509927153587341,0.028054125607013702,-0.11658461391925812,189,58
0.002719402313232422,positive,10.0,10.0,0.3542788624763489,0.9457017183303833,0.025722432881593704,-0.40028634667396545,189,59
0.0027980804443359375,positive,10.0,10.0,0.3881973922252655,0.5548532009124756,0.015724586322903633,0.1986134648323059,189,61
0.0028734207153320312,positive,10.0,10.0,0.4142893850803375,0.5543480515480042,0.017915498465299606,0.20976375043392181,189,63
0.002946615219116211,positive,10.0,10.0,0.43255582451820374,0.5537781715393066,0.032271649688482285,0.2224099338054657,189,65
0.0029807090759277344,positive,10.0,10.0,0.4436313807964325,0.35821014642715454,0.03671984747052193,0.5250954031944275,189,66
0.0030159950256347656,positive,10.0,10.0,0.45079559087753296,0.5527966618537903,0.04722175374627113,0.24420562386512756,189,67
0.0030922889709472656,positive,10.0,10.0,0.4767957925796509,0.551384449005127,0.05144153907895088,0.2754405438899994,189,69
0.003126859664916992,positive,10.0,10.0,0.487823486328125,0.3555677533149719,0.05695034936070442,0.5838941931724548,189,70
0.003160238265991211,positive,10.0,10.0,0.4949348568916321,0.5498476028442383,0.0686282366514206,0.309681236743927,189,71
0.0031938552856445312,positive,10.0,10.0,0.5059317946434021,0.743928074836731,0.07482185959815979,0.03940674290060997,189,72
0.003343343734741211,positive,10.0,10.0,0.5809220671653748,0.7398778200149536,0.05745187774300575,0.12884187698364258,189,76
0.003476381301879883,positive,10.0,10.0,0.6213634014129639,0.5421691536903381,0.07212856411933899,0.47948262095451355,189,79
0.0035562515258789062,positive,10.0,10.0,0.6469308137893677,0.9300668835639954,0.08592575043439865,-0.05545097589492798,189,81
0.003634214401245117,positive,10.0,10.0,0.6880093216896057,0.9276373982429504,0.07842003554105759,-0.0016550100408494473,189,83
0.0037496089935302734,positive,10.0,10.0,0.7553026080131531,1.1194044351577759,0.062303557991981506,-0.2208007574081421,189,86
0.0038673877716064453,positive,10.0,10.0,0.810710608959198,0.9217745065689087,0.06772959232330322,0.12795843183994293,189,89
0.003903627395629883,positive,10.0,10.0,0.829146146774292,1.1158641576766968,0.0702887624502182,-0.14261120557785034,189,90
0.003979206085205078,positive,10.0,10.0,0.8698595762252808,0.7237904667854309,0.07086438685655594,0.4845639765262604,189,92
0.004014492034912109,positive,10.0,10.0,0.8843353986740112,0.9178445935249329,0.08055566251277924,0.21503008902072906,189,93
0.004049539566040039,positive,10.0,10.0,0.9026923179626465,1.1117279529571533,0.08485626429319382,-0.05119418352842331,189,94
0.0040836334228515625,positive,10.0,10.0,0.9249268770217896,1.305537223815918,0.08383238315582275,-0.315944105386734,189,95
0.004198789596557617,positive,10.0,10.0,0.9992892742156982,1.107118844985962,0.07224659621715546,0.05080067738890648,189,98
0.004233837127685547,positive,10.0,10.0,1.0214316844940186,0.9110392332077026,0.07326260954141617,0.36537474393844604,189,99
0.004347324371337891,positive,10.0,10.0,1.087731957435608,1.102728009223938,0.07911230623722076,0.14797499775886536,189,102
0.004498958587646484,positive,10.0,10.0,1.1836146116256714,1.0981184244155884,0.0823134183883667,0.2500154674053192,189,106
0.005193471908569336,negative,10.0,-10.0,1.648661732673645,1.0698316097259521,0.1588609218597412,0.8832221031188965,189,124
0.005307435989379883,negative,10.0,-10.0,1.7244031429290771,1.257529854774475,0.19765502214431763,0.7579978108406067,189,127
0.000347137451171875,positive,10.0,10.0,-0.04391617327928543,0.02494649961590767,-0.0321987122297287,0.026166297495365143,190,0
0.0004096031188964844,positive,10.0,10.0,-0.04341724514961243,-0.16969925165176392,-0.03167538717389107,0.30851879715919495,190,1
0.0004603862762451172,positive,10.0,10.0,-0.04681122675538063,0.025859370827674866,-0.025505011901259422,0.0060170055367052555,190,2
0.0005602836608886719,positive,10.0,10.0,-0.04967179521918297,0.026586851105093956,-0.019573772326111794,-0.010034708306193352,190,4
0.0006766319274902344,positive,10.0,10.0,-0.05250503867864609,-0.3630833327770233,-0.014246291480958462,0.562789797782898,190,6
0.0007457733154296875,positive,10.0,10.0,-0.059766706079244614,-0.16776439547538757,-0.002990495413541794,0.2656528651714325,190,7
0.0008144378662109375,positive,10.0,10.0,-0.0631219893693924,-0.3628435432910919,0.0023225618060678244,0.5573910474777222,190,8
0.0009691715240478516,positive,10.0,10.0,-0.07373394817113876,-0.3630658686161041,0.018779197707772255,0.5623417496681213,190,10
0.0011432170867919922,positive,10.0,10.0,-0.08435951173305511,-0.36374959349632263,0.03553871065378189,0.577633798122406,190,12
0.0013976097106933594,positive,10.0,10.0,-0.09744793176651001,-0.17216917872428894,0.06100132688879967,0.36341801285743713,190,17
0.0015175342559814453,positive,10.0,10.0,-0.1039305254817009,0.02006612718105316,0.0781610906124115,0.13420245051383972,190,20
0.0015554428100585938,positive,10.0,10.0,-0.1035291999578476,0.2139865607023239,0.08084513992071152,-0.13283416628837585,190,21
0.0015931129455566406,positive,10.0,10.0,-0.0992494747042656,0.40786299109458923,0.078188456594944,-0.3989563584327698,190,22
0.0016789436340332031,positive,10.0,10.0,-0.08685773611068726,0.01566946879029274,0.06855567544698715,0.23129911720752716,190,24
0.0017571449279785156,positive,10.0,10.0,-0.0901515781879425,0.01365972962230444,0.08407755196094513,0.2760377824306488,190,26
0.0017931461334228516,positive,10.0,10.0,-0.0898783802986145,0.2074877768754959,0.08959830552339554,0.011012411676347256,190,27
0.001827239990234375,positive,10.0,10.0,-0.08572863042354584,0.40121814608573914,0.0898185595870018,-0.2521108090877533,190,28
0.0019061565399169922,positive,10.0,10.0,-0.06580525636672974,0.39874330163002014,0.07447300851345062,-0.197018563747406,190,30
0.001985311508178711,positive,10.0,10.0,-0.045975882560014725,0.39668136835098267,0.06122643128037453,-0.15125606954097748,190,32
0.0021033287048339844,positive,10.0,10.0,-0.033930808305740356,0.1990370750427246,0.07081440091133118,0.19784313440322876,190,35
0.0021386146545410156,positive,10.0,10.0,-0.029950067400932312,0.0029774601571261883,0.07477126270532608,0.5119975209236145,190,36
0.002172708511352539,positive,10.0,10.0,-0.0298905186355114,0.19697096943855286,0.08501121401786804,0.24378259479999542,190,37
0.0023260116577148438,positive,10.0,10.0,0.009119653142988682,0.5820543766021729,0.07284705340862274,-0.2292613685131073,190,41
0.002401590347290039,positive,10.0,10.0,0.036282017827034,0.5800492167472839,0.0582997165620327,-0.18471500277519226,190,43
0.002437114715576172,positive,10.0,10.0,0.04788300022482872,0.7742906212806702,0.05460541695356369,-0.4584517180919647,190,44
0.0025517940521240234,positive,10.0,10.0,0.09039530903100967,0.5771871209144592,0.03391342610120773,-0.12132007628679276,190,47
0.0025892257690429688,positive,10.0,10.0,0.10193905234336853,0.7718071937561035,0.03148702159523964,-0.4031136929988861,190,48
0.0026235580444335938,positive,10.0,10.0,0.1173751950263977,0.5762531161308289,0.023424750193953514,-0.10067234933376312,190,49
0.002657651901245117,positive,10.0,10.0,0.12890025973320007,0.7710316777229309,0.02141130343079567,-0.3858737647533417,190,50
0.002852201461791992,positive,10.0,10.0,0.19815482199192047,0.5751402378082275,-0.00449562631547451,-0.07609296590089798,190,55
0.002888202667236328,positive,10.0,10.0,0.20965762436389923,0.7703263163566589,-0.00601748563349247,-0.37019088864326477,190,56
0.002923250198364258,positive,10.0,10.0,0.22506415843963623,0.5752903819084167,-0.01342130359262228,-0.07941140234470367,190,57
0.0029578208923339844,positive,10.0,10.0,0.23656997084617615,0.7706021666526794,-0.015009531751275063,-0.3762983977794647,190,58
0.0032813549041748047,positive,10.0,10.0,0.34446197748184204,0.7743933796882629,-0.05635129660367966,-0.4605308175086975,190,66
0.003360271453857422,positive,10.0,10.0,0.37155207991600037,0.3859856426715851,-0.06928449124097824,0.08517265319824219,190,68
0.003475666046142578,positive,10.0,10.0,0.3908689618110657,0.19373129308223724,-0.059636447578668594,0.31501805782318115,190,71
0.003589153289794922,positive,10.0,10.0,0.40644320845603943,0.0010082873050123453,-0.047662701457738876,0.5549521446228027,190,74
0.003625631332397461,positive,10.0,10.0,0.4064633846282959,0.1967659294605255,-0.03656366094946861,0.24764160811901093,190,75
0.0036613941192626953,positive,10.0,10.0,0.4103986918926239,0.0021847228053957224,-0.03161082789301872,0.5285710096359253,190,76
0.003696441650390625,positive,10.0,10.0,0.41044238209724426,0.19773681461811066,-0.021039407700300217,0.22609737515449524,190,77
0.0037310123443603516,positive,10.0,10.0,0.41439712047576904,0.0029217652045190334,-0.016517460346221924,0.5120701193809509,190,78
0.0038459300994873047,positive,10.0,10.0,0.4184858202934265,0.19839072227478027,0.008107001893222332,0.2116149365901947,190,81
0.0039212703704833984,positive,10.0,10.0,0.42251673340797424,0.19809973239898682,0.022476183250546455,0.21807515621185303,190,83
0.0040740966796875,positive,10.0,10.0,0.43051522970199585,0.19627384841442108,0.05262275040149689,0.2586318552494049,190,87
0.004109621047973633,positive,10.0,10.0,0.4344407320022583,0.00044167370651848614,0.057795386761426926,0.5674374103546143,190,88
0.004183530807495117,positive,10.0,10.0,0.43834370374679565,0.38877883553504944,0.07501429319381714,0.023408424109220505,190,90
0.004261016845703125,positive,10.0,10.0,0.45777425169944763,0.7767165303230286,0.07058855146169662,-0.5126471519470215,190,92
0.0042955875396728516,positive,10.0,10.0,0.47330859303474426,0.5806750655174255,0.060335610061883926,-0.19858141243457794,190,93
0.004329681396484375,positive,10.0,10.0,0.4849220812320709,0.3847443461418152,0.05636398121714592,0.11250777542591095,190,94
0.004363536834716797,positive,10.0,10.0,0.4926169812679291,0.1888619363307953,0.058614134788513184,0.4224270284175873,190,95
0.004438638687133789,positive,10.0,10.0,0.5040563344955444,0.1870916336774826,0.070038340985775,0.461846262216568,190,97
0.004473209381103516,positive,10.0,10.0,0.5077981948852539,0.38115742802619934,0.07927526533603668,0.19203568994998932,190,98
0.004508256912231445,positive,10.0,10.0,0.5154213309288025,0.5750610828399658,0.08311598002910614,-0.07462380081415176,190,99
0.004582881927490234,positive,10.0,10.0,0.5423005223274231,0.572716474533081,0.07482411712408066,-0.022704239934682846,190,101
0.004696369171142578,positive,10.0,10.0,0.5805004835128784,0.37455612421035767,0.06903872638940811,0.33780771493911743,190,104
0.004769563674926758,positive,10.0,10.0,0.5993642210960388,0.7625892758369446,0.07714828103780746,-0.20016957819461823,190,106
0.004804134368896484,positive,10.0,10.0,0.6146160364151001,0.9565278887748718,0.07314489036798477,-0.46755313873291016,190,107
0.004837989807128906,positive,10.0,10.0,0.6337465643882751,0.760452926158905,0.06379382312297821,-0.15274162590503693,190,108
0.004911184310913086,positive,10.0,10.0,0.6602451801300049,0.3685416877269745,0.06392629444599152,0.47057420015335083,190,110
0.004945516586303711,positive,10.0,10.0,0.6676160097122192,0.5627051591873169,0.07333777844905853,0.19870541989803314,190,111
0.0049784183502197266,positive,10.0,10.0,0.6788701415061951,0.7567057013511658,0.07731188833713531,-0.06997121870517731,190,112
0.005143165588378906,positive,10.0,10.0,0.7392771244049072,0.7525593638420105,0.07457324117422104,0.021768560633063316,190,116
0.005181789398193359,positive,10.0,10.0,0.7543283104896545,0.9465370774269104,0.07500861585140228,-0.24648503959178925,190,117
0.005260467529296875,positive,10.0,10.0,0.796069324016571,0.9444767832756042,0.05978696420788765,-0.20068003237247467,190,119
0.005296945571899414,positive,10.0,10.0,0.8149588108062744,0.7485529780387878,0.05577336251735687,0.11024750024080276,190,120
0.005331516265869141,positive,10.0,10.0,0.8299298882484436,0.5526779890060425,0.0579783134162426,0.41999197006225586,190,121
0.005410909652709961,positive,10.0,10.0,0.8559221029281616,0.5509259104728699,0.06930086761713028,0.4589991271495819,190,123
0.005805015563964844,positive,10.0,10.0,1.0392608642578125,1.3205211162567139,0.07157213985919952,-0.4738401770591736,190,133
0.0060007572174072266,positive,10.0,10.0,1.139918565750122,0.7307276725769043,0.07500915229320526,0.5045284628868103,190,138
0.0060367584228515625,positive,10.0,10.0,1.1545331478118896,0.9247168302536011,0.0850997194647789,0.2363949865102768,190,139
0.006074666976928711,positive,10.0,10.0,1.173027515411377,1.1185264587402344,0.08982761949300766,-0.02827819623053074,190,140
0.006231784820556641,positive,10.0,10.0,1.262354850769043,1.1132715940475464,0.09098782390356064,0.08811426162719727,190,144
0.006268501281738281,positive,10.0,10.0,1.2846202850341797,1.3069795370101929,0.09275010973215103,-0.17453216016292572,190,145
0.006304025650024414,positive,10.0,10.0,1.3107599020004272,1.1106610298156738,0.08925946801900864,0.1459093689918518,190,146
0.006338596343994141,positive,10.0,10.0,1.3329731225967407,1.304398775100708,0.09217765182256699,-0.11733303964138031,190,147
0.006414890289306641,positive,10.0,10.0,1.3812227249145508,1.301815390586853,0.09388997405767441,-0.06009966880083084,190,149
0.006449699401855469,positive,10.0,10.0,1.4072591066360474,1.1054813861846924,0.09268797934055328,0.2606672942638397,190,150
0.006796121597290039,negative,10.0,-10.0,1.6208140850067139,1.286616325378418,0.13925428688526154,0.2780452370643616,190,159
0.006873369216918945,negative,10.0,-10.0,1.6683425903320312,1.2826435565948486,0.15703928470611572,0.3674098253250122,190,161
0.006908893585205078,negative,10.0,-10.0,1.693995475769043,1.4752261638641357,0.16438747942447662,0.12807071208953857,190,162
0.006943464279174805,negative,10.0,-10.0,1.7235000133514404,1.2781776189804077,0.16694888472557068,0.46777135133743286,190,163
0.007019519805908203,negative,10.0,-10.0,1.7706862688064575,0.8840961456298828,0.19246581196784973,1.1506232023239136,190,165
0.0004992485046386719,positive,10.0,10.0,-0.015149491839110851,-0.35301974415779114,-0.04005953669548035,0.5337995290756226,191,2
0.0005726814270019531,positive,10.0,10.0,-0.022209886461496353,-0.15735799074172974,-0.029383545741438866,0.228767991065979,191,3
0.0008177757263183594,positive,10.0,10.0,-0.04255964234471321,-0.1562301069498062,-0.00034062680788338184,0.2037736028432846,191,7
0.0009765625,positive,10.0,10.0,-0.0558367483317852,-0.3515927195549011,0.01775873638689518,0.5018065571784973,191,10
0.0010571479797363281,positive,10.0,10.0,-0.06600311398506165,-0.3522335886955261,0.03209032118320465,0.5160921216011047,191,12
0.001178741455078125,positive,10.0,10.0,-0.08326493203639984,-0.15884985029697418,0.05787491053342819,0.2619626224040985,191,15
0.0012187957763671875,positive,10.0,10.0,-0.08644192665815353,-0.3547481298446655,0.06311416625976562,0.5723237991333008,191,16
0.0012989044189453125,positive,10.0,10.0,-0.09674819558858871,0.03341909870505333,0.08056409657001495,0.031905099749565125,191,18
0.0014300346374511719,positive,10.0,10.0,-0.08311039209365845,0.2250598520040512,0.0665096566081047,-0.1845340132713318,191,21
0.0015549659729003906,positive,10.0,10.0,-0.06576140969991684,0.027370600029826164,0.050834398716688156,0.1654190570116043,191,24
0.0017538070678710938,positive,10.0,10.0,-0.07098692655563354,0.2179422676563263,0.08259941637516022,-0.027195068076252937,191,29
0.001954793930053711,positive,10.0,10.0,-0.03381941467523575,0.4074404537677765,0.06162290647625923,-0.19613756239414215,191,34
0.0020341873168945312,positive,10.0,10.0,-0.02144073322415352,0.015594464726746082,0.0600067637860775,0.4256446063518524,191,36
0.002071380615234375,positive,10.0,10.0,-0.02112884446978569,0.20981737971305847,0.06851965188980103,0.15246599912643433,191,37
0.002107381820678711,positive,10.0,10.0,-0.016932496801018715,0.013784624636173248,0.07156897336244583,0.46595415472984314,191,38
0.002184152603149414,positive,10.0,10.0,-0.0125002795830369,0.4017035961151123,0.08482126146554947,-0.06944984197616577,191,40
0.0022199153900146484,positive,10.0,10.0,-0.0044662076979875565,0.5955135226249695,0.08343226462602615,-0.3342120051383972,191,41
0.0023360252380371094,positive,10.0,10.0,0.02729528211057186,0.7872051000595093,0.07074056565761566,-0.5515797734260559,191,44
0.002372264862060547,positive,10.0,10.0,0.043039385229349136,0.5911646485328674,0.05970897153019905,-0.23747415840625763,191,45
0.002447843551635742,positive,10.0,10.0,0.07057037949562073,0.5895336270332336,0.04474465921521187,-0.20125812292099,191,47
0.002543210983276367,positive,10.0,10.0,0.09804081171751022,0.5883156061172485,0.03112955205142498,-0.17426367104053497,191,49
0.0025832653045654297,positive,10.0,10.0,0.10980711877346039,0.7829785346984863,0.02764427848160267,-0.45696598291397095,191,50
0.0026214122772216797,positive,10.0,10.0,0.12546668946743011,0.587476909160614,0.018504958599805832,-0.15569917857646942,191,51
0.0027441978454589844,positive,10.0,10.0,0.16460266709327698,0.7820204496383667,0.003641375806182623,-0.43560484051704407,191,54
0.002782106399536133,positive,10.0,10.0,0.18024307489395142,0.5868471264839172,-0.005070721264928579,-0.14177624881267548,191,55
0.002904653549194336,positive,10.0,10.0,0.21936148405075073,0.7823882699012756,-0.019544826820492744,-0.44375622272491455,191,58
0.003065347671508789,positive,10.0,10.0,0.2741895914077759,0.7840840816497803,-0.04426691308617592,-0.4814930856227875,191,62
0.0031893253326416016,positive,10.0,10.0,0.3173728287220001,0.5912039279937744,-0.06820385158061981,-0.23839977383613586,191,65
0.0032281875610351562,positive,10.0,10.0,0.32919690012931824,0.7872306108474731,-0.07297184318304062,-0.5517925024032593,191,66
0.0034313201904296875,positive,10.0,10.0,0.3691444396972656,-0.1819080114364624,-0.07495813816785812,0.7728607654571533,191,71
0.003470182418823242,positive,10.0,10.0,0.36550626158714294,-0.3759230077266693,-0.05950092524290085,1.0410490036010742,191,72
0.003506183624267578,positive,10.0,10.0,0.35798779129981995,-0.18006327748298645,-0.03867994248867035,0.7302963733673096,191,73
0.003541231155395508,positive,10.0,10.0,0.3543865382671356,0.015571316704154015,-0.024074018001556396,0.42569488286972046,191,74
0.0035774707794189453,positive,10.0,10.0,0.35469797253608704,0.21102584898471832,-0.015560119412839413,0.1255209594964981,191,75
0.003696918487548828,positive,10.0,10.0,0.36346977949142456,0.016381632536649704,-0.00245488528162241,0.40765583515167236,191,78
0.0037331581115722656,positive,10.0,10.0,0.3637974262237549,-0.17870542407035828,0.005698231048882008,0.6995638012886047,191,79
0.003852367401123047,positive,10.0,10.0,0.36477354168891907,0.015664562582969666,0.030308490619063377,0.4236106872558594,191,82
0.0040509700775146484,positive,10.0,10.0,0.36622491478919983,0.20720353722572327,0.07523837685585022,0.21037805080413818,191,87
0.004086732864379883,positive,10.0,10.0,0.37036898732185364,0.40117359161376953,0.07944593578577042,-0.05765466019511223,191,88
0.0042073726654052734,positive,10.0,10.0,0.39827245473861694,0.5929500460624695,0.07164895534515381,-0.2771327495574951,191,91
0.004373311996459961,positive,10.0,10.0,0.44559356570243835,0.1993217170238495,0.052024781703948975,0.3841173052787781,191,95
0.004412651062011719,positive,10.0,10.0,0.44957998394966125,0.39366793632507324,0.05970712751150131,0.10828077793121338,191,96
0.004594564437866211,positive,10.0,10.0,0.4731646180152893,0.38989782333374023,0.08240173012018204,0.19188253581523895,191,100
0.004678964614868164,positive,10.0,10.0,0.492637574672699,0.7775367498397827,0.08476516604423523,-0.3379873037338257,191,102
0.004759550094604492,positive,10.0,10.0,0.519814670085907,0.7752389311790466,0.07760894298553467,-0.28691133856773376,191,104
0.004797935485839844,positive,10.0,10.0,0.535319447517395,0.5791009068489075,0.07187071442604065,0.029204225167632103,191,105
0.0048770904541015625,positive,10.0,10.0,0.5623639225959778,0.9671387076377869,0.06765549629926682,-0.5089426636695862,191,107
0.004955768585205078,positive,10.0,10.0,0.5971292853355408,0.5752370953559875,0.05356204882264137,0.11451631039381027,191,109
0.0051577091217041016,positive,10.0,10.0,0.6466854810714722,0.765754759311676,0.08034269511699677,-0.07702302932739258,191,114
0.005237579345703125,positive,10.0,10.0,0.6811933517456055,0.7634890675544739,0.07193592935800552,-0.026860231533646584,191,116
0.005274534225463867,positive,10.0,10.0,0.6964631676673889,0.9575096368789673,0.07139872759580612,-0.2960074543952942,191,117
0.005310773849487305,positive,10.0,10.0,0.7156133055686951,0.7614462971687317,0.06547857820987701,0.018311645835638046,191,118
0.005346536636352539,positive,10.0,10.0,0.7308422327041626,0.5654494166374207,0.0658448114991188,0.3309139311313629,191,119
0.00538325309753418,positive,10.0,10.0,0.7421512603759766,0.7595753073692322,0.07246308773756027,0.05970047414302826,191,120
0.0054187774658203125,positive,10.0,10.0,0.7573427557945251,0.9535874724388123,0.0736570954322815,-0.20926859974861145,191,121
0.005575895309448242,positive,10.0,10.0,0.8335097432136536,0.559741199016571,0.059570591896772385,0.45687174797058105,191,125
0.005612611770629883,positive,10.0,10.0,0.8447045683860779,0.753972589969635,0.06870802491903305,0.1835448443889618,191,126
0.0056917667388916016,positive,10.0,10.0,0.8709427714347839,0.7519689798355103,0.08232066035270691,0.22806359827518463,191,128
0.0057277679443359375,positive,10.0,10.0,0.8859821557998657,0.9458239078521729,0.08688193559646606,-0.037559159100055695,191,129
0.0057659149169921875,positive,10.0,10.0,0.9048986434936523,1.1395994424819946,0.08613075315952301,-0.30161499977111816,191,130
0.005802154541015625,positive,10.0,10.0,0.9276906251907349,1.333395004272461,0.08009845018386841,-0.5659395456314087,191,131
0.005918979644775391,positive,10.0,10.0,0.9959276914596558,0.745236873626709,0.06508543342351913,0.3765336573123932,191,134
0.005997180938720703,positive,10.0,10.0,1.0296199321746826,1.1333872079849243,0.07471733540296555,-0.16385631263256073,191,136
0.006032705307006836,positive,10.0,10.0,1.0522876977920532,1.327364444732666,0.0714402124285698,-0.43206390738487244,191,137
0.006067752838134766,positive,10.0,10.0,1.0788350105285645,1.1313074827194214,0.06279893219470978,-0.11774308979511261,191,138
0.00614619255065918,positive,10.0,10.0,1.1201680898666382,0.7394124269485474,0.06432552635669708,0.505193829536438,191,140
0.0062236785888671875,positive,10.0,10.0,1.1536277532577515,1.1275556087493896,0.07909852266311646,-0.034852322190999985,191,142
0.006259441375732422,positive,10.0,10.0,1.1761788129806519,1.321459412574768,0.07840147614479065,-0.3015678822994232,191,143
0.006375789642333984,positive,10.0,10.0,1.2515008449554443,1.1232459545135498,0.06758110970258713,0.060463715344667435,191,146
0.006502628326416016,positive,10.0,10.0,1.3149362802505493,1.315255045890808,0.07833310216665268,-0.16422489285469055,191,149
0.006544589996337891,positive,10.0,10.0,1.3412413597106934,1.119104266166687,0.07504860311746597,0.15210549533367157,191,150
0.006584882736206055,positive,10.0,10.0,1.3636234998703003,1.3130757808685303,0.07809071242809296,-0.1159893050789833,191,151
0.006623268127441406,positive,10.0,10.0,1.3898849487304688,1.506996989250183,0.07577092945575714,-0.383049339056015,191,152
0.006746530532836914,positive,10.0,10.0,1.468539834022522,0.9188478589057922,0.0716785117983818,0.5588708519935608,191,155
0.006784200668334961,positive,10.0,10.0,1.4869167804718018,1.1128942966461182,0.08285593241453171,0.28960397839546204,191,156
0.00726771354675293,negative,10.0,-10.0,1.767795205116272,1.0943796634674072,0.16960278153419495,0.7064579129219055,191,168
0.00033783912658691406,positive,10.0,10.0,-0.04928569868206978,-0.025539159774780273,0.03445382043719292,0.030011795461177826,192,0
0.00042176246643066406,positive,10.0,10.0,-0.04979648068547249,-0.22113782167434692,0.035054054111242294,0.3333630859851837,192,1
0.0007226467132568359,positive,10.0,10.0,-0.05974915623664856,-0.22353826463222504,0.05148153379559517,0.3865898847579956,192,5
0.0007653236389160156,positive,10.0,10.0,-0.06421992182731628,-0.029183482751250267,0.05921332910656929,0.11057283729314804,192,6
0.0009529590606689453,positive,10.0,10.0,-0.08226531744003296,-0.03311456739902496,0.09376256912946701,0.19792859256267548,192,10
0.0010745525360107422,positive,10.0,10.0,-0.07263371348381042,0.1577913910150528,0.08996403217315674,-0.00261641014367342,192,13
0.0011148452758789062,positive,10.0,10.0,-0.06947788596153259,0.35151565074920654,0.08991170674562454,-0.2656139135360718,192,14
0.0011510848999023438,positive,10.0,10.0,-0.062447573989629745,0.545246958732605,0.08459942787885666,-0.5286386013031006,192,15
0.0012276172637939453,positive,10.0,10.0,-0.04456177353858948,0.5430328249931335,0.06981579959392548,-0.4789864420890808,192,17
0.0012640953063964844,positive,10.0,10.0,-0.03370111808180809,0.3469982445240021,0.060236070305109024,-0.16514180600643158,192,18
0.0015630722045898438,positive,10.0,10.0,-0.012807905673980713,0.5350179672241211,0.08634230494499207,-0.3020694851875305,192,25
0.0016086101531982422,positive,10.0,10.0,-0.002107545966282487,0.3387783467769623,0.08030091226100922,0.016546502709388733,192,26
0.0016944408416748047,positive,10.0,10.0,0.015321267768740654,0.7265458106994629,0.07563666254281998,-0.5159594416618347,192,28
0.0018548965454101562,positive,10.0,10.0,0.06552542746067047,0.7229852676391602,0.04866330698132515,-0.4363359212875366,192,32
0.0019321441650390625,positive,10.0,10.0,0.09052932262420654,0.7217372059822083,0.03736221790313721,-0.40853920578956604,192,34
0.0020852088928222656,positive,10.0,10.0,0.14040817320346832,0.7201409935951233,0.017621321603655815,-0.37305811047554016,192,38
0.002156972885131836,positive,10.0,10.0,0.15481099486351013,0.5247731804847717,0.010160159319639206,-0.07487152516841888,192,39
0.0022399425506591797,positive,10.0,10.0,0.17970141768455505,0.5245040059089661,0.0013760963920503855,-0.06892984360456467,192,41
0.0023195743560791016,positive,10.0,10.0,0.20458362996578217,0.5244843363761902,-0.007226066198199987,-0.06849614530801773,192,43
0.002434968948364258,positive,10.0,10.0,0.23996169865131378,0.7200561165809631,-0.017334792762994766,-0.3711359202861786,192,46
0.002560138702392578,positive,10.0,10.0,0.27927955985069275,0.525915801525116,-0.034124065190553665,-0.100127212703228,192,49
0.0026006698608398438,positive,10.0,10.0,0.2897978723049164,0.7215097546577454,-0.03612660989165306,-0.403377890586853,192,50
0.002682924270629883,positive,10.0,10.0,0.31476643681526184,0.7226446270942688,-0.046640168875455856,-0.428591787815094,192,52
0.002958536148071289,positive,10.0,10.0,0.38116514682769775,0.14356330037117004,-0.06164303421974182,0.31188708543777466,192,59
0.003036022186279297,positive,10.0,10.0,0.390826553106308,0.14522141218185425,-0.055396921932697296,0.27511855959892273,192,61
0.003072023391723633,positive,10.0,10.0,0.3937309682369232,-0.04906819388270378,-0.0498945526778698,0.5498275756835938,192,62
0.0031499862670898438,positive,10.0,10.0,0.39568397402763367,-0.04782756417989731,-0.03406097739934921,0.5220152735710144,192,64
0.003265380859375,positive,10.0,10.0,0.39674216508865356,0.14836819469928741,-0.009166009724140167,0.20525117218494415,192,67
0.003342151641845703,positive,10.0,10.0,0.3987770974636078,0.1485714614391327,0.0048395865596830845,0.2007550448179245,192,69
0.003377676010131836,positive,10.0,10.0,0.40174850821495056,-0.04661937057971954,0.008854687213897705,0.4949606955051422,192,70
0.003569364547729492,positive,10.0,10.0,0.4048433303833008,0.1467849463224411,0.04771474376320839,0.24041040241718292,192,75
0.003685474395751953,positive,10.0,10.0,0.4097065329551697,-0.05060633271932602,0.06891945004463196,0.5840805172920227,192,78
0.003720998764038086,positive,10.0,10.0,0.40869441628456116,0.1434859037399292,0.08060106635093689,0.3138796091079712,192,79
0.0037560462951660156,positive,10.0,10.0,0.4115641415119171,0.33737269043922424,0.08687865734100342,0.04766468703746796,192,80
0.0037908554077148438,positive,10.0,10.0,0.41831159591674805,0.531148374080658,0.08783195167779922,-0.216392382979393,192,81
0.0038247108459472656,positive,10.0,10.0,0.4289345443248749,0.7249120473861694,0.0835041031241417,-0.48012813925743103,192,82
0.003900289535522461,positive,10.0,10.0,0.4540071189403534,0.722707211971283,0.07065476477146149,-0.43082308769226074,192,84
0.003937244415283203,positive,10.0,10.0,0.468461275100708,0.5266596078872681,0.062038298696279526,-0.11673018336296082,192,85
0.004010677337646484,positive,10.0,10.0,0.48560860753059387,0.13478325307369232,0.06360093504190445,0.5057653188705444,192,87
0.004219770431518555,positive,10.0,10.0,0.5300941467285156,0.7147514224052429,0.0719505250453949,-0.2548219859600067,192,92
0.004257678985595703,positive,10.0,10.0,0.5443891882896423,0.9087762832641602,0.0668540820479393,-0.5239710211753845,192,93
0.004336357116699219,positive,10.0,10.0,0.5768203139305115,0.5168994665145874,0.052154798060655594,0.09892646968364716,192,95
0.004372835159301758,positive,10.0,10.0,0.5871583223342896,0.3210703432559967,0.054133329540491104,0.40759730339050293,192,96
0.004453897476196289,positive,10.0,10.0,0.6038873791694641,0.31942832469940186,0.06493448466062546,0.4441247880458832,192,98
0.004494667053222656,positive,10.0,10.0,0.6102759838104248,0.5135743021965027,0.07381697744131088,0.17259690165519714,192,99
0.004534721374511719,positive,10.0,10.0,0.6205474734306335,0.7075663805007935,0.07726891338825226,-0.09591631591320038,192,100
0.004619598388671875,positive,10.0,10.0,0.652728796005249,0.7053932547569275,0.06808548420667648,-0.04779672250151634,192,102
0.004696846008300781,positive,10.0,10.0,0.6770239472389221,0.31335175037384033,0.07244088500738144,0.5786449313163757,192,104
0.004731416702270508,positive,10.0,10.0,0.683290958404541,0.5073876976966858,0.08401378244161606,0.30963337421417236,192,105
0.004764556884765625,positive,10.0,10.0,0.6934387683868408,0.7012184262275696,0.09020645171403885,0.044583797454833984,192,106
0.004800558090209961,positive,10.0,10.0,0.7074630856513977,0.8949388265609741,0.0910981297492981,-0.21833062171936035,192,107
0.0048372745513916016,positive,10.0,10.0,0.7253618836402893,1.0886484384536743,0.08673151582479477,-0.48094436526298523,192,108
0.0048716068267822266,positive,10.0,10.0,0.7471348643302917,1.2824459075927734,0.07711263000965118,-0.7450807690620422,192,109
0.004906177520751953,positive,10.0,10.0,0.7727837562561035,1.0863492488861084,0.06221101060509682,-0.42916133999824524,192,110
0.0049397945404052734,positive,10.0,10.0,0.7945107817649841,0.8904040455818176,0.05362778529524803,-0.11753380298614502,192,111
0.004973411560058594,positive,10.0,10.0,0.8123188614845276,0.6945563554763794,0.05127710849046707,0.19157439470291138,192,112
0.005007028579711914,positive,10.0,10.0,0.8262099623680115,0.4987397789955139,0.05510859563946724,0.4999820590019226,192,113
0.0051577091217041016,positive,10.0,10.0,0.8738093376159668,0.8850204348564148,0.08571833372116089,0.0013973674504086375,192,117
0.005193233489990234,positive,10.0,10.0,0.8915097713470459,1.0788151025772095,0.08574628084897995,-0.26305705308914185,192,118
0.0052678585052490234,positive,10.0,10.0,0.9385383725166321,1.0764585733413696,0.06993492692708969,-0.21059095859527588,192,120
0.005304098129272461,positive,10.0,10.0,0.9600675106048584,0.8804099559783936,0.06572311371564865,0.10330718010663986,192,121
0.005377531051635742,positive,10.0,10.0,0.9913639426231384,0.8785097002983093,0.07610885798931122,0.14541500806808472,192,123
0.005411624908447266,positive,10.0,10.0,1.0089341402053833,1.072463870048523,0.07901715487241745,-0.12231962382793427,192,124
0.005444765090942383,positive,10.0,10.0,1.0303834676742554,1.2663700580596924,0.07657076418399811,-0.3890644907951355,192,125
0.005478382110595703,positive,10.0,10.0,1.055710792541504,1.0702495574951172,0.06878947466611862,-0.07325585186481476,192,126
0.005589962005615234,positive,10.0,10.0,1.1081639528274536,0.8722352981567383,0.08319959044456482,0.2843353748321533,192,129
0.0056912899017333984,positive,10.0,10.0,1.14693021774292,0.8698012828826904,0.08926647901535034,0.338360458612442,192,131
0.005823850631713867,positive,10.0,10.0,1.2107406854629517,1.450771450996399,0.09381990134716034,-0.4461890757083893,192,134
0.005918979644775391,positive,10.0,10.0,1.2648451328277588,1.448265790939331,0.08238674700260162,-0.3902064263820648,192,136
0.005957841873168945,positive,10.0,10.0,1.293810486793518,1.2520769834518433,0.07458262145519257,-0.07272721081972122,192,137
0.006006002426147461,positive,10.0,10.0,1.3188520669937134,1.4460549354553223,0.07312807440757751,-0.3409781754016876,192,138
0.006169557571411133,positive,10.0,10.0,1.418813705444336,1.4421180486679077,0.07182805985212326,-0.25383472442626953,192,142
0.006289243698120117,positive,10.0,10.0,1.4935777187347412,1.2441295385360718,0.07543530315160751,0.10308254510164261,192,145
0.0063266754150390625,positive,10.0,10.0,1.5184603929519653,1.438093900680542,0.0774969533085823,-0.16487963497638702,192,146
0.006362199783325195,positive,10.0,10.0,1.5472222566604614,1.2419531345367432,0.07419935613870621,0.15120990574359894,192,147
0.00639653205871582,positive,10.0,10.0,1.57206130027771,1.4359384775161743,0.07722355425357819,-0.11717293411493301,192,148
0.006513357162475586,positive,10.0,10.0,1.6542515754699707,1.2376166582107544,0.07747059315443039,0.24716921150684357,192,151
0.006551980972290039,positive,10.0,10.0,1.6790039539337158,1.4315515756607056,0.08241397887468338,-0.02010713517665863,192,152
0.006590843200683594,positive,10.0,10.0,1.7076349258422852,1.2353503704071045,0.08201183378696442,0.29739809036254883,192,153
0.006670713424682617,positive,10.0,10.0,1.7609262466430664,1.6229709386825562,0.08859311044216156,-0.23202048242092133,192,155
0.006707906723022461,positive,10.0,10.0,1.793385624885559,1.8167226314544678,0.08395270258188248,-0.4954959452152252,192,156
0.006743192672729492,positive,10.0,10.0,1.8297200202941895,2.0105667114257812,0.07404278218746185,-0.7605846524238586,192,157
0.006777524948120117,positive,10.0,10.0,1.8699314594268799,2.204594612121582,0.05883108824491501,-1.0290805101394653,192,158
0.006812095642089844,positive,10.0,10.0,1.9140232801437378,2.3988864421844482,0.03824947401881218,-1.3027276992797852,192,159
0.006891012191772461,negative,10.0,-10.0,2.013871192932129,2.398237943649292,-0.0194690003991127,-1.2867354154586792,192,161
0.0069696903228759766,negative,10.0,-10.0,2.1137077808380127,2.399045944213867,-0.07691270112991333,-1.3071987628936768,192,163
0.007005214691162109,negative,10.0,-10.0,2.161688804626465,2.2049782276153564,-0.10305667668581009,-1.0395481586456299,192,164
0.0071637630462646484,negative,10.0,-10.0,2.330472946166992,2.211820363998413,-0.1789425015449524,-1.202809453010559,192,168
0.007201433181762695,negative,10.0,-10.0,2.374709367752075,2.4087464809417725,-0.20299869775772095,-1.5458106994628906,192,169
0.00036215782165527344,positive,10.0,10.0,0.014575332403182983,0.015855424106121063,0.0232749804854393,0.007743136957287788,193,0
0.00042510032653808594,positive,10.0,10.0,0.014892441220581532,-0.17959246039390564,0.02342984452843666,0.3076777756214142,193,1
0.0004711151123046875,positive,10.0,10.0,0.011300591751933098,0.015187940560281277,0.02958340011537075,0.022475117817521095,193,2
0.0005209445953369141,positive,10.0,10.0,0.011604350991547108,-0.18034550547599792,0.030032901093363762,0.324343204498291,193,3
0.0005598068237304688,positive,10.0,10.0,0.007997441105544567,0.014336231164634228,0.036519765853881836,0.041280630975961685,193,4
0.0007958412170410156,positive,10.0,10.0,0.001515083247795701,-0.18383915722370148,0.05481819435954094,0.40181928873062134,193,9
0.0009620189666748047,positive,10.0,10.0,-0.005489620845764875,0.2026253640651703,0.07751502096652985,-0.10102514177560806,193,13
0.0010013580322265625,positive,10.0,10.0,-0.001437113736756146,0.3965557813644409,0.07549452036619186,-0.36828064918518066,193,14
0.0010378360748291016,positive,10.0,10.0,0.0064940014854073524,0.20044682919979095,0.06812890619039536,-0.05278081074357033,193,15
0.0010731220245361328,positive,10.0,10.0,0.01050293818116188,0.004417492542415857,0.067073293030262,0.2605954706668854,193,16
0.0011494159698486328,positive,10.0,10.0,0.006759395357221365,0.002443375764414668,0.08375834673643112,0.3045937120914459,193,18
0.0012645721435546875,positive,10.0,10.0,0.01853390969336033,0.5837217569351196,0.08616776764392853,-0.48635151982307434,193,21
0.0013797283172607422,positive,10.0,10.0,0.0495871864259243,0.38536927103996277,0.06437614560127258,-0.12062893807888031,193,24
0.0014560222625732422,positive,10.0,10.0,0.06108230724930763,-0.006564246024936438,0.06579655408859253,0.5032174587249756,193,26
0.0014913082122802734,positive,10.0,10.0,0.060951024293899536,0.18757164478302002,0.0758609026670456,0.23197397589683533,193,27
0.0016453266143798828,positive,10.0,10.0,0.09142636507749557,0.5732412338256836,0.07403475791215897,-0.25388187170028687,193,31
0.0016803741455078125,positive,10.0,10.0,0.10289118438959122,0.7672322392463684,0.06895712018013,-0.5223249793052673,193,32
0.0017151832580566406,positive,10.0,10.0,0.11823583394289017,0.5712109208106995,0.05851062387228012,-0.20873446762561798,193,33
0.0017914772033691406,positive,10.0,10.0,0.14496904611587524,0.5696044564247131,0.0446879044175148,-0.1731005311012268,193,35
0.0018277168273925781,positive,10.0,10.0,0.15636113286018372,0.3738723695278168,0.041225891560316086,0.13333837687969208,193,36
0.0019028186798095703,positive,10.0,10.0,0.16740228235721588,0.37265899777412415,0.05266740545630455,0.16020725667476654,193,38
0.0020160675048828125,positive,10.0,10.0,0.18581421673297882,0.1751224249601364,0.06914146989583969,0.5069991946220398,193,41
0.0020520687103271484,positive,10.0,10.0,0.18931667506694794,0.3692054748535156,0.07928145676851273,0.2368815839290619,193,42
0.0020868778228759766,positive,10.0,10.0,0.196700781583786,0.5631105303764343,0.08401908725500107,-0.02977801114320755,193,43
0.0021207332611083984,positive,10.0,10.0,0.2079629898071289,0.7569333910942078,0.08342352509498596,-0.29481416940689087,193,44
0.002154827117919922,positive,10.0,10.0,0.2231016606092453,0.5607272982597351,0.0775272399187088,0.022969508543610573,193,45
0.0022296905517578125,positive,10.0,10.0,0.24940934777259827,0.94858318567276,0.07310101389884949,-0.5113814473152161,193,47
0.002264261245727539,positive,10.0,10.0,0.2683809995651245,0.7525117993354797,0.06287338584661484,-0.1965872049331665,193,48
0.002378225326538086,positive,10.0,10.0,0.3173803985118866,0.9451563358306885,0.046403203159570694,-0.43477293848991394,193,51
0.0024144649505615234,positive,10.0,10.0,0.33628353476524353,0.7494091987609863,0.037707746028900146,-0.12783069908618927,193,52
0.0024487972259521484,positive,10.0,10.0,0.35127171874046326,0.9439712762832642,0.03515113145112991,-0.4083828628063202,193,53
0.0025255680084228516,positive,10.0,10.0,0.3851185142993927,0.5528709292411804,0.024886904284358025,0.19624407589435577,193,55
0.002658843994140625,positive,10.0,10.0,0.42217060923576355,0.35660749673843384,0.03130501136183739,0.5142356753349304,193,58
0.0026977062225341797,positive,10.0,10.0,0.42930278182029724,0.5512748956680298,0.04158972576260567,0.23157982528209686,193,59
0.002775430679321289,positive,10.0,10.0,0.44743993878364563,0.5500267148017883,0.05696304142475128,0.2593178153038025,193,61
0.0028922557830810547,positive,10.0,10.0,0.4764900207519531,0.7423383593559265,0.07947630435228348,0.028321444988250732,193,64
0.0029687881469726562,positive,10.0,10.0,0.510061502456665,1.1301286220550537,0.0752774253487587,-0.504665732383728,193,66
0.003006458282470703,positive,10.0,10.0,0.5326640605926514,0.9340309500694275,0.0651841089129448,-0.1892416626214981,193,67
0.0030417442321777344,positive,10.0,10.0,0.5513446927070618,0.7380399703979492,0.06139927729964256,0.12327107787132263,193,68
0.0030770301818847656,positive,10.0,10.0,0.5661054849624634,0.5420945882797241,0.06386470049619675,0.434675395488739,193,69
0.0031118392944335938,positive,10.0,10.0,0.5769473910331726,0.7362569570541382,0.0725582093000412,0.16278895735740662,193,70
0.003187417984008789,positive,10.0,10.0,0.6102779507637024,1.124227523803711,0.0736909806728363,-0.3739840090274811,193,72
0.0032231807708740234,positive,10.0,10.0,0.6327624917030334,0.9281403422355652,0.06621129810810089,-0.05900600552558899,193,73
0.003259420394897461,positive,10.0,10.0,0.6513252854347229,0.7321346402168274,0.06503117829561234,0.2538102865219116,193,74
0.0033376216888427734,positive,10.0,10.0,0.676690936088562,0.730219304561615,0.08143289387226105,0.2964772880077362,193,76
0.0033767223358154297,positive,10.0,10.0,0.691295325756073,0.9240916967391968,0.08736243844032288,0.03054727241396904,193,77
0.003497600555419922,positive,10.0,10.0,0.7583667635917664,1.1154295206069946,0.07336587458848953,-0.17930114269256592,193,80
0.0036144256591796875,positive,10.0,10.0,0.8291317820549011,0.9174550175666809,0.05813789367675781,0.1771034300327301,193,83
0.003650188446044922,positive,10.0,10.0,0.8474808931350708,0.7215513586997986,0.061679963022470474,0.4875454008579254,193,84
0.0036864280700683594,positive,10.0,10.0,0.8619118928909302,0.9157512784004211,0.07143086940050125,0.21492187678813934,193,85
0.0037240982055664062,positive,10.0,10.0,0.8802269101142883,1.1097831726074219,0.07572931051254272,-0.0544009692966938,193,86
0.003801107406616211,positive,10.0,10.0,0.9284974336624146,1.1076411008834839,0.06819603592157364,-0.007005705498158932,193,88
0.0038764476776123047,positive,10.0,10.0,0.9688825011253357,1.1057002544403076,0.07418373227119446,0.035923123359680176,193,90
0.003912210464477539,positive,10.0,10.0,0.9909964799880981,1.2996842861175537,0.07490219175815582,-0.23246267437934875,193,91
0.0039865970611572266,positive,10.0,10.0,1.0390616655349731,0.9075214266777039,0.07191044092178345,0.3968694508075714,193,93
0.004021406173706055,positive,10.0,10.0,1.0572121143341064,1.1015534400939941,0.07984782755374908,0.1276971697807312,193,94
0.0040950775146484375,positive,10.0,10.0,1.1051521301269531,1.0992465019226074,0.07962647080421448,0.17873458564281464,193,96
0.004171609878540039,positive,10.0,10.0,1.1529998779296875,1.0969340801239014,0.08144507557153702,0.2299249917268753,193,98
0.004289150238037109,positive,10.0,10.0,1.222645878791809,1.2883676290512085,0.09097454696893692,0.01794593781232834,193,101
0.004324197769165039,positive,10.0,10.0,1.2484132051467896,1.092066764831543,0.09133346378803253,0.33788925409317017,193,102
0.0049953460693359375,negative,10.0,-10.0,1.6547545194625854,1.2630553245544434,0.14092285931110382,0.5815853476524353,193,117
0.005076885223388672,negative,10.0,-10.0,1.709134578704834,1.2590242624282837,0.1592826545238495,0.6730412244796753,193,119
0.005113840103149414,negative,10.0,-10.0,1.734315037727356,1.4516159296035767,0.17274348437786102,0.43444204330444336,193,120
0.0051496028900146484,negative,10.0,-10.0,1.7633473873138428,1.643925428390503,0.1814323216676712,0.20080547034740448,193,121
0.005184173583984375,negative,10.0,-10.0,1.796225905418396,1.8360514640808105,0.18544843792915344,-0.029604433104395866,193,122
0.0052187442779541016,negative,10.0,-10.0,1.8329468965530396,2.0280966758728027,0.1848563402891159,-0.25852322578430176,193,123
0.005293607711791992,negative,10.0,-10.0,1.9179121255874634,2.4123570919036865,0.1699323207139969,-0.7187812328338623,193,125
0.005333423614501953,negative,10.0,-10.0,1.9661593437194824,2.604771375656128,0.15555669367313385,-0.953525185585022,193,126
0.005370378494262695,negative,10.0,-10.0,2.0182547569274902,2.797497034072876,0.13648618757724762,-1.1935738325119019,193,127
0.0054056644439697266,negative,10.0,-10.0,2.074204683303833,2.6008973121643066,0.1126147210597992,-0.8614142537117004,193,128
0.005440950393676758,negative,10.0,-10.0,2.126222610473633,2.4044368267059326,0.09538643062114716,-0.5355513691902161,193,129
0.005475759506225586,negative,10.0,-10.0,2.174311399459839,2.598097324371338,0.08467540889978409,-0.7967202663421631,193,130
0.005510807037353516,negative,10.0,-10.0,2.22627329826355,2.791961431503296,0.06874100118875504,-1.0616099834442139,193,131
0.0055446624755859375,negative,10.0,-10.0,2.2821125984191895,2.9861092567443848,0.04750879853963852,-1.3319498300552368,193,132
0.00043201446533203125,positive,10.0,10.0,0.03559059649705887,-0.18436932563781738,0.012161771766841412,0.25552353262901306,194,1
0.0004985332489013672,positive,10.0,10.0,0.031903211027383804,-0.37966278195381165,0.01727224327623844,0.5520175099372864,194,2
0.0005519390106201172,positive,10.0,10.0,0.024309955537319183,-0.18478761613368988,0.028312593698501587,0.2648261785507202,194,3
0.0008070468902587891,positive,10.0,10.0,0.013008163310587406,-0.1856672465801239,0.04493517801165581,0.2843949794769287,194,5
0.0010263919830322266,positive,10.0,10.0,0.0016668117605149746,-0.18702231347560883,0.06244117021560669,0.3145880699157715,194,7
0.0011248588562011719,positive,10.0,10.0,-0.002073634648695588,0.007157160434871912,0.06873293220996857,0.042232245206832886,194,8
0.001543283462524414,positive,10.0,10.0,0.010178331285715103,0.0009533701813779771,0.06313494592905045,0.1793195754289627,194,14
0.0017130374908447266,positive,10.0,10.0,0.010140445083379745,0.3869304358959198,0.08000623434782028,-0.3133722245693207,194,18
0.001753091812133789,positive,10.0,10.0,0.017879053950309753,0.19076532125473022,0.07373878359794617,0.0034309665206819773,194,19
0.0017914772033691406,positive,10.0,10.0,0.021694360300898552,0.38475653529167175,0.07380740344524384,-0.26510554552078247,194,20
0.0019257068634033203,positive,10.0,10.0,0.04861925542354584,0.18683767318725586,0.05342939868569374,0.09018190205097198,194,23
0.0019648075103759766,positive,10.0,10.0,0.05235600844025612,0.38115471601486206,0.05523303523659706,-0.18517692387104034,194,24
0.0020020008087158203,positive,10.0,10.0,0.05997910350561142,0.18528775870800018,0.051529496908187866,0.12440570443868637,194,25
0.002039670944213867,positive,10.0,10.0,0.0636848583817482,-0.010533099062740803,0.05401761084794998,0.4328900873661041,194,26
0.002076387405395508,positive,10.0,10.0,0.06347420066595078,0.1837840974330902,0.06267541646957397,0.1577128916978836,194,27
0.002198934555053711,positive,10.0,10.0,0.07054547965526581,0.3759266436100006,0.07918474078178406,-0.0697764903306961,194,30
0.0022814273834228516,positive,10.0,10.0,0.0894605964422226,0.37369149923324585,0.071059949696064,-0.020299119874835014,194,32
0.0023610591888427734,positive,10.0,10.0,0.10048695653676987,0.37167346477508545,0.07653257995843887,0.02434098720550537,194,34
0.0023984909057617188,positive,10.0,10.0,0.10792042315006256,0.565619170665741,0.07701939344406128,-0.24324741959571838,194,35
0.0024809837341308594,positive,10.0,10.0,0.13442403078079224,0.5635011196136475,0.061940908432006836,-0.19615675508975983,194,37
0.0025196075439453125,positive,10.0,10.0,0.1456940621137619,0.7576848864555359,0.05801777541637421,-0.46867483854293823,194,38
0.002558469772338867,positive,10.0,10.0,0.1608477532863617,0.9519412517547607,0.048644278198480606,-0.7425215244293213,194,39
0.002595663070678711,positive,10.0,10.0,0.1798865795135498,0.7561827898025513,0.033793848007917404,-0.43493539094924927,194,40
0.0026330947875976562,positive,10.0,10.0,0.1950102299451828,0.560599148273468,0.02509514056146145,-0.13179390132427216,194,41
0.0027108192443847656,positive,10.0,10.0,0.22132927179336548,0.5599198341369629,0.014130158349871635,-0.11677726358175278,194,43
0.0027894973754882812,positive,10.0,10.0,0.24762439727783203,0.5595493316650391,0.0036952337250113487,-0.1085909754037857,194,45
0.0029146671295166016,positive,10.0,10.0,0.28509724140167236,0.7546887993812561,-0.008617560379207134,-0.40166282653808594,194,48
0.003009319305419922,positive,10.0,10.0,0.31138482689857483,0.7550466656684875,-0.01888500154018402,-0.40959852933883667,194,50
0.0030896663665771484,positive,10.0,10.0,0.33768969774246216,0.7556966543197632,-0.029535546898841858,-0.424029678106308,194,52
0.003236532211303711,positive,10.0,10.0,0.3713527023792267,0.17193379998207092,-0.038039203733205795,0.4191756546497345,194,55
0.0032792091369628906,positive,10.0,10.0,0.37479138374328613,0.3675735294818878,-0.029655689373612404,0.11474749445915222,194,56
0.0033648014068603516,positive,10.0,10.0,0.38560062646865845,0.36838799715042114,-0.019402164965867996,0.09674660116434097,194,58
0.0035719871520996094,positive,10.0,10.0,0.41467979550361633,0.1740577071905136,0.0009825420565903187,0.37194666266441345,194,63
0.003610372543334961,positive,10.0,10.0,0.41816094517707825,0.36916568875312805,0.008421475067734718,0.07957371324300766,194,64
0.0037050247192382812,positive,10.0,10.0,0.42902272939682007,0.368902325630188,0.01751098409295082,0.08539266139268875,194,66
0.003785371780395508,positive,10.0,10.0,0.4398714601993561,0.368377685546875,0.026889806613326073,0.09698662161827087,194,68
0.004038095474243164,positive,10.0,10.0,0.4722319543361664,0.36510831117630005,0.059140607714653015,0.1693539023399353,194,74
0.004120826721191406,positive,10.0,10.0,0.4829179644584656,0.36337801814079285,0.07212952524423599,0.20775313675403595,194,76
0.004158735275268555,positive,10.0,10.0,0.49018552899360657,0.16730277240276337,0.07628458738327026,0.522288978099823,194,77
0.004328489303588867,positive,10.0,10.0,0.526833176612854,0.942452609539032,0.08619373291730881,-0.5343217253684998,194,81
0.004573822021484375,positive,10.0,10.0,0.612303614616394,0.5465050935745239,0.07001566886901855,0.1795484870672226,194,87
0.004658222198486328,positive,10.0,10.0,0.6302428245544434,0.5444655418395996,0.08347606658935547,0.2248639315366745,194,89
0.004694223403930664,positive,10.0,10.0,0.641132116317749,0.7383013963699341,0.08797334134578705,-0.040363941341638565,194,90
0.004732608795166016,positive,10.0,10.0,0.6558981537818909,0.9320588707923889,0.08716606348752975,-0.3040454089641571,194,91
0.004849433898925781,positive,10.0,10.0,0.7078491449356079,1.1235522031784058,0.07635658979415894,-0.5171780586242676,194,94
0.00496983528137207,positive,10.0,10.0,0.7713002562522888,0.9256214499473572,0.05253225564956665,-0.1610369235277176,194,97
0.005005598068237305,positive,10.0,10.0,0.7898126840591431,0.7297883629798889,0.04931151866912842,0.14774490892887115,194,98
0.005040884017944336,positive,10.0,10.0,0.8044084906578064,0.5339962244033813,0.05226641520857811,0.4555678367614746,194,99
0.005076169967651367,positive,10.0,10.0,0.8150883913040161,0.7283416986465454,0.06137777492403984,0.17980700731277466,194,100
0.005112886428833008,positive,10.0,10.0,0.8296552300453186,0.5323976278305054,0.06497391313314438,0.4912034571170807,194,101
0.005148649215698242,positive,10.0,10.0,0.8403031826019287,0.7265457510948181,0.07479798048734665,0.2196846306324005,194,102
0.005241870880126953,positive,10.0,10.0,0.8732445240020752,1.1144256591796875,0.07822171598672867,-0.3151819109916687,194,104
0.0054509639739990234,positive,10.0,10.0,0.9844779968261719,0.9144624471664429,0.05134933441877365,0.08545763790607452,194,109
0.005530357360839844,positive,10.0,10.0,1.0171401500701904,0.912973940372467,0.06093626469373703,0.1183953732252121,194,111
0.005730390548706055,positive,10.0,10.0,1.1160529851913452,1.1031224727630615,0.06522443145513535,-0.06494203954935074,194,116
0.005850076675415039,positive,10.0,10.0,1.1704810857772827,0.9052461385726929,0.0800718441605568,0.2895149290561676,194,119
0.005887269973754883,positive,10.0,10.0,1.1885859966278076,1.0991404056549072,0.08586214482784271,0.023121358826756477,194,120
0.005924701690673828,positive,10.0,10.0,1.2105687856674194,1.2929327487945557,0.08632457256317139,-0.2412838637828827,194,121
0.006002187728881836,positive,10.0,10.0,1.2583613395690918,1.2905553579330444,0.08304551988840103,-0.18856655061244965,194,123
0.0060384273529052734,positive,10.0,10.0,1.2841724157333374,1.0943495035171509,0.07927419245243073,0.1291152387857437,194,124
0.0060732364654541016,positive,10.0,10.0,1.3060593605041504,1.2882516384124756,0.08185649663209915,-0.13754229247570038,194,125
0.006154060363769531,positive,10.0,10.0,1.3536655902862549,1.2859646081924438,0.0827016681432724,-0.08691570162773132,194,127
0.006232261657714844,positive,10.0,10.0,1.4011801481246948,1.2836378812789917,0.08557678014039993,-0.03541502729058266,194,129
0.00626826286315918,positive,10.0,10.0,1.426852822303772,1.4774349927902222,0.08486847579479218,-0.2999180853366852,194,130
0.006365060806274414,positive,10.0,10.0,1.4820257425308228,1.4751198291778564,0.07923567295074463,-0.248515322804451,194,132
0.006525754928588867,positive,10.0,10.0,1.5921027660369873,1.4708529710769653,0.07392624020576477,-0.15399430692195892,194,136
0.006644010543823242,positive,10.0,10.0,1.6685888767242432,1.272695779800415,0.08357222378253937,0.20677992701530457,194,139
0.006723165512084961,positive,10.0,10.0,1.723373293876648,1.2702665328979492,0.08653954416513443,0.26060163974761963,194,141
0.0069463253021240234,negative,10.0,-10.0,1.8579449653625488,1.4586526155471802,0.10661669075489044,0.11622267961502075,194,146
0.006986379623413086,negative,10.0,-10.0,1.8871179819107056,1.6520981788635254,0.10894114524126053,-0.14101211726665497,194,147
0.00702214241027832,negative,10.0,-10.0,1.920159935951233,1.845504879951477,0.10612089931964874,-0.3974369764328003,194,148
0.007058143615722656,negative,10.0,-10.0,1.957069993019104,2.038973808288574,0.09817216545343399,-0.6548668146133423,194,149
0.007138967514038086,negative,10.0,-10.0,2.042501449584961,2.42647647857666,0.0667729452252388,-1.1798723936080933,194,151
0.0072383880615234375,negative,10.0,-10.0,2.1356420516967773,2.425062894821167,0.025834953412413597,-1.1458287239074707,194,153
0.0073244571685791016,negative,10.0,-10.0,2.2365400791168213,2.8149237632751465,-0.025687607005238533,-1.7220687866210938,194,155
0.007407188415527344,negative,10.0,-10.0,2.3530452251434326,3.2060208320617676,-0.10058164596557617,-2.333305835723877,194,157
0.0003616809844970703,positive,10.0,10.0,-0.022789888083934784,-0.15532845258712769,0.01991456374526024,0.29182615876197815,195,1
0.0004858970642089844,positive,10.0,10.0,-0.025896456092596054,0.039503972977399826,0.025751085951924324,0.0054899645037949085,195,2
0.0005893707275390625,positive,10.0,10.0,-0.02510637789964676,-0.15597763657569885,0.02586088515818119,0.30618515610694885,195,3
0.0006852149963378906,positive,10.0,10.0,-0.028225930407643318,0.03876642882823944,0.031984589993953705,0.021768974140286446,195,4
0.0007786750793457031,positive,10.0,10.0,-0.027450602501630783,-0.15679927170276642,0.03241996839642525,0.324369341135025,195,5
0.0009918212890625,positive,10.0,10.0,-0.032985884696245193,0.03672345355153084,0.04668471962213516,0.06689588725566864,195,8
0.0010371208190917969,positive,10.0,10.0,-0.03225141391158104,-0.15903565287590027,0.048022639006376266,0.37393495440483093,195,9
0.0012049674987792969,positive,10.0,10.0,-0.03793466463685036,-0.356386661529541,0.06556551158428192,0.7166600823402405,195,12
0.0013365745544433594,positive,10.0,10.0,-0.04767349734902382,0.22542184591293335,0.09238195419311523,-0.08455176651477814,195,15
0.0015888214111328125,positive,10.0,10.0,-0.009297260083258152,0.6083025336265564,0.07306232303380966,-0.5087042450904846,195,21
0.0016286373138427734,positive,10.0,10.0,0.0028687906451523304,0.41223135590553284,0.0628882423043251,-0.19392089545726776,195,22
0.0016674995422363281,positive,10.0,10.0,0.011113418266177177,0.21626882255077362,0.05900982394814491,0.11791881173849106,195,23
0.0017497539520263672,positive,10.0,10.0,0.015845857560634613,0.2145548015832901,0.06994058936834335,0.15589644014835358,195,25
0.0017895698547363281,positive,10.0,10.0,0.02013695426285267,0.018504777923226357,0.07305852323770523,0.4697982668876648,195,26
0.0018703937530517578,positive,10.0,10.0,0.0247575044631958,0.40637457370758057,0.08647464215755463,-0.0645679235458374,195,28
0.0019109249114990234,positive,10.0,10.0,0.03288499638438225,0.6001571416854858,0.085183285176754,-0.3287637233734131,195,29
0.001993417739868164,positive,10.0,10.0,0.05296678468585014,0.5978440642356873,0.07839840650558472,-0.2773626148700714,195,31
0.0020322799682617188,positive,10.0,10.0,0.06492366641759872,0.4016962945461273,0.07285115122795105,0.038980863988399506,195,32
0.002070188522338867,positive,10.0,10.0,0.0729575902223587,0.595702052116394,0.07363077253103256,-0.22985658049583435,195,33
0.002271890640258789,positive,10.0,10.0,0.14013808965682983,0.7864759564399719,0.04322865977883339,-0.42644891142845154,195,38
0.0023508071899414062,positive,10.0,10.0,0.16768299043178558,0.7853772640228271,0.03229052573442459,-0.4019944965839386,195,40
0.0025501251220703125,positive,10.0,10.0,0.23834247887134552,0.588755190372467,0.005433688871562481,-0.07595335692167282,195,45
0.002628326416015625,positive,10.0,10.0,0.2657935619354248,0.5886214971542358,-0.0034237182699143887,-0.07300230115652084,195,47
0.002705812454223633,positive,10.0,10.0,0.29324182868003845,0.5887401103973389,-0.01221903320401907,-0.07562445104122162,195,49
0.002741575241088867,positive,10.0,10.0,0.3050166368484497,0.7840350866317749,-0.013731522485613823,-0.3721373379230499,195,50
0.002820730209350586,positive,10.0,10.0,0.3324795663356781,0.7845298647880554,-0.022850580513477325,-0.38310304284095764,195,52
0.0028569698333740234,positive,10.0,10.0,0.3481701612472534,0.5897396802902222,-0.030512642115354538,-0.09771154075860977,195,53
0.0029344558715820312,positive,10.0,10.0,0.36786630749702454,0.20042528212070465,-0.02876305766403675,0.4674573540687561,195,55
0.0029702186584472656,positive,10.0,10.0,0.3718748092651367,0.3959415555000305,-0.019413910806179047,0.16584907472133636,195,56
0.0030057430267333984,positive,10.0,10.0,0.379793643951416,0.20110280811786652,-0.01609693095088005,0.4523448050022125,195,57
0.003041505813598633,positive,10.0,10.0,0.3838157057762146,0.39644864201545715,-0.007050034124404192,0.15463168919086456,195,58
0.0030775070190429688,positive,10.0,10.0,0.3917446732521057,0.2014283537864685,-0.003957400564104319,0.4450821876525879,195,59
0.003256082534790039,positive,10.0,10.0,0.41566208004951477,0.20106254518032074,0.01997983641922474,0.45319074392318726,195,63
0.0032961368560791016,positive,10.0,10.0,0.4196833372116089,0.3958963453769684,0.0290436502546072,0.166872039437294,195,64
0.003333568572998047,positive,10.0,10.0,0.42760124802589417,0.59059077501297,0.0323810912668705,-0.11650881171226501,195,65
0.003370046615600586,positive,10.0,10.0,0.43941307067871094,0.39502018690109253,0.030050914734601974,0.18621167540550232,195,66
0.003408193588256836,positive,10.0,10.0,0.44731348752975464,0.19948145747184753,0.033775150775909424,0.4882209897041321,195,67
0.0034894943237304688,positive,10.0,10.0,0.45918533205986023,0.19839435815811157,0.047666992992162704,0.5124645233154297,195,69
0.003528118133544922,positive,10.0,10.0,0.463153213262558,0.39281365275382996,0.05791628360748291,0.23517562448978424,195,70
0.003564596176147461,positive,10.0,10.0,0.4710094928741455,0.19691409170627594,0.06261979788541794,0.5455501079559326,195,71
0.003601551055908203,positive,10.0,10.0,0.4749477803707123,0.3911028504371643,0.07353079319000244,0.27323606610298157,195,72
0.003680706024169922,positive,10.0,10.0,0.4866700768470764,0.38894495368003845,0.09075900912284851,0.32138440012931824,195,74
0.0038411617279052734,positive,10.0,10.0,0.5410248041152954,0.7735370993614197,0.08508305996656418,-0.14110755920410156,195,78
0.0038788318634033203,positive,10.0,10.0,0.5564955472946167,0.9673439264297485,0.08226091414690018,-0.40578198432922363,195,79
0.003914833068847656,positive,10.0,10.0,0.5758424401283264,0.7711576819419861,0.07414527237415314,-0.08834026753902435,195,80
0.003951072692871094,positive,10.0,10.0,0.5912655591964722,0.9651428461074829,0.07237846404314041,-0.3567398190498352,195,81
0.0039861202239990234,positive,10.0,10.0,0.6105684041976929,0.7690705060958862,0.0652436688542366,-0.042140644043684006,195,82
0.004021167755126953,positive,10.0,10.0,0.6259498596191406,0.573076605796814,0.06440085917711258,0.2703927755355835,195,83
0.00413966178894043,positive,10.0,10.0,0.656376838684082,0.7650482654571533,0.08771760016679764,0.04685051739215851,195,86
0.004258394241333008,positive,10.0,10.0,0.7139052152633667,0.9563555121421814,0.07470878958702087,-0.16235117614269257,195,89
0.004294633865356445,positive,10.0,10.0,0.7330322861671448,1.1503328084945679,0.0714617669582367,-0.4305616021156311,195,90
0.0043299198150634766,positive,10.0,10.0,0.7560389637947083,0.9542755484580994,0.06285053491592407,-0.11623440682888031,195,91
0.004364728927612305,positive,10.0,10.0,0.7751244902610779,0.7583119869232178,0.06052584573626518,0.19559644162654877,195,92
0.004400491714477539,positive,10.0,10.0,0.7902907133102417,0.5623788237571716,0.06443777680397034,0.5067417025566101,195,93
0.004434823989868164,positive,10.0,10.0,0.8015382885932922,0.7565364241600037,0.0745726078748703,0.23504136502742767,195,94
0.004591226577758789,positive,10.0,10.0,0.8775331377983093,1.1422792673110962,0.07294214516878128,-0.2523902356624603,195,98
0.0046269893646240234,positive,10.0,10.0,0.9003787636756897,1.3362879753112793,0.0678943395614624,-0.5212034583091736,195,99
0.004704713821411133,positive,10.0,10.0,0.9499101042747498,0.9443846940994263,0.053311824798583984,0.102321557700634,195,101
0.00478053092956543,positive,10.0,10.0,0.9837685823440552,0.9428361058235168,0.06358498334884644,0.13660678267478943,195,103
0.004817008972167969,positive,10.0,10.0,1.0026253461837769,0.7468637824058533,0.066317118704319,0.4486526548862457,195,104
0.004853725433349609,positive,10.0,10.0,1.0175626277923584,0.9409880638122559,0.07529017329216003,0.17758923768997192,195,105
0.004888772964477539,positive,10.0,10.0,1.0363823175430298,0.7448739409446716,0.07884195446968079,0.4930414855480194,195,106
0.004923820495605469,positive,10.0,10.0,1.051279902458191,0.9388005137443542,0.08870278298854828,0.22621075809001923,195,107
0.005005359649658203,positive,10.0,10.0,1.0927067995071411,1.326220154762268,0.09248246252536774,-0.2991011142730713,195,109
0.005043983459472656,positive,10.0,10.0,1.1192312240600586,1.1299099922180176,0.08650044351816177,0.02125685289502144,195,110
0.005080461502075195,positive,10.0,10.0,1.141829490661621,1.323691725730896,0.08692558109760284,-0.2429296374320984,195,111
0.005174160003662109,positive,10.0,10.0,1.190852165222168,1.3212981224060059,0.08358411490917206,-0.18984733521938324,195,113
0.005258798599243164,positive,10.0,10.0,1.2397798299789429,1.3189796209335327,0.08234693855047226,-0.13849429786205292,195,115
0.005299568176269531,positive,10.0,10.0,1.2661594152450562,1.1227807998657227,0.07957705110311508,0.1789894849061966,195,116
0.005381345748901367,positive,10.0,10.0,1.3149486780166626,1.1204696893692017,0.08140551298856735,0.23015035688877106,195,118
0.005419254302978516,positive,10.0,10.0,1.337357997894287,1.3143397569656372,0.08600851893424988,-0.03578487038612366,195,119
0.0058290958404541016,negative,10.0,-10.0,1.5716674327850342,1.2988171577453613,0.14761312305927277,0.3099985420703888,195,129
0.005867719650268555,negative,10.0,-10.0,1.5976437330245972,1.1019341945648193,0.15381309390068054,0.6453520655632019,195,130
0.006028890609741211,negative,10.0,-10.0,1.6933242082595825,1.0926884412765503,0.19995814561843872,0.8580331206321716,195,134
0.0004229545593261719,positive,10.0,10.0,0.025697903707623482,-0.02187330089509487,-0.025345737114548683,0.024500753730535507,196,2
0.000560760498046875,positive,10.0,10.0,0.020504869520664215,-0.216004878282547,-0.01850084960460663,0.2953963577747345,196,5
0.0006437301635742188,positive,10.0,10.0,0.015772288665175438,-0.21556323766708374,-0.012654192745685577,0.28561970591545105,196,7
0.0007655620574951172,positive,10.0,10.0,-0.0010547027923166752,-0.4104703366756439,0.010132363066077232,0.5735357999801636,196,10
0.0008029937744140625,positive,10.0,10.0,-0.009264109656214714,-0.2154919058084488,0.02160307765007019,0.284061998128891,196,11
0.0008828639984130859,positive,10.0,10.0,-0.021792251616716385,-0.21618591248989105,0.03895390406250954,0.2995147109031677,196,13
0.0010037422180175781,positive,10.0,10.0,-0.03089631348848343,-0.02292875200510025,0.05184923857450485,0.04783511906862259,196,16
0.001094818115234375,positive,10.0,10.0,-0.03572997450828552,-0.41458576917648315,0.05993425473570824,0.665270984172821,196,18
0.001132965087890625,positive,10.0,10.0,-0.044021692126989365,-0.22034642100334167,0.07323967665433884,0.392045259475708,196,19
0.0011696815490722656,positive,10.0,10.0,-0.048428621143102646,-0.026336126029491425,0.08108057826757431,0.12332320213317871,196,20
0.0012061595916748047,positive,10.0,10.0,-0.048955343663692474,0.16753624379634857,0.08354704827070236,-0.14271840453147888,196,21
0.0015218257904052734,positive,10.0,10.0,-0.030550694093108177,0.15924234688282013,0.08563905209302902,0.04089843109250069,196,29
0.0016002655029296875,positive,10.0,10.0,-0.020305076614022255,0.5468251705169678,0.08198535442352295,-0.48779094219207764,196,31
0.0016968250274658203,positive,10.0,10.0,-0.0023556139785796404,0.5446657538414001,0.06882079690694809,-0.4394876956939697,196,33
0.0017805099487304688,positive,10.0,10.0,0.015510515309870243,0.15271243453025818,0.057512469589710236,0.18507273495197296,196,35
0.001941680908203125,positive,10.0,10.0,0.01982082612812519,0.1489444524049759,0.0863073468208313,0.26884523034095764,196,39
0.002061128616333008,positive,10.0,10.0,0.040383048355579376,0.7301311492919922,0.08661947399377823,-0.5202051997184753,196,42
0.0020990371704101562,positive,10.0,10.0,0.05498566851019859,0.5339034199714661,0.07621537148952484,-0.20153288543224335,196,43
0.002135753631591797,positive,10.0,10.0,0.06566374003887177,0.7278572916984558,0.07218471169471741,-0.46923351287841797,196,44
0.002213716506958008,positive,10.0,10.0,0.09085676074028015,0.7259629964828491,0.05970603600144386,-0.4269288182258606,196,46
0.002249479293823242,positive,10.0,10.0,0.10537602007389069,0.5300484895706177,0.05116746202111244,-0.116037517786026,196,47
0.002331256866455078,positive,10.0,10.0,0.13046501576900482,0.5286214351654053,0.04100373759865761,-0.0844738557934761,196,49
0.002530336380004883,positive,10.0,10.0,0.1910235434770584,0.721345067024231,0.023236505687236786,-0.32429125905036926,196,54
0.0025670528411865234,positive,10.0,10.0,0.20545044541358948,0.52590012550354,0.016750680282711983,-0.02437201887369156,196,55
0.0026025772094726562,positive,10.0,10.0,0.21596845984458923,0.7207778692245483,0.016263239085674286,-0.3117232024669647,196,56
0.0026814937591552734,positive,10.0,10.0,0.24089257419109344,0.7204047441482544,0.009749654680490494,-0.30345797538757324,196,58
0.002718210220336914,positive,10.0,10.0,0.2553006708621979,0.5251452326774597,0.0036804957780987024,-0.007716233376413584,196,59
0.0027952194213867188,positive,10.0,10.0,0.2802078425884247,0.5250421762466431,-0.002458541886880994,-0.005442725028842688,196,61
0.0029134750366210938,positive,10.0,10.0,0.3156149685382843,0.7203574776649475,-0.00868596788495779,-0.3023950457572937,196,64
0.0029501914978027344,positive,10.0,10.0,0.3300221264362335,0.5253604054450989,-0.014733868651092052,-0.012464078143239021,196,65
0.0029866695404052734,positive,10.0,10.0,0.34052932262420654,0.7206905484199524,-0.01498315017670393,-0.3097590506076813,196,66
0.0030231475830078125,positive,10.0,10.0,0.3549431264400482,0.5257852077484131,-0.02117833122611046,-0.021838799118995667,196,67
0.0030584335327148438,positive,10.0,10.0,0.3654588460922241,0.3309732973575592,-0.021615106612443924,0.26408761739730835,196,68
0.003139972686767578,positive,10.0,10.0,0.3748016357421875,0.3315139412879944,-0.005335848778486252,0.25209131836891174,196,70
0.003421783447265625,positive,10.0,10.0,0.4094667136669159,0.13469010591506958,0.04840056225657463,0.5828434824943542,196,77
0.0034580230712890625,positive,10.0,10.0,0.4121605157852173,0.3291017413139343,0.06005743518471718,0.3057917654514313,196,78
0.0036165714263916016,positive,10.0,10.0,0.4461836516857147,0.7154158353805542,0.0752260684967041,-0.193979412317276,196,82
0.003796815872192383,positive,10.0,10.0,0.5032938718795776,0.32146120071411133,0.062429409474134445,0.474628210067749,196,86
0.0038368701934814453,positive,10.0,10.0,0.5097231268882751,0.5156485438346863,0.07192197442054749,0.2022569328546524,196,87
0.003916501998901367,positive,10.0,10.0,0.5342295169830322,0.9036273956298828,0.07462912797927856,-0.33468014001846313,196,89
0.0039539337158203125,positive,10.0,10.0,0.5523020625114441,0.7075270414352417,0.0679355263710022,-0.019427768886089325,196,90
0.004033327102661133,positive,10.0,10.0,0.5766826272010803,0.7055970430374146,0.0734248161315918,0.02325424551963806,196,92
0.004071474075317383,positive,10.0,10.0,0.590794563293457,0.8995934128761292,0.07388990372419357,-0.24538874626159668,196,93
0.004152774810791016,positive,10.0,10.0,0.6306581497192383,1.2876726388931274,0.05870451405644417,-0.7840525507926941,196,95
0.004189014434814453,positive,10.0,10.0,0.6564115881919861,1.0917952060699463,0.04302346333861351,-0.473493367433548,196,96
0.0043163299560546875,positive,10.0,10.0,0.7101795077323914,0.5049658417701721,0.03291246294975281,0.4375661015510559,196,99
0.004397392272949219,positive,10.0,10.0,0.7342709302902222,0.503913938999176,0.04477253183722496,0.4609675407409668,196,101
0.004520416259765625,positive,10.0,10.0,0.7683672308921814,0.6967875957489014,0.06748522818088531,0.21796858310699463,196,104
0.004556894302368164,positive,10.0,10.0,0.782302975654602,0.5007690787315369,0.07184460014104843,0.5311526656150818,196,105
0.004796743392944336,positive,10.0,10.0,0.892760694026947,1.274046540260315,0.06738624721765518,-0.48301905393600464,196,111
0.004834175109863281,positive,10.0,10.0,0.9182416200637817,1.078041434288025,0.05772586911916733,-0.169882133603096,196,112
0.0049114227294921875,positive,10.0,10.0,0.9574452638626099,0.6862865090370178,0.05713699385523796,0.44975394010543823,196,114
0.005028724670410156,positive,10.0,10.0,1.00247323513031,0.8786265254020691,0.07941247522830963,0.21845917403697968,196,117
0.005064964294433594,positive,10.0,10.0,1.0200457572937012,1.0725288391113281,0.0837816596031189,-0.04815483093261719,196,118
0.0051021575927734375,positive,10.0,10.0,1.0414962768554688,1.2663556337356567,0.08281856030225754,-0.3132723569869995,196,119
0.005138397216796875,positive,10.0,10.0,1.0668233633041382,1.460206151008606,0.076553113758564,-0.5787306427955627,196,120
0.005174398422241211,positive,10.0,10.0,1.0960274934768677,1.2640995979309082,0.06497850269079208,-0.26294755935668945,196,121
0.00525212287902832,positive,10.0,10.0,1.142671823501587,0.8721879720687866,0.06070958822965622,0.3604128062725067,196,123
0.005287647247314453,positive,10.0,10.0,1.1601155996322632,1.0663968324661255,0.0679178461432457,0.08747393637895584,196,124
0.005322933197021484,positive,10.0,10.0,1.181443452835083,0.8703703880310059,0.06966732442378998,0.40078815817832947,196,125
0.005398273468017578,positive,10.0,10.0,1.2201396226882935,1.2583667039871216,0.0803002417087555,-0.1363414078950882,196,127
0.0054340362548828125,positive,10.0,10.0,1.2453069686889648,1.4522521495819092,0.07757341116666794,-0.40264952182769775,196,128
0.005469322204589844,positive,10.0,10.0,1.2743520736694336,1.2561205625534058,0.06952042132616043,-0.08655320107936859,196,129
0.0055048465728759766,positive,10.0,10.0,1.2994744777679443,1.0600745677947998,0.06778936088085175,0.2272280603647232,196,130
0.005800962448120117,positive,10.0,10.0,1.4669238328933716,1.247014045715332,0.0807211771607399,0.11490709334611893,196,137
0.005924701690673828,positive,10.0,10.0,1.545575737953186,1.4385768175125122,0.08332256227731705,-0.09999455511569977,196,140
0.0061283111572265625,positive,10.0,10.0,1.6813955307006836,1.2375235557556152,0.09022783488035202,0.32513830065727234,196,145
0.006327390670776367,negative,10.0,-10.0,1.8126791715621948,1.4254660606384277,0.1170729473233223,0.19084684550762177,196,150
0.006364345550537109,negative,10.0,-10.0,1.8411884307861328,1.228880763053894,0.12088988721370697,0.5180470943450928,196,151
0.006442070007324219,negative,10.0,-10.0,1.894208312034607,1.6151400804519653,0.13656625151634216,0.01719609647989273,196,153
0.006558418273925781,negative,10.0,-10.0,2.002692222595215,2.1940226554870605,0.12280012667179108,-0.72425377368927,196,156
0.006718158721923828,negative,10.0,-10.0,2.2014260292053223,2.5788018703460693,0.034217432141304016,-1.1842851638793945,196,160
0.0067555904388427734,negative,10.0,-10.0,2.2530019283294678,2.773463726043701,0.010531730949878693,-1.4660488367080688,196,161
0.006791830062866211,negative,10.0,-10.0,2.308471202850342,2.9684550762176514,-0.018789246678352356,-1.7554235458374023,196,162
0.0002803802490234375,positive,10.0,10.0,0.01730458438396454,-0.18698513507843018,-0.04507624730467796,0.30204343795776367,197,1
0.0003879070281982422,positive,10.0,10.0,0.013564882799983025,0.008749314583837986,-0.0390353761613369,-0.004507932811975479,197,2
0.0004894733428955078,positive,10.0,10.0,0.013739868998527527,-0.18579170107841492,-0.039125535637140274,0.27560779452323914,197,3
0.00080108642578125,positive,10.0,10.0,-0.0012777871452271938,-0.37955042719841003,-0.017447063699364662,0.5381196141242981,197,6
0.0008933544158935547,positive,10.0,10.0,-0.008868795819580555,-0.18418759107589722,-0.006684671156108379,0.23999080061912537,197,7
0.001043558120727539,positive,10.0,10.0,-0.023818116635084152,-0.3793105185031891,0.013471928425133228,0.5327041149139404,197,10
0.0011241436004638672,positive,10.0,10.0,-0.03509194031357765,-0.3798387050628662,0.029011938720941544,0.5444905757904053,197,12
0.0012438297271728516,positive,10.0,10.0,-0.054007526487112045,-0.18634352087974548,0.056445203721523285,0.28795209527015686,197,15
0.0012896060943603516,positive,10.0,10.0,-0.05773439630866051,0.00792996771633625,0.06220424547791481,0.013592052273452282,197,16
0.0013272762298583984,positive,10.0,10.0,-0.05757579579949379,0.20210722088813782,0.06247608736157417,-0.25883424282073975,197,17
0.0014450550079345703,positive,10.0,10.0,-0.05720548331737518,0.0045029097236692905,0.0656186044216156,0.0893525704741478,197,20
0.001667022705078125,positive,10.0,10.0,-0.04915175586938858,0.1943906992673874,0.06726396083831787,-0.0882728099822998,197,25
0.001706838607788086,positive,10.0,10.0,-0.04526394233107567,-0.001627709367312491,0.06549850106239319,0.2248505800962448,197,26
0.001789093017578125,positive,10.0,10.0,-0.04924893006682396,-0.0035500177182257175,0.08074459433555603,0.26762115955352783,197,28
0.0018270015716552734,positive,10.0,10.0,-0.049319930374622345,0.1903323084115982,0.08609701693058014,0.0014583192532882094,197,29
0.001949310302734375,positive,10.0,10.0,-0.026272578164935112,0.7718110680580139,0.07032506167888641,-0.7933344841003418,197,32
0.002109527587890625,positive,10.0,10.0,0.011962950229644775,-0.01147411111742258,0.04419877380132675,0.441920667886734,197,36
0.0022683143615722656,positive,10.0,10.0,0.01876528188586235,-0.01455854345113039,0.06971558928489685,0.51068514585495,197,40
0.0023043155670166016,positive,10.0,10.0,0.01847410947084427,0.17951564490795135,0.07992929220199585,0.24076081812381744,197,41
0.0023393630981445312,positive,10.0,10.0,0.02206442318856716,0.3734102249145508,0.08474451303482056,-0.025678321719169617,197,42
0.002416372299194336,positive,10.0,10.0,0.040877047926187515,0.3710053861141205,0.07842162251472473,0.027548449113965034,197,44
0.0024535655975341797,positive,10.0,10.0,0.048297155648469925,0.5649202466011047,0.07897259294986725,-0.23939752578735352,197,45
0.0025718212127685547,positive,10.0,10.0,0.08602708578109741,0.7568956017494202,0.060240305960178375,-0.4628603160381317,197,48
0.0026063919067382812,positive,10.0,10.0,0.10116499662399292,0.5609763264656067,0.05098310112953186,-0.15181457996368408,197,49
0.002640962600708008,positive,10.0,10.0,0.11238452792167664,0.7553325891494751,0.047946806997060776,-0.42798760533332825,197,50
0.0027561187744140625,positive,10.0,10.0,0.1537645161151886,0.5584752559661865,0.028963692486286163,-0.09647734463214874,197,53
0.0027933120727539062,positive,10.0,10.0,0.16493402421474457,0.7531704306602478,0.02703414484858513,-0.37988337874412537,197,54
0.002830982208251953,positive,10.0,10.0,0.17999742925167084,0.9478982090950012,0.01943647861480713,-0.6639213562011719,197,55
0.0028684139251708984,positive,10.0,10.0,0.19895540177822113,0.7525113821029663,0.006158051081001759,-0.36518242955207825,197,56
0.0029458999633789062,positive,10.0,10.0,0.2251516729593277,0.7524408102035522,-0.002556879771873355,-0.3636082708835602,197,58
0.003216981887817383,positive,10.0,10.0,0.3188524544239044,0.5590282082557678,-0.03737063333392143,-0.10870572924613953,197,65
0.0033724308013916016,positive,10.0,10.0,0.36364322900772095,0.17135541141033173,-0.047578323632478714,0.4205896854400635,197,69
0.003408670425415039,positive,10.0,10.0,0.36707034707069397,0.36711806058883667,-0.03916653245687485,0.11329523473978043,197,70
0.003444671630859375,positive,10.0,10.0,0.3744127154350281,0.1725785881280899,-0.03690062463283539,0.393368661403656,197,71
0.003573179244995117,positive,10.0,10.0,0.3886985778808594,0.3690083920955658,-0.019794238731265068,0.07151876389980316,197,74
0.0036995410919189453,positive,10.0,10.0,0.4069533348083496,0.17459438741207123,-0.010016538202762604,0.3486012816429138,197,77
0.0037376880645751953,positive,10.0,10.0,0.4104452133178711,0.3698573708534241,-0.0030445128213614225,0.05277671292424202,197,78
0.003854513168334961,positive,10.0,10.0,0.42873653769493103,0.17473749816417694,0.005924732889980078,0.3454132378101349,197,81
0.0038902759552001953,positive,10.0,10.0,0.43223127722740173,0.3697746694087982,0.012832997366786003,0.05460447445511818,197,82
0.004003763198852539,positive,10.0,10.0,0.45050403475761414,0.17397628724575043,0.022212237119674683,0.36226779222488403,197,85
0.0040395259857177734,positive,10.0,10.0,0.4539835751056671,0.3687756061553955,0.029457593336701393,0.07667077332735062,197,86
0.004074573516845703,positive,10.0,10.0,0.46135908365249634,0.17324401438236237,0.03099100850522518,0.37850019335746765,197,87
0.004109382629394531,positive,10.0,10.0,0.46482396125793457,0.3679124414920807,0.03856101259589195,0.09574765712022781,197,88
0.004186153411865234,positive,10.0,10.0,0.47562742233276367,0.3667847812175751,0.04848282039165497,0.12069080770015717,197,90
0.004220247268676758,positive,10.0,10.0,0.48296311497688293,0.17100292444229126,0.05089663714170456,0.42826685309410095,197,91
0.0042934417724609375,positive,10.0,10.0,0.49369052052497864,0.16944774985313416,0.06250303983688354,0.4628864526748657,197,93
0.004327535629272461,positive,10.0,10.0,0.4970794916152954,0.36363327503204346,0.07176076620817184,0.1905408650636673,197,94
0.0043621063232421875,positive,10.0,10.0,0.5043521523475647,0.5576591491699219,0.07557158172130585,-0.07866935431957245,197,95
0.004513263702392578,positive,10.0,10.0,0.5488385558128357,0.16350871324539185,0.07206720113754272,0.5944253206253052,197,99
0.004672527313232422,positive,10.0,10.0,0.5851894617080688,0.9388002753257751,0.08761347085237503,-0.46502965688705444,197,103
0.0047512054443359375,positive,10.0,10.0,0.618816614151001,0.9364748597145081,0.07539152354001999,-0.4130532145500183,197,105
0.004866123199462891,positive,10.0,10.0,0.6632405519485474,0.3483627736568451,0.06948866695165634,0.528007447719574,197,108
0.004900455474853516,positive,10.0,10.0,0.6702078580856323,0.5424417853355408,0.0800488144159317,0.25800472497940063,197,109
0.0049343109130859375,positive,10.0,10.0,0.6810566782951355,0.7363350987434387,0.08520890772342682,-0.008394685573875904,197,110
0.005124330520629883,positive,10.0,10.0,0.7700566649436951,0.5357871055603027,0.06625524163246155,0.40480172634124756,197,115
0.005158901214599609,positive,10.0,10.0,0.7807723879814148,0.7299099564552307,0.07435128092765808,0.13372111320495605,197,116
0.005232334136962891,positive,10.0,10.0,0.8138484358787537,1.1178314685821533,0.07433350384235382,-0.40203243494033813,197,118
0.00526738166809082,positive,10.0,10.0,0.8362050652503967,0.9217382669448853,0.06629285961389542,-0.08687090873718262,197,119
0.0053784847259521484,positive,10.0,10.0,0.8797494769096375,0.7238357663154602,0.07984073460102081,0.2681526839733124,197,122
0.00541234016418457,positive,10.0,10.0,0.8942261934280396,0.9177328944206238,0.08520378917455673,0.0016817605355754495,197,123
0.005484342575073242,positive,10.0,10.0,0.934811532497406,1.3053444623947144,0.07997845113277435,-0.5275765657424927,197,125
0.005518674850463867,positive,10.0,10.0,0.9609184265136719,1.1091938018798828,0.06942691653966904,-0.21080231666564941,197,126
0.005610942840576172,positive,10.0,10.0,1.001365303993225,0.7171583771705627,0.06726983189582825,0.4154709577560425,197,128
0.0056498050689697266,positive,10.0,10.0,1.015708565711975,0.9112656712532043,0.07557924836874008,0.14473102986812592,197,129
0.005686283111572266,positive,10.0,10.0,1.0339338779449463,1.1052284240722656,0.07847387343645096,-0.12318342924118042,197,130
0.005764484405517578,positive,10.0,10.0,1.0820212364196777,1.103029727935791,0.06820793449878693,-0.07446641474962234,197,132
0.005841493606567383,positive,10.0,10.0,1.122221827507019,0.7109910845756531,0.07149726152420044,0.5518919825553894,197,134
0.00587916374206543,positive,10.0,10.0,1.136441707611084,0.90503990650177,0.08253510296344757,0.282564640045166,197,135
0.005955934524536133,positive,10.0,10.0,1.1765203475952148,1.292647361755371,0.08852662891149521,-0.24659641087055206,197,137
0.006031036376953125,positive,10.0,10.0,1.2243008613586426,1.290210247039795,0.08504759520292282,-0.1925370693206787,197,139
0.006104946136474609,positive,10.0,10.0,1.2719846963882446,1.2878515720367432,0.0837111845612526,-0.1402854323387146,197,141
0.006257772445678711,positive,10.0,10.0,1.3748713731765747,1.283134937286377,0.0756189227104187,-0.03583329916000366,197,145
0.006371974945068359,positive,10.0,10.0,1.4556957483291626,1.0849525928497314,0.06905964016914368,0.32518160343170166,197,148
0.006406307220458984,positive,10.0,10.0,1.4773948192596436,1.279026746749878,0.07556327432394028,0.05505162850022316,197,149
0.006440639495849609,positive,10.0,10.0,1.502975344657898,1.472988486289978,0.07666430622339249,-0.21286627650260925,197,150
0.006475210189819336,positive,10.0,10.0,1.5324350595474243,1.276858925819397,0.07240698486566544,0.10298117250204086,197,151
0.006508827209472656,positive,10.0,10.0,1.5579723119735718,1.4708725214004517,0.07446660101413727,-0.1660076379776001,197,152
0.0065839290618896484,positive,10.0,10.0,1.6128851175308228,1.0787031650543213,0.0741305872797966,0.4634595513343811,197,154
0.006658077239990234,positive,10.0,10.0,1.659913182258606,1.4665396213531494,0.08730043470859528,-0.07021976262331009,197,156
0.006692409515380859,positive,10.0,10.0,1.689244031906128,1.2702815532684326,0.08589603751897812,0.24867990612983704,197,157
0.006767749786376953,positive,10.0,10.0,1.7439311742782593,1.267778754234314,0.09055521339178085,0.3041922450065613,197,159
0.006880760192871094,negative,10.0,-10.0,1.8160194158554077,1.458555817604065,0.11638422310352325,0.10687316954135895,197,162
0.006956815719604492,negative,10.0,-10.0,1.8782272338867188,1.8450771570205688,0.11558281630277634,-0.400010347366333,197,164
0.007190704345703125,negative,10.0,-10.0,2.1187081336975098,2.2278826236724854,0.04805644974112511,-0.8197714686393738,197,170
0.007230520248413086,negative,10.0,-10.0,2.1632657051086426,2.4223151206970215,0.0316610224545002,-1.0969603061676025,197,171
0.007266998291015625,negative,10.0,-10.0,2.211712121963501,2.617006301879883,0.009721815586090088,-1.3795437812805176,197,172
0.0073626041412353516,negative,10.0,-10.0,2.3202922344207764,2.617095708847046,-0.05125247314572334,-1.3821059465408325,197,174
0.007402658462524414,negative,10.0,-10.0,2.372634172439575,2.422649383544922,-0.07889459282159805,-1.1058810949325562,197,175
0.0003883838653564453,positive,10.0,10.0,0.004671153146773577,-0.1946609765291214,0.029167436063289642,0.33987361192703247,198,1
0.000446319580078125,positive,10.0,10.0,0.0007779335137456656,3.407560143386945e-05,0.035964906215667725,0.05652925372123718,198,2
0.0004906654357910156,positive,10.0,10.0,0.0007786150090396404,0.19462238252162933,0.03709549456834793,-0.22459305822849274,198,3
0.0006241798400878906,positive,10.0,10.0,0.0007192040793597698,-0.0019632019102573395,0.041841667145490646,0.10063683986663818,198,6
0.0006630420684814453,positive,10.0,10.0,0.0006799400434829295,-0.19765906035900116,0.043854404240846634,0.40622156858444214,198,7
0.0007026195526123047,positive,10.0,10.0,-0.003273240989074111,-0.003185526467859745,0.051978833973407745,0.12768079340457916,198,8
0.0008697509765625,positive,10.0,10.0,-0.011424660682678223,-0.006547517143189907,0.07594912499189377,0.2022327333688736,198,12
0.0009086132049560547,positive,10.0,10.0,-0.011555611155927181,0.18741071224212646,0.07999377697706223,-0.06555833667516708,198,13
0.0009889602661132812,positive,10.0,10.0,-0.00018139558960683644,0.18515147268772125,0.07204322516918182,-0.01554781198501587,198,15
0.001026153564453125,positive,10.0,10.0,0.0035216338001191616,0.3791702389717102,0.07173226773738861,-0.28465867042541504,198,16
0.001062154769897461,positive,10.0,10.0,0.011105039156973362,0.5731997489929199,0.06603909283876419,-0.5538831949234009,198,17
0.0011408329010009766,positive,10.0,10.0,0.03011334501206875,0.1813533902168274,0.050138503313064575,0.06835376471281052,198,19
0.0012195110321044922,positive,10.0,10.0,0.03345140814781189,0.1799038201570511,0.0590340681374073,0.10041613131761551,198,21
0.0013384819030761719,positive,10.0,10.0,0.04029311239719391,-0.01784859038889408,0.07203074544668198,0.45199912786483765,198,24
0.0014574527740478516,positive,10.0,10.0,0.05086100846529007,0.5638703107833862,0.08306429535150528,-0.3479788601398468,198,27
0.0015747547149658203,positive,10.0,10.0,0.0807243138551712,0.36551153659820557,0.06953795999288559,0.017470329999923706,198,30
0.0016105175018310547,positive,10.0,10.0,0.08803454786539078,0.16946478188037872,0.06988736242055893,0.3312574326992035,198,31
0.0018115043640136719,positive,10.0,10.0,0.13597825169563293,0.7494688630104065,0.06098094582557678,-0.430199533700943,198,36
0.0018913745880126953,positive,10.0,10.0,0.1620384156703949,0.7478726506233215,0.04999828711152077,-0.39464271068573,198,38
0.0022754669189453125,positive,10.0,10.0,0.24160535633563995,0.5470697283744812,0.07021068781614304,0.023990284651517868,198,47
0.002358675003051758,positive,10.0,10.0,0.2595670521259308,0.5450633764266968,0.07744995504617691,0.06839294731616974,198,49
0.0023965835571289062,positive,10.0,10.0,0.2704683244228363,0.7389944195747375,0.07881781458854675,-0.198884055018425,198,50
0.002475738525390625,positive,10.0,10.0,0.30390632152557373,0.7368105053901672,0.06552614271640778,-0.1503976732492447,198,52
0.002511739730834961,positive,10.0,10.0,0.3186425268650055,0.9309359788894653,0.06251818686723709,-0.4217100143432617,198,53
0.002547740936279297,positive,10.0,10.0,0.33726122975349426,0.7349865436553955,0.054083988070487976,-0.10999174416065216,198,54
0.002628326416015625,positive,10.0,10.0,0.3705468475818634,0.7334747910499573,0.044181495904922485,-0.07655315846204758,198,56
0.002664804458618164,positive,10.0,10.0,0.3852163553237915,0.5377482175827026,0.042650431394577026,0.2297353297472,198,57
0.0027425289154052734,positive,10.0,10.0,0.4028121829032898,0.5364704728126526,0.057956352829933167,0.2581307888031006,198,59
0.0027785301208496094,positive,10.0,10.0,0.4135415852069855,0.3405710458755493,0.06311897188425064,0.5685161352157593,198,60
0.002813577651977539,positive,10.0,10.0,0.4203529953956604,0.5347535610198975,0.0744892954826355,0.2963670790195465,198,61
0.0028481483459472656,positive,10.0,10.0,0.43104806542396545,0.7287389039993286,0.08041663467884064,0.028075527399778366,198,62
0.002966165542602539,positive,10.0,10.0,0.48640525341033936,0.920389711856842,0.06612887978553772,-0.18857787549495697,198,65
0.0030846595764160156,positive,10.0,10.0,0.5298693776130676,0.7225767374038696,0.07355949282646179,0.1643386334180832,198,68
0.0032434463500976562,positive,10.0,10.0,0.6031509637832642,0.7183946967124939,0.06619700789451599,0.25668516755104065,198,72
0.0032806396484375,positive,10.0,10.0,0.6175188422203064,0.5223931670188904,0.0713307112455368,0.5694912672042847,198,73
0.0033159255981445312,positive,10.0,10.0,0.6279667019844055,0.716446042060852,0.08272053301334381,0.30010560154914856,198,74
0.003351926803588867,positive,10.0,10.0,0.6422955989837646,0.9102974534034729,0.08872264623641968,0.034614838659763336,198,75
0.0033872127532958984,positive,10.0,10.0,0.6605015397071838,1.1040425300598145,0.08941494673490524,-0.22880934178829193,198,76
0.0034668445587158203,positive,10.0,10.0,0.7085379958152771,1.4916096925735474,0.07499870657920837,-0.7567878365516663,198,78
0.0035843849182128906,positive,10.0,10.0,0.7862734198570251,0.9038084149360657,0.048422519117593765,0.1777939647436142,198,81
0.0037429332733154297,positive,10.0,10.0,0.8506864309310913,0.9005681276321411,0.07629481703042984,0.2497592568397522,198,85
0.0038595199584960938,positive,10.0,10.0,0.9163560271263123,1.0922126770019531,0.07525396347045898,0.03318566083908081,198,88
0.003895998001098633,positive,10.0,10.0,0.9382002949714661,1.2861793041229248,0.07591767609119415,-0.23483702540397644,198,89
0.003933906555175781,positive,10.0,10.0,0.9639238715171814,1.0900593996047974,0.07122093439102173,0.08079385757446289,198,90
0.003969907760620117,positive,10.0,10.0,0.9857250452041626,0.8939926028251648,0.07283681631088257,0.39506974816322327,198,91
0.00400543212890625,positive,10.0,10.0,1.0036048889160156,1.0880094766616821,0.08073820918798447,0.1262110471725464,198,92
0.004180431365966797,positive,10.0,10.0,1.106108546257019,1.4735733270645142,0.0705922320485115,-0.35732272267341614,198,96
0.0042188167572021484,positive,10.0,10.0,1.1355799436569214,1.2775224447250366,0.06344577670097351,-0.04324201121926308,198,97
0.004255533218383789,positive,10.0,10.0,1.161130428314209,1.0815508365631104,0.06258094310760498,0.26876458525657654,198,98
0.0042951107025146484,positive,10.0,10.0,1.1827614307403564,0.8855941891670227,0.06795623153448105,0.5805109143257141,198,99
0.004332304000854492,positive,10.0,10.0,1.2004733085632324,1.0797014236450195,0.07956644892692566,0.3099859058856964,198,100
0.0044612884521484375,positive,10.0,10.0,1.2768874168395996,1.271152377128601,0.08221415430307388,0.09768504649400711,198,103
0.004502296447753906,positive,10.0,10.0,1.3023104667663574,1.46500563621521,0.08416785299777985,-0.1679689884185791,198,104
0.0046274662017822266,positive,10.0,10.0,1.3862395286560059,1.2664469480514526,0.08148714900016785,0.20180213451385498,198,107
0.0052776336669921875,negative,10.0,-10.0,1.8268992900848389,1.6286066770553589,0.167954683303833,0.23851333558559418,198,123
0.005317211151123047,negative,10.0,-10.0,1.8594714403152466,1.4315332174301147,0.17272494733333588,0.5791106820106506,198,124
0.005522727966308594,negative,10.0,-10.0,2.0410523414611816,2.391752004623413,0.18458926677703857,-0.5634331107139587,198,129
0.005561351776123047,negative,10.0,-10.0,2.0888874530792236,2.583869695663452,0.17332060635089874,-0.7927524447441101,198,130
0.0056400299072265625,negative,10.0,-10.0,2.196089506149292,2.5794146060943604,0.13693982362747192,-0.6885941624641418,198,132
0.005675554275512695,negative,10.0,-10.0,2.247677803039551,2.3826847076416016,0.12316793948411942,-0.35612714290618896,198,133
0.0057528018951416016,negative,10.0,-10.0,2.339052438735962,2.3793296813964844,0.11549970507621765,-0.2812182903289795,198,135
0.005788564682006836,negative,10.0,-10.0,2.38663911819458,2.5726308822631836,0.10987533628940582,-0.535356879234314,198,136
0.00034809112548828125,positive,10.0,10.0,0.025953227654099464,-0.027880284935235977,-0.04158148914575577,-0.003943462390452623,199,2
0.0003962516784667969,positive,10.0,10.0,0.025395622476935387,-0.22238199412822723,-0.041660357266664505,0.27533549070358276,199,3
0.0004374980926513672,positive,10.0,10.0,0.020947981625795364,-0.4168855547904968,-0.0361536480486393,0.5545930862426758,199,4
0.000530242919921875,positive,10.0,10.0,0.008184768259525299,-0.4160303771495819,-0.020046941936016083,0.5354160666465759,199,6
0.0007789134979248047,positive,10.0,10.0,-0.029995670542120934,-0.41608408093452454,0.0258347038179636,0.5365403294563293,199,12
0.0009009838104248047,positive,10.0,10.0,-0.05108322948217392,-0.22244536876678467,0.05272961035370827,0.27680766582489014,199,15
0.0009818077087402344,positive,10.0,10.0,-0.06389770656824112,-0.2240188866853714,0.06997864693403244,0.31186988949775696,199,17
0.0010585784912109375,positive,10.0,10.0,-0.06897728145122528,0.16399094462394714,0.07705707103013992,-0.2256450653076172,199,19
0.0011358261108398438,positive,10.0,10.0,-0.058538828045129776,0.1618657410144806,0.06268294900655746,-0.1784258931875229,199,21
0.0011720657348632812,positive,10.0,10.0,-0.05530151352286339,-0.03409460932016373,0.05911443382501602,0.1333540827035904,199,22
0.0012083053588867188,positive,10.0,10.0,-0.05598340556025505,-0.23001131415367126,0.061781514436006546,0.44408532977104187,199,23
0.001383066177368164,positive,10.0,10.0,-0.06669484823942184,0.15595874190330505,0.0881488099694252,-0.047945741564035416,199,27
0.0014224052429199219,positive,10.0,10.0,-0.06357567012310028,0.34971335530281067,0.08718989789485931,-0.3115670680999756,199,28
0.0014612674713134766,positive,10.0,10.0,-0.05658140406012535,0.1534644514322281,0.08095855265855789,0.007289447821676731,199,29
0.001628875732421875,positive,10.0,10.0,-0.03663996234536171,0.5390527248382568,0.07290582358837128,-0.4768660068511963,199,33
0.0016663074493408203,positive,10.0,10.0,-0.025858907029032707,0.34298115968704224,0.06336850672960281,-0.1621246337890625,199,34
0.0018241405487060547,positive,10.0,10.0,-0.014132215641438961,0.33927494287490845,0.07611583918333054,-0.08026529848575592,199,38
0.001903533935546875,positive,10.0,10.0,0.003317841561511159,0.3371296226978302,0.06755061447620392,-0.03277882561087608,199,40
0.002063751220703125,positive,10.0,10.0,0.014567223377525806,0.33295977115631104,0.09086128324270248,0.059517353773117065,199,44
0.002100706100463867,positive,10.0,10.0,0.021226419135928154,0.526669442653656,0.09205163270235062,-0.20317204296588898,199,45
0.0021369457244873047,positive,10.0,10.0,0.03175980597734451,0.7203626036643982,0.08798819035291672,-0.4654567837715149,199,46
0.002257108688354492,positive,10.0,10.0,0.07100989669561386,0.5219175815582275,0.06748629361391068,-0.09767922013998032,199,49
0.0023365020751953125,positive,10.0,10.0,0.09576845914125443,0.5200217366218567,0.058166105300188065,-0.05572500079870224,199,51
0.00237274169921875,positive,10.0,10.0,0.10616889595985413,0.7142634987831116,0.057051606476306915,-0.32950374484062195,199,52
0.0024919509887695312,positive,10.0,10.0,0.14507654309272766,0.5169423818588257,0.04415907710790634,0.012311880476772785,199,55
0.0025718212127685547,positive,10.0,10.0,0.16964347660541534,0.9058650732040405,0.03908295929431915,-0.5444709062576294,199,57
0.0026073455810546875,positive,10.0,10.0,0.18776077032089233,0.7102163434028625,0.02819354087114334,-0.2397344410419464,199,58
0.0026426315307617188,positive,10.0,10.0,0.2019650936126709,0.9049244523048401,0.023398851975798607,-0.5233926773071289,199,59
0.002758502960205078,positive,10.0,10.0,0.25234153866767883,0.7091757655143738,-0.00177769735455513,-0.21666781604290009,199,62
0.003111124038696289,positive,10.0,10.0,0.3801751732826233,0.5177905559539795,-0.04479673132300377,-0.006417348515242338,199,71
0.003148317337036133,positive,10.0,10.0,0.3905310034751892,0.32333874702453613,-0.04492507874965668,0.2718019485473633,199,72
0.0035276412963867188,positive,10.0,10.0,0.4334055185317993,0.13011467456817627,0.021135475486516953,0.5223782062530518,199,81
0.003566741943359375,positive,10.0,10.0,0.4360077977180481,0.32493287324905396,0.031583040952682495,0.23642957210540771,199,82
0.0036046504974365234,positive,10.0,10.0,0.44250646233558655,0.12937425076961517,0.03631163015961647,0.5389050841331482,199,83
0.0036416053771972656,positive,10.0,10.0,0.44509392976760864,0.32396742701530457,0.04708973318338394,0.2578809857368469,199,84
0.003679513931274414,positive,10.0,10.0,0.45157328248023987,0.12820592522621155,0.05224735289812088,0.5650370121002197,199,85
0.0037603378295898438,positive,10.0,10.0,0.4527852237224579,0.1265943944454193,0.08102232962846756,0.6016657948493958,199,87
0.003796100616455078,positive,10.0,10.0,0.45531710982322693,0.3204950988292694,0.09305564314126968,0.33556339144706726,199,88
0.004034757614135742,positive,10.0,10.0,0.5362626910209656,0.7024362087249756,0.0784139484167099,-0.06825510412454605,199,94
0.004070758819580078,positive,10.0,10.0,0.5503114461898804,0.8963514566421509,0.07704884558916092,-0.3352041244506836,199,95
0.004105329513549805,positive,10.0,10.0,0.5682384371757507,0.700222373008728,0.07034476101398468,-0.019253326579928398,199,96
0.004180908203125,positive,10.0,10.0,0.5923262238502502,0.6982241868972778,0.0758550688624382,0.02494429610669613,199,98
0.004264354705810547,positive,10.0,10.0,0.6241343021392822,1.0861339569091797,0.07149647176265717,-0.5105298757553101,199,100
0.004302263259887695,positive,10.0,10.0,0.6458569765090942,0.890081524848938,0.061285872012376785,-0.1962004154920578,199,101
0.004381895065307617,positive,10.0,10.0,0.6775413751602173,0.4982439875602722,0.05966523289680481,0.42538273334503174,199,103
0.00441741943359375,positive,10.0,10.0,0.6875062584877014,0.6924722790718079,0.068172886967659,0.1520898938179016,199,104
0.004454374313354492,positive,10.0,10.0,0.7013557553291321,0.4964437484741211,0.07121468335390091,0.46547695994377136,199,105
0.004489421844482422,positive,10.0,10.0,0.7112845778465271,0.6904909610748291,0.08052422106266022,0.1960633248090744,199,106
0.004523754119873047,positive,10.0,10.0,0.7250944375991821,0.8843743205070496,0.08444549143314362,-0.07017076015472412,199,107
0.004559755325317383,positive,10.0,10.0,0.742781937122345,1.0781904458999634,0.08304207772016525,-0.33506152033805847,199,108
0.004595756530761719,positive,10.0,10.0,0.7643457055091858,0.881990909576416,0.07634084671735764,-0.017390010878443718,199,109
0.00463104248046875,positive,10.0,10.0,0.7819855213165283,1.0759397745132446,0.07599304616451263,-0.28504353761672974,199,110
0.004704952239990234,positive,10.0,10.0,0.8289023637771606,1.0738651752471924,0.05923569202423096,-0.23884887993335724,199,112
0.004857540130615234,positive,10.0,10.0,0.8913048505783081,0.6804069876670837,0.07734321802854538,0.41901230812072754,199,116
0.0050084590911865234,positive,10.0,10.0,0.9690009355545044,1.065657377243042,0.07897774875164032,-0.05753461644053459,199,120
0.00504302978515625,positive,10.0,10.0,0.9903140664100647,1.2595633268356323,0.07782705873250961,-0.32429155707359314,199,121
0.005076408386230469,positive,10.0,10.0,1.015505313873291,1.0634244680404663,0.07134123146533966,-0.008115747943520546,199,122
0.005128145217895508,positive,10.0,10.0,1.0367738008499146,0.8673557639122009,0.07117891311645508,0.30619576573371887,199,123
0.005208730697631836,positive,10.0,10.0,1.0753488540649414,1.2553281784057617,0.07803848385810852,-0.23054388165473938,199,125
0.005245208740234375,positive,10.0,10.0,1.100455403327942,1.4492533206939697,0.07342761009931564,-0.4976262152194977,199,126
0.005280733108520508,positive,10.0,10.0,1.129440426826477,1.2531770467758179,0.06347507983446121,-0.18273596465587616,199,127
0.005361080169677734,positive,10.0,10.0,1.1756482124328613,0.8612813949584961,0.06240588799118996,0.44021573662757874,199,129
0.005437612533569336,positive,10.0,10.0,1.213983178138733,0.8594020009040833,0.07456699013710022,0.4821099638938904,199,131
0.005514383316040039,positive,10.0,10.0,1.2522391080856323,1.2472200393676758,0.08848576992750168,-0.05114757642149925,199,133
0.005550384521484375,positive,10.0,10.0,1.2771835327148438,1.4409691095352173,0.08746282011270523,-0.31465327739715576,199,134
0.005625486373901367,positive,10.0,10.0,1.3308972120285034,1.4385868310928345,0.08125536888837814,-0.26172876358032227,199,136
0.005661725997924805,positive,10.0,10.0,1.3596689701080322,1.2424046993255615,0.07602079212665558,0.05543635040521622,199,137
0.005696296691894531,positive,10.0,10.0,1.3845170736312866,1.4363590478897095,0.07712952047586441,-0.21232618391513824,199,138
0.005770444869995117,positive,10.0,10.0,1.4380487203598022,1.4342297315597534,0.07495610415935516,-0.16517220437526703,199,140
0.00600123405456543,positive,10.0,10.0,1.5903269052505493,1.4273897409439087,0.09150674939155579,-0.013861735351383686,199,146
0.006036520004272461,positive,10.0,10.0,1.6188746690750122,1.231082797050476,0.09122952073812485,0.3062322735786438,199,147
0.0063436031341552734,negative,10.0,-10.0,1.8462480306625366,1.6089198589324951,0.11135827004909515,-0.006727927830070257,199,155
0.006418943405151367,negative,10.0,-10.0,1.9144721031188965,1.9956563711166382,0.1059776172041893,-0.5179397463798523,199,157
0.006453037261962891,negative,10.0,-10.0,1.9543852806091309,2.1891391277313232,0.0956188216805458,-0.7754364013671875,199,158
0.006487846374511719,negative,10.0,-10.0,1.9981679916381836,1.9928410053253174,0.0801100954413414,-0.4542653262615204,199,159
0.00667881965637207,negative,10.0,-10.0,2.205049991607666,2.183330535888672,0.0275825597345829,-0.6435115933418274,199,164
0.006752490997314453,negative,10.0,-10.0,2.2962777614593506,2.5729775428771973,-0.0038353223353624344,-1.215406060218811,199,166
0.006790876388549805,negative,10.0,-10.0,2.3477373123168945,2.768148899078369,-0.028143443167209625,-1.5092883110046387,199,167
