timestamp,feedback,magnitude,reward,cart_position,cart_velocity,pole_angle,pole_velocity,episode,timestep
9.417533874511719e-05,positive,10.0,10.0,0.01068792026489973,-0.21804477274417877,-0.045170996338129044,0.3237597942352295,160,1
0.00014209747314453125,positive,10.0,10.0,0.006327025126665831,-0.02230970188975334,-0.0386958010494709,0.01718091405928135,160,2
0.0001900196075439453,positive,10.0,10.0,0.005880831275135279,-0.2168559581041336,-0.038352180272340775,0.2974081337451935,160,3
0.00023627281188964844,positive,10.0,10.0,0.0015437118709087372,-0.021208876743912697,-0.03240402042865753,-0.007119475863873959,160,4
0.00039768218994140625,positive,10.0,10.0,-0.01570744998753071,-0.40989482402801514,-0.010768316686153412,0.5439571738243103,160,8
0.0005571842193603516,positive,10.0,10.0,-0.040686674416065216,-0.4100415110588074,0.02087196707725525,0.5471869111061096,160,12
0.0006003379821777344,positive,10.0,10.0,-0.04888750612735748,-0.2152189314365387,0.031815703958272934,0.26115256547927856,160,13
0.0006430149078369141,positive,10.0,10.0,-0.053191881626844406,-0.41078025102615356,0.03703875467181206,0.5636983513832092,160,14
0.0007636547088623047,positive,10.0,10.0,-0.07397089898586273,-0.2176472246646881,0.06577955931425095,0.3152258098125458,160,17
0.0009233951568603516,positive,10.0,10.0,-0.06809422373771667,0.16848738491535187,0.0585835836827755,-0.18046104907989502,160,21
0.0010445117950439453,positive,10.0,10.0,-0.06973864138126373,-0.02902458980679512,0.06636900454759598,0.16562803089618683,160,24
0.0010867118835449219,positive,10.0,10.0,-0.07031913101673126,-0.22503072023391724,0.0696815624833107,0.47848808765411377,160,25
0.0012068748474121094,positive,10.0,10.0,-0.07217998057603836,0.3567792773246765,0.08226017653942108,-0.3233533501625061,160,28
0.0012862682342529297,positive,10.0,10.0,-0.06183263286948204,0.3545459806919098,0.07567501813173294,-0.2737441658973694,160,30
0.001329660415649414,positive,10.0,10.0,-0.054741714149713516,0.5485112071037292,0.0702001303434372,-0.5416320562362671,160,31
0.0013735294342041016,positive,10.0,10.0,-0.04377149045467377,0.35247641801834106,0.05936749279499054,-0.22768227756023407,160,32
0.0014569759368896484,positive,10.0,10.0,-0.03359078988432884,-0.03930458799004555,0.05647625774145126,0.3925812542438507,160,34
0.0015790462493896484,positive,10.0,10.0,-0.032097626477479935,0.15310777723789215,0.07530219107866287,0.15955416858196259,160,37
0.0016238689422607422,positive,10.0,10.0,-0.029035469517111778,0.3470754027366638,0.07849327474832535,-0.10845481604337692,160,38
0.0016672611236572266,positive,10.0,10.0,-0.022093962877988815,0.5409899353981018,0.07632417976856232,-0.3753776550292969,160,39
0.001748800277709961,positive,10.0,10.0,-0.004376732744276524,0.14883382618427277,0.06762384623289108,0.253937691450119,160,41
0.0017917156219482422,positive,10.0,10.0,-0.0014000562950968742,-0.047185249626636505,0.07270260155200958,0.5671605467796326,160,42
0.0018358230590820312,positive,10.0,10.0,-0.002343761269003153,0.14684559404850006,0.08404581248760223,0.2982388436794281,160,43
0.0020439624786376953,positive,10.0,10.0,0.043294791132211685,0.7258449196815491,0.07274781167507172,-0.44171375036239624,160,48
0.002126455307006836,positive,10.0,10.0,0.06840714812278748,0.3337963819503784,0.06137324497103691,0.18512770533561707,160,50
0.0022482872009277344,positive,10.0,10.0,0.08448011428117752,0.5259736180305481,0.0795070007443428,-0.04307462275028229,160,53
0.0022923946380615234,positive,10.0,10.0,0.09499958157539368,0.7198707461357117,0.07864551246166229,-0.30965113639831543,160,54
0.002378702163696289,positive,10.0,10.0,0.11987143009901047,0.71773362159729,0.07258771359920502,-0.26221099495887756,160,56
0.002422809600830078,positive,10.0,10.0,0.13422609865665436,0.9117484092712402,0.06734349578619003,-0.5311447978019714,160,57
0.0026235580444335938,positive,10.0,10.0,0.19402071833610535,0.3223876655101776,0.06472688913345337,0.437258243560791,160,62
0.0027081966400146484,positive,10.0,10.0,0.2107992023229599,0.7105340957641602,0.07678528130054474,-0.10296868532896042,160,64
0.002752542495727539,positive,10.0,10.0,0.22500988841056824,0.9044764041900635,0.07472590357065201,-0.37047234177589417,160,65
0.002837657928466797,positive,10.0,10.0,0.25726693868637085,0.5123574137687683,0.06621256470680237,0.2579444646835327,160,67
0.0030014514923095703,positive,10.0,10.0,0.29813453555107117,0.8980019092559814,0.0895325094461441,-0.2274780571460724,160,71
0.003048419952392578,positive,10.0,10.0,0.3160945773124695,1.0917378664016724,0.08498294651508331,-0.4906306266784668,160,72
0.0030944347381591797,positive,10.0,10.0,0.3379293382167816,1.285564661026001,0.07517033815383911,-0.7553666234016418,160,73
0.0031392574310302734,positive,10.0,10.0,0.3636406362056732,1.0894914865493774,0.06006300449371338,-0.4400080740451813,160,74
0.0031833648681640625,positive,10.0,10.0,0.3854304552078247,0.8935731649398804,0.05126284062862396,-0.12901267409324646,160,75
0.0032269954681396484,positive,10.0,10.0,0.4033019244670868,0.697755753993988,0.04868258908390999,0.1793922483921051,160,76
0.003351926803588867,positive,10.0,10.0,0.4412228763103485,0.5003679394721985,0.06623626500368118,0.5228464007377625,160,79
0.0034356117248535156,positive,10.0,10.0,0.46512019634246826,0.8884459137916565,0.08172816783189774,-0.015792014077305794,160,81
0.0035202503204345703,positive,10.0,10.0,0.5045352578163147,1.2761784791946411,0.07578011602163315,-0.5475468635559082,160,83
0.003641366958618164,positive,10.0,10.0,0.5693421959877014,0.6881619691848755,0.061798010021448135,0.3914734721183777,160,86
0.003727436065673828,positive,10.0,10.0,0.6007525324821472,0.6863080263137817,0.07200542092323303,0.43270885944366455,160,88
0.003809690475463867,positive,10.0,10.0,0.6320855617523193,1.0742207765579224,0.08393090963363647,-0.10262096673250198,160,90
0.004086017608642578,positive,10.0,10.0,0.7859114408493042,1.261839509010315,0.07403133809566498,-0.23009993135929108,160,97
0.004171609878540039,positive,10.0,10.0,0.8402648568153381,1.6499077081680298,0.05945848301053047,-0.7685626149177551,160,99
0.0042150020599365234,positive,10.0,10.0,0.8732630014419556,1.4540199041366577,0.044087231159210205,-0.4577796757221222,160,100
0.00429844856262207,positive,10.0,10.0,0.9353132247924805,1.8431142568588257,0.02020670473575592,-1.017734408378601,160,102
0.004341840744018555,positive,10.0,10.0,0.9721755385398865,1.6477288007736206,-0.0001479824131820351,-0.718775749206543,160,103
0.0043871402740478516,positive,10.0,10.0,1.0051300525665283,1.8428528308868408,-0.014523496851325035,-1.0115052461624146,160,104
0.004474639892578125,positive,10.0,10.0,1.0749456882476807,1.4533032178878784,-0.049221962690353394,-0.44187313318252563,160,106
0.004519224166870117,positive,10.0,10.0,1.1040117740631104,1.2589110136032104,-0.05805942788720131,-0.16510353982448578,160,107
0.0045626163482666016,positive,10.0,10.0,1.1291899681091309,1.0646661520004272,-0.06136149540543556,0.10871291160583496,160,108
0.004606485366821289,positive,10.0,10.0,1.1504833698272705,0.8704748153686523,-0.05918723717331886,0.38142287731170654,160,109
0.004732847213745117,positive,10.0,10.0,1.2144646644592285,1.067835807800293,-0.05490140989422798,0.038640864193439484,160,112
0.004818916320800781,positive,10.0,10.0,1.253292202949524,1.0693919658660889,-0.04785841330885887,0.004258844535797834,160,114
0.004863739013671875,positive,10.0,10.0,1.2746800184249878,0.8749878406524658,-0.04777323827147484,0.2814660668373108,160,115
0.005072116851806641,positive,10.0,10.0,1.3544901609420776,0.6821746230125427,-0.010491197928786278,0.5229253768920898,160,120
0.00519561767578125,positive,10.0,10.0,1.3993289470672607,0.8773794174194336,0.014898965135216713,0.22836820781230927,160,123
0.005239248275756836,positive,10.0,10.0,1.4168765544891357,0.6820477247238159,0.019466329365968704,0.525713324546814,160,124
0.005321979522705078,positive,10.0,10.0,1.448055386543274,0.6813532710075378,0.03476514294743538,0.5412142276763916,160,126
0.005406618118286133,positive,10.0,10.0,1.4792017936706543,0.6802276968955994,0.050783123821020126,0.5663915276527405,160,128
0.005606651306152344,positive,10.0,10.0,1.570466160774231,1.2608187198638916,0.07609803974628448,-0.20756690204143524,160,133
0.005650758743286133,positive,10.0,10.0,1.5956826210021973,1.4547747373580933,0.07194670289754868,-0.4753076434135437,160,134
0.0058135986328125,positive,10.0,10.0,1.7119544744491577,1.0614665746688843,0.036384217441082,0.17916758358478546,160,138
0.005903005599975586,positive,10.0,10.0,1.7505006790161133,1.0603790283203125,0.04962962493300438,0.2032795548439026,160,140
0.005947589874267578,positive,10.0,10.0,1.7717082500457764,1.2547574043273926,0.05369521677494049,-0.07334385067224503,160,141
0.00599217414855957,positive,10.0,10.0,1.79680335521698,1.4490700960159302,0.05222833901643753,-0.34861400723457336,160,142
0.006039857864379883,positive,10.0,10.0,1.8257848024368286,1.6434118747711182,0.04525605961680412,-0.6243809461593628,160,143
0.0062830448150634766,negative,10.0,-10.0,2.0345914363861084,1.6426600217819214,-0.044741660356521606,-0.6074216365814209,160,149
0.006369590759277344,negative,10.0,-10.0,2.0964083671569824,1.6440749168395996,-0.06347329169511795,-0.6392269730567932,160,151
0.006492137908935547,negative,10.0,-10.0,2.2068119049072266,2.2322838306427,-0.12061868607997894,-1.5877761840820312,160,154
0.006577014923095703,negative,10.0,-10.0,2.292233467102051,2.235462188720703,-0.17907443642616272,-1.6712350845336914,160,156
0.0001506805419921875,positive,10.0,10.0,0.04994647204875946,0.023808622732758522,-0.01928217150270939,-0.000617222161963582,161,0
0.00047206878662109375,positive,10.0,10.0,0.03676820173859596,-0.17024868726730347,0.002957297721877694,0.2685795724391937,161,5
0.0006525516510009766,positive,10.0,10.0,0.022646799683570862,-0.3658043146133423,0.0250156931579113,0.5709378719329834,161,8
0.0007066726684570312,positive,10.0,10.0,0.015330714173614979,-0.17104193568229675,0.03643445298075676,0.2862395644187927,161,9
0.0007598400115966797,positive,10.0,10.0,0.011909875087440014,0.023541972041130066,0.04215924069285393,0.005266763735562563,161,10
0.0010037422180175781,positive,10.0,10.0,0.005915362387895584,0.02094401605427265,0.05591058358550072,0.06266766041517258,161,14
0.001107931137084961,positive,10.0,10.0,0.0028355801478028297,0.019332120195031166,0.06461300700902939,0.09832856059074402,161,16
0.0012116432189941406,positive,10.0,10.0,0.007491650525480509,0.017462842166423798,0.06311377882957458,0.13963167369365692,161,18
0.001257181167602539,positive,10.0,10.0,0.007840907201170921,-0.17850361764431,0.06590641289949417,0.45153921842575073,161,19
0.0013616085052490234,positive,10.0,10.0,0.00458338251337409,0.20960144698619843,0.07854394614696503,-0.08779620379209518,161,21
0.001466512680053711,positive,10.0,10.0,0.009044344536960125,0.20739206671714783,0.08135996758937836,-0.03891029581427574,161,23
0.0015099048614501953,positive,10.0,10.0,0.013192186132073402,0.40125876665115356,0.08058176189661026,-0.30485495924949646,161,24
0.0015537738800048828,positive,10.0,10.0,0.021217361092567444,0.20508645474910736,0.07448466122150421,0.012114058248698711,161,25
0.0017080307006835938,positive,10.0,10.0,0.04516131058335304,0.3970165550708771,0.05911598727107048,-0.21059980988502502,161,28
0.0018138885498046875,positive,10.0,10.0,0.05712366849184036,0.3953952193260193,0.05690658465027809,-0.174738347530365,161,30
0.0018608570098876953,positive,10.0,10.0,0.06503157317638397,0.1995069533586502,0.053411815315485,0.1353399008512497,161,31
0.0019059181213378906,positive,10.0,10.0,0.06902170926332474,0.0036622495390474796,0.056118614971637726,0.4443836212158203,161,32
0.0020072460174560547,positive,10.0,10.0,0.07305389642715454,0.0019578824285417795,0.06840439140796661,0.4823666214942932,161,34
0.002234220504760742,positive,10.0,10.0,0.09649012237787247,0.3876481354236603,0.074776291847229,-0.0035582634154707193,161,38
0.002279520034790039,positive,10.0,10.0,0.10424308478832245,0.5816224217414856,0.07470512390136719,-0.27174293994903564,161,39
0.0026051998138427734,positive,10.0,10.0,0.18547116219997406,0.1870371550321579,0.03057902120053768,0.4103434979915619,161,45
0.002760648727416992,positive,10.0,10.0,0.20056729018688202,0.38057008385658264,0.0499773770570755,0.15274718403816223,161,48
0.003429412841796875,positive,10.0,10.0,0.31386440992355347,0.7557817101478577,0.08356039971113205,-0.10162047296762466,161,60
0.003474712371826172,positive,10.0,10.0,0.328980028629303,0.9496129155158997,0.08152798563241959,-0.36681461334228516,161,61
0.003519296646118164,positive,10.0,10.0,0.3479723036289215,0.7534327507019043,0.07419169694185257,-0.0495791956782341,161,62
0.0036199092864990234,positive,10.0,10.0,0.3819893002510071,0.7513327598571777,0.06684086471796036,-0.0031223823316395283,161,64
0.003779172897338867,positive,10.0,10.0,0.4231109023094177,0.9434328675270081,0.07375558465719223,-0.22981487214565277,161,67
0.0038242340087890625,positive,10.0,10.0,0.4419795572757721,1.137427568435669,0.06915929168462753,-0.4983513653278351,161,68
0.003979921340942383,positive,10.0,10.0,0.4984658658504486,0.5496141910552979,0.05801933631300926,0.435715913772583,161,71
0.004023551940917969,positive,10.0,10.0,0.5094581246376038,0.743868887424469,0.06673365086317062,0.16187231242656708,161,72
0.004126071929931641,positive,10.0,10.0,0.5352926850318909,0.7419258952140808,0.07946788519620895,0.2050045281648636,161,74
0.004170656204223633,positive,10.0,10.0,0.5501312017440796,0.9358267784118652,0.08356796950101852,-0.06158995255827904,161,75
0.004271268844604492,positive,10.0,10.0,0.5914409160614014,0.9334655404090881,0.07580056041479111,-0.009310515597462654,161,77
0.004426717758178711,positive,10.0,10.0,0.6590864658355713,1.51546049118042,0.05917027220129967,-0.8148642182350159,161,80
0.004471540451049805,positive,10.0,10.0,0.6893956661224365,1.7097244262695312,0.042872991412878036,-1.0883642435073853,161,81
0.004737138748168945,positive,10.0,10.0,0.8525038361549377,1.5143402814865112,-0.0528331995010376,-0.7891030311584473,161,86
0.0048389434814453125,positive,10.0,10.0,0.9169935584068298,1.5159916877746582,-0.09057382494211197,-0.8275383710861206,161,88
0.005004405975341797,negative,10.0,-10.0,1.0041310787200928,1.3253329992294312,-0.13619938492774963,-0.6358436942100525,161,91
0.005163669586181641,negative,10.0,-10.0,1.0720770359039307,0.7470463514328003,-0.15962934494018555,0.09274791926145554,161,94
0.005436420440673828,negative,10.0,-10.0,1.1316386461257935,0.17338299751281738,-0.13707852363586426,0.7190931439399719,161,99
0.005761623382568359,positive,10.0,10.0,1.110015630722046,-0.599767804145813,0.002410649787634611,1.7208346128463745,161,105
0.0060312747955322266,negative,10.0,-10.0,1.0655609369277954,-0.40868493914604187,0.15331532061100006,1.5316519737243652,161,110
0.0001728534698486328,positive,10.0,10.0,-0.02515067718923092,0.02015245333313942,0.005100080743432045,0.03235867992043495,162,0
0.00023889541625976562,positive,10.0,10.0,-0.024747628718614578,-0.1750422567129135,0.005747254006564617,0.3266463577747345,162,1
0.0004837512969970703,positive,10.0,10.0,-0.030961772426962852,-0.17576192319393158,0.020517215132713318,0.34257176518440247,162,5
0.0005321502685546875,positive,10.0,10.0,-0.03447701036930084,0.019062211737036705,0.02736864984035492,0.05642871931195259,162,6
0.0006415843963623047,positive,10.0,10.0,-0.03762459382414818,0.01826421730220318,0.0356496125459671,0.07405690103769302,162,8
0.0006909370422363281,positive,10.0,10.0,-0.0372593067586422,-0.17735019326210022,0.037130750715732574,0.3777708411216736,162,9
0.0008671283721923828,positive,10.0,10.0,-0.044031959027051926,0.0159230325371027,0.05469587445259094,0.12583661079406738,162,12
0.0009143352508544922,positive,10.0,10.0,-0.04371349886059761,0.21022048592567444,0.05721260607242584,-0.1491011530160904,162,13
0.0009584426879882812,positive,10.0,10.0,-0.03950909152626991,0.01432791631668806,0.05423058196902275,0.16106826066970825,162,14
0.00106048583984375,positive,10.0,10.0,-0.04285306856036186,0.012738564983010292,0.06685903668403625,0.19631873071193695,162,16
0.0012161731719970703,positive,10.0,10.0,-0.04604806751012802,0.20466168224811554,0.0857669860124588,-0.026325898244976997,162,19
0.001262664794921875,positive,10.0,10.0,-0.04195483401417732,0.3984556496143341,0.08524046838283539,-0.2907637357711792,162,20
0.0013074874877929688,positive,10.0,10.0,-0.033985722810029984,0.20222821831703186,0.07942519336938858,0.02753905951976776,162,21
0.0013515949249267578,positive,10.0,10.0,-0.02994115836918354,0.3961266279220581,0.07997597008943558,-0.23906518518924713,162,22
0.001397848129272461,positive,10.0,10.0,-0.02201862633228302,0.5900204181671143,0.07519466429948807,-0.5054883360862732,162,23
0.0014989376068115234,positive,10.0,10.0,0.005461914464831352,0.58805251121521,0.049613721668720245,-0.46112874150276184,162,25
0.0016014575958251953,positive,10.0,10.0,0.02506827935576439,0.196589395403862,0.03732655569911003,0.15191738307476044,162,27
0.0017580986022949219,positive,10.0,10.0,0.03292877599596977,-0.00031185252009890974,0.05301661416888237,0.4843219518661499,162,30
0.0018782615661621094,positive,10.0,10.0,0.03680300712585449,-0.0019365004263818264,0.06687922030687332,0.5205930471420288,162,32
0.0019237995147705078,positive,10.0,10.0,0.03676427900791168,0.19218339025974274,0.0772910788655281,0.2497119903564453,162,33
0.0019676685333251953,positive,10.0,10.0,0.04060794413089752,0.38612139225006104,0.0822853222489357,-0.01762552745640278,162,34
0.002011537551879883,positive,10.0,10.0,0.04833037406206131,0.5799727439880371,0.08193281292915344,-0.28325414657592773,162,35
0.0021390914916992188,positive,10.0,10.0,0.07540655881166458,0.5777305364608765,0.06528747081756592,-0.2333081215620041,162,37
0.0024657249450683594,positive,10.0,10.0,0.11714986711740494,0.5718389749526978,0.08426894247531891,-0.10319115221500397,162,43
0.0026230812072753906,positive,10.0,10.0,0.15528921782970428,0.7634440064430237,0.07382798194885254,-0.31887635588645935,162,46
0.00284576416015625,positive,10.0,10.0,0.20064042508602142,0.7594260573387146,0.07433237135410309,-0.22997082769870758,162,50
0.0028905868530273438,positive,10.0,10.0,0.21582894027233124,0.9534114599227905,0.06973295658826828,-0.4983118176460266,162,51
0.0029947757720947266,positive,10.0,10.0,0.2500447630882263,0.9515973329544067,0.056076858192682266,-0.4577392339706421,162,53
0.0030393600463867188,positive,10.0,10.0,0.26907670497894287,0.7557293176651001,0.046922072768211365,-0.14792108535766602,162,54
0.0030832290649414062,positive,10.0,10.0,0.2841912806034088,0.5599679350852966,0.04396365210413933,0.15918780863285065,162,55
0.0031280517578125,positive,10.0,10.0,0.29539063572883606,0.3642450273036957,0.04714740812778473,0.46540963649749756,162,56
0.003173351287841797,positive,10.0,10.0,0.3026755452156067,0.558670163154602,0.05645560100674629,0.1879521906375885,162,57
0.0036628246307373047,positive,10.0,10.0,0.4259110391139984,1.133933186531067,0.07142920792102814,-0.46892499923706055,162,66
0.003930807113647461,positive,10.0,10.0,0.5079101324081421,0.934234619140625,0.07535529881715775,-0.07412783801555634,162,71
0.004031658172607422,positive,10.0,10.0,0.5491588115692139,0.9321089386940002,0.0670304074883461,-0.02708355151116848,162,73
0.004132986068725586,positive,10.0,10.0,0.5825228095054626,0.9302067756652832,0.07220818102359772,0.014978259801864624,162,75
0.0042896270751953125,positive,10.0,10.0,0.6499761939048767,1.512350082397461,0.05696547031402588,-0.7937343120574951,162,78
0.004334211349487305,positive,10.0,10.0,0.6802232265472412,1.7066457271575928,0.04109078273177147,-1.067966341972351,162,79
0.004378080368041992,positive,10.0,10.0,0.7143561244010925,1.51100492477417,0.01973145641386509,-0.7626756429672241,162,80
0.004477739334106445,positive,10.0,10.0,0.7786931991577148,1.5106686353683472,-0.01650375872850418,-0.7549999356269836,162,82
0.00463557243347168,positive,10.0,10.0,0.873253345489502,1.707130789756775,-0.06806501001119614,-1.0790088176727295,162,85
0.004681587219238281,positive,10.0,10.0,0.9073959589004517,1.5129704475402832,-0.08964518457651138,-0.8084383606910706,162,86
0.004958629608154297,negative,10.0,-10.0,1.051193118095398,0.9370653629302979,-0.16572706401348114,-0.1381104439496994,162,91
0.005004405975341797,negative,10.0,-10.0,1.069934368133545,0.7446569800376892,-0.1684892624616623,0.09804673492908478,162,92
0.005051136016845703,negative,10.0,-10.0,1.0848275423049927,0.5523001551628113,-0.16652832925319672,0.3331942856311798,162,93
0.005208492279052734,negative,10.0,-10.0,1.121997356414795,0.3643241822719574,-0.15537989139556885,0.4695018529891968,162,96
0.005481719970703125,positive,10.0,10.0,1.1198549270629883,-0.21166382730007172,-0.059580881148576736,1.1376988887786865,162,101
0.00552821159362793,positive,10.0,10.0,1.1156216859817505,-0.4059581160545349,-0.03682690113782883,1.4111168384552002,162,102
0.005573272705078125,positive,10.0,10.0,1.1075025796890259,-0.21039940416812897,-0.008604565635323524,1.1071529388427734,162,103
0.0056171417236328125,positive,10.0,10.0,1.1032944917678833,-0.405407190322876,0.013538493774831295,1.397124171257019,162,104
0.005719184875488281,positive,10.0,10.0,1.0831724405288696,-0.40607553720474243,0.07536115497350693,1.4145230054855347,162,106
0.006002902984619141,negative,10.0,-10.0,1.0812963247299194,0.5602914690971375,0.16495521366596222,0.15419036149978638,162,111
0.006047487258911133,negative,10.0,-10.0,1.0925021171569824,0.7527145147323608,0.16803902387619019,-0.08224906772375107,162,112
0.006093025207519531,negative,10.0,-10.0,1.1075564622879028,0.9450790286064148,0.16639403998851776,-0.31756025552749634,162,113
0.006308555603027344,negative,10.0,-10.0,1.1828900575637817,0.9360957741737366,0.14711056649684906,-0.11610097438097,162,117
0.006688594818115234,positive,10.0,10.0,1.3559825420379639,1.507761836051941,0.08569557964801788,-0.6937749981880188,162,124
0.006790637969970703,positive,10.0,10.0,1.420169711112976,1.5055867433547974,0.05265413224697113,-0.6439428329467773,162,126
0.0068356990814208984,positive,10.0,10.0,1.4502813816070557,1.30977201461792,0.03977527469396591,-0.3351546823978424,162,127
0.0068798065185546875,positive,10.0,10.0,1.4764769077301025,1.1141072511672974,0.033072181046009064,-0.030198780819773674,162,128
0.006924152374267578,positive,10.0,10.0,1.4987590312957764,0.9185270071029663,0.03246820718050003,0.27273258566856384,162,129
0.007025003433227539,positive,10.0,10.0,1.5315886735916138,0.9175275564193726,0.04943239316344261,0.294977605342865,162,131
0.007180213928222656,positive,10.0,10.0,1.5904983282089233,1.1103278398513794,0.06225565820932388,0.053288865834474564,162,134
0.007280588150024414,positive,10.0,10.0,1.6309922933578491,1.1085386276245117,0.07062035799026489,0.09288238734006882,162,136
0.00732421875,positive,10.0,10.0,1.6531630754470825,0.9124792218208313,0.07247800379991531,0.40698352456092834,162,137
0.007368803024291992,positive,10.0,10.0,1.6714125871658325,1.106502652168274,0.08061767369508743,0.13800238072872162,162,138
0.007411956787109375,positive,10.0,10.0,1.693542718887329,1.3003828525543213,0.08337771892547607,-0.1281975656747818,162,139
0.007454395294189453,positive,10.0,10.0,1.719550371170044,1.4942176342010498,0.08081377297639847,-0.3934548795223236,162,140
0.0074994564056396484,positive,10.0,10.0,1.7494347095489502,1.298047423362732,0.07294467091560364,-0.07642659544944763,162,141
0.0076558589935302734,positive,10.0,10.0,1.838958501815796,1.8802531957626343,0.052220117300748825,-0.8862552642822266,162,144
0.00770115852355957,positive,10.0,10.0,1.876563549041748,1.6844627857208252,0.03449501469731331,-0.5776241421699524,162,145
0.007806539535522461,negative,10.0,-10.0,1.9478344917297363,1.6836578845977783,0.00575765548273921,-0.5594362020492554,162,147
0.007907629013061523,negative,10.0,-10.0,2.0190815925598145,2.0738940238952637,-0.022437062114477158,-1.1446853876113892,162,149
0.007952690124511719,negative,10.0,-10.0,2.0605595111846924,1.8790723085403442,-0.04533077031373978,-0.8591222167015076,162,150
0.008110284805297852,negative,10.0,-10.0,2.1694436073303223,2.076580762863159,-0.0919884741306305,-1.2077677249908447,162,153
0.008211851119995117,negative,10.0,-10.0,2.2486302852630615,2.079238176345825,-0.1350492686033249,-1.2720736265182495,162,155
0.008315086364746094,negative,10.0,-10.0,2.335731029510498,2.082900047302246,-0.19256705045700073,-1.3651660680770874,162,157
0.00020933151245117188,positive,10.0,10.0,0.04516486078500748,0.004358511418104172,0.040116868913173676,-0.04377647489309311,163,0
0.0002799034118652344,positive,10.0,10.0,0.04525202885270119,-0.19131505489349365,0.03924134001135826,0.26128891110420227,163,1
0.0003333091735839844,positive,10.0,10.0,0.04142573103308678,-0.3869745433330536,0.04446711763739586,0.5660862326622009,163,2
0.0003826618194580078,positive,10.0,10.0,0.03368623927235603,-0.19250370562076569,0.05578884109854698,0.28773733973503113,163,3
0.0005142688751220703,positive,10.0,10.0,0.02987176552414894,-0.19416798651218414,0.061806757003068924,0.3246065080165863,163,5
0.0005674362182617188,positive,10.0,10.0,0.02598840557038784,-0.3901130259037018,0.06829888373613358,0.636122465133667,163,6
0.0006196498870849609,positive,10.0,10.0,0.018186146393418312,-0.19600676000118256,0.08102133870124817,0.3657061457633972,163,7
0.0008080005645751953,positive,10.0,10.0,0.018056092783808708,0.38534870743751526,0.08704950660467148,-0.4268037676811218,163,10
0.0008592605590820312,positive,10.0,10.0,0.025763066485524178,0.18910862505435944,0.07851342856884003,-0.10799796879291534,163,11
0.0009057521820068359,positive,10.0,10.0,0.029545238241553307,0.38302281498908997,0.07635347545146942,-0.37491393089294434,163,12
0.0009529590606689453,positive,10.0,10.0,0.03720569610595703,0.18690404295921326,0.06885519623756409,-0.05916677042841911,163,13
0.0009982585906982422,positive,10.0,10.0,0.040943775326013565,-0.009134141728281975,0.06767185777425766,0.2544211447238922,163,14
0.0010423660278320312,positive,10.0,10.0,0.04076109454035759,-0.20515379309654236,0.07276028394699097,0.5676579475402832,163,15
0.0010852813720703125,positive,10.0,10.0,0.036658018827438354,-0.01112382672727108,0.08411344140768051,0.2987557351589203,163,16
0.0011315345764160156,positive,10.0,10.0,0.03643554076552391,0.18270470201969147,0.09008855372667313,0.0337410494685173,163,17
0.0012331008911132812,positive,10.0,10.0,0.04761817678809166,0.5701426267623901,0.08617909997701645,-0.4919433295726776,163,19
0.0012900829315185547,positive,10.0,10.0,0.05902102589607239,0.37391752004623413,0.07634023576974869,-0.17339272797107697,163,20
0.0013344287872314453,positive,10.0,10.0,0.06649937480688095,0.5678685903549194,0.07287237793207169,-0.4410497546195984,163,21
0.0013782978057861328,positive,10.0,10.0,0.07785674929618835,0.371795117855072,0.06405138224363327,-0.12631459534168243,163,22
0.0015354156494140625,positive,10.0,10.0,0.08840640634298325,0.17401529848575592,0.07518861442804337,0.22587865591049194,163,25
0.0015788078308105469,positive,10.0,10.0,0.09188671410083771,0.36798664927482605,0.07970618456602097,-0.04217168688774109,163,26
0.0017383098602294922,positive,10.0,10.0,0.11779863387346268,0.5597369074821472,0.07284504175186157,-0.2610975205898285,163,29
0.0017845630645751953,positive,10.0,10.0,0.12899336218833923,0.7537475228309631,0.0676230862736702,-0.529944121837616,163,30
0.001888275146484375,positive,10.0,10.0,0.15522317588329315,0.36185386776924133,0.05268935114145279,0.09336885064840317,163,32
0.0019335746765136719,positive,10.0,10.0,0.16246025264263153,0.16601787507534027,0.05455672740936279,0.4021987020969391,163,33
0.002035379409790039,positive,10.0,10.0,0.17298711836338043,0.1643649935722351,0.06514476239681244,0.4389601945877075,163,35
0.0020797252655029297,positive,10.0,10.0,0.17627441883087158,0.358507364988327,0.07392396777868271,0.16750340163707733,163,36
0.0021238327026367188,positive,10.0,10.0,0.1834445595741272,0.5524975657463074,0.07727403193712234,-0.10097336024045944,163,37
0.002507925033569336,positive,10.0,10.0,0.24865151941776276,0.7399014830589294,0.09037396311759949,-0.2240772694349289,163,44
0.0026662349700927734,positive,10.0,10.0,0.29687005281448364,0.9313551187515259,0.0727841928601265,-0.43619105219841003,163,47
0.002712726593017578,positive,10.0,10.0,0.31549715995788574,0.7352824211120605,0.06406036764383316,-0.12148097902536392,163,48
0.0027587413787841797,positive,10.0,10.0,0.33020278811454773,0.5393038988113403,0.06163075193762779,0.19070462882518768,163,49
0.002803325653076172,positive,10.0,10.0,0.3409888744354248,0.7334924936294556,0.06544484198093414,-0.08191727846860886,163,50
0.0029044151306152344,positive,10.0,10.0,0.36640864610671997,0.34152349829673767,0.06841998547315598,0.5427821278572083,163,52
0.002949237823486328,positive,10.0,10.0,0.373239129781723,0.5356205105781555,0.07927563041448593,0.2724175751209259,163,53
0.0031630992889404297,positive,10.0,10.0,0.439351886510849,0.9210056066513062,0.0691821426153183,-0.20712192356586456,163,57
0.0035054683685302734,positive,10.0,10.0,0.5378727316856384,0.9148465991020203,0.0683915764093399,-0.07090294361114502,163,63
0.003552675247192383,positive,10.0,10.0,0.5561696290969849,0.7188141942024231,0.06697352230548859,0.24254970252513885,163,64
0.0035970211029052734,positive,10.0,10.0,0.5705459117889404,0.5228027105331421,0.07182451337575912,0.5555832982063293,163,65
0.0036420822143554688,positive,10.0,10.0,0.5810019969940186,0.7168466448783875,0.08293618261814117,0.28636613488197327,163,66
0.0036864280700683594,positive,10.0,10.0,0.5953389406204224,0.910693883895874,0.0886635035276413,0.02094998210668564,163,67
0.003902435302734375,positive,10.0,10.0,0.6836448907852173,1.295969843864441,0.07036039978265762,-0.4562205672264099,163,71
0.00417017936706543,positive,10.0,10.0,0.8364863991737366,1.4879882335662842,-0.006609312258660793,-0.6791746020317078,163,76
0.004622936248779297,negative,10.0,-10.0,1.1138819456100464,1.885514736175537,-0.18089862167835236,-1.445283055305481,163,84
0.00022554397583007812,positive,10.0,10.0,0.01663188263773918,0.004952796269208193,0.01928066276013851,0.03356258198618889,164,0
0.00037169456481933594,positive,10.0,10.0,0.012922133319079876,0.00439209770411253,0.02659723162651062,0.045940957963466644,164,2
0.0006089210510253906,positive,10.0,10.0,0.00542074628174305,0.002617179648950696,0.04304157570004463,0.08515477925539017,164,6
0.0007274150848388672,positive,10.0,10.0,0.0016112006269395351,0.0013648390304297209,0.052566684782505035,0.11285421252250671,164,8
0.0009036064147949219,positive,10.0,10.0,-0.0022541966754943132,-0.19613340497016907,0.06619149446487427,0.4586884677410126,164,11
0.0010061264038085938,positive,10.0,10.0,-0.006216995418071747,0.19196078181266785,0.07911690324544907,-0.08040673285722733,164,13
0.0010509490966796875,positive,10.0,10.0,-0.002377779921516776,0.3858646750450134,0.07750876992940903,-0.3471166491508484,164,14
0.0010943412780761719,positive,10.0,10.0,0.005339513532817364,0.18973073363304138,0.07056643813848495,-0.031034233048558235,164,15
0.0011372566223144531,positive,10.0,10.0,0.00913412868976593,-0.0063285017386078835,0.06994575262069702,0.2830520272254944,164,16
0.0012364387512207031,positive,10.0,10.0,0.00496006291359663,-0.008387737907469273,0.08754578977823257,0.3290075957775116,164,18
0.0013933181762695312,positive,10.0,10.0,0.01608084887266159,0.572677731513977,0.09150127321481705,-0.45751866698265076,164,21
0.0015478134155273438,positive,10.0,10.0,0.04646701738238335,0.37408584356307983,0.07154057174921036,-0.0863829031586647,164,24
0.0015916824340820312,positive,10.0,10.0,0.05394873395562172,0.5681132674217224,0.06981291621923447,-0.35566461086273193,164,25
0.0016922950744628906,positive,10.0,10.0,0.07275243103504181,0.17610935866832733,0.06186341494321823,0.26997730135917664,164,27
0.0018482208251953125,positive,10.0,10.0,0.07936345040798187,0.3681943714618683,0.08510830253362656,0.04395792633295059,164,30
0.0018928050994873047,positive,10.0,10.0,0.0867273360490799,0.5619993209838867,0.08598746359348297,-0.22070562839508057,164,31
0.0021042823791503906,positive,10.0,10.0,0.13934850692749023,0.557623028755188,0.059774938970804214,-0.12353918701410294,164,35
0.0022063255310058594,positive,10.0,10.0,0.1577349305152893,0.1658048927783966,0.06105189397931099,0.497582346200943,164,37
0.0023076534271240234,positive,10.0,10.0,0.16825133562088013,0.16395415365695953,0.07549849152565002,0.538955807685852,164,39
0.0024819374084472656,positive,10.0,10.0,0.18972377479076385,0.7454251050949097,0.09183154255151749,-0.25568896532058716,164,42
0.0026502609252929688,positive,10.0,10.0,0.23827265202999115,0.9368466138839722,0.07236966490745544,-0.467004656791687,164,45
0.002695322036743164,positive,10.0,10.0,0.2570095956325531,0.740780770778656,0.06302957236766815,-0.1524176001548767,164,46
0.002741098403930664,positive,10.0,10.0,0.2718251943588257,0.5448155999183655,0.059981219470500946,0.15946489572525024,164,47
0.002785921096801758,positive,10.0,10.0,0.28272151947021484,0.7390298247337341,0.06317051500082016,-0.11370862275362015,164,48
0.0028295516967773438,positive,10.0,10.0,0.2975021004676819,0.5430622696876526,0.06089634448289871,0.19821618497371674,164,49
0.0028753280639648438,positive,10.0,10.0,0.3083633482456207,0.34712454676628113,0.06486067175865173,0.5094704031944275,164,50
0.0029191970825195312,positive,10.0,10.0,0.3153058588504791,0.15115167200565338,0.07505007833242416,0.8218672871589661,164,51
0.0037469863891601562,positive,10.0,10.0,0.5381457805633545,1.2991188764572144,0.09340058267116547,-0.4361410439014435,164,65
0.003961086273193359,positive,10.0,10.0,0.6341253519058228,1.2944061756134033,0.07350251078605652,-0.33106598258018494,164,69
0.004005908966064453,positive,10.0,10.0,0.6600134372711182,1.098319172859192,0.06688118726015091,-0.016139289364218712,164,70
0.004052400588989258,positive,10.0,10.0,0.6819798350334167,0.9023049473762512,0.06655840575695038,0.2968730628490448,164,71
0.004097938537597656,positive,10.0,10.0,0.7000259160995483,0.7063004374504089,0.07249586284160614,0.6097825765609741,164,72
0.004370927810668945,positive,10.0,10.0,0.8094297647476196,1.2852706909179688,0.08032749593257904,-0.12900857627391815,164,77
0.004416942596435547,positive,10.0,10.0,0.8351351618766785,1.4791555404663086,0.07774733006954193,-0.39530718326568604,164,78
0.004576683044433594,positive,10.0,10.0,0.912118136882782,0.8909440040588379,0.0729522705078125,0.5481233596801758,164,81
0.004677534103393555,positive,10.0,10.0,0.9516364336013794,1.2788002490997314,0.08950050920248032,0.014207115396857262,164,83
0.0047223567962646484,positive,10.0,10.0,0.9772124290466309,1.4725322723388672,0.0897846519947052,-0.24894972145557404,164,84
0.0047779083251953125,positive,10.0,10.0,1.0066630840301514,1.6662648916244507,0.08480565249919891,-0.512017011642456,164,85
0.004882097244262695,positive,10.0,10.0,1.0693894624710083,1.6640377044677734,0.07068811357021332,-0.46212050318717957,164,87
0.0049877166748046875,positive,10.0,10.0,1.1320301294326782,1.2720460891723633,0.05848528817296028,0.16339658200740814,164,89
0.005091428756713867,positive,10.0,10.0,1.178993821144104,1.2703357934951782,0.07123205065727234,0.20134367048740387,164,91
0.005136251449584961,positive,10.0,10.0,1.2044004201889038,1.0742712020874023,0.07525891810655594,0.5156192779541016,164,92
0.005292415618896484,positive,10.0,10.0,1.2804921865463257,1.6557743549346924,0.09018382430076599,-0.2797486484050751,164,95
0.00555872917175293,positive,10.0,10.0,1.4770430326461792,1.8459446430206299,0.02074110507965088,-0.4621743857860565,164,100
0.005603313446044922,positive,10.0,10.0,1.513961911201477,1.6505358219146729,0.011497617699205875,-0.16302670538425446,164,101
0.0058705806732177734,positive,10.0,10.0,1.6633771657943726,1.4547165632247925,0.01924015022814274,0.14507538080215454,164,106
0.005972862243652344,positive,10.0,10.0,1.7176580429077148,1.454126238822937,0.031016968190670013,0.15814365446567535,164,108
0.006017923355102539,positive,10.0,10.0,1.746740460395813,1.2585742473602295,0.03417984023690224,0.4604480564594269,164,109
0.006062507629394531,positive,10.0,10.0,1.7719119787216187,1.4531967639923096,0.04338880255818367,0.17873160541057587,164,110
0.006106138229370117,positive,10.0,10.0,1.8009759187698364,1.2574816942214966,0.04696343466639519,0.48478031158447266,164,111
0.006209373474121094,positive,10.0,10.0,1.855163812637329,1.256026029586792,0.06080425903201103,0.5172648429870605,164,113
0.006255388259887695,positive,10.0,10.0,1.880284309387207,1.0601030588150024,0.0711495503783226,0.8284717202186584,164,114
0.006300210952758789,positive,10.0,10.0,1.9014863967895508,1.2541838884353638,0.08771898597478867,0.5589873194694519,164,115
0.006513357162475586,negative,10.0,-10.0,1.9782657623291016,0.8583859801292419,0.17099525034427643,1.2810770273208618,164,119
0.0002956390380859375,positive,10.0,10.0,-0.011429164558649063,-0.1605684608221054,0.0466904416680336,0.31566739082336426,165,1
0.00035071372985839844,positive,10.0,10.0,-0.014640534296631813,0.03385839983820915,0.053003787994384766,0.03806692734360695,165,2
0.0003998279571533203,positive,10.0,10.0,-0.0139633659273386,-0.1619819849729538,0.05376512557268143,0.34699076414108276,165,3
0.0005953311920166016,positive,10.0,10.0,-0.019828327000141144,0.030585452914237976,0.06979835778474808,0.11047454178333282,165,6
0.0007183551788330078,positive,10.0,10.0,-0.022525891661643982,0.028568312525749207,0.08049456775188446,0.15519452095031738,165,8
0.0008981227874755859,positive,10.0,10.0,-0.00917987059801817,0.220103919506073,0.07385291159152985,-0.05903790146112442,165,11
0.0010018348693847656,positive,10.0,10.0,0.00350407836958766,0.21801625192165375,0.06612143665552139,-0.012849685736000538,165,13
0.001046895980834961,positive,10.0,10.0,0.007864403538405895,0.02201141230762005,0.0658644363284111,0.29994064569473267,165,14
0.0012044906616210938,positive,10.0,10.0,0.02083049714565277,0.6041738986968994,0.06762924045324326,-0.5094194412231445,165,17
0.0013098716735839844,positive,10.0,10.0,0.041077326983213425,0.21227310597896576,0.05351656675338745,0.11402121931314468,165,19
0.001413583755493164,positive,10.0,10.0,0.04565132409334183,0.21071571111679077,0.06425891816616058,0.14851242303848267,165,21
0.0014595985412597656,positive,10.0,10.0,0.049865640699863434,0.01473524421453476,0.06722916662693024,0.46075552701950073,165,22
0.0015621185302734375,positive,10.0,10.0,0.054337259382009506,0.40279555320739746,0.08024424314498901,-0.07762434333562851,165,24
0.0017664432525634766,positive,10.0,10.0,0.08233744651079178,0.5945554375648499,0.07126221060752869,-0.2967158555984497,165,27
0.0018239021301269531,positive,10.0,10.0,0.09422855824232101,0.39849376678466797,0.06532789766788483,0.01756356842815876,165,28
0.001985311508178711,positive,10.0,10.0,0.11418094485998154,0.5906423330307007,0.07345865666866302,-0.21017786860466003,165,31
0.002030611038208008,positive,10.0,10.0,0.1259937882423401,0.7846412658691406,0.06925509870052338,-0.4788140654563904,165,32
0.0020754337310791016,positive,10.0,10.0,0.14168661832809448,0.5886134505271912,0.0596788190305233,-0.16513244807720184,165,33
0.0021185874938964844,positive,10.0,10.0,0.15345889329910278,0.3926902413368225,0.05637617036700249,0.14576435089111328,165,34
0.002161741256713867,positive,10.0,10.0,0.16131269931793213,0.19680815935134888,0.05929145589470863,0.4556864798069,165,35
0.0023183822631835938,positive,10.0,10.0,0.1769700050354004,0.38904908299446106,0.08196491748094559,0.2265859842300415,165,38
0.0023789405822753906,positive,10.0,10.0,0.1847509741783142,0.5829098224639893,0.08649663627147675,-0.03915813937783241,165,39
0.002424478530883789,positive,10.0,10.0,0.1964091807603836,0.776691734790802,0.0857134759426117,-0.30334606766700745,165,40
0.0024712085723876953,positive,10.0,10.0,0.21194301545619965,0.580459475517273,0.07964655011892319,0.015090666711330414,165,41
0.002516031265258789,positive,10.0,10.0,0.22355219721794128,0.38429099321365356,0.07994836568832397,0.3318019211292267,165,42
0.002560138702392578,positive,10.0,10.0,0.23123802244663239,0.5781893134117126,0.08658440411090851,0.06536322832107544,165,43
0.002960681915283203,positive,10.0,10.0,0.3389950394630432,0.3755287826061249,0.06582137942314148,0.525066614151001,165,50
0.0031189918518066406,positive,10.0,10.0,0.373171329498291,0.957485556602478,0.08112254738807678,-0.27976858615875244,165,53
0.0031638145446777344,positive,10.0,10.0,0.39232105016708374,0.7613057494163513,0.07552717626094818,0.03735727816820145,165,54
0.0032088756561279297,positive,10.0,10.0,0.40754714608192444,0.9552679657936096,0.0762743204832077,-0.23057270050048828,165,55
0.0034813880920410156,positive,10.0,10.0,0.5106765627861023,0.7556748986244202,0.04596910625696182,0.16161471605300903,165,60
0.0035266876220703125,positive,10.0,10.0,0.5257900953292847,0.5599260330200195,0.049201399087905884,0.4684379994869232,165,61
0.0035703182220458984,positive,10.0,10.0,0.5369886159896851,0.7543196678161621,0.05857016146183014,0.1916598379611969,165,62
0.0038890838623046875,positive,10.0,10.0,0.6389272809028625,0.7483784556388855,0.07031483203172684,0.3231384754180908,165,68
0.00421142578125,positive,10.0,10.0,0.7635263800621033,0.7423114776611328,0.06353185325860977,0.4570339620113373,165,74
0.004477739334106445,positive,10.0,10.0,0.8687676787376404,0.9323161244392395,0.06694084405899048,0.27700096368789673,165,79
0.004521846771240234,positive,10.0,10.0,0.8874139785766602,0.7363061904907227,0.07248085737228394,0.5900232791900635,165,80
0.004659175872802734,positive,10.0,10.0,0.9207469820976257,1.1241693496704102,0.09070180356502533,0.056064851582050323,165,82
0.004840850830078125,positive,10.0,10.0,0.9998195767402649,1.3153345584869385,0.07830864936113358,-0.1500600427389145,165,85
0.005009651184082031,positive,10.0,10.0,1.0825742483139038,1.11713445186615,0.06493441015481949,0.21143095195293427,165,88
0.0056285858154296875,positive,10.0,10.0,1.3932361602783203,2.077653408050537,0.043614573776721954,-0.9209555983543396,165,99
0.005855083465576172,positive,10.0,10.0,1.5593984127044678,1.6866992712020874,-0.028901590034365654,-0.3187355697154999,165,103
0.0060122013092041016,positive,10.0,10.0,1.6489205360412598,1.1028118133544922,-0.03106156922876835,0.5271616578102112,165,106
0.00608062744140625,positive,10.0,10.0,1.6709767580032349,1.2983567714691162,-0.020518336445093155,0.22485513985157013,165,107
0.006127595901489258,positive,10.0,10.0,1.6969438791275024,1.4937658309936523,-0.016021233052015305,-0.07422877848148346,165,108
0.00617218017578125,positive,10.0,10.0,1.7268191576004028,1.2988771200180054,-0.017505809664726257,0.2133566439151764,165,109
0.006216764450073242,positive,10.0,10.0,1.7527967691421509,1.1040098667144775,-0.013238675892353058,0.5004664063453674,165,110
0.006544828414916992,positive,10.0,10.0,1.8891915082931519,1.1035219430923462,0.04071115329861641,0.5114695429801941,165,116
0.006813764572143555,negative,10.0,-10.0,2.007209062576294,0.9044813513755798,0.08326057344675064,0.8927673101425171,165,121
0.00685882568359375,negative,10.0,-10.0,2.025298595428467,0.7083348035812378,0.10111591964960098,1.2104183435440063,165,122
0.00020742416381835938,positive,10.0,10.0,-0.0010095193283632398,0.04759180545806885,-0.04624885693192482,-0.02004324458539486,166,0
0.00028705596923828125,positive,10.0,10.0,-5.768314076703973e-05,-0.14683742821216583,-0.04664972424507141,0.2576964199542999,166,1
0.0003390312194824219,positive,10.0,10.0,-0.002994431648403406,0.04891841486096382,-0.04149579629302025,-0.049327924847602844,166,2
0.0003867149353027344,positive,10.0,10.0,-0.0020160633139312267,-0.14558471739292145,-0.04248235374689102,0.22997935116291046,166,3
0.0007250308990478516,positive,10.0,10.0,-0.024275315925478935,-0.33862927556037903,-0.010076071135699749,0.4766593873500824,166,8
0.0007996559143066406,positive,10.0,10.0,-0.031047901138663292,-0.14336653053760529,-0.0005428831209428608,0.18081781268119812,166,9
0.0008733272552490234,positive,10.0,10.0,-0.03391523286700249,-0.33848071098327637,0.003073472995311022,0.47332942485809326,166,10
0.0009415149688720703,positive,10.0,10.0,-0.04068484529852867,-0.14340229332447052,0.0125400610268116,0.18161678314208984,166,11
0.0009942054748535156,positive,10.0,10.0,-0.04355289041996002,-0.33870142698287964,0.016172397881746292,0.4782291352748871,166,12
0.001100778579711914,positive,10.0,10.0,-0.05320315062999725,-0.3392919898033142,0.029550718143582344,0.49137642979621887,166,14
0.0011458396911621094,positive,10.0,10.0,-0.05998899042606354,-0.1445990800857544,0.039378248155117035,0.2081511914730072,166,15
0.0011899471282958984,positive,10.0,10.0,-0.0628809705376625,-0.3402613401412964,0.04354127123951912,0.5129912495613098,166,16
0.0012903213500976562,positive,10.0,10.0,-0.07260177284479141,-0.3416265547275543,0.058487918227910995,0.5434975028038025,166,18
0.0013337135314941406,positive,10.0,10.0,-0.07943430542945862,-0.14737321436405182,0.06935786455869675,0.26980137825012207,166,19
0.0013775825500488281,positive,10.0,10.0,-0.08238177001476288,-0.343412846326828,0.07475389540195465,0.5835286974906921,166,20
0.0014209747314453125,positive,10.0,10.0,-0.08925002813339233,-0.1494133621454239,0.08642446994781494,0.3152993321418762,166,21
0.0014643669128417969,positive,10.0,10.0,-0.09223829209804535,0.044378023594617844,0.09273045510053635,0.05107435584068298,166,22
0.0015072822570800781,positive,10.0,10.0,-0.0913507342338562,0.23805642127990723,0.0937519446015358,-0.21097135543823242,166,23
0.0016651153564453125,positive,10.0,10.0,-0.07324603945016861,0.4293462038040161,0.07701579481363297,-0.41954925656318665,166,26
0.0018405914306640625,positive,10.0,10.0,-0.05925092101097107,-0.15881992876529694,0.07075060904026031,0.5228170156478882,166,29
0.001886129379272461,positive,10.0,10.0,-0.06242731958627701,0.03523862361907959,0.08120694756507874,0.25324076414108276,166,30
0.0021588802337646484,positive,10.0,10.0,-0.05194968730211258,0.4203522205352783,0.09296297281980515,-0.2207714468240738,166,34
0.002205371856689453,positive,10.0,10.0,-0.04354264214634895,0.6140308976173401,0.08854754269123077,-0.4827432632446289,166,35
0.0022497177124023438,positive,10.0,10.0,-0.031262025237083435,0.4177780747413635,0.07889267802238464,-0.16351838409900665,166,36
0.0022933483123779297,positive,10.0,10.0,-0.022906463593244553,0.6116872429847717,0.0756223052740097,-0.43030697107315063,166,37
0.0023946762084960938,positive,10.0,10.0,-0.002361110644415021,0.21956540644168854,0.06472065299749374,0.19827480614185333,166,39
0.0024390220642089844,positive,10.0,10.0,0.0020301975309848785,0.023580320179462433,0.06868615001440048,0.5106515288352966,166,40
0.0024852752685546875,positive,10.0,10.0,0.0025018039159476757,0.21767087280750275,0.07889918237924576,0.24038004875183105,166,41
0.0025305747985839844,positive,10.0,10.0,0.006855221465229988,0.4115822911262512,0.08370678126811981,-0.026409899815917015,166,42
0.0026345252990722656,positive,10.0,10.0,0.027195071801543236,0.40920689702033997,0.0773475244641304,0.026161035522818565,166,44
0.002753019332885742,positive,10.0,10.0,0.0474419966340065,0.7970675230026245,0.07304774224758148,-0.5082902908325195,166,46
0.0028009414672851562,positive,10.0,10.0,0.06338334828615189,0.6009964942932129,0.06288193166255951,-0.19351114332675934,166,47
0.002847909927368164,positive,10.0,10.0,0.07540328055620193,0.7951652407646179,0.05901171267032623,-0.4657134413719177,166,48
0.0028922557830810547,positive,10.0,10.0,0.09130658209323883,0.5992612242698669,0.04969744384288788,-0.15502962470054626,166,49
0.002936124801635742,positive,10.0,10.0,0.10329180955886841,0.40346425771713257,0.04659685119986534,0.15290828049182892,166,50
0.0029799938201904297,positive,10.0,10.0,0.11136109381914139,0.20770715177059174,0.049655016511678696,0.4599197506904602,166,51
0.003083944320678711,positive,10.0,10.0,0.12355710566043854,0.20618082582950592,0.06251925975084305,0.49394530057907104,166,53
0.0033576488494873047,positive,10.0,10.0,0.17518645524978638,0.3961617946624756,0.06959942728281021,0.3145357370376587,166,58
0.003531932830810547,positive,10.0,10.0,0.21059788763523102,0.9781284928321838,0.07231755554676056,-0.49072733521461487,166,61
0.0036890506744384766,positive,10.0,10.0,0.25752389430999756,0.3901917338371277,0.06169124320149422,0.446260929107666,166,64
0.0037903785705566406,positive,10.0,10.0,0.2770155072212219,0.3883313238620758,0.07408935576677322,0.48774245381355286,166,66
0.0038356781005859375,positive,10.0,10.0,0.28478214144706726,0.5823339819908142,0.08384419977664948,0.2192991077899933,166,67
0.003936767578125,positive,10.0,10.0,0.3119520843029022,0.9699168801307678,0.08731413632631302,-0.30939599871635437,166,69
0.003983020782470703,positive,10.0,10.0,0.3313504159450531,0.7736663818359375,0.08112621307373047,0.009496049955487251,166,70
0.00408482551574707,positive,10.0,10.0,0.36617448925971985,1.1614093780517578,0.07618556916713715,-0.522495448589325,166,72
0.004128932952880859,positive,10.0,10.0,0.38940268754959106,0.9653024077415466,0.06573566049337387,-0.20681139826774597,166,73
0.004172086715698242,positive,10.0,10.0,0.40870872139930725,0.7693050503730774,0.06159943342208862,0.10586202889680862,166,74
0.004274606704711914,positive,10.0,10.0,0.4355619549751282,0.7675207257270813,0.07206318527460098,0.1453908085823059,166,76
0.00437617301940918,positive,10.0,10.0,0.47014319896698,1.1555129289627075,0.0724966898560524,-0.3918357491493225,166,78
0.004423379898071289,positive,10.0,10.0,0.4932534396648407,0.959441065788269,0.0646599754691124,-0.07720509171485901,166,79
0.00482177734375,positive,10.0,10.0,0.6232529878616333,1.1470067501068115,0.06897400319576263,-0.2035709023475647,166,86
0.004868268966674805,positive,10.0,10.0,0.6461931467056274,1.3410779237747192,0.06490258872509003,-0.47372329235076904,166,87
0.005027055740356445,positive,10.0,10.0,0.7383100390434265,1.5339033603668213,0.020122792571783066,-0.7148755788803101,166,90
0.0051288604736328125,positive,10.0,10.0,0.8035629391670227,1.5335416793823242,-0.014197862707078457,-0.7066506147384644,166,92
0.00528407096862793,positive,10.0,10.0,0.899493396282196,1.7298822402954102,-0.0628085657954216,-1.0276331901550293,166,95
0.005329608917236328,positive,10.0,10.0,0.9340910315513611,1.5356500148773193,-0.08336123079061508,-0.755312979221344,166,96
0.005719900131225586,positive,10.0,10.0,1.075576663017273,0.5708693265914917,-0.09169549494981766,0.4737166166305542,166,103
0.005840301513671875,positive,10.0,10.0,1.1023372411727905,0.9633556008338928,-0.07914917916059494,-0.1638481318950653,166,105
0.006055355072021484,positive,10.0,10.0,1.1639407873153687,0.5777638554573059,-0.07196974009275436,0.32031893730163574,166,109
0.006217479705810547,positive,10.0,10.0,1.210369348526001,0.7756996750831604,-0.07158248126506805,-0.03544550761580467,166,112
0.006373882293701172,positive,10.0,10.0,1.2452698945999146,0.5836613178253174,-0.057557880878448486,0.18965227901935577,166,115
0.006474018096923828,positive,10.0,10.0,1.2647312879562378,0.5852469205856323,-0.044492095708847046,0.15450391173362732,166,117
0.0065765380859375,positive,10.0,10.0,1.2842519283294678,0.5864722728729248,-0.03274551406502724,0.12738369405269623,166,119
0.006678581237792969,positive,10.0,10.0,1.3038181066513062,0.5873711109161377,-0.022006666287779808,0.10751033574342728,166,121
0.00672459602355957,positive,10.0,10.0,1.3155654668807983,0.3925713300704956,-0.019856460392475128,0.3931698203086853,166,122
0.006827831268310547,positive,10.0,10.0,1.3273717164993286,0.39302319288253784,0.0015974718844518065,0.3830922245979309,166,124
0.0069293975830078125,positive,10.0,10.0,1.3391897678375244,0.3928706645965576,0.02278488501906395,0.38652503490448,166,126
0.0069751739501953125,positive,10.0,10.0,1.3470470905303955,0.587661862373352,0.030515385791659355,0.10111222416162491,166,127
0.007075786590576172,positive,10.0,10.0,1.366642713546753,0.5867619514465332,0.0406029149889946,0.12101464718580246,166,129
0.007401704788208008,positive,10.0,10.0,1.425148844718933,0.5822001695632935,0.07709018141031265,0.22217325866222382,166,135
0.007445573806762695,positive,10.0,10.0,1.4367928504943848,0.7761404514312744,0.08153364807367325,-0.04523108899593353,166,136
0.007561206817626953,positive,10.0,10.0,1.4717158079147339,0.7738317847251892,0.074406698346138,0.0058655813336372375,166,138
0.0076067447662353516,positive,10.0,10.0,1.4871923923492432,0.9678121209144592,0.07452400773763657,-0.26244446635246277,166,139
0.007765293121337891,positive,10.0,10.0,1.5491000413894653,0.7698616981506348,0.054319873452186584,0.09355483204126358,166,142
0.007876157760620117,positive,10.0,10.0,1.5759773254394531,0.7682867646217346,0.06424834579229355,0.12841744720935822,166,144
0.0083770751953125,positive,10.0,10.0,1.721232295036316,1.3417941331863403,0.09422635287046432,-0.49078574776649475,166,153
0.008479833602905273,positive,10.0,10.0,1.7709777355194092,0.9492557644844055,0.08101150393486023,0.14811640977859497,166,155
0.008527517318725586,positive,10.0,10.0,1.789962887763977,0.7530727982521057,0.08397383242845535,0.46521708369255066,166,156
0.008573532104492188,positive,10.0,10.0,1.8050243854522705,0.5568708777427673,0.0932781770825386,0.7831422090530396,166,157
0.008618593215942383,negative,10.0,-10.0,1.8161617517471313,0.36059924960136414,0.10894101858139038,1.1036537885665894,166,158
0.008723258972167969,negative,10.0,-10.0,1.834456443786621,0.35749050974845886,0.14795488119125366,1.1778833866119385,166,160
0.0002300739288330078,positive,10.0,10.0,0.0024313454050570726,0.04651599004864693,0.03320860490202904,-0.01594574749469757,167,0
0.00031447410583496094,positive,10.0,10.0,0.003361665178090334,-0.14906609058380127,0.03288969025015831,0.28702715039253235,167,1
0.00036716461181640625,positive,10.0,10.0,0.00038034343742765486,0.04557175934314728,0.03863023221492767,0.00489609781652689,167,2
0.0004162788391113281,positive,10.0,10.0,0.0012917786370962858,-0.1500823050737381,0.03872815519571304,0.3095127046108246,167,3
0.00046443939208984375,positive,10.0,10.0,-0.0017098673852160573,0.04446706548333168,0.04491840675473213,0.02929070219397545,167,4
0.0006167888641357422,positive,10.0,10.0,-0.0038459119386970997,0.043176520615816116,0.052220236510038376,0.05780748650431633,167,6
0.0006976127624511719,positive,10.0,10.0,-0.0029823814984411,-0.152653768658638,0.05337638407945633,0.36649829149246216,167,7
0.0010309219360351562,positive,10.0,10.0,-0.007489066105335951,-0.15614283084869385,0.07317446917295456,0.4440678656101227,167,11
0.0010979175567626953,positive,10.0,10.0,-0.010611923411488533,-0.35221973061561584,0.08205582201480865,0.7588902115821838,167,12
0.0016391277313232422,positive,10.0,10.0,0.03417292609810829,0.22022372484207153,0.07820195704698563,0.16419486701488495,167,21
0.0018541812896728516,positive,10.0,10.0,0.06725755333900452,0.6058728694915771,0.07101266831159592,-0.3212057650089264,167,25
0.001955270767211914,positive,10.0,10.0,0.08757131546735764,0.21382935345172882,0.06444855034351349,0.30534136295318604,167,27
0.002055644989013672,positive,10.0,10.0,0.10000743716955185,0.21191741526126862,0.07122857123613358,0.3477430045604706,167,29
0.0021004676818847656,positive,10.0,10.0,0.10424578189849854,0.40595778822898865,0.07818343490362167,0.07834398001432419,167,30
0.002199888229370117,positive,10.0,10.0,0.12436247617006302,0.7937726974487305,0.07597663998603821,-0.45518118143081665,167,32
0.0022559165954589844,positive,10.0,10.0,0.1402379274368286,0.5976633429527283,0.06687301397323608,-0.139550119638443,167,33
0.0023651123046875,positive,10.0,10.0,0.16022421419620514,0.2056727409362793,0.06755117326974869,0.4856484830379486,167,35
0.0024704933166503906,positive,10.0,10.0,0.1723332554101944,0.5937168598175049,0.08156408369541168,-0.052347779273986816,167,37
0.0026285648345947266,positive,10.0,10.0,0.2117873877286911,0.7853938937187195,0.0741272047162056,-0.26966962218284607,167,40
0.0026738643646240234,positive,10.0,10.0,0.22749526798725128,0.9793840646743774,0.068733811378479,-0.5380823016166687,167,41
0.0027179718017578125,positive,10.0,10.0,0.24708294868469238,0.7833665013313293,0.05797216296195984,-0.22455844283103943,167,42
0.0028748512268066406,positive,10.0,10.0,0.28233200311660767,0.5859169363975525,0.06309561431407928,0.12011624872684479,167,45
0.0029189586639404297,positive,10.0,10.0,0.29405033588409424,0.38995036482810974,0.06549794226884842,0.4320189356803894,167,46
0.0029625892639160156,positive,10.0,10.0,0.3018493354320526,0.5840867161750793,0.07413832098245621,0.16068142652511597,167,47
0.003191232681274414,positive,10.0,10.0,0.3640507161617279,0.5798774361610413,0.06650442630052567,0.253630131483078,167,51
0.0037450790405273438,positive,10.0,10.0,0.5140231251716614,0.9566275477409363,0.08927879482507706,-0.03478165715932846,167,61
0.0037903785705566406,positive,10.0,10.0,0.5331556797027588,1.1503633260726929,0.08858316391706467,-0.2980148196220398,167,62
0.0040585994720458984,positive,10.0,10.0,0.6479526162147522,0.9496309757232666,0.06410124152898788,0.11993096768856049,167,67
0.0041599273681640625,positive,10.0,10.0,0.6820182800292969,0.9477724432945251,0.07514243572950363,0.16112807393074036,167,69
0.004262447357177734,positive,10.0,10.0,0.7238085865974426,1.3356592655181885,0.07622629404067993,-0.3739016652107239,167,71
0.004307985305786133,positive,10.0,10.0,0.7505217790603638,1.1395419836044312,0.06874825805425644,-0.058191098272800446,167,72
0.004469156265258789,positive,10.0,10.0,0.8071324229240417,0.9415176510810852,0.08406329154968262,0.2996514141559601,167,75
0.004515409469604492,positive,10.0,10.0,0.8259627819061279,0.7453043460845947,0.09005631506443024,0.6176175475120544,167,76
0.004929542541503906,positive,10.0,10.0,0.9959946870803833,1.3200627565383911,0.09105578064918518,-0.02880421280860901,167,83
0.004975080490112305,positive,10.0,10.0,1.0223959684371948,1.5137689113616943,0.09047969430685043,-0.29142633080482483,167,84
0.005077362060546875,positive,10.0,10.0,1.0790209770202637,1.511293649673462,0.08521848171949387,-0.23645423352718353,167,86
0.00512385368347168,positive,10.0,10.0,1.109246850013733,1.7051012516021729,0.0804893970489502,-0.5010867714881897,167,87
0.005167722702026367,positive,10.0,10.0,1.1433488130569458,1.8990018367767334,0.07046765834093094,-0.7673576474189758,167,88
0.005211353302001953,positive,10.0,10.0,1.1813288927078247,1.702984094619751,0.05512050539255142,-0.45336052775382996,167,89
0.005312204360961914,positive,10.0,10.0,1.2455310821533203,1.3113776445388794,0.0431767962872982,0.16302387416362762,167,91
0.005414485931396484,positive,10.0,10.0,1.2940720319747925,1.3101012706756592,0.055817458778619766,0.19131691753864288,167,93
0.005458354949951172,positive,10.0,10.0,1.320273995399475,1.114227056503296,0.05964379757642746,0.5010724663734436,167,94
0.0056149959564208984,positive,10.0,10.0,1.390976071357727,1.3064194917678833,0.08505227416753769,0.2731803357601166,167,97
0.0058286190032958984,positive,10.0,10.0,1.518741250038147,1.6914482116699219,0.07525773346424103,-0.19869469106197357,167,101
0.005876064300537109,positive,10.0,10.0,1.5525702238082886,1.8854175806045532,0.07128383964300156,-0.466720312833786,167,102
0.005921125411987305,positive,10.0,10.0,1.5902786254882812,2.0794637203216553,0.06194943189620972,-0.7361106872558594,167,103
0.006025552749633789,positive,10.0,10.0,1.6695387363433838,1.687785267829895,0.038735371083021164,-0.11740301549434662,167,105
0.006129264831542969,positive,10.0,10.0,1.7331370115280151,1.2965072393417358,0.040132202208042145,0.49118056893348694,167,107
0.006172895431518555,positive,10.0,10.0,1.759067177772522,1.100842833518982,0.049955815076828,0.7962365746498108,167,108
0.006217002868652344,positive,10.0,10.0,1.7810840606689453,1.2952449321746826,0.06588054448366165,0.5196780562400818,167,109
0.006273031234741211,positive,10.0,10.0,1.8069889545440674,1.0992603302001953,0.07627410441637039,0.8323720097541809,167,110
0.006376504898071289,negative,10.0,-10.0,1.8470377922058105,0.7069795727729797,0.11588224768638611,1.468350887298584,167,112
0.0003190040588378906,positive,10.0,10.0,0.002001750050112605,-0.20202820003032684,-0.0006529322708956897,0.330340713262558,168,1
0.0003790855407714844,positive,10.0,10.0,-0.0020388138946145773,-0.39714086055755615,0.005953882355242968,0.6228176951408386,168,2
0.0005667209625244141,positive,10.0,10.0,-0.014168630354106426,-0.20271944999694824,0.02595445141196251,0.34567511081695557,168,5
0.0006906986236572266,positive,10.0,10.0,-0.018382541835308075,-0.20355354249477386,0.034093718975782394,0.36415737867355347,168,7
0.0008111000061035156,positive,10.0,10.0,-0.022632258012890816,-0.20462220907211304,0.04302520304918289,0.3878617286682129,168,9
0.0008573532104492188,positive,10.0,10.0,-0.02672470174729824,-0.010136549361050129,0.05078243836760521,0.1090487390756607,168,10
0.001016378402709961,positive,10.0,10.0,-0.03127869591116905,-0.20755909383296967,0.06414531916379929,0.45316174626350403,168,13
0.0012841224670410156,positive,10.0,10.0,-0.02102619782090187,-0.01758917048573494,0.06720303744077682,0.2738824188709259,168,18
0.0013282299041748047,positive,10.0,10.0,-0.021377980709075928,-0.21360242366790771,0.07268068939447403,0.5869814157485962,168,19
0.001428842544555664,positive,10.0,10.0,-0.0260414220392704,0.1742548644542694,0.0907813161611557,0.05313871428370476,168,21
0.0014739036560058594,positive,10.0,10.0,-0.022556325420737267,0.36796578764915466,0.0918440893292427,-0.20957809686660767,168,22
0.0015177726745605469,positive,10.0,10.0,-0.015197008848190308,0.5616626739501953,0.0876525267958641,-0.47193464636802673,168,23
0.0016994476318359375,positive,10.0,10.0,0.006730015855282545,0.363239586353302,0.07842125743627548,-0.10472533106803894,168,26
0.0018019676208496094,positive,10.0,10.0,0.02513791061937809,0.3610365688800812,0.06889329850673676,-0.055932871997356415,168,28
0.0018451213836669922,positive,10.0,10.0,0.03235864266753197,0.1649979054927826,0.06777464598417282,0.2576662003993988,168,29
0.0020570755004882812,positive,10.0,10.0,0.04543482884764671,0.5505468845367432,0.09113139659166336,-0.22570006549358368,168,33
0.0021049976348876953,positive,10.0,10.0,0.05644576624035835,0.7442561984062195,0.08661739528179169,-0.4883027970790863,168,34
0.002164125442504883,positive,10.0,10.0,0.07133089005947113,0.5480258464813232,0.07685133814811707,-0.16962702572345734,168,35
0.002267599105834961,positive,10.0,10.0,0.09713077545166016,0.5458877682685852,0.06471659243106842,-0.12220492213964462,168,37
0.0023119449615478516,positive,10.0,10.0,0.10804852843284607,0.3499011993408203,0.06227249652147293,0.1901729255914688,168,38
0.002355813980102539,positive,10.0,10.0,0.11504655331373215,0.153946191072464,0.06607595086097717,0.5018319487571716,168,39
0.002456188201904297,positive,10.0,10.0,0.12508702278137207,0.5420340299606323,0.0807262435555458,-0.03705436363816261,168,41
0.0025560855865478516,positive,10.0,10.0,0.1506459265947342,0.5397458076477051,0.0739208534359932,0.013582679443061352,168,43
0.002715587615966797,positive,10.0,10.0,0.19466997683048248,0.7316996455192566,0.058629028499126434,-0.2096513956785202,168,46
0.002874135971069336,positive,10.0,10.0,0.22681844234466553,0.5342104434967041,0.06466034054756165,0.13591881096363068,168,49
0.002918720245361328,positive,10.0,10.0,0.23750264942646027,0.3382247984409332,0.06737872213125229,0.44827985763549805,168,50
0.0030770301818847656,positive,10.0,10.0,0.2694394588470459,0.9201745390892029,0.07809415459632874,-0.35652676224708557,168,53
0.003120899200439453,positive,10.0,10.0,0.28784292936325073,0.7240341901779175,0.07096361368894577,-0.040276553481817245,168,54
0.0031652450561523438,positive,10.0,10.0,0.3023236095905304,0.5279701352119446,0.07015808671712875,0.2739250957965851,168,55
0.0034613609313964844,positive,10.0,10.0,0.36270010471343994,0.7170010209083557,0.09080223739147186,0.11543238908052444,168,60
0.0036268234252929688,positive,10.0,10.0,0.41734209656715393,0.9081093668937683,0.08198139071464539,-0.089503712952137,168,63
0.003731966018676758,positive,10.0,10.0,0.45754361152648926,0.9058012366294861,0.07308658212423325,-0.03838396817445755,168,65
0.0038907527923583984,positive,10.0,10.0,0.5157302618026733,0.7077237367630005,0.06632494181394577,0.3202500343322754,168,68
0.003992557525634766,positive,10.0,10.0,0.5479215979576111,1.0958492755889893,0.07371392101049423,-0.21967977285385132,168,70
0.004261016845703125,positive,10.0,10.0,0.6885272860527039,1.6772782802581787,0.009249705821275711,-1.0104784965515137,168,75
0.0043637752532958984,positive,10.0,10.0,0.7517135739326477,1.677306056022644,-0.02525797300040722,-1.011017918586731,168,77
0.004519462585449219,positive,10.0,10.0,0.8484752774238586,1.4839756488800049,-0.08066607266664505,-0.7597585320472717,168,80
0.004903316497802734,positive,10.0,10.0,0.9749100804328918,0.1289258897304535,-0.07761724293231964,1.0570189952850342,168,87
0.0049479007720947266,positive,10.0,10.0,0.9774885773658752,0.3249857425689697,-0.056476861238479614,0.7410180568695068,168,88
0.0049915313720703125,positive,10.0,10.0,0.9839882850646973,0.520840048789978,-0.0416564978659153,0.4311096668243408,168,89
0.0050351619720458984,positive,10.0,10.0,0.9944050908088684,0.7165263295173645,-0.0330343060195446,0.12559141218662262,168,90
0.005079746246337891,positive,10.0,10.0,1.0087356567382812,0.5218928456306458,-0.030522476881742477,0.40767207741737366,168,91
0.005124330520629883,positive,10.0,10.0,1.019173502922058,0.7174339890480042,-0.022369036450982094,0.10552475601434708,168,92
0.005448102951049805,positive,10.0,10.0,1.0936311483383179,0.7184334993362427,0.006246748846024275,0.083448626101017,168,98
0.005494594573974609,positive,10.0,10.0,1.1079998016357422,0.5232225060462952,0.007915721274912357,0.3780958652496338,168,99
0.005597352981567383,positive,10.0,10.0,1.132828950881958,0.5228908061981201,0.017236024141311646,0.38544490933418274,168,101
0.00570225715637207,positive,10.0,10.0,1.1576420068740845,0.5222935080528259,0.02690983936190605,0.398693323135376,168,103
0.005803823471069336,positive,10.0,10.0,1.1824283599853516,0.5214195847511292,0.037175994366407394,0.4180957078933716,168,105
0.005849599838256836,positive,10.0,10.0,1.192856788635254,0.7159955501556396,0.045537907630205154,0.13736064732074738,168,106
0.00589442253112793,positive,10.0,10.0,1.207176685333252,0.5202519297599792,0.04828512296080589,0.4440551996231079,168,107
0.005995988845825195,positive,10.0,10.0,1.2318748235702515,0.5187669396400452,0.06050573289394379,0.47713056206703186,168,109
0.006040811538696289,positive,10.0,10.0,1.2422502040863037,0.7129847407341003,0.07004834711551666,0.20411480963230133,168,110
0.006085872650146484,positive,10.0,10.0,1.2565099000930786,0.5169345736503601,0.07413063943386078,0.5180462002754211,168,111
0.00618743896484375,positive,10.0,10.0,1.2810673713684082,0.9047589302062988,0.0894838348031044,-0.015268501825630665,168,113
0.006232500076293945,positive,10.0,10.0,1.29916250705719,1.0984911918640137,0.08917846530675888,-0.27843108773231506,168,114
0.00661468505859375,positive,10.0,10.0,1.4876294136047363,0.8980640769004822,0.007281513884663582,0.13242793083190918,168,121
0.006716728210449219,positive,10.0,10.0,1.519647479057312,0.8978185057640076,0.01847805455327034,0.13786309957504272,168,123
0.006760358810424805,positive,10.0,10.0,1.5376038551330566,0.7024368643760681,0.02123531699180603,0.4363178014755249,168,124
0.006802797317504883,positive,10.0,10.0,1.5516525506973267,0.8972518444061279,0.02996167354285717,0.15040388703346252,168,125
0.0069580078125,positive,10.0,10.0,1.6015589237213135,0.7006571292877197,0.0454229936003685,0.4759121537208557,168,128
0.00706028938293457,positive,10.0,10.0,1.633474349975586,0.6992462873458862,0.0588989295065403,0.5073803663253784,168,130
0.007161378860473633,positive,10.0,10.0,1.665329098701477,0.6974539160728455,0.07372303307056427,0.5474632978439331,168,132
0.007335186004638672,positive,10.0,10.0,1.718813180923462,1.2790049314498901,0.09053142368793488,-0.2488320767879486,168,135
0.007380247116088867,positive,10.0,10.0,1.744393229484558,1.082714557647705,0.08555478602647781,0.0709775984287262,168,136
0.007436513900756836,positive,10.0,10.0,1.7660475969314575,0.8864768147468567,0.08697433769702911,0.38937991857528687,168,137
0.007658243179321289,negative,10.0,-10.0,1.8134114742279053,0.10105958580970764,0.15658578276634216,1.6841442584991455,168,141
0.007703542709350586,negative,10.0,-10.0,1.8154326677322388,0.29406049847602844,0.19026866555213928,1.444033145904541,168,142
0.00022149085998535156,positive,10.0,10.0,-0.029463287442922592,0.039065007120370865,-0.032585516571998596,-0.04336560145020485,169,0
0.00038743019104003906,positive,10.0,10.0,-0.03179348632693291,-0.35020336508750916,-0.028675612062215805,0.5208069086074829,169,2
0.0004401206970214844,positive,10.0,10.0,-0.03879755362868309,-0.1546897441148758,-0.018259473145008087,0.21922753751277924,169,3
0.0009009838104248047,positive,10.0,10.0,-0.07911653071641922,-0.15530401468276978,0.03932439908385277,0.23289161920547485,169,11
0.000946044921875,positive,10.0,10.0,-0.08222261071205139,-0.35096514225006104,0.043982233852148056,0.5377148389816284,169,12
0.0011012554168701172,positive,10.0,10.0,-0.09941862523555756,-0.15811458230018616,0.07129351049661636,0.29542121291160583,169,15
0.0012578964233398438,positive,10.0,10.0,-0.0972653180360794,0.42378783226013184,0.07289662957191467,-0.5085034966468811,169,18
0.0013053417205810547,positive,10.0,10.0,-0.08878956735134125,0.22771862149238586,0.06272655725479126,-0.19376808404922485,169,19
0.00135040283203125,positive,10.0,10.0,-0.08423519134521484,0.4218898117542267,0.058851197361946106,-0.4660225510597229,169,20
0.0015101432800292969,positive,10.0,10.0,-0.07067377865314484,-0.16556188464164734,0.04947306588292122,0.4594615399837494,169,23
0.0017650127410888672,positive,10.0,10.0,-0.07620799541473389,0.22112707793712616,0.07660438865423203,-0.048107728362083435,169,27
0.001809835433959961,positive,10.0,10.0,-0.07178544998168945,0.4150717556476593,0.07564223557710648,-0.3156719207763672,169,28
0.001967906951904297,positive,10.0,10.0,-0.058646563440561295,0.2169836163520813,0.07559829950332642,0.04356152191758156,169,31
0.0020699501037597656,positive,10.0,10.0,-0.046087998896837234,0.6048951745033264,0.07198264449834824,-0.49195972084999084,169,33
0.002114534378051758,positive,10.0,10.0,-0.03399009630084038,0.40883561968803406,0.06214345246553421,-0.17748737335205078,169,34
0.002157926559448242,positive,10.0,10.0,-0.025813382118940353,0.2128819227218628,0.05859370529651642,0.1341341882944107,169,35
0.002313852310180664,positive,10.0,10.0,-0.01699279621243477,0.015123189426958561,0.07360976189374924,0.48592492938041687,169,38
0.0026407241821289062,positive,10.0,10.0,0.02738368511199951,0.7882555723190308,0.07543487846851349,-0.5254703760147095,169,44
0.0026857852935791016,positive,10.0,10.0,0.04314879700541496,0.5921576619148254,0.06492546945810318,-0.21000321209430695,169,45
0.0028464794158935547,positive,10.0,10.0,0.06692001968622208,0.004280106630176306,0.0710468590259552,0.7254334688186646,169,48
0.0028913021087646484,positive,10.0,10.0,0.06700561940670013,0.19835145771503448,0.0855555310845375,0.45593106746673584,169,49
0.003333568572998047,positive,10.0,10.0,0.1449146717786789,0.7737507224082947,0.08610722422599792,-0.20461340248584747,169,56
0.003378629684448242,positive,10.0,10.0,0.16038967669010162,0.9675424695014954,0.08201495558023453,-0.4689398407936096,169,57
0.0034232139587402344,positive,10.0,10.0,0.1797405332326889,0.7713634967803955,0.07263616472482681,-0.15157513320446014,169,58
0.0035829544067382812,positive,10.0,10.0,0.2298620641231537,0.5733956098556519,0.059060923755168915,0.20464548468589783,169,61
0.0037970542907714844,positive,10.0,10.0,0.27562597393989563,0.9595757126808167,0.07781734317541122,-0.29238882660865784,169,65
0.00400853157043457,positive,10.0,10.0,0.35226473212242126,0.9554671049118042,0.0572516992688179,-0.20115229487419128,169,69
0.0040547847747802734,positive,10.0,10.0,0.37137407064437866,0.7595750689506531,0.053228653967380524,0.10902713239192963,169,70
0.004099130630493164,positive,10.0,10.0,0.38656556606292725,0.5637323260307312,0.05540919676423073,0.4180169701576233,169,71
0.004258155822753906,positive,10.0,10.0,0.4242418110370636,0.756172239780426,0.07574369758367538,0.1844470351934433,169,74
0.004362583160400391,positive,10.0,10.0,0.4583679437637329,1.1440320014953613,0.07776437699794769,-0.35001546144485474,169,76
0.0044634342193603516,positive,10.0,10.0,0.500206470489502,0.7518336176872253,0.07008687406778336,0.28028401732444763,169,78
0.0045092105865478516,positive,10.0,10.0,0.5152431726455688,0.5557855367660522,0.0756925493478775,0.5942228436470032,169,79
0.004724264144897461,positive,10.0,10.0,0.5829691290855408,1.3308374881744385,0.09137094020843506,-0.460239440202713,169,83
0.005055427551269531,positive,10.0,10.0,0.7150167226791382,0.9341525435447693,0.08473432809114456,0.2702750861644745,169,89
0.005216360092163086,positive,10.0,10.0,0.7826929688453674,1.5154162645339966,0.08510007709264755,-0.5203704237937927,169,92
0.00526118278503418,positive,10.0,10.0,0.813001275062561,1.3192058801651,0.07469266653060913,-0.2021307498216629,169,93
0.0054187774658203125,positive,10.0,10.0,0.9037939310073853,1.9014663696289062,0.04644402489066124,-1.0127506256103516,169,96
0.005463361740112305,positive,10.0,10.0,0.9418232440948486,1.705756664276123,0.026189012452960014,-0.7058529257774353,169,97
0.005506992340087891,positive,10.0,10.0,0.9759383797645569,1.9005061388015747,0.012071955017745495,-0.9901782870292664,169,98
0.005551815032958984,positive,10.0,10.0,1.0139485597610474,1.7052247524261475,-0.0077316113747656345,-0.6937284469604492,169,99
0.005719423294067383,positive,10.0,10.0,1.1201746463775635,1.5111021995544434,-0.05544320493936539,-0.42364180088043213,169,102
0.005764007568359375,positive,10.0,10.0,1.1503965854644775,1.316807746887207,-0.06391604244709015,-0.148939847946167,169,103
0.005868196487426758,positive,10.0,10.0,1.1991859674453735,0.9285535216331482,-0.06443656235933304,0.3937646150588989,169,105
0.0059130191802978516,positive,10.0,10.0,1.217756986618042,1.1245278120040894,-0.056561268866062164,0.08148196339607239,169,106
0.006071805953979492,positive,10.0,10.0,1.2813751697540283,0.9317137598991394,-0.046889469027519226,0.3235326111316681,169,109
0.00617671012878418,positive,10.0,10.0,1.322558879852295,0.9329512119293213,-0.040090035647153854,0.2961004674434662,169,111
0.006224870681762695,positive,10.0,10.0,1.3412178754806519,1.1286211013793945,-0.034168027341365814,-0.008951816707849503,169,112
0.0062716007232666016,positive,10.0,10.0,1.3637902736663818,0.9340053796768188,-0.034347061067819595,0.272757887840271,169,113
0.006379842758178711,positive,10.0,10.0,1.3972581624984741,0.9349054098129272,-0.017803646624088287,0.25276899337768555,169,115
0.006426095962524414,positive,10.0,10.0,1.4159562587738037,0.7400421500205994,-0.012748267501592636,0.5397835969924927,169,116
0.0064699649810791016,positive,10.0,10.0,1.4307571649551392,0.935340940952301,-0.0019525960087776184,0.2431112676858902,169,117
0.006514310836791992,positive,10.0,10.0,1.449463963508606,0.7402469515800476,0.002909629372879863,0.5351776480674744,169,118
0.006558656692504883,positive,10.0,10.0,1.4642689228057861,0.9353278279304504,0.013613182120025158,0.24341295659542084,169,119
0.006602048873901367,positive,10.0,10.0,1.4829754829406738,0.7400141358375549,0.018481440842151642,0.5403585433959961,169,120
0.006645917892456055,positive,10.0,10.0,1.497775673866272,0.93487149477005,0.02928861230611801,0.25355565547943115,169,121
0.006807804107666016,positive,10.0,10.0,1.5499393939971924,0.7382267713546753,0.050939712673425674,0.5803377628326416,169,124
0.006853818893432617,positive,10.0,10.0,1.5647039413452148,0.9325992465019226,0.06254646927118301,0.3041269779205322,169,125
0.006898164749145508,positive,10.0,10.0,1.5833559036254883,1.1267766952514648,0.06862901151180267,0.03180708736181259,169,126
0.0070590972900390625,positive,10.0,10.0,1.6470024585723877,1.3187649250030518,0.07767708599567413,-0.19244419038295746,169,129
0.007104158401489258,positive,10.0,10.0,1.6733777523040771,1.5126947164535522,0.07382819801568985,-0.45964762568473816,169,130
0.00720667839050293,positive,10.0,10.0,1.7377656698226929,1.5107464790344238,0.05007171630859375,-0.41587111353874207,169,132
0.007253885269165039,positive,10.0,10.0,1.7679805755615234,1.7051243782043457,0.04175429418683052,-0.6923575401306152,169,133
0.0072994232177734375,positive,10.0,10.0,1.802083134651184,1.8996429443359375,0.02790714241564274,-0.9716088771820068,169,134
0.007343769073486328,positive,10.0,10.0,1.840075969696045,1.704157829284668,0.008474965579807758,-0.6702917218208313,169,135
0.007387638092041016,positive,10.0,10.0,1.8741590976715088,1.8991608619689941,-0.004930868744850159,-0.960294246673584,169,136
0.0076029300689697266,negative,10.0,-10.0,2.0183145999908447,1.9008196592330933,-0.07068068534135818,-0.9987254738807678,169,140
0.007649421691894531,negative,10.0,-10.0,2.056331157684326,1.7067101001739502,-0.09065520018339157,-0.7290509343147278,169,141
0.007860898971557617,negative,10.0,-10.0,2.200831890106201,1.7129855155944824,-0.16444246470928192,-0.8755548596382141,169,145
0.0002181529998779297,positive,10.0,10.0,-0.027042679488658905,0.022567635402083397,-0.012093505822122097,-0.0348331592977047,170,0
0.0002913475036621094,positive,10.0,10.0,-0.026591327041387558,-0.17237882316112518,-0.012790168635547161,0.25400975346565247,170,1
0.00034236907958984375,positive,10.0,10.0,-0.030038902536034584,-0.3673158288002014,-0.007709973957389593,0.5426311492919922,170,2
0.00039005279541015625,positive,10.0,10.0,-0.03738521784543991,-0.17208638787269592,0.0031426488421857357,0.24752895534038544,170,3
0.0004391670227050781,positive,10.0,10.0,-0.0408269464969635,-0.36725306510925293,0.008093227632343769,0.5412014722824097,170,4
0.0005657672882080078,positive,10.0,10.0,-0.05161692574620247,-0.3676327168941498,0.023938847705721855,0.5496687889099121,170,6
0.0006182193756103516,positive,10.0,10.0,-0.05896957963705063,-0.17285506427288055,0.034932225942611694,0.26462337374687195,170,7
0.0008008480072021484,positive,10.0,10.0,-0.07327428460121155,0.0204273983836174,0.05735446512699127,0.012395275756716728,170,10
0.0010137557983398438,positive,10.0,10.0,-0.07954315096139908,0.016949310898780823,0.07224355638027191,0.08932751417160034,170,14
0.0011138916015625,positive,10.0,10.0,-0.07498485594987869,0.404954195022583,0.0704357773065567,-0.44815757870674133,170,16
0.001157999038696289,positive,10.0,10.0,-0.06688577681779861,0.208910271525383,0.06147262826561928,-0.1341298520565033,170,17
0.0013127326965332031,positive,10.0,10.0,-0.06610724329948425,0.011241866275668144,0.07209455221891403,0.21552641689777374,170,20
0.0014133453369140625,positive,10.0,10.0,-0.06177714467048645,0.399211049079895,0.07533363997936249,-0.32120388746261597,170,22
0.001798868179321289,positive,10.0,10.0,-0.018022570759058,0.5872228741645813,0.05744462460279465,-0.4569380283355713,170,29
0.0019006729125976562,positive,10.0,10.0,0.0015486431075260043,0.1955586075782776,0.04537154734134674,0.16080699861049652,170,31
0.002001523971557617,positive,10.0,10.0,0.013259868137538433,0.19421939551830292,0.04624320566654205,0.1903831958770752,170,33
0.002045154571533203,positive,10.0,10.0,0.017144255340099335,-0.001532556489109993,0.05005086958408356,0.49728789925575256,170,34
0.002101421356201172,positive,10.0,10.0,0.01711360551416874,0.192849263548851,0.059996627271175385,0.2207891196012497,170,35
0.0021445751190185547,positive,10.0,10.0,0.02097059041261673,-0.0030766732525080442,0.06441240757703781,0.5317776799201965,170,36
0.002187967300415039,positive,10.0,10.0,0.020909056067466736,0.19108295440673828,0.07504796236753464,0.26006633043289185,170,37
0.0022296905517578125,positive,10.0,10.0,0.02473071590065956,0.38505780696868896,0.08024928718805313,-0.008033549413084984,170,38
0.0023298263549804688,positive,10.0,10.0,0.04401072487235069,0.7728359699249268,0.07460147887468338,-0.5407437086105347,170,40
0.0024862289428710938,positive,10.0,10.0,0.07861795276403427,0.18485690653324127,0.06100788712501526,0.3973628878593445,170,43
0.0025305747985839844,positive,10.0,10.0,0.08231508731842041,0.3790626525878906,0.06895514577627182,0.124521404504776,170,44
0.0025756359100341797,positive,10.0,10.0,0.08989634364843369,0.18302404880523682,0.07144556939601898,0.4381372332572937,170,45
0.002620220184326172,positive,10.0,10.0,0.09355682134628296,-0.01303258165717125,0.08020831644535065,0.7524590492248535,170,46
0.0030622482299804688,positive,10.0,10.0,0.17650072276592255,0.755565881729126,0.08967199921607971,-0.15874072909355164,170,54
0.0031630992889404297,positive,10.0,10.0,0.21059799194335938,0.7530630826950073,0.07806035131216049,-0.10319270193576813,170,56
0.0032079219818115234,positive,10.0,10.0,0.22565925121307373,0.9469846487045288,0.07599649578332901,-0.3702627420425415,170,57
0.003366231918334961,positive,10.0,10.0,0.2785152196884155,0.7489297986030579,0.06100095808506012,-0.01171353179961443,170,60
0.0034127235412597656,positive,10.0,10.0,0.2934938371181488,0.5529884696006775,0.060766689479351044,0.29957497119903564,170,61
0.0034575462341308594,positive,10.0,10.0,0.3045535981655121,0.3570553660392761,0.0667581856250763,0.6107865571975708,170,62
0.003614664077758789,positive,10.0,10.0,0.337620347738266,0.9388927221298218,0.08723268657922745,-0.19135333597660065,170,65
0.0037736892700195312,positive,10.0,10.0,0.3977808952331543,1.1304528713226318,0.07154916971921921,-0.4058777987957001,170,68
0.0038771629333496094,positive,10.0,10.0,0.43907782435417175,1.1285512447357178,0.061601150780916214,-0.36353814601898193,170,70
0.0040361881256103516,positive,10.0,10.0,0.49503612518310547,0.5409124493598938,0.05843333899974823,0.5662360191345215,170,73
0.004137277603149414,positive,10.0,10.0,0.520557701587677,0.9292296767234802,0.07560844719409943,0.0226273313164711,170,75
0.004297494888305664,positive,10.0,10.0,0.5879490971565247,1.511199712753296,0.06089489161968231,-0.7824686169624329,170,78
0.00439906120300293,positive,10.0,10.0,0.6522817611694336,1.5097427368164062,0.024137752130627632,-0.748853862285614,170,80
0.004442691802978516,positive,10.0,10.0,0.6824766397476196,1.7045235633850098,0.009160676039755344,-1.0338441133499146,170,81
0.0046024322509765625,positive,10.0,10.0,0.7808439135551453,1.509797215461731,-0.046973880380392075,-0.7502670288085938,170,84
0.004647016525268555,positive,10.0,10.0,0.8110398650169373,1.70553457736969,-0.06197921931743622,-1.0573543310165405,170,85
0.0054204463958740234,positive,10.0,10.0,1.0453397035598755,0.553314208984375,-0.046112727373838425,0.29230085015296936,170,99
0.005861997604370117,positive,10.0,10.0,1.126308560371399,0.5554192662239075,0.006962039042264223,0.24551725387573242,170,107
0.006022930145263672,positive,10.0,10.0,1.1557239294052124,0.35971328616142273,0.027709532529115677,0.5512189269065857,170,110
0.006133556365966797,positive,10.0,10.0,1.1740069389343262,0.3587825894355774,0.044081784784793854,0.5720374584197998,170,112
0.006345510482788086,positive,10.0,10.0,1.2182307243347168,0.7457922697067261,0.06837756931781769,0.0577160082757473,170,116
0.006556034088134766,positive,10.0,10.0,1.2777737379074097,1.1316760778427124,0.07565390318632126,-0.43301427364349365,170,120
0.00665736198425293,positive,10.0,10.0,1.319118618965149,0.7395543456077576,0.06464412808418274,0.1955697387456894,170,122
0.006700992584228516,positive,10.0,10.0,1.3339097499847412,0.5435701608657837,0.06855552643537521,0.5079241394996643,170,123
0.006745338439941406,positive,10.0,10.0,1.3447811603546143,0.7376626133918762,0.07871401309967041,0.2376089245080948,170,124
0.006789445877075195,positive,10.0,10.0,1.3595343828201294,0.9315769076347351,0.08346618711948395,-0.029243910685181618,170,125
0.006833791732788086,positive,10.0,10.0,1.3781659603118896,1.1254088878631592,0.08288130909204483,-0.29446911811828613,170,126
0.006992340087890625,positive,10.0,10.0,1.4417212009429932,0.9270094633102417,0.07256966084241867,0.07180105149745941,170,129
0.007094860076904297,positive,10.0,10.0,1.4826818704605103,1.3150097131729126,0.0700630396604538,-0.46558231115341187,170,131
0.0071947574615478516,positive,10.0,10.0,1.53136146068573,0.9230344891548157,0.05771810561418533,0.15954849123954773,170,133
0.007238149642944336,positive,10.0,10.0,1.549822211265564,0.7271357178688049,0.060909073799848557,0.4698669910430908,170,134
0.007281780242919922,positive,10.0,10.0,1.5643649101257324,0.9213467836380005,0.07030641287565231,0.1969868391752243,170,135
0.007496356964111328,positive,10.0,10.0,1.6379458904266357,1.3068504333496094,0.08887224644422531,-0.2855091094970703,170,139
0.007706642150878906,positive,10.0,10.0,1.7657545804977417,1.6927111148834229,0.03423124924302101,-0.7737038135528564,170,143
0.0077512264251708984,positive,10.0,10.0,1.799608826637268,1.887345790863037,0.018757173791527748,-1.0554227828979492,170,144
0.007850408554077148,positive,10.0,10.0,1.8711953163146973,1.8871345520019531,-0.017489520832896233,-1.0503337383270264,170,146
0.007894277572631836,positive,10.0,10.0,1.9089380502700806,1.6922489404678345,-0.038496196269989014,-0.7631916999816895,170,147
0.007939577102661133,negative,10.0,-10.0,1.942782998085022,1.8878793716430664,-0.05376002937555313,-1.067734956741333,170,148
0.008159160614013672,negative,10.0,-10.0,2.0939176082611084,2.2820916175842285,-0.14166757464408875,-1.753299355506897,170,152
0.008205652236938477,negative,10.0,-10.0,2.139559507369995,2.0888328552246094,-0.17673355340957642,-1.5078262090682983,170,153
0.008250713348388672,negative,10.0,-10.0,2.1813361644744873,1.8962386846542358,-0.20689009130001068,-1.2751246690750122,170,154
0.0003924369812011719,positive,10.0,10.0,0.049660149961709976,-0.17550314962863922,0.03752395138144493,0.3022134602069855,171,1
0.0005650520324707031,positive,10.0,10.0,0.046531375497579575,-0.17665433883666992,0.044000159949064255,0.3277015686035156,171,3
0.0008840560913085938,positive,10.0,10.0,0.04012185335159302,-0.17955373227596283,0.060314808040857315,0.3920169472694397,171,7
0.001031637191772461,positive,10.0,10.0,0.03682403266429901,-0.1813661903142929,0.07053402811288834,0.43232661485671997,171,9
0.0012745857238769531,positive,10.0,10.0,0.0375823937356472,0.40044406056404114,0.08035419136285782,-0.3695834279060364,171,12
0.0015001296997070312,positive,10.0,10.0,0.05764246731996536,0.20221349596977234,0.06547912955284119,-0.007019201759248972,171,15
0.001725912094116211,positive,10.0,10.0,0.06581805646419525,0.3943779766559601,0.07213443517684937,-0.23511040210723877,171,18
0.0017910003662109375,positive,10.0,10.0,0.07370562106370926,0.5883991122245789,0.0674322247505188,-0.5041961669921875,171,19
0.0018546581268310547,positive,10.0,10.0,0.08547360450029373,0.39239487051963806,0.057348303496837616,-0.19104789197444916,171,20
0.002092123031616211,positive,10.0,10.0,0.09726462513208389,0.1949423849582672,0.06447532773017883,0.15369223058223724,171,23
0.0021562576293945312,positive,10.0,10.0,0.10116347670555115,-0.0010406563524156809,0.06754917651414871,0.4659985899925232,171,24
0.0023813247680664062,positive,10.0,10.0,0.11274412274360657,0.5808846950531006,0.07933351397514343,-0.33827415108680725,171,27
0.002444744110107422,positive,10.0,10.0,0.12436182051897049,0.3847287595272064,0.07256803661584854,-0.02166607230901718,171,28
0.0028290748596191406,positive,10.0,10.0,0.16263309121131897,0.5747649669647217,0.07485488057136536,-0.20271438360214233,171,33
0.002892732620239258,positive,10.0,10.0,0.17412839829921722,0.7687410116195679,0.07080058753490448,-0.47087687253952026,171,34
0.0030364990234375,positive,10.0,10.0,0.20095710456371307,0.37674954533576965,0.05824814736843109,0.1546533703804016,171,36
0.0030994415283203125,positive,10.0,10.0,0.20849210023880005,0.18084405362606049,0.06134121119976044,0.46512851119041443,171,37
0.003163576126098633,positive,10.0,10.0,0.21210896968841553,0.3750480115413666,0.07064378261566162,0.1923934370279312,171,38
0.003472566604614258,positive,10.0,10.0,0.24198560416698456,0.7605393528938293,0.08885245770215988,-0.28984397649765015,171,42
0.0037775039672851562,positive,10.0,10.0,0.3026828169822693,0.7558017373085022,0.0689067468047142,-0.18457373976707458,171,46
0.0039272308349609375,positive,10.0,10.0,0.32899415493011475,0.7538950443267822,0.06779579818248749,-0.14239023625850677,171,48
0.004153013229370117,positive,10.0,10.0,0.3624671399593353,0.5559762120246887,0.07803235948085785,0.21295462548732758,171,51
0.004457712173461914,positive,10.0,10.0,0.422411173582077,0.9415470957756042,0.07476159930229187,-0.27077990770339966,171,55
0.0045206546783447266,positive,10.0,10.0,0.44124212861061096,1.1355270147323608,0.06934600323438644,-0.5389775633811951,171,56
0.00466609001159668,positive,10.0,10.0,0.4827427268028259,0.7435942888259888,0.05406093969941139,0.08529109507799149,171,58
0.004890918731689453,positive,10.0,10.0,0.5234099626541138,0.5460553765296936,0.06605605036020279,0.43200361728668213,171,61
0.0052759647369384766,positive,10.0,10.0,0.6090191006660461,0.735941469669342,0.06709829717874527,0.2545158267021179,171,66
0.00558161735534668,positive,10.0,10.0,0.6677719950675964,1.121537685394287,0.09017569571733475,-0.22987450659275055,171,70
0.005814075469970703,positive,10.0,10.0,0.7466896176338196,1.313001036643982,0.06057530269026756,-0.4418216347694397,171,73
0.0058803558349609375,positive,10.0,10.0,0.7729496359825134,1.5072158575057983,0.05173886939883232,-0.7148112654685974,171,74
0.006120920181274414,positive,10.0,10.0,0.8672453165054321,1.7008551359176636,0.003895912319421768,-0.973648190498352,171,77
0.006185770034790039,positive,10.0,10.0,0.9012624025344849,1.5056811571121216,-0.015577051788568497,-0.6797440648078918,171,78
0.006332874298095703,positive,10.0,10.0,0.9653963446617126,1.5062971115112305,-0.04871773719787598,-0.6939114928245544,171,80
0.006478548049926758,positive,10.0,10.0,1.0295634269714355,1.507827639579773,-0.08262645453214645,-0.7291380167007446,171,82
0.007431507110595703,positive,10.0,10.0,1.2372934818267822,0.7439466118812561,-0.06584635376930237,0.07759344577789307,171,94
0.0075757503509521484,positive,10.0,10.0,1.2631689310073853,0.7458020448684692,-0.0573185570538044,0.036552269011735916,171,96
0.007641792297363281,positive,10.0,10.0,1.2780849933624268,0.5515468716621399,-0.05658750981092453,0.3106140196323395,171,97
0.007706403732299805,positive,10.0,10.0,1.2891159057617188,0.3572749197483063,-0.050375230610370636,0.5849277377128601,171,98
0.007769584655761719,positive,10.0,10.0,1.2962614297866821,0.5530649423599243,-0.0386766754090786,0.2768111526966095,171,99
0.007832527160644531,positive,10.0,10.0,1.3073227405548096,0.35851553082466125,-0.033140454441308975,0.5570489168167114,171,100
0.007897615432739258,positive,10.0,10.0,1.3144930601119995,0.5540866851806641,-0.021999474614858627,0.25411179661750793,171,101
0.008205890655517578,positive,10.0,10.0,1.3510454893112183,0.5547472834587097,0.009365597739815712,0.23946838080883026,171,105
0.008353233337402344,positive,10.0,10.0,1.3693302869796753,0.5544129014015198,0.024856779724359512,0.24690130352973938,171,107
0.008417367935180664,positive,10.0,10.0,1.3804185390472412,0.35894492268562317,0.029794804751873016,0.5473198294639587,171,108
0.008480072021484375,positive,10.0,10.0,1.3875974416732788,0.5536358952522278,0.0407412014901638,0.2641713619232178,171,109
0.008542776107788086,positive,10.0,10.0,1.3986700773239136,0.35795679688453674,0.0460246279835701,0.5694209933280945,171,110
0.008849859237670898,positive,10.0,10.0,1.4350215196609497,0.744669497013092,0.08187489956617355,0.061673011630773544,171,114
0.008915185928344727,positive,10.0,10.0,1.4499149322509766,0.9385278820991516,0.08310836553573608,-0.20409616827964783,171,115
0.00897836685180664,positive,10.0,10.0,1.4686853885650635,1.132369041442871,0.07902643829584122,-0.46944862604141235,171,116
0.009445667266845703,positive,10.0,10.0,1.5691519975662231,1.1259783506393433,0.08209478855133057,-0.3280257284641266,171,122
0.009509801864624023,positive,10.0,10.0,1.5916715860366821,0.9297894239425659,0.07553427666425705,-0.010624727234244347,171,123
0.009813785552978516,positive,10.0,10.0,1.6815307140350342,0.9257826209068298,0.05416470393538475,0.07789961248636246,171,127
0.00995945930480957,positive,10.0,10.0,1.7146449089050293,0.9242162108421326,0.06346604973077774,0.11256133764982224,171,129
0.010114669799804688,positive,10.0,10.0,1.7554967403411865,1.312496542930603,0.06252842396497726,-0.4306908845901489,171,131
0.010178327560424805,positive,10.0,10.0,1.7817466259002686,1.506679892539978,0.05391461029648781,-0.7030253410339355,171,132
0.010322332382202148,positive,10.0,10.0,1.845900535583496,1.5053818225860596,0.02028888463973999,-0.6733304858207703,171,134
0.010387182235717773,positive,10.0,10.0,1.876008152961731,1.7002160549163818,0.006822275463491678,-0.959557056427002,171,135
0.010450601577758789,positive,10.0,10.0,1.9100124835968018,1.5050030946731567,-0.012368865311145782,-0.6647385954856873,171,136
0.011080265045166016,negative,10.0,-10.0,2.166754961013794,1.512539029121399,-0.14984555542469025,-0.839364230632782,171,144
0.01122593879699707,negative,10.0,-10.0,2.2311928272247314,1.516742467880249,-0.19013622403144836,-0.939016580581665,171,146
0.01129007339477539,negative,10.0,-10.0,2.2615277767181396,1.3246216773986816,-0.2089165598154068,-0.7115926742553711,171,147
0.00027179718017578125,positive,10.0,10.0,0.031318217515945435,0.04952133819460869,0.01550584752112627,-0.03190433979034424,172,0
0.0003788471221923828,positive,10.0,10.0,0.03230864182114601,-0.1458195000886917,0.014867760241031647,0.26563024520874023,172,1
0.0005717277526855469,positive,10.0,10.0,0.022569244727492332,-0.14631742238998413,0.03143966943025589,0.27670779824256897,172,3
0.0008046627044677734,positive,10.0,10.0,0.009859653189778328,0.047108717262744904,0.054523177444934845,0.021346421912312508,172,6
0.0009503364562988281,positive,10.0,10.0,0.007826806046068668,0.04554740712046623,0.06156453117728233,0.055860791355371475,172,8
0.0010159015655517578,positive,10.0,10.0,0.008737755008041859,-0.1504007875919342,0.06268174946308136,0.36731478571891785,172,9
0.0010800361633300781,positive,10.0,10.0,0.005729739088565111,0.04377707093954086,0.07002804428339005,0.09503637254238129,172,10
0.0012257099151611328,positive,10.0,10.0,0.0035597793757915497,0.041757285594940186,0.08010807633399963,0.139798104763031,172,12
0.0017735958099365234,positive,10.0,10.0,0.036242272704839706,-0.16067084670066833,0.06920107454061508,0.594414472579956,172,19
0.0019998550415039062,positive,10.0,10.0,0.03824315220117569,0.42106133699417114,0.08874066919088364,-0.20556016266345978,172,22
0.002223968505859375,positive,10.0,10.0,0.06733258068561554,0.612568736076355,0.07223236560821533,-0.41889816522598267,172,25
0.002287626266479492,positive,10.0,10.0,0.07958395034074783,0.416501522064209,0.0638544037938118,-0.10434643179178238,172,26
0.0023522377014160156,positive,10.0,10.0,0.08791398257017136,0.2205253690481186,0.06176747381687164,0.2077791541814804,172,27
0.002498626708984375,positive,10.0,10.0,0.09281603246927261,0.2187120020389557,0.07630883902311325,0.24808664619922638,172,29
0.0025620460510253906,positive,10.0,10.0,0.09719027578830719,0.4126659035682678,0.08127057552337646,-0.019584544003009796,172,30
0.0026247501373291016,positive,10.0,10.0,0.10544358938932419,0.6065340042114258,0.08087888360023499,-0.2855595648288727,172,31
0.0026891231536865234,positive,10.0,10.0,0.11757427453994751,0.8004149198532104,0.0751676931977272,-0.5516778230667114,172,32
0.002834320068359375,positive,10.0,10.0,0.14566901326179504,0.40834540128707886,0.059408318251371384,0.07591253519058228,172,34
0.002899646759033203,positive,10.0,10.0,0.15383592247962952,0.21242432296276093,0.060926567763090134,0.38673147559165955,172,35
0.0032117366790771484,positive,10.0,10.0,0.17852184176445007,0.5985442399978638,0.08264415711164474,-0.10869570821523666,172,39
0.0033605098724365234,positive,10.0,10.0,0.20634053647518158,0.5962233543395996,0.0729861781001091,-0.05727165564894676,172,41
0.00342559814453125,positive,10.0,10.0,0.21826499700546265,0.7902270555496216,0.07184074819087982,-0.3260635435581207,172,42
0.0035712718963623047,positive,10.0,10.0,0.24595274031162262,0.3981647193431854,0.06508710980415344,0.30093762278556824,172,44
0.0037987232208251953,positive,10.0,10.0,0.2736867666244507,0.5902683734893799,0.07856957614421844,0.07447327673435211,172,47
0.004267692565917969,positive,10.0,10.0,0.35589465498924255,0.5840728282928467,0.07721378654241562,0.21151037514209747,172,53
0.004492044448852539,positive,10.0,10.0,0.402573823928833,0.7757076621055603,0.07389160990715027,-0.004872969351708889,172,56
0.004564523696899414,positive,10.0,10.0,0.41808798909187317,0.9696964025497437,0.07379414886236191,-0.27335768938064575,172,57
0.005042552947998047,positive,10.0,10.0,0.538078248500824,0.9649425745010376,0.0412435419857502,-0.1678442806005478,172,63
0.005187034606933594,positive,10.0,10.0,0.5727621912956238,0.5736117362976074,0.04063784331083298,0.4419499635696411,172,65
0.005335092544555664,positive,10.0,10.0,0.599597156047821,0.5723416805267334,0.05272382125258446,0.47022098302841187,172,67
0.005564689636230469,positive,10.0,10.0,0.63779217004776,0.764860212802887,0.07614501565694809,0.23505905270576477,172,70
0.0057108402252197266,positive,10.0,10.0,0.6722657084465027,1.1526914834976196,0.08019284904003143,-0.2987869679927826,172,72
0.005938291549682617,positive,10.0,10.0,0.7374601364135742,1.3444889783859253,0.06957245618104935,-0.5185620784759521,172,75
0.006001949310302734,positive,10.0,10.0,0.7643498778343201,1.538565993309021,0.05920121818780899,-0.7885355353355408,172,76
0.006393909454345703,positive,10.0,10.0,0.9180908203125,1.7319086790084839,-0.016997359693050385,-1.040224313735962,172,81
0.00645756721496582,positive,10.0,10.0,0.9527289867401123,1.5370166301727295,-0.037801843136548996,-0.7529253959655762,172,82
0.0066068172454833984,positive,10.0,10.0,1.0181220769882202,1.928419828414917,-0.07400555908679962,-1.3660552501678467,172,84
0.006834745407104492,negative,10.0,-10.0,1.1221894025802612,1.3474035263061523,-0.14003798365592957,-0.5866453051567078,172,87
0.006898641586303711,negative,10.0,-10.0,1.1491374969482422,1.154491901397705,-0.15177088975906372,-0.3411473035812378,172,88
0.007044553756713867,negative,10.0,-10.0,1.1914637088775635,0.7692828178405762,-0.1605920046567917,0.13883884251117706,172,90
0.007109165191650391,negative,10.0,-10.0,1.2068493366241455,0.5767817497253418,-0.15781523287296295,0.37686365842819214,172,91
0.007338762283325195,negative,10.0,-10.0,1.2454813718795776,0.38836023211479187,-0.1438879370689392,0.5226752161979675,172,94
0.00773310661315918,positive,10.0,10.0,1.2456976175308228,-0.1887267678976059,-0.041872087866067886,1.21420419216156,172,99
0.007797718048095703,positive,10.0,10.0,1.2419230937957764,-0.38328418135643005,-0.01758800446987152,1.493477702140808,172,100
0.008258342742919922,negative,10.0,-10.0,1.191935420036316,0.0018934860127046704,0.16986609995365143,1.0321091413497925,172,106
0.00840616226196289,negative,10.0,-10.0,1.1958612203598022,0.38646793365478516,0.20645244419574738,0.5699877738952637,172,108
0.0002655982971191406,positive,10.0,10.0,-0.035474300384521484,-0.014432711526751518,-0.014628433622419834,0.0007389748934656382,173,0
0.000362396240234375,positive,10.0,10.0,-0.035762954503297806,-0.2093418538570404,-0.014613654464483261,0.28877079486846924,173,1
0.00043511390686035156,positive,10.0,10.0,-0.03994978964328766,-0.014014585874974728,-0.008838238194584846,-0.008485076949000359,173,2
0.0005068778991699219,positive,10.0,10.0,-0.04023008048534393,-0.20900867879390717,-0.00900794006884098,0.2813962399959564,173,3
0.0007588863372802734,positive,10.0,10.0,-0.05666691064834595,-0.4040675759315491,0.013594049029052258,0.5726879239082336,173,6
0.0009081363677978516,positive,10.0,10.0,-0.06893104314804077,-0.40460893511772156,0.030734175816178322,0.584794819355011,173,8
0.000972747802734375,positive,10.0,10.0,-0.0770232155919075,-0.2099306732416153,0.04243007302284241,0.30194976925849915,173,9
0.0012106895446777344,positive,10.0,10.0,-0.08575501292943954,-0.016828102990984917,0.05553830787539482,0.05365665629506111,173,12
0.0013701915740966797,positive,10.0,10.0,-0.0903455838561058,-0.018427027389407158,0.06387808918952942,0.08902361989021301,173,14
0.0014345645904541016,positive,10.0,10.0,-0.09071412682533264,-0.2144036740064621,0.0656585618853569,0.4011564254760742,173,15
0.0015819072723388672,positive,10.0,10.0,-0.0954076275229454,0.17372184991836548,0.07627919316291809,-0.1386823058128357,173,17
0.0016465187072753906,positive,10.0,10.0,-0.09193319082260132,0.3676730990409851,0.07350555062294006,-0.40635886788368225,173,18
0.0017900466918945312,positive,10.0,10.0,-0.0811479315161705,-0.02440517581999302,0.06354963034391403,0.2211349755525589,173,20
0.0018529891967773438,positive,10.0,10.0,-0.08163603395223618,-0.2203752100467682,0.0679723247885704,0.5331676602363586,173,21
0.002563953399658203,positive,10.0,10.0,-0.05196882411837578,0.3532429039478302,0.0784233957529068,-0.08711136132478714,173,30
0.0026285648345947266,positive,10.0,10.0,-0.044903963804244995,0.5471582412719727,0.07668116688728333,-0.35405752062797546,173,31
0.0029311180114746094,positive,10.0,10.0,-0.024661289528012276,0.1529604196548462,0.08613087236881256,0.3207981586456299,173,35
0.0032341480255126953,positive,10.0,10.0,0.01082391943782568,0.5378390550613403,0.08021629601716995,-0.14784707129001617,173,39
0.003297567367553711,positive,10.0,10.0,0.02158069983124733,0.7317261099815369,0.0772593542933464,-0.41418418288230896,173,40
0.003360748291015625,positive,10.0,10.0,0.036215223371982574,0.5355989933013916,0.06897567212581635,-0.09817936271429062,173,41
0.003424406051635742,positive,10.0,10.0,0.04692720249295235,0.33955973386764526,0.06701208651065826,0.21544302999973297,173,42
0.0035681724548339844,positive,10.0,10.0,0.056589335203170776,0.3375968337059021,0.08189073204994202,0.25910484790802,173,44
0.003631591796875,positive,10.0,10.0,0.06334127485752106,0.5314600467681885,0.08707282692193985,-0.00666647357866168,173,45
0.0036945343017578125,positive,10.0,10.0,0.07397047430276871,0.7252323031425476,0.0869394987821579,-0.27065667510032654,173,46
0.0037603378295898438,positive,10.0,10.0,0.08847511559724808,0.9190130233764648,0.08152636140584946,-0.5347018837928772,173,47
0.003909111022949219,positive,10.0,10.0,0.12131227552890778,0.916886568069458,0.06648262590169907,-0.4870102107524872,173,49
0.004134178161621094,positive,10.0,10.0,0.1645679920911789,0.32916367053985596,0.05597752705216408,0.44489097595214844,173,52
0.004597902297973633,positive,10.0,10.0,0.23109714686870575,0.7131600975990295,0.07468359172344208,-0.0032803290523588657,173,58
0.004742145538330078,positive,10.0,10.0,0.2635030746459961,1.1011182069778442,0.06918805092573166,-0.5397428274154663,173,60
0.0048062801361083984,positive,10.0,10.0,0.28552544116973877,0.9050953984260559,0.058393195271492004,-0.22608700394630432,173,61
0.004871845245361328,positive,10.0,10.0,0.3036273419857025,0.7091895937919617,0.053871456533670425,0.08442863076925278,173,62
0.004935503005981445,positive,10.0,10.0,0.31781113147735596,0.5133385062217712,0.05556003004312515,0.3936096727848053,173,63
0.0050811767578125,positive,10.0,10.0,0.3344273865222931,0.5116621255874634,0.07749781012535095,0.43121951818466187,173,65
0.0053060054779052734,positive,10.0,10.0,0.37676066160202026,1.0931308269500732,0.08739334344863892,-0.36357343196868896,173,68
0.005542278289794922,positive,10.0,10.0,0.4383763372898102,0.8946135640144348,0.0730079934000969,0.005549483001232147,173,71
0.005606889724731445,positive,10.0,10.0,0.4562686085700989,1.0886167287826538,0.07311898469924927,-0.2632346749305725,173,72
0.0056705474853515625,positive,10.0,10.0,0.4780409336090088,1.2826229333877563,0.06785429269075394,-0.5319886207580566,173,73
0.005894184112548828,positive,10.0,10.0,0.5432401895523071,0.694886326789856,0.05466907098889351,0.4003223478794098,173,76
0.006198883056640625,positive,10.0,10.0,0.6065338253974915,1.0813624858856201,0.07723965495824814,-0.10277660936117172,173,80
0.006266355514526367,positive,10.0,10.0,0.6281610727310181,1.2752974033355713,0.07518412172794342,-0.37012577056884766,173,81
0.006652116775512695,positive,10.0,10.0,0.7242814898490906,1.0750465393066406,0.08933466672897339,0.03700399398803711,173,86
0.006796360015869141,positive,10.0,10.0,0.7711580395698547,1.4625083208084106,0.08555054664611816,-0.4891761243343353,173,88
0.006860494613647461,positive,10.0,10.0,0.8004082441329956,1.2662901878356934,0.07576702535152435,-0.17080417275428772,173,89
0.00692296028137207,positive,10.0,10.0,0.82573401927948,1.4602506160736084,0.07235094159841537,-0.4386557936668396,173,90
0.007146120071411133,positive,10.0,10.0,0.9015868902206421,0.8722702860832214,0.06485584378242493,0.499286025762558,173,93
0.007211208343505859,positive,10.0,10.0,0.9190323352813721,1.0664207935333252,0.07484156638383865,0.2277267724275589,173,94
0.0072743892669677734,positive,10.0,10.0,0.9403607249259949,1.2603977918624878,0.07939609885215759,-0.040441401302814484,173,95
0.0074214935302734375,positive,10.0,10.0,0.994654655456543,1.2581480741500854,0.07244616001844406,0.009340180084109306,173,97
0.00764775276184082,positive,10.0,10.0,1.0817842483520508,1.4501715898513794,0.056869227439165115,-0.21540440618991852,173,100
0.007793903350830078,positive,10.0,10.0,1.1436764001846313,1.4486137628555298,0.04276873916387558,-0.1808459460735321,173,102
0.008101940155029297,positive,10.0,10.0,1.2438868284225464,1.055950403213501,0.053258392959833145,0.45862483978271484,173,106
0.008249282836914062,positive,10.0,10.0,1.2900115251541138,1.0543235540390015,0.06609475612640381,0.494899183511734,173,108
0.00839376449584961,positive,10.0,10.0,1.3360670804977417,1.4424123764038086,0.08046787977218628,-0.044020503759384155,173,110
0.008458137512207031,positive,10.0,10.0,1.3649152517318726,1.6362937688827515,0.07958746701478958,-0.3102695047855377,173,111
0.008521080017089844,positive,10.0,10.0,1.3976411819458008,1.8301969766616821,0.07338207960128784,-0.5768295526504517,173,112
0.008583307266235352,positive,10.0,10.0,1.4342451095581055,2.0242178440093994,0.061845485121011734,-0.8455225229263306,173,113
0.00872945785522461,positive,10.0,10.0,1.5112956762313843,1.632584810256958,0.034254033118486404,-0.22755391895771027,173,115
0.008961915969848633,positive,10.0,10.0,1.5975162982940674,1.436120629310608,0.0387704074382782,0.09495976567268372,173,118
0.009027481079101562,positive,10.0,10.0,1.6262387037277222,1.2404650449752808,0.040669601410627365,0.3996182084083557,173,119
0.009092330932617188,positive,10.0,10.0,1.651047945022583,1.434987187385559,0.0486619658768177,0.12002985179424286,173,120
0.009155988693237305,positive,10.0,10.0,1.6797477006912231,1.2392030954360962,0.05106256157159805,0.42765942215919495,173,121
0.009301424026489258,positive,10.0,10.0,1.7332030534744263,1.2376433610916138,0.06264577060937881,0.46237942576408386,173,123
0.009621620178222656,positive,10.0,10.0,1.819109559059143,1.819810152053833,0.07411331683397293,-0.34695714712142944,173,126
0.009767293930053711,positive,10.0,10.0,1.8879799842834473,1.4276987314224243,0.06653708219528198,0.2812430262565613,173,128
0.009916305541992188,negative,10.0,-10.0,1.9411678314208984,1.035640001296997,0.08404488116502762,0.908659815788269,173,130
0.010062694549560547,negative,10.0,-10.0,1.9786704778671265,0.6432088017463684,0.1267486959695816,1.5494112968444824,173,132
0.010209798812866211,negative,10.0,-10.0,2.0082666873931885,0.6398692727088928,0.1837131679058075,1.636431097984314,173,134
0.00027871131896972656,positive,10.0,10.0,0.025801654905080795,0.006540762726217508,0.04961410537362099,0.0187956765294075,174,0
0.00037217140197753906,positive,10.0,10.0,0.025932470336556435,-0.18925631046295166,0.04999002069234848,0.32671043276786804,174,1
0.0008060932159423828,positive,10.0,10.0,0.014654429629445076,0.00162575114518404,0.07442598044872284,0.127536803483963,174,6
0.0008757114410400391,positive,10.0,10.0,0.014686943963170052,-0.19447912275791168,0.0769767165184021,0.4427408277988434,174,7
0.0009405612945556641,positive,10.0,10.0,0.010797361843287945,-0.39060109853744507,0.08583153039216995,0.7586614489555359,174,8
0.0015845298767089844,positive,10.0,10.0,0.04107820987701416,0.3775460720062256,0.08573299646377563,-0.14281558990478516,174,16
0.0016491413116455078,positive,10.0,10.0,0.04862913116812706,0.5713422298431396,0.08287668228149414,-0.4072675406932831,174,17
0.0018761157989501953,positive,10.0,10.0,0.07894144207239151,0.37304556369781494,0.06578132510185242,-0.04308924823999405,174,20
0.0019428730010986328,positive,10.0,10.0,0.08640235662460327,0.1770450323820114,0.06491953879594803,0.2696014642715454,174,21
0.002087116241455078,positive,10.0,10.0,0.08956445008516312,0.17512963712215424,0.08195223659276962,0.3123020529747009,174,23
0.0021505355834960938,positive,10.0,10.0,0.09306704252958298,0.36899426579475403,0.08819827437400818,0.04654810205101967,174,24
0.0023741722106933594,positive,10.0,10.0,0.12683169543743134,0.5602802038192749,0.07518117874860764,-0.16219103336334229,174,27
0.002438783645629883,positive,10.0,10.0,0.1380372941493988,0.7542498707771301,0.07193735986948013,-0.430241197347641,174,28
0.0025017261505126953,positive,10.0,10.0,0.15312229096889496,0.5581868886947632,0.06333253532648087,-0.11577599495649338,174,29
0.0026454925537109375,positive,10.0,10.0,0.17153038084506989,0.16627807915210724,0.06494094431400299,0.50748610496521,174,31
0.002709627151489258,positive,10.0,10.0,0.17485594749450684,0.3604277968406677,0.07509066164493561,0.2359546571969986,174,32
0.0029375553131103516,positive,10.0,10.0,0.20811837911605835,0.5521372556686401,0.07319511473178864,0.017960505560040474,174,35
0.0030028820037841797,positive,10.0,10.0,0.21916112303733826,0.7461373209953308,0.07355432212352753,-0.2507602870464325,174,36
0.003147125244140625,positive,10.0,10.0,0.2528865933418274,0.7441195249557495,0.05815179646015167,-0.20589686930179596,174,38
0.003374814987182617,positive,10.0,10.0,0.28578057885169983,0.5466466546058655,0.06440036743879318,0.139303058385849,174,41
0.0034384727478027344,positive,10.0,10.0,0.2967135012149811,0.35066425800323486,0.06718643009662628,0.45158785581588745,174,42
0.0035011768341064453,positive,10.0,10.0,0.30372679233551025,0.5447748899459839,0.07621818780899048,0.18081676959991455,174,43
0.0036454200744628906,positive,10.0,10.0,0.3293968439102173,0.9326204061508179,0.07809688150882721,-0.3533475697040558,174,45
0.0037899017333984375,positive,10.0,10.0,0.3627788722515106,0.5404149889945984,0.07028800249099731,0.2771246135234833,174,47
0.0039348602294921875,positive,10.0,10.0,0.3804744482040405,0.5383472442626953,0.08765293657779694,0.3232566714286804,174,49
0.00439906120300293,positive,10.0,10.0,0.4875897765159607,0.9208359718322754,0.07095346599817276,-0.09246461093425751,174,55
0.00454401969909668,positive,10.0,10.0,0.520501971244812,0.5287343859672546,0.07353883981704712,0.5353891849517822,174,57
0.0048487186431884766,positive,10.0,10.0,0.5860692262649536,1.3040409088134766,0.08439062535762787,-0.5244671702384949,174,61
0.004913330078125,positive,10.0,10.0,0.6121500134468079,1.1078389883041382,0.07390128076076508,-0.2064303159713745,174,62
0.005140781402587891,positive,10.0,10.0,0.6902614235877991,1.6901421546936035,0.04537798836827278,-1.017939805984497,174,65
0.005377292633056641,positive,10.0,10.0,0.7877374291419983,1.4939477443695068,-0.009129306301474571,-0.7000117897987366,174,68
0.005441427230834961,positive,10.0,10.0,0.8176164031028748,1.689195156097412,-0.02312954142689705,-0.995554506778717,174,69
0.005504608154296875,positive,10.0,10.0,0.8514003157615662,1.4943900108337402,-0.04304063320159912,-0.7102245092391968,174,70
0.005651235580444336,positive,10.0,10.0,0.9150897264480591,1.4957668781280518,-0.07756789773702621,-0.7419663667678833,174,72
0.006768941879272461,positive,10.0,10.0,1.1615582704544067,-0.039183348417282104,-0.09323355555534363,1.0330783128738403,174,86
0.00683283805847168,positive,10.0,10.0,1.1607745885849,-0.23294997215270996,-0.07257199287414551,1.2950949668884277,174,87
0.0069773197174072266,positive,10.0,10.0,1.1475740671157837,-0.6216127276420593,-0.0153860067948699,1.8419713973999023,174,89
0.007040977478027344,positive,10.0,10.0,1.1351417303085327,-0.4263244867324829,0.02145342156291008,1.5445504188537598,174,90
0.00742793083190918,negative,10.0,-10.0,1.1001759767532349,-0.23656603693962097,0.16769805550575256,1.3865550756454468,174,95
0.0008001327514648438,positive,10.0,10.0,0.034731388092041016,0.046222440898418427,0.018989356234669685,0.023455213755369186,175,6
0.0008664131164550781,positive,10.0,10.0,0.03565583378076553,-0.14916661381721497,0.019458459690213203,0.3220684826374054,175,7
0.0012562274932861328,positive,10.0,10.0,0.028474979102611542,0.04395558685064316,0.04148436710238457,0.07351770251989365,175,12
0.0014030933380126953,positive,10.0,10.0,0.02631937526166439,0.04275067150592804,0.050534624606370926,0.10015933960676193,175,14
0.0019538402557373047,positive,10.0,10.0,0.028055010363459587,0.2314079850912094,0.07809470593929291,-0.05020594969391823,175,21
0.0020189285278320312,positive,10.0,10.0,0.03268317133188248,0.4253283143043518,0.07709058374166489,-0.3172633945941925,175,22
0.0020825862884521484,positive,10.0,10.0,0.04118973761796951,0.22919782996177673,0.0707453191280365,-0.0012992279371246696,175,23
0.002148866653442383,positive,10.0,10.0,0.045773692429065704,0.03313635289669037,0.07071933150291443,0.3128391206264496,175,24
0.0023789405822753906,positive,10.0,10.0,0.059402525424957275,0.6150500178337097,0.07335817813873291,-0.49131640791893005,175,27
0.0024433135986328125,positive,10.0,10.0,0.07170352339744568,0.4189740717411041,0.06353184580802917,-0.17644557356834412,175,28
0.002602100372314453,positive,10.0,10.0,0.08454307168722153,0.027075381949543953,0.0627146065235138,0.4465765953063965,175,30
0.002666950225830078,positive,10.0,10.0,0.08508457988500595,0.22125665843486786,0.07164613902568817,0.1743033230304718,175,31
0.002893686294555664,positive,10.0,10.0,0.11000045388936996,0.4131709039211273,0.06597310304641724,-0.048163555562496185,175,34
0.002958536148071289,positive,10.0,10.0,0.11826387047767639,0.21716803312301636,0.06500983238220215,0.26458320021629333,175,35
0.0032646656036376953,positive,10.0,10.0,0.13551822304725647,0.6028745174407959,0.08881881833076477,-0.2221597135066986,175,39
0.0033299922943115234,positive,10.0,10.0,0.1475757211446762,0.796622097492218,0.08437562733888626,-0.48555707931518555,175,40
0.0033936500549316406,positive,10.0,10.0,0.16350816190242767,0.6004171967506409,0.07466448098421097,-0.167519673705101,175,41
0.003457784652709961,positive,10.0,10.0,0.1755165010690689,0.794395387172699,0.07131408900022507,-0.43574532866477966,175,42
0.003521442413330078,positive,10.0,10.0,0.19140441715717316,0.5983401536941528,0.06259918212890625,-0.12146144360303879,175,43
0.003754854202270508,positive,10.0,10.0,0.2155478298664093,0.40061554312705994,0.07400258630514145,0.22948125004768372,175,46
0.0038199424743652344,positive,10.0,10.0,0.2235601395368576,0.5946062803268433,0.0785922110080719,-0.03897150978446007,175,47
0.003883838653564453,positive,10.0,10.0,0.23545226454734802,0.7885183691978455,0.07781278342008591,-0.3058595061302185,175,48
0.003948211669921875,positive,10.0,10.0,0.2512226402759552,0.5923787951469421,0.07169558852910995,0.010313503444194794,175,49
0.004097700119018555,positive,10.0,10.0,0.27879828214645386,0.98042893409729,0.06672356277704239,-0.5280807018280029,175,51
0.004247426986694336,positive,10.0,10.0,0.31409555673599243,0.5885568261146545,0.05185911804437637,0.09471521526575089,175,53
0.004395246505737305,positive,10.0,10.0,0.3337213099002838,0.5870513916015625,0.06181938573718071,0.1280350387096405,175,55
0.004544258117675781,positive,10.0,10.0,0.3532843589782715,0.5852553844451904,0.07317133992910385,0.16784898936748505,175,57
0.0047762393951416016,positive,10.0,10.0,0.4000387191772461,0.7771071195602417,0.06714119017124176,-0.05325819551944733,175,60
0.004841327667236328,positive,10.0,10.0,0.4155808389186859,0.5810899138450623,0.06607602536678314,0.2598298490047455,175,61
0.0049054622650146484,positive,10.0,10.0,0.42720264196395874,0.3850899636745453,0.07127262651920319,0.5726004242897034,175,62
0.005052328109741211,positive,10.0,10.0,0.44648733735084534,0.7729955315589905,0.08878852427005768,0.037705179303884506,175,64
0.005118608474731445,positive,10.0,10.0,0.4619472324848175,0.9667394161224365,0.08954263478517532,-0.2256964147090912,175,65
0.005427122116088867,positive,10.0,10.0,0.5469413995742798,0.962170422077179,0.06306637823581696,-0.1242126002907753,175,69
0.005658149719238281,positive,10.0,10.0,0.592914342880249,0.764428973197937,0.07431262731552124,0.22710967063903809,175,72
0.00589299201965332,positive,10.0,10.0,0.6504176259040833,1.3462508916854858,0.07186933606863022,-0.5751264095306396,175,75
0.006044149398803711,positive,10.0,10.0,0.7003466486930847,0.9542694687843323,0.055152881890535355,0.050399646162986755,175,77
0.006192684173583984,positive,10.0,10.0,0.7346000671386719,0.9526823163032532,0.06336009502410889,0.08550238609313965,175,79
0.006257772445678711,positive,10.0,10.0,0.7536537051200867,0.7567120790481567,0.06507014483213425,0.39748331904411316,175,80
0.00640559196472168,positive,10.0,10.0,0.7878050208091736,1.144857406616211,0.07553990930318832,-0.14277710020542145,175,82
0.006639719009399414,positive,10.0,10.0,0.8603335618972778,0.9467638731002808,0.06254983693361282,0.216284841299057,175,85
0.006705522537231445,positive,10.0,10.0,0.8792688250541687,0.7508060932159424,0.06687553226947784,0.5280243754386902,175,86
0.006770133972167969,positive,10.0,10.0,0.8942849636077881,0.9449265599250793,0.07743602246046066,0.2571413218975067,175,87
0.007074117660522461,positive,10.0,10.0,0.9931461811065674,1.3304516077041626,0.06603673845529556,-0.22540563344955444,175,91
0.007218837738037109,positive,10.0,10.0,1.0502465963363647,1.7187734842300415,0.05159764736890793,-0.7692238688468933,175,93
0.007363796234130859,positive,10.0,10.0,1.1150816679000854,1.3273661136627197,0.026997918263077736,-0.15688879787921906,175,95
0.00742793083190918,positive,10.0,10.0,1.1416290998458862,1.1318682432174683,0.0238601416349411,0.1441875845193863,175,96
0.007491350173950195,positive,10.0,10.0,1.1642664670944214,0.9364128708839417,0.026743894442915916,0.44430142641067505,175,97
0.007554292678833008,positive,10.0,10.0,1.1829947233200073,1.1311464309692383,0.03562992438673973,0.16016733646392822,175,98
0.0076999664306640625,positive,10.0,10.0,1.2243282794952393,1.1300852298736572,0.048110753297805786,0.1836799681186676,175,100
0.007764577865600586,positive,10.0,10.0,1.2469300031661987,0.9343090653419495,0.05178435519337654,0.49114349484443665,175,101
0.007828950881958008,positive,10.0,10.0,1.2656161785125732,1.1286637783050537,0.06160722300410271,0.21522004902362823,175,102
0.007891654968261719,positive,10.0,10.0,1.28818941116333,0.9327176809310913,0.06591162830591202,0.5266827344894409,175,103
0.007955789566040039,positive,10.0,10.0,1.3068437576293945,1.1268532276153564,0.07644528150558472,0.25547558069229126,175,104
0.008019208908081055,positive,10.0,10.0,1.3293808698654175,1.3208051919937134,0.08155479282140732,-0.012149683199822903,175,105
0.00808262825012207,positive,10.0,10.0,1.3557969331741333,1.514668583869934,0.08131179958581924,-0.2780276834964752,175,106
0.008388757705688477,positive,10.0,10.0,1.4924430847167969,1.5108020305633545,0.038643162697553635,-0.19191762804985046,175,110
0.00861358642578125,positive,10.0,10.0,1.5713530778884888,1.3141238689422607,0.04538198933005333,0.13538475334644318,175,113
0.008758068084716797,positive,10.0,10.0,1.6200032234191895,1.3127919435501099,0.056930337101221085,0.1648882031440735,175,115
0.008904457092285156,positive,10.0,10.0,1.6685971021652222,1.3111252784729004,0.0697275772690773,0.2018652856349945,175,117
0.00896906852722168,positive,10.0,10.0,1.6948195695877075,1.1150789260864258,0.07376488298177719,0.5157034397125244,175,118
0.009114503860473633,positive,10.0,10.0,1.7433029413223267,1.502915620803833,0.08902189135551453,-0.017875829711556435,175,120
0.00917816162109375,positive,10.0,10.0,1.7733612060546875,1.6966556310653687,0.08866437524557114,-0.28119713068008423,175,121
0.009241104125976562,positive,10.0,10.0,1.8072943687438965,1.8904082775115967,0.08304043859243393,-0.5446513891220093,175,122
0.00963282585144043,negative,10.0,-10.0,2.0039315223693848,2.08097505569458,0.021537231281399727,-0.7350338697433472,175,127
0.009859085083007812,negative,10.0,-10.0,2.132678508758545,2.2758877277374268,-0.028101475909352303,-1.0229660272598267,175,130
0.009924173355102539,negative,10.0,-10.0,2.1781961917877197,2.081151247024536,-0.04856079816818237,-0.7392372488975525,175,131
0.009987831115722656,negative,10.0,-10.0,2.2198193073272705,2.2769088745117188,-0.0633455440402031,-1.046798825263977,175,132
0.01013326644897461,negative,10.0,-10.0,2.307011127471924,1.8888144493103027,-0.09977460652589798,-0.5096344947814941,175,134
0.010197877883911133,negative,10.0,-10.0,2.344787359237671,1.6952292919158936,-0.10996729880571365,-0.24998591840267181,175,135
0.010261774063110352,negative,10.0,-10.0,2.3786919116973877,1.5018354654312134,-0.11496701836585999,0.0060872845351696014,175,136
0.0005898475646972656,positive,10.0,10.0,0.02768254466354847,-0.19633658230304718,0.056423138827085495,0.3594653904438019,176,3
0.0007395744323730469,positive,10.0,10.0,0.023714609444141388,-0.19803360104560852,0.06531433016061783,0.39714914560317993,176,5
0.0008051395416259766,positive,10.0,10.0,0.019753936678171158,-0.003896161448210478,0.07325731217861176,0.12575265765190125,176,6
0.0008692741394042969,positive,10.0,10.0,0.01967601478099823,0.19010400772094727,0.07577236741781235,-0.1429487019777298,176,7
0.0009341239929199219,positive,10.0,10.0,0.02347809448838234,0.38406360149383545,0.07291339337825775,-0.4107975363731384,176,8
0.0010006427764892578,positive,10.0,10.0,0.03115936741232872,0.187987819314003,0.06469743698835373,-0.09604775160551071,176,9
0.0011591911315917969,positive,10.0,10.0,0.034759145230054855,-0.20395947992801666,0.06710298359394073,0.5281310677528381,176,11
0.0012249946594238281,positive,10.0,10.0,0.030679956078529358,-0.009842613711953163,0.07766560465097427,0.25732457637786865,176,12
0.001369476318359375,positive,10.0,10.0,0.03416489437222481,0.37793225049972534,0.08261437714099884,-0.2753347158432007,176,14
0.0018336772918701172,positive,10.0,10.0,0.06749773025512695,0.37190723419189453,0.07408861070871353,-0.14182917773723602,176,20
0.0018982887268066406,positive,10.0,10.0,0.07493587583303452,0.5658941864967346,0.07125203311443329,-0.410249263048172,176,21
0.0019614696502685547,positive,10.0,10.0,0.08625375479459763,0.36983826756477356,0.06304704397916794,-0.09598115086555481,176,22
0.0020248889923095703,positive,10.0,10.0,0.09365051984786987,0.1738719940185547,0.061127420514822006,0.2159077674150467,176,23
0.002251148223876953,positive,10.0,10.0,0.10012809932231903,0.36603426933288574,0.0811074748635292,-0.011914369650185108,176,26
0.002315521240234375,positive,10.0,10.0,0.10744877904653549,0.5599049925804138,0.08086918294429779,-0.27794501185417175,176,27
0.002779722213745117,positive,10.0,10.0,0.16262589395046234,0.16393651068210602,0.07186011224985123,0.43568894267082214,176,33
0.0029249191284179688,positive,10.0,10.0,0.17306406795978546,0.5518531799316406,0.08390381187200546,-0.09971962869167328,176,35
0.003069639205932617,positive,10.0,10.0,0.19901469349861145,0.5494940280914307,0.07461349666118622,-0.0474514439702034,176,37
0.0031328201293945312,positive,10.0,10.0,0.21000458300113678,0.7434711456298828,0.07366446405649185,-0.31569159030914307,176,38
0.0031964778900146484,positive,10.0,10.0,0.22487400472164154,0.5473814606666565,0.06735063344240189,-0.0007169373566284776,176,39
0.003501415252685547,positive,10.0,10.0,0.2685472369194031,0.9334404468536377,0.06988206505775452,-0.49517783522605896,176,43
0.0037255287170410156,positive,10.0,10.0,0.3127937614917755,0.3455975353717804,0.05894557759165764,0.4395844638347626,176,46
0.003790140151977539,positive,10.0,10.0,0.3197057247161865,0.5398378372192383,0.06773726642131805,0.166049987077713,176,47
0.004917144775390625,positive,10.0,10.0,0.5269773602485657,0.9111075401306152,0.07965288311243057,-0.0011869772570207715,176,61
0.005552053451538086,positive,10.0,10.0,0.6799741387367249,0.9031317830085754,0.080646812915802,0.17529666423797607,176,69
0.005698204040527344,positive,10.0,10.0,0.7199770212173462,1.2908337116241455,0.08233485370874405,-0.3558860421180725,176,71
0.005762577056884766,positive,10.0,10.0,0.7457937002182007,1.484694480895996,0.07521713525056839,-0.6215128898620605,176,72
0.005908489227294922,positive,10.0,10.0,0.8012597560882568,1.4827808141708374,0.05666446313261986,-0.5783600211143494,176,74
0.006053447723388672,positive,10.0,10.0,0.8644566535949707,1.8715438842773438,0.02804390713572502,-1.1308356523513794,176,76
0.0061986446380615234,positive,10.0,10.0,0.935408890247345,1.8711135387420654,-0.011162619106471539,-1.1204617023468018,176,78
0.006264209747314453,positive,10.0,10.0,0.972831130027771,1.6761397123336792,-0.03357185423374176,-0.8313010334968567,176,79
0.0064089298248291016,positive,10.0,10.0,1.043787956237793,1.6772736310958862,-0.07288488745689392,-0.8578242063522339,176,81
0.007442951202392578,positive,10.0,10.0,1.3105225563049316,0.7216324210166931,-0.08971919119358063,0.16768932342529297,176,94
0.0075871944427490234,positive,10.0,10.0,1.3355132341384888,0.7241335511207581,-0.07774991542100906,0.11216393113136292,176,96
0.007891178131103516,positive,10.0,10.0,1.3857709169387817,0.7282335758209229,-0.05995626002550125,0.02140970528125763,176,100
0.007954597473144531,positive,10.0,10.0,1.400335669517517,0.5340204238891602,-0.05952806398272514,0.29458940029144287,176,101
0.008177518844604492,positive,10.0,10.0,1.436327338218689,0.3413132131099701,-0.04878080263733864,0.5342179536819458,176,104
0.008241653442382812,positive,10.0,10.0,1.4431535005569458,0.537086009979248,-0.03809644281864166,0.2265722155570984,176,105
0.008305549621582031,positive,10.0,10.0,1.4538953304290771,0.3425286114215851,-0.03356499969959259,0.5069988965988159,176,106
0.008451461791992188,positive,10.0,10.0,1.4715080261230469,0.3433277904987335,-0.019346415996551514,0.4891326427459717,176,108
0.008517265319824219,positive,10.0,10.0,1.4783746004104614,0.5387172698974609,-0.009563762694597244,0.19041578471660614,176,109
0.008581876754760742,positive,10.0,10.0,1.4891488552093506,0.34373342990875244,-0.005755447316914797,0.4800664484500885,176,110
0.00864720344543457,positive,10.0,10.0,1.4960235357284546,0.5389361381530762,0.0038458819035440683,0.18557512760162354,176,111
0.008711814880371094,positive,10.0,10.0,1.5068023204803467,0.3437593877315521,0.007557384204119444,0.47946879267692566,176,112
0.008778810501098633,positive,10.0,10.0,1.5136774778366089,0.5387738347053528,0.01714676059782505,0.18917731940746307,176,113
0.008925676345825195,positive,10.0,10.0,1.5313211679458618,0.5382313132286072,0.030674699693918228,0.2012060284614563,176,115
0.00898885726928711,positive,10.0,10.0,1.5420857667922974,0.34268438816070557,0.03469882160425186,0.5034053921699524,176,116
0.009058237075805664,positive,10.0,10.0,1.5489394664764404,0.5373005270957947,0.044766929000616074,0.2218562662601471,176,117
0.009207725524902344,positive,10.0,10.0,1.5665168762207031,0.5359646677970886,0.059770405292510986,0.2515360713005066,176,119
0.009276866912841797,positive,10.0,10.0,1.5772361755371094,0.340042382478714,0.06480112671852112,0.5624567270278931,176,120
0.009590387344360352,positive,10.0,10.0,1.6277244091033936,1.1158714294433594,0.07747673988342285,-0.5082805156707764,176,124
0.009655952453613281,positive,10.0,10.0,1.6500418186187744,0.9197483062744141,0.067311130464077,-0.19222286343574524,176,125
0.009806156158447266,positive,10.0,10.0,1.6829113960266113,0.5277600884437561,0.06588489562273026,0.43292295932769775,176,127
0.010112524032592773,positive,10.0,10.0,1.748417854309082,0.9136861562728882,0.06817229837179184,-0.0581740140914917,176,131
0.01025843620300293,positive,10.0,10.0,1.7888468503952026,0.9117590188980103,0.06043696030974388,-0.015553971752524376,176,133
0.010322809219360352,positive,10.0,10.0,1.8070820569992065,1.1059645414352417,0.06012587994337082,-0.28857266902923584,176,134
0.01071023941040039,negative,10.0,-10.0,1.9253222942352295,1.687590479850769,0.02311924658715725,-1.0842037200927734,176,139
0.010776042938232422,negative,10.0,-10.0,1.9590741395950317,1.4921711683273315,0.001435173093341291,-0.7843567132949829,176,140
0.010924339294433594,negative,10.0,-10.0,2.022662878036499,1.4923425912857056,-0.035783715546131134,-0.7884112000465393,176,142
0.011147499084472656,negative,10.0,-10.0,2.1161391735076904,1.299486756324768,-0.08971583843231201,-0.5473369359970093,176,145
0.011211156845092773,negative,10.0,-10.0,2.1421289443969727,1.1057322025299072,-0.10066257417201996,-0.2842150330543518,176,146
0.011275053024291992,negative,10.0,-10.0,2.164243698120117,1.3021349906921387,-0.10634687542915344,-0.6068727374076843,176,147
0.0115814208984375,negative,10.0,-10.0,2.2530086040496826,1.3087437152862549,-0.13591954112052917,-0.7558552622795105,176,151
0.011648893356323242,negative,10.0,-10.0,2.2791833877563477,1.115730881690979,-0.15103664994239807,-0.5088436603546143,176,152
0.011714935302734375,negative,10.0,-10.0,2.3014979362487793,1.3126219511032104,-0.16121351718902588,-0.8450542092323303,176,153
0.011778593063354492,negative,10.0,-10.0,2.3277504444122314,1.120023488998413,-0.1781146079301834,-0.6070942282676697,176,154
0.011924028396606445,negative,10.0,-10.0,2.368706464767456,0.7357977628707886,-0.1977640986442566,-0.1482018083333969,176,156
0.011987924575805664,negative,10.0,-10.0,2.383422374725342,0.9331209659576416,-0.2007281333208084,-0.49618178606033325,176,157
0.0005085468292236328,positive,10.0,10.0,0.024002568796277046,0.016345486044883728,0.0036574918776750565,0.008133064024150372,177,2
0.0005786418914794922,positive,10.0,10.0,0.024329477921128273,-0.17882873117923737,0.003820153186097741,0.3019677400588989,177,3
0.0006439685821533203,positive,10.0,10.0,0.020752903074026108,0.016238568350672722,0.009859507903456688,0.010492037981748581,177,4
0.0008707046508789062,positive,10.0,10.0,0.01781628094613552,-0.17939676344394684,0.016530316323041916,0.3145272433757782,177,7
0.0009372234344482422,positive,10.0,10.0,0.014228344894945621,0.015485854819417,0.022820860147476196,0.027102936059236526,177,8
0.0010857582092285156,positive,10.0,10.0,0.010938946157693863,0.014825867488980293,0.02990087680518627,0.04167313873767853,177,10
0.001161813735961914,positive,10.0,10.0,0.011235463432967663,-0.1807118058204651,0.030734339728951454,0.3436380922794342,177,11
0.0013926029205322266,positive,10.0,10.0,0.004266807809472084,0.012868651188910007,0.046125367283821106,0.08491721004247665,177,14
0.001539468765258789,positive,10.0,10.0,0.008670182898640633,0.011527817696332932,0.04396643862128258,0.11451376229524612,177,16
0.001604318618774414,positive,10.0,10.0,0.008900739252567291,-0.1841956377029419,0.046256713569164276,0.42073720693588257,177,17
0.0016672611236572266,positive,10.0,10.0,0.005216826684772968,0.010241437703371048,0.054671455174684525,0.1429881900548935,177,18
0.001730203628540039,positive,10.0,10.0,0.005421655718237162,-0.18561913073062897,0.057531218975782394,0.45240548253059387,177,19
0.0019555091857910156,positive,10.0,10.0,-0.0018651343416422606,0.006701589096337557,0.07997366040945053,0.2215421050786972,177,22
0.0026619434356689453,positive,10.0,10.0,0.045342251658439636,-0.1977451741695404,0.06769800931215286,0.720575213432312,177,31
0.0027267932891845703,positive,10.0,10.0,0.041387349367141724,-0.003621884388849139,0.08210951834917068,0.44994527101516724,177,32
0.002790212631225586,positive,10.0,10.0,0.04131491109728813,0.19024856388568878,0.09110841900110245,0.1842324435710907,177,33
0.003032684326171875,positive,10.0,10.0,0.06435103714466095,0.38128477334976196,0.08643133193254471,-0.01914653182029724,177,36
0.003180980682373047,positive,10.0,10.0,0.08347808569669724,0.7688636779785156,0.08038126677274704,-0.5477080941200256,177,38
0.0033245086669921875,positive,10.0,10.0,0.11030956357717514,0.37666812539100647,0.06481069326400757,0.0829286053776741,177,40
0.003389120101928711,positive,10.0,10.0,0.11784292012453079,0.18067988753318787,0.06646925956010818,0.39533478021621704,177,41
0.0036149024963378906,positive,10.0,10.0,0.14032810926437378,0.7627226710319519,0.0739825889468193,-0.4114737808704376,177,44
0.0037603378295898438,positive,10.0,10.0,0.16691525280475616,0.37063443660736084,0.06382482498884201,0.2162671983242035,177,46
0.003823995590209961,positive,10.0,10.0,0.17432793974876404,0.17466087639331818,0.06815017014741898,0.5283807516098022,177,47
0.00397181510925293,positive,10.0,10.0,0.1851963847875595,0.17260879278182983,0.08387631922960281,0.5743634104728699,177,49
0.004441738128662109,positive,10.0,10.0,0.25621137022972107,0.9445331692695618,0.08594837784767151,-0.41096797585487366,177,55
0.0045070648193359375,positive,10.0,10.0,0.27510201930999756,0.7483046054840088,0.07772902399301529,-0.09247390180826187,177,56
0.004571437835693359,positive,10.0,10.0,0.290068119764328,0.9422314167022705,0.0758795440196991,-0.359656423330307,177,57
0.004634380340576172,positive,10.0,10.0,0.3089127540588379,0.7461174130439758,0.06868641078472137,-0.04404475912451744,177,58
0.00478053092956543,positive,10.0,10.0,0.3348367214202881,0.35406044125556946,0.07319539785385132,0.5827691555023193,177,60
0.004925251007080078,positive,10.0,10.0,0.3528796434402466,0.7419019341468811,0.09113103151321411,0.04924862086772919,177,62
0.005236387252807617,positive,10.0,10.0,0.42767688632011414,1.1269720792770386,0.07520515471696854,-0.4235610365867615,177,66
0.005542755126953125,positive,10.0,10.0,0.49430838227272034,0.7329663634300232,0.07901034504175186,0.24687278270721436,177,70
0.0056078433990478516,positive,10.0,10.0,0.5089676976203918,0.9268761873245239,0.0839478000998497,-0.019879695028066635,177,71
0.005753755569458008,positive,10.0,10.0,0.5499192476272583,1.3145372867584229,0.07785139977931976,-0.5501464009284973,177,73
0.0058176517486572266,positive,10.0,10.0,0.5762099623680115,1.1184130907058716,0.06684847176074982,-0.2339859902858734,177,74
0.005881547927856445,positive,10.0,10.0,0.5985782146453857,0.9224028587341309,0.062168754637241364,0.07901149243116379,177,75
0.006028652191162109,positive,10.0,10.0,0.6315552592277527,0.9206093549728394,0.07156183570623398,0.1187208890914917,177,77
0.006254673004150391,positive,10.0,10.0,0.6828290224075317,1.1123888492584229,0.0858902633190155,-0.10091978311538696,177,80
0.006480693817138672,positive,10.0,10.0,0.7533999085426331,1.3039193153381348,0.07561732083559036,-0.31498783826828003,177,83
0.0067844390869140625,positive,10.0,10.0,0.8419862985610962,1.2997924089431763,0.07649880647659302,-0.22366461157798767,177,87
0.0069370269775390625,positive,10.0,10.0,0.8978570103645325,1.297682285308838,0.06220011040568352,-0.1767851561307907,177,89
0.007002115249633789,positive,10.0,10.0,0.9238106608390808,1.4918614625930786,0.05866440758109093,-0.4492156505584717,177,90
0.007065296173095703,positive,10.0,10.0,0.9536478519439697,1.6861066818237305,0.04968009516596794,-0.7228448390960693,177,91
0.00712895393371582,positive,10.0,10.0,0.9873700141906738,1.8805075883865356,0.03522319719195366,-0.9994864463806152,177,92
0.00727391242980957,positive,10.0,10.0,1.0586788654327393,1.87984037399292,0.0013144096592441201,-0.9838017225265503,177,94
0.007499217987060547,positive,10.0,10.0,1.159766435623169,1.29518723487854,-0.04025294631719589,-0.12149223685264587,177,97
0.0076465606689453125,positive,10.0,10.0,1.2076834440231323,1.2963706254959106,-0.03951830044388771,-0.14761243760585785,177,99
0.00771021842956543,positive,10.0,10.0,1.2336108684539795,1.1018362045288086,-0.042470552027225494,0.1323459893465042,177,100
0.007773876190185547,positive,10.0,10.0,1.2556475400924683,0.907347559928894,-0.03982362896203995,0.4113333523273468,177,101
0.008157014846801758,positive,10.0,10.0,1.3542810678482056,1.1044782400131226,-0.012492571957409382,0.07394377887248993,177,106
0.008381366729736328,positive,10.0,10.0,1.4166576862335205,0.909746527671814,-0.002430034102872014,0.35801801085472107,177,109
0.008444547653198242,positive,10.0,10.0,1.4348526000976562,1.104902982711792,0.004730326123535633,0.06456981599330902,177,110
0.008666276931762695,positive,10.0,10.0,1.4972399473190308,0.9094406962394714,0.014555818401277065,0.3647804856300354,177,113
0.008730173110961914,positive,10.0,10.0,1.5154287815093994,1.1043528318405151,0.021851427853107452,0.07672256976366043,177,114
0.008873701095581055,positive,10.0,10.0,1.555694341659546,1.1037065982818604,0.030910255387425423,0.09100034087896347,177,116
0.008936882019042969,positive,10.0,10.0,1.5777684450149536,0.9081555604934692,0.032730262726545334,0.3932729661464691,177,117
0.009080886840820312,positive,10.0,10.0,1.6179875135421753,0.9071186780929565,0.04281745105981827,0.4162956476211548,177,119
0.009544610977172852,positive,10.0,10.0,1.7383286952972412,0.902158260345459,0.08009165525436401,0.5268962383270264,177,125
0.00960850715637207,positive,10.0,10.0,1.7563718557357788,0.7060061097145081,0.09062958508729935,0.8437030911445618,177,126
0.00026226043701171875,positive,10.0,10.0,-0.007379536516964436,0.019492510706186295,0.017955856397747993,-0.02910987101495266,178,0
0.0003592967987060547,positive,10.0,10.0,-0.006989686284214258,-0.1758822798728943,0.01737365871667862,0.26918381452560425,178,1
0.000713348388671875,positive,10.0,10.0,-0.0289022084325552,-0.17750030755996704,0.05144278332591057,0.305204838514328,178,5
0.0008625984191894531,positive,10.0,10.0,-0.03991853818297386,-0.17904359102249146,0.06982003152370453,0.3396405577659607,178,7
0.0009305477142333984,positive,10.0,10.0,-0.0434994101524353,0.015019026584923267,0.07661284506320953,0.06976626813411713,178,8
0.0009958744049072266,positive,10.0,10.0,-0.04319902881979942,0.2089637666940689,0.07800816744565964,-0.1977953314781189,178,9
0.0010628700256347656,positive,10.0,10.0,-0.03901975601911545,0.40288829803466797,0.07405225932598114,-0.4648863673210144,178,10
0.0012118816375732422,positive,10.0,10.0,-0.02682594209909439,0.010815775021910667,0.061758290976285934,0.16257618367671967,178,12
0.0016009807586669922,positive,10.0,10.0,-0.018133968114852905,0.2007768154144287,0.07057677954435349,-0.016608012840151787,178,17
0.0019114017486572266,positive,10.0,10.0,-0.002194203669205308,0.5866690874099731,0.07195030152797699,-0.5074713230133057,178,21
0.001976490020751953,positive,10.0,10.0,0.009539177641272545,0.7807074189186096,0.06180087476968765,-0.7766406536102295,178,22
0.0021200180053710938,positive,10.0,10.0,0.03684917464852333,0.3890482783317566,0.03696463629603386,-0.15827131271362305,178,24
0.0022661685943603516,positive,10.0,10.0,0.0484984815120697,-0.0021721445955336094,0.03671601042151451,0.44899147748947144,178,26
0.002330303192138672,positive,10.0,10.0,0.04845504090189934,0.19241175055503845,0.04569584131240845,0.16810443997383118,178,27
0.0023941993713378906,positive,10.0,10.0,0.05230327323079109,-0.003333485219627619,0.04905793070793152,0.4748457074165344,178,28
0.002457141876220703,positive,10.0,10.0,0.05223660543560982,0.19106261432170868,0.058554843068122864,0.1980196088552475,178,29
0.0026857852935791016,positive,10.0,10.0,0.059747785329818726,0.38335445523262024,0.07741168141365051,-0.03266039490699768,178,32
0.002917766571044922,positive,10.0,10.0,0.0787823349237442,0.5750097036361694,0.08274436742067337,-0.2496933937072754,178,35
0.0029828548431396484,positive,10.0,10.0,0.09028252959251404,0.7688584923744202,0.07775049656629562,-0.5151726603507996,178,36
0.003141164779663086,positive,10.0,10.0,0.11711435765028,0.37671414017677307,0.06346630305051804,0.11413662880659103,178,38
0.0032863616943359375,positive,10.0,10.0,0.12826350331306458,0.37487494945526123,0.07427199929952621,0.1548956036567688,178,40
0.003350496292114258,positive,10.0,10.0,0.13576099276542664,0.5688592195510864,0.07736991345882416,-0.11346271634101868,178,41
0.0034978389739990234,positive,10.0,10.0,0.16239403188228607,0.5666886568069458,0.06748529523611069,-0.06538281589746475,178,43
0.0035626888275146484,positive,10.0,10.0,0.17372779548168182,0.7607814073562622,0.06617764383554459,-0.3360336124897003,178,44
0.0036268234252929688,positive,10.0,10.0,0.18894343078136444,0.5647830963134766,0.059456970542669296,-0.023237721994519234,178,45
0.003690481185913086,positive,10.0,10.0,0.20023909211158752,0.3688611388206482,0.05899221450090408,0.2875960171222687,178,46
0.003753185272216797,positive,10.0,10.0,0.20761631429195404,0.5630943775177002,0.06474413722753525,0.014086631126701832,178,47
0.004137992858886719,positive,10.0,10.0,0.27153635025024414,0.7532673478126526,0.058705247938632965,-0.1697760969400406,178,52
0.004282712936401367,positive,10.0,10.0,0.2977488338947296,0.3614877462387085,0.05812639743089676,0.45044001936912537,178,54
0.004593610763549805,positive,10.0,10.0,0.3343636095523834,0.7476688623428345,0.08486438542604446,-0.046142637729644775,178,58
0.004740715026855469,positive,10.0,10.0,0.3681465685367584,0.7452665567398071,0.07772373408079147,0.007040807045996189,178,60
0.004805088043212891,positive,10.0,10.0,0.38305190205574036,0.9391927719116211,0.07786455750465393,-0.26014256477355957,178,61
0.004868745803833008,positive,10.0,10.0,0.40183573961257935,1.1331218481063843,0.07266170531511307,-0.5272856950759888,178,62
0.005258083343505859,positive,10.0,10.0,0.4837540090084076,0.5434004068374634,0.07075296342372894,0.44946861267089844,178,67
0.00540471076965332,positive,10.0,10.0,0.5093711018562317,0.9313496947288513,0.0833403468132019,-0.08659937977790833,178,69
0.005548238754272461,positive,10.0,10.0,0.5505017638206482,0.9290023446083069,0.07457099109888077,-0.03460868448019028,178,71
0.0058519840240478516,positive,10.0,10.0,0.6246963739395142,0.9249516725540161,0.07457426935434341,0.05499587953090668,178,75
0.005997180938720703,positive,10.0,10.0,0.6655740141868591,1.3128925561904907,0.07140903174877167,-0.4811425805091858,178,77
0.0060617923736572266,positive,10.0,10.0,0.6918318867683411,1.5069377422332764,0.06178617849946022,-0.7504920959472656,178,78
0.00612640380859375,positive,10.0,10.0,0.7219706177711487,1.7011555433273315,0.046776339411735535,-1.0231094360351562,178,79
0.006516933441162109,positive,10.0,10.0,0.8920120596885681,1.5054771900177002,-0.0537845753133297,-0.7172514200210571,178,84
0.0065844058990478516,positive,10.0,10.0,0.9221215844154358,1.7013006210327148,-0.06812960654497147,-1.0263668298721313,178,85
0.007478475570678711,positive,10.0,10.0,1.1380555629730225,0.7424691915512085,-0.08986847847700119,0.0690552145242691,178,96
0.00762486457824707,positive,10.0,10.0,1.1638798713684082,0.7450056076049805,-0.08184564858675003,0.012862560339272022,178,98
0.007851839065551758,positive,10.0,10.0,1.196948528289795,0.16330194473266602,-0.0651252344250679,0.8123138546943665,178,101
0.007916688919067383,positive,10.0,10.0,1.2002145051956177,0.3592526316642761,-0.04887895658612251,0.4998776316642761,178,102
0.007980108261108398,positive,10.0,10.0,1.207399606704712,0.5550283789634705,-0.03888140246272087,0.19220010936260223,178,103
0.008125066757202148,positive,10.0,10.0,1.2257097959518433,0.5560824275016785,-0.02559003047645092,0.16885140538215637,178,105
0.008188962936401367,positive,10.0,10.0,1.2368314266204834,0.3613359034061432,-0.022213002666831017,0.4533528685569763,178,106
0.008252620697021484,positive,10.0,10.0,1.2440581321716309,0.5567647814750671,-0.013145945966243744,0.15375173091888428,178,107
0.008316278457641602,positive,10.0,10.0,1.2551934719085693,0.3618335425853729,-0.010070910677313805,0.4422585964202881,178,108
0.008378982543945312,positive,10.0,10.0,1.262430191040039,0.557096540927887,-0.0012257391354069114,0.14641813933849335,178,109
0.008683443069458008,positive,10.0,10.0,1.2991900444030762,0.5567492246627808,0.02225903607904911,0.15411177277565002,178,113
0.008750200271606445,positive,10.0,10.0,1.310325026512146,0.3613157570362091,0.025341270491480827,0.453732967376709,178,114
0.008898019790649414,positive,10.0,10.0,1.3208682537078857,0.3604758083820343,0.049501825124025345,0.47263747453689575,178,116
0.009042978286743164,positive,10.0,10.0,1.3391751050949097,0.3589514493942261,0.06287374347448349,0.5066408514976501,178,118
0.009191274642944336,positive,10.0,10.0,1.3574168682098389,0.7471407651901245,0.07769487798213959,-0.03437478840351105,178,120
0.009339094161987305,positive,10.0,10.0,1.3911809921264648,1.1350122690200806,0.07097601890563965,-0.5690052509307861,178,122
0.009404659271240234,positive,10.0,10.0,1.4138811826705933,0.9389703869819641,0.05959591642022133,-0.2548333406448364,178,123
0.009469747543334961,positive,10.0,10.0,1.4326605796813965,0.7430503964424133,0.054499246180057526,0.056035734713077545,178,124
0.009614706039428711,positive,10.0,10.0,1.4584654569625854,0.74148029088974,0.06292802840471268,0.09076402336359024,178,126
0.009679317474365234,positive,10.0,10.0,1.4732950925827026,0.5455154776573181,0.06474331021308899,0.4026181101799011,178,127
0.009742021560668945,positive,10.0,10.0,1.4842053651809692,0.739662230014801,0.07279567420482635,0.13102927803993225,178,128
0.009805679321289062,positive,10.0,10.0,1.4989986419677734,0.9336700439453125,0.07541625946760178,-0.13782860338687897,178,129
0.009869098663330078,positive,10.0,10.0,1.517672061920166,1.1276353597640991,0.0726596862077713,-0.40579816699028015,178,130
0.009932756423950195,positive,10.0,10.0,1.5402246713638306,0.9315622448921204,0.0645437240600586,-0.09112145751714706,178,131
0.009995698928833008,positive,10.0,10.0,1.5588560104370117,0.735577404499054,0.06272128969430923,0.22120638191699982,178,132
0.010057687759399414,positive,10.0,10.0,1.573567509651184,0.5396175980567932,0.06714542210102081,0.5329960584640503,178,133
0.010205507278442383,positive,10.0,10.0,1.5990345478057861,0.9276642203330994,0.08304940909147263,-0.004960088990628719,178,135
0.010270118713378906,positive,10.0,10.0,1.6175878047943115,1.1215029954910278,0.08295020461082458,-0.2703276574611664,178,136
0.010332822799682617,positive,10.0,10.0,1.6400178670883179,1.3153493404388428,0.07754365354776382,-0.535737931728363,178,137
0.010558366775512695,positive,10.0,10.0,1.7227774858474731,1.1175285577774048,0.040966980159282684,-0.18183955550193787,178,140
0.010622262954711914,positive,10.0,10.0,1.7451280355453491,1.312041163444519,0.03733018785715103,-0.4613226354122162,178,141
0.01092672348022461,positive,10.0,10.0,1.865648865699768,1.701264500617981,-0.021828772500157356,-1.023855447769165,178,145
0.011080265045166016,negative,10.0,-10.0,1.9298028945922852,1.7021198272705078,-0.05706799030303955,-1.0437968969345093,178,147
0.011226654052734375,negative,10.0,-10.0,1.9940012693405151,1.3138325214385986,-0.09333514422178268,-0.5023850202560425,178,149
0.011293411254882812,negative,10.0,-10.0,2.020277976989746,1.120141625404358,-0.10338284075260162,-0.2405138462781906,178,150
0.0115203857421875,negative,10.0,-10.0,2.091474771499634,1.3197296857833862,-0.12561582028865814,-0.6350457072257996,178,153
0.011584758758544922,negative,10.0,-10.0,2.1178693771362305,1.1265629529953003,-0.13831673562526703,-0.38441258668899536,178,154
0.011651754379272461,negative,10.0,-10.0,2.1404006481170654,1.3233497142791748,-0.14600498974323273,-0.7173092365264893,178,155
0.011880159378051758,negative,10.0,-10.0,2.2160279750823975,1.524488091468811,-0.18608006834983826,-1.1534576416015625,178,158
0.00043702125549316406,positive,10.0,10.0,0.046002648770809174,-0.03370312973856926,0.03964795917272568,0.0389786995947361,179,0
0.0005526542663574219,positive,10.0,10.0,0.04532858729362488,-0.22937053442001343,0.04042753204703331,0.3439026176929474,179,1
0.0006225109100341797,positive,10.0,10.0,0.040741175413131714,-0.034846335649490356,0.04730558395385742,0.06423716992139816,179,2
0.0008897781372070312,positive,10.0,10.0,0.0347076952457428,-0.23209255933761597,0.057909317314624786,0.40430501103401184,179,5
0.0013699531555175781,positive,10.0,10.0,0.03388194739818573,0.15190352499485016,0.07182785868644714,-0.04396051913499832,179,11
0.0014374256134033203,positive,10.0,10.0,0.03692001849412918,0.3459259271621704,0.07094864547252655,-0.3131444454193115,179,12
0.0015010833740234375,positive,10.0,10.0,0.043838538229465485,0.14986874163150787,0.06468575447797775,0.0010428717359900475,179,13
0.0015845298767089844,positive,10.0,10.0,0.04683591425418854,-0.046118397265672684,0.06470661610364914,0.3134130835533142,179,14
0.001653909683227539,positive,10.0,10.0,0.04591354355216026,-0.2420995980501175,0.07097487896680832,0.6257801651954651,179,15
0.002047300338745117,positive,10.0,10.0,0.06048142910003662,0.3369434177875519,0.0803239494562149,-0.11453035473823547,179,20
0.002353668212890625,positive,10.0,10.0,0.08730330318212509,-0.05740496143698692,0.074113629758358,0.5631038546562195,179,24
0.002417325973510742,positive,10.0,10.0,0.08615520596504211,0.13660305738449097,0.08537570387125015,0.29466015100479126,179,25
0.002481698989868164,positive,10.0,10.0,0.08888726681470871,0.3304106295108795,0.09126891195774078,0.030077602714300156,179,26
0.0025479793548583984,positive,10.0,10.0,0.09549547731876373,0.5241132378578186,0.09187046438455582,-0.23247118294239044,179,27
0.002611875534057617,positive,10.0,10.0,0.10597774386405945,0.32780689001083374,0.08722103387117386,0.08771853893995285,179,28
0.002676725387573242,positive,10.0,10.0,0.11253388226032257,0.5215773582458496,0.08897540718317032,-0.1762218028306961,179,29
0.0030651092529296875,positive,10.0,10.0,0.16444317996501923,0.7105453610420227,0.07685703784227371,-0.3335115909576416,179,34
0.0034470558166503906,positive,10.0,10.0,0.2196858674287796,0.9003365635871887,0.0714644119143486,-0.5090336203575134,179,39
0.00359344482421875,positive,10.0,10.0,0.2517783045768738,0.5083417892456055,0.05738947540521622,0.11665498465299606,179,41
0.0036568641662597656,positive,10.0,10.0,0.26194512844085693,0.3124465048313141,0.059722576290369034,0.42687737941741943,179,42
0.0037212371826171875,positive,10.0,10.0,0.2681940495967865,0.5066739916801453,0.06826012581586838,0.15360361337661743,179,43
0.003865957260131836,positive,10.0,10.0,0.28454041481018066,0.5046898722648621,0.08067251741886139,0.1976419985294342,179,45
0.004091978073120117,positive,10.0,10.0,0.3264533281326294,0.6961818337440491,0.07658711075782776,-0.015638384968042374,179,48
0.004239320755004883,positive,10.0,10.0,0.3581794798374176,1.0840824842453003,0.0706101804971695,-0.5508931875228882,179,50
0.004304170608520508,positive,10.0,10.0,0.37986114621162415,0.8880435228347778,0.059592314064502716,-0.2368253767490387,179,51
0.004451751708984375,positive,10.0,10.0,0.41146448254585266,0.4962593615055084,0.056336674839258194,0.3835165798664093,179,53
0.004516124725341797,positive,10.0,10.0,0.4213896691799164,0.6905381083488464,0.06400700658559799,0.10911505669355392,179,54
0.004740476608276367,positive,10.0,10.0,0.45886531472206116,0.8826634883880615,0.07761863619089127,-0.11806066334247589,179,57
0.004885673522949219,positive,10.0,10.0,0.49805042147636414,0.8804872632026672,0.06755179911851883,-0.06985139846801758,179,59
0.0049495697021484375,positive,10.0,10.0,0.5156601667404175,0.6844651699066162,0.06615477055311203,0.24335630238056183,179,60
0.0050144195556640625,positive,10.0,10.0,0.5293495059013367,0.48846372961997986,0.07102189213037491,0.5561506748199463,179,61
0.005159139633178711,positive,10.0,10.0,0.5527691841125488,0.8763806819915771,0.08787815272808075,0.02097593992948532,179,63
0.0053174495697021484,positive,10.0,10.0,0.5916996002197266,1.2638967037200928,0.08344291150569916,-0.5063155889511108,179,65
0.00546574592590332,positive,10.0,10.0,0.6383315920829773,1.2617048025131226,0.06954566389322281,-0.4572303295135498,179,67
0.005774974822998047,positive,10.0,10.0,0.7157507538795471,0.8680550456047058,0.07044299691915512,0.20502221584320068,179,71
0.005839347839355469,positive,10.0,10.0,0.7331118583679199,0.6720001697540283,0.07454343885183334,0.5190683603286743,179,72
0.005903005599975586,positive,10.0,10.0,0.7465518712997437,0.865997850894928,0.08492480963468552,0.25077542662620544,179,73
0.005967140197753906,positive,10.0,10.0,0.7638718485832214,1.0598108768463135,0.08994031697511673,-0.013958482071757317,179,74
0.006112337112426758,positive,10.0,10.0,0.8101387619972229,1.4472715854644775,0.08412186056375504,-0.5400757789611816,179,76
0.0061762332916259766,positive,10.0,10.0,0.8390842080116272,1.2510740756988525,0.07332034409046173,-0.22211763262748718,179,77
0.006242036819458008,positive,10.0,10.0,0.8641057014465332,1.4450756311416626,0.06887799501419067,-0.49080121517181396,179,78
0.006306171417236328,positive,10.0,10.0,0.893007218837738,1.6391618251800537,0.05906197056174278,-0.7610060572624207,179,79
0.006451845169067383,positive,10.0,10.0,0.9624589085578918,1.6377458572387695,0.023151149973273277,-0.7284166216850281,179,81
0.006515979766845703,positive,10.0,10.0,0.9952138066291809,1.8325402736663818,0.008582818321883678,-1.0137240886688232,179,82
0.006579160690307617,positive,10.0,10.0,1.0318646430969238,1.6373049020767212,-0.011691663414239883,-0.7183584570884705,179,83
0.0067250728607177734,positive,10.0,10.0,1.0934576988220215,1.2476032972335815,-0.034646399319171906,-0.14502288401126862,179,85
0.006789207458496094,positive,10.0,10.0,1.1184097528457642,1.0529941320419312,-0.03754685819149017,0.13653157651424408,179,86
0.006934642791748047,positive,10.0,10.0,1.1566381454467773,1.0540271997451782,-0.02647349424660206,0.11368408054113388,179,88
0.007000446319580078,positive,10.0,10.0,1.1777187585830688,0.8592943549156189,-0.02419981360435486,0.3978986442089081,179,89
0.007067441940307617,positive,10.0,10.0,1.1949045658111572,0.6645239591598511,-0.01624184101819992,0.6828546524047852,179,90
0.007216215133666992,positive,10.0,10.0,1.225392460823059,1.0550261735916138,0.005117311608046293,0.09160614758729935,179,92
0.007281064987182617,positive,10.0,10.0,1.2464929819107056,0.8598312735557556,0.006949434522539377,0.3858991861343384,179,93
0.0073451995849609375,positive,10.0,10.0,1.263689637184143,1.054853916168213,0.014667417854070663,0.09541545063257217,179,94
0.007491111755371094,positive,10.0,10.0,1.3019771575927734,1.0544077157974243,0.02442951872944832,0.10527852177619934,179,96
0.007555484771728516,positive,10.0,10.0,1.3230652809143066,0.858944296836853,0.026535090059041977,0.40556764602661133,179,97
0.00762176513671875,positive,10.0,10.0,1.340244174003601,1.0536800622940063,0.03464644402265549,0.12136717885732651,179,98
0.007685422897338867,positive,10.0,10.0,1.361317753791809,0.8580793142318726,0.03707378730177879,0.42477625608444214,179,99
0.0077495574951171875,positive,10.0,10.0,1.3784793615341187,1.0526570081710815,0.04556931182742119,0.14400745928287506,179,100
0.007894754409790039,positive,10.0,10.0,1.416670799255371,1.051317572593689,0.05746368691325188,0.17368538677692413,179,102
0.008684873580932617,positive,10.0,10.0,1.676713466644287,1.820834755897522,0.03695819154381752,-0.7561396360397339,179,112
0.00874948501586914,positive,10.0,10.0,1.7131301164627075,1.6252233982086182,0.02183539792895317,-0.45205971598625183,179,113
0.008813619613647461,positive,10.0,10.0,1.74563467502594,1.4297995567321777,0.012794203124940395,-0.15257474780082703,179,114
0.008878707885742188,positive,10.0,10.0,1.7742305994033813,1.234496831893921,0.009742708876729012,0.1441168487071991,179,115
0.008941650390625,positive,10.0,10.0,1.7989205121994019,1.4294779300689697,0.012625046074390411,-0.1454765796661377,179,116
0.009088516235351562,positive,10.0,10.0,1.8521937131881714,1.4291589260101318,0.01273876242339611,-0.13843970000743866,179,118
0.009155988693237305,positive,10.0,10.0,1.8807768821716309,1.624096155166626,0.009969969280064106,-0.42707666754722595,179,119
0.009575128555297852,negative,10.0,-10.0,2.0197594165802,1.4288102388381958,0.002659135963767767,-0.13073556125164032,179,124
0.009883880615234375,negative,10.0,-10.0,2.126256227493286,1.4287145137786865,0.00397921958938241,-0.12862280011177063,179,128
0.009948968887329102,negative,10.0,-10.0,2.1548304557800293,1.2335357666015625,0.0014067634474486113,0.16531285643577576,179,129
0.010014533996582031,negative,10.0,-10.0,2.1795012950897217,1.4286375045776367,0.004713020753115416,-0.12692594528198242,179,130
0.01007843017578125,negative,10.0,-10.0,2.208073854446411,1.2334483861923218,0.002174501772969961,0.16724015772342682,179,131
0.010141611099243164,negative,10.0,-10.0,2.23274302482605,1.4285391569137573,0.0055193048901855946,-0.12475598603487015,179,132
0.010288715362548828,negative,10.0,-10.0,2.285980463027954,1.4284170866012573,0.006417447235435247,-0.1220642551779747,179,134
0.0008091926574707031,positive,10.0,10.0,-0.00229827594012022,-0.17054273188114166,0.04412481188774109,0.3599207401275635,180,3
0.0008795261383056641,positive,10.0,10.0,-0.0057091303169727325,0.023925116285681725,0.05132322385907173,0.08147139102220535,180,4
0.0009443759918212891,positive,10.0,10.0,-0.005230627954006195,-0.17189355194568634,0.05295265465974808,0.3898950219154358,180,5
0.0010089874267578125,positive,10.0,10.0,-0.008668499067425728,0.0224384143948555,0.060750555247068405,0.11436647176742554,180,6
0.0011749267578125,positive,10.0,10.0,-0.01168971136212349,0.020676011219620705,0.07154948264360428,0.1534169465303421,180,8
0.0013213157653808594,positive,10.0,10.0,-0.006982102524489164,0.40868231654167175,0.07230055332183838,-0.38410329818725586,180,10
0.0017309188842773438,positive,10.0,10.0,0.002484817523509264,0.20867274701595306,0.08486510068178177,0.01758250594139099,180,15
0.0017948150634765625,positive,10.0,10.0,0.006658272352069616,0.4024815857410431,0.08521675318479538,-0.24716410040855408,180,16
0.002019643783569336,positive,10.0,10.0,0.03463637828826904,0.2040839046239853,0.06613877415657043,0.11899155378341675,180,19
0.0027379989624023438,positive,10.0,10.0,0.07842713594436646,0.38953039050102234,0.09238877892494202,0.0396411269903183,180,28
0.0029664039611816406,positive,10.0,10.0,0.11341981589794159,0.5806347727775574,0.07904277741909027,-0.1651419699192047,180,31
0.003031015396118164,positive,10.0,10.0,0.12503251433372498,0.774541437625885,0.07573994249105453,-0.43187952041625977,180,32
0.0030946731567382812,positive,10.0,10.0,0.14052334427833557,0.5784333944320679,0.06710235029459,-0.11631445586681366,180,33
0.0031578540802001953,positive,10.0,10.0,0.15209200978279114,0.38241732120513916,0.06477606296539307,0.19676119089126587,180,34
0.003221750259399414,positive,10.0,10.0,0.1597403585910797,0.18643151223659515,0.0687112882733345,0.509154200553894,180,35
0.003532886505126953,positive,10.0,10.0,0.19793331623077393,0.9621062278747559,0.07725309580564499,-0.5584107041358948,180,39
0.0036787986755371094,positive,10.0,10.0,0.2324952334165573,0.5699890851974487,0.06123640760779381,0.07035048305988312,180,41
0.003824472427368164,positive,10.0,10.0,0.2513759136199951,0.5682241916656494,0.07027757167816162,0.10941556841135025,180,43
0.003973484039306641,positive,10.0,10.0,0.2701837718486786,0.5661938190460205,0.08093421906232834,0.15443000197410583,180,45
0.004038333892822266,positive,10.0,10.0,0.281507670879364,0.7600692510604858,0.08402281999588013,-0.11166254431009293,180,46
0.0041043758392333984,positive,10.0,10.0,0.2967090308666229,0.9538930058479309,0.08178956806659698,-0.3766988217830658,180,47
0.004168272018432617,positive,10.0,10.0,0.3157868981361389,0.7577103972434998,0.07425559312105179,-0.05938934534788132,180,48
0.004232645034790039,positive,10.0,10.0,0.3309411108493805,0.9516934752464294,0.073067806661129,-0.3277510106563568,180,49
0.004297018051147461,positive,10.0,10.0,0.34997498989105225,0.7556114792823792,0.06651278585195541,-0.01294997613877058,180,50
0.004443645477294922,positive,10.0,10.0,0.37627923488616943,0.7537199258804321,0.07225288450717926,0.02888079360127449,180,52
0.004508256912231445,positive,10.0,10.0,0.39135363698005676,0.9477353096008301,0.07283049821853638,-0.24015915393829346,180,53
0.004735469818115234,positive,10.0,10.0,0.45205795764923096,0.7498346567153931,0.05393335595726967,0.11466717720031738,180,56
0.004800319671630859,positive,10.0,10.0,0.4670546352863312,0.5539830327033997,0.0562267005443573,0.4238661229610443,180,57
0.004945993423461914,positive,10.0,10.0,0.4930996000766754,0.5522793531417847,0.06769252568483353,0.4617987275123596,180,59
0.005094051361083984,positive,10.0,10.0,0.5190728306770325,0.9403244853019714,0.08075244724750519,-0.07626070827245712,180,61
0.005325794219970703,positive,10.0,10.0,0.5715231895446777,1.1318718194961548,0.08352436870336533,-0.2909388244152069,180,64
0.00579380989074707,positive,10.0,10.0,0.7031141519546509,0.7355488538742065,0.061831846833229065,0.43034857511520386,180,70
0.0058574676513671875,positive,10.0,10.0,0.7178251147270203,0.9297431707382202,0.07043881714344025,0.15778067708015442,180,71
0.006255149841308594,positive,10.0,10.0,0.8183846473693848,1.1190786361694336,0.0793292447924614,-0.007669312879443169,180,76
0.0064847469329833984,positive,10.0,10.0,0.8971635699272156,1.3108106851577759,0.06286966055631638,-0.22604268789291382,180,79
0.006551265716552734,positive,10.0,10.0,0.9233797788619995,1.1148492097854614,0.05834880843758583,0.08579032123088837,180,80
0.006697893142700195,positive,10.0,10.0,0.964055597782135,1.1131620407104492,0.06799054145812988,0.12313944101333618,180,82
0.006846189498901367,positive,10.0,10.0,1.0046615600585938,1.1111928224563599,0.07918281853199005,0.16680599749088287,180,84
0.006993532180786133,positive,10.0,10.0,1.0529873371124268,1.4989455938339233,0.08052125573158264,-0.365433931350708,180,86
0.007224321365356445,positive,10.0,10.0,1.1545602083206177,1.6909765005111694,0.04257022216916084,-0.5893449783325195,180,89
0.007290840148925781,positive,10.0,10.0,1.1883797645568848,1.495285153388977,0.03078332357108593,-0.28356197476387024,180,90
0.007515907287597656,positive,10.0,10.0,1.2663655281066895,1.299014925956726,0.031868815422058105,0.03462975099682808,180,93
0.00758051872253418,positive,10.0,10.0,1.2923458814620972,1.1034507751464844,0.03256141021847725,0.3371948301792145,180,94
0.007892370223999023,positive,10.0,10.0,1.388364553451538,1.101185917854309,0.04920196160674095,0.3874146342277527,180,98
0.007956981658935547,positive,10.0,10.0,1.4103882312774658,1.2955762147903442,0.05695025250315666,0.11064166575670242,180,99
0.008423566818237305,positive,10.0,10.0,1.5616862773895264,1.6796860694885254,0.0820365697145462,-0.34085986018180847,180,105
0.00848841667175293,positive,10.0,10.0,1.5952799320220947,1.8735507726669312,0.07521937042474747,-0.606587290763855,180,106
0.008553028106689453,positive,10.0,10.0,1.6327509880065918,2.067544937133789,0.06308762729167938,-0.874661922454834,180,107
0.008780956268310547,positive,10.0,10.0,1.7450522184371948,1.4802985191345215,0.029214993119239807,0.047173772007226944,180,110
0.008844614028930664,positive,10.0,10.0,1.774658203125,1.284770131111145,0.030158469453454018,0.3489292562007904,180,111
0.008909463882446289,positive,10.0,10.0,1.8003536462783813,1.4794504642486572,0.03713705390691757,0.06590679287910461,180,112
0.009220123291015625,positive,10.0,10.0,1.918642520904541,1.4770368337631226,0.04388953000307083,0.11921408027410507,180,116
0.009285449981689453,negative,10.0,-10.0,1.948183298110962,1.281314492225647,0.046273812651634216,0.4254143536090851,180,117
0.009351730346679688,negative,10.0,-10.0,1.9738094806671143,1.475751519203186,0.05478210002183914,0.147670716047287,180,118
0.009415864944458008,negative,10.0,-10.0,2.003324508666992,1.2798895835876465,0.057735513895750046,0.45712071657180786,180,119
0.009478569030761719,negative,10.0,-10.0,2.0289223194122314,1.4741498231887817,0.06687792390584946,0.18318073451519012,180,120
0.009624719619750977,negative,10.0,-10.0,2.083968162536621,1.4721977710723877,0.08046531677246094,0.2265448123216629,180,122
0.009771347045898438,negative,10.0,-10.0,2.1467337608337402,1.8598898649215698,0.08420199900865555,-0.30441275238990784,180,124
0.009917020797729492,negative,10.0,-10.0,2.217205047607422,1.8575950860977173,0.0783855989575386,-0.25345802307128906,180,126
0.010232210159301758,negative,10.0,-10.0,2.3656857013702393,1.4635664224624634,0.06092214956879616,0.4169152081012726,180,130
0.00047326087951660156,positive,10.0,10.0,-0.03021833300590515,0.040646377950906754,0.027084946632385254,-0.01801403984427452,181,0
0.0005970001220703125,positive,10.0,10.0,-0.02940540574491024,-0.15485331416130066,0.026724664494395256,0.2830899655818939,181,1
0.0006673336029052734,positive,10.0,10.0,-0.03250247240066528,-0.35034605860710144,0.03238646313548088,0.5840804576873779,181,2
0.0009233951568603516,positive,10.0,10.0,-0.041847746819257736,-0.1570286899805069,0.05056968331336975,0.33136817812919617,181,5
0.0009887218475341797,positive,10.0,10.0,-0.044988323003053665,0.03733833506703377,0.057197049260139465,0.0550515241920948,181,6
0.0010528564453125,positive,10.0,10.0,-0.04424155503511429,-0.15855510532855988,0.058298077434301376,0.365217924118042,181,7
0.0011162757873535156,positive,10.0,10.0,-0.047412656247615814,0.035691987723112106,0.06560243666172028,0.09147221595048904,181,8
0.0012636184692382812,positive,10.0,10.0,-0.04990493506193161,0.03379812836647034,0.07551407814025879,0.1334255337715149,181,10
0.0014917850494384766,positive,10.0,10.0,-0.0362401008605957,0.2255748063325882,0.06746158003807068,-0.0860435962677002,181,13
0.0015566349029541016,positive,10.0,10.0,-0.031728606671094894,0.02955394797027111,0.06574070453643799,0.2271375209093094,181,14
0.0017821788787841797,positive,10.0,10.0,-0.03391389921307564,0.22150127589702606,0.08648120611906052,0.004027016460895538,181,17
0.0018460750579833984,positive,10.0,10.0,-0.029483873397111893,0.41528335213661194,0.08656173944473267,-0.2601660192012787,181,18
0.0019097328186035156,positive,10.0,10.0,-0.02117820642888546,0.60906982421875,0.0813584253191948,-0.5243399739265442,181,19
0.0022268295288085938,positive,10.0,10.0,0.004014723002910614,0.21491314470767975,0.0772675946354866,0.14976581931114197,181,23
0.0022919178009033203,positive,10.0,10.0,0.008312986232340336,0.40884852409362793,0.0802629142999649,-0.11757519096136093,181,24
0.002519369125366211,positive,10.0,10.0,0.03667658939957619,0.21054260432720184,0.06887949258089066,0.24628888070583344,181,27
0.0025844573974609375,positive,10.0,10.0,0.040887441486120224,0.014507953077554703,0.07380527257919312,0.5598781108856201,181,28
0.0026481151580810547,positive,10.0,10.0,0.041177600622177124,0.20852063596248627,0.0850028321146965,0.2913304269313812,181,29
0.0027313232421875,positive,10.0,10.0,0.04534801468253136,0.40233418345451355,0.09082943946123123,0.026620514690876007,181,30
0.0032067298889160156,positive,10.0,10.0,0.1049257442355156,0.7843088507652283,0.08545134216547012,-0.3779850900173187,181,36
0.003270864486694336,positive,10.0,10.0,0.12061192095279694,0.588083803653717,0.07789164036512375,-0.059629421681165695,181,37
0.0033354759216308594,positive,10.0,10.0,0.1323736011981964,0.7820075750350952,0.07669904828071594,-0.3267560601234436,181,38
0.003399372100830078,positive,10.0,10.0,0.14801375567913055,0.5858821868896484,0.07016392797231674,-0.010905466042459011,181,39
0.0035457611083984375,positive,10.0,10.0,0.1675279438495636,0.5838868021965027,0.07600709795951843,0.03323439136147499,181,41
0.0038518905639648438,positive,10.0,10.0,0.22971287369728088,0.5797789096832275,0.05818735808134079,0.12395241856575012,181,45
0.003915309906005859,positive,10.0,10.0,0.24130845069885254,0.38387370109558105,0.06066640838980675,0.43441033363342285,181,46
0.003979206085205078,positive,10.0,10.0,0.24898593127727509,0.5780866742134094,0.06935461610555649,0.1614518016576767,181,47
0.004122734069824219,positive,10.0,10.0,0.2681885361671448,0.5760698318481445,0.08208730816841125,0.20623114705085754,181,49
0.004269838333129883,positive,10.0,10.0,0.29510849714279175,0.9637147188186646,0.08502253144979477,-0.3237558901309967,181,51
0.004335165023803711,positive,10.0,10.0,0.31438279151916504,0.7674915194511414,0.0785474106669426,-0.005517775658518076,181,52
0.004643678665161133,positive,10.0,10.0,0.3912523090839386,0.7633032202720642,0.05770901218056679,0.08702543377876282,181,56
0.004709720611572266,positive,10.0,10.0,0.4065183997154236,0.5674035549163818,0.05944951996207237,0.3973427414894104,181,57
0.004773378372192383,positive,10.0,10.0,0.41786646842956543,0.7616339325904846,0.0673963725566864,0.12397978454828262,181,58
0.0048367977142333984,positive,10.0,10.0,0.4330991208553314,0.5656144022941589,0.06987597048282623,0.437141090631485,181,59
0.0048999786376953125,positive,10.0,10.0,0.44441142678260803,0.7596812844276428,0.07861879467964172,0.1672779768705368,181,60
0.00496220588684082,positive,10.0,10.0,0.45960503816604614,0.953594982624054,0.08196435123682022,-0.09960401058197021,181,61
0.005911827087402344,positive,10.0,10.0,0.7417208552360535,1.332744836807251,0.006507377605885267,-0.43995949625968933,181,73
0.00613713264465332,positive,10.0,10.0,0.8333898186683655,1.5280349254608154,-0.03738323971629143,-0.7366593480110168,181,76
0.006213665008544922,positive,10.0,10.0,0.8639504909515381,1.723652720451355,-0.052116427570581436,-1.040869116783142,181,77
0.006359577178955078,positive,10.0,10.0,0.9290087223052979,1.3352144956588745,-0.08823364973068237,-0.4961203336715698,181,79
0.006910800933837891,positive,10.0,10.0,1.0346115827560425,-0.02081754058599472,-0.04810482636094093,1.340430736541748,181,86
0.006974220275878906,positive,10.0,10.0,1.0341953039169312,-0.21530205011367798,-0.02129621058702469,1.617682695388794,181,87
0.0070400238037109375,positive,10.0,10.0,1.0298892259597778,-0.41016656160354614,0.011057442054152489,1.903652548789978,181,88
0.00735163688659668,negative,10.0,-10.0,0.9814240336418152,-0.4132155179977417,0.18815690279006958,1.999096155166626,181,92
0.0005273818969726562,positive,10.0,10.0,-0.04087041690945625,-0.2237335592508316,0.04897725209593773,0.27541351318359375,182,1
0.0006256103515625,positive,10.0,10.0,-0.045345086604356766,-0.4195188283920288,0.05448552221059799,0.583132803440094,182,2
0.0010302066802978516,positive,10.0,10.0,-0.048463620245456696,0.1609238088130951,0.05839317664504051,-0.1873737871646881,182,7
0.0010955333709716797,positive,10.0,10.0,-0.04524514451622963,-0.03498286381363869,0.05464570224285126,0.12314321100711823,182,8
0.0012438297271728516,positive,10.0,10.0,-0.05056166648864746,-0.03657457232475281,0.06575962901115417,0.15840592980384827,182,10
0.0013966560363769531,positive,10.0,10.0,-0.05594462528824806,-0.03848925977945328,0.0783495157957077,0.20090192556381226,182,12
0.0014615058898925781,positive,10.0,10.0,-0.056714411824941635,0.15542979538440704,0.08236755430698395,-0.06607311218976974,182,13
0.0021729469299316406,positive,10.0,10.0,-0.013890835456550121,-0.048304907977581024,0.06387357413768768,0.41757798194885254,182,22
0.0024023056030273438,positive,10.0,10.0,-0.005142328795045614,0.5338432788848877,0.07267193496227264,-0.39141884446144104,182,25
0.0025482177734375,positive,10.0,10.0,0.012289922684431076,0.1417805701494217,0.06330881267786026,0.2356785386800766,182,27
0.002611398696899414,positive,10.0,10.0,0.015125534497201443,-0.05418607220053673,0.06802238523960114,0.5476399660110474,182,28
0.0026748180389404297,positive,10.0,10.0,0.014041813090443611,0.13991761207580566,0.07897518575191498,0.27714094519615173,182,29
0.002738475799560547,positive,10.0,10.0,0.016840165480971336,0.33382925391197205,0.08451800048351288,0.010374684818089008,182,30
0.0028023719787597656,positive,10.0,10.0,0.02351674996316433,0.5276437997817993,0.08472549915313721,-0.2544906735420227,182,31
0.0031070709228515625,positive,10.0,10.0,0.06559053063392639,0.13327965140342712,0.0674191564321518,0.42360183596611023,182,35
0.0032532215118408203,positive,10.0,10.0,0.07480382919311523,0.5213428735733032,0.07894942909479141,-0.11489727348089218,182,37
0.003401517868041992,positive,10.0,10.0,0.09953568130731583,0.5191280841827393,0.0690181776881218,-0.0658324584364891,182,39
0.003633260726928711,positive,10.0,10.0,0.11892136186361313,0.32109883427619934,0.08387856185436249,0.2921124994754791,182,42
0.0036993026733398438,positive,10.0,10.0,0.12534333765506744,0.5149309039115906,0.08972081542015076,0.0270179845392704,182,43
0.003851175308227539,positive,10.0,10.0,0.1498151421546936,0.9023835062980652,0.08553990721702576,-0.498965859413147,182,45
0.003918647766113281,positive,10.0,10.0,0.16786281764507294,1.0962018966674805,0.07556059211492538,-0.763512372970581,182,46
0.003983497619628906,positive,10.0,10.0,0.1897868514060974,0.9001250863075256,0.06029034033417702,-0.44804275035858154,182,47
0.004296541213989258,positive,10.0,10.0,0.23829324543476105,0.5069542527198792,0.061599746346473694,0.20320573449134827,182,51
0.004362344741821289,positive,10.0,10.0,0.24843232333660126,0.31100791692733765,0.06566385924816132,0.5146666169166565,182,52
0.004426479339599609,positive,10.0,10.0,0.2546524703502655,0.5051466226577759,0.07595719397068024,0.2433774173259735,182,53
0.004842281341552734,positive,10.0,10.0,0.32834920287132263,1.084764003753662,0.0702146664261818,-0.5100074410438538,182,58
0.00490880012512207,positive,10.0,10.0,0.35004448890686035,0.8887267708778381,0.0600145161151886,-0.1960500329732895,182,59
0.005057811737060547,positive,10.0,10.0,0.38167500495910645,0.4969210624694824,0.05839240923523903,0.4247838258743286,182,61
0.005299568176269531,positive,10.0,10.0,0.41533994674682617,0.6892245411872864,0.07919095456600189,0.19422347843647003,182,64
0.005455493927001953,positive,10.0,10.0,0.446787029504776,1.0769684314727783,0.08162612468004227,-0.33782410621643066,182,66
0.005523204803466797,positive,10.0,10.0,0.4683264195919037,0.8807855248451233,0.07486964762210846,-0.020558150485157967,182,67
0.005591154098510742,positive,10.0,10.0,0.48594212532043457,1.0747584104537964,0.07445847988128662,-0.28871119022369385,182,68
0.0056591033935546875,positive,10.0,10.0,0.5074372887611389,0.8786579966545105,0.06868425756692886,0.026494959369301796,182,69
0.005982398986816406,positive,10.0,10.0,0.5776097178459167,1.2645827531814575,0.07345771044492722,-0.4651033878326416,182,73
0.0067517757415771484,positive,10.0,10.0,0.7577164173126221,1.060546875,0.07542403787374496,0.02571937069296837,182,82
0.006820201873779297,positive,10.0,10.0,0.7789273262023926,1.254510760307312,0.07593842595815659,-0.24224554002285004,182,83
0.006891012191772461,positive,10.0,10.0,0.8040175437927246,1.4484704732894897,0.07109351456165314,-0.5100421905517578,182,84
0.0069582462310791016,positive,10.0,10.0,0.8329869508743286,1.6425226926803589,0.06089267507195473,-0.7795013189315796,182,85
0.007025241851806641,positive,10.0,10.0,0.8658373951911926,1.836756944656372,0.04530264809727669,-1.0524213314056396,182,86
0.0070912837982177734,positive,10.0,10.0,0.9025725722312927,1.6410644054412842,0.024254221469163895,-0.7458693981170654,182,87
0.007158517837524414,positive,10.0,10.0,0.9353938698768616,1.8358434438705444,0.009336832910776138,-1.0308219194412231,182,88
0.007225990295410156,positive,10.0,10.0,0.9721107482910156,1.6405985355377197,-0.011279605329036713,-0.735222339630127,182,89
0.007294654846191406,positive,10.0,10.0,1.0049227476119995,1.8358744382858276,-0.025984052568674088,-1.0314337015151978,182,90
0.007367134094238281,positive,10.0,10.0,1.0416401624679565,1.6411076784133911,-0.046612728387117386,-0.7470206022262573,182,91
0.007435798645019531,positive,10.0,10.0,1.0744622945785522,1.446658730506897,-0.06155313923954964,-0.4693632125854492,182,92
0.0076143741607666016,positive,10.0,10.0,1.1284446716308594,1.05841863155365,-0.0748743787407875,0.07278912514448166,182,94
0.0077838897705078125,positive,10.0,10.0,1.174703598022461,1.0605289936065674,-0.07826951146125793,0.026105539873242378,182,96
0.007856369018554688,positive,10.0,10.0,1.1959142684936523,0.866611659526825,-0.0777474045753479,0.29310327768325806,182,97
0.007922172546386719,positive,10.0,10.0,1.213246464729309,1.062751054763794,-0.07188533246517181,-0.02305177040398121,182,98
0.007987737655639648,positive,10.0,10.0,1.2345014810562134,0.8687297105789185,-0.07234637439250946,0.24611255526542664,182,99
0.00814676284790039,positive,10.0,10.0,1.26537024974823,0.8707150220870972,-0.057121578603982925,0.20198233425617218,182,101
0.00821685791015625,positive,10.0,10.0,1.2827845811843872,0.6764546036720276,-0.0530819296836853,0.4761131703853607,182,102
0.008387088775634766,positive,10.0,10.0,1.3137593269348145,0.6778120398521423,-0.04021599516272545,0.44581273198127747,182,104
0.008458852767944336,positive,10.0,10.0,1.3273155689239502,0.8734791874885559,-0.031299740076065063,0.14072899520397186,182,105
0.00862741470336914,positive,10.0,10.0,1.3583616018295288,0.874332845211029,-0.020017653703689575,0.12185034900903702,182,107
0.009043693542480469,positive,10.0,10.0,1.4380356073379517,0.6799749135971069,0.0028699375689029694,0.3976525068283081,182,112
0.009113550186157227,positive,10.0,10.0,1.4516350030899048,0.8750560283660889,0.010822988115251064,0.10587580502033234,182,113
0.00927424430847168,positive,10.0,10.0,1.482731819152832,0.8747166991233826,0.02097957581281662,0.11337842047214508,182,115
0.009341239929199219,positive,10.0,10.0,1.5002261400222778,0.6793004870414734,0.023247145116329193,0.41260573267936707,182,116
0.00950002670288086,positive,10.0,10.0,1.5312938690185547,0.6785266399383545,0.03404608741402626,0.42979326844215393,182,118
0.009657144546508789,positive,10.0,10.0,1.5623273849487305,1.067636489868164,0.045602645725011826,-0.13089662790298462,182,120
0.009723186492919922,positive,10.0,10.0,1.5836801528930664,0.871891975402832,0.04298471286892891,0.17581744492053986,182,121
0.009792327880859375,positive,10.0,10.0,1.6011179685592651,0.6761820912361145,0.04650106281042099,0.48174476623535156,182,122
0.009862899780273438,positive,10.0,10.0,1.614641547203064,0.8706178665161133,0.056135956197977066,0.2040727138519287,182,123
0.010020017623901367,positive,10.0,10.0,1.645548701286316,0.8689643740653992,0.0704958513379097,0.2408066689968109,182,125
0.010176897048950195,positive,10.0,10.0,1.6841882467269897,1.256977915763855,0.07473531365394592,-0.2968364357948303,182,127
0.010414838790893555,positive,10.0,10.0,1.7478420734405518,1.05890953540802,0.07580798864364624,0.061926983296871185,182,130
0.010481834411621094,positive,10.0,10.0,1.7690201997756958,0.8627871870994568,0.07704652845859528,0.37753185629844666,182,131
0.010739803314208984,negative,10.0,-10.0,1.809018611907959,0.27418503165245056,0.11869772523641586,1.333457350730896,182,134
0.0006031990051269531,positive,10.0,10.0,0.0031100953929126263,-0.16551920771598816,0.028507966548204422,0.35061752796173096,183,1
0.0006787776947021484,positive,10.0,10.0,-0.00020028885046485811,0.029185956344008446,0.035520318895578384,0.06705865263938904,183,2
0.0008487701416015625,positive,10.0,10.0,-0.002945105079561472,0.02815261296927929,0.0442761592566967,0.08989745378494263,183,4
0.0010802745819091797,positive,10.0,10.0,-0.0051962765865027905,-0.16898848116397858,0.05636651813983917,0.4276244342327118,183,7
0.0014781951904296875,positive,10.0,10.0,-0.006669345311820507,0.4112077057361603,0.07975676655769348,-0.3381700813770294,183,12
0.0016257762908935547,positive,10.0,10.0,0.005855743307620287,0.4090501368045807,0.07256455719470978,-0.29022955894470215,183,14
0.0016903877258300781,positive,10.0,10.0,0.014036745764315128,0.2129725068807602,0.06675996631383896,0.0244281142950058,183,15
0.0018401145935058594,positive,10.0,10.0,0.01863539218902588,0.21106357872486115,0.07399662584066391,0.06666368246078491,183,17
0.0019061565399169922,positive,10.0,10.0,0.022856663912534714,0.40505093336105347,0.07532989978790283,-0.20178590714931488,183,18
0.0019714832305908203,positive,10.0,10.0,0.03095768205821514,0.5990192294120789,0.07129418104887009,-0.4697871506214142,183,19
0.00213623046875,positive,10.0,10.0,0.05099739506840706,0.20701532065868378,0.05878819525241852,0.15603798627853394,183,21
0.002201080322265625,positive,10.0,10.0,0.05513770133256912,0.011103078722953796,0.06190895661711693,0.46667245030403137,183,22
0.0022656917572021484,positive,10.0,10.0,0.05535976216197014,0.20529818534851074,0.07124240696430206,0.19412744045257568,183,23
0.0025866031646728516,positive,10.0,10.0,0.07165535539388657,0.5907494425773621,0.0896134003996849,-0.28724661469459534,183,27
0.0026531219482421875,positive,10.0,10.0,0.08347034454345703,0.3944714069366455,0.08386846631765366,0.032300155609846115,183,28
0.0028018951416015625,positive,10.0,10.0,0.10312570631504059,0.7821158170700073,0.07985872030258179,-0.497660756111145,183,30
0.0031890869140625,positive,10.0,10.0,0.14992362260818481,0.5819178223609924,0.08137550204992294,-0.09150640666484833,183,35
0.003255128860473633,positive,10.0,10.0,0.161561980843544,0.7757847905158997,0.07954537868499756,-0.3574465811252594,183,36
0.0033206939697265625,positive,10.0,10.0,0.17707768082618713,0.5796273946762085,0.07239644229412079,-0.040779177099466324,183,37
0.003385305404663086,positive,10.0,10.0,0.18867021799087524,0.773640513420105,0.07158086448907852,-0.3097706139087677,183,38
0.0035309791564941406,positive,10.0,10.0,0.21569454669952393,0.38157978653907776,0.06547746062278748,0.31717556715011597,183,40
0.0037581920623779297,positive,10.0,10.0,0.25023502111434937,0.9637445211410522,0.06827081739902496,-0.49222785234451294,183,43
0.0039031505584716797,positive,10.0,10.0,0.28486451506614685,0.5718221068382263,0.05484957993030548,0.13169297575950623,183,45
0.004610776901245117,positive,10.0,10.0,0.4027117192745209,1.1477551460266113,0.07034803926944733,-0.5400543808937073,183,54
0.004758358001708984,positive,10.0,10.0,0.4447011947631836,0.75579833984375,0.05502571910619736,0.08479438722133636,183,56
0.004823207855224609,positive,10.0,10.0,0.45981717109680176,0.9500901103019714,0.056721609085798264,-0.19003278017044067,183,57
0.0048868656158447266,positive,10.0,10.0,0.47881898283958435,0.754204511642456,0.052920952439308167,0.11999031156301498,183,58
0.005114078521728516,positive,10.0,10.0,0.5201236009597778,0.5566865801811218,0.06698143482208252,0.46628275513648987,183,61
0.005179166793823242,positive,10.0,10.0,0.5312573313713074,0.7508013248443604,0.07630709558725357,0.195441335439682,183,62
0.0054852962493896484,positive,10.0,10.0,0.6067910194396973,1.1365095376968384,0.07155776768922806,-0.29124218225479126,183,66
0.005553245544433594,positive,10.0,10.0,0.6295212507247925,0.9404440522193909,0.0657329186797142,0.023123377934098244,183,67
0.005618095397949219,positive,10.0,10.0,0.6483300924301147,0.7444440722465515,0.06619539111852646,0.33580005168914795,183,68
0.005685329437255859,positive,10.0,10.0,0.6632189750671387,0.9385645389556885,0.07291138917207718,0.06470424681901932,183,69
0.0059964656829833984,positive,10.0,10.0,0.7615852355957031,1.7148555517196655,0.0458277203142643,-1.0152671337127686,183,73
0.006065845489501953,positive,10.0,10.0,0.7958823442459106,1.5191534757614136,0.025522377341985703,-0.7085534930229187,183,74
0.006131887435913086,positive,10.0,10.0,0.8262653946876526,1.7139127254486084,0.011351307854056358,-0.9930945038795471,183,75
0.006196022033691406,positive,10.0,10.0,0.8605436682701111,1.5186407566070557,-0.008510582149028778,-0.6968682408332825,183,76
0.006261348724365234,positive,10.0,10.0,0.8909164667129517,1.7138797044754028,-0.022447947412729263,-0.9922180771827698,183,77
0.006407737731933594,positive,10.0,10.0,0.9555753469467163,1.7147467136383057,-0.05642569065093994,-1.0123592615127563,183,79
0.007040500640869141,positive,10.0,10.0,1.1369727849960327,0.5549488067626953,-0.09314577281475067,0.5061935186386108,183,87
0.0071086883544921875,positive,10.0,10.0,1.1480717658996582,0.7512513995170593,-0.08302190154790878,0.18567080795764923,183,88
0.007173299789428711,positive,10.0,10.0,1.1630969047546387,0.557409405708313,-0.07930848747491837,0.4510519206523895,183,89
0.007319211959838867,positive,10.0,10.0,1.1893161535263062,0.5595096945762634,-0.06759822368621826,0.4041678011417389,183,91
0.007464885711669922,positive,10.0,10.0,1.2156168222427368,0.5613013505935669,-0.057695623487234116,0.3642902970314026,183,93
0.007609844207763672,positive,10.0,10.0,1.2419867515563965,0.5628294944763184,-0.04933006688952446,0.33034929633140564,183,95
0.007835149765014648,positive,10.0,10.0,1.279698371887207,0.7598317861557007,-0.03624393418431282,-0.004279193468391895,183,98
0.007899045944213867,positive,10.0,10.0,1.2948949337005615,0.5652478933334351,-0.036329519003629684,0.2767516076564789,183,99
0.008121967315673828,positive,10.0,10.0,1.3249372243881226,0.37136685848236084,-0.014528620056807995,0.5419590473175049,183,102
0.008266448974609375,positive,10.0,10.0,1.3436983823776245,0.37162089347839355,0.0012052403762936592,0.5362509489059448,183,104
0.008577346801757812,positive,10.0,10.0,1.3890252113342285,0.37097102403640747,0.020970068871974945,0.550649106502533,183,108
0.008804559707641602,positive,10.0,10.0,1.4073604345321655,0.564634382724762,0.06032850220799446,0.2905493378639221,183,111
0.009030580520629883,positive,10.0,10.0,1.44508695602417,0.7569570541381836,0.07309488207101822,0.05928594246506691,183,114
0.00917816162109375,positive,10.0,10.0,1.4792451858520508,1.1449445486068726,0.07009121775627136,-0.47782671451568604,183,116
0.009323596954345703,positive,10.0,10.0,1.5211222171783447,0.7529727220535278,0.05725664272904396,0.14724698662757874,183,118
0.00939035415649414,positive,10.0,10.0,1.5361816883087158,0.557079553604126,0.060201581567525864,0.4574294686317444,183,119
0.009456396102905273,positive,10.0,10.0,1.5473233461380005,0.7513010501861572,0.06935016810894012,0.1843135505914688,183,120
0.009604454040527344,positive,10.0,10.0,1.57345449924469,0.7492791414260864,0.08299729228019714,0.22924163937568665,183,122
0.010081291198730469,positive,10.0,10.0,1.6981111764907837,1.522358775138855,0.06602317839860916,-0.7810119390487671,183,128
0.010146379470825195,positive,10.0,10.0,1.7285584211349487,1.3263944387435913,0.0504029355943203,-0.46830907464027405,183,129
0.010373830795288086,positive,10.0,10.0,1.8198076486587524,1.5198415517807007,0.005659362766891718,-0.7234052419662476,183,132
0.010437965393066406,positive,10.0,10.0,1.850204586982727,1.7148847579956055,-0.0088087422773242,-1.0143015384674072,183,133
0.01050114631652832,positive,10.0,10.0,1.8845021724700928,1.5198813676834106,-0.029094774276018143,-0.724397599697113,183,134
0.01064920425415039,negative,10.0,-10.0,1.9492076635360718,1.5208779573440552,-0.0641046091914177,-0.7474072575569153,183,136
0.010714292526245117,negative,10.0,-10.0,1.9796252250671387,1.7168229818344116,-0.07905275374650955,-1.059554934501648,183,137
0.010862350463867188,negative,10.0,-10.0,2.0522196292877197,2.109119415283203,-0.12776318192481995,-1.6982430219650269,183,139
0.0001971721649169922,positive,10.0,10.0,-0.04898756369948387,-0.036019980907440186,0.04693929851055145,0.03463474288582802,184,0
0.0002818107604980469,positive,10.0,10.0,-0.049707964062690735,-0.23178252577781677,0.047631993889808655,0.34175023436546326,184,1
0.000614166259765625,positive,10.0,10.0,-0.06833749264478683,-0.23490655422210693,0.07690349221229553,0.41142264008522034,184,5
0.0007593631744384766,positive,10.0,10.0,-0.0738547071814537,0.152851864695549,0.088010773062706,-0.1207164004445076,184,7
0.0009088516235351562,positive,10.0,10.0,-0.06386547535657883,0.15038356184959412,0.0779087096452713,-0.06599025428295135,184,9
0.0009732246398925781,positive,10.0,10.0,-0.060857802629470825,0.3443070650100708,0.07658890634775162,-0.3331111669540405,184,10
0.0010380744934082031,positive,10.0,10.0,-0.05397166311740875,0.14818331599235535,0.0699266791343689,-0.0172928124666214,184,11
0.001102447509765625,positive,10.0,10.0,-0.05100799724459648,-0.04786816984415054,0.06958082318305969,0.29660743474960327,184,12
0.0012505054473876953,positive,10.0,10.0,-0.04904143139719963,0.3401588201522827,0.07604607939720154,-0.24127957224845886,184,14
0.0014796257019042969,positive,10.0,10.0,-0.04039808735251427,0.14198938012123108,0.08048152923583984,0.11976222693920135,184,17
0.0015435218811035156,positive,10.0,10.0,-0.03755830228328705,0.33587151765823364,0.0828767716884613,-0.14648358523845673,184,18
0.0016069412231445312,positive,10.0,10.0,-0.03084086999297142,0.5297148823738098,0.0799470990896225,-0.4119127094745636,184,19
0.0016696453094482422,positive,10.0,10.0,-0.02024657279253006,0.33355599641799927,0.07170884311199188,-0.09513482451438904,184,20
0.0017352104187011719,positive,10.0,10.0,-0.013575452379882336,0.5275807976722717,0.06980615109205246,-0.3643597662448883,184,21
0.0019643306732177734,positive,10.0,10.0,0.006318554747849703,-0.06036387383937836,0.06673332303762436,0.5726581811904907,184,24
0.002028226852416992,positive,10.0,10.0,0.005111277103424072,0.13376203179359436,0.07818648219108582,0.3017224669456482,184,25
0.0020928382873535156,positive,10.0,10.0,0.007786517962813377,0.3276876211166382,0.08422093093395233,0.034686192870140076,184,26
0.0024797916412353516,positive,10.0,10.0,0.055922191590070724,0.1270945519208908,0.06956367194652557,0.44889330863952637,184,31
0.0026254653930664062,positive,10.0,10.0,0.06488742679357529,0.5150824189186096,0.08212001621723175,-0.08798498660326004,184,33
0.002691030502319336,positive,10.0,10.0,0.07518907636404037,0.7089371085166931,0.08036031574010849,-0.35367095470428467,184,34
0.00275421142578125,positive,10.0,10.0,0.0893678143620491,0.5127699375152588,0.07328689843416214,-0.03676924109458923,184,35
0.002983570098876953,positive,10.0,10.0,0.12397242337465286,0.3146829605102539,0.06662620604038239,0.32207801938056946,184,38
0.003139019012451172,positive,10.0,10.0,0.14044199883937836,0.7027983069419861,0.07409033179283142,-0.2176360785961151,184,40
0.0032033920288085938,positive,10.0,10.0,0.15449796617031097,0.8967872262001038,0.06973760575056076,-0.4860585331916809,184,41
0.0038306713104248047,positive,10.0,10.0,0.24285539984703064,0.8888424634933472,0.08506876975297928,-0.3106679618358612,184,49
0.004216909408569336,positive,10.0,10.0,0.331510990858078,0.6883899569511414,0.059084124863147736,0.10099419206380844,184,54
0.004280567169189453,positive,10.0,10.0,0.345278799533844,0.49247318506240845,0.06110400706529617,0.41171714663505554,184,55
0.004424571990966797,positive,10.0,10.0,0.3688618242740631,0.49063509702682495,0.07211648672819138,0.45263388752937317,184,57
0.0045702457427978516,positive,10.0,10.0,0.3923678696155548,0.8785394430160522,0.08483969420194626,-0.08248724788427353,184,59
0.004879474639892578,positive,10.0,10.0,0.4703105688095093,1.2640656232833862,0.0697101354598999,-0.5651130080223083,184,63
0.005109310150146484,positive,10.0,10.0,0.5343953371047974,0.6762880682945251,0.054565925151109695,0.3682466447353363,184,66
0.005173683166503906,positive,10.0,10.0,0.5479210615158081,0.8705939054489136,0.061930857598781586,0.09325606375932693,184,67
0.0052378177642822266,positive,10.0,10.0,0.5653329491615295,0.674641489982605,0.06379598379135132,0.40481722354888916,184,68
0.005301952362060547,positive,10.0,10.0,0.5788257718086243,0.8688034415245056,0.07189232110977173,0.13291005790233612,184,69
0.0053675174713134766,positive,10.0,10.0,0.5962018370628357,1.0628259181976318,0.07455052435398102,-0.13625368475914001,184,70
0.0055162906646728516,positive,10.0,10.0,0.6425944566726685,1.0607421398162842,0.06373511254787445,-0.09008197486400604,184,72
0.00558161735534668,positive,10.0,10.0,0.6638092994689941,0.8647672533988953,0.061933472752571106,0.22200888395309448,184,73
0.0056459903717041016,positive,10.0,10.0,0.6811046600341797,0.6688172817230225,0.06637365370988846,0.5335671305656433,184,74
0.005708456039428711,positive,10.0,10.0,0.6944810152053833,0.8629460334777832,0.07704499363899231,0.2625146806240082,184,75
0.005934238433837891,positive,10.0,10.0,0.7578924894332886,1.4445984363555908,0.07678649574518204,-0.5361998677253723,184,78
0.006164073944091797,positive,10.0,10.0,0.8328038454055786,0.8565354943275452,0.06350409984588623,0.40390443801879883,184,81
0.006393909454345703,positive,10.0,10.0,0.8958432078361511,1.4387142658233643,0.07147278636693954,-0.40574464201927185,184,84
0.006457805633544922,positive,10.0,10.0,0.9246174693107605,1.2426553964614868,0.0633578971028328,-0.09141205996274948,184,85
0.006520986557006836,positive,10.0,10.0,0.949470579624176,1.0466852188110352,0.06152965500950813,0.22056815028190613,184,86
0.006666898727416992,positive,10.0,10.0,0.9874191284179688,1.0448757410049438,0.07658117264509201,0.260809987783432,184,88
0.00673222541809082,positive,10.0,10.0,1.0083166360855103,1.2388256788253784,0.08179736882448196,-0.00676941080018878,184,89
0.006962299346923828,positive,10.0,10.0,1.0942778587341309,1.820525050163269,0.06544239073991776,-0.8061447739601135,184,92
0.007116794586181641,positive,10.0,10.0,1.1631797552108765,1.428788423538208,0.039447199553251266,-0.18580572307109833,184,94
0.007270336151123047,positive,10.0,10.0,1.2164180278778076,1.0375096797943115,0.03811219707131386,0.4227938950061798,184,96
0.007334709167480469,positive,10.0,10.0,1.237168312072754,1.2320716381072998,0.04656807333230972,0.14236527681350708,184,97
0.007398843765258789,positive,10.0,10.0,1.2618097066879272,1.0363147258758545,0.049415379762649536,0.44936832785606384,184,98
0.007462501525878906,positive,10.0,10.0,1.2825360298156738,1.2307041883468628,0.05840274691581726,0.17266231775283813,184,99
0.00800943374633789,positive,10.0,10.0,1.481744647026062,1.4190882444381714,0.05050187185406685,0.028352027758955956,184,106
0.00807332992553711,positive,10.0,10.0,1.5101264715194702,1.2232798337936401,0.05106891319155693,0.33653146028518677,184,107
0.008300304412841797,positive,10.0,10.0,1.5873795747756958,1.4159743785858154,0.06642163544893265,0.09721546620130539,184,110
0.008364677429199219,positive,10.0,10.0,1.615699052810669,1.2199664115905762,0.06836594641208649,0.41009265184402466,184,111
0.008510351181030273,positive,10.0,10.0,1.668379545211792,1.6080025434494019,0.07936225086450577,-0.1278560608625412,184,113
0.008739471435546875,positive,10.0,10.0,1.7764947414398193,2.1899547576904297,0.05567552149295807,-0.9322087168693542,184,116
0.008803844451904297,positive,10.0,10.0,1.82029390335083,1.994127631187439,0.037031348794698715,-0.622562825679779,184,117
0.008874893188476562,positive,10.0,10.0,1.86017644405365,2.188713550567627,0.024580093100667,-0.9033567905426025,184,118
0.009021282196044922,negative,10.0,-10.0,1.943816065788269,2.1882975101470947,-0.005548049695789814,-0.8936747312545776,184,120
0.00908517837524414,negative,10.0,-10.0,1.9875819683074951,1.9932513236999512,-0.023421544581651688,-0.6027409434318542,184,121
0.009148120880126953,negative,10.0,-10.0,2.027446985244751,2.188692808151245,-0.03547636419534683,-0.9027082324028015,184,122
0.009613990783691406,negative,10.0,-10.0,2.2786176204681396,2.1947622299194336,-0.13163180649280548,-1.0439860820770264,184,128
0.00967860221862793,negative,10.0,-10.0,2.3225128650665283,2.001610279083252,-0.15251152217388153,-0.7953526377677917,184,129
0.00017523765563964844,positive,10.0,10.0,0.04470507800579071,0.018694736063480377,-0.02543090470135212,0.030645769089460373,185,0
0.00025725364685058594,positive,10.0,10.0,0.04507897049188614,-0.1760534644126892,-0.024817990139126778,0.31519773602485657,185,1
0.0006623268127441406,positive,10.0,10.0,0.03533602133393288,0.02028585411608219,-0.006282198708504438,-0.004463735967874527,185,6
0.0007269382476806641,positive,10.0,10.0,0.035741738975048065,-0.17474544048309326,-0.006371473427861929,0.2862304747104645,185,7
0.0008745193481445312,positive,10.0,10.0,0.032656166702508926,-0.17464587092399597,-0.0008159666322171688,0.284023642539978,185,9
0.0009465217590332031,positive,10.0,10.0,0.029163246974349022,-0.36975616216659546,0.004864505957812071,0.5764490962028503,185,10
0.0012705326080322266,positive,10.0,10.0,-0.0004366049834061414,-0.37083154916763306,0.05141519755125046,0.6007914543151855,185,14
0.0014164447784423828,positive,10.0,10.0,-0.01138253789395094,0.01769900694489479,0.06992575526237488,0.05271226912736893,185,16
0.0015633106231689453,positive,10.0,10.0,-0.014595604501664639,0.015692995861172676,0.07831224054098129,0.09712755680084229,185,18
0.0017096996307373047,positive,10.0,10.0,-0.010089538060128689,0.4034973084926605,0.07685765624046326,-0.4361814558506012,185,20
0.001773834228515625,positive,10.0,10.0,-0.0020195923279970884,0.59745192527771,0.06813403218984604,-0.7036806344985962,185,21
0.001837015151977539,positive,10.0,10.0,0.009929445572197437,0.40145519375801086,0.05406041815876961,-0.3903517723083496,185,22
0.0018999576568603516,positive,10.0,10.0,0.01795854978263378,0.20560933649539948,0.04625338315963745,-0.08112610131502151,185,23
0.0020437240600585938,positive,10.0,10.0,0.02226785384118557,-0.1858745515346527,0.04914653301239014,0.5322040915489197,185,25
0.0021915435791015625,positive,10.0,10.0,0.018720822408795357,-0.18739944696426392,0.06489867717027664,0.5663295984268188,185,27
0.0023369789123535156,positive,10.0,10.0,0.01510793250054121,0.20071206986904144,0.08212082833051682,0.02707557938992977,185,29
0.0024008750915527344,positive,10.0,10.0,0.019122174009680748,0.3945661783218384,0.08266234397888184,-0.23860926926136017,185,30
0.002544879913330078,positive,10.0,10.0,0.03878181427717209,0.39228761196136475,0.06780783832073212,-0.18793885409832,185,32
0.002772808074951172,positive,10.0,10.0,0.050558578222990036,0.1944059282541275,0.07530632615089417,0.16654062271118164,185,35
0.002840280532836914,positive,10.0,10.0,0.05444669350981712,0.3883736729621887,0.07863713800907135,-0.10146722197532654,185,36
0.0029044151306152344,positive,10.0,10.0,0.06221416965126991,0.19221794605255127,0.07660779356956482,0.21495257318019867,185,37
0.003208160400390625,positive,10.0,10.0,0.09306018799543381,0.5778724551200867,0.07344113290309906,-0.27057963609695435,185,41
0.003271818161010742,positive,10.0,10.0,0.1046176329255104,0.7718737125396729,0.06802953779697418,-0.5392248630523682,185,42
0.003335714340209961,positive,10.0,10.0,0.12005510926246643,0.5758646726608276,0.05724504217505455,-0.2259061634540558,185,43
0.003399372100830078,positive,10.0,10.0,0.1315724104642868,0.37997332215309143,0.05272692069411278,0.0842704176902771,185,44
0.0034656524658203125,positive,10.0,10.0,0.13917186856269836,0.184136763215065,0.05441232770681381,0.39311155676841736,185,45
0.003770589828491211,positive,10.0,10.0,0.16160611808300018,0.5706408619880676,0.07639258354902267,-0.11060845851898193,185,49
0.003834962844848633,positive,10.0,10.0,0.1730189323425293,0.7645897269248962,0.07418041676282883,-0.3782457113265991,185,50
0.003897428512573242,positive,10.0,10.0,0.18831072747707367,0.5684970021247864,0.0666154995560646,-0.06312645971775055,185,51
0.004121065139770508,positive,10.0,10.0,0.21066029369831085,0.3705627918243408,0.0815964788198471,0.29265129566192627,185,54
0.004510641098022461,positive,10.0,10.0,0.2708783447742462,0.9495841860771179,0.08121750503778458,-0.4480423927307129,185,59
0.004575014114379883,positive,10.0,10.0,0.289870023727417,0.7534129619598389,0.0722566545009613,-0.13090378046035767,185,60
0.0046389102935791016,positive,10.0,10.0,0.30493828654289246,0.9474294781684875,0.06963858008384705,-0.39994415640830994,185,61
0.004702568054199219,positive,10.0,10.0,0.323886901140213,0.7513923048973083,0.0616396963596344,-0.08614399284124374,185,62
0.004767179489135742,positive,10.0,10.0,0.3389147222042084,0.5554434657096863,0.059916816651821136,0.22533170878887177,185,63
0.00491786003112793,positive,10.0,10.0,0.3650168180465698,0.553676426410675,0.0634661391377449,0.2644275724887848,185,65
0.005146026611328125,positive,10.0,10.0,0.3942805826663971,0.7456945776939392,0.08640693128108978,0.03985562548041344,185,68
0.005210399627685547,positive,10.0,10.0,0.4091944694519043,0.9394780397415161,0.08720404654741287,-0.2243630588054657,185,69
0.005676984786987305,positive,10.0,10.0,0.5254946947097778,0.5431973934173584,0.0619368813931942,0.49588871002197266,185,75
0.005741119384765625,positive,10.0,10.0,0.536358654499054,0.7373937964439392,0.07185465842485428,0.22335052490234375,185,76
0.006128072738647461,positive,10.0,10.0,0.625491738319397,0.9272878170013428,0.07548822462558746,0.04556799679994583,185,81
0.006193637847900391,positive,10.0,10.0,0.6440374851226807,1.1212507486343384,0.07639958709478378,-0.2223752737045288,185,82
0.006338357925415039,positive,10.0,10.0,0.692766547203064,1.119143009185791,0.062151793390512466,-0.17555060982704163,185,84
0.006402254104614258,positive,10.0,10.0,0.7151494026184082,0.923189103603363,0.05864078179001808,0.13607345521450043,185,85
0.006464719772338867,positive,10.0,10.0,0.7336131930351257,0.7272784113883972,0.06136225163936615,0.4466649293899536,185,86
0.006526947021484375,positive,10.0,10.0,0.7481587529182434,0.9214810132980347,0.070295549929142,0.17393842339515686,185,87
0.006753683090209961,positive,10.0,10.0,0.7994856238365173,1.113269567489624,0.08792103081941605,-0.04581521824002266,185,90
0.006819725036621094,positive,10.0,10.0,0.8217509984970093,1.3070279359817505,0.08700472861528397,-0.30951470136642456,185,91
0.007048368453979492,positive,10.0,10.0,0.8962003588676453,1.108477234840393,0.07586339116096497,0.06025092676281929,185,94
0.007355213165283203,positive,10.0,10.0,1.000352144241333,1.4944618940353394,0.060212958604097366,-0.4322527348995209,185,98
0.007418394088745117,positive,10.0,10.0,1.0302413702011108,1.688681960105896,0.05156790465116501,-0.705362856388092,185,99
0.00748133659362793,positive,10.0,10.0,1.0640150308609009,1.4928847551345825,0.03746064752340317,-0.3969033658504486,185,100
0.007711648941040039,positive,10.0,10.0,1.1418521404266357,0.906213104724884,0.03185359761118889,0.5104812979698181,185,103
0.0077784061431884766,positive,10.0,10.0,1.1599763631820679,1.1008721590042114,0.04206322133541107,0.22800414264202118,185,104
0.008252620697021484,positive,10.0,10.0,1.295767068862915,1.0960694551467896,0.06835182011127472,0.33448195457458496,185,110
0.00831747055053711,positive,10.0,10.0,1.3176884651184082,1.290155291557312,0.07504145801067352,0.06411262601613998,185,111
0.008381843566894531,positive,10.0,10.0,1.343491554260254,1.4841256141662598,0.07632371038198471,-0.20398251712322235,185,112
0.008607625961303711,positive,10.0,10.0,1.4441778659820557,1.6761786937713623,0.047996874898672104,-0.42894247174263,185,115
0.008838415145874023,positive,10.0,10.0,1.533004641532898,1.0891159772872925,0.04065416008234024,0.4874480664730072,185,118
0.008904218673706055,positive,10.0,10.0,1.5547869205474854,1.2836414575576782,0.05040312185883522,0.20784999430179596,185,119
0.009055376052856445,positive,10.0,10.0,1.6022164821624756,1.282149314880371,0.06488005816936493,0.2409939467906952,185,121
0.009202003479003906,positive,10.0,10.0,1.6495827436447144,1.2802410125732422,0.08076824992895126,0.28348132967948914,185,123
0.009348154067993164,positive,10.0,10.0,1.7046700716018677,1.667906403541565,0.08678438514471054,-0.2468823790550232,185,125
0.009413480758666992,positive,10.0,10.0,1.7380281686782837,1.8616886138916016,0.08184673637151718,-0.510979175567627,185,126
0.009478092193603516,positive,10.0,10.0,1.7752618789672852,1.6655148267745972,0.07162715494632721,-0.19366753101348877,185,127
0.00954127311706543,positive,10.0,10.0,1.8085721731185913,1.859542965888977,0.06775380671024323,-0.4629230797290802,185,128
0.00960683822631836,positive,10.0,10.0,1.845763087272644,2.053645372390747,0.05849534273147583,-0.7335041165351868,185,129
0.009753942489624023,negative,10.0,-10.0,1.931794285774231,2.0522334575653076,0.02368089370429516,-0.701101541519165,185,131
0.009901285171508789,negative,10.0,-10.0,2.0177793502807617,2.051769495010376,-0.010065874084830284,-0.6905359029769897,185,133
0.009969711303710938,negative,10.0,-10.0,2.058814764022827,2.2470295429229736,-0.02387659251689911,-0.9863706231117249,185,134
0.010194778442382812,negative,10.0,-10.0,2.189758539199829,2.053626537322998,-0.0777769535779953,-0.7333226203918457,185,137
0.010258674621582031,negative,10.0,-10.0,2.2308311462402344,2.24973201751709,-0.09244340658187866,-1.049435019493103,185,138
0.010484933853149414,negative,10.0,-10.0,2.3541958332061768,1.66946280002594,-0.13981875777244568,-0.2828386127948761,185,141
0.010552167892456055,negative,10.0,-10.0,2.387585163116455,1.866273283958435,-0.14547553658485413,-0.6161463856697083,185,142
0.00023174285888671875,positive,10.0,10.0,-0.046773992478847504,-0.03225230425596237,-0.03268858417868614,-0.005272772628813982,186,0
0.0006701946258544922,positive,10.0,10.0,-0.07332665473222733,-0.22565120458602905,-5.082411462353775e-06,0.24940602481365204,186,5
0.0007359981536865234,positive,10.0,10.0,-0.0778396800160408,-0.42077308893203735,0.004983038175851107,0.5420873761177063,186,6
0.0008831024169921875,positive,10.0,10.0,-0.09076957404613495,-0.4210658371448517,0.020844358950853348,0.5486107468605042,186,8
0.0009481906890869141,positive,10.0,10.0,-0.09919089078903198,-0.226242795586586,0.031816571950912476,0.2625674605369568,186,9
0.0010213851928710938,positive,10.0,10.0,-0.10371574759483337,-0.42180413007736206,0.037067919969558716,0.5651134848594666,186,10
0.0011806488037109375,positive,10.0,10.0,-0.11669625341892242,-0.4229985773563385,0.05405689403414726,0.5918729305267334,186,12
0.0012454986572265625,positive,10.0,10.0,-0.1251562237739563,-0.22867339849472046,0.06589435040950775,0.3166959583759308,186,13
0.0014691352844238281,positive,10.0,10.0,-0.12723132967948914,0.353471577167511,0.06866730749607086,-0.49229371547698975,186,16
0.0016143321990966797,positive,10.0,10.0,-0.1170128658413887,-0.03846055269241333,0.055245742201805115,0.13185915350914001,186,18
0.0016775131225585938,positive,10.0,10.0,-0.11778207868337631,-0.23432856798171997,0.05788292735815048,0.4414469301700592,186,19
0.0017426013946533203,positive,10.0,10.0,-0.12246865034103394,-0.040071457624435425,0.06671186536550522,0.16755732893943787,186,20
0.0018155574798583984,positive,10.0,10.0,-0.12327007949352264,-0.23608176410198212,0.07006300985813141,0.48051750659942627,186,21
0.0018787384033203125,positive,10.0,10.0,-0.1279917061328888,-0.04201515018939972,0.07967336475849152,0.2107134610414505,186,22
0.0019805431365966797,positive,10.0,10.0,-0.12883201241493225,0.1518825739622116,0.08388762921094894,-0.05581129342317581,186,23
0.002043008804321289,positive,10.0,10.0,-0.12579436600208282,0.3457077741622925,0.0827714055776596,-0.32089266180992126,186,24
0.0021986961364746094,positive,10.0,10.0,-0.11588999629020691,0.34345921874046326,0.07628760486841202,-0.2709466218948364,186,26
0.0027074813842773438,positive,10.0,10.0,-0.08954478800296783,0.14383478462696075,0.0652618333697319,0.12216246128082275,186,31
0.002773761749267578,positive,10.0,10.0,-0.08666808903217316,-0.052158527076244354,0.06770507991313934,0.4346999228000641,186,32
0.00292205810546875,positive,10.0,10.0,-0.08487240225076675,0.3358927369117737,0.07968118041753769,-0.10353169590234756,186,34
0.0029866695404052734,positive,10.0,10.0,-0.0781545490026474,0.5297877192497253,0.077610544860363,-0.3700498938560486,186,35
0.0030510425567626953,positive,10.0,10.0,-0.06755879521369934,0.3336538076400757,0.0702095478773117,-0.05394001677632332,186,36
0.0033631324768066406,positive,10.0,10.0,-0.056591156870126724,0.3293682932853699,0.09191232919692993,0.04089665412902832,186,40
0.003427743911743164,positive,10.0,10.0,-0.050003789365291595,0.5230602622032166,0.09273026138544083,-0.22143074870109558,186,41
0.003572702407836914,positive,10.0,10.0,-0.025207728147506714,0.5204928517341614,0.07863198965787888,-0.16432778537273407,186,43
0.003638029098510742,positive,10.0,10.0,-0.014797871001064777,0.7144063115119934,0.07534543424844742,-0.431205153465271,186,44
0.0038628578186035156,positive,10.0,10.0,0.016302138566970825,0.12631021440029144,0.06835046410560608,0.5094951391220093,186,47
0.003927946090698242,positive,10.0,10.0,0.018828343600034714,0.3204060196876526,0.0785403698682785,0.23911066353321075,186,48
0.004241228103637695,positive,10.0,10.0,0.05992526188492775,0.7058987021446228,0.07739544659852982,-0.24294155836105347,186,52
0.0044708251953125,positive,10.0,10.0,0.10611532628536224,0.507814347743988,0.05841950327157974,0.11606397479772568,186,55
0.0048787593841552734,positive,10.0,10.0,0.12250974029302597,0.5061174631118774,0.06927259266376495,0.15365754067897797,186,57
0.004944801330566406,positive,10.0,10.0,0.1326320916414261,0.3100755512714386,0.07234574854373932,0.46736499667167664,186,58
0.0051727294921875,positive,10.0,10.0,0.16287507116794586,0.8917651176452637,0.08430968225002289,-0.3319770097732544,186,61
0.005238533020019531,positive,10.0,10.0,0.18071037530899048,0.6955506205558777,0.0776701420545578,-0.013942991383373737,186,62
0.005384683609008789,positive,10.0,10.0,0.21241094172000885,1.0834152698516846,0.0717683881521225,-0.5484499335289001,186,64
0.005448102951049805,positive,10.0,10.0,0.2340792566537857,0.8873624205589294,0.06079939007759094,-0.2340458631515503,186,65
0.005511760711669922,positive,10.0,10.0,0.2518264949321747,0.6914268732070923,0.056118469685316086,0.0771784633398056,186,66
0.0055751800537109375,positive,10.0,10.0,0.2656550407409668,0.49554720520973206,0.05766203999519348,0.3870255947113037,186,67
0.005640268325805664,positive,10.0,10.0,0.2755659818649292,0.2996561527252197,0.065402552485466,0.6973170638084412,186,68
0.005702972412109375,positive,10.0,10.0,0.2815591096878052,0.4938131272792816,0.07934889197349548,0.42591890692710876,186,69
0.005855560302734375,positive,10.0,10.0,0.30518990755081177,0.881488025188446,0.09105262905359268,-0.10445312410593033,186,71
0.005919456481933594,positive,10.0,10.0,0.32281965017318726,1.0751951932907104,0.0889635682106018,-0.36707767844200134,186,72
0.0059816837310791016,positive,10.0,10.0,0.3443235754966736,0.878929078578949,0.08162201195955276,-0.047722022980451584,186,73
0.006125688552856445,positive,10.0,10.0,0.383357971906662,0.8766186237335205,0.07439602166414261,0.003415656741708517,186,75
0.006189584732055664,positive,10.0,10.0,0.4008903503417969,1.0705991983413696,0.0744643360376358,-0.26489800214767456,186,76
0.006252288818359375,positive,10.0,10.0,0.42230233550071716,1.264583706855774,0.06916637718677521,-0.5331960916519165,186,77
0.006316184997558594,positive,10.0,10.0,0.44759401679039,1.0685606002807617,0.058502454310655594,-0.2195458710193634,186,78
0.006378650665283203,positive,10.0,10.0,0.46896523237228394,0.8726533055305481,0.0541115365922451,0.09100224822759628,186,79
0.006440877914428711,positive,10.0,10.0,0.4864182770252228,0.6767991781234741,0.05593158304691315,0.4002544581890106,186,80
0.006506681442260742,positive,10.0,10.0,0.4999542534351349,0.871084988117218,0.06393667310476303,0.12571680545806885,186,81
0.006733417510986328,positive,10.0,10.0,0.5482627153396606,1.0631989240646362,0.07854530215263367,-0.10119249671697617,186,84
0.006797075271606445,positive,10.0,10.0,0.5695266723632812,1.2571125030517578,0.07652144879102707,-0.3680974543094635,186,85
0.0069425106048583984,positive,10.0,10.0,0.615888774394989,0.8649494647979736,0.06811347603797913,0.261375367641449,186,87
0.007005929946899414,positive,10.0,10.0,0.6331877708435059,0.6689246296882629,0.07334098219871521,0.5747406482696533,186,88
0.007150411605834961,positive,10.0,10.0,0.6638251543045044,1.056762933731079,0.09095647186040878,0.041265811771154404,186,90
0.007454395294189453,positive,10.0,10.0,0.7638118267059326,1.4418591260910034,0.07438092678785324,-0.432085245847702,186,94
0.0075185298919677734,positive,10.0,10.0,0.7926490306854248,1.2457671165466309,0.0657392218708992,-0.11691274493932724,186,95
0.007663249969482422,positive,10.0,10.0,0.8385597467422485,0.8537989854812622,0.06731625646352768,0.5077545642852783,186,97
0.0077266693115234375,positive,10.0,10.0,0.8556357026100159,1.0479110479354858,0.07747134566307068,0.23702193796634674,186,98
0.007789134979248047,positive,10.0,10.0,0.8765939474105835,1.241845726966858,0.08221178501844406,-0.030253611505031586,186,99
0.007857799530029297,positive,10.0,10.0,0.9014308452606201,1.4356982707977295,0.08160671591758728,-0.2959074079990387,186,100
0.007921457290649414,positive,10.0,10.0,0.9301447868347168,1.2395135164260864,0.07568856328725815,0.021356139332056046,186,101
0.008068561553955078,positive,10.0,10.0,0.9836045503616333,1.6274300813674927,0.07118530571460724,-0.5142556428909302,186,103
0.008304357528686523,positive,10.0,10.0,1.0928970575332642,1.8200243711471558,0.024094467982649803,-0.7500736117362976,186,106
0.00853276252746582,positive,10.0,10.0,1.1903756856918335,1.2342058420181274,-0.0029925736598670483,0.1383412629365921,186,109
0.00859832763671875,positive,10.0,10.0,1.2150598764419556,1.0391268730163574,-0.00022574856120627373,0.43007856607437134,186,110
0.008748769760131836,positive,10.0,10.0,1.2605273723602295,1.0390111207962036,0.011122312396764755,0.4326380491256714,186,112
0.008893728256225586,positive,10.0,10.0,1.3059871196746826,1.0385743379592896,0.022644713521003723,0.44233736395835876,186,114
0.009040594100952148,positive,10.0,10.0,1.3514260053634644,1.0378103256225586,0.03462901711463928,0.459326833486557,186,116
0.009186983108520508,positive,10.0,10.0,1.396830677986145,1.0367053747177124,0.04737069457769394,0.4839340150356293,186,118
0.009494304656982422,positive,10.0,10.0,1.4874811172485352,1.4234795570373535,0.07639123499393463,-0.02542104572057724,186,122
0.009560585021972656,positive,10.0,10.0,1.5159506797790527,1.6174275875091553,0.07588280737400055,-0.29305747151374817,186,123
0.009624242782592773,positive,10.0,10.0,1.5482991933822632,1.8113902807235718,0.07002165913581848,-0.5608760118484497,186,124
0.009856700897216797,positive,10.0,10.0,1.6452232599258423,1.223597526550293,0.055137649178504944,0.3728350102901459,186,127
0.00992131233215332,positive,10.0,10.0,1.6696951389312744,1.4178946018218994,0.06259435415267944,0.09803453087806702,186,128
0.010066747665405273,positive,10.0,10.0,1.72249174118042,1.4160841703414917,0.07275085151195526,0.13813790678977966,186,130
0.010133028030395508,positive,10.0,10.0,1.750813364982605,1.6100927591323853,0.07551360875368118,-0.1307353675365448,186,131
0.010199546813964844,positive,10.0,10.0,1.783015251159668,1.8040564060211182,0.07289890199899673,-0.3986716866493225,186,132
0.010346174240112305,positive,10.0,10.0,1.851256012916565,1.4119904041290283,0.0632469654083252,0.22851470112800598,186,134
0.010411262512207031,positive,10.0,10.0,1.8794958591461182,1.2160242795944214,0.06781726330518723,0.5404583215713501,186,135
0.010720252990722656,negative,10.0,-10.0,2.0000572204589844,1.9916977882385254,0.07884382456541061,-0.5270498991012573,186,139
0.010786056518554688,negative,10.0,-10.0,2.039891242980957,1.7955601215362549,0.06830282509326935,-0.21060135960578918,186,140
0.010855436325073242,negative,10.0,-10.0,2.0758023262023926,1.5995314121246338,0.064090795814991,0.102821484208107,186,141
0.010919570922851562,negative,10.0,-10.0,2.107793092727661,1.793679118156433,0.06614722311496735,-0.16897235810756683,186,142
0.00020170211791992188,positive,10.0,10.0,-0.0034156127367168665,-0.0018232179572805762,0.006539925001561642,-0.02745635248720646,187,0
0.0003962516784667969,positive,10.0,10.0,-0.007392843719571829,-0.3922452926635742,0.011336454190313816,0.5618492364883423,187,2
0.0004627704620361328,positive,10.0,10.0,-0.015237749554216862,-0.19728423655033112,0.0225734394043684,0.2727593183517456,187,3
0.0009465217590332031,positive,10.0,10.0,-0.03514654561877251,0.18958346545696259,0.05248392000794411,-0.23855042457580566,187,9
0.001013040542602539,positive,10.0,10.0,-0.0313548743724823,-0.0062474594451487064,0.047712910920381546,0.0702146589756012,187,10
0.001077890396118164,positive,10.0,10.0,-0.03147982433438301,-0.2020198255777359,0.049117203801870346,0.3775613009929657,187,11
0.0011420249938964844,positive,10.0,10.0,-0.035520222038030624,-0.007628618273884058,0.05666843056678772,0.10076078772544861,187,12
0.0012059211730957031,positive,10.0,10.0,-0.03567279502749443,-0.20351499319076538,0.058683644980192184,0.4107702970504761,187,13
0.0012726783752441406,positive,10.0,10.0,-0.0397430919110775,-0.009271961636841297,0.06689905375242233,0.137150377035141,187,14
0.0015027523040771484,positive,10.0,10.0,-0.04425851255655289,0.18269985914230347,0.08224984258413315,-0.0866505429148674,187,17
0.0016472339630126953,positive,10.0,10.0,-0.03307346627116203,0.18038329482078552,0.07347098737955093,-0.0353454127907753,187,19
0.0017113685607910156,positive,10.0,10.0,-0.029465800151228905,0.3743789494037628,0.0727640762925148,-0.30397284030914307,187,20
0.001856088638305664,positive,10.0,10.0,-0.018412230536341667,-0.01771225407719612,0.06689945608377457,0.3236967623233795,187,22
0.0020093917846679688,positive,10.0,10.0,-0.015238544903695583,0.370393842458725,0.07443016767501831,-0.21582192182540894,187,24
0.00215911865234375,positive,10.0,10.0,0.003456875216215849,0.3683394193649292,0.06043114513158798,-0.17019833624362946,187,26
0.0022230148315429688,positive,10.0,10.0,0.01082366332411766,0.1724068969488144,0.0570271797478199,0.14091989398002625,187,27
0.0023686885833740234,positive,10.0,10.0,0.01380213163793087,0.17074328660964966,0.06886627525091171,0.17780020833015442,187,29
0.002433300018310547,positive,10.0,10.0,0.01721699722111225,-0.02529314160346985,0.07242227345705032,0.4913885295391083,187,30
0.002497434616088867,positive,10.0,10.0,0.01671113446354866,0.1687365025281906,0.08225004374980927,0.22238053381443024,187,31
0.002561807632446289,positive,10.0,10.0,0.020085865631699562,0.3625923991203308,0.08669766038656235,-0.04326602816581726,187,32
0.0027883052825927734,positive,10.0,10.0,0.04566788673400879,0.5540317296981812,0.07990633696317673,-0.25543057918548584,187,35
0.002851724624633789,positive,10.0,10.0,0.05674852058291435,0.7479272484779358,0.07479772716760635,-0.5218783617019653,187,36
0.0029141902923583984,positive,10.0,10.0,0.07170706242322922,0.5518365502357483,0.06436016410589218,-0.20659473538398743,187,37
0.002976655960083008,positive,10.0,10.0,0.08274379372596741,0.35585612058639526,0.060228265821933746,0.10567609965801239,187,38
0.0032835006713867188,positive,10.0,10.0,0.10330266505479813,0.3520606458187103,0.08273244649171829,0.18983790278434753,187,42
0.0035092830657958984,positive,10.0,10.0,0.1360558122396469,0.5434670448303223,0.07821996510028839,-0.02158454991877079,187,45
0.003573179244995117,positive,10.0,10.0,0.146925151348114,0.7373851537704468,0.07778827100992203,-0.2885991334915161,187,46
0.0037963390350341797,positive,10.0,10.0,0.187203049659729,0.9292787313461304,0.06773661077022552,-0.5104914903640747,187,49
0.0040988922119140625,positive,10.0,10.0,0.23803213238716125,0.5358166694641113,0.06428379565477371,0.14753127098083496,187,53
0.00416254997253418,positive,10.0,10.0,0.24874846637248993,0.33983585238456726,0.06723442673683167,0.4597817063331604,187,54
0.004228353500366211,positive,10.0,10.0,0.25554516911506653,0.5339462161064148,0.0764300599694252,0.18902602791786194,187,55
0.004610776901245117,positive,10.0,10.0,0.3321235477924347,0.7235980033874512,0.06521429121494293,0.016508150845766068,187,60
0.004756927490234375,positive,10.0,10.0,0.35714757442474365,0.7217350006103516,0.07212512195110321,0.057718727737665176,187,62
0.005059957504272461,positive,10.0,10.0,0.43036702275276184,0.7178089022636414,0.056122180074453354,0.14439038932323456,187,66
0.005124330520629883,positive,10.0,10.0,0.4447231888771057,0.5219299793243408,0.059009987860918045,0.4542374014854431,187,67
0.005271434783935547,positive,10.0,10.0,0.46948519349098206,0.5201430916786194,0.07170920073986053,0.4940866529941559,187,69
0.005334377288818359,positive,10.0,10.0,0.47988805174827576,0.7141843438148499,0.081590935587883,0.2248372733592987,187,70
0.00539708137512207,positive,10.0,10.0,0.49417173862457275,0.9080511331558228,0.0860876813530922,-0.04103439301252365,187,71
0.005459308624267578,positive,10.0,10.0,0.5123327374458313,1.1018399000167847,0.08526699244976044,-0.3053624927997589,187,72
0.005522012710571289,positive,10.0,10.0,0.5343695878982544,0.9056128859519958,0.07915974408388138,0.012946794740855694,187,73
0.005830287933349609,positive,10.0,10.0,0.6144859790802002,1.2913004159927368,0.07149270921945572,-0.47335052490234375,187,77
0.0058956146240234375,positive,10.0,10.0,0.6403119564056396,1.0952454805374146,0.06202569976449013,-0.1590183675289154,187,78
0.006364583969116211,positive,10.0,10.0,0.7441620826721191,1.089310646057129,0.08980874717235565,-0.02790038101375103,187,84
0.006429195404052734,positive,10.0,10.0,0.7659482955932617,1.283037543296814,0.08925073593854904,-0.29095137119293213,187,85
0.0065746307373046875,positive,10.0,10.0,0.8133442997932434,1.2805964946746826,0.0840015560388565,-0.2367447316646576,187,87
0.006800413131713867,positive,10.0,10.0,0.8940103054046631,1.082238793373108,0.06552637368440628,0.12847360968589783,187,90
0.006949901580810547,positive,10.0,10.0,0.9333799481391907,0.690226137638092,0.0769176110625267,0.7544359564781189,187,92
0.007014751434326172,positive,10.0,10.0,0.9471844434738159,0.8842082023620605,0.09200633317232132,0.48691466450691223,187,93
0.007722139358520508,positive,10.0,10.0,1.2067195177078247,1.8470513820648193,0.05088178440928459,-0.6980130672454834,187,102
0.007786989212036133,positive,10.0,10.0,1.243660569190979,1.6512622833251953,0.03692152351140976,-0.38975661993026733,187,103
0.007932186126708984,positive,10.0,10.0,1.3057985305786133,1.2601091861724854,0.02741308882832527,0.21606305241584778,187,105
0.007996559143066406,positive,10.0,10.0,1.3310006856918335,1.0646063089370728,0.03173435106873512,0.5172656774520874,187,106
0.008062601089477539,positive,10.0,10.0,1.3522928953170776,1.2592673301696777,0.042079661041498184,0.23474937677383423,187,107
0.00821065902709961,positive,10.0,10.0,1.398749589920044,1.2580045461654663,0.057582709938287735,0.2628172039985657,187,109
0.008357048034667969,positive,10.0,10.0,1.445151925086975,1.2562971115112305,0.07430089265108109,0.30084866285324097,187,111
0.008420944213867188,positive,10.0,10.0,1.4702777862548828,1.450285792350769,0.08031786978244781,0.03249293565750122,187,112
0.00872492790222168,positive,10.0,10.0,1.6095681190490723,1.8360462188720703,0.05094194784760475,-0.4548061192035675,187,116
0.008950233459472656,positive,10.0,10.0,1.7079849243164062,1.2488900423049927,0.042097095400094986,0.46377575397491455,187,119
0.009014368057250977,positive,10.0,10.0,1.732962727546692,1.4433926343917847,0.05137261003255844,0.18465329706668854,187,120
0.009158134460449219,positive,10.0,10.0,1.7867820262908936,1.4418784379959106,0.06492746621370316,0.21825677156448364,187,122
0.00930333137512207,positive,10.0,10.0,1.840537428855896,1.4399737119674683,0.07990647107362747,0.26062414050102234,187,124
0.009449005126953125,positive,10.0,10.0,1.9020142555236816,1.8276740312576294,0.08500247448682785,-0.2704836130142212,187,126
0.009597301483154297,negative,10.0,-10.0,1.9711967706680298,1.825344204902649,0.08054785430431366,-0.21879459917545319,187,128
0.009665966033935547,negative,10.0,-10.0,2.0077035427093506,2.019227981567383,0.07617196440696716,-0.4850217401981354,187,129
0.009732484817504883,negative,10.0,-10.0,2.0480880737304688,1.8231183290481567,0.06647153198719025,-0.1693374365568161,187,130
0.009797096252441406,negative,10.0,-10.0,2.084550619125366,1.6271109580993652,0.06308478116989136,0.14355246722698212,187,131
0.01002812385559082,negative,10.0,-10.0,2.1704187393188477,1.0390849113464355,0.09042833000421524,1.0834994316101074,187,134
0.01041555404663086,negative,10.0,-10.0,2.2896299362182617,1.6148635149002075,0.1824614703655243,0.4200199544429779,187,139
0.01047968864440918,negative,10.0,-10.0,2.321927309036255,1.8069947957992554,0.19086186587810516,0.18995365500450134,187,140
0.00035881996154785156,positive,10.0,10.0,0.019113078713417053,-0.21920152008533478,-0.01509250421077013,0.3293740749359131,188,1
0.0004322528839111328,positive,10.0,10.0,0.014729048125445843,-0.023868007585406303,-0.008505022153258324,0.031970150768756866,188,2
0.0007534027099609375,positive,10.0,10.0,0.005026963539421558,-0.023600740358233452,0.0054903640411794186,0.026073480024933815,188,6
0.0009834766387939453,positive,10.0,10.0,-0.0002963748120237142,-0.21906302869319916,0.013015558011829853,0.3262786567211151,188,9
0.001129150390625,positive,10.0,10.0,-0.005160211119800806,-0.21952542662620544,0.020295701920986176,0.3365122377872467,188,11
0.0011930465698242188,positive,10.0,10.0,-0.009550719521939754,-0.02469809725880623,0.027025947347283363,0.05029796436429024,188,12
0.0012569427490234375,positive,10.0,10.0,-0.010044681839644909,-0.220196932554245,0.028031906113028526,0.3513838052749634,188,13
0.0015628337860107422,positive,10.0,10.0,-0.019910236820578575,-0.22222697734832764,0.04564154893159866,0.39640745520591736,188,17
0.0017085075378417969,positive,10.0,10.0,-0.024910403415560722,-0.2236282378435135,0.055938828736543655,0.4275476038455963,188,19
0.001953125,positive,10.0,10.0,-0.026673778891563416,-0.03122071549296379,0.06517698615789413,0.1945558339357376,188,22
0.0020170211791992188,positive,10.0,10.0,-0.02729819342494011,-0.22721152007579803,0.06906810402870178,0.5070663094520569,188,23
0.002081632614135742,positive,10.0,10.0,-0.0318424217402935,-0.033127281814813614,0.07920942455530167,0.236923947930336,188,24
0.0021445751190185547,positive,10.0,10.0,-0.03250496834516525,0.1607789397239685,0.08394790440797806,-0.02976018749177456,188,25
0.002371072769165039,positive,10.0,10.0,-0.01902937702834606,0.3523283302783966,0.07791513949632645,-0.24433164298534393,188,28
0.0024390220642089844,positive,10.0,10.0,-0.011982809752225876,0.5462559461593628,0.07302851229906082,-0.5114566683769226,188,29
0.0026721954345703125,positive,10.0,10.0,0.009030497632920742,-0.041689835488796234,0.061168309301137924,0.42578840255737305,188,32
0.002738475799560547,positive,10.0,10.0,0.008196700364351273,0.1525147706270218,0.06968408077955246,0.15299855172634125,188,33
0.0028028488159179688,positive,10.0,10.0,0.011246996000409126,-0.04353218525648117,0.07274404913187027,0.46682584285736084,188,34
0.002946138381958008,positive,10.0,10.0,0.013386164791882038,0.3443484902381897,0.08603914827108383,-0.06777401268482208,188,36
0.003009319305419922,positive,10.0,10.0,0.020273135975003242,0.5381382703781128,0.08468367159366608,-0.3321191072463989,188,37
0.0031592845916748047,positive,10.0,10.0,0.037874288856983185,0.14577007293701172,0.07776171714067459,0.3022710680961609,188,39
0.003304004669189453,positive,10.0,10.0,0.047583743929862976,0.5335289835929871,0.08450894802808762,-0.23001839220523834,188,41
0.0034487247467041016,positive,10.0,10.0,0.07280128449201584,0.5311954617500305,0.0700107142329216,-0.17813526093959808,188,43
0.003593921661376953,positive,10.0,10.0,0.090128093957901,0.139137402176857,0.0691637322306633,0.44867023825645447,188,45
0.003738880157470703,positive,10.0,10.0,0.09957516938447952,0.5271382331848145,0.08170845359563828,-0.08848057687282562,188,47
0.003885030746459961,positive,10.0,10.0,0.12453792989253998,0.5248374938964844,0.07285270094871521,-0.037526387721300125,188,49
0.0039484500885009766,positive,10.0,10.0,0.1350346803665161,0.7188432216644287,0.07210217416286469,-0.3063632845878601,188,50
0.0041713714599609375,positive,10.0,10.0,0.16640235483646393,0.5208895802497864,0.07255622744560242,0.04979262501001358,188,53
0.004235506057739258,positive,10.0,10.0,0.17682014405727386,0.7149001955986023,0.07355207949876785,-0.2191447913646698,188,54
0.004302263259887695,positive,10.0,10.0,0.19111815094947815,0.908897876739502,0.06916918605566025,-0.48774972558021545,188,55
0.004452228546142578,positive,10.0,10.0,0.22355353832244873,0.5169519186019897,0.05593230947852135,0.1367245465517044,188,57
0.00451970100402832,positive,10.0,10.0,0.23389257490634918,0.32107532024383545,0.05866679921746254,0.4465155303478241,188,58
0.004585742950439453,positive,10.0,10.0,0.2403140813112259,0.515320360660553,0.06759711354970932,0.17288736999034882,188,59
0.004649162292480469,positive,10.0,10.0,0.2506204843521118,0.3192993402481079,0.0710548609495163,0.4861058294773102,188,60
0.004954814910888672,positive,10.0,10.0,0.29943880438804626,0.7048221230506897,0.07783592492341995,0.0038051889277994633,188,64
0.0054128170013427734,positive,10.0,10.0,0.39540424942970276,0.6989869475364685,0.06775741279125214,0.13280051946640015,188,70
0.005479335784912109,positive,10.0,10.0,0.40938398241996765,0.5029631853103638,0.07041342556476593,0.4460669457912445,188,71
0.005624532699584961,positive,10.0,10.0,0.43338367342948914,0.8909242153167725,0.08286245167255402,-0.09025407582521439,188,73
0.005773782730102539,positive,10.0,10.0,0.4728974997997284,0.888591468334198,0.07394364476203918,-0.03858501464128494,188,75
0.005839347839355469,positive,10.0,10.0,0.4906693398952484,1.082579493522644,0.0731719434261322,-0.30705225467681885,188,76
0.005990266799926758,positive,10.0,10.0,0.5300508141517639,1.0805950164794922,0.06718650460243225,-0.26302316784858704,188,78
0.00605463981628418,positive,10.0,10.0,0.5516627430915833,0.8845816254615784,0.061926040798425674,0.050071608275175095,188,79
0.006201505661010742,positive,10.0,10.0,0.583126962184906,0.8828026056289673,0.07016011327505112,0.08943632990121841,188,81
0.0062677860260009766,positive,10.0,10.0,0.6007829904556274,0.6867488026618958,0.07194884121417999,0.40340369939804077,188,82
0.006331205368041992,positive,10.0,10.0,0.6145179867744446,0.8807805180549622,0.08001691102981567,0.13424384593963623,188,83
0.006394624710083008,positive,10.0,10.0,0.6321336030960083,1.0746705532073975,0.08270178735256195,-0.13216078281402588,188,84
0.006539344787597656,positive,10.0,10.0,0.6789973378181458,1.0723553895950317,0.07210558652877808,-0.08083796501159668,188,86
0.006686687469482422,positive,10.0,10.0,0.7257719039916992,1.0703237056732178,0.06349026411771774,-0.03587717190384865,188,88
0.006750345230102539,positive,10.0,10.0,0.7471783757209778,0.8743513822555542,0.0627727210521698,0.27614250779151917,188,89
0.006895542144775391,positive,10.0,10.0,0.7782332301139832,0.8724950551986694,0.08005446195602417,0.3175331950187683,188,91
0.006959438323974609,positive,10.0,10.0,0.7956831455230713,1.0663909912109375,0.08640512824058533,0.0511317178606987,188,92
0.007183551788330078,positive,10.0,10.0,0.8712933659553528,1.2577531337738037,0.07362677156925201,-0.15926894545555115,188,95
0.007328510284423828,positive,10.0,10.0,0.9254833459854126,1.6458052396774292,0.06188446655869484,-0.6975175738334656,188,97
0.00739288330078125,positive,10.0,10.0,0.9583994746208191,1.8400169610977173,0.047934114933013916,-0.9700950384140015,188,98
0.007621049880981445,positive,10.0,10.0,1.0648654699325562,1.6436747312545776,-0.0036489812191575766,-0.6488683819770813,188,101
0.007685184478759766,positive,10.0,10.0,1.0977389812469482,1.448603868484497,-0.016626348719000816,-0.35733672976493835,188,102
0.007829904556274414,positive,10.0,10.0,1.1517854928970337,1.0589488744735718,-0.025171933695673943,0.21514607965946198,188,104
0.008214235305786133,positive,10.0,10.0,1.249930500984192,0.8646950721740723,0.006835091859102249,0.4886007308959961,188,109
0.008675575256347656,positive,10.0,10.0,1.365328073501587,0.8625285625457764,0.04953187331557274,0.5369205474853516,188,115
0.008819341659545898,positive,10.0,10.0,1.403717041015625,0.8609921336174011,0.0654752254486084,0.5713143348693848,188,117
0.008967161178588867,positive,10.0,10.0,1.4420397281646729,1.249084234237671,0.08290062844753265,0.032482799142599106,188,119
0.009031057357788086,positive,10.0,10.0,1.4670213460922241,1.4429254531860352,0.08355028182268143,-0.23293572664260864,188,120
0.00909423828125,positive,10.0,10.0,1.495879888534546,1.6367604732513428,0.0788915678858757,-0.4981386661529541,188,121
0.009239673614501953,positive,10.0,10.0,1.565228819847107,1.6346865892410278,0.05362972989678383,-0.4514021873474121,188,123
0.009546518325805664,positive,10.0,10.0,1.6725103855133057,1.2418811321258545,0.05443089082837105,0.19150885939598083,188,127
0.009613752365112305,positive,10.0,10.0,1.6973479986190796,1.0460244417190552,0.058261070400476456,0.5008535385131836,188,128
0.009677886962890625,positive,10.0,10.0,1.7182683944702148,1.2402788400650024,0.06827814131975174,0.22708547115325928,188,129
0.00974130630493164,positive,10.0,10.0,1.7430740594863892,1.4343619346618652,0.07281985133886337,-0.043302688747644424,188,130
0.009810209274291992,positive,10.0,10.0,1.7717612981796265,1.6283682584762573,0.07195379585027695,-0.312150776386261,188,131
0.009874582290649414,positive,10.0,10.0,1.8043285608291626,1.4322988986968994,0.06571078300476074,0.0023283876944333315,188,132
0.010020256042480469,positive,10.0,10.0,1.8577005863189697,1.430425763130188,0.0720573216676712,0.043756745755672455,188,134
0.010084390640258789,positive,10.0,10.0,1.8863091468811035,1.6244443655014038,0.07293245941400528,-0.2253495156764984,188,135
0.010147809982299805,positive,10.0,10.0,1.9187979698181152,1.8184523582458496,0.06842546910047531,-0.4941646456718445,188,136
0.01021122932434082,negative,10.0,-10.0,1.9551670551300049,2.0125458240509033,0.058542173355817795,-0.7645223140716553,188,137
0.010360956192016602,negative,10.0,-10.0,2.0395543575286865,2.01114559173584,0.022487225010991096,-0.7322836518287659,188,139
0.010507583618164062,negative,10.0,-10.0,2.1238961219787598,2.0107243061065674,-0.012514553964138031,-0.7226704359054565,188,141
0.010655403137207031,negative,10.0,-10.0,2.208230972290039,2.0112645626068115,-0.04735328257083893,-0.7351711988449097,188,143
0.010721445083618164,negative,10.0,-10.0,2.2484562397003174,2.207007646560669,-0.062056705355644226,-1.0423732995986938,188,144
0.0004010200500488281,positive,10.0,10.0,-0.018952472135424614,-0.16146646440029144,-0.035226624459028244,0.2358798235654831,189,1
0.0004737377166748047,positive,10.0,10.0,-0.02218180149793625,-0.35606786608695984,-0.03050902672111988,0.5172463655471802,189,2
0.0006253719329833984,positive,10.0,10.0,-0.032513756304979324,-0.3553578853607178,-0.01586194522678852,0.5013623833656311,189,4
0.000690460205078125,positive,10.0,10.0,-0.03962091729044914,-0.1600159853696823,-0.005834698677062988,0.20372314751148224,189,5
0.0007562637329101562,positive,10.0,10.0,-0.042821235954761505,-0.35505402088165283,-0.0017602357547730207,0.4945598244667053,189,6
0.0008211135864257812,positive,10.0,10.0,-0.04992231726646423,-0.1599072813987732,0.008130960166454315,0.20132265985012054,189,7
0.0008847713470458984,positive,10.0,10.0,-0.053120460361242294,-0.35514456033706665,0.012157413177192211,0.49655938148498535,189,8
0.0009481906890869141,positive,10.0,10.0,-0.060223352164030075,-0.16019614040851593,0.02208860218524933,0.20773254334926605,189,9
0.0010116100311279297,positive,10.0,10.0,-0.06342727690935135,-0.3556268513202667,0.02624325267970562,0.507300615310669,189,10
0.0010781288146972656,positive,10.0,10.0,-0.07053980976343155,-0.1608843207359314,0.03638926520943642,0.22300206124782562,189,11
0.0011432170867919922,positive,10.0,10.0,-0.07375749945640564,-0.35650697350502014,0.04084930568933487,0.5269378423690796,189,12
0.0012063980102539062,positive,10.0,10.0,-0.08088763803243637,-0.16198289394378662,0.05138806253671646,0.24740150570869446,189,13
0.0014340877532958984,positive,10.0,10.0,-0.09455353021621704,-0.3595280647277832,0.07308140397071838,0.5945968627929688,189,16
0.0014982223510742188,positive,10.0,10.0,-0.10174409300088882,-0.16550098359584808,0.08497334271669388,0.3257998824119568,189,17
0.0015711784362792969,positive,10.0,10.0,-0.10505411028862,0.02831481769680977,0.09148934483528137,0.06107724830508232,189,18
0.0018939971923828125,positive,10.0,10.0,-0.08734481036663055,0.41334035992622375,0.07653013616800308,-0.4107983708381653,189,22
0.001958608627319336,positive,10.0,10.0,-0.07907799631357193,0.21722161769866943,0.06831416487693787,-0.0950033888220787,189,23
0.002022266387939453,positive,10.0,10.0,-0.07473357021808624,0.021190423518419266,0.06641410291194916,0.21842628717422485,189,24
0.002088785171508789,positive,10.0,10.0,-0.07430975884199142,-0.17481495440006256,0.0707826241850853,0.5312975645065308,189,25
0.0030384063720703125,positive,10.0,10.0,-0.016705984249711037,0.5882250666618347,0.08779668807983398,-0.2568366527557373,189,37
0.003103017807006836,positive,10.0,10.0,-0.004941482096910477,0.7819910049438477,0.08265995234251022,-0.5205869674682617,189,38
0.0034847259521484375,positive,10.0,10.0,0.057445280253887177,0.19202810525894165,0.0586092509329319,0.4615872800350189,189,43
0.0035486221313476562,positive,10.0,10.0,0.061285845935344696,0.3862748444080353,0.06784099340438843,0.18793870508670807,189,44
0.004016399383544922,positive,10.0,10.0,0.11901874095201492,0.7696110606193542,0.08002523332834244,-0.24632497131824493,189,50
0.004161357879638672,positive,10.0,10.0,0.1458798199892044,0.7674122452735901,0.07650849223136902,-0.1975877434015274,189,52
0.004225254058837891,positive,10.0,10.0,0.16122806072235107,0.9613612294197083,0.0725567415356636,-0.4651886224746704,189,53
0.004288434982299805,positive,10.0,10.0,0.180455282330513,0.7652930617332458,0.06325296312570572,-0.15054719150066376,189,54
0.005167245864868164,positive,10.0,10.0,0.32808998227119446,0.9467003345489502,0.08634188771247864,-0.1409655660390854,189,65
0.005231618881225586,positive,10.0,10.0,0.34702399373054504,1.1404863595962524,0.08352258056402206,-0.4052088260650635,189,66
0.0053789615631103516,positive,10.0,10.0,0.38871943950653076,1.1382498741149902,0.07367027550935745,-0.3553738296031952,189,68
0.005532979965209961,positive,10.0,10.0,0.4381294548511505,1.526383876800537,0.05408385768532753,-0.8949461579322815,189,70
0.005759239196777344,positive,10.0,10.0,0.525771975517273,1.32972252368927,0.007132980041205883,-0.5665580630302429,189,73
0.00606536865234375,positive,10.0,10.0,0.6477614641189575,1.330594539642334,-0.06165897473692894,-0.5866563320159912,189,77
0.006775379180908203,positive,10.0,10.0,0.8101747035980225,0.3677893280982971,-0.07098837196826935,0.597118079662323,189,86
0.0071680545806884766,positive,10.0,10.0,0.8627326488494873,0.17671288549900055,-0.03853393346071243,0.7996569275856018,189,91
0.007231712341308594,positive,10.0,10.0,0.8662669062614441,0.3723416328430176,-0.022540796548128128,0.49510544538497925,189,92
0.007459163665771484,positive,10.0,10.0,0.8925259113311768,0.5680792927742004,0.0009508919320069253,0.1886524260044098,189,95
0.0075244903564453125,positive,10.0,10.0,0.9038875102996826,0.3729437291622162,0.004723940510302782,0.481635183095932,189,96
0.00767064094543457,positive,10.0,10.0,0.9227063655853271,0.3726743161678314,0.01816553995013237,0.48762190341949463,189,98
0.007817506790161133,positive,10.0,10.0,0.9415105581283569,0.37202543020248413,0.03193235769867897,0.5020763874053955,189,100
0.007964849472045898,positive,10.0,10.0,0.9602847099304199,0.37098702788352966,0.04636638984084129,0.5252474546432495,189,102
0.008192300796508789,positive,10.0,10.0,0.9864038228988647,0.5637428760528564,0.07297376543283463,0.2850106656551361,189,105
0.008256196975708008,positive,10.0,10.0,0.9976786971092224,0.7577522993087769,0.07867398113012314,0.016206292435526848,189,106
0.008566617965698242,positive,10.0,10.0,1.0737682580947876,0.753520131111145,0.05958959460258484,0.10969771444797516,189,110
0.008712053298950195,positive,10.0,10.0,1.0999906063079834,0.751791775226593,0.07019493728876114,0.14798620343208313,189,112
0.008777618408203125,positive,10.0,10.0,1.1150264739990234,0.5557385087013245,0.07315466552972794,0.4619622826576233,189,113
0.009083271026611328,positive,10.0,10.0,1.1827563047409058,0.9411731362342834,0.07807696610689163,-0.01848461665213108,189,117
0.009228944778442383,positive,10.0,10.0,1.224281668663025,1.329026222229004,0.07199632376432419,-0.5527459979057312,189,119
0.009292840957641602,positive,10.0,10.0,1.2508621215820312,1.5230672359466553,0.06094139814376831,-0.8219047784805298,189,120
0.009355783462524414,positive,10.0,10.0,1.2813235521316528,1.3271667957305908,0.04450330510735512,-0.5106939077377319,189,121
0.009418964385986328,positive,10.0,10.0,1.3078668117523193,1.1314470767974854,0.03428942710161209,-0.20432539284229279,189,122
0.009570837020874023,positive,10.0,10.0,1.349212884902954,0.7403104305267334,0.032182395458221436,0.4010307192802429,189,124
0.009635210037231445,positive,10.0,10.0,1.3640190362930298,0.9349614977836609,0.04020301252603531,0.11866535246372223,189,125
0.009943008422851562,positive,10.0,10.0,1.430938959121704,0.9322857856750488,0.06301000714302063,0.17793308198451996,189,129
0.010171175003051758,positive,10.0,10.0,1.4829200506210327,1.1243960857391357,0.08074138313531876,-0.04882409796118736,189,132
0.010397911071777344,positive,10.0,10.0,1.5620168447494507,1.706193447113037,0.06183570623397827,-0.8501452207565308,189,135
0.010543346405029297,positive,10.0,10.0,1.626346468925476,1.3145626783370972,0.03405927121639252,-0.2322111427783966,189,137
0.01069021224975586,positive,10.0,10.0,1.6750171184539795,0.9234399199485779,0.030835401266813278,0.37283411622047424,189,139
0.010754585266113281,positive,10.0,10.0,1.6934858560562134,1.1181105375289917,0.03829208388924599,0.09003113955259323,189,140
0.010817766189575195,positive,10.0,10.0,1.7158480882644653,0.9224612712860107,0.04009270668029785,0.3945450782775879,189,141
0.010962486267089844,positive,10.0,10.0,1.7566372156143188,1.3113948106765747,0.050278957933187485,-0.16239924728870392,189,143
0.011583328247070312,negative,10.0,-10.0,1.9504611492156982,1.3057104349136353,0.056341752409935,-0.03684157133102417,189,151
0.011728763580322266,negative,10.0,-10.0,1.9987719058990479,1.3041139841079712,0.061066363006830215,-0.0015675454633310437,189,153
0.011955976486206055,negative,10.0,-10.0,2.0730650424957275,1.10635507106781,0.06796807795763016,0.3500273823738098,189,156
0.012102603912353516,negative,10.0,-10.0,2.1212010383605957,1.4944194555282593,0.07655917853116989,-0.18859246373176575,189,158
0.012328147888183594,negative,10.0,-10.0,2.214702844619751,1.2963225841522217,0.06083448603749275,0.1706022322177887,189,161
0.01239323616027832,negative,10.0,-10.0,2.240629196166992,1.100385069847107,0.0642465278506279,0.4818391799926758,189,162
0.012538909912109375,negative,10.0,-10.0,2.288527727127075,1.4885362386703491,0.07808484882116318,-0.058415383100509644,189,164
0.012685060501098633,negative,10.0,-10.0,2.351947546005249,1.4863287210464478,0.07040701806545258,-0.00956287607550621,189,166
0.01275181770324707,negative,10.0,-10.0,2.381674289703369,1.2902714014053345,0.07021576166152954,0.30447709560394287,189,167
0.0003178119659423828,positive,10.0,10.0,0.005995071958750486,-0.027207178995013237,-0.0071317763067781925,-0.032139867544174194,190,0
0.0008690357208251953,positive,10.0,10.0,-0.02457398921251297,-0.4178502559661865,0.02970539592206478,0.5621969103813171,190,6
0.0009360313415527344,positive,10.0,10.0,-0.032930996268987656,-0.22315748035907745,0.04094933345913887,0.27901867032051086,190,7
0.001249074935913086,positive,10.0,10.0,-0.05086194723844528,-0.22613537311553955,0.06500734388828278,0.34516245126724243,190,11
0.0013158321380615234,positive,10.0,10.0,-0.05538465455174446,-0.0319955013692379,0.07191059738397598,0.07366643846035004,190,12
0.001636505126953125,positive,10.0,10.0,-0.04246365651488304,-0.03593577444553375,0.05718303099274635,0.16064411401748657,190,16
0.0017015933990478516,positive,10.0,10.0,-0.0431823693215847,-0.2318277657032013,0.06039591506123543,0.47080448269844055,190,17
0.0017657279968261719,positive,10.0,10.0,-0.047818925231695175,-0.03760860115289688,0.06981200724840164,0.19775250554084778,190,18
0.0018312931060791016,positive,10.0,10.0,-0.04857109859585762,-0.23365604877471924,0.0737670511007309,0.5116153955459595,190,19
0.0021393299102783203,positive,10.0,10.0,-0.04399503767490387,0.5416810512542725,0.08271344751119614,-0.548904538154602,190,23
0.002286195755004883,positive,10.0,10.0,-0.026251405477523804,0.5395280122756958,0.06710836291313171,-0.5005704164505005,190,25
0.002352476119995117,positive,10.0,10.0,-0.015460845082998276,0.3435274064540863,0.05709695443511009,-0.1875162124633789,190,26
0.0024204254150390625,positive,10.0,10.0,-0.00859029684215784,0.1476370245218277,0.053346630185842514,0.1226179301738739,190,27
0.002485990524291992,positive,10.0,10.0,-0.0056375558488070965,-0.04820701852440834,0.05579898878931999,0.4316425621509552,190,28
0.0025513172149658203,positive,10.0,10.0,-0.006601696368306875,0.14608226716518402,0.06443183869123459,0.15705858170986176,190,29
0.0027115345001220703,positive,10.0,10.0,-0.004678054247051477,0.14420539140701294,0.07696004956960678,0.19870959222316742,190,31
0.0027768611907958984,positive,10.0,10.0,-0.00179394637234509,0.33814704418182373,0.08093424141407013,-0.06873787939548492,190,32
0.0030105113983154297,positive,10.0,10.0,0.02232665941119194,0.5298677086830139,0.0724998265504837,-0.286988228559494,190,35
0.003075838088989258,positive,10.0,10.0,0.03292401134967804,0.33379071950912476,0.06676006317138672,0.027650879696011543,190,36
0.0031397342681884766,positive,10.0,10.0,0.03959982842206955,0.13777805864810944,0.06731308251619339,0.3406277894973755,190,37
0.0032923221588134766,positive,10.0,10.0,0.048993006348609924,0.5258662104606628,0.07552379369735718,-0.19849790632724762,190,39
0.003446340560913086,positive,10.0,10.0,0.07390695810317993,0.5237751007080078,0.06222517415881157,-0.1520826518535614,190,41
0.0035941600799560547,positive,10.0,10.0,0.09093885123729706,0.1319027692079544,0.062374792993068695,0.4703146517276764,190,43
0.0036613941192626953,positive,10.0,10.0,0.09357690811157227,0.3260907232761383,0.07178108394145966,0.19792544841766357,190,44
0.0037298202514648438,positive,10.0,10.0,0.10009872168302536,0.5201165080070496,0.07573959231376648,-0.07127819210290909,190,45
0.004042387008666992,positive,10.0,10.0,0.14157824218273163,0.5157322883605957,0.07290490716695786,0.025712938979268074,190,49
0.004109859466552734,positive,10.0,10.0,0.15189288556575775,0.7097370624542236,0.07341916114091873,-0.2431062012910843,190,50
0.004174232482910156,positive,10.0,10.0,0.16608762741088867,0.9037377238273621,0.06855703890323639,-0.5117573738098145,190,51
0.0044825077056884766,positive,10.0,10.0,0.21487225592136383,0.5102341771125793,0.0650312751531601,0.14722181856632233,190,55
0.005520343780517578,positive,10.0,10.0,0.3771173357963562,1.0810738801956177,0.09252428263425827,-0.4126771092414856,190,68
0.005586385726928711,positive,10.0,10.0,0.398738831281662,0.8847705125808716,0.08427073806524277,-0.09231819957494736,190,69
0.0057370662689208984,positive,10.0,10.0,0.43800604343414307,0.8823987245559692,0.07527898997068405,-0.03977625444531441,190,71
0.0059659481048583984,positive,10.0,10.0,0.4947866201400757,0.6842331290245056,0.06847608834505081,0.32085612416267395,190,74
0.006195068359375,positive,10.0,10.0,0.5474833846092224,1.2662485837936401,0.07155149430036545,-0.48542284965515137,190,77
0.0062618255615234375,positive,10.0,10.0,0.5728083848953247,1.0701937675476074,0.061843033879995346,-0.17107483744621277,190,78
0.006410837173461914,positive,10.0,10.0,0.6116970777511597,0.6783357262611389,0.06123071163892746,0.4509853422641754,190,80
0.006475925445556641,positive,10.0,10.0,0.6252638101577759,0.8725406527519226,0.07025041431188583,0.1782144159078598,190,81
0.006539821624755859,positive,10.0,10.0,0.6427146196365356,0.676487386226654,0.07381470501422882,0.4922056198120117,190,82
0.0066034793853759766,positive,10.0,10.0,0.6562443971633911,0.8704947829246521,0.08365881443023682,0.22366876900196075,190,83
0.0067517757415771484,positive,10.0,10.0,0.6949408054351807,0.8680596351623535,0.08730226010084152,0.27764010429382324,190,85
0.006899118423461914,positive,10.0,10.0,0.7335387468338013,1.2555108070373535,0.09312944114208221,-0.24828365445137024,190,87
0.007053375244140625,positive,10.0,10.0,0.7876327037811279,1.2529417276382446,0.07795976847410202,-0.19108740985393524,190,89
0.007120847702026367,positive,10.0,10.0,0.8126915097236633,1.4468668699264526,0.07413802295923233,-0.4581946134567261,190,90
0.0073544979095458984,positive,10.0,10.0,0.911146879196167,1.6392743587493896,0.030478471890091896,-0.6900762319564819,190,93
0.0075092315673828125,positive,10.0,10.0,0.9806115627288818,1.6386187076568604,-0.0027832600753754377,-0.6751357913017273,190,95
0.007659196853637695,positive,10.0,10.0,1.0500595569610596,1.638879656791687,-0.035659849643707275,-0.6811710000038147,190,97
0.007806539535522461,positive,10.0,10.0,1.111722469329834,1.2498811483383179,-0.05728176608681679,-0.12317809462547302,190,99
0.007956504821777344,positive,10.0,10.0,1.1578326225280762,0.8614068627357483,-0.05672738701105118,0.42414936423301697,190,101
0.008021116256713867,positive,10.0,10.0,1.175060749053955,1.0572845935821533,-0.04824439808726311,0.1141364723443985,190,102
0.008086442947387695,positive,10.0,10.0,1.1962064504623413,0.8628859519958496,-0.04596167057752609,0.39121681451797485,190,103
0.008150815963745117,positive,10.0,10.0,1.2134641408920288,1.058629035949707,-0.03813733160495758,0.08440429717302322,190,104
0.008214950561523438,positive,10.0,10.0,1.2346367835998535,0.8640739321708679,-0.03644924610853195,0.3648150861263275,190,105
0.008280515670776367,positive,10.0,10.0,1.2519181966781616,1.0596944093704224,-0.029152944684028625,0.06086556240916252,190,106
0.008350610733032227,positive,10.0,10.0,1.273112177848816,0.8650022745132446,-0.027935633435845375,0.34420984983444214,190,107
0.008659601211547852,positive,10.0,10.0,1.3501583337783813,0.8661759495735168,-0.013021370396018028,0.31819072365760803,190,111
0.008805274963378906,positive,10.0,10.0,1.3887114524841309,0.8664550185203552,-0.006228957325220108,0.3120049238204956,190,113
0.008952140808105469,positive,10.0,10.0,1.4272738695144653,0.8665430545806885,0.0003584224614314735,0.31005051732063293,190,115
0.009019613265991211,positive,10.0,10.0,1.444604754447937,1.0616599321365356,0.006559432949870825,0.01748065836727619,190,116
0.009083986282348633,positive,10.0,10.0,1.4658379554748535,0.8664445281028748,0.006909046322107315,0.31222593784332275,190,117
0.009394407272338867,positive,10.0,10.0,1.5429409742355347,0.8656826615333557,0.020562171936035156,0.3290795087814331,190,121
0.009541034698486328,positive,10.0,10.0,1.5814647674560547,0.8650054931640625,0.0280027873814106,0.3440731465816498,190,123
0.009604930877685547,positive,10.0,10.0,1.5987648963928223,1.059718132019043,0.0348842516541481,0.06035047024488449,190,124
0.009992837905883789,positive,10.0,10.0,1.696824312210083,0.8616065382957458,0.05501124635338783,0.41949597001075745,190,129
0.010219097137451172,positive,10.0,10.0,1.7523733377456665,1.054062843322754,0.07542701810598373,0.1855703443288803,190,132
0.010284662246704102,positive,10.0,10.0,1.7734545469284058,0.8579472303390503,0.07913842797279358,0.5010617971420288,190,133
0.010437726974487305,negative,10.0,-10.0,1.8038495779037476,0.4655821621417999,0.1055116206407547,1.1369401216506958,190,135
0.010665416717529297,negative,10.0,-10.0,1.8433917760849,0.6555221676826477,0.15842001140117645,0.9641790986061096,190,138
0.010733366012573242,negative,10.0,-10.0,1.8565021753311157,0.8482021689414978,0.1777035892009735,0.725159227848053,190,139
0.010879278182983398,negative,10.0,-10.0,1.8942757844924927,0.8432409167289734,0.20207186043262482,0.8398267030715942,190,141
0.0001957416534423828,positive,10.0,10.0,0.02901492454111576,-0.03365446254611015,0.021727576851844788,0.010954879224300385,191,0
0.0002846717834472656,positive,10.0,10.0,0.028341835364699364,-0.2290811687707901,0.021946674212813377,0.3104131519794464,191,1
0.0003528594970703125,positive,10.0,10.0,0.02376021072268486,-0.03427866846323013,0.02815493755042553,0.02473156899213791,191,2
0.0005121231079101562,positive,10.0,10.0,0.01847878098487854,-0.03509025275707245,0.035172831267118454,0.042650844901800156,191,4
0.0006625652313232422,positive,10.0,10.0,0.0131630077958107,-0.03610697761178017,0.04295025393366814,0.06511184573173523,191,6
0.0007278919219970703,positive,10.0,10.0,0.012440867722034454,-0.2318175584077835,0.04425249248743057,0.3710304796695709,191,7
0.0009541511535644531,positive,10.0,10.0,0.0023940023966133595,-0.038850896060466766,0.06154856085777283,0.12581154704093933,191,10
0.001260995864868164,positive,10.0,10.0,-0.00082436203956604,0.3473227620124817,0.07405051589012146,-0.37114399671554565,191,14
0.0013248920440673828,positive,10.0,10.0,0.006122093182057142,0.15123116970062256,0.066627636551857,-0.056061726063489914,191,15
0.0013878345489501953,positive,10.0,10.0,0.009146716445684433,-0.044779714196920395,0.06550639867782593,0.25687626004219055,191,16
0.0014622211456298828,positive,10.0,10.0,0.008251122198998928,-0.2407727688550949,0.07064392417669296,0.5694804191589355,191,17
0.0015268325805664062,positive,10.0,10.0,0.0034356669057160616,-0.436810702085495,0.08203352987766266,0.8835558891296387,191,18
0.0024001598358154297,positive,10.0,10.0,0.057777028530836105,0.5215163826942444,0.086245097219944,-0.20190094411373138,191,29
0.0024695396423339844,positive,10.0,10.0,0.06820736080408096,0.7153058052062988,0.0822070762515068,-0.4661799967288971,191,30
0.002533435821533203,positive,10.0,10.0,0.0825134739279747,0.5191243886947632,0.0728834792971611,-0.14876000583171844,191,31
0.002599000930786133,positive,10.0,10.0,0.09289596229791641,0.7131310701370239,0.0699082762002945,-0.4175886809825897,191,32
0.0028238296508789062,positive,10.0,10.0,0.1395280361175537,0.5155091881752014,0.04028712585568428,-0.06866429001092911,191,35
0.0028867721557617188,positive,10.0,10.0,0.14983822405338287,0.3198334574699402,0.03891383856534958,0.23645229637622833,191,36
0.0030295848846435547,positive,10.0,10.0,0.15871845185756683,0.31866002082824707,0.05446591600775719,0.2625328004360199,191,38
0.0031757354736328125,positive,10.0,10.0,0.16754773259162903,0.3170405924320221,0.07115427404642105,0.29859691858291626,191,40
0.0034902095794677734,positive,10.0,10.0,0.2161893993616104,0.7028767466545105,0.06283742189407349,-0.19065524637699127,191,44
0.0037183761596679688,positive,10.0,10.0,0.24660521745681763,0.5051994919776917,0.07008520513772964,0.15917788445949554,191,47
0.003943204879760742,positive,10.0,10.0,0.27295541763305664,0.6970099806785583,0.08681923151016235,-0.06107935309410095,191,50
0.004007101058959961,positive,10.0,10.0,0.28689560294151306,0.8907867670059204,0.08559764921665192,-0.3251569867134094,191,51
0.004070281982421875,positive,10.0,10.0,0.30471134185791016,0.6945570111274719,0.07909450680017471,-0.006754962727427483,191,52
0.004135608673095703,positive,10.0,10.0,0.31860247254371643,0.8884607553482056,0.0789594054222107,-0.27347177267074585,191,53
0.004281282424926758,positive,10.0,10.0,0.3580191433429718,0.886298656463623,0.06268510967493057,-0.2253396213054657,191,55
0.0044291019439697266,positive,10.0,10.0,0.38955190777778625,0.4944338798522949,0.05990710109472275,0.396895170211792,191,57
0.004495143890380859,positive,10.0,10.0,0.39944058656692505,0.6886569857597351,0.06784500181674957,0.12368528544902802,191,58
0.004883289337158203,positive,10.0,10.0,0.47590112686157227,0.87828129529953,0.07311300933361053,-0.048141688108444214,191,63
0.005110740661621094,positive,10.0,10.0,0.5324366688728333,0.680210292339325,0.06576526910066605,0.31034526228904724,191,66
0.005177974700927734,positive,10.0,10.0,0.5460408329963684,0.8743366003036499,0.07197217643260956,0.03910630941390991,191,67
0.00540924072265625,positive,10.0,10.0,0.6023402214050293,0.6762452125549316,0.069847472012043,0.3980703353881836,191,70
0.0060389041900634766,positive,10.0,10.0,0.748954713344574,1.057805061340332,0.08833255618810654,0.0033870087936520576,191,78
0.006102085113525391,positive,10.0,10.0,0.7701108455657959,1.2515565156936646,0.08840029686689377,-0.26017096638679504,191,79
0.006331443786621094,positive,10.0,10.0,0.8568316698074341,1.4431297779083252,0.05694129317998886,-0.4744183421134949,191,82
0.006478786468505859,positive,10.0,10.0,0.9184423089027405,1.831839680671692,0.03248043358325958,-1.0260050296783447,191,84
0.006708621978759766,positive,10.0,10.0,1.0244301557540894,1.6361668109893799,-0.022749701514840126,-0.7203031778335571,191,87
0.006935596466064453,positive,10.0,10.0,1.1265252828598022,1.4427063465118408,-0.07234235107898712,-0.46524229645729065,191,90
0.007082223892211914,positive,10.0,10.0,1.1803529262542725,1.0548123121261597,-0.08557139337062836,0.06964115053415298,191,92
0.00764012336730957,positive,10.0,10.0,1.301199197769165,0.8670593500137329,-0.045569926500320435,0.19974976778030396,191,99
0.007704734802246094,positive,10.0,10.0,1.318540334701538,0.6726177930831909,-0.041574928909540176,0.4777164161205292,191,100
0.0077686309814453125,positive,10.0,10.0,1.331992745399475,0.868301272392273,-0.032020602375268936,0.17222526669502258,191,101
0.007833242416381836,positive,10.0,10.0,1.3493586778640747,0.673651933670044,-0.028576096519827843,0.45463719964027405,191,102
0.007978439331054688,positive,10.0,10.0,1.380215048789978,0.6743283867835999,-0.016421642154455185,0.4395587742328644,191,104
0.008043050765991211,positive,10.0,10.0,1.3937016725540161,0.8696788549423218,-0.007630466483533382,0.14174483716487885,191,105
0.008189678192138672,positive,10.0,10.0,1.4245885610580444,0.8698565363883972,0.0038446453399956226,0.13781994581222534,191,107
0.00825357437133789,positive,10.0,10.0,1.4419857263565063,0.6746797561645508,0.006601044442504644,0.4317133128643036,191,108
0.008480072021484375,positive,10.0,10.0,1.4863609075546265,0.8692325949668884,0.026829058304429054,0.15163244307041168,191,111
0.008545637130737305,positive,10.0,10.0,1.5037455558776855,0.6737369298934937,0.029861707240343094,0.45265716314315796,191,112
0.00877690315246582,positive,10.0,10.0,1.5480440855026245,0.47707435488700867,0.051790252327919006,0.7799466252326965,191,115
0.008841514587402344,positive,10.0,10.0,1.557585597038269,0.6714475154876709,0.06738918274641037,0.5039973855018616,191,116
0.008905887603759766,positive,10.0,10.0,1.5710145235061646,0.8655582070350647,0.07746913284063339,0.23328962922096252,191,117
0.00905156135559082,positive,10.0,10.0,1.6095155477523804,1.253346562385559,0.08145519345998764,-0.29966655373573303,191,119
0.009115457534790039,positive,10.0,10.0,1.63458251953125,1.0571638345718384,0.07546186447143555,0.017553318291902542,191,120
0.009179353713989258,positive,10.0,10.0,1.6557257175445557,1.251127004623413,0.075812928378582,-0.250398725271225,191,121
0.009243011474609375,positive,10.0,10.0,1.6807483434677124,1.4450891017913818,0.07080495357513428,-0.5182384252548218,191,122
0.009388446807861328,positive,10.0,10.0,1.7346309423446655,1.0531134605407715,0.0563579797744751,0.10700930655002594,191,124
0.009453058242797852,positive,10.0,10.0,1.7556931972503662,1.2473844289779663,0.058498166501522064,-0.16737395524978638,191,125
0.009677886962890625,positive,10.0,10.0,1.8421918153762817,1.8303732872009277,0.03201292082667351,-0.9935920238494873,191,128
0.009984493255615234,negative,10.0,-10.0,1.980785608291626,1.8301007747650146,-0.035031020641326904,-0.9870150685310364,191,132
0.010051488876342773,negative,10.0,-10.0,2.017387628555298,1.6354650259017944,-0.05477132275700569,-0.7055375576019287,191,133
0.010360956192016602,negative,10.0,-10.0,2.1561341285705566,2.029728412628174,-0.1253547966480255,-1.3874765634536743,191,137
0.0002493858337402344,positive,10.0,10.0,-0.02810676395893097,-0.046579424291849136,-0.0342123806476593,0.018978312611579895,192,0
0.00044345855712890625,positive,10.0,10.0,-0.033862240612506866,-0.04560701921582222,-0.027819344773888588,-0.0024846578016877174,192,2
0.0006852149963378906,positive,10.0,10.0,-0.04828142002224922,-0.6298356652259827,-0.010942038148641586,0.8506503701210022,192,5
0.000995635986328125,positive,10.0,10.0,-0.08305791765451431,-0.24009272456169128,0.033674146980047226,0.2762986719608307,192,9
0.0011432170867919922,positive,10.0,10.0,-0.09657333791255951,-0.24112720787525177,0.05078830569982529,0.299328476190567,192,11
0.0013692378997802734,positive,10.0,10.0,-0.10718423128128052,-0.048390284180641174,0.06389914453029633,0.059029337018728256,192,14
0.0015151500701904297,positive,10.0,10.0,-0.11303938925266266,-0.05022755265235901,0.07250310480594635,0.09969528019428253,192,16
0.001661062240600586,positive,10.0,10.0,-0.11116825044155121,0.3377653956413269,0.07111179083585739,-0.43754345178604126,192,18
0.0017287731170654297,positive,10.0,10.0,-0.10441294312477112,0.1417127251625061,0.06236092746257782,-0.12331842631101608,192,19
0.001875162124633789,positive,10.0,10.0,-0.10266357660293579,-0.2501700818538666,0.06366192549467087,0.4993281364440918,192,21
0.0019452571868896484,positive,10.0,10.0,-0.1076669842004776,-0.056000690907239914,0.07364849001169205,0.2273680418729782,192,22
0.0020902156829833984,positive,10.0,10.0,-0.10602708160877228,0.33191433548927307,0.0773717612028122,-0.3082275688648224,192,24
0.0022346973419189453,positive,10.0,10.0,-0.09667319059371948,-0.06028701737523079,0.07136357575654984,0.32209083437919617,192,26
0.002298593521118164,positive,10.0,10.0,-0.09787893295288086,0.13374997675418854,0.07780539244413376,0.05273924767971039,192,27
0.0023627281188964844,positive,10.0,10.0,-0.0952039361000061,0.32767507433891296,0.07886017113924026,-0.21441665291786194,192,28
0.0024254322052001953,positive,10.0,10.0,-0.08865043520927429,0.5215862393379211,0.07457184046506882,-0.48121851682662964,192,29
0.002491474151611328,positive,10.0,10.0,-0.07821870595216751,0.3254952132701874,0.0649474710226059,-0.16599570214748383,192,30
0.002554655075073242,positive,10.0,10.0,-0.0717088058590889,0.12950660288333893,0.06162755563855171,0.14644855260849,192,31
0.002699613571166992,positive,10.0,10.0,-0.07044749706983566,0.1277114897966385,0.07371491938829422,0.18626336753368378,192,33
0.002844095230102539,positive,10.0,10.0,-0.06145915389060974,0.5156369805335999,0.07579448074102402,-0.3495655357837677,192,35
0.0029065608978271484,positive,10.0,10.0,-0.05114641785621643,0.3195234537124634,0.06880317628383636,-0.03397761657834053,192,36
0.0029692649841308594,positive,10.0,10.0,-0.04475594684481621,0.1234857589006424,0.06812362372875214,0.27959537506103516,192,37
0.00311279296875,positive,10.0,10.0,-0.04373700171709061,0.12147833406925201,0.08557478338479996,0.32438042759895325,192,39
0.0031745433807373047,positive,10.0,10.0,-0.04130743443965912,0.31528419256210327,0.09206239134073257,0.059863749891519547,192,40
0.003236532211303711,positive,10.0,10.0,-0.03500175103545189,0.5089738368988037,0.09325966238975525,-0.20241223275661469,192,41
0.0032989978790283203,positive,10.0,10.0,-0.024822276085615158,0.7026468515396118,0.08921141922473907,-0.46428075432777405,192,42
0.0033605098724365234,positive,10.0,10.0,-0.010769338347017765,0.5063849687576294,0.07992580533027649,-0.14486528933048248,192,43
0.0034232139587402344,positive,10.0,10.0,-0.0006416385876946151,0.7002767324447632,0.07702849805355072,-0.41130131483078003,192,44
0.003576040267944336,positive,10.0,10.0,0.023446939885616302,0.3081149756908417,0.06689521670341492,0.21820926666259766,192,46
0.003640413284301758,positive,10.0,10.0,0.029609238728880882,0.11210370808839798,0.07125940173864365,0.5312210917472839,192,47
0.0037870407104492188,positive,10.0,10.0,0.03797440975904465,0.5000181794166565,0.08712013810873032,-0.003958108369261026,192,49
0.0039331912994384766,positive,10.0,10.0,0.061850566416978836,0.8875685930252075,0.08168233931064606,-0.5319423079490662,192,51
0.0040781497955322266,positive,10.0,10.0,0.09342990815639496,0.4953365623950958,0.06674988567829132,0.09953993558883667,192,53
0.004141807556152344,positive,10.0,10.0,0.1033366397023201,0.2993246018886566,0.06874068081378937,0.41251298785209656,192,54
0.004206657409667969,positive,10.0,10.0,0.10932312905788422,0.4934082329273224,0.07699094712734222,0.14226897060871124,192,55
0.004269123077392578,positive,10.0,10.0,0.11919129639863968,0.687347948551178,0.07983632385730743,-0.12516584992408752,192,56
0.004331827163696289,positive,10.0,10.0,0.13293825089931488,0.8812407851219177,0.077333003282547,-0.39163175225257874,192,57
0.004395008087158203,positive,10.0,10.0,0.1505630761384964,0.685111403465271,0.06950037181377411,-0.0756036639213562,192,58
0.004541158676147461,positive,10.0,10.0,0.1740466058254242,0.2930414080619812,0.0727517381310463,0.5515018701553345,192,60
0.004937887191772461,negative,10.0,-10.0,0.19531221687793732,0.48098224401474,0.14497214555740356,0.4201014041900635,192,65
0.005167961120605469,negative,10.0,-10.0,0.23573589324951172,1.0589818954467773,0.15561752021312714,-0.30359598994255066,192,68
0.005232334136962891,negative,10.0,-10.0,0.25691553950309753,0.862024188041687,0.1495455950498581,0.03383767977356911,192,69
0.005296230316162109,negative,10.0,-10.0,0.27415600419044495,1.0547205209732056,0.15022234618663788,-0.20817795395851135,192,70
0.005440950393676758,negative,10.0,-10.0,0.3201986253261566,1.0505577325820923,0.13705961406230927,-0.11503440886735916,192,72
0.006075859069824219,positive,10.0,10.0,0.5262514352798462,1.4271423816680908,0.08329223841428757,-0.3995819687843323,192,80
0.0063054561614990234,positive,10.0,10.0,0.6079113483428955,1.228821873664856,0.06666666269302368,-0.03488016128540039,192,83
0.006452322006225586,positive,10.0,10.0,0.6531440019607544,0.8368123769760132,0.07153044641017914,0.5908077955245972,192,85
0.0065155029296875,positive,10.0,10.0,0.6698802709579468,1.0308637619018555,0.08334660530090332,0.32148703932762146,192,86
0.00658106803894043,positive,10.0,10.0,0.6904975175857544,1.2247060537338257,0.08977634459733963,0.056208524852991104,192,87
0.006729602813720703,positive,10.0,10.0,0.7433603405952454,1.612146258354187,0.08676344156265259,-0.4695349931716919,192,89
0.006794452667236328,positive,10.0,10.0,0.7756032943725586,1.4159126281738281,0.07737273722887039,-0.15081539750099182,192,90
0.00685882568359375,positive,10.0,10.0,0.8039215207099915,1.6098463535308838,0.07435642927885056,-0.41812071204185486,192,91
0.00700688362121582,positive,10.0,10.0,0.8643935322761536,1.6078709363937378,0.06393493711948395,-0.3741077184677124,192,93
0.0070722103118896484,positive,10.0,10.0,0.8965509533882141,1.8020291328430176,0.056452780961990356,-0.6459659934043884,192,94
0.007136821746826172,positive,10.0,10.0,0.9325914978981018,1.9963209629058838,0.04353346303105354,-0.9203510880470276,192,95
0.007200002670288086,positive,10.0,10.0,0.9725179672241211,1.8006385564804077,0.025126440450549126,-0.6143107414245605,192,96
0.0072629451751708984,positive,10.0,10.0,1.0085307359695435,1.9954005479812622,0.012840226292610168,-0.898975133895874,192,97
0.007325887680053711,positive,10.0,10.0,1.0484386682510376,1.8001068830490112,-0.005139276850968599,-0.6022839546203613,192,98
0.007558584213256836,positive,10.0,10.0,1.1447457075119019,1.2154057025909424,-0.02388964220881462,0.26119592785835266,192,101
0.0076236724853515625,positive,10.0,10.0,1.1690537929534912,1.0206327438354492,-0.018665725365281105,0.5462490916252136,192,102
0.0077702999114990234,positive,10.0,10.0,1.2137867212295532,1.0210014581680298,-0.002785863820463419,0.5379752516746521,192,104
0.007915973663330078,positive,10.0,10.0,1.2585300207138062,1.0209275484085083,0.01286195870488882,0.5396031737327576,192,106
0.008141756057739258,positive,10.0,10.0,1.323674201965332,1.2151224613189697,0.03969502076506615,0.2675369381904602,192,109
0.00836634635925293,positive,10.0,10.0,1.3926441669464111,1.4081923961639404,0.06238142400979996,0.019968656823039055,192,112
0.008594989776611328,positive,10.0,10.0,1.4731807708740234,1.2103636264801025,0.07060246169567108,0.37317076325416565,192,115
0.008741617202758789,positive,10.0,10.0,1.5254764556884766,1.5983366966247559,0.08013703674077988,-0.16350992023944855,192,117
0.009046554565429688,positive,10.0,10.0,1.6688148975372314,1.5943312644958496,0.04664192721247673,-0.07469736784696579,192,121
0.009109973907470703,positive,10.0,10.0,1.7007014751434326,1.3985726833343506,0.045147981494665146,0.23232880234718323,192,122
0.009173870086669922,positive,10.0,10.0,1.728672981262207,1.2028356790542603,0.04979455843567848,0.5389041304588318,192,123
0.009401798248291016,positive,10.0,10.0,1.8046998977661133,1.3954319953918457,0.07728845626115799,0.30223044753074646,192,126
0.009466886520385742,positive,10.0,10.0,1.8326085805892944,1.5893722772598267,0.08333306759595871,0.03488875553011894,192,127
0.010175704956054688,negative,10.0,-10.0,2.1959705352783203,2.1672630310058594,-0.010566464625298977,-0.6784318685531616,192,136
0.00043582916259765625,positive,10.0,10.0,-0.01509349700063467,-0.19066263735294342,0.01872205175459385,0.26334047317504883,193,1
0.0005259513854980469,positive,10.0,10.0,-0.01890674978494644,-0.38604673743247986,0.023988861590623856,0.561869204044342,193,2
0.001054525375366211,positive,10.0,10.0,-0.049801070243120193,-0.19391664862632751,0.07058016955852509,0.3358464241027832,193,7
0.0015554428100585938,positive,10.0,10.0,-0.038197968155145645,-0.004103006329387426,0.06218503788113594,0.15978026390075684,193,12
0.0016376972198486328,positive,10.0,10.0,-0.038280025124549866,-0.20005756616592407,0.06538064032793045,0.47141459584236145,193,13
0.0020303726196289062,positive,10.0,10.0,-0.0309989582747221,0.185834601521492,0.07074758410453796,-0.0188925638794899,193,17
0.0025331974029541016,positive,10.0,10.0,-0.004820387810468674,0.7657594680786133,0.06175108253955841,-0.7787960171699524,193,22
0.0028247833251953125,positive,10.0,10.0,0.02937375381588936,0.17847305536270142,0.03361894190311432,0.14360056817531586,193,25
0.0030210018157958984,positive,10.0,10.0,0.03260093927383423,0.17747339606285095,0.045424897223711014,0.16573664546012878,193,27
0.0033202171325683594,positive,10.0,10.0,0.03930768743157387,0.37037599086761475,0.06209687516093254,-0.0783090814948082,193,30
0.0034029483795166016,positive,10.0,10.0,0.046715207397937775,0.17442134022712708,0.06053069606423378,0.2333011031150818,193,31
0.003589153289794922,positive,10.0,10.0,0.04977341741323471,0.1726372092962265,0.0760856419801712,0.2729971706867218,193,33
0.0036716461181640625,positive,10.0,10.0,0.05322616174817085,0.36659571528434753,0.08154559135437012,0.005248737055808306,193,34
0.004065990447998047,positive,10.0,10.0,0.09801812469959259,0.3622174859046936,0.06169360876083374,0.10199424624443054,193,38
0.004150867462158203,positive,10.0,10.0,0.10526247322559357,0.16626812517642975,0.06373349577188492,0.4134855270385742,193,39
0.004233360290527344,positive,10.0,10.0,0.1085878387093544,0.3604315221309662,0.07200320810079575,0.1415567249059677,193,40
0.004419565200805664,positive,10.0,10.0,0.1268855184316635,0.7484269142150879,0.07228294014930725,-0.3957365155220032,193,42
0.004502773284912109,positive,10.0,10.0,0.14185404777526855,0.5523577928543091,0.06436821073293686,-0.08116811513900757,193,43
0.004693031311035156,positive,10.0,10.0,0.16002871096134186,0.5505468249320984,0.06736701726913452,-0.04114130884408951,193,45
0.004783153533935547,positive,10.0,10.0,0.1710396409034729,0.3545267879962921,0.06654419749975204,0.27201277017593384,193,46
0.004868507385253906,positive,10.0,10.0,0.17813017964363098,0.15852151811122894,0.07198444753885269,0.5849195122718811,193,47
0.005261898040771484,positive,10.0,10.0,0.21408246457576752,0.9338364601135254,0.08676176518201828,-0.4750403165817261,193,51
0.005547761917114258,positive,10.0,10.0,0.2661420404911041,0.7354493737220764,0.06566121429204941,-0.10856330394744873,193,54
0.006046295166015625,positive,10.0,10.0,0.323891818523407,0.9253607392311096,0.08236965537071228,-0.287124365568161,193,59
0.006232261657714844,positive,10.0,10.0,0.35698238015174866,0.9231107831001282,0.07723433524370193,-0.23719795048236847,193,61
0.006424903869628906,positive,10.0,10.0,0.39778557419776917,0.9209845662117004,0.06239929795265198,-0.18993592262268066,193,63
0.006507158279418945,positive,10.0,10.0,0.4162052571773529,0.7250279784202576,0.05860057845711708,0.12176038324832916,193,64
0.006589412689208984,positive,10.0,10.0,0.43070581555366516,0.5291175842285156,0.06103578582406044,0.4323402941226959,193,65
0.006882190704345703,positive,10.0,10.0,0.46630021929740906,0.7212989926338196,0.082339346408844,0.204478457570076,193,68
0.0070650577545166016,positive,10.0,10.0,0.4990292489528656,1.108936071395874,0.08520618826150894,-0.3253481090068817,193,70
0.007357120513916016,positive,10.0,10.0,0.5615946054458618,1.3005393743515015,0.07307988405227661,-0.540817141532898,193,73
0.007653474807739258,positive,10.0,10.0,0.6278651356697083,0.7126163244247437,0.059455350041389465,0.3959500789642334,193,76
0.007740974426269531,positive,10.0,10.0,0.642117440700531,0.9068465232849121,0.06737435609102249,0.12258915603160858,193,77
0.00782465934753418,positive,10.0,10.0,0.6602544188499451,0.7108272314071655,0.06982613354921341,0.4357440769672394,193,78
0.007907629013061523,positive,10.0,10.0,0.6744709610939026,0.9048948287963867,0.07854101806879044,0.1658642590045929,193,79
0.008201360702514648,positive,10.0,10.0,0.7403984069824219,1.0965086221694946,0.07250102609395981,-0.050069261342287064,193,82
0.008387565612792969,positive,10.0,10.0,0.7881389856338501,1.094456672668457,0.06511913239955902,-0.004678463097661734,193,84
0.008470535278320312,positive,10.0,10.0,0.8100281357765198,0.8984641432762146,0.06502556055784225,0.3078186511993408,193,85
0.008659839630126953,positive,10.0,10.0,0.8498494625091553,0.8965354561805725,0.07190855592489243,0.35059618949890137,193,87
0.008748292922973633,positive,10.0,10.0,0.8677801489830017,1.0905650854110718,0.07892048358917236,0.08142688870429993,193,88
0.009041309356689453,positive,10.0,10.0,0.9448480010032654,1.2822349071502686,0.06781052052974701,-0.13569413125514984,193,91
0.009519100189208984,positive,10.0,10.0,1.0572720766067505,1.4720704555511475,0.08190278708934784,-0.31258609890937805,193,96
0.009581804275512695,positive,10.0,10.0,1.0867135524749756,1.6659358739852905,0.07565106451511383,-0.5783569812774658,193,97
0.009643077850341797,positive,10.0,10.0,1.1200321912765503,1.859920620918274,0.06408392637968063,-0.8462815880775452,193,98
0.009926557540893555,positive,10.0,10.0,1.2198749780654907,1.2726095914840698,0.03193533420562744,0.07696850597858429,193,101
0.010009288787841797,positive,10.0,10.0,1.2453272342681885,1.0770447254180908,0.03347470238804817,0.3795536160469055,193,102
0.010091781616210938,positive,10.0,10.0,1.2668681144714355,1.271675705909729,0.041065774857997894,0.09761042147874832,193,103
0.010174274444580078,positive,10.0,10.0,1.2923016548156738,1.075990080833435,0.04301798343658447,0.40296149253845215,193,104
0.010256290435791016,positive,10.0,10.0,1.3138214349746704,1.2704763412475586,0.051077213138341904,0.12414535135030746,193,105
0.010441303253173828,positive,10.0,10.0,1.3607242107391357,1.2689855098724365,0.062210023403167725,0.1571657657623291,193,107
0.010629415512084961,positive,10.0,10.0,1.4075645208358765,1.2671713829040527,0.07472948729991913,0.1974182277917862,193,109
0.010814666748046875,positive,10.0,10.0,1.4621309041976929,1.6550602912902832,0.07726211845874786,-0.3376457989215851,193,111
0.011000871658325195,positive,10.0,10.0,1.5322121381759644,1.6529691219329834,0.058409225195646286,-0.2909669280052185,193,113
0.011083126068115234,positive,10.0,10.0,1.5652714967727661,1.4570651054382324,0.052589885890483856,0.019550589844584465,193,114
0.011164665222167969,positive,10.0,10.0,1.5944128036499023,1.2612299919128418,0.052980899810791016,0.32835152745246887,193,115
0.011556386947631836,positive,10.0,10.0,1.703018307685852,1.2578208446502686,0.06969300657510757,0.404024600982666,193,119
0.011642932891845703,positive,10.0,10.0,1.7281746864318848,1.4518887996673584,0.07777349650859833,0.13410256803035736,193,120
0.011831521987915039,positive,10.0,10.0,1.7901288270950317,1.8396984338760376,0.07779423147439957,-0.39932096004486084,193,122
0.01191401481628418,positive,10.0,10.0,1.8269227743148804,1.643563985824585,0.06980781257152557,-0.08316077291965485,193,123
0.012200593948364258,positive,10.0,10.0,1.9137741327285767,1.055423378944397,0.08364027738571167,0.8587715029716492,193,126
0.012389898300170898,negative,10.0,-10.0,1.9598687887191772,1.0529345273971558,0.11268603056669235,0.9161769151687622,193,128
0.0003688335418701172,positive,10.0,10.0,-0.027223831042647362,-0.0010863818461075425,-0.02282838709652424,-0.022958945482969284,194,0
0.0004782676696777344,positive,10.0,10.0,-0.02724555693566799,-0.19587363302707672,-0.023287566378712654,0.26243484020233154,194,1
0.0006716251373291016,positive,10.0,10.0,-0.038976140320301056,-0.195284903049469,-0.0070852176286280155,0.24937114119529724,194,3
0.0007388591766357422,positive,10.0,10.0,-0.042881838977336884,-0.39030495285987854,-0.002097794786095619,0.539810836315155,194,4
0.0008904933929443359,positive,10.0,10.0,-0.05459101125597954,-0.39039868116378784,0.013627775013446808,0.5418815612792969,194,6
0.0009591579437255859,positive,10.0,10.0,-0.06239898502826691,-0.1954708844423294,0.02446540631353855,0.25352343916893005,194,7
0.0010254383087158203,positive,10.0,10.0,-0.0663084015250206,-0.39093348383903503,0.029535874724388123,0.5538216829299927,194,8
0.0012671947479248047,positive,10.0,10.0,-0.08589015156030655,-0.197468101978302,0.05754007399082184,0.2979631721973419,194,11
0.0014166831970214844,positive,10.0,10.0,-0.08990374952554703,-0.19918397068977356,0.06397869437932968,0.3359904885292053,194,13
0.0014972686767578125,positive,10.0,10.0,-0.09388742595911026,-0.005028098355978727,0.07069850713014603,0.0641494169831276,194,14
0.0015616416931152344,positive,10.0,10.0,-0.09398798644542694,-0.20108872652053833,0.07198149710893631,0.37827372550964355,194,15
0.0017080307006835938,positive,10.0,10.0,-0.09815094619989395,0.18683834373950958,0.08172950893640518,-0.1574370414018631,194,17
0.001772165298461914,positive,10.0,10.0,-0.09441417455673218,0.38070082664489746,0.07858076691627502,-0.42325836420059204,194,18
0.0019195079803466797,positive,10.0,10.0,-0.08310898393392563,-0.011494326405227184,0.06797812134027481,0.2070799618959427,194,20
0.001984119415283203,positive,10.0,10.0,-0.08333887159824371,-0.20751915872097015,0.07211972028017044,0.5204082727432251,194,21
0.0020475387573242188,positive,10.0,10.0,-0.08748925477266312,-0.013482609763741493,0.08252788335084915,0.251294881105423,194,22
0.002279043197631836,positive,10.0,10.0,-0.07666882872581482,0.5679097771644592,0.0817069411277771,-0.5420165657997131,194,25
0.002507448196411133,positive,10.0,10.0,-0.0543622151017189,-0.02032667025923729,0.06816001981496811,0.4022822678089142,194,28
0.002572298049926758,positive,10.0,10.0,-0.054768744856119156,0.17376567423343658,0.07620567083358765,0.13184331357479095,194,29
0.003300189971923828,positive,10.0,10.0,-0.0008545056916773319,0.7489562630653381,0.08191100507974625,-0.5241612792015076,194,38
0.003446817398071289,positive,10.0,10.0,0.025180276483297348,0.3567160665988922,0.06729112565517426,0.10749936103820801,194,40
0.003592967987060547,positive,10.0,10.0,0.03552854806184769,0.3547704517841339,0.0778537169098854,0.15062187612056732,194,42
0.003657102584838867,positive,10.0,10.0,0.04262395575642586,0.5486962199211121,0.08086615055799484,-0.11651983857154846,194,43
0.0038836002349853516,positive,10.0,10.0,0.07937788218259811,0.3503650724887848,0.06955788284540176,0.24791859090328217,194,46
0.003950834274291992,positive,10.0,10.0,0.08638518303632736,0.15432222187519073,0.07451625168323517,0.5617052912712097,194,47
0.0051577091217041016,positive,10.0,10.0,0.281638503074646,1.1069296598434448,0.08570069074630737,-0.39735734462738037,194,62
0.0052225589752197266,positive,10.0,10.0,0.3037770986557007,0.9107030034065247,0.07775354385375977,-0.07893246412277222,194,63
0.005287647247314453,positive,10.0,10.0,0.3219911754131317,1.1046291589736938,0.07617489248514175,-0.3461063802242279,194,64
0.005439043045043945,positive,10.0,10.0,0.36225396394729614,1.1025750637054443,0.06864459812641144,-0.30046263337135315,194,66
0.0055043697357177734,positive,10.0,10.0,0.384305477142334,1.2966548204421997,0.06263533979654312,-0.5707310438156128,194,67
0.005570173263549805,positive,10.0,10.0,0.4102385640144348,1.4908450841903687,0.05122072249650955,-0.8430424928665161,194,68
0.0058019161224365234,positive,10.0,10.0,0.5035536289215088,1.684632420539856,-0.004342453088611364,-1.1048202514648438,194,71
0.005867719650268555,positive,10.0,10.0,0.5372462868690491,1.4895678758621216,-0.02643885836005211,-0.8135027885437012,194,72
0.006014823913574219,positive,10.0,10.0,0.6007384657859802,1.4905056953430176,-0.06499657779932022,-0.8353980183601379,194,74
0.0064814090728759766,negative,10.0,-10.0,0.7604748010635376,0.7199046015739441,-0.1447044461965561,0.12001331895589828,194,80
0.006875038146972656,positive,10.0,10.0,0.7938868403434753,0.14436385035514832,-0.08359887450933456,0.7834723591804504,194,85
0.007185459136962891,positive,10.0,10.0,0.8055561184883118,0.5377398729324341,-0.023675858974456787,0.12576335668563843,194,89
0.00725245475769043,positive,10.0,10.0,0.8163108825683594,0.3429649770259857,-0.021160591393709183,0.4108837842941284,194,90
0.0073239803314208984,positive,10.0,10.0,0.8231701850891113,0.5383804440498352,-0.01294291578233242,0.11160549521446228,194,91
0.007476329803466797,positive,10.0,10.0,0.8408067226409912,0.5387185215950012,-0.0027072641532868147,0.10413660109043121,194,93
0.007623910903930664,positive,10.0,10.0,0.8584538102149963,0.5387662649154663,0.007294751238077879,0.10308440029621124,194,95
0.008099079132080078,positive,10.0,10.0,0.9113437533378601,0.14696256816387177,0.03843693062663078,0.7232168316841125,194,101
0.008332490921020508,positive,10.0,10.0,0.9318310022354126,0.3399183452129364,0.06510529667139053,0.4788351058959961,194,104
0.008483171463012695,positive,10.0,10.0,0.9493106603622437,0.7280426621437073,0.07882922887802124,-0.06085978075861931,194,106
0.008632183074951172,positive,10.0,10.0,0.9745091795921326,0.725817084312439,0.08272435516119003,-0.011612688191235065,194,108
0.009188652038574219,positive,10.0,10.0,1.095169186592102,0.5236979126930237,0.06205669790506363,0.43619486689567566,194,115
0.009334564208984375,positive,10.0,10.0,1.120000958442688,0.5218289494514465,0.07405462861061096,0.477847695350647,194,117
0.009482383728027344,positive,10.0,10.0,1.14475417137146,0.9096645712852478,0.08779945969581604,-0.05578712001442909,194,119
0.009546279907226562,positive,10.0,10.0,1.162947416305542,1.1034250259399414,0.0866837128996849,-0.3195284605026245,194,120
0.009613037109375,positive,10.0,10.0,1.1850160360336304,0.9071824550628662,0.08029314875602722,-0.0008166058687493205,194,121
0.009677410125732422,positive,10.0,10.0,1.2031595706939697,1.1010665893554688,0.08027681708335876,-0.2671249806880951,194,122
0.009830236434936523,positive,10.0,10.0,1.25108003616333,1.4889490604400635,0.06426537036895752,-0.8016093373298645,194,124
0.01006174087524414,positive,10.0,10.0,1.328663945198059,0.9015889167785645,0.03480599448084831,0.12262173742055893,194,127
0.010618448257446289,positive,10.0,10.0,1.4507609605789185,0.7022790312767029,0.06276185810565948,0.5084754824638367,194,134
0.010682344436645508,positive,10.0,10.0,1.4648065567016602,0.89646315574646,0.07293137162923813,0.2362126111984253,194,135
0.01074838638305664,positive,10.0,10.0,1.4827357530593872,1.0904715061187744,0.0776556208729744,-0.0326034240424633,194,136
0.010903120040893555,positive,10.0,10.0,1.5302332639694214,1.0882686376571655,0.07100735604763031,0.01613020710647106,194,138
0.011536121368408203,positive,10.0,10.0,1.7349810600280762,1.0805914402008057,0.039788104593753815,0.18555806577205658,194,146
0.011685609817504883,positive,10.0,10.0,1.7820953130722046,1.4695944786071777,0.04161301627755165,-0.3729603588581085,194,148
0.011750459671020508,positive,10.0,10.0,1.8114871978759766,1.6641013622283936,0.034153811633586884,-0.6522373557090759,194,149
0.011981725692749023,positive,10.0,10.0,1.915210485458374,1.8584191799163818,-0.010265042074024677,-0.9266490936279297,194,152
0.012049674987792969,negative,10.0,-10.0,1.9523788690567017,1.6634373664855957,-0.028798023238778114,-0.6372095942497253,194,153
0.012517452239990234,negative,10.0,-10.0,2.1794984340667725,2.058983325958252,-0.15073858201503754,-1.352164387702942,194,159
0.0003745555877685547,positive,10.0,10.0,0.010017705149948597,-0.22348040342330933,-0.01902601309120655,0.26446333527565,195,1
0.0005354881286621094,positive,10.0,10.0,-0.0028184165712445974,-0.22301353514194489,-0.0027150455862283707,0.25410598516464233,195,3
0.0006012916564941406,positive,10.0,10.0,-0.007278687320649624,-0.4180966019630432,0.0023670741356909275,0.5459312796592712,195,4
0.0006673336029052734,positive,10.0,10.0,-0.01564062014222145,-0.22300799190998077,0.013285700231790543,0.2539951205253601,195,5
0.0007319450378417969,positive,10.0,10.0,-0.020100779831409454,-0.41831710934638977,0.01836560294032097,0.550838828086853,195,6
0.0007960796356201172,positive,10.0,10.0,-0.028467120602726936,-0.22345785796642303,0.029382379725575447,0.263998419046402,195,7
0.0009436607360839844,positive,10.0,10.0,-0.04131601005792618,-0.2243676483631134,0.04597838968038559,0.28423771262168884,195,9
0.0010890960693359375,positive,10.0,10.0,-0.054205648601055145,-0.22575215995311737,0.06348434835672379,0.31508827209472656,195,11
0.0013206005096435547,positive,10.0,10.0,-0.0639052540063858,-0.033588774502277374,0.07778659462928772,0.08734569698572159,195,14
0.0017213821411132812,positive,10.0,10.0,-0.04407848045229912,0.15625442564487457,0.05636245012283325,-0.08931038528680801,195,19
0.0020339488983154297,positive,10.0,10.0,-0.047280505299568176,-0.23728430271148682,0.0747176930308342,0.5702630281448364,195,23
0.0021810531616210938,positive,10.0,10.0,-0.05289189890027046,0.15051031112670898,0.09216341376304626,0.03769581392407417,195,25
0.0022459030151367188,positive,10.0,10.0,-0.049881692975759506,0.344198077917099,0.09291733056306839,-0.22454509139060974,195,26
0.0023908615112304688,positive,10.0,10.0,-0.03224017471075058,0.34162652492523193,0.07869576662778854,-0.16734281182289124,195,28
0.0026276111602783203,positive,10.0,10.0,-0.007908152416348457,0.14342503249645233,0.06429000943899155,0.19420121610164642,195,31
0.0028543472290039062,positive,10.0,10.0,-0.0032598774414509535,0.3354645371437073,0.08302323520183563,-0.03098428063094616,195,34
0.0030813217163085938,positive,10.0,10.0,0.020697684958577156,0.5270563960075378,0.07689894735813141,-0.24647663533687592,195,37
0.0031464099884033203,positive,10.0,10.0,0.03123881295323372,0.721000611782074,0.0719694197177887,-0.5139472484588623,195,38
0.0032968521118164062,positive,10.0,10.0,0.056157682090997696,0.3289952576160431,0.05770085006952286,0.11200664937496185,195,40
0.0036842823028564453,positive,10.0,10.0,0.08107833564281464,0.5192148089408875,0.08448541909456253,-0.07299134880304337,195,45
0.0037500858306884766,positive,10.0,10.0,0.0914626345038414,0.7130303382873535,0.08302559703588486,-0.33786851167678833,195,46
0.0038161277770996094,positive,10.0,10.0,0.10572323948144913,0.51683109998703,0.07626822590827942,-0.020201927050948143,195,47
0.0041277408599853516,positive,10.0,10.0,0.14694096148014069,0.5126594305038452,0.07749492675065994,0.07209447026252747,195,51
0.004273414611816406,positive,10.0,10.0,0.1713259518146515,0.9004990458488464,0.07503347098827362,-0.4619421660900116,195,53
0.004418849945068359,positive,10.0,10.0,0.20342396199703217,0.5084018707275391,0.06286294758319855,0.16610869765281677,195,55
0.004483222961425781,positive,10.0,10.0,0.21359199285507202,0.3124390244483948,0.0661851167678833,0.4779419004917145,195,56
0.004548072814941406,positive,10.0,10.0,0.21984077990055084,0.506567120552063,0.07574395835399628,0.2068314552307129,195,57
0.004775285720825195,positive,10.0,10.0,0.2618710994720459,0.6982714533805847,0.07211042195558548,-0.011063627898693085,195,60
0.004923582077026367,positive,10.0,10.0,0.2936823070049286,1.0863158702850342,0.0662861093878746,-0.5493229031562805,195,62
0.0049877166748046875,positive,10.0,10.0,0.3154086172580719,0.8903285264968872,0.055299654603004456,-0.23651359975337982,195,63
0.0051348209381103516,positive,10.0,10.0,0.34710443019866943,0.4986528158187866,0.05203112214803696,0.38128623366355896,195,65
0.0051991939544677734,positive,10.0,10.0,0.3570774793624878,0.6929988265037537,0.05965684726834297,0.10545198619365692,195,66
0.0054264068603515625,positive,10.0,10.0,0.3947043716907501,0.495217502117157,0.07296785712242126,0.4577012360095978,195,69
0.005810260772705078,positive,10.0,10.0,0.4752064049243927,1.0745999813079834,0.07707630842924118,-0.29039812088012695,195,74
0.005878448486328125,positive,10.0,10.0,0.49669840931892395,0.87846839427948,0.07126834243535995,0.025563759729266167,195,75
0.005942106246948242,positive,10.0,10.0,0.5142678022384644,0.6824005842208862,0.07177961617708206,0.33985403180122375,195,76
0.006005048751831055,positive,10.0,10.0,0.5279157757759094,0.8764317035675049,0.0785766988992691,0.0706419050693512,195,77
0.006229877471923828,positive,10.0,10.0,0.592136025428772,1.0681265592575073,0.06681113690137863,-0.14701244235038757,195,80
0.00629425048828125,positive,10.0,10.0,0.6134985685348511,0.8721145987510681,0.06387089192867279,0.1659773588180542,195,81
0.0065288543701171875,positive,10.0,10.0,0.661868691444397,1.0641967058181763,0.08089924603700638,-0.060184307396411896,195,84
0.006596803665161133,positive,10.0,10.0,0.6831526160240173,1.2580711841583252,0.07969556003808975,-0.3262864053249359,195,85
0.006745100021362305,positive,10.0,10.0,0.7295522689819336,1.255910873413086,0.07297836244106293,-0.27830272912979126,195,87
0.006812334060668945,positive,10.0,10.0,0.7546704411506653,1.4499199390411377,0.06741230934858322,-0.5471051335334778,195,88
0.0070421695709228516,positive,10.0,10.0,0.8533163070678711,1.6427116394042969,0.018269822001457214,-0.7872148752212524,195,91
0.007349729537963867,positive,10.0,10.0,0.9925265312194824,1.6431511640548706,-0.056152891367673874,-0.7975686192512512,195,95
0.0074961185455322266,positive,10.0,10.0,1.0621695518493652,1.644892930984497,-0.09425175189971924,-0.838155210018158,195,97
0.008368968963623047,positive,10.0,10.0,1.2737836837768555,0.6880608797073364,-0.09219701588153839,0.21524083614349365,195,108
0.00843358039855957,positive,10.0,10.0,1.287544846534729,0.49436962604522705,-0.08789219707250595,0.47747617959976196,195,109
0.00866079330444336,positive,10.0,10.0,1.3211785554885864,0.6927992701530457,-0.06666569411754608,0.1100100502371788,195,112
0.00872492790222168,positive,10.0,10.0,1.3350344896316528,0.4986927807331085,-0.0644654929637909,0.38093775510787964,195,113
0.008788108825683594,positive,10.0,10.0,1.345008373260498,0.6946680545806885,-0.0568467378616333,0.06864571571350098,195,114
0.008852481842041016,positive,10.0,10.0,1.3589017391204834,0.5004052519798279,-0.055473823100328445,0.3428652882575989,195,115
0.008919954299926758,positive,10.0,10.0,1.3689098358154297,0.696270763874054,-0.04861651733517647,0.033218082040548325,195,116
0.008984088897705078,positive,10.0,10.0,1.3828352689743042,0.5018784403800964,-0.04795215651392937,0.3101743459701538,195,117
0.009132862091064453,positive,10.0,10.0,1.4068257808685303,0.5031505227088928,-0.041693419218063354,0.2819865047931671,195,119
0.00919795036315918,positive,10.0,10.0,1.4168888330459595,0.3086473345756531,-0.03605368733406067,0.5612334609031677,195,120
0.009426116943359375,positive,10.0,10.0,1.4393367767333984,0.5048903226852417,-0.0088375024497509,0.24334409832954407,195,123
0.009490251541137695,positive,10.0,10.0,1.4494346380233765,0.30989572405815125,-0.003970620222389698,0.5332264304161072,195,124
0.009637832641601562,positive,10.0,10.0,1.4657340049743652,0.3098563551902771,0.011479808017611504,0.5340818166732788,195,126
0.009701967239379883,positive,10.0,10.0,1.4719310998916626,0.5048149824142456,0.022161444649100304,0.24503812193870544,195,127
0.00984954833984375,positive,10.0,10.0,1.4882150888442993,0.5041150450706482,0.037954770028591156,0.2605932354927063,195,129
0.010075807571411133,positive,10.0,10.0,1.514526128768921,0.6972675919532776,0.060191165655851364,0.011205418966710567,195,132
0.010221242904663086,positive,10.0,10.0,1.5384981632232666,0.6955482959747314,0.0668603852391243,0.04922042042016983,195,134
0.010539531707763672,positive,10.0,10.0,1.594024419784546,1.0815412998199463,0.07339511066675186,-0.4438541531562805,195,138
0.010610818862915039,positive,10.0,10.0,1.6156553030014038,0.8854618072509766,0.0645180270075798,-0.12896791100502014,195,139
0.010675191879272461,positive,10.0,10.0,1.6333645582199097,0.689477801322937,0.06193866953253746,0.18335160613059998,195,140
0.010739326477050781,positive,10.0,10.0,1.6471540927886963,0.493526816368103,0.06560570001602173,0.4949128329753876,195,141
0.010802745819091797,positive,10.0,10.0,1.657024621963501,0.6876651644706726,0.07550396025180817,0.2236059606075287,195,142
0.011354684829711914,positive,10.0,10.0,1.7879489660263062,1.2654515504837036,0.06438729912042618,-0.48905324935913086,195,149
0.01150059700012207,positive,10.0,10.0,1.8346476554870605,1.2637828588485718,0.051070377230644226,-0.45176175236701965,195,151
0.01164865493774414,positive,10.0,10.0,1.881282925605774,1.2624727487564087,0.03916658088564873,-0.4225590229034424,195,153
0.011796712875366211,negative,10.0,-10.0,1.9278687238693237,1.2614871263504028,0.028359588235616684,-0.4006270170211792,195,155
0.011864185333251953,negative,10.0,-10.0,1.9530984163284302,1.0659747123718262,0.020347047597169876,-0.09913957864046097,195,156
0.011929512023925781,negative,10.0,-10.0,1.9744179248809814,1.2607991695404053,0.018364256247878075,-0.3853342533111572,195,157
0.011993408203125,negative,10.0,-10.0,1.9996339082717896,1.0654213428497314,0.010657571256160736,-0.08691820502281189,195,158
0.012056827545166016,negative,10.0,-10.0,2.020942449569702,1.260388970375061,0.008919207379221916,-0.3762196898460388,195,159
0.012122154235839844,negative,10.0,-10.0,2.0461502075195312,1.0651414394378662,0.0013948134146630764,-0.0807378962635994,195,160
0.012430191040039062,negative,10.0,-10.0,2.139167547225952,1.0653669834136963,-0.01679614558815956,-0.08572246879339218,195,164
0.012495279312133789,negative,10.0,-10.0,2.1604747772216797,1.2607256174087524,-0.018510594964027405,-0.38365691900253296,195,165
0.012558460235595703,negative,10.0,-10.0,2.1856892108917236,1.065871238708496,-0.026183733716607094,-0.09686732292175293,195,166
0.012788534164428711,negative,10.0,-10.0,2.26137113571167,1.6524709463119507,-0.05005716532468796,-1.0029269456863403,195,169
0.012934207916259766,negative,10.0,-10.0,2.3235816955566406,1.6540700197219849,-0.08464320003986359,-1.040276050567627,195,171
0.013000249862670898,negative,10.0,-10.0,2.356663227081299,1.8502082824707031,-0.10544872283935547,-1.3582855463027954,195,172
0.013066291809082031,negative,10.0,-10.0,2.393667221069336,2.046482801437378,-0.13261443376541138,-1.6820064783096313,195,173
0.00041675567626953125,positive,10.0,10.0,-0.02850440889596939,0.04326828569173813,-0.004743750207126141,0.009955005720257759,196,2
0.0006518363952636719,positive,10.0,10.0,-0.02200186252593994,-0.15157265961170197,-0.010088562034070492,0.29646334052085876,196,5
0.0007991790771484375,positive,10.0,10.0,-0.02415948174893856,-0.15137040615081787,-0.0041469791904091835,0.2919835150241852,196,7
0.0008652210235595703,positive,10.0,10.0,-0.027186891064047813,0.04381042346358299,0.0016926907701417804,-0.0020044357515871525,196,8
0.0009298324584960938,positive,10.0,10.0,-0.02631068229675293,-0.15133576095104218,0.001652601989917457,0.2912120819091797,196,9
0.0009951591491699219,positive,10.0,10.0,-0.02933739684522152,0.04376258701086044,0.007476843427866697,-0.0009491833043284714,196,10
0.0010600090026855469,positive,10.0,10.0,-0.02846214547753334,-0.1514657884836197,0.007457859814167023,0.2940833568572998,196,11
0.0018494129180908203,positive,10.0,10.0,-0.03946124389767647,-0.1547699272632599,0.04182557761669159,0.36723989248275757,196,21
0.0019142627716064453,positive,10.0,10.0,-0.04255663976073265,0.03973350301384926,0.04917037487030029,0.0880330502986908,196,22
0.0019779205322265625,positive,10.0,10.0,-0.04176197201013565,-0.15605750679969788,0.05093103647232056,0.3958148658275604,196,23
0.002040386199951172,positive,10.0,10.0,-0.0448831208050251,0.03830620273947716,0.0588473342359066,0.1196146160364151,196,24
0.0021038055419921875,positive,10.0,10.0,-0.044116996228694916,-0.15760734677314758,0.06123962625861168,0.4302673935890198,196,25
0.0021665096282958984,positive,10.0,10.0,-0.04726914316415787,0.03659635782241821,0.06984497606754303,0.15750108659267426,196,26
0.0023953914642333984,positive,10.0,10.0,-0.04903493449091911,0.22841903567314148,0.08647375553846359,-0.06302380561828613,196,29
0.0024590492248535156,positive,10.0,10.0,-0.04446655139327049,0.42220157384872437,0.08521328121423721,-0.3272198736667633,196,30
0.002521514892578125,positive,10.0,10.0,-0.03602252155542374,0.2259763479232788,0.07866887748241425,-0.008927633054554462,196,31
0.002584695816040039,positive,10.0,10.0,-0.031502995640039444,0.41988709568977356,0.07849033176898956,-0.27578938007354736,196,32
0.0026471614837646484,positive,10.0,10.0,-0.023105252534151077,0.6138066053390503,0.0729745402932167,-0.5427205562591553,196,33
0.0029506683349609375,positive,10.0,10.0,0.0024791762698441744,0.22012263536453247,0.06711212545633316,0.1204851046204567,196,37
0.0030968189239501953,positive,10.0,10.0,0.007363759912550449,0.2181788682937622,0.07819309830665588,0.16358119249343872,196,39
0.0032422542572021484,positive,10.0,10.0,0.01996932551264763,0.6059651374816895,0.07939581573009491,-0.36935552954673767,196,41
0.0033071041107177734,positive,10.0,10.0,0.03208862990140915,0.4098101556301117,0.07200870662927628,-0.05273209139704704,196,42
0.0035347938537597656,positive,10.0,10.0,0.06051688268780708,0.21178777515888214,0.06436362862586975,0.30465418100357056,196,45
0.0035991668701171875,positive,10.0,10.0,0.06475263833999634,0.40593627095222473,0.07045671343803406,0.032944321632385254,196,46
0.0037453174591064453,positive,10.0,10.0,0.07706893235445023,0.4039205312728882,0.07805557548999786,0.07756151258945465,196,48
0.003812551498413086,positive,10.0,10.0,0.08514734357595444,0.597841739654541,0.0796068087220192,-0.18950964510440826,196,49
0.0038759708404541016,positive,10.0,10.0,0.09710417687892914,0.7917399406433105,0.07581661641597748,-0.4560560882091522,196,50
0.003942966461181641,positive,10.0,10.0,0.11293897777795792,0.5956324934959412,0.06669548898935318,-0.14047126471996307,196,51
0.004172086715698242,positive,10.0,10.0,0.13691699504852295,0.39775678515434265,0.07702812552452087,0.21389421820640564,196,54
0.004236936569213867,positive,10.0,10.0,0.14487212896347046,0.5916978120803833,0.08130601048469543,-0.053530819714069366,196,55
0.00486302375793457,positive,10.0,10.0,0.25455033779144287,0.5839380025863647,0.06259316205978394,0.11804252862930298,196,63
0.004927873611450195,positive,10.0,10.0,0.2662290930747986,0.387977659702301,0.06495401263237,0.4297977685928345,196,64
0.005155324935913086,positive,10.0,10.0,0.3011534512042999,0.9700621962547302,0.07450900971889496,-0.3778530955314636,196,67
0.005539655685424805,positive,10.0,10.0,0.3667524755001068,0.7698807716369629,0.0878373235464096,0.027712062001228333,196,72
0.005604267120361328,positive,10.0,10.0,0.3821500837802887,0.9636404514312744,0.08839156478643417,-0.23601597547531128,196,73
0.0062329769134521484,positive,10.0,10.0,0.5279223918914795,0.9555369019508362,0.07577607035636902,-0.05645257979631424,196,81
0.006298542022705078,positive,10.0,10.0,0.5470331311225891,1.1494951248168945,0.07464701682329178,-0.32429826259613037,196,82
0.006364583969116211,positive,10.0,10.0,0.5700230598449707,0.9533940553665161,0.06816105544567108,-0.009039949625730515,196,83
0.006590127944946289,positive,10.0,10.0,0.6232672929763794,1.145440697669983,0.07474423944950104,-0.23457202315330505,196,86
0.006653785705566406,positive,10.0,10.0,0.6461760997772217,1.3394196033477783,0.07005279511213303,-0.5027735829353333,196,87
0.006798982620239258,positive,10.0,10.0,0.7036342620849609,1.7277352809906006,0.04454566165804863,-1.0458015203475952,196,89
0.006862640380859375,positive,10.0,10.0,0.7381889820098877,1.5320512056350708,0.023629631847143173,-0.7394744753837585,196,90
0.006926536560058594,positive,10.0,10.0,0.7688300013542175,1.7268390655517578,0.00884014181792736,-1.0246281623840332,196,91
0.007157087326049805,positive,10.0,10.0,0.8685364127159119,1.532118558883667,-0.046746283769607544,-0.7411789298057556,196,94
0.007302999496459961,positive,10.0,10.0,0.9337358474731445,1.5336003303527832,-0.08253384381532669,-0.7754614353179932,196,96
0.00801229476928711,positive,10.0,10.0,1.1016134023666382,0.5713541507720947,-0.0819670706987381,0.3969143033027649,196,105
0.008076667785644531,positive,10.0,10.0,1.1130404472351074,0.767537534236908,-0.07402878254652023,0.07955584675073624,196,106
0.008139848709106445,positive,10.0,10.0,1.1283912658691406,0.5735505819320679,-0.07243766635656357,0.34799474477767944,196,107
0.008203506469726562,positive,10.0,10.0,1.139862298965454,0.7696241140365601,-0.06547777354717255,0.033377744257450104,196,108
0.008268594741821289,positive,10.0,10.0,1.1552547216415405,0.5754992365837097,-0.06481021642684937,0.30470430850982666,196,109
0.008494138717651367,positive,10.0,10.0,1.1937392950057983,0.3830147087574005,-0.05355198308825493,0.5394502282142639,196,112
0.008638620376586914,positive,10.0,10.0,1.2129765748977661,0.3843613266944885,-0.03815525397658348,0.5092794895172119,196,114
0.008784055709838867,positive,10.0,10.0,1.2322638034820557,0.38528841733932495,-0.02387324534356594,0.48855122923851013,196,116
0.009009599685668945,positive,10.0,10.0,1.259300708770752,0.5810878276824951,-0.0008005612762644887,0.1807202398777008,196,119
0.009073972702026367,positive,10.0,10.0,1.2709225416183472,0.3859773576259613,0.0028138435445725918,0.4731505215167999,196,120
0.009139060974121094,positive,10.0,10.0,1.2786420583724976,0.581059455871582,0.012276853434741497,0.1813557893037796,196,121
0.009284496307373047,positive,10.0,10.0,1.2979785203933716,0.5806578397750854,0.025461694225668907,0.1902579814195633,196,123
0.009433746337890625,positive,10.0,10.0,1.3172953128814697,0.1896587610244751,0.039084114134311676,0.7926241159439087,196,125
0.009498119354248047,positive,10.0,10.0,1.3210885524749756,0.38422298431396484,0.054936595261096954,0.5124884843826294,196,126
0.009643793106079102,positive,10.0,10.0,1.3403435945510864,0.38254010677337646,0.06993859261274338,0.5501225590705872,196,128
0.009712457656860352,positive,10.0,10.0,1.347994327545166,0.5766136050224304,0.08094104379415512,0.28026923537254333,196,129
0.009777307510375977,positive,10.0,10.0,1.3595266342163086,0.7704932689666748,0.08654642850160599,0.014172550290822983,196,130
0.010004043579101562,positive,10.0,10.0,1.417383074760437,0.9618825316429138,0.07154832035303116,-0.19677309691905975,196,133
0.010149002075195312,positive,10.0,10.0,1.4597389698028564,0.9599031209945679,0.05829175189137459,-0.15285085141658783,196,135
0.010213375091552734,positive,10.0,10.0,1.478937029838562,0.7639970779418945,0.05523473769426346,0.15763720870018005,196,136
0.010358810424804688,positive,10.0,10.0,1.5055795907974243,0.7623801231384277,0.06773190200328827,0.19349803030490875,196,138
0.010899066925048828,positive,10.0,10.0,1.6313589811325073,1.3395851850509644,0.07577863335609436,-0.5066495537757874,196,145
0.011125564575195312,positive,10.0,10.0,1.7155739068984985,1.1418079137802124,0.040916621685028076,-0.15386806428432465,196,148
0.011189699172973633,positive,10.0,10.0,1.7384101152420044,1.3363208770751953,0.03783925995230675,-0.43336713314056396,196,149
0.011337995529174805,positive,10.0,10.0,1.795754313468933,1.3353737592697144,0.014894205145537853,-0.4121650159358978,196,151
0.011403322219848633,positive,10.0,10.0,1.822461724281311,1.5302814245224,0.006650905590504408,-0.7001153826713562,196,152
0.011468172073364258,positive,10.0,10.0,1.853067398071289,1.7253105640411377,-0.007351401727646589,-0.9906972050666809,196,153
0.011532306671142578,positive,10.0,10.0,1.8875735998153687,1.530287742614746,-0.02716534584760666,-0.7003322243690491,196,154
0.011680364608764648,negative,10.0,-10.0,1.9526948928833008,1.5312273502349854,-0.0612008199095726,-0.721967339515686,196,156
0.011745929718017578,negative,10.0,-10.0,1.9833194017410278,1.7271400690078735,-0.07564016431570053,-1.0332680940628052,196,157
0.011893272399902344,negative,10.0,-10.0,2.056325912475586,2.119373321533203,-0.12327967584133148,-1.6699005365371704,196,159
0.011959075927734375,negative,10.0,-10.0,2.0987133979797363,1.925881028175354,-0.15667767822742462,-1.4180172681808472,196,160
0.012023448944091797,negative,10.0,-10.0,2.13723087310791,2.1225569248199463,-0.1850380301475525,-1.755292534828186,196,161
0.0002079010009765625,positive,10.0,10.0,-0.0313505157828331,-0.044863179326057434,0.04797380790114403,0.03196317330002785,197,0
0.0004906654357910156,positive,10.0,10.0,-0.037985388189554214,-0.24211205542087555,0.056649282574653625,0.37205737829208374,197,3
0.00055694580078125,positive,10.0,10.0,-0.042827628552913666,-0.0478387288749218,0.06409043073654175,0.09776081889867783,197,4
0.0008814334869384766,positive,10.0,10.0,-0.046768732368946075,0.3382319211959839,0.07442958652973175,-0.3969871401786804,197,8
0.0009491443634033203,positive,10.0,10.0,-0.04000409319996834,0.14213724434375763,0.06648984551429749,-0.08179739117622375,197,9
0.0010950565338134766,positive,10.0,10.0,-0.038238782435655594,-0.249857559800148,0.06947589665651321,0.5435144305229187,197,11
0.0011594295501708984,positive,10.0,10.0,-0.043235935270786285,-0.05577721446752548,0.08034618198871613,0.27350571751594543,197,12
0.0012235641479492188,positive,10.0,10.0,-0.044351477175951004,0.138111874461174,0.08581630140542984,0.007206677459180355,197,13
0.001287221908569336,positive,10.0,10.0,-0.04158924147486687,0.33190494775772095,0.08596043288707733,-0.25721418857574463,197,14
0.0013577938079833984,positive,10.0,10.0,-0.034951139241456985,0.5257012248039246,0.08081614971160889,-0.5215939283370972,197,15
0.001421213150024414,positive,10.0,10.0,-0.02443711645901203,0.3295402228832245,0.07038427144289017,-0.20457877218723297,197,16
0.0015676021575927734,positive,10.0,10.0,-0.015176592394709587,-0.06252017617225647,0.0684816986322403,0.42228958010673523,197,18
0.0016314983367919922,positive,10.0,10.0,-0.016426995396614075,0.13156811892986298,0.07692749053239822,0.1519574075937271,197,19
0.0018596649169921875,positive,10.0,10.0,0.003102540737017989,0.7133379578590393,0.07001824676990509,-0.6491431593894958,197,22
0.0020859241485595703,positive,10.0,10.0,0.03414415568113327,0.12562249600887299,0.049827199429273605,0.28297850489616394,197,25
0.0022325515747070312,positive,10.0,10.0,0.0352531373500824,0.12412955611944199,0.067305788397789,0.316249817609787,197,27
0.002298593521118164,positive,10.0,10.0,0.03773573040962219,0.3182314932346344,0.07363078743219376,0.04552912712097168,197,28
0.002443552017211914,positive,10.0,10.0,0.05434485152363777,0.7062063813209534,0.0700804814696312,-0.49131399393081665,197,30
0.0025892257690429688,positive,10.0,10.0,0.0786723643541336,0.3142393231391907,0.05670633167028427,0.13367228209972382,197,32
0.0026521682739257812,positive,10.0,10.0,0.08495715260505676,0.11835288256406784,0.05937977507710457,0.4436923563480377,197,33
0.0027146339416503906,positive,10.0,10.0,0.08732420951128006,0.31258657574653625,0.06825362145900726,0.17030268907546997,197,34
0.002782106399536133,positive,10.0,10.0,0.09357593953609467,0.11655746400356293,0.07165967673063278,0.48371273279190063,197,35
0.003013134002685547,positive,10.0,10.0,0.11220845580101013,0.30823075771331787,0.08459266275167465,0.2669109106063843,197,38
0.003323793411254883,positive,10.0,10.0,0.15231938660144806,0.6933022737503052,0.08592727035284042,-0.20608150959014893,197,42
0.003552675247192383,positive,10.0,10.0,0.20554685592651367,0.8849306702613831,0.0576704777777195,-0.42172786593437195,197,45
0.0036983489990234375,positive,10.0,10.0,0.23702628910541534,0.49324947595596313,0.04700719565153122,0.19636479020118713,197,47
0.003925800323486328,positive,10.0,10.0,0.2626781761646271,0.29591789841651917,0.0655502900481224,0.5385766625404358,197,50
0.0040740966796875,positive,10.0,10.0,0.27839770913124084,0.6840144991874695,0.08166675269603729,-0.000421053176978603,197,52
0.004301309585571289,positive,10.0,10.0,0.3310703933238983,0.8756354451179504,0.06569088250398636,-0.21638648211956024,197,55
0.00436711311340332,positive,10.0,10.0,0.3485831022262573,0.6796388626098633,0.06136314943432808,0.09627346694469452,197,56
0.00451350212097168,positive,10.0,10.0,0.37184974551200867,0.6778637170791626,0.07144197076559067,0.13559001684188843,197,58
0.00457763671875,positive,10.0,10.0,0.385407030582428,0.8718934655189514,0.07415377348661423,-0.13372617959976196,197,59
0.0046422481536865234,positive,10.0,10.0,0.4028449058532715,1.065879225730896,0.07147925347089767,-0.40212392807006836,197,60
0.004709005355834961,positive,10.0,10.0,0.42416247725486755,0.8698201179504395,0.06343676894903183,-0.08778917789459229,197,61
0.004773855209350586,positive,10.0,10.0,0.4415588974952698,1.0639780759811401,0.06168098747730255,-0.3598024547100067,197,62
0.0048389434814453125,positive,10.0,10.0,0.46283844113349915,0.8680360913276672,0.05448493734002113,-0.048325613141059875,197,63
0.004908323287963867,positive,10.0,10.0,0.4801991581916809,0.6721768975257874,0.053518425673246384,0.26103782653808594,197,64
0.004971504211425781,positive,10.0,10.0,0.4936427175998688,0.4763334393501282,0.05873918533325195,0.5701093077659607,197,65
0.005034685134887695,positive,10.0,10.0,0.5031693577766418,0.6705845594406128,0.07014136761426926,0.29649457335472107,197,66
0.00526118278503418,positive,10.0,10.0,0.5550457239151001,1.25254225730896,0.07178562134504318,-0.5085834264755249,197,69
0.005328178405761719,positive,10.0,10.0,0.5800966024398804,1.0564862489700317,0.06161395460367203,-0.19416996836662292,197,70
0.005393266677856445,positive,10.0,10.0,0.6012263298034668,1.250675082206726,0.05773055553436279,-0.4667976200580597,197,71
0.005459308624267578,positive,10.0,10.0,0.6262398362159729,1.444935917854309,0.04839460179209709,-0.7407400012016296,197,72
0.005523681640625,positive,10.0,10.0,0.6551385521888733,1.639357566833496,0.03357980027794838,-1.017808437347412,197,73
0.005586385726928711,positive,10.0,10.0,0.6879256963729858,1.443804383277893,0.013223632238805294,-0.7147735953330994,197,74
0.005733013153076172,positive,10.0,10.0,0.7495765686035156,1.4436331987380981,-0.021137140691280365,-0.7109189033508301,197,76
0.005796670913696289,positive,10.0,10.0,0.7784492373466492,1.6390414237976074,-0.03535551577806473,-1.0101795196533203,197,77
0.0058596134185791016,positive,10.0,10.0,0.8112300634384155,1.444408655166626,-0.05555910989642143,-0.7288052439689636,197,78
0.005926609039306641,positive,10.0,10.0,0.8401182293891907,1.6402528285980225,-0.0701352134346962,-1.0384441614151,197,79
0.005989551544189453,positive,10.0,10.0,0.8729233145713806,1.4461294412612915,-0.09090409427881241,-0.7685778141021729,197,80
0.006541252136230469,positive,10.0,10.0,0.9941340088844299,0.09238825738430023,-0.09064241498708725,1.0210877656936646,197,87
0.006771564483642578,positive,10.0,10.0,1.0114458799362183,0.6804874539375305,-0.04844432696700096,0.07758310437202454,197,90
0.007237434387207031,positive,10.0,10.0,1.0815868377685547,0.6838889718055725,-0.02574927546083927,0.002454675966873765,197,96
0.00730133056640625,positive,10.0,10.0,1.0952646732330322,0.4891456067562103,-0.02570018172264099,0.2869034707546234,197,97
0.007447242736816406,positive,10.0,10.0,1.1187400817871094,0.48979440331459045,-0.020237572491168976,0.27254539728164673,197,99
0.0075130462646484375,positive,10.0,10.0,1.1285359859466553,0.2949669659137726,-0.01478666439652443,0.5587772727012634,197,100
0.007576704025268555,positive,10.0,10.0,1.1344352960586548,0.49029332399368286,-0.0036111189983785152,0.2614726126194,197,101
0.007886648178100586,positive,10.0,10.0,1.1658525466918945,0.09965313225984573,0.029045388102531433,0.8557634353637695,197,105
0.008031845092773438,positive,10.0,10.0,1.173732876777649,0.4888128340244293,0.05760772153735161,0.29456233978271484,197,107
0.008096694946289062,positive,10.0,10.0,1.1835092306137085,0.6830681562423706,0.06349896639585495,0.02058997005224228,197,108
0.008161067962646484,positive,10.0,10.0,1.1971704959869385,0.48709577322006226,0.06391076743602753,0.3326123058795929,197,109
0.008227348327636719,positive,10.0,10.0,1.2069123983383179,0.6812525987625122,0.07056301087141037,0.0607486329972744,197,110
0.008373260498046875,positive,10.0,10.0,1.2302414178848267,0.6792264580726624,0.07927465438842773,0.10561831295490265,197,112
0.008436918258666992,positive,10.0,10.0,1.243825912475586,0.8731281757354736,0.08138702064752579,-0.16103841364383698,197,113
0.008501291275024414,positive,10.0,10.0,1.2612885236740112,1.0669963359832764,0.07816625386476517,-0.42697674036026,197,114
0.008649110794067383,positive,10.0,10.0,1.3000456094741821,0.6748123168945312,0.06741248071193695,0.20309965312480927,197,116
0.008715391159057617,positive,10.0,10.0,1.3135418891906738,0.47879430651664734,0.07147447019815445,0.5162631273269653,197,117
0.008955717086791992,positive,10.0,10.0,1.353908658027649,1.0604828596115112,0.08636098355054855,-0.282974511384964,197,120
0.009024620056152344,positive,10.0,10.0,1.3751182556152344,1.2542736530303955,0.08070149272680283,-0.5472187995910645,197,121
0.009089231491088867,positive,10.0,10.0,1.400203824043274,1.0581161975860596,0.0697571188211441,-0.23023970425128937,197,122
0.00915384292602539,positive,10.0,10.0,1.4213660955429077,0.8620703816413879,0.06515232473611832,0.0836058259010315,197,123
0.009299755096435547,positive,10.0,10.0,1.4519290924072266,0.8601912260055542,0.07474668323993683,0.12522363662719727,197,125
0.009363412857055664,positive,10.0,10.0,1.469132900238037,1.0541671514511108,0.07725115120410919,-0.14297278225421906,197,126
0.009508609771728516,positive,10.0,10.0,1.5151783227920532,1.0520092248916626,0.06618531793355942,-0.09514154493808746,197,128
0.009655475616455078,positive,10.0,10.0,1.5533385276794434,0.6600250005722046,0.06863581389188766,0.5299142599105835,197,130
0.009719371795654297,positive,10.0,10.0,1.5665390491485596,0.8541176915168762,0.07923410087823868,0.25962379574775696,197,131
0.009866952896118164,positive,10.0,10.0,1.6045818328857422,1.2418404817581177,0.08428551256656647,-0.2719498872756958,197,133
0.009931802749633789,positive,10.0,10.0,1.6294187307357788,1.4356648921966553,0.0788465142250061,-0.5369038581848145,197,134
0.009995460510253906,positive,10.0,10.0,1.6581319570541382,1.6295949220657349,0.0681084394454956,-0.8037382364273071,197,135
0.010059118270874023,positive,10.0,10.0,1.6907238960266113,1.4336085319519043,0.052033670246601105,-0.4904318153858185,197,136
0.010289192199707031,positive,10.0,10.0,1.7727975845336914,1.6268415451049805,0.029371071606874466,-0.7411579489707947,197,139
0.010599374771118164,positive,10.0,10.0,1.9107187986373901,1.626593828201294,-0.04092171788215637,-0.7356058955192566,197,143
0.010827064514160156,negative,10.0,-10.0,2.012253999710083,1.8240026235580444,-0.09177486598491669,-1.0818955898284912,197,146
0.01113581657409668,negative,10.0,-10.0,2.13494873046875,1.4405370950698853,-0.14739322662353516,-0.6488996744155884,197,150
0.011202573776245117,negative,10.0,-10.0,2.163759469985962,1.6373714208602905,-0.16037122905254364,-0.9841267466545105,197,151
0.011351346969604492,negative,10.0,-10.0,2.23319149017334,2.0311169624328613,-0.20650538802146912,-1.6657792329788208,197,153
0.0003294944763183594,positive,10.0,10.0,-0.02724490500986576,-0.1989443153142929,0.031065350398421288,0.3296714425086975,198,1
0.0004918575286865234,positive,10.0,10.0,-0.031309351325035095,0.19028423726558685,0.038597673177719116,-0.23362277448177338,198,3
0.0005581378936767578,positive,10.0,10.0,-0.027503667399287224,-0.005367337726056576,0.033925216645002365,0.07098090648651123,198,4
0.0007054805755615234,positive,10.0,10.0,-0.03163018822669983,-0.006356298923492432,0.0428282655775547,0.09283916652202606,198,6
0.0009317398071289062,positive,10.0,10.0,-0.035950709134340286,-0.20343993604183197,0.055068548768758774,0.4292748272418976,198,9
0.0009984970092773438,positive,10.0,10.0,-0.04001950845122337,-0.00913933478295803,0.06365405023097992,0.15444768965244293,198,10
0.0010633468627929688,positive,10.0,10.0,-0.040202297270298004,-0.20511220395565033,0.06674300134181976,0.46651333570480347,198,11
0.0011286735534667969,positive,10.0,10.0,-0.044304538518190384,-0.010993629693984985,0.07607326656579971,0.19559164345264435,198,12
0.0011928081512451172,positive,10.0,10.0,-0.0445244126021862,-0.20711664855480194,0.07998509705066681,0.5112693309783936,198,13
0.0019159317016601562,negative,10.0,-10.0,-0.051599450409412384,0.36360353231430054,0.14766381680965424,-0.04574284330010414,198,22
0.001984834671020508,negative,10.0,-10.0,-0.044327378273010254,0.5563334822654724,0.14674896001815796,-0.28843608498573303,198,23
0.0021288394927978516,negative,10.0,-10.0,-0.026011571288108826,0.5523053407669067,0.14191412925720215,-0.19839756190776825,198,25
0.0021924972534179688,negative,10.0,-10.0,-0.014965464361011982,0.74514240026474,0.13794617354869843,-0.4431624710559845,198,26
0.0028276443481445312,positive,10.0,10.0,0.10326962172985077,0.7318387031555176,0.08918440341949463,-0.1457849144935608,198,34
0.0028922557830810547,positive,10.0,10.0,0.11790639162063599,0.9255777597427368,0.08626870065927505,-0.40905308723449707,198,35
0.002954721450805664,positive,10.0,10.0,0.136417955160141,0.7293453812599182,0.07808764278888702,-0.09046760946512222,198,36
0.0030193328857421875,positive,10.0,10.0,0.1510048508644104,0.9232662916183472,0.07627828419208527,-0.35752809047698975,198,37
0.0034837722778320312,positive,10.0,10.0,0.22637678682804108,0.9165973663330078,0.09281165897846222,-0.21023467183113098,198,43
0.003628253936767578,positive,10.0,10.0,0.2591143250465393,0.9140272736549377,0.09081140905618668,-0.15324293076992035,198,45
0.004090309143066406,positive,10.0,10.0,0.3723364472389221,0.5171632766723633,0.07459818571805954,0.5802098512649536,198,51
0.004554033279418945,positive,10.0,10.0,0.4847424626350403,1.2899523973464966,0.07643715292215347,-0.42351338267326355,198,57
0.004618167877197266,positive,10.0,10.0,0.5105414986610413,1.0938355922698975,0.06796688586473465,-0.10774639993906021,198,58
0.004681825637817383,positive,10.0,10.0,0.5324181914329529,0.8978087902069092,0.06581196188926697,0.20558173954486847,198,59
0.004910945892333984,positive,10.0,10.0,0.5823282599449158,1.0897709131240845,0.08525759726762772,-0.017894351854920387,198,62
0.004976749420166016,positive,10.0,10.0,0.6041236519813538,1.2835732698440552,0.08489970862865448,-0.2825065851211548,198,63
0.005125999450683594,positive,10.0,10.0,0.659342885017395,1.2812473773956299,0.06830455362796783,-0.23068858683109283,198,65
0.005190134048461914,positive,10.0,10.0,0.6849678158760071,1.0852192640304565,0.06369078159332275,0.0827338844537735,198,66
0.005334138870239258,positive,10.0,10.0,0.7244570851325989,1.0833816528320312,0.0732416957616806,0.12342602759599686,198,68
0.005479335784912109,positive,10.0,10.0,0.7716723680496216,1.4713428020477295,0.07280460745096207,-0.4131505787372589,198,70
0.0057163238525390625,positive,10.0,10.0,0.8481903076171875,1.2734577655792236,0.06685083359479904,-0.058412179350852966,198,73
0.0057828426361083984,positive,10.0,10.0,0.8736594319343567,1.0774441957473755,0.06568259000778198,0.2545909881591797,198,74
0.005846977233886719,positive,10.0,10.0,0.8952082991600037,0.8814488649368286,0.07077441364526749,0.5672467947006226,198,75
0.0059926509857177734,positive,10.0,10.0,0.9343475103378296,1.269371509552002,0.08807282149791718,0.03197770565748215,198,77
0.0060575008392333984,positive,10.0,10.0,0.9597349166870117,1.4631273746490479,0.08871237188577652,-0.23166954517364502,198,78
0.0061206817626953125,positive,10.0,10.0,0.9889974594116211,1.656877040863037,0.08407898247241974,-0.495104044675827,198,79
0.006350278854370117,positive,10.0,10.0,1.0844417810440063,1.8487179279327393,0.061722975224256516,-0.7151517868041992,198,82
0.006416797637939453,positive,10.0,10.0,1.1214162111282349,1.6527982950210571,0.04741993919014931,-0.40369701385498047,198,83
0.006643056869506836,positive,10.0,10.0,1.2088403701782227,1.0657374858856201,0.04158468917012215,0.5126307010650635,198,86
0.0067064762115478516,positive,10.0,10.0,1.230155110359192,1.2602498531341553,0.05183730274438858,0.23333682119846344,198,87
0.006852388381958008,positive,10.0,10.0,1.2766486406326294,1.2587110996246338,0.06734223663806915,0.26755204796791077,198,89
0.006917715072631836,positive,10.0,10.0,1.3018229007720947,1.0626959800720215,0.07269328087568283,0.5806919932365417,198,90
0.00698089599609375,positive,10.0,10.0,1.3230767250061035,1.2567280530929565,0.08430711925029755,0.31176555156707764,198,91
0.0070438385009765625,positive,10.0,10.0,1.3482112884521484,1.4505540132522583,0.09054242819547653,0.04681609943509102,198,92
0.0071125030517578125,positive,10.0,10.0,1.3772224187850952,1.6442688703536987,0.09147875010967255,-0.2159828096628189,198,93
0.007260322570800781,positive,10.0,10.0,1.4390671253204346,1.6417380571365356,0.08924103528261185,-0.1598648875951767,198,95
0.0074100494384765625,positive,10.0,10.0,1.5086114406585693,2.0292809009552,0.07758145779371262,-0.687479555606842,198,97
0.007634878158569336,positive,10.0,10.0,1.6342084407806396,1.8316093683242798,0.03188197687268257,-0.33630114793777466,198,100
0.00786137580871582,positive,10.0,10.0,1.7323731184005737,1.245112419128418,0.02981671504676342,0.5670781135559082,198,103
0.008008003234863281,positive,10.0,10.0,1.7860714197158813,1.244119644165039,0.04683699458837509,0.5893104672431946,198,105
0.008074283599853516,positive,10.0,10.0,1.8109538555145264,1.4385554790496826,0.05862320214509964,0.31174150109291077,198,106
0.008140087127685547,positive,10.0,10.0,1.8397248983383179,1.6327953338623047,0.06485803425312042,0.03810752555727959,198,107
0.008286476135253906,positive,10.0,10.0,1.9089194536209106,1.6309349536895752,0.060951635241508484,0.07921099662780762,198,109
0.00867152214050293,negative,10.0,-10.0,2.0640268325805664,1.8210102319717407,0.08461759239435196,-0.10267946124076843,198,114
0.00881814956665039,negative,10.0,-10.0,2.1407434940338135,1.818631887435913,0.07521376013755798,-0.049980029463768005,198,116
0.009044170379638672,negative,10.0,-10.0,2.2536981105804443,1.6204768419265747,0.06779617071151733,0.3104133605957031,198,119
0.009108781814575195,negative,10.0,-10.0,2.2861077785491943,1.814570665359497,0.07400444149971008,0.03985825926065445,198,120
0.00917363166809082,negative,10.0,-10.0,2.322399139404297,2.0085577964782715,0.07480160146951675,-0.22858837246894836,198,121
0.0003383159637451172,positive,10.0,10.0,0.005850145127624273,-0.2067319005727768,0.020109668374061584,0.2996085584163666,199,1
0.0004093647003173828,positive,10.0,10.0,0.001715507241897285,-0.011902274563908577,0.026101838797330856,0.013335042633116245,199,2
0.0004754066467285156,positive,10.0,10.0,0.0014774617739021778,-0.20738865435123444,0.02636853978037834,0.3141377866268158,199,3
0.0005404949188232422,positive,10.0,10.0,-0.0026703111361712217,-0.012652050703763962,0.03265129402279854,0.02988588809967041,199,4
0.0006051063537597656,positive,10.0,10.0,-0.002923352178186178,-0.20822665095329285,0.033249013125896454,0.33268919587135315,199,5
0.0006730556488037109,positive,10.0,10.0,-0.0070878854021430016,-0.013593342155218124,0.03990279883146286,0.05067400634288788,199,6
0.0008230209350585938,positive,10.0,10.0,-0.011545033194124699,-0.01474702637642622,0.04802977293729782,0.0761694386601448,199,8
0.0009696483612060547,positive,10.0,10.0,-0.016050443053245544,-0.016138778999447823,0.05722537636756897,0.10695432126522064,199,10
0.0011157989501953125,positive,10.0,10.0,-0.020613860338926315,-0.017799489200115204,0.06770703196525574,0.1437356024980545,199,12
0.0012612342834472656,positive,10.0,10.0,-0.02524629980325699,-0.019765663892030716,0.07972148060798645,0.18736039102077484,199,14
0.0013244152069091797,positive,10.0,10.0,-0.025641612708568573,0.17413054406642914,0.08346869051456451,-0.07914689928293228,199,15
0.001729726791381836,positive,10.0,10.0,-0.0006562746129930019,-0.026386717334389687,0.06895612180233002,0.3335646986961365,199,20
0.0017971992492675781,positive,10.0,10.0,-0.0011840088991448283,-0.2224188894033432,0.0756274163722992,0.6471711993217468,199,21
0.0021843910217285156,positive,10.0,10.0,0.015335559844970703,0.3562002182006836,0.08746356517076492,-0.0839792788028717,199,26
0.002729654312133789,positive,10.0,10.0,0.08421726524829865,0.543518602848053,0.05738357827067375,-0.20456558465957642,199,33
0.002794504165649414,positive,10.0,10.0,0.09508763253688812,0.3476249575614929,0.05329226702451706,0.10565270483493805,199,34
0.0028591156005859375,positive,10.0,10.0,0.102040134370327,0.15178140997886658,0.05540531873703003,0.4146614968776703,199,35
0.0031659603118896484,positive,10.0,10.0,0.1218838095664978,0.5381883382797241,0.07915850728750229,-0.08690616488456726,199,39
0.0033125877380371094,positive,10.0,10.0,0.14728941023349762,0.5359590649604797,0.0703483372926712,-0.037545595318078995,199,41
0.003377199172973633,positive,10.0,10.0,0.15800859034061432,0.3399025499820709,0.06959743052721024,0.276477187871933,199,42
0.00344085693359375,positive,10.0,10.0,0.16480664908885956,0.14386023581027985,0.07512697577476501,0.5902738571166992,199,43
0.0035042762756347656,positive,10.0,10.0,0.16768385469913483,0.3378543555736542,0.08693245053291321,0.32217004895210266,199,44
0.003729581832885742,positive,10.0,10.0,0.19957980513572693,0.9189571738243103,0.09046413004398346,-0.465132474899292,199,47
0.0037927627563476562,positive,10.0,10.0,0.2179589420557022,0.7226811647415161,0.08116147667169571,-0.14536216855049133,199,48
0.004021167755126953,positive,10.0,10.0,0.26515188813209534,0.9144657254219055,0.06812498718500137,-0.3648790717124939,199,51
0.004089832305908203,positive,10.0,10.0,0.2834412157535553,0.7184450626373291,0.060827407985925674,-0.05151688680052757,199,52
0.00415349006652832,positive,10.0,10.0,0.2978101074695587,0.522506058216095,0.05979706719517708,0.2597202956676483,199,53
0.00421595573425293,positive,10.0,10.0,0.3082602322101593,0.32658371329307556,0.06499147415161133,0.5706484317779541,199,54
0.00435948371887207,positive,10.0,10.0,0.3252066373825073,0.7146913409233093,0.08238699287176132,0.03148568049073219,199,56
0.004744052886962891,positive,10.0,10.0,0.41204842925071716,0.5142350792884827,0.06728585809469223,0.4426150918006897,199,61
0.004808902740478516,positive,10.0,10.0,0.42233312129974365,0.7083435654640198,0.07613816112279892,0.17187826335430145,199,62
0.004874467849731445,positive,10.0,10.0,0.43650001287460327,0.9022979140281677,0.07957572489976883,-0.09584735333919525,199,63
0.004938364028930664,positive,10.0,10.0,0.4545459747314453,1.0961945056915283,0.07765877991914749,-0.3624012768268585,199,64
0.00500178337097168,positive,10.0,10.0,0.47646984457969666,0.9000595808029175,0.07041075825691223,-0.04627690091729164,199,65
0.005064487457275391,positive,10.0,10.0,0.4944710433483124,0.704002320766449,0.06948521733283997,0.26776397228240967,199,66
0.005288362503051758,positive,10.0,10.0,0.5327494740486145,0.8957495093345642,0.09273763746023178,0.04911983758211136,199,69
0.005527019500732422,positive,10.0,10.0,0.5981149077415466,1.086829662322998,0.0799688920378685,-0.1551486700773239,199,72
0.0055963993072509766,positive,10.0,10.0,0.6198515295982361,1.2807209491729736,0.07686591893434525,-0.421570360660553,199,73
0.005762577056884766,positive,10.0,10.0,0.6671578884124756,0.8885664343833923,0.06632091850042343,0.20778495073318481,199,75
0.0059146881103515625,positive,10.0,10.0,0.6987804770469666,0.8866246342658997,0.08088921010494232,0.2509608864784241,199,77
0.005980014801025391,positive,10.0,10.0,0.7165129780769348,1.0805039405822754,0.0859084278345108,-0.015151618048548698,199,78
0.0061261653900146484,positive,10.0,10.0,0.7636089324951172,1.4680986404418945,0.08001457154750824,-0.544043779373169,199,80
0.006272315979003906,positive,10.0,10.0,0.8184099197387695,1.0759104490280151,0.06458847224712372,0.08640296012163162,199,82
0.006658077239990234,positive,10.0,10.0,0.9336075782775879,1.2658827304840088,0.06586875766515732,-0.09307704865932465,199,87
0.0067234039306640625,positive,10.0,10.0,0.9589252471923828,1.069881558418274,0.0640072152018547,0.21963858604431152,199,88
0.0067865848541259766,positive,10.0,10.0,0.9803228378295898,0.8739058375358582,0.06839998811483383,0.5318054556846619,199,89
0.006849050521850586,positive,10.0,10.0,0.9978009462356567,1.0680023431777954,0.07903610169887543,0.2614353597164154,199,90
0.006994724273681641,positive,10.0,10.0,1.0443992614746094,1.4557311534881592,0.08415862172842026,-0.2702611982822418,199,92
0.007058143615722656,positive,10.0,10.0,1.0735138654708862,1.6495575904846191,0.07875339686870575,-0.5352584719657898,199,93
0.007283449172973633,positive,10.0,10.0,1.1763248443603516,1.4516874551773071,0.04222904145717621,-0.18022599816322327,199,96
0.00734710693359375,positive,10.0,10.0,1.205358624458313,1.2559874057769775,0.03862452134490013,0.12547394633293152,199,97
0.0074155330657958984,positive,10.0,10.0,1.2304784059524536,1.0603339672088623,0.041133999824523926,0.4300879240036011,199,98
0.007564544677734375,positive,10.0,10.0,1.2767820358276367,1.0590524673461914,0.052748773247003555,0.45860010385513306,199,100
0.0076296329498291016,positive,10.0,10.0,1.2979631423950195,1.2533906698226929,0.06192077323794365,0.18299926817417145,199,101
0.0076940059661865234,positive,10.0,10.0,1.323030948638916,1.057439923286438,0.06558076292276382,0.4945552349090576,199,102
0.007838964462280273,positive,10.0,10.0,1.3692113161087036,1.4455453157424927,0.0799366682767868,-0.044714055955410004,199,104
0.00807499885559082,positive,10.0,10.0,1.459776520729065,1.6372877359390259,0.07292714715003967,-0.2634657323360443,199,107
0.008222579956054688,positive,10.0,10.0,1.5291482210159302,1.6352919340133667,0.05701214075088501,-0.21907348930835724,199,109
0.008286714553833008,positive,10.0,10.0,1.5618541240692139,1.4394034147262573,0.05263067036867142,0.09103451669216156,199,110
0.00859522819519043,positive,10.0,10.0,1.6691094636917114,1.4360640048980713,0.07367520034313202,0.16500498354434967,199,114
0.008740901947021484,positive,10.0,10.0,1.7304319143295288,1.8239974975585938,0.0749041810631752,-0.37099507451057434,199,116
0.008804798126220703,positive,10.0,10.0,1.7669118642807007,1.627895712852478,0.0674842819571495,-0.055665984749794006,199,117
0.009029626846313477,positive,10.0,10.0,1.8528245687484741,1.0398223400115967,0.08292898535728455,0.8847090005874634,199,120
0.009094953536987305,negative,10.0,-10.0,1.8736211061477661,1.2337263822555542,0.10062316805124283,0.6192057728767395,199,121
0.00924372673034668,negative,10.0,-10.0,1.919042706489563,1.2307862043380737,0.1318434476852417,0.6866635084152222,199,123
0.009478092193603516,negative,10.0,-10.0,1.9888808727264404,1.0300490856170654,0.18141452968120575,1.1140702962875366,199,126
0.009542465209960938,negative,10.0,-10.0,2.009481906890869,1.222386360168457,0.20369593799114227,0.8833427429199219,199,127
