timestamp,feedback,magnitude,reward,cart_position,cart_velocity,pole_angle,pole_velocity,episode,timestep
0.00013947486877441406,positive,10.0,10.0,-0.008357971906661987,0.04450341686606407,-0.010324174538254738,-0.01383443083614111,80,2
0.0002295970916748047,positive,10.0,10.0,-0.010477283038198948,-0.34543806314468384,-0.0050893970765173435,0.5648939609527588,80,4
0.00027680397033691406,positive,10.0,10.0,-0.017386043444275856,-0.1502450853586197,0.006208481732755899,0.270611971616745,80,5
0.0003209114074707031,positive,10.0,10.0,-0.02039094641804695,-0.3454550802707672,0.011620720848441124,0.56524658203125,80,6
0.0004475116729736328,positive,10.0,10.0,-0.029424220323562622,-0.15122875571250916,0.028268245980143547,0.29240426421165466,80,9
0.0004913806915283203,positive,10.0,10.0,-0.032448794692754745,0.04347897693514824,0.03411633148789406,0.008769111707806587,80,10
0.0005357265472412109,positive,10.0,10.0,-0.031579215079545975,-0.15211522579193115,0.03429171442985535,0.31201794743537903,80,11
0.0005795955657958984,positive,10.0,10.0,-0.03462152183055878,0.042501840740442276,0.04053207114338875,0.030343756079673767,80,12
0.0006654262542724609,positive,10.0,10.0,-0.03683502972126007,0.041335850954055786,0.047849636524915695,0.056103140115737915,80,14
0.0007703304290771484,positive,10.0,10.0,-0.03129350766539574,0.4301292300224304,0.04454955458641052,-0.4979492127895355,80,16
0.0008563995361328125,positive,10.0,10.0,-0.01800275593996048,0.03880910202860832,0.03075924888253212,0.11182499676942825,80,18
0.0009007453918457031,positive,10.0,10.0,-0.017226573079824448,-0.15673980116844177,0.03299574926495552,0.4140513837337494,80,19
0.0009429454803466797,positive,10.0,10.0,-0.020361369475722313,0.037899307906627655,0.04127677530050278,0.13195063173770905,80,20
0.0009856224060058594,positive,10.0,10.0,-0.019603382796049118,-0.15778885781764984,0.04391578957438469,0.437364786863327,80,21
0.0010285377502441406,positive,10.0,10.0,-0.02275916002690792,0.036684855818748474,0.052663084119558334,0.1588425636291504,80,22
0.001188039779663086,positive,10.0,10.0,-0.027722666040062904,0.033233754336833954,0.07916712015867233,0.23545901477336884,80,26
0.0012743473052978516,positive,10.0,10.0,-0.022515177726745605,0.4209658205509186,0.08325151354074478,-0.2963244318962097,80,28
0.0013213157653808594,positive,10.0,10.0,-0.014095861464738846,0.6148083806037903,0.07732502371072769,-0.5616335272789001,80,29
0.001523733139038086,positive,10.0,10.0,0.039399370551109314,0.02575608901679516,0.03694650158286095,0.39989757537841797,80,34
0.001608133316040039,positive,10.0,10.0,0.04432119429111481,0.024598872289061546,0.0473262183368206,0.4256051182746887,80,36
0.0017333030700683594,positive,10.0,10.0,0.049656450748443604,0.21738789975643158,0.06796194612979889,0.1843884289264679,80,39
0.0018165111541748047,positive,10.0,10.0,0.05443146079778671,0.21540510654449463,0.08160397410392761,0.22844304144382477,80,41
0.0019001960754394531,positive,10.0,10.0,0.06692499667406082,0.6030591130256653,0.08542434871196747,-0.30172327160835266,80,43
0.00194549560546875,positive,10.0,10.0,0.07898618280887604,0.796866238117218,0.07938988506793976,-0.5662896633148193,80,44
0.0021114349365234375,positive,10.0,10.0,0.11920671910047531,0.40288597345352173,0.07185471802949905,0.1038372740149498,80,48
0.0021560192108154297,positive,10.0,10.0,0.12726444005966187,0.5969085693359375,0.07393146306276321,-0.16533847153186798,80,49
0.002279520034790039,positive,10.0,10.0,0.166917622089386,0.39889925718307495,0.05955386906862259,0.1918371170759201,80,52
0.00240325927734375,positive,10.0,10.0,0.19470101594924927,0.5913377404212952,0.06637119501829147,-0.042070209980010986,80,55
0.0024862289428710938,positive,10.0,10.0,0.21443437039852142,0.19933706521987915,0.07094565033912659,0.5834032893180847,80,57
0.002531766891479492,positive,10.0,10.0,0.2184211164712906,0.39339715242385864,0.08261371403932571,0.3138859272003174,80,58
0.0025784969329833984,positive,10.0,10.0,0.2262890636920929,0.5872510075569153,0.08889143168926239,0.04835766553878784,80,59
0.002704143524169922,positive,10.0,10.0,0.27314841747283936,0.7785043120384216,0.07599744200706482,-0.15967296063899994,80,62
0.0027484893798828125,positive,10.0,10.0,0.28871849179267883,0.9724606275558472,0.07280398160219193,-0.4274459183216095,80,63
0.0027933120727539062,positive,10.0,10.0,0.3081677258014679,0.776387095451355,0.06425506621599197,-0.11272929608821869,80,64
0.0028378963470458984,positive,10.0,10.0,0.32369545102119446,0.5804060697555542,0.06200047582387924,0.19951355457305908,80,65
0.0029611587524414062,positive,10.0,10.0,0.3545644283294678,0.77254319190979,0.0810108631849289,-0.027790047228336334,80,68
0.003045797348022461,positive,10.0,10.0,0.38934361934661865,0.7702442407608032,0.07457798719406128,0.023079698905348778,80,70
0.0030896663665771484,positive,10.0,10.0,0.40474849939346313,0.9642218351364136,0.0750395804643631,-0.24517230689525604,80,71
0.0031325817108154297,positive,10.0,10.0,0.42403292655944824,1.1581963300704956,0.07013613730669022,-0.5132741928100586,80,72
0.0031762123107910156,positive,10.0,10.0,0.4471968710422516,0.9621602296829224,0.059870652854442596,-0.19933994114398956,80,73
0.003299713134765625,positive,10.0,10.0,0.49317196011543274,0.7646114230155945,0.06654388457536697,0.14757917821407318,80,76
0.003343343734741211,positive,10.0,10.0,0.5084641575813293,0.9587205052375793,0.06949546933174133,-0.12339051067829132,80,77
0.0034694671630859375,positive,10.0,10.0,0.5542253255844116,0.7607174515724182,0.08090399950742722,0.23388870060443878,80,80
0.0035140514373779297,positive,10.0,10.0,0.5694396495819092,0.5645383596420288,0.08558177202939987,0.5509546995162964,80,81
0.0037162303924560547,positive,10.0,10.0,0.6646274924278259,1.1426523923873901,0.08835078775882721,-0.16964364051818848,80,86
0.0037603378295898438,positive,10.0,10.0,0.6874805688858032,1.3364059925079346,0.08495792001485825,-0.43319904804229736,80,87
0.0038034915924072266,positive,10.0,10.0,0.7142086625099182,1.1401903629302979,0.0762939378619194,-0.11498960107564926,80,88
0.0038454532623291016,positive,10.0,10.0,0.737012505531311,1.3341408967971802,0.07399414479732513,-0.38266047835350037,80,89
0.0038886070251464844,positive,10.0,10.0,0.7636952996253967,1.1380506753921509,0.06634093821048737,-0.0675954669713974,80,90
0.003972768783569336,positive,10.0,10.0,0.8052971959114075,0.746056318283081,0.06989419460296631,0.5577119588851929,80,92
0.004103899002075195,positive,10.0,10.0,0.8617011308670044,1.3277860879898071,0.08724093437194824,-0.24229981005191803,80,95
0.004160404205322266,positive,10.0,10.0,0.888256847858429,1.1315332651138306,0.08239493519067764,0.0765761137008667,80,96
0.004284381866455078,positive,10.0,10.0,0.9599785208702087,1.3230550289154053,0.08272450417280197,-0.13744249939918518,80,99
0.004328250885009766,positive,10.0,10.0,0.98643958568573,1.1268516778945923,0.0799756571650505,0.18014942109584808,80,100
0.0048367977142333984,negative,10.0,-10.0,1.2707542181015015,1.1094661951065063,0.13834883272647858,0.5681382417678833,80,112
0.004882097244262695,negative,10.0,-10.0,1.2929434776306152,1.3024041652679443,0.14971159398555756,0.32204142212867737,80,113
0.004929780960083008,negative,10.0,-10.0,1.3189915418624878,1.495112419128418,0.15615242719650269,0.08006350696086884,80,114
0.004976511001586914,negative,10.0,-10.0,1.3488937616348267,1.2981367111206055,0.15775370597839355,0.41765448451042175,80,115
0.0050220489501953125,negative,10.0,-10.0,1.3748565912246704,1.1011722087860107,0.16610679030418396,0.7556201815605164,80,116
0.005106449127197266,negative,10.0,-10.0,1.414963960647583,0.7072125673294067,0.20313172042369843,1.4392527341842651,80,118
0.00019216537475585938,positive,10.0,10.0,0.04829283058643341,-0.2000768929719925,0.007786921691149473,0.25166231393814087,81,1
0.00031065940856933594,positive,10.0,10.0,0.044189952313899994,-0.2003704160451889,0.012049080803990364,0.2581457495689392,81,3
0.00035953521728515625,positive,10.0,10.0,0.04018254205584526,-0.3956623077392578,0.017211996018886566,0.5546046495437622,81,4
0.0004684925079345703,positive,10.0,10.0,0.028253572061657906,-0.39630043506622314,0.033651966601610184,0.5688680410385132,81,6
0.0005795955657958984,positive,10.0,10.0,0.016294239088892937,-0.007214405573904514,0.05076880380511284,0.008825922384858131,81,8
0.0006334781646728516,positive,10.0,10.0,0.01614995114505291,-0.20302630960941315,0.05094532296061516,0.317084938287735,81,9
0.000888824462890625,positive,10.0,10.0,0.007618694566190243,-0.20630289614200592,0.0666721761226654,0.3897760808467865,81,13
0.0009360313415527344,positive,10.0,10.0,0.003492636838927865,-0.012187455780804157,0.07446769624948502,0.11883693188428879,81,14
0.0010395050048828125,positive,10.0,10.0,0.006884746253490448,0.37573519349098206,0.07385535538196564,-0.41693881154060364,81,16
0.0012085437774658203,positive,10.0,10.0,0.017665455117821693,0.1778113842010498,0.06769215315580368,-0.06130719557404518,81,19
0.001257181167602539,positive,10.0,10.0,0.02122168429195881,-0.01821253076195717,0.06646601110696793,0.2519415616989136,81,20
0.0013053417205810547,positive,10.0,10.0,0.0208574328571558,-0.21421751379966736,0.07150483876466751,0.564826488494873,81,21
0.001352071762084961,positive,10.0,10.0,0.01657308265566826,-0.020167797803878784,0.08280137181282043,0.2955002188682556,81,22
0.001398324966430664,positive,10.0,10.0,0.016169726848602295,0.1736821085214615,0.08871137350797653,0.030037391930818558,81,23
0.0014452934265136719,positive,10.0,10.0,0.01964336819946766,0.367427259683609,0.0893121212720871,-0.23339062929153442,81,24
0.001589059829711914,positive,10.0,10.0,0.03821525722742081,0.3649599850177765,0.07471192628145218,-0.1785065233707428,81,26
0.0016393661499023438,positive,10.0,10.0,0.04551445692777634,0.558937668800354,0.0711417943239212,-0.4467165172100067,81,27
0.0016939640045166016,positive,10.0,10.0,0.05669321119785309,0.3628852069377899,0.06220746412873268,-0.13248363137245178,81,28
0.0018146038055419922,positive,10.0,10.0,0.07509218156337738,0.36114969849586487,0.05145958438515663,-0.09406117349863052,81,30
0.002001047134399414,positive,10.0,10.0,0.08501246571540833,0.1638590395450592,0.06431248784065247,0.24706949293613434,81,33
0.0021059513092041016,positive,10.0,10.0,0.08764725178480148,0.16196538507938385,0.08044037222862244,0.2892393171787262,81,35
0.002207517623901367,positive,10.0,10.0,0.09800363332033157,0.5496399998664856,0.08668458461761475,-0.2413095086812973,81,37
0.002424478530883789,positive,10.0,10.0,0.14183345437049866,0.1551513373851776,0.07051314413547516,0.4396354854106903,81,41
0.0024695396423339844,positive,10.0,10.0,0.1449364870786667,-0.0408940315246582,0.07930584996938705,0.7536864876747131,81,42
0.003047466278076172,positive,10.0,10.0,0.2564176321029663,0.7253315448760986,0.07714249938726425,-0.104780413210392,81,52
0.0030946731567382812,positive,10.0,10.0,0.27092427015304565,0.9192681312561035,0.07504688948392868,-0.37216266989707947,81,53
0.003251791000366211,positive,10.0,10.0,0.32991963624954224,0.7213945388793945,0.04825647175312042,-0.01763981580734253,81,56
0.0034079551696777344,positive,10.0,10.0,0.3692602813243866,0.5241729021072388,0.05395449697971344,0.3218024969100952,81,59
0.003451824188232422,positive,10.0,10.0,0.3797437250614166,0.7184866666793823,0.060390546917915344,0.04661093279719353,81,60
0.0035524368286132812,positive,10.0,10.0,0.4045645296573639,0.7167520523071289,0.06847715377807617,0.08498623967170715,81,62
0.0035996437072753906,positive,10.0,10.0,0.4188995659351349,0.5207187533378601,0.07017688453197479,0.3984636068344116,81,63
0.003701448440551758,positive,10.0,10.0,0.4436095058917999,0.9086991548538208,0.08072026073932648,-0.1383361518383026,81,65
0.00374603271484375,positive,10.0,10.0,0.4617834985256195,1.102577805519104,0.07795353978872299,-0.4045011103153229,81,66
0.003846406936645508,positive,10.0,10.0,0.5019639134407043,0.710391640663147,0.06809760630130768,0.22558555006980896,81,68
0.004168272018432617,positive,10.0,10.0,0.6063857674598694,1.093532681465149,0.07326886802911758,-0.20419886708259583,81,74
0.004327297210693359,positive,10.0,10.0,0.6758372783660889,0.8955832123756409,0.05654216185212135,0.1516737937927246,81,77
0.0044307708740234375,positive,10.0,10.0,0.7077429294586182,0.8939306735992432,0.06880853325128555,0.18831931054592133,81,79
0.004475116729736328,positive,10.0,10.0,0.7256215214729309,0.6978952288627625,0.0725749209523201,0.5018904209136963,81,80
0.004739999771118164,positive,10.0,10.0,0.8263902068138123,0.8871186375617981,0.08113298565149307,0.33919355273246765,81,85
0.0050048828125,positive,10.0,10.0,0.9460629820823669,1.466220498085022,0.07378692924976349,-0.40296825766563416,81,90
0.005050182342529297,positive,10.0,10.0,0.9753873944282532,1.2701337337493896,0.06572756171226501,-0.08796489238739014,81,91
0.0052623748779296875,positive,10.0,10.0,1.0612810850143433,0.8760973811149597,0.0845300555229187,0.5830898284912109,81,95
0.005996227264404297,positive,10.0,10.0,1.4272295236587524,1.832793116569519,0.0761219784617424,-0.4665273427963257,81,108
0.006104946136474609,positive,10.0,10.0,1.4966189861297607,1.4406712055206299,0.06377432495355606,0.16212844848632812,81,110
0.006516218185424805,positive,10.0,10.0,1.7095853090286255,1.6280906200408936,0.07848675549030304,0.03915367275476456,81,117
0.00662684440612793,positive,10.0,10.0,1.7785872220993042,2.015909433364868,0.07471442222595215,-0.49443328380584717,81,119
0.006912708282470703,negative,10.0,-10.0,1.9409745931625366,1.0358765125274658,0.08793338388204575,1.0713928937911987,81,124
0.007049560546875,negative,10.0,-10.0,1.9784862995147705,0.6434080600738525,0.1371677666902542,1.7151068449020386,81,126
0.00010538101196289062,positive,10.0,10.0,0.014708155766129494,-0.029905278235673904,0.01044689305126667,0.029091374948620796,82,0
0.0002453327178955078,positive,10.0,10.0,0.009606540203094482,-0.42045271396636963,0.017529761418700218,0.621192455291748,82,2
0.0003628730773925781,positive,10.0,10.0,-0.0033141111489385366,-0.030896775424480438,0.03663524240255356,0.05099296569824219,82,4
0.0004143714904785156,positive,10.0,10.0,-0.003932046703994274,0.1636812388896942,0.03765510022640228,-0.22990985214710236,82,5
0.0005905628204345703,positive,10.0,10.0,-0.005848339758813381,-0.03292315453290939,0.042091790586709976,0.09574177116155624,82,8
0.0008437633514404297,positive,10.0,10.0,-0.008558514527976513,-0.03567010909318924,0.05143466219305992,0.1564524620771408,82,12
0.0009539127349853516,positive,10.0,10.0,-0.01390170305967331,-0.037179116159677505,0.06386186927556992,0.1899101883172989,82,14
0.0010004043579101562,positive,10.0,10.0,-0.014645284973084927,-0.2331538051366806,0.06766007095575333,0.5020356178283691,82,15
0.0011017322540283203,positive,10.0,10.0,-0.02008931152522564,0.15488311648368835,0.0823291689157486,-0.03577794134616852,82,17
0.0011470317840576172,positive,10.0,10.0,-0.016991648823022842,0.3487338423728943,0.08161361515522003,-0.30139169096946716,82,18
0.0012488365173339844,positive,10.0,10.0,-0.006965987384319305,0.3465104103088379,0.07590324431657791,-0.25203651189804077,82,20
0.0015189647674560547,positive,10.0,10.0,0.0196843184530735,0.1468590945005417,0.06676693260669708,0.14164680242538452,82,25
0.0015690326690673828,positive,10.0,10.0,0.022621499374508858,-0.049152396619319916,0.06959987431764603,0.45462384819984436,82,26
0.0016779899597167969,positive,10.0,10.0,0.016734734177589417,-0.05123027414083481,0.0940605103969574,0.501486599445343,82,28
0.0022466182708740234,negative,10.0,-10.0,0.05322295427322388,0.5190587639808655,0.13868919014930725,-0.04650110378861427,82,37
0.0033211708068847656,positive,10.0,10.0,0.34008336067199707,1.2699941396713257,0.08200943470001221,-0.5671679973602295,82,55
0.0033690929412841797,positive,10.0,10.0,0.36548325419425964,1.07382333278656,0.07066607475280762,-0.24981702864170074,82,56
0.003416776657104492,positive,10.0,10.0,0.3869597017765045,0.8777671456336975,0.06566973775625229,0.06429186463356018,82,57
0.0035848617553710938,positive,10.0,10.0,0.4356679916381836,1.0698580741882324,0.07661670446395874,-0.1621745079755783,82,60
0.0036323070526123047,positive,10.0,10.0,0.4570651352405548,1.263804316520691,0.0733732134103775,-0.4297371804714203,82,61
0.0037424564361572266,positive,10.0,10.0,0.5036957263946533,0.8717367649078369,0.0624813549220562,0.19754017889499664,82,63
0.003791332244873047,positive,10.0,10.0,0.5211304426193237,1.0659120082855225,0.0664321556687355,-0.07479669898748398,82,64
0.0039751529693603516,positive,10.0,10.0,0.5733250975608826,0.8679943680763245,0.080708347260952,0.2805875539779663,82,67
0.004096269607543945,positive,10.0,10.0,0.611922562122345,1.2556625604629517,0.08660832792520523,-0.2498367577791214,82,69
0.004382610321044922,positive,10.0,10.0,0.7762743234634399,2.226410150527954,0.00826846994459629,-1.6055881977081299,82,74
0.004488229751586914,positive,10.0,10.0,0.8614263534545898,2.226607084274292,-0.050050076097249985,-1.6103886365890503,82,76
0.004710197448730469,negative,10.0,-10.0,1.03965163230896,2.62068510055542,-0.18146158754825592,-2.3085920810699463,82,80
0.00010561943054199219,positive,10.0,10.0,0.048616886138916016,0.019309071823954582,-0.04454953595995903,0.04887979477643967,83,0
0.00023698806762695312,positive,10.0,10.0,0.04550013318657875,0.020567622035741806,-0.037028323858976364,0.021081872284412384,83,2
0.00028634071350097656,positive,10.0,10.0,0.04591148719191551,-0.17400427162647247,-0.03660668432712555,0.30185583233833313,83,3
0.0003333091735839844,positive,10.0,10.0,0.04243140295147896,0.0216197706758976,-0.030569568276405334,-0.002143624471500516,83,4
0.0003800392150878906,positive,10.0,10.0,0.04286379739642143,-0.17305073142051697,-0.030612440779805183,0.2807396650314331,83,5
0.00042724609375,positive,10.0,10.0,0.039402782917022705,-0.36772292852401733,-0.02499764785170555,0.5636125206947327,83,6
0.0004730224609375,positive,10.0,10.0,0.03204832226037979,-0.17225931584835052,-0.013725398108363152,0.2631601095199585,83,7
0.0005850791931152344,positive,10.0,10.0,0.021259482949972153,-0.17194291949272156,0.0025674544740468264,0.2561454772949219,83,9
0.0006361007690429688,positive,10.0,10.0,0.017820624634623528,-0.36710143089294434,0.00769036402925849,0.5496371388435364,83,10
0.0006871223449707031,positive,10.0,10.0,0.010478596203029156,-0.17208833992481232,0.01868310570716858,0.2593870759010315,83,11
0.0007376670837402344,positive,10.0,10.0,0.007036829367280006,-0.36747196316719055,0.02387084811925888,0.5579038858413696,83,12
0.0009145736694335938,positive,10.0,10.0,-0.011132409796118736,-0.1737651377916336,0.052012812346220016,0.29669928550720215,83,15
0.0009584426879882812,positive,10.0,10.0,-0.014607712626457214,0.02057824283838272,0.05794679746031761,0.020863307639956474,83,16
0.0010640621185302734,positive,10.0,10.0,-0.01770264282822609,0.018919920548796654,0.06498909741640091,0.05752980336546898,83,18
0.0012290477752685547,positive,10.0,10.0,-0.020524615421891212,0.21104736626148224,0.07551689445972443,-0.169733464717865,83,21
0.0014524459838867188,positive,10.0,10.0,-0.0037649518344551325,-0.18296092748641968,0.06468240916728973,0.5000882744789124,83,25
0.0015022754669189453,positive,10.0,10.0,-0.007424170151352882,0.011192391626536846,0.07468417286872864,0.22847069799900055,83,26
0.0015494823455810547,positive,10.0,10.0,-0.007200322579592466,-0.18491297960281372,0.07925359159708023,0.5437455177307129,83,27
0.0015964508056640625,positive,10.0,10.0,-0.010898581705987453,0.009011014364659786,0.09012849628925323,0.2770487666130066,83,28
0.0018358230590820312,positive,10.0,10.0,0.013063754886388779,0.7837278842926025,0.08085522800683975,-0.7705471515655518,83,32
0.0020067691802978516,positive,10.0,10.0,0.06392573565244675,0.586010754108429,0.03022473119199276,-0.4178309440612793,83,35
0.002053499221801758,positive,10.0,10.0,0.07564595341682434,0.3904738426208496,0.021868113428354263,-0.11577478051185608,83,36
0.0021028518676757812,positive,10.0,10.0,0.08345542848110199,0.19504548609256744,0.01955261640250683,0.18372637033462524,83,37
0.002155303955078125,positive,10.0,10.0,0.087356336414814,-0.00035069070872850716,0.02322714403271675,0.4825127124786377,83,38
0.002206087112426758,positive,10.0,10.0,0.08734932541847229,0.19443584978580475,0.032877400517463684,0.19723987579345703,83,39
0.0023241043090820312,positive,10.0,10.0,0.09121523052453995,0.19344347715377808,0.04682439938187599,0.2192552536725998,83,41
0.0023763179779052734,positive,10.0,10.0,0.09508410096168518,-0.002315446035936475,0.05120950564742088,0.5263331532478333,83,42
0.0024826526641845703,positive,10.0,10.0,0.09887879341840744,-0.003896804992109537,0.0667404904961586,0.5617153644561768,83,44
0.0025267601013183594,positive,10.0,10.0,0.09880085289478302,0.1902281790971756,0.07797479629516602,0.2907832860946655,83,45
0.002625703811645508,positive,10.0,10.0,0.11028855293989182,0.5779833197593689,0.08426398038864136,-0.24143855273723602,83,47
0.002671480178833008,positive,10.0,10.0,0.1218482181429863,0.7718068361282349,0.07943520694971085,-0.5063979625701904,83,48
0.0027327537536621094,positive,10.0,10.0,0.13728435337543488,0.5756606459617615,0.06930725276470184,-0.18977710604667664,83,49
0.002780914306640625,positive,10.0,10.0,0.14879757165908813,0.37961915135383606,0.06551171094179153,0.12393920868635178,83,50
0.0028252601623535156,positive,10.0,10.0,0.15638995170593262,0.183622807264328,0.0679904893040657,0.43654975295066833,83,51
0.0031070709228515625,positive,10.0,10.0,0.20574945211410522,0.3733544647693634,0.06962263584136963,0.2624664902687073,83,56
0.0032176971435546875,positive,10.0,10.0,0.21676276624202728,0.3713083267211914,0.08639739453792572,0.30808281898498535,83,58
0.003265380859375,positive,10.0,10.0,0.2241889387369156,0.5650997757911682,0.09255904704332352,0.04384913668036461,83,59
0.0033729076385498047,positive,10.0,10.0,0.2506665587425232,0.9524517059326172,0.08907092362642288,-0.48006418347358704,83,61
0.0034208297729492188,positive,10.0,10.0,0.2697155773639679,0.756192684173584,0.07946963608264923,-0.16069048643112183,83,62
0.0034677982330322266,positive,10.0,10.0,0.2848394513130188,0.9500923156738281,0.07625582814216614,-0.4272824823856354,83,63
0.003642559051513672,positive,10.0,10.0,0.33007991313934326,0.36195993423461914,0.0695125162601471,0.5142835378646851,83,66
0.003694295883178711,positive,10.0,10.0,0.33731913566589355,0.5560376048088074,0.07979818433523178,0.2442903071641922,83,67
0.0038759708404541016,positive,10.0,10.0,0.38231348991394043,0.7475303411483765,0.07850006967782974,0.031015245243906975,83,70
0.0039255619049072266,positive,10.0,10.0,0.3972640931606293,0.941443920135498,0.07912037521600723,-0.2359040528535843,83,71
0.003970146179199219,positive,10.0,10.0,0.41609296202659607,1.135351538658142,0.07440229505300522,-0.5026184320449829,83,72
0.004015922546386719,positive,10.0,10.0,0.43880000710487366,0.9392641186714172,0.06434992700815201,-0.18744690716266632,83,73
0.004117250442504883,positive,10.0,10.0,0.47245094180107117,0.547347903251648,0.06309742480516434,0.4359910488128662,83,75
0.004218578338623047,positive,10.0,10.0,0.4904257655143738,0.5454537272453308,0.0867748036980629,0.47863224148750305,83,77
0.004563808441162109,negative,10.0,-10.0,0.5671464800834656,0.9258097410202026,0.13644146919250488,0.11072641611099243,83,83
0.005488395690917969,negative,10.0,-10.0,0.9448235630989075,1.287135124206543,0.14060324430465698,0.16378873586654663,83,99
0.005535125732421875,negative,10.0,-10.0,0.9705662727355957,1.090309739112854,0.1438790112733841,0.4973146319389343,83,100
0.005640983581542969,negative,10.0,-10.0,1.0180352926254272,1.475770354270935,0.1588895320892334,0.012725384905934334,83,102
0.005747079849243164,negative,10.0,-10.0,1.0731260776519775,1.4713119268417358,0.16616448760032654,0.11244875937700272,83,104
0.005858421325683594,negative,10.0,-10.0,1.135826587677002,1.4666271209716797,0.16594251990318298,0.21717606484889984,83,106
0.0059659481048583984,negative,10.0,-10.0,1.190550446510315,1.4619436264038086,0.1814313381910324,0.32270053029060364,83,108
0.006014347076416016,negative,10.0,-10.0,1.2197893857955933,1.264764428138733,0.1878853440284729,0.6666632890701294,83,109
0.0060617923736572266,negative,10.0,-10.0,1.2450846433639526,1.0675952434539795,0.2012186199426651,1.012126088142395,83,110
0.00020265579223632812,positive,10.0,10.0,-0.04104679450392723,-0.20360790193080902,0.04067320004105568,0.3156704604625702,84,1
0.00025582313537597656,positive,10.0,10.0,-0.04511895403265953,-0.00908820703625679,0.04698660969734192,0.036086857318878174,84,2
0.0003032684326171875,positive,10.0,10.0,-0.045300718396902084,-0.20485135912895203,0.04770834743976593,0.3432164788246155,84,3
0.00041484832763671875,positive,10.0,10.0,-0.04960653558373451,-0.20629963278770447,0.05589170381426811,0.37534067034721375,84,5
0.0005643367767333984,positive,10.0,10.0,-0.05397281423211098,-0.2079848349094391,0.06541434675455093,0.41278326511383057,84,7
0.0007550716400146484,positive,10.0,10.0,-0.05480656027793884,0.37409305572509766,0.07395553588867188,-0.39474451541900635,84,10
0.0008077621459960938,positive,10.0,10.0,-0.04732469841837883,0.17800389230251312,0.06606064736843109,-0.07969169318675995,84,11
0.0008585453033447266,positive,10.0,10.0,-0.0437646210193634,-0.017999805510044098,0.06446681171655655,0.23308028280735016,84,12
0.0009033679962158203,positive,10.0,10.0,-0.04412461817264557,-0.2139808088541031,0.06912841647863388,0.5453812479972839,84,13
0.0009472370147705078,positive,10.0,10.0,-0.048404235392808914,-0.019894825294613838,0.08003604412078857,0.2752551734447479,84,14
0.0009925365447998047,positive,10.0,10.0,-0.04880212992429733,0.17399941384792328,0.08554114401340485,0.0088503398001194,84,15
0.00103759765625,positive,10.0,10.0,-0.04532214254140854,0.36779704689979553,0.08571815490722656,-0.25566476583480835,84,16
0.0012559890747070312,positive,10.0,10.0,-0.016037754714488983,-0.0266177486628294,0.06835492700338364,0.42359787225723267,84,20
0.001302957534790039,positive,10.0,10.0,-0.016570109874010086,0.16747264564037323,0.07682688534259796,0.15322287380695343,84,21
0.0014123916625976562,positive,10.0,10.0,-0.0059923515655100346,0.5553069710731506,0.07760598510503769,-0.38071489334106445,84,23
0.0014598369598388672,positive,10.0,10.0,0.005113788414746523,0.7492461204528809,0.06999168545007706,-0.6479547023773193,84,24
0.0015676021575927734,positive,10.0,10.0,0.038965243846178055,0.7474820017814636,0.03867654874920845,-0.6077542304992676,84,26
0.0016160011291503906,positive,10.0,10.0,0.053914885967969894,0.5518413186073303,0.026521464809775352,-0.3031444847583771,84,27
0.0017249584197998047,positive,10.0,10.0,0.07207874208688736,0.16094230115413666,0.020414242520928383,0.296850323677063,84,29
0.001832723617553711,positive,10.0,10.0,0.08241293579339981,0.1602776199579239,0.026564747095108032,0.3115541636943817,84,31
0.0022652149200439453,positive,10.0,10.0,0.12416461855173111,0.3518548309803009,0.04530692473053932,0.09707586467266083,84,38
0.002313375473022461,positive,10.0,10.0,0.13120171427726746,0.546299159526825,0.047248441725969315,-0.18097560107707977,84,39
0.002481222152709961,positive,10.0,10.0,0.15223468840122223,0.34925422072410583,0.054800573736429214,0.15456831455230713,84,42
0.002529144287109375,positive,10.0,10.0,0.15921977162361145,0.15339218080043793,0.05789194256067276,0.464023619890213,84,43
0.0025777816772460938,positive,10.0,10.0,0.1622876077890396,0.34765031933784485,0.06717241555452347,0.19013532996177673,84,44
0.0026268959045410156,positive,10.0,10.0,0.16924062371253967,0.15163488686084747,0.07097511738538742,0.5032292008399963,84,45
0.002672910690307617,positive,10.0,10.0,0.17227330803871155,0.34568849205970764,0.08103970438241959,0.23373083770275116,84,46
0.0027179718017578125,positive,10.0,10.0,0.1791870892047882,0.5395646095275879,0.08571432530879974,-0.032329365611076355,84,47
0.002764463424682617,positive,10.0,10.0,0.18997837603092194,0.7333595156669617,0.0850677341222763,-0.29678529500961304,84,48
0.0028116703033447266,positive,10.0,10.0,0.204645574092865,0.5371343493461609,0.07913202792406082,0.021467801183462143,84,49
0.00286102294921875,positive,10.0,10.0,0.2153882533311844,0.7310375571250916,0.07956138253211975,-0.24523626267910004,84,50
0.0029714107513427734,positive,10.0,10.0,0.24070650339126587,0.7288513779640198,0.07608553022146225,-0.19678223133087158,84,52
0.003020048141479492,positive,10.0,10.0,0.25528353452682495,0.9228072166442871,0.07214988768100739,-0.4645267426967621,84,53
0.0030684471130371094,positive,10.0,10.0,0.27373966574668884,0.7267438769340515,0.06285934895277023,-0.15000315010547638,84,54
0.0031206607818603516,positive,10.0,10.0,0.2882745563983917,0.5307807326316833,0.05985928699374199,0.16182945668697357,84,55
0.0031728744506835938,positive,10.0,10.0,0.2988901734352112,0.33485519886016846,0.06309587508440018,0.4727795124053955,84,56
0.0032241344451904297,positive,10.0,10.0,0.3055872619152069,0.5290319323539734,0.07255146652460098,0.20063190162181854,84,57
0.0033445358276367188,positive,10.0,10.0,0.33062881231307983,0.9169908165931702,0.07519788295030594,-0.3358892798423767,84,59
0.003516674041748047,positive,10.0,10.0,0.37388330698013306,0.7189386487007141,0.0739307701587677,0.02254476398229599,84,62
0.003671407699584961,positive,10.0,10.0,0.4286588430404663,0.9108839631080627,0.05917809531092644,-0.20051325857639313,84,65
0.003715991973876953,positive,10.0,10.0,0.44687652587890625,0.7149677872657776,0.05516783148050308,0.1102348268032074,84,66
0.003760099411010742,positive,10.0,10.0,0.4611758887767792,0.5191004872322083,0.057372525334358215,0.41979992389678955,84,67
0.003803730010986328,positive,10.0,10.0,0.4715578854084015,0.7133645415306091,0.0657685250043869,0.1457415372133255,84,68
0.0038466453552246094,positive,10.0,10.0,0.48582518100738525,0.5173653960227966,0.06868335604667664,0.45842665433883667,84,69
0.004109859466552734,positive,10.0,10.0,0.5504939556121826,0.9030784368515015,0.0731385350227356,-0.02803349308669567,84,73
0.0041561126708984375,positive,10.0,10.0,0.5685555338859558,1.0970793962478638,0.07257786393165588,-0.2967734932899475,84,74
0.004206657409667969,positive,10.0,10.0,0.5904971361160278,0.9010019302368164,0.0666423887014389,0.01788761280477047,84,75
0.004277706146240234,positive,10.0,10.0,0.6085171699523926,1.0951080322265625,0.0670001432299614,-0.25304681062698364,84,76
0.00433659553527832,positive,10.0,10.0,0.6304193139076233,1.2892124652862549,0.06193920597434044,-0.5238669514656067,84,77
0.004529237747192383,positive,10.0,10.0,0.7194275856018066,1.872424602508545,0.014084391295909882,-1.3537899255752563,84,80
0.0045740604400634766,positive,10.0,10.0,0.7568761110305786,2.0673668384552,-0.012991406954824924,-1.6420338153839111,84,81
0.004618644714355469,positive,10.0,10.0,0.7982234358787537,1.8723995685577393,-0.045832082629203796,-1.3534266948699951,84,82
0.0002243518829345703,positive,10.0,10.0,0.025985175743699074,-0.18026848137378693,0.004482376389205456,0.2666299641132355,85,1
0.0003457069396972656,positive,10.0,10.0,0.022675588726997375,-0.18047212064266205,0.00932225864380598,0.2711276113986969,85,3
0.00039577484130859375,positive,10.0,10.0,0.01906614750623703,-0.3757258355617523,0.01474481076002121,0.5667361617088318,85,4
0.000446319580078125,positive,10.0,10.0,0.011551630683243275,-0.18081380426883698,0.026079535484313965,0.2787347137928009,85,5
0.0004951953887939453,positive,10.0,10.0,0.007935354486107826,-0.37629789113998413,0.031654227524995804,0.5795276761054993,85,6
0.0006146430969238281,positive,10.0,10.0,-0.0032232741359621286,-0.37734439969062805,0.04918442666530609,0.6029840111732483,85,8
0.0008649826049804688,positive,10.0,10.0,-0.010097060352563858,0.00930838007479906,0.06449408084154129,0.09645486623048782,85,12
0.0009682178497314453,positive,10.0,10.0,-0.01364440843462944,-0.38267356157302856,0.07459854334592819,0.7216304540634155,85,14
0.001474142074584961,positive,10.0,10.0,0.02575610764324665,0.5808178186416626,0.06195557489991188,-0.47726166248321533,85,23
0.0015230178833007812,positive,10.0,10.0,0.03737246245145798,0.3848783075809479,0.052410341799259186,-0.16571304202079773,85,24
0.0015687942504882812,positive,10.0,10.0,0.04507002979516983,0.18904682993888855,0.04909607768058777,0.14303243160247803,85,25
0.0017344951629638672,positive,10.0,10.0,0.05246826261281967,-0.00833168812096119,0.06447111070156097,0.48620525002479553,85,28
0.0017802715301513672,positive,10.0,10.0,0.05230163037776947,0.18582409620285034,0.07419521361589432,0.2145179808139801,85,29
0.00200653076171875,positive,10.0,10.0,0.08264066278934479,0.18152661621570587,0.07089757919311523,0.30947235226631165,85,33
0.002178192138671875,positive,10.0,10.0,0.10517275333404541,0.7634348273277283,0.07333758473396301,-0.49456992745399475,85,36
0.0023651123046875,positive,10.0,10.0,0.13921642303466797,0.17546361684799194,0.062498047947883606,0.4432471692562103,85,39
0.0028138160705566406,positive,10.0,10.0,0.2135046273469925,0.9466047883033752,0.07663720101118088,-0.5238650441169739,85,47
0.0029172897338867188,positive,10.0,10.0,0.24744658172130585,0.5544901490211487,0.0619988813996315,0.10474639385938644,85,49
0.0031418800354003906,positive,10.0,10.0,0.2916988134384155,0.550923764705658,0.07274077832698822,0.18368616700172424,85,53
0.0031890869140625,positive,10.0,10.0,0.30271726846694946,0.7449336051940918,0.07641450315713882,-0.08519206941127777,85,54
0.0032351016998291016,positive,10.0,10.0,0.31761595606803894,0.9388817548751831,0.0747106596827507,-0.35282132029533386,85,55
0.003579854965209961,positive,10.0,10.0,0.41048499941825867,0.5431122779846191,0.06802325695753098,0.3562813401222229,85,61
0.0036878585815429688,positive,10.0,10.0,0.4360913336277008,0.9311732649803162,0.07686488330364227,-0.18225927650928497,85,63
0.003977537155151367,positive,10.0,10.0,0.5602169632911682,1.51224684715271,0.016403043642640114,-0.965425968170166,85,68
0.004082202911376953,positive,10.0,10.0,0.6246047616004944,1.902303695678711,-0.027963699772953987,-1.546502709388733,85,70
0.004128694534301758,positive,10.0,10.0,0.6626508831977844,1.7075284719467163,-0.058893751353025436,-1.262674331665039,85,71
0.004346609115600586,negative,10.0,-10.0,0.7915662527084351,1.7122710943222046,-0.15103408694267273,-1.3789751529693604,85,75
0.0043909549713134766,negative,10.0,-10.0,0.8258116841316223,1.908921480178833,-0.1786135882139206,-1.7148280143737793,85,76
0.00022125244140625,positive,10.0,10.0,0.04576018080115318,-0.21396048367023468,-0.048934463411569595,0.2502034306526184,86,1
0.0002758502960205078,positive,10.0,10.0,0.04148096963763237,-0.40835070610046387,-0.04393039271235466,0.5270587205886841,86,2
0.0003266334533691406,positive,10.0,10.0,0.03331395611166954,-0.21263906359672546,-0.033389218151569366,0.22086313366889954,86,3
0.00037598609924316406,positive,10.0,10.0,0.029061175882816315,-0.407268226146698,-0.028971955180168152,0.5028295516967773,86,4
0.0006315708160400391,positive,10.0,10.0,-0.0034812286030501127,-0.7965561747550964,0.010379483923316002,1.0668306350708008,86,8
0.0007534027099609375,positive,10.0,10.0,-0.03144381567835808,-0.4069013297557831,0.04726456105709076,0.4948853850364685,86,10
0.0008065700531005859,positive,10.0,10.0,-0.039581842720508575,-0.2124766856431961,0.057162266224622726,0.21746470034122467,86,11
0.0009725093841552734,positive,10.0,10.0,-0.056281961500644684,-0.020139221101999283,0.07716257870197296,-0.014177106320858002,86,14
0.0010182857513427734,positive,10.0,10.0,-0.05668474733829498,0.17379619181156158,0.07687903195619583,-0.281551331281662,86,15
0.0011208057403564453,positive,10.0,10.0,-0.045853979885578156,0.17169548571109772,0.06026738882064819,-0.23477767407894135,86,17
0.0011653900146484375,positive,10.0,10.0,-0.04242007061839104,-0.02423345297574997,0.05557183548808098,0.07629004865884781,86,18
0.0012097358703613281,positive,10.0,10.0,-0.04290474206209183,-0.22010621428489685,0.05709763988852501,0.38597533106803894,86,19
0.0012543201446533203,positive,10.0,10.0,-0.04730686545372009,-0.025839347392320633,0.0648171454668045,0.11182750016450882,86,20
0.0013561248779296875,positive,10.0,10.0,-0.05226019769906998,-0.027716131880879402,0.07553839683532715,0.15342159569263458,86,22
0.0015139579772949219,positive,10.0,10.0,-0.04228636622428894,0.16404230892658234,0.06868886202573776,-0.06565535068511963,86,25
0.0015578269958496094,positive,10.0,10.0,-0.03900551795959473,-0.03199378401041031,0.06737574934959412,0.24788402020931244,86,26
0.0016019344329833984,positive,10.0,10.0,-0.039645396173000336,-0.22801002860069275,0.0723334327340126,0.5610347986221313,86,27
0.0016455650329589844,positive,10.0,10.0,-0.044205594807863235,-0.03397379815578461,0.08355412632226944,0.2919889986515045,86,28
0.0017476081848144531,positive,10.0,10.0,-0.041687797755002975,0.35359740257263184,0.08992958068847656,-0.23640994727611542,86,30
0.0019059181213378906,positive,10.0,10.0,-0.016647031530737877,0.5450834631919861,0.07158973813056946,-0.44919553399086,86,33
0.0020079612731933594,positive,10.0,10.0,0.0012351543409749866,0.15306557714939117,0.05990917235612869,0.1769256740808487,86,35
0.002110719680786133,positive,10.0,10.0,0.011242091655731201,0.1513100564479828,0.0615222342312336,0.21573397517204285,86,37
0.0022122859954833984,positive,10.0,10.0,0.013375592418015003,0.14950184524059296,0.07638034969568253,0.2559393346309662,86,39
0.002428770065307617,positive,10.0,10.0,0.04860498011112213,0.5350936651229858,0.06484105437994003,-0.22804580628871918,86,43
0.002477407455444336,positive,10.0,10.0,0.059306852519512177,0.3391079306602478,0.06028013676404953,0.08436498045921326,86,44
0.0025899410247802734,positive,10.0,10.0,0.0689525306224823,-0.05276793986558914,0.06987625360488892,0.7069992423057556,86,46
0.002882719039916992,positive,10.0,10.0,0.10245271027088165,0.5261308550834656,0.08738241344690323,-0.029950663447380066,86,51
0.002993345260620117,positive,10.0,10.0,0.12737329304218292,0.523652970790863,0.0809067040681839,0.024907417595386505,86,53
0.003101825714111328,positive,10.0,10.0,0.15219688415527344,0.9113974571228027,0.07658101618289948,-0.5071278214454651,86,55
0.003270864486694336,positive,10.0,10.0,0.1951161026954651,0.32331782579421997,0.06504292786121368,0.4333120882511139,86,58
0.0033197402954101562,positive,10.0,10.0,0.20158246159553528,0.5174614787101746,0.0737091675400734,0.16182151436805725,86,59
0.0037305355072021484,positive,10.0,10.0,0.3087098002433777,0.7061713337898254,0.05324658006429672,0.010159236378967762,86,66
0.0037789344787597656,positive,10.0,10.0,0.32283321022987366,0.5103278160095215,0.05344976484775543,0.3191553056240082,86,67
0.003887176513671875,positive,10.0,10.0,0.34713277220726013,0.5087227821350098,0.06070879101753235,0.35474035143852234,86,69
0.00406956672668457,positive,10.0,10.0,0.3893062174320221,0.7009759545326233,0.06566478312015533,0.12501272559165955,86,72
0.004144906997680664,positive,10.0,10.0,0.40332573652267456,0.8950987458229065,0.06816504150629044,-0.14625230431556702,86,73
0.004237174987792969,positive,10.0,10.0,0.42122772336006165,0.6990702152252197,0.06523999571800232,0.1671326607465744,86,74
0.004312753677368164,positive,10.0,10.0,0.43520912528038025,0.5030779838562012,0.06858264654874802,0.4796625077724457,86,75
0.004688262939453125,positive,10.0,10.0,0.4987346827983856,0.8887618780136108,0.07474402338266373,-0.006130017340183258,86,79
0.004837751388549805,positive,10.0,10.0,0.5381646156311035,1.276719093322754,0.0691349059343338,-0.5425710082054138,86,81
0.005281209945678711,positive,10.0,10.0,0.6344524621963501,1.0774013996124268,0.06546855717897415,-0.15616194903850555,86,86
0.005341053009033203,positive,10.0,10.0,0.6560004949569702,0.8814061284065247,0.062345314770936966,0.15643511712551117,86,87
0.005388975143432617,positive,10.0,10.0,0.6736286282539368,0.685449481010437,0.0654740184545517,0.4681166112422943,86,88
0.005496978759765625,positive,10.0,10.0,0.7049293518066406,1.0735645294189453,0.07877171039581299,-0.07140055298805237,86,90
0.005600452423095703,positive,10.0,10.0,0.751750111579895,1.0713415145874023,0.07057914137840271,-0.02219230867922306,86,92
0.005758047103881836,positive,10.0,10.0,0.8120693564414978,1.2632924318313599,0.07641591131687164,-0.2456454634666443,86,95
0.005803585052490234,positive,10.0,10.0,0.8373352289199829,1.4572445154190063,0.07150299847126007,-0.5132801532745361,86,96
0.00584864616394043,positive,10.0,10.0,0.8664801120758057,1.2611922025680542,0.0612373948097229,-0.19894912838935852,86,97
0.005895853042602539,positive,10.0,10.0,0.8917039632797241,1.065250277519226,0.05725841224193573,0.11240538954734802,86,98
0.005941152572631836,positive,10.0,10.0,0.9130089282989502,0.8693565726280212,0.05950652062892914,0.42258912324905396,86,99
0.006043672561645508,positive,10.0,10.0,0.9516677856445312,0.8675612211227417,0.07094316929578781,0.4625680148601532,86,101
0.006146430969238281,positive,10.0,10.0,0.9902513027191162,1.2555012702941895,0.08405578881502151,-0.07328341901302338,86,103
0.006308555603027344,positive,10.0,10.0,1.0616096258163452,1.056871771812439,0.0870671272277832,0.2981117069721222,86,106
0.006356239318847656,positive,10.0,10.0,1.082746982574463,1.2506515979766846,0.09302935749292374,0.03410828486084938,86,107
0.006402492523193359,positive,10.0,10.0,1.1077600717544556,1.0543272495269775,0.09371152520179749,0.3546326458454132,86,108
0.0071811676025390625,positive,10.0,10.0,1.4809465408325195,2.0098743438720703,0.08624738454818726,-0.6706715226173401,86,121
0.007230043411254883,positive,10.0,10.0,1.5211440324783325,1.8136658668518066,0.07283395528793335,-0.3521275818347931,86,122
0.0072784423828125,positive,10.0,10.0,1.557417392730713,1.6175878047943115,0.06579140573740005,-0.03739604353904724,86,123
0.00732874870300293,positive,10.0,10.0,1.5897691249847412,1.4215871095657349,0.06504348665475845,0.2752976715564728,86,124
0.0075185298919677734,positive,10.0,10.0,1.671106219291687,1.6135262250900269,0.08866702020168304,0.05247974768280983,86,127
0.00757288932800293,positive,10.0,10.0,1.7033767700195312,1.8072723150253296,0.08971662074327469,-0.21096374094486237,86,128
0.007626056671142578,positive,10.0,10.0,1.7395222187042236,1.6109896898269653,0.08549734205007553,0.10861726850271225,86,129
0.007675647735595703,positive,10.0,10.0,1.7717419862747192,1.8047890663146973,0.08766968548297882,-0.155914306640625,86,130
0.007721662521362305,positive,10.0,10.0,1.807837724685669,1.9985535144805908,0.08455140143632889,-0.4197028875350952,86,131
0.00805807113647461,negative,10.0,-10.0,2.020033359527588,1.2121546268463135,0.08225719630718231,0.8855258822441101,86,137
0.008180379867553711,negative,10.0,-10.0,2.0723977088928223,1.2097036838531494,0.11236358433961868,0.9422131776809692,86,139
0.008293390274047852,negative,10.0,-10.0,2.1168570518493652,0.8167308568954468,0.1565675139427185,1.598710298538208,86,141
0.008342742919921875,negative,10.0,-10.0,2.1331915855407715,0.6201385855674744,0.1885417252779007,1.9358347654342651,86,142
0.0005300045013427734,positive,10.0,10.0,-0.05454498156905174,-0.20017851889133453,0.05587664619088173,0.38259854912757874,87,5
0.0006115436553955078,positive,10.0,10.0,-0.05854855105280876,-0.00589261157438159,0.0635286197066307,0.10804372280836105,87,6
0.0006871223449707031,positive,10.0,10.0,-0.0586664043366909,-0.20186468958854675,0.06568949669599533,0.4200736880302429,87,7
0.0007669925689697266,positive,10.0,10.0,-0.0627036988735199,-0.007732020225375891,0.07409096509218216,0.14880158007144928,87,8
0.0008573532104492188,positive,10.0,10.0,-0.06285833567380905,0.1862550675868988,0.07706699520349503,-0.11961793154478073,87,9
0.0009336471557617188,positive,10.0,10.0,-0.05913323536515236,0.3801930844783783,0.07467464357614517,-0.38702622056007385,87,10
0.0011851787567138672,positive,10.0,10.0,-0.04808586463332176,-0.20791304111480713,0.07032407075166702,0.5538651943206787,87,13
0.0012683868408203125,positive,10.0,10.0,-0.05224412679672241,-0.01384540181607008,0.08140137046575546,0.28414151072502136,87,14
0.0013413429260253906,positive,10.0,10.0,-0.05252103507518768,0.18002690374851227,0.08708420395851135,0.018201583996415138,87,15
0.0014085769653320312,positive,10.0,10.0,-0.04892049729824066,-0.01622900553047657,0.08744823932647705,0.3370403051376343,87,16
0.0014729499816894531,positive,10.0,10.0,-0.04924507811665535,0.17754672467708588,0.09418904036283493,0.07316441088914871,87,17
0.0016407966613769531,positive,10.0,10.0,-0.038270123302936554,0.5648335814476013,0.09188475459814072,-0.4494210183620453,87,19
0.002120494842529297,positive,10.0,10.0,-0.0010306143667548895,0.5602318048477173,0.07086231559515,-0.34676942229270935,87,23
0.0034003257751464844,positive,10.0,10.0,0.12147742509841919,0.7344353199005127,0.08959204703569412,-0.17786671221256256,87,38
0.0037178993225097656,positive,10.0,10.0,0.18788586556911469,0.7297776937484741,0.0669683963060379,-0.07455151528120041,87,42
0.0037841796875,positive,10.0,10.0,0.20248141884803772,0.9238788485527039,0.06547736376523972,-0.3453766405582428,87,43
0.003847837448120117,positive,10.0,10.0,0.22095899283885956,0.7278895378112793,0.058569833636283875,-0.0327860526740551,87,44
0.003913164138793945,positive,10.0,10.0,0.23551678657531738,0.5319787263870239,0.05791411176323891,0.277785986661911,87,45
0.003976583480834961,positive,10.0,10.0,0.24615634977817535,0.3360804319381714,0.06346982717514038,0.5881580114364624,87,46
0.004040956497192383,positive,10.0,10.0,0.25287795066833496,0.53025883436203,0.07523299008607864,0.31612449884414673,87,47
0.0041882991790771484,positive,10.0,10.0,0.27796781063079834,0.9180966019630432,0.08251715451478958,-0.21779419481754303,87,49
0.0043370723724365234,positive,10.0,10.0,0.31856870651245117,0.9158148765563965,0.0684942901134491,-0.16709190607070923,87,51
0.004401206970214844,positive,10.0,10.0,0.3368849754333496,0.7197827696800232,0.06515245139598846,0.14638838171958923,87,52
0.004476308822631836,positive,10.0,10.0,0.35128065943717957,0.5237911939620972,0.06808021664619446,0.4588932394981384,87,53
0.00463104248046875,positive,10.0,10.0,0.37611421942710876,0.9118245840072632,0.08102653175592422,-0.07892318069934845,87,55
0.004697322845458984,positive,10.0,10.0,0.39435070753097534,1.1056971549987793,0.07944806665182114,-0.34498217701911926,87,56
0.005021572113037109,positive,10.0,10.0,0.4670742452144623,1.101408839225769,0.07805158942937851,-0.2500089406967163,87,60
0.0053768157958984375,positive,10.0,10.0,0.5550605058670044,0.7073925137519836,0.06085304915904999,0.4200771152973175,87,64
0.005444765090942383,positive,10.0,10.0,0.5692083239555359,0.9016018509864807,0.06925459206104279,0.1471821516752243,87,65
0.005510807037353516,positive,10.0,10.0,0.5872403383255005,0.7055599689483643,0.07219823449850082,0.46088457107543945,87,66
0.00635075569152832,positive,10.0,10.0,0.8012444972991943,1.471907615661621,0.08056287467479706,-0.40050554275512695,87,76
0.0065958499908447266,positive,10.0,10.0,0.885592520236969,1.6637979745864868,0.06383198499679565,-0.6220055222511292,87,79
0.006668567657470703,positive,10.0,10.0,0.9188684821128845,1.8579732179641724,0.051391877233982086,-0.8939213752746582,87,80
0.0002224445343017578,positive,10.0,10.0,0.02404976636171341,0.012872076593339443,-0.049002088606357574,0.012022847309708595,88,0
0.0005745887756347656,positive,10.0,10.0,0.02096228487789631,-0.18021194636821747,-0.04336066544055939,0.2600138187408447,88,3
0.0006597042083740234,positive,10.0,10.0,0.017358046025037766,-0.3746889531612396,-0.03816039115190506,0.5387110710144043,88,4
0.0009632110595703125,positive,10.0,10.0,0.006612238474190235,-0.17833882570266724,-0.024039940908551216,0.21849370002746582,88,7
0.0015540122985839844,positive,10.0,10.0,-0.026428673416376114,-0.17768114805221558,0.01825742982327938,0.20393772423267365,88,13
0.0020406246185302734,positive,10.0,10.0,-0.052070096135139465,-0.37500467896461487,0.051879387348890305,0.5457538962364197,88,18
0.0021209716796875,positive,10.0,10.0,-0.05957018956542015,-0.1806485801935196,0.06279446184635162,0.2698576748371124,88,19
0.0025091171264648438,positive,10.0,10.0,-0.07413750141859055,-0.1848486363887787,0.08694420009851456,0.3632853031158447,88,23
0.0025992393493652344,positive,10.0,10.0,-0.07783447206020355,0.008936947211623192,0.09420990198850632,0.09923430532217026,88,24
0.0027887821197509766,positive,10.0,10.0,-0.07360390573740005,0.006233262829482555,0.0929485410451889,0.1591106504201889,88,26
0.002972126007080078,positive,10.0,10.0,-0.06948104500770569,0.39353230595588684,0.09407349675893784,-0.36373648047447205,88,28
0.003053426742553711,positive,10.0,10.0,-0.061610396951436996,0.19720803201198578,0.0867987647652626,-0.04293534532189369,88,29
0.0035400390625,positive,10.0,10.0,-0.02652795799076557,0.38644376397132874,0.06450136005878448,-0.20607946813106537,88,34
0.0038225650787353516,positive,10.0,10.0,-0.015099278651177883,0.18871170282363892,0.07085117697715759,0.14499595761299133,88,37
0.0039038658142089844,positive,10.0,10.0,-0.011325044557452202,-0.007349608466029167,0.07375109195709229,0.4591629207134247,88,38
0.004396677017211914,positive,10.0,10.0,0.018917730078101158,0.1818987876176834,0.07806023955345154,0.29576924443244934,88,43
0.004686117172241211,positive,10.0,10.0,0.04146522283554077,0.37342795729637146,0.07982221990823746,0.08174856007099152,88,46
0.004767656326293945,positive,10.0,10.0,0.04893378168344498,0.5673203468322754,0.08145719021558762,-0.18472109735012054,88,47
0.005158662796020508,positive,10.0,10.0,0.1175912395119667,0.9534292221069336,0.03463134914636612,-0.6788460612297058,88,51
0.005240678787231445,positive,10.0,10.0,0.13665983080863953,0.7578437328338623,0.021054426208138466,-0.37546414136886597,88,52
0.0054264068603515625,positive,10.0,10.0,0.16306528449058533,0.36711564660072327,0.012020789086818695,0.22070780396461487,88,54
0.005716085433959961,positive,10.0,10.0,0.1811782866716385,0.17121650278568268,0.03137209638953209,0.5307071805000305,88,57
0.005797624588012695,positive,10.0,10.0,0.18460261821746826,0.3658834397792816,0.041986238211393356,0.24807237088680267,88,58
0.005879402160644531,positive,10.0,10.0,0.19192028045654297,0.1701877862215042,0.04694768786430359,0.5536974668502808,88,59
0.005961179733276367,positive,10.0,10.0,0.19532403349876404,0.3646201491355896,0.05802163481712341,0.2761678397655487,88,60
0.006041049957275391,positive,10.0,10.0,0.20261643826961517,0.16872045397758484,0.06354498863220215,0.5865716934204102,88,61
0.006120920181274414,positive,10.0,10.0,0.20599085092544556,0.3628975450992584,0.07527642697095871,0.3145635426044464,88,62
0.006202220916748047,positive,10.0,10.0,0.21324880421161652,0.5568709969520569,0.08156769722700119,0.04653774946928024,88,63
0.006285905838012695,positive,10.0,10.0,0.22438621520996094,0.7507343292236328,0.0824984535574913,-0.21933609247207642,88,64
0.006473064422607422,positive,10.0,10.0,0.25829261541366577,0.748453676700592,0.06841377913951874,-0.1686546951532364,88,66
0.006555795669555664,positive,10.0,10.0,0.273261696100235,0.5524225831031799,0.06504068523645401,0.14480207860469818,88,67
0.006752490997314453,positive,10.0,10.0,0.2914387881755829,0.1604190468788147,0.07708220928907394,0.7705740332603455,88,69
0.00754547119140625,positive,10.0,10.0,0.40995946526527405,0.9295880198478699,0.07728112488985062,-0.15289175510406494,88,77
0.007627010345458984,positive,10.0,10.0,0.42855122685432434,1.123523235321045,0.07422329485416412,-0.4202282726764679,88,78
0.007708549499511719,positive,10.0,10.0,0.4510217010974884,0.9274323582649231,0.06581872701644897,-0.10510024428367615,88,79
0.007788419723510742,positive,10.0,10.0,0.4695703387260437,0.7314319610595703,0.06371672451496124,0.20760051906108856,88,80
0.00797271728515625,positive,10.0,10.0,0.4949081838130951,0.7295636534690857,0.07826238870620728,0.24913491308689117,88,82
0.00805354118347168,positive,10.0,10.0,0.5094994306564331,0.9234858155250549,0.08324508368968964,-0.017872247844934464,88,83
0.00813436508178711,positive,10.0,10.0,0.5279691815376282,1.1173213720321655,0.08288764208555222,-0.28317296504974365,88,84
0.008529186248779297,positive,10.0,10.0,0.6172209978103638,0.7231009006500244,0.06320352107286453,0.39166194200515747,88,88
0.008611679077148438,positive,10.0,10.0,0.6316830515861511,0.9172715544700623,0.07103676348924637,0.11955689638853073,88,89
0.009202003479003906,positive,10.0,10.0,0.7531293630599976,0.9105466604232788,0.07514403760433197,0.268316388130188,88,95
0.009489059448242188,positive,10.0,10.0,0.8193987011909485,1.1022275686264038,0.07519561797380447,0.05096686631441116,88,98
0.010080337524414062,positive,10.0,10.0,0.9786550402641296,1.8763591051101685,0.04748101159930229,-0.981360673904419,88,104
0.010164499282836914,positive,10.0,10.0,1.0161821842193604,2.0708136558532715,0.027853799983859062,-1.258759617805481,88,105
0.010247468948364258,positive,10.0,10.0,1.0575984716415405,1.8753466606140137,0.0026786071248352528,-0.957484781742096,88,106
0.01064610481262207,positive,10.0,10.0,1.1998364925384521,1.8765932321548462,-0.06255791336297989,-0.9862890839576721,88,110
0.011248111724853516,negative,10.0,-10.0,1.3980649709701538,1.884536623954773,-0.147963285446167,-1.1710844039916992,88,116
0.00021505355834960938,positive,10.0,10.0,0.014662128873169422,0.009942839853465557,-0.0035895679611712694,0.031040702015161514,89,0
0.0004639625549316406,positive,10.0,10.0,0.01115843653678894,0.010036648251116276,0.0034830246586352587,0.028971251100301743,89,2
0.0006878376007080078,positive,10.0,10.0,0.007656468078494072,0.009928789921104908,0.010517471469938755,0.03135204315185547,89,4
0.0007848739624023438,positive,10.0,10.0,0.00785504374653101,-0.18534240126609802,0.011144512332975864,0.3273347020149231,89,5
0.0008695125579833984,positive,10.0,10.0,0.004148195963352919,0.009619133546948433,0.01769120618700981,0.03818698599934578,89,6
0.0009601116180419922,positive,10.0,10.0,0.004340578801929951,-0.1857519894838333,0.01845494657754898,0.33639875054359436,89,7
0.0010447502136230469,positive,10.0,10.0,0.0006255389307625592,-0.381131649017334,0.025182921439409256,0.6348437666893005,89,8
0.0011293888092041016,positive,10.0,10.0,-0.00699709402397275,-0.18636983633041382,0.03787979483604431,0.3501966893672943,89,9
0.0014793872833251953,positive,10.0,10.0,-0.014173607341945171,-0.18895719945430756,0.05577060952782631,0.40761473774909973,89,13
0.0016734600067138672,positive,10.0,10.0,-0.01784612238407135,0.1994822770357132,0.06658336520195007,-0.13882796466350555,89,15
0.0017578601837158203,positive,10.0,10.0,-0.013856476172804832,0.003472984302788973,0.06380680203437805,0.1740955263376236,89,16
0.0020494461059570312,positive,10.0,10.0,-0.017604848369956017,0.1955510824918747,0.08132213354110718,-0.05196480453014374,89,19
0.002651214599609375,positive,10.0,10.0,0.025033313781023026,0.18931961059570312,0.05326240509748459,0.08578416705131531,89,25
0.0029401779174804688,positive,10.0,10.0,0.03244476392865181,-0.008187049999833107,0.06527236104011536,0.43176698684692383,89,28
0.003141641616821289,positive,10.0,10.0,0.0360000804066658,0.37994319200515747,0.0771147757768631,-0.10812835395336151,89,30
0.0032258033752441406,positive,10.0,10.0,0.04359894618391991,0.5738802552223206,0.07495220750570297,-0.37552011013031006,89,31
0.003309011459350586,positive,10.0,10.0,0.05507655069231987,0.37777817249298096,0.06744180619716644,-0.0601775124669075,89,32
0.003391265869140625,positive,10.0,10.0,0.06263211369514465,0.18175730109214783,0.06623826175928116,0.2529982030391693,89,33
0.003472566604614258,positive,10.0,10.0,0.06626725941896439,-0.014244859106838703,0.07129821926355362,0.5658165216445923,89,34
0.0036606788635253906,positive,10.0,10.0,0.06957852840423584,0.37366122007369995,0.08854296058416367,0.03089364618062973,89,36
0.0041522979736328125,positive,10.0,10.0,0.13010039925575256,0.5628742575645447,0.06211457774043083,-0.13184721767902374,89,41
0.004443645477294922,positive,10.0,10.0,0.15211628377437592,0.36517783999443054,0.07288505882024765,0.21844732761383057,89,44
0.00452876091003418,positive,10.0,10.0,0.15941983461380005,0.5591863393783569,0.07725400477647781,-0.05038353055715561,89,45
0.004820585250854492,positive,10.0,10.0,0.2046075314283371,0.7510505318641663,0.058183323591947556,-0.27156853675842285,89,48
0.00521397590637207,positive,10.0,10.0,0.24899040162563324,0.3576982617378235,0.06193222105503082,0.38353389501571655,89,52
0.005402326583862305,positive,10.0,10.0,0.2671821415424347,0.3558420240879059,0.07182295620441437,0.4248078465461731,89,54
0.00548553466796875,positive,10.0,10.0,0.2742989957332611,0.5498769879341125,0.0803191140294075,0.1556035876274109,89,55
0.005568504333496094,positive,10.0,10.0,0.2852965295314789,0.7437625527381897,0.0834311842918396,-0.11069875210523605,89,56
0.005756855010986328,positive,10.0,10.0,0.3189237117767334,0.7414200901985168,0.07369846850633621,-0.05879174917936325,89,58
0.00604701042175293,positive,10.0,10.0,0.367247074842453,0.5433336496353149,0.06572180241346359,0.3000485301017761,89,61
0.006131410598754883,positive,10.0,10.0,0.3781137466430664,0.7374603152275085,0.07172276824712753,0.02879556082189083,89,62
0.006425619125366211,positive,10.0,10.0,0.43400269746780396,1.3196125030517578,0.057301122695207596,-0.780128538608551,89,65
0.006715297698974609,positive,10.0,10.0,0.5248419046401978,1.9033030271530151,-0.006057486869394779,-1.6197171211242676,89,68
0.006799221038818359,positive,10.0,10.0,0.5629079937934875,1.7082529067993164,-0.03845182806253433,-1.3289283514022827,89,69
0.006883144378662109,positive,10.0,10.0,0.5970730185508728,1.9038383960723877,-0.06503039598464966,-1.6333917379379272,89,70
0.007187366485595703,negative,10.0,-10.0,0.7074553370475769,1.7122650146484375,-0.1585962176322937,-1.431923508644104,89,73
0.00022673606872558594,positive,10.0,10.0,-0.0030064762104302645,0.02870468981564045,-0.03102133981883526,0.045300886034965515,90,0
0.0004734992980957031,positive,10.0,10.0,-0.005751562770456076,0.02957843989133835,-0.02355458028614521,0.0260113924741745,90,2
0.00057220458984375,positive,10.0,10.0,-0.005159994121640921,-0.1651979386806488,-0.0230343509465456,0.3111705183982849,90,3
0.0006709098815917969,positive,10.0,10.0,-0.00846395269036293,0.030244480818510056,-0.016810940578579903,0.011313151568174362,90,4
0.0008716583251953125,positive,10.0,10.0,-0.011151711456477642,0.030721986666321754,-0.010611779056489468,0.0007780303712934256,90,6
0.0009570121765136719,positive,10.0,10.0,-0.01053727138787508,0.2259945124387741,-0.010596218518912792,-0.2952340543270111,90,7
0.0012502670288085938,positive,10.0,10.0,-0.00867400225251913,-0.3587372601032257,-0.010988743044435978,0.5689149498939514,90,10
0.0013320446014404297,positive,10.0,10.0,-0.01584874652326107,-0.16346292197704315,0.00038955561467446387,0.27279046177864075,90,11
0.0014147758483886719,positive,10.0,10.0,-0.01911800540983677,-0.35859042406082153,0.005845365114510059,0.5655962228775024,90,12
0.0014967918395996094,positive,10.0,10.0,-0.026289813220500946,-0.1635509729385376,0.017157290130853653,0.27476057410240173,90,13
0.0015785694122314453,positive,10.0,10.0,-0.029560834169387817,-0.35891345143318176,0.022652501240372658,0.5728051662445068,90,14
0.0016603469848632812,positive,10.0,10.0,-0.036739103496074677,-0.16411632299423218,0.03410860523581505,0.28734371066093445,90,15
0.001741170883178711,positive,10.0,10.0,-0.04002143070101738,0.03050302155315876,0.0398554801940918,0.00561048137024045,90,16
0.001928567886352539,positive,10.0,10.0,-0.04271471127867699,0.029363222420215607,0.0461796298623085,0.030781909823417664,90,18
0.0020112991333007812,positive,10.0,10.0,-0.042127449065446854,-0.16638951003551483,0.04679527133703232,0.3376699388027191,90,19
0.0020966529846191406,positive,10.0,10.0,-0.045455239713191986,0.028036385774612427,0.0535486675798893,0.0601031593978405,90,20
0.002180814743041992,positive,10.0,10.0,-0.0448945090174675,0.2223512977361679,0.05475073307752609,-0.21521562337875366,90,21
0.002263784408569336,positive,10.0,10.0,-0.04044748470187187,0.4166495203971863,0.05044642090797424,-0.4901375472545624,90,22
0.002345561981201172,positive,10.0,10.0,-0.03211449459195137,0.2208535522222519,0.04064366966485977,-0.1819922924041748,90,23
0.0026483535766601562,positive,10.0,10.0,-0.030603090301156044,0.024083662778139114,0.04801550507545471,0.14736981689929962,90,26
0.002835512161254883,positive,10.0,10.0,-0.033555254340171814,0.02267388254404068,0.060059014707803726,0.17861230671405792,90,28
0.003022432327270508,positive,10.0,10.0,-0.036566853523254395,0.020915456116199493,0.07342367619276047,0.21765120327472687,90,30
0.003105640411376953,positive,10.0,10.0,-0.036148544400930405,0.2149151861667633,0.077776700258255,-0.050997182726860046,90,31
0.0031905174255371094,positive,10.0,10.0,-0.031850241124629974,0.40884074568748474,0.07675675302743912,-0.31816282868385315,90,32
0.0034809112548828125,positive,10.0,10.0,-0.019085999578237534,0.21070995926856995,0.0765824243426323,0.04204683378338814,90,35
0.00356292724609375,positive,10.0,10.0,-0.014871800318360329,0.40465494990348816,0.07742335647344589,-0.22552475333213806,90,36
0.003958702087402344,positive,10.0,10.0,0.03297894448041916,0.7910946011543274,0.03882699832320213,-0.7270519733428955,90,40
0.004040956497192383,positive,10.0,10.0,0.048800837248563766,0.5954579710960388,0.02428595907986164,-0.4224059283733368,90,41
0.004328489303588867,positive,10.0,10.0,0.07280310988426208,0.00934421643614769,0.016903910785913467,0.47234857082366943,90,44
0.004621267318725586,positive,10.0,10.0,0.07724915444850922,-0.1867983192205429,0.03977007791399956,0.7879195213317871,90,47
0.004706382751464844,positive,10.0,10.0,0.07351318746805191,0.007755445782095194,0.05552846938371658,0.5080089569091797,90,48
0.005199432373046875,positive,10.0,10.0,0.08971290290355682,0.5877742171287537,0.0870063453912735,-0.25379079580307007,90,53
0.005282878875732422,positive,10.0,10.0,0.10146839171648026,0.7815530300140381,0.08193053305149078,-0.5178119540214539,90,54
0.005365610122680664,positive,10.0,10.0,0.11709944903850555,0.585378885269165,0.07157429307699203,-0.20047715306282043,90,55
0.005555391311645508,positive,10.0,10.0,0.14439518749713898,0.5833999514579773,0.05816973000764847,-0.15656064450740814,90,57
0.005637645721435547,positive,10.0,10.0,0.15606318414211273,0.3874954879283905,0.05503851920366287,0.15389129519462585,90,58
0.005822658538818359,positive,10.0,10.0,0.16764570772647858,0.38588500022888184,0.06738469004631042,0.18960382044315338,90,60
0.005904436111450195,positive,10.0,10.0,0.17536340653896332,0.18986697494983673,0.07117675989866257,0.5027596950531006,90,61
0.0063970088958740234,positive,10.0,10.0,0.22533364593982697,0.7692553400993347,0.07972899824380875,-0.24539969861507416,90,66
0.0065441131591796875,positive,10.0,10.0,0.25998181104660034,0.7670616507530212,0.06458286195993423,-0.19661585986614227,90,68
0.006607532501220703,positive,10.0,10.0,0.2753230333328247,0.9612032175064087,0.0606505423784256,-0.4682469666004181,90,69
0.007044553756713867,positive,10.0,10.0,0.4021872282028198,0.9589321613311768,-0.00891665369272232,-0.41716089844703674,90,75
0.007415771484375,positive,10.0,10.0,0.48251524567604065,0.375098317861557,-0.02820141427218914,0.4273250997066498,90,80
0.007628917694091797,positive,10.0,10.0,0.5089448690414429,0.5711337924003601,-0.008891080506145954,0.11426868289709091,90,83
0.007688283920288086,positive,10.0,10.0,0.5203675031661987,0.3761403560638428,-0.006605707108974457,0.40413331985473633,90,84
0.007749080657958984,positive,10.0,10.0,0.5278903245925903,0.5713553428649902,0.001476959208957851,0.10937514156103134,90,85
0.007807016372680664,positive,10.0,10.0,0.5393174290657043,0.37621229887008667,0.0036644618958234787,0.4025236666202545,90,86
0.00830221176147461,positive,10.0,10.0,0.6036137342453003,0.5692766308784485,0.04424607753753662,0.15537169575691223,90,93
0.008512258529663086,positive,10.0,10.0,0.6338297128677368,0.3720878064632416,0.06027286499738693,0.49427276849746704,90,96
0.008571386337280273,positive,10.0,10.0,0.6412714719772339,0.5663102269172668,0.07015831768512726,0.22117765247821808,90,97
0.00878453254699707,positive,10.0,10.0,0.671288013458252,0.7580653429031372,0.09062185138463974,0.0022467749658972025,90,100
0.008923768997192383,positive,10.0,10.0,0.7054848670959473,1.14549720287323,0.08545629680156708,-0.5232893228530884,90,102
0.009145736694335938,positive,10.0,10.0,0.7702456116676331,1.3373098373413086,0.06143023446202278,-0.7425886392593384,90,105
0.009360074996948242,positive,10.0,10.0,0.8621425628662109,1.9207817316055298,0.0004114887851756066,-1.5773683786392212,90,108
0.009505271911621094,positive,10.0,10.0,0.9350712895393372,1.9211591482162476,-0.05682702362537384,-1.58682382106781,90,110
0.0007340908050537109,positive,10.0,10.0,-0.008421284146606922,0.04647187888622284,-0.0025440773461014032,-0.008031364530324936,91,4
0.0011239051818847656,positive,10.0,10.0,-0.020310385152697563,-0.34394213557243347,0.020164405927062035,0.5811475515365601,91,8
0.0013124942779541016,positive,10.0,10.0,-0.03017139621078968,0.04554624482989311,0.03768504410982132,0.012393751181662083,91,10
0.0015175342559814453,positive,10.0,10.0,-0.03226237744092941,-0.34573647379875183,0.04426741227507591,0.6211247444152832,91,12
0.0017085075378417969,positive,10.0,10.0,-0.04220230132341385,0.04301177337765694,0.06354402005672455,0.06842456012964249,91,14
0.0019023418426513672,positive,10.0,10.0,-0.04440128430724144,0.041182082146406174,0.07252170890569687,0.10892938822507858,91,16
0.0019865036010742188,positive,10.0,10.0,-0.0435776449739933,0.2351939082145691,0.07470029592514038,-0.16002070903778076,91,17
0.0021736621856689453,positive,10.0,10.0,-0.03029033914208412,0.23311346769332886,0.06293520331382751,-0.1138954758644104,91,19
0.002259969711303711,positive,10.0,10.0,-0.025628069415688515,0.03714882954955101,0.06065729260444641,0.1979602724313736,91,20
0.002342700958251953,positive,10.0,10.0,-0.024885091930627823,-0.1587858945131302,0.06461650133132935,0.5091441869735718,91,21
0.0024247169494628906,positive,10.0,10.0,-0.028060810640454292,0.03536903113126755,0.07479938119649887,0.23750358819961548,91,22
0.0026140213012695312,positive,10.0,10.0,-0.022766487672924995,0.4232434630393982,0.07893586903810501,-0.29724133014678955,91,24
0.0028030872344970703,positive,10.0,10.0,-0.009759814478456974,0.421093612909317,0.07337614893913269,-0.2495344877243042,91,26
0.0030944347381591797,positive,10.0,10.0,0.0037415968254208565,-0.16706661880016327,0.07726890593767166,0.6926292181015015,91,29
0.0036916732788085938,positive,10.0,10.0,0.03401447832584381,0.604956328868866,0.09316851198673248,-0.2945276200771332,91,35
0.0037736892700195312,positive,10.0,10.0,0.04611360654234886,0.4086381494998932,0.08727796375751495,0.02602444216609001,91,36
0.0038564205169677734,positive,10.0,10.0,0.05428636819124222,0.6024070978164673,0.08779845386743546,-0.23789548873901367,91,37
0.003938436508178711,positive,10.0,10.0,0.06633450835943222,0.7961721420288086,0.08304054290056229,-0.5016440153121948,91,38
0.0043337345123291016,positive,10.0,10.0,0.12209659814834595,0.7921682596206665,0.057490862905979156,-0.4121479392051697,91,42
0.004416465759277344,positive,10.0,10.0,0.1379399597644806,0.5962804555892944,0.04924790561199188,-0.10190869867801666,91,43
0.004500389099121094,positive,10.0,10.0,0.14986558258533478,0.40048858523368835,0.047209732234478,0.20589607954025269,91,44
0.004787921905517578,positive,10.0,10.0,0.16995158791542053,0.20314201712608337,0.0663297027349472,0.5484695434570312,91,47
0.004870891571044922,positive,10.0,10.0,0.17401441931724548,0.397272527217865,0.0772990956902504,0.2774007320404053,91,48
0.0049550533294677734,positive,10.0,10.0,0.181959867477417,0.5912114977836609,0.08284711092710495,0.010064277797937393,91,49
0.005246162414550781,positive,10.0,10.0,0.2134612649679184,0.7825832366943359,0.09084852039813995,-0.20080967247486115,91,52
0.0053293704986572266,positive,10.0,10.0,0.2291129231452942,0.9762963652610779,0.08683232963085175,-0.46350833773612976,91,53
0.0056345462799072266,positive,10.0,10.0,0.283719927072525,0.7778953313827515,0.06642661243677139,-0.09675212949514389,91,56
0.005922794342041016,positive,10.0,10.0,0.31863367557525635,0.5799952745437622,0.07938280701637268,0.25820526480674744,91,59
0.006004810333251953,positive,10.0,10.0,0.3302336037158966,0.773899495601654,0.08454690873622894,-0.00842104572802782,91,60
0.006089925765991211,positive,10.0,10.0,0.3457115888595581,0.9677135944366455,0.08437848836183548,-0.27327650785446167,91,61
0.0062808990478515625,positive,10.0,10.0,0.38829657435417175,0.9653990268707275,0.06814898550510406,-0.22173172235488892,91,63
0.0064697265625,positive,10.0,10.0,0.4229920208454132,0.9635261297225952,0.06554726511240005,-0.18027432262897491,91,65
0.006552457809448242,positive,10.0,10.0,0.44226253032684326,0.7675304412841797,0.061941780149936676,0.13234499096870422,91,66
0.006741762161254883,positive,10.0,10.0,0.4690447151660919,0.7657298445701599,0.07346685230731964,0.17226450145244598,91,68
0.006824016571044922,positive,10.0,10.0,0.4843593239784241,0.5696374773979187,0.07691214233636856,0.4871894419193268,91,69
0.006906032562255859,positive,10.0,10.0,0.4957520663738251,0.7635947465896606,0.08665592968463898,0.21970349550247192,91,70
0.0070917606353759766,positive,10.0,10.0,0.5301715135574341,1.1510844230651855,0.0901612862944603,-0.30705997347831726,91,72
0.007173776626586914,positive,10.0,10.0,0.553193211555481,0.954801082611084,0.08402008563280106,0.012640566565096378,91,73
0.007254838943481445,positive,10.0,10.0,0.572289228439331,1.1486238241195679,0.08427289873361588,-0.2523951530456543,91,74
0.007333517074584961,positive,10.0,10.0,0.5952616930007935,1.3424476385116577,0.07922499626874924,-0.5173521637916565,91,75
0.007407665252685547,positive,10.0,10.0,0.6221106648445129,1.1463048458099365,0.06887795031070709,-0.20079296827316284,91,76
0.007470846176147461,positive,10.0,10.0,0.6450367569923401,0.9502688646316528,0.06486209481954575,0.11279788613319397,91,77
0.007621288299560547,positive,10.0,10.0,0.6791277527809143,0.948390543460846,0.07562241703271866,0.1544266939163208,91,79
0.007683515548706055,positive,10.0,10.0,0.6980955600738525,1.142352819442749,0.07871095091104507,-0.11347341537475586,91,80
0.007749080657958984,positive,10.0,10.0,0.7209426164627075,1.33626389503479,0.07644148170948029,-0.38032227754592896,91,81
0.007899999618530273,positive,10.0,10.0,0.7782723307609558,1.334211826324463,0.05587588623166084,-0.3344174325466156,91,83
0.007964611053466797,positive,10.0,10.0,0.8049565553665161,1.138340950012207,0.04918753728270531,-0.024650754407048225,91,84
0.008028507232666016,positive,10.0,10.0,0.8277233839035034,0.9425494074821472,0.04869452118873596,0.2831366956233978,91,85
0.008089542388916016,positive,10.0,10.0,0.8465743660926819,0.7467679977416992,0.05435725674033165,0.5907713174819946,91,86
0.008151769638061523,positive,10.0,10.0,0.8615097403526306,0.9410884380340576,0.06617268174886703,0.31569430232048035,91,87
0.008212566375732422,positive,10.0,10.0,0.8803315162658691,1.1352084875106812,0.07248657196760178,0.04459212347865105,91,88
0.008614778518676758,positive,10.0,10.0,0.9936473965644836,1.3250540494918823,0.08147501945495605,-0.1322798877954483,91,93
0.008766412734985352,positive,10.0,10.0,1.0427258014678955,1.322775959968567,0.0825285017490387,-0.08185674250125885,91,95
0.008938074111938477,positive,10.0,10.0,1.0995137691497803,1.7105077505111694,0.07394330948591232,-0.6135216355323792,91,97
0.009101152420043945,positive,10.0,10.0,1.1640126705169678,1.7086256742477417,0.055702950805425644,-0.5711086392402649,91,99
0.00946044921875,positive,10.0,10.0,1.3240352869033813,2.096985340118408,-0.023280316963791847,-1.1139416694641113,91,103
0.009624004364013672,positive,10.0,10.0,1.404018521308899,2.097890853881836,-0.06213218346238136,-1.1353081464767456,91,105
0.009979009628295898,negative,10.0,-10.0,1.5719668865203857,2.4924941062927246,-0.15578430891036987,-1.8328516483306885,91,109
0.010056495666503906,negative,10.0,-10.0,1.6218167543411255,2.688959836959839,-0.19244134426116943,-2.1695966720581055,91,110
0.0002651214599609375,positive,10.0,10.0,-0.015872417017817497,-0.21752792596817017,-0.044705141335725784,0.3151909410953522,92,1
0.0003199577331542969,positive,10.0,10.0,-0.020222974941134453,-0.021798623725771904,-0.038401324301958084,0.008751390501856804,92,2
0.00036907196044921875,positive,10.0,10.0,-0.0206589475274086,-0.21634940803050995,-0.03822629526257515,0.28907519578933716,92,3
0.00041866302490234375,positive,10.0,10.0,-0.024985935539007187,-0.020703792572021484,-0.0324447937309742,-0.01541462354362011,92,4
0.0004668235778808594,positive,10.0,10.0,-0.025400010868906975,-0.21534578502178192,-0.03275308385491371,0.2668576240539551,92,5
0.0005154609680175781,positive,10.0,10.0,-0.02970692701637745,-0.40998533368110657,-0.027415933087468147,0.5490326881408691,92,6
0.0005767345428466797,positive,10.0,10.0,-0.03790663555264473,-0.21448922157287598,-0.016435278579592705,0.24783942103385925,92,7
0.0006289482116699219,positive,10.0,10.0,-0.04219641909003258,-0.019136449322104454,-0.011478490196168423,-0.04998191446065903,92,8
0.0006804466247558594,positive,10.0,10.0,-0.04257914796471596,-0.2140919417142868,-0.012478129006922245,0.23905746638774872,92,9
0.0007312297821044922,positive,10.0,10.0,-0.046860985457897186,-0.4090334475040436,-0.007696979213505983,0.5277784466743469,92,10
0.0008447170257568359,positive,10.0,10.0,-0.05931773781776428,-0.40896672010421753,0.007512192707508802,0.526263415813446,92,12
0.001055002212524414,positive,10.0,10.0,-0.08425325155258179,-0.41011476516723633,0.038419052958488464,0.5518889427185059,92,16
0.0010995864868164062,positive,10.0,10.0,-0.09245554357767105,-0.21555283665657043,0.04945683106780052,0.2715538442134857,92,17
0.0011985301971435547,positive,10.0,10.0,-0.10499349236488342,-0.2170328050851822,0.0664762333035469,0.3045169711112976,92,19
0.001323699951171875,positive,10.0,10.0,-0.10979250818490982,0.17109227180480957,0.07323692739009857,-0.23541615903377533,92,21
0.0013682842254638672,positive,10.0,10.0,-0.10637066513299942,0.3650955855846405,0.06852860748767853,-0.5041286945343018,92,22
0.00141143798828125,positive,10.0,10.0,-0.09906875342130661,0.16907815635204315,0.05844603106379509,-0.1906609684228897,92,23
0.0014543533325195312,positive,10.0,10.0,-0.09568718820810318,-0.026829112321138382,0.05463281273841858,0.11987151205539703,92,24
0.0016143321990966797,positive,10.0,10.0,-0.1012459546327591,-0.22441671788692474,0.06871788948774338,0.46774473786354065,92,27
0.0018405914306640625,positive,10.0,10.0,-0.09591999650001526,0.16127869486808777,0.07392493635416031,-0.018318939954042435,92,31
0.0019483566284179688,positive,10.0,10.0,-0.08558908104896545,0.15917721390724182,0.06782270967960358,0.028153471648693085,92,33
0.0019953250885009766,positive,10.0,10.0,-0.08240553736686707,-0.03684850037097931,0.0683857798576355,0.3414406180381775,92,34
0.0021066665649414062,positive,10.0,10.0,-0.07999776303768158,0.3512047827243805,0.07663623988628387,-0.19695420563220978,92,36
0.0022172927856445312,positive,10.0,10.0,-0.062070637941360474,0.34908178448677063,0.06340692192316055,-0.14982947707176208,92,38
0.00232696533203125,positive,10.0,10.0,-0.044224176555871964,0.3473176658153534,0.05197324603796005,-0.11075518280267715,92,40
0.002374410629272461,positive,10.0,10.0,-0.03727782517671585,0.1514909863471985,0.04975814372301102,0.1978614628314972,92,41
0.002492666244506836,positive,10.0,10.0,-0.035134125500917435,0.15001943707466125,0.06383170187473297,0.23053328692913055,92,43
0.0026166439056396484,positive,10.0,10.0,-0.03305281326174736,-0.24196754395961761,0.0792953297495842,0.8560868501663208,92,45
0.003500223159790039,positive,10.0,10.0,0.11360422521829605,0.7117104530334473,0.07210186123847961,-0.12612931430339813,92,60
0.0035505294799804688,positive,10.0,10.0,0.12783843278884888,0.905729353427887,0.06957927346229553,-0.3952219784259796,92,61
0.003602266311645508,positive,10.0,10.0,0.14595302939414978,0.709692656993866,0.06167483329772949,-0.08143866062164307,92,62
0.003653287887573242,positive,10.0,10.0,0.16014687716960907,0.5137433409690857,0.060046058148145676,0.23004743456840515,92,63
0.003820657730102539,positive,10.0,10.0,0.187017560005188,0.7059419751167297,0.08085634559392929,0.0014587847981601954,92,66
0.00405120849609375,positive,10.0,10.0,0.2589586079120636,0.7016096115112305,0.06067172437906265,0.0971909686923027,92,70
0.0041046142578125,positive,10.0,10.0,0.27299079298973083,0.5056729316711426,0.0626155436038971,0.40838173031806946,92,71
0.004157304763793945,positive,10.0,10.0,0.28310427069664,0.3097216486930847,0.07078318297863007,0.7201296091079712,92,72
0.00446319580078125,positive,10.0,10.0,0.3528497517108917,0.8885133862495422,0.08968226611614227,-0.01446487195789814,92,77
0.004510164260864258,positive,10.0,10.0,0.3706200122833252,1.0822423696517944,0.08939296752214432,-0.2775592505931854,92,78
0.004730701446533203,positive,10.0,10.0,0.45705220103263855,1.077451467514038,0.07045713067054749,-0.17113979160785675,92,82
0.004780292510986328,positive,10.0,10.0,0.47860124707221985,0.8813955783843994,0.06703433394432068,0.14291176199913025,92,83
0.00489044189453125,positive,10.0,10.0,0.5177390575408936,0.8794466257095337,0.06733471900224686,0.18599608540534973,92,85
0.004939556121826172,positive,10.0,10.0,0.5353280305862427,0.6834291219711304,0.07105464488267899,0.4991374909877777,92,86
0.004986286163330078,positive,10.0,10.0,0.5489965677261353,0.8774811625480652,0.08103739470243454,0.22966641187667847,92,87
0.005097389221191406,positive,10.0,10.0,0.5879733562469482,1.2651535272598267,0.08490283042192459,-0.30087894201278687,92,89
0.00520777702331543,positive,10.0,10.0,0.6346550583839417,1.2628377676010132,0.07923179119825363,-0.24946129322052002,92,91
0.005688190460205078,positive,10.0,10.0,0.8127433657646179,1.2547441720962524,0.08673199266195297,-0.07036463916301727,92,99
0.005795478820800781,positive,10.0,10.0,0.8668087124824524,1.2522963285446167,0.07863525301218033,-0.016148893162608147,92,101
0.005843639373779297,positive,10.0,10.0,0.8918546438217163,1.4462076425552368,0.07831227779388428,-0.28302210569381714,92,102
0.0059511661529541016,positive,10.0,10.0,0.9457800388336182,1.4440701007843018,0.0733177587389946,-0.23560866713523865,92,104
0.006059408187866211,positive,10.0,10.0,0.9996210336685181,1.0519464015960693,0.07019098848104477,0.3927852213382721,92,106
0.006107330322265625,positive,10.0,10.0,1.0206600427627563,1.2460057735443115,0.07804669439792633,0.12303221225738525,92,107
0.006215572357177734,positive,10.0,10.0,1.0743786096572876,1.633810043334961,0.07762648165225983,-0.4102807641029358,92,109
0.00626373291015625,positive,10.0,10.0,1.1070548295974731,1.437678337097168,0.06942086666822433,-0.09416985511779785,92,110
0.0063800811767578125,positive,10.0,10.0,1.160641074180603,1.04561448097229,0.07192911207675934,0.5327815413475037,92,112
0.006434202194213867,positive,10.0,10.0,1.1815533638000488,1.2396550178527832,0.08258474618196487,0.2636023163795471,92,113
0.007635593414306641,negative,10.0,-10.0,1.8593332767486572,2.1808652877807617,0.09656042605638504,-0.44423115253448486,92,134
0.007682085037231445,positive,10.0,10.0,1.9029505252838135,1.984519124031067,0.08767580986022949,-0.12273933738470078,92,135
0.007729053497314453,negative,10.0,-10.0,1.9426409006118774,2.1782827377319336,0.08522102236747742,-0.38652461767196655,92,136
0.007775306701660156,negative,10.0,-10.0,1.9862065315246582,1.9820609092712402,0.07749052345752716,-0.06823541224002838,92,137
0.007820367813110352,negative,10.0,-10.0,2.025847911834717,1.7859183549880981,0.07612581551074982,0.2478548139333725,92,138
0.007864713668823242,negative,10.0,-10.0,2.061566114425659,1.9798753261566162,0.08108291774988174,-0.019878525286912918,92,139
0.007909059524536133,negative,10.0,-10.0,2.101163625717163,2.173746347427368,0.08068534731864929,-0.28591758012771606,92,140
0.008012056350708008,negative,10.0,-10.0,2.1919913291931152,2.561624050140381,0.06392495334148407,-0.8202551007270813,92,142
0.008059024810791016,negative,10.0,-10.0,2.2432236671447754,2.3656883239746094,0.047519855201244354,-0.5081705451011658,92,143
0.00810861587524414,negative,10.0,-10.0,2.2905373573303223,2.1699299812316895,0.03735644370317459,-0.20089922845363617,92,144
0.008156299591064453,negative,10.0,-10.0,2.3339359760284424,1.9742943048477173,0.033338457345962524,0.10332991182804108,92,145
0.008205175399780273,negative,10.0,-10.0,2.3734219074249268,1.7787108421325684,0.03540505841374397,0.4063417911529541,92,146
0.00017070770263671875,positive,10.0,10.0,-0.0014120987616479397,0.04890422150492668,0.00907129142433405,0.03404589742422104,93,0
0.0005154609680175781,positive,10.0,10.0,-0.004359459970146418,0.24292778968811035,0.0249100923538208,-0.23449589312076569,93,5
0.0006892681121826172,positive,10.0,10.0,0.021903133019804955,0.43726128339767456,-0.006273428909480572,-0.5097010731697083,93,8
0.0008001327514648438,positive,10.0,10.0,0.035492923110723495,0.047345537692308426,-0.020847486332058907,0.06844153255224228,93,10
0.0011479854583740234,positive,10.0,10.0,0.03736259788274765,0.04904525727033615,-0.00877884216606617,0.030931921675801277,93,16
0.0011970996856689453,positive,10.0,10.0,0.03834350407123566,-0.14594970643520355,-0.008160203695297241,0.32083216309547424,93,17
0.001245737075805664,positive,10.0,10.0,0.03542451187968254,0.049287497997283936,-0.0017435610061511397,0.025587022304534912,93,18
0.0013554096221923828,positive,10.0,10.0,0.033494070172309875,0.04933006688952446,0.005122566130012274,0.024648180231451988,93,20
0.0014040470123291016,positive,10.0,10.0,0.03448067232966423,-0.14586496353149414,0.005615529604256153,0.31894293427467346,93,21
0.0014507770538330078,positive,10.0,10.0,0.031563375145196915,0.04917655512690544,0.011994387954473495,0.02803620509803295,93,22
0.001562356948852539,positive,10.0,10.0,0.02962459810078144,0.048825621604919434,0.019044697284698486,0.03578195348381996,93,24
0.001613616943359375,positive,10.0,10.0,0.03060111030936241,-0.14656418561935425,0.019760334864258766,0.3344123065471649,93,25
0.0016646385192871094,positive,10.0,10.0,0.02766982652246952,0.04827103763818741,0.026448581367731094,0.048025697469711304,93,26
0.0017154216766357422,positive,10.0,10.0,0.02863524854183197,-0.14721998572349548,0.02740909531712532,0.3489346504211426,93,27
0.0017659664154052734,positive,10.0,10.0,0.025690848007798195,0.04750163108110428,0.03438778966665268,0.06501919776201248,93,28
0.001817464828491211,positive,10.0,10.0,0.0266408808529377,-0.14809603989124298,0.03568817302584648,0.3683502674102783,93,29
0.0019288063049316406,positive,10.0,10.0,0.024608982726931572,-0.14921069145202637,0.04479778930544853,0.393080472946167,93,31
0.0020296573638916016,positive,10.0,10.0,0.014725993387401104,-0.15058492124080658,0.06665027886629105,0.42389222979545593,93,33
0.0021843910217285156,positive,10.0,10.0,0.017335006967186928,0.431422621011734,0.07588449120521545,-0.38215208053588867,93,36
0.002341747283935547,positive,10.0,10.0,0.03145524114370346,-0.15673138201236725,0.07184799015522003,0.5598831176757812,93,39
0.0024433135986328125,positive,10.0,10.0,0.029066864401102066,-0.15888936817646027,0.08885912597179413,0.6083493232727051,93,41
0.0030591487884521484,positive,10.0,10.0,0.10553451627492905,0.7991422414779663,0.09097173064947128,-0.47167372703552246,93,52
0.003103971481323242,positive,10.0,10.0,0.1215173602104187,0.6028610467910767,0.08153825998306274,-0.15176060795783997,93,53
0.0032083988189697266,positive,10.0,10.0,0.14950911700725555,0.6005849242210388,0.07015010714530945,-0.10128454118967056,93,55
0.0033111572265625,positive,10.0,10.0,0.17741350829601288,0.5986147522926331,0.06070368364453316,-0.057675059884786606,93,57
0.004024982452392578,positive,10.0,10.0,0.338972806930542,0.7767201066017151,0.0755622461438179,0.025127818807959557,93,70
0.00406956672668457,positive,10.0,10.0,0.3545072078704834,0.9706816673278809,0.07606480270624161,-0.24279017746448517,93,71
0.00411534309387207,positive,10.0,10.0,0.37392082810401917,1.1646393537521362,0.07120899856090546,-0.510543942451477,93,72
0.004160642623901367,positive,10.0,10.0,0.3972136080265045,1.358689785003662,0.06099811568856239,-0.7799640893936157,93,73
0.004204750061035156,positive,10.0,10.0,0.4243874251842499,1.5529224872589111,0.045398835092782974,-1.0528489351272583,93,74
0.004365205764770508,positive,10.0,10.0,0.5292385220527649,1.747125506401062,-0.03459521383047104,-1.3239381313323975,93,77
0.004472255706787109,positive,10.0,10.0,0.6030343770980835,1.7483140230178833,-0.09361885488033295,-1.3542025089263916,93,79
0.004584789276123047,negative,10.0,-10.0,0.6690903306007385,1.3611408472061157,-0.14254717528820038,-0.8397103548049927,93,81
0.004815578460693359,negative,10.0,-10.0,0.7704355716705322,0.9806715250015259,-0.20388975739479065,-0.47161370515823364,93,85
0.00021886825561523438,positive,10.0,10.0,0.012246238999068737,-0.019713910296559334,0.044374480843544006,-0.04411305859684944,94,0
0.0004489421844482422,positive,10.0,10.0,0.0075430977158248425,-0.02096814289689064,0.04873689264059067,-0.01642036624252796,94,2
0.0008184909820556641,positive,10.0,10.0,-0.0020226433407515287,-0.023905545473098755,0.06098697707056999,0.048486046493053436,94,6
0.0008943080902099609,positive,10.0,10.0,-0.002500754315406084,-0.21984657645225525,0.06195669621229172,0.3597702383995056,94,7
0.0009682178497314453,positive,10.0,10.0,-0.006897685583680868,-0.02565755322575569,0.0691521018743515,0.08724919706583023,94,8
0.0018072128295898438,positive,10.0,10.0,-0.004584255162626505,0.5476138591766357,0.0924089178442955,-0.5268002152442932,94,17
0.0018825531005859375,positive,10.0,10.0,0.006368021946400404,0.3513214588165283,0.08187291771173477,-0.20648828148841858,94,18
0.0021407604217529297,positive,10.0,10.0,0.03127919137477875,0.15302406251430511,0.06517540663480759,0.15729892253875732,94,21
0.0023088455200195312,positive,10.0,10.0,0.03348032385110855,0.15112613141536713,0.07771758735179901,0.19941973686218262,94,23
0.0023849010467529297,positive,10.0,10.0,0.03650284558534622,0.3450554609298706,0.0817059800028801,-0.06777021288871765,94,24
0.0024580955505371094,positive,10.0,10.0,0.043403953313827515,0.5389167070388794,0.08035057783126831,-0.3335971534252167,94,25
0.0025331974029541016,positive,10.0,10.0,0.05418228730559349,0.3427485525608063,0.0736786350607872,-0.016696622595191002,94,26
0.0027036666870117188,positive,10.0,10.0,0.06397029012441635,0.34065553545951843,0.07931055873632431,0.02961321733891964,94,28
0.0029649734497070312,positive,10.0,10.0,0.09604353457689285,0.922437310218811,0.06509266048669815,-0.7715595364570618,94,31
0.003313779830932617,positive,10.0,10.0,0.14633619785308838,0.13938027620315552,0.0405338816344738,0.45822009444236755,94,35
0.003480195999145508,positive,10.0,10.0,0.1558019369840622,0.13810984790325165,0.053269967436790466,0.48652175068855286,94,37
0.003554105758666992,positive,10.0,10.0,0.15856413543224335,0.3324412703514099,0.0630004033446312,0.21109209954738617,94,38
0.0036280155181884766,positive,10.0,10.0,0.1652129590511322,0.1364777535200119,0.0672222450375557,0.5229640603065491,94,39
0.003700733184814453,positive,10.0,10.0,0.16794250905513763,0.3305923640727997,0.0776815265417099,0.2521982491016388,94,40
0.003773212432861328,positive,10.0,10.0,0.17455436289310455,0.5245240926742554,0.08272549510002136,-0.015006676316261292,94,41
0.00384521484375,positive,10.0,10.0,0.18504483997821808,0.7183682322502136,0.08242535591125488,-0.2804849445819855,94,42
0.0039196014404296875,positive,10.0,10.0,0.19941221177577972,0.9122235774993896,0.0768156573176384,-0.546075165271759,94,43
0.003992557525634766,positive,10.0,10.0,0.2176566869020462,0.7161111235618591,0.06589415669441223,-0.23021234571933746,94,44
0.004195690155029297,positive,10.0,10.0,0.24886451661586761,0.5183429718017578,0.07081762701272964,0.12168574333190918,94,47
0.0042989253997802734,positive,10.0,10.0,0.26567700505256653,0.5162943005561829,0.08196821063756943,0.16712158918380737,94,49
0.004403591156005859,positive,10.0,10.0,0.2902059555053711,0.903955340385437,0.08333827555179596,-0.3632138669490814,94,51
0.0045623779296875,positive,10.0,10.0,0.34047427773475647,0.7055994868278503,0.0689007043838501,0.0022043243516236544,94,54
0.004606723785400391,positive,10.0,10.0,0.35458627343177795,0.5095605254173279,0.0689447894692421,0.3158058524131775,94,55
0.004708051681518555,positive,10.0,10.0,0.37885019183158875,0.8976027369499207,0.07617366313934326,-0.22238269448280334,94,57
0.004812002182006836,positive,10.0,10.0,0.41863343119621277,0.8955013155937195,0.0619240403175354,-0.1757003217935562,94,59
0.00504612922668457,positive,10.0,10.0,0.4745642840862274,0.5017977952957153,0.0735262781381607,0.48750945925712585,94,63
0.005701541900634766,positive,10.0,10.0,0.688728928565979,1.4615042209625244,0.0575413778424263,-0.6276500821113586,94,74
0.00604701042175293,positive,10.0,10.0,0.9068837761878967,1.8508254289627075,-0.07874691486358643,-1.1940823793411255,94,80
0.006214141845703125,negative,10.0,-10.0,1.0140994787216187,1.659774661064148,-0.14617371559143066,-0.9977696537971497,94,83
0.0063245296478271484,negative,10.0,-10.0,1.0766324996948242,1.6638522148132324,-0.18121573328971863,-1.094343662261963,94,85
0.006373167037963867,negative,10.0,-10.0,1.1099095344543457,1.8608378171920776,-0.20310261845588684,-1.4379700422286987,94,86
0.00027751922607421875,positive,10.0,10.0,-0.0005445934948511422,-0.16113042831420898,0.048398107290267944,0.33446747064590454,95,1
0.0004734992980957031,positive,10.0,10.0,-0.006353718228638172,0.031683340668678284,0.06357553601264954,0.0925389751791954,95,4
0.0005261898040771484,positive,10.0,10.0,-0.005720051005482674,0.22583916783332825,0.06542631983757019,-0.17942778766155243,95,5
0.0005788803100585938,positive,10.0,10.0,-0.0012032678350806236,0.029844937846064568,0.06183776259422302,0.1331561803817749,95,6
0.0006301403045654297,positive,10.0,10.0,-0.0006063691107556224,-0.16610577702522278,0.06450088322162628,0.44468915462493896,95,7
0.0006825923919677734,positive,10.0,10.0,-0.00392848439514637,0.028047118335962296,0.07339467108249664,0.1730155348777771,95,8
0.0008559226989746094,positive,10.0,10.0,0.009393122978508472,0.21988452970981598,0.0676797553896904,-0.04777989909052849,95,11
0.0009593963623046875,positive,10.0,10.0,0.022070294246077538,0.21796832978725433,0.060356855392456055,-0.005408301018178463,95,13
0.00106048583984375,positive,10.0,10.0,0.0268703605979681,0.2162489891052246,0.06636250019073486,0.03260065242648125,95,15
0.0012767314910888672,positive,10.0,10.0,0.036252137273550034,0.212224543094635,0.08321056514978409,0.12171643227338791,95,19
0.0014903545379638672,positive,10.0,10.0,0.06868840008974075,0.5976450443267822,0.07280150055885315,-0.35873350501060486,95,23
0.001590728759765625,positive,10.0,10.0,0.08867266029119492,0.2055691033601761,0.06474658846855164,0.268633633852005,95,25
0.0016906261444091797,positive,10.0,10.0,0.09297575801610947,0.20365877449512482,0.08173955976963043,0.31121888756752014,95,27
0.0017342567443847656,positive,10.0,10.0,0.09704893082380295,0.3975268304347992,0.08796393871307373,0.04539242759346962,95,28
0.0017800331115722656,positive,10.0,10.0,0.10499946773052216,0.5912845134735107,0.0888717845082283,-0.21829232573509216,95,29
0.0019378662109375,positive,10.0,10.0,0.1365019530057907,0.7826111316680908,0.08325046300888062,-0.4280029535293579,95,32
0.0020389556884765625,positive,10.0,10.0,0.16388246417045593,0.7803914546966553,0.07248479872941971,-0.37849557399749756,95,34
0.0020859241485595703,positive,10.0,10.0,0.17949029803276062,0.584318995475769,0.06491488963365555,-0.06386726349592209,95,35
0.0022439956665039062,positive,10.0,10.0,0.20279043912887573,0.386454313993454,0.07982147485017776,0.2903240919113159,95,38
0.002288818359375,positive,10.0,10.0,0.21051952242851257,0.5803527235984802,0.0856279581785202,0.023845145478844643,95,39
0.0024445056915283203,positive,10.0,10.0,0.2569684088230133,0.7717742919921875,0.0711926594376564,-0.18781600892543793,95,42
0.002658367156982422,positive,10.0,10.0,0.3107892572879791,0.3777388036251068,0.07047471404075623,0.4827575087547302,95,46
0.0027589797973632812,positive,10.0,10.0,0.3297800123691559,0.7656893134117126,0.08439170569181442,-0.053277090191841125,95,48
0.0028612613677978516,positive,10.0,10.0,0.3642839193344116,0.7633023858070374,0.0769624412059784,-0.00043191740405745804,95,50
0.0029048919677734375,positive,10.0,10.0,0.37954995036125183,0.9572410583496094,0.07695380598306656,-0.267874151468277,95,51
0.0029497146606445312,positive,10.0,10.0,0.398694783449173,1.1511852741241455,0.07159632444381714,-0.5353273749351501,95,52
0.0030510425567626953,positive,10.0,10.0,0.4408211410045624,0.759196400642395,0.056470341980457306,0.09027976542711258,95,54
0.0030975341796875,positive,10.0,10.0,0.4560050964355469,0.5633123517036438,0.05827593803405762,0.40023085474967957,95,55
0.0031418800354003906,positive,10.0,10.0,0.4672713279724121,0.7575613260269165,0.0662805512547493,0.12647545337677002,95,56
0.003682851791381836,positive,10.0,10.0,0.6529607176780701,0.7475098967552185,0.05964981019496918,0.3484826385974884,95,66
0.0038411617279052734,positive,10.0,10.0,0.7016600966453552,0.9398164749145508,0.07588576525449753,0.11767497658729553,95,69
0.0038869380950927734,positive,10.0,10.0,0.7204564213752747,1.1337738037109375,0.07823926210403442,-0.1501346081495285,95,70
0.003934621810913086,positive,10.0,10.0,0.7431319355964661,1.327693223953247,0.07523657381534576,-0.41714513301849365,95,71
0.0041656494140625,positive,10.0,10.0,0.8258209228515625,0.9336751699447632,0.07955916970968246,0.25356942415237427,95,75
0.004266977310180664,positive,10.0,10.0,0.8670459389686584,1.3213889598846436,0.08437062054872513,-0.27782341837882996,95,77
0.004311561584472656,positive,10.0,10.0,0.893473744392395,1.1251710653305054,0.07881415635347366,0.04023205488920212,95,78
0.004359245300292969,positive,10.0,10.0,0.9159771800041199,1.3190796375274658,0.07961879670619965,-0.2265803962945938,95,79
0.004464387893676758,positive,10.0,10.0,0.9726183414459229,1.7069658041000366,0.06522469967603683,-0.7612303495407104,95,81
0.004620790481567383,positive,10.0,10.0,1.0866913795471191,1.9000728130340576,0.0031606995034962893,-1.0075504779815674,95,84
0.004666328430175781,positive,10.0,10.0,1.1246927976608276,1.704908847808838,-0.016990309581160545,-0.7138766646385193,95,85
0.004709959030151367,positive,10.0,10.0,1.158790946006775,1.9002617597579956,-0.031267840415239334,-1.0118588209152222,95,86
0.004814863204956055,positive,10.0,10.0,1.230907678604126,1.5111970901489258,-0.06608814001083374,-0.45311808586120605,95,88
0.004920005798339844,positive,10.0,10.0,1.295275330543518,1.9032601118087769,-0.09046807885169983,-1.0812300443649292,95,90
0.005191326141357422,negative,10.0,-10.0,1.4780906438827515,1.7168972492218018,-0.1938282996416092,-0.9951133131980896,95,95
0.00025177001953125,positive,10.0,10.0,0.02265857718884945,-0.19570763409137726,-0.02274559810757637,0.332906574010849,96,1
0.0003066062927246094,positive,10.0,10.0,0.018744423985481262,-0.0002694477734621614,-0.016087466850876808,0.03313849866390228,96,2
0.0004799365997314453,positive,10.0,10.0,0.014839516952633858,-0.19481045007705688,-0.008546737022697926,0.31302186846733093,96,5
0.0006070137023925781,positive,10.0,10.0,0.010951952077448368,-0.1946568787097931,-0.001933182473294437,0.3096165657043457,96,7
0.0006608963012695312,positive,10.0,10.0,0.007058815099298954,-0.38975122570991516,0.004259148612618446,0.6016891598701477,96,8
0.0007812976837158203,positive,10.0,10.0,-0.01243485976010561,-0.3900352120399475,0.03420714661478996,0.6081933975219727,96,10
0.0008265972137451172,positive,10.0,10.0,-0.020235564559698105,-0.19540776312351227,0.046371012926101685,0.326477974653244,96,11
0.0008697509765625,positive,10.0,10.0,-0.024143720045685768,-0.0009756403742358088,0.05290057137608528,0.04877146705985069,96,12
0.0009131431579589844,positive,10.0,10.0,-0.024163231253623962,-0.1968146562576294,0.05387600138783455,0.3576645851135254,96,13
0.0009565353393554688,positive,10.0,10.0,-0.028099525719881058,-0.0024983868934214115,0.06102929264307022,0.08244496583938599,96,14
0.0011112689971923828,positive,10.0,10.0,-0.032203495502471924,-0.20031866431236267,0.07298221439123154,0.43554070591926575,96,17
0.0011553764343261719,positive,10.0,10.0,-0.036209870129823685,-0.006301661487668753,0.08169302344322205,0.16672763228416443,96,18
0.0014214515686035156,positive,10.0,10.0,-0.013671308755874634,0.18302495777606964,0.06856737285852432,0.0013404014753177762,96,23
0.001468658447265625,positive,10.0,10.0,-0.010010809637606144,-0.013009930960834026,0.06859418004751205,0.3148447871208191,96,24
0.0015702247619628906,positive,10.0,10.0,-0.014451778493821621,-0.015037260949611664,0.08745802193880081,0.3601582646369934,96,26
0.0017328262329101562,positive,10.0,10.0,-0.003730002325028181,0.5660025477409363,0.09328491240739822,-0.4258153438568115,96,29
0.0017790794372558594,positive,10.0,10.0,0.007590049412101507,0.7596879601478577,0.08476860821247101,-0.6876941919326782,96,30
0.0018851757049560547,positive,10.0,10.0,0.03405376896262169,0.3674427568912506,0.06362324208021164,-0.055371444672346115,96,32
0.0019304752349853516,positive,10.0,10.0,0.04140262305736542,0.17146897315979004,0.06251581758260727,0.25668707489967346,96,33
0.001975536346435547,positive,10.0,10.0,0.044832006096839905,-0.024487225338816643,0.06764955818653107,0.5684148669242859,96,34
0.0020754337310791016,positive,10.0,10.0,0.047734737396240234,0.3635357618331909,0.08497361838817596,0.03103489801287651,96,36
0.002122640609741211,positive,10.0,10.0,0.055005453526973724,0.5573428273200989,0.0855943113565445,-0.23367464542388916,96,37
0.002168416976928711,positive,10.0,10.0,0.06615231186151505,0.36110883951187134,0.08092082291841507,0.084732785820961,96,38
0.0022132396697998047,positive,10.0,10.0,0.07337448745965958,0.16492576897144318,0.08261547982692719,0.4018091857433319,96,39
0.0023174285888671875,positive,10.0,10.0,0.08384869247674942,0.5524991154670715,0.09337713569402695,-0.1264895498752594,96,41
0.002473592758178711,positive,10.0,10.0,0.11301982402801514,0.7435302138328552,0.093358613550663,-0.3299241364002228,96,44
0.002634286880493164,positive,10.0,10.0,0.15365445613861084,0.9347761869430542,0.08110532909631729,-0.5375896096229553,96,47
0.0027899742126464844,positive,10.0,10.0,0.19797343015670776,0.34655770659446716,0.0678141787648201,0.40626344084739685,96,50
0.0028340816497802734,positive,10.0,10.0,0.20490458607673645,0.540655791759491,0.07593944668769836,0.13570761680603027,96,51
0.002878427505493164,positive,10.0,10.0,0.21571770310401917,0.7346125245094299,0.07865360379219055,-0.13208426535129547,96,52
0.002947568893432617,positive,10.0,10.0,0.23040995001792908,0.9285248517990112,0.07601191848516464,-0.3989531695842743,96,53
0.0030667781829833984,positive,10.0,10.0,0.26362869143486023,0.5363836288452148,0.06636671721935272,0.2300412356853485,96,55
0.0031385421752929688,positive,10.0,10.0,0.2743563652038574,0.34037917852401733,0.07096754759550095,0.5428981781005859,96,56
0.00330352783203125,positive,10.0,10.0,0.30641865730285645,0.922069251537323,0.08744533360004425,-0.2563161253929138,96,59
0.0034613609313964844,positive,10.0,10.0,0.3655701279640198,1.113686203956604,0.067860446870327,-0.47189968824386597,96,62
0.0035064220428466797,positive,10.0,10.0,0.3878438472747803,0.917674720287323,0.05842245742678642,-0.15862350165843964,96,63
0.003607511520385742,positive,10.0,10.0,0.4206326901912689,0.525899350643158,0.05828804522752762,0.46149155497550964,96,65
0.0036513805389404297,positive,10.0,10.0,0.4311506748199463,0.7201511263847351,0.06751787662506104,0.18773570656776428,96,66
0.003867626190185547,positive,10.0,10.0,0.4886409640312195,1.1058435440063477,0.08523303270339966,-0.29882627725601196,96,70
0.003912687301635742,positive,10.0,10.0,0.5107578635215759,0.9096165895462036,0.07925650477409363,0.019473811611533165,96,71
0.00395655632019043,positive,10.0,10.0,0.5289501547813416,1.103517770767212,0.07964598387479782,-0.24718785285949707,96,72
0.004000663757324219,positive,10.0,10.0,0.5510205030441284,1.297417163848877,0.07470222562551498,-0.5137238502502441,96,73
0.004117727279663086,positive,10.0,10.0,0.5989953875541687,0.9053455591201782,0.060458406805992126,0.1138240396976471,96,75
0.004172801971435547,positive,10.0,10.0,0.617102324962616,0.7094117403030396,0.06273488700389862,0.4249517023563385,96,76
0.004218101501464844,positive,10.0,10.0,0.6312905550003052,0.9035915732383728,0.07123392075300217,0.1526869535446167,96,77
0.004377126693725586,positive,10.0,10.0,0.6815433502197266,1.0953562259674072,0.0875987783074379,-0.06658408045768738,96,80
0.004537343978881836,positive,10.0,10.0,0.758891224861145,1.2867738008499146,0.06776571273803711,-0.2780006527900696,96,83
0.004640817642211914,positive,10.0,10.0,0.8064417839050293,0.8947975039482117,0.06291095167398453,0.3469049036502838,96,85
0.004967212677001953,positive,10.0,10.0,0.9330013394355774,1.2778764963150024,0.08246227353811264,-0.08133818954229355,96,91
0.005013465881347656,positive,10.0,10.0,0.9585589170455933,1.4717254638671875,0.08083551377058029,-0.3469071388244629,96,92
0.005062103271484375,positive,10.0,10.0,0.9879934191703796,1.2755523920059204,0.07389736920595169,-0.029868541285395622,96,93
0.005171060562133789,positive,10.0,10.0,1.0428953170776367,1.6635457277297974,0.06733296811580658,-0.5670461058616638,96,95
0.00527501106262207,positive,10.0,10.0,1.1133193969726562,2.051976203918457,0.039236459881067276,-1.1123411655426025,96,97
0.005376577377319336,positive,10.0,10.0,1.191486120223999,2.0512466430664062,0.0008373886812478304,-1.0949031114578247,96,99
0.0055484771728515625,positive,10.0,10.0,1.3106637001037598,1.8569031953811646,-0.059123631566762924,-0.8203741312026978,96,102
0.005593538284301758,positive,10.0,10.0,1.3478018045425415,2.0527822971343994,-0.07553111761808395,-1.1310515403747559,96,103
0.005814075469970703,negative,10.0,-10.0,1.5277636051177979,2.058684825897217,-0.19279272854328156,-1.2796038389205933,96,107
0.00016427040100097656,positive,10.0,10.0,-0.041368309408426285,-0.031519196927547455,0.009946701116859913,-0.042205654084682465,97,0
0.00023603439331054688,positive,10.0,10.0,-0.04199869558215141,-0.22678235173225403,0.009102587588131428,0.2535988688468933,97,1
0.0004367828369140625,positive,10.0,10.0,-0.0595172643661499,-0.4225849509239197,0.030376454815268517,0.5614660382270813,97,4
0.0005540847778320312,positive,10.0,10.0,-0.07252700626850128,-0.423592209815979,0.04717589542269707,0.5840154886245728,97,6
0.0006093978881835938,positive,10.0,10.0,-0.08099885284900665,-0.22916178405284882,0.05885620415210724,0.30655887722969055,97,7
0.0008008480072021484,positive,10.0,10.0,-0.09089893102645874,-0.03678685799241066,0.07255667448043823,0.07418069988489151,97,10
0.0009047985076904297,positive,10.0,10.0,-0.08849018812179565,0.3512130081653595,0.0701451450586319,-0.4631952941417694,97,12
0.0009500980377197266,positive,10.0,10.0,-0.08146592974662781,0.15517349541187286,0.06088124215602875,-0.14925339818000793,97,13
0.0011742115020751953,positive,10.0,10.0,-0.08476024866104126,-0.23851512372493744,0.0745747983455658,0.5136517882347107,97,17
0.0012221336364746094,positive,10.0,10.0,-0.08953054994344711,-0.04451834410429001,0.0848478376865387,0.24537009000778198,97,18
0.0013840198516845703,positive,10.0,10.0,-0.08057453483343124,0.5367646217346191,0.08371826261281967,-0.5456720590591431,97,21
0.0015485286712646484,positive,10.0,10.0,-0.05233614519238472,0.3385678231716156,0.058314453810453415,-0.18330153822898865,97,24
0.0015947818756103516,positive,10.0,10.0,-0.045564789324998856,0.14266204833984375,0.05464842543005943,0.12719234824180603,97,25
0.001642465591430664,positive,10.0,10.0,-0.04271154850721359,-0.05319846421480179,0.05719226971268654,0.4366031587123871,97,26
0.0016925334930419922,positive,10.0,10.0,-0.043775517493486404,0.141069233417511,0.06592433154582977,0.16248342394828796,97,27
0.0017399787902832031,positive,10.0,10.0,-0.04095413163304329,0.33518853783607483,0.06917400658130646,-0.10869529098272324,97,28
0.0017864704132080078,positive,10.0,10.0,-0.03425036370754242,0.13914701342582703,0.06700009852647781,0.2049846649169922,97,29
0.001894235610961914,positive,10.0,10.0,-0.03260473906993866,0.13718673586845398,0.08146034181118011,0.24856984615325928,97,31
0.0019991397857666016,positive,10.0,10.0,-0.023239875212311745,0.524839460849762,0.08608478307723999,-0.28155773878097534,97,33
0.002045154571533203,positive,10.0,10.0,-0.012743084691464901,0.7186347842216492,0.08045363426208496,-0.5458965301513672,97,34
0.002331972122192383,positive,10.0,10.0,0.019905799999833107,0.1284596174955368,0.08880005031824112,0.4418710470199585,97,39
0.0025539398193359375,positive,10.0,10.0,0.05342288687825203,0.5129683613777161,0.09274784475564957,-0.018675951287150383,97,43
0.002660512924194336,positive,10.0,10.0,0.07781518250703812,0.9003374576568604,0.0867600217461586,-0.5428940057754517,97,45
0.0027077198028564453,positive,10.0,10.0,0.09582193195819855,0.7041102051734924,0.07590214163064957,-0.2241847813129425,97,46
0.0027539730072021484,positive,10.0,10.0,0.10990413278341293,0.8980699181556702,0.07141844183206558,-0.4919928312301636,97,47
0.0028641223907470703,positive,10.0,10.0,0.14190587401390076,0.8962062001228333,0.05802490562200546,-0.45032304525375366,97,49
0.002912282943725586,positive,10.0,10.0,0.1598300039768219,0.7003136873245239,0.04901844263076782,-0.13992898166179657,97,50
0.0030219554901123047,positive,10.0,10.0,0.1917302906513214,0.6989550590515137,0.03788479417562485,-0.10986495763063431,97,52
0.0030722618103027344,positive,10.0,10.0,0.20570938289165497,0.503311276435852,0.03568749502301216,0.1945255845785141,97,53
0.0031244754791259766,positive,10.0,10.0,0.21577560901641846,0.6979050636291504,0.03957800939679146,-0.0866893082857132,97,54
0.003177642822265625,positive,10.0,10.0,0.22973370552062988,0.5022388100624084,0.0378442220389843,0.21821314096450806,97,55
0.003300189971923828,positive,10.0,10.0,0.2459104210138321,0.11090704798698425,0.052660275250673294,0.8282683491706848,97,57
0.0033540725708007812,positive,10.0,10.0,0.24812856316566467,-0.08489381521940231,0.06922563910484314,1.1370375156402588,97,58
0.004030466079711914,positive,10.0,10.0,0.4285575747489929,1.0666738748550415,0.083985336124897,-0.1991395205259323,97,70
0.00413060188293457,positive,10.0,10.0,0.4751010537147522,1.0643445253372192,0.07071870565414429,-0.14740346372127533,97,72
0.004174947738647461,positive,10.0,10.0,0.49638792872428894,0.8682848811149597,0.06777063757181168,0.16672490537166595,97,73
0.004982709884643555,positive,10.0,10.0,0.7955942153930664,1.2391893863677979,0.0805550292134285,0.0075706979259848595,97,87
0.005147457122802734,positive,10.0,10.0,0.8737772703170776,1.430855631828308,0.07670066505670547,-0.209568589925766,97,90
0.0052030086517333984,positive,10.0,10.0,0.9023943543434143,1.2347255945205688,0.0725092887878418,0.10628949850797653,97,91
0.005247354507446289,positive,10.0,10.0,0.9270888566970825,1.4287375211715698,0.0746350809931755,-0.1626647412776947,97,92
0.005348920822143555,positive,10.0,10.0,0.9803162813186646,1.0365632772445679,0.07443375885486603,0.46691954135894775,97,94
0.0055654048919677734,positive,10.0,10.0,1.0787090063095093,1.0318831205368042,0.0914633572101593,0.571135401725769,97,98
0.005892515182495117,positive,10.0,10.0,1.2527999877929688,1.8030880689620972,0.09392118453979492,-0.3989318013191223,97,104
0.00607752799987793,positive,10.0,10.0,1.3570083379745483,1.6043447256088257,0.07752788811922073,-0.024502739310264587,97,107
0.006145477294921875,positive,10.0,10.0,1.3890951871871948,1.7982741594314575,0.07703783363103867,-0.29175278544425964,97,108
0.006193637847900391,positive,10.0,10.0,1.425060749053955,1.6021431684494019,0.07120277732610703,0.024197915568947792,97,109
0.006239414215087891,positive,10.0,10.0,1.4571036100387573,1.406076192855835,0.07168673723936081,0.33846914768218994,97,110
0.006283998489379883,positive,10.0,10.0,1.4852250814437866,1.6001087427139282,0.07845611870288849,0.06922570616006851,97,111
0.00639033317565918,positive,10.0,10.0,1.553107738494873,1.9879179000854492,0.07588645070791245,-0.46417614817619324,97,113
0.006435394287109375,positive,10.0,10.0,1.592866063117981,1.7918102741241455,0.0666029304265976,-0.14857199788093567,97,114
0.006479024887084961,positive,10.0,10.0,1.6287022829055786,1.5958008766174316,0.06363148987293243,0.16435694694519043,97,115
0.006522655487060547,positive,10.0,10.0,1.6606183052062988,1.3998284339904785,0.06691862642765045,0.4764156639575958,97,116
0.006571531295776367,positive,10.0,10.0,1.688614845275879,1.2038285732269287,0.07644694298505783,0.7894168496131897,97,117
0.00718998908996582,negative,10.0,-10.0,2.017698287963867,2.153582811355591,0.19743157923221588,-0.10800071805715561,97,128
0.0072400569915771484,negative,10.0,-10.0,2.060770034790039,2.3454084396362305,0.1952715665102005,-0.3324809968471527,97,129
0.007288694381713867,negative,10.0,-10.0,2.107678174972534,2.537292957305908,0.18862193822860718,-0.5577918291091919,97,130
0.007397651672363281,negative,10.0,-10.0,2.213010787963867,2.9216341972351074,0.16175368428230286,-1.0176358222961426,97,132
0.007445335388183594,negative,10.0,-10.0,2.2714436054229736,2.724768877029419,0.14140096306800842,-0.6788443326950073,97,133
0.007557868957519531,negative,10.0,-10.0,2.3764986991882324,2.7210893630981445,0.12092015147209167,-0.5949960947036743,97,135
0.0003941059112548828,positive,10.0,10.0,0.0012291461462154984,-0.15103313326835632,0.022946571931242943,0.2673661708831787,98,3
0.00044536590576171875,positive,10.0,10.0,-0.0017915164353325963,-0.34647491574287415,0.028293894603848457,0.5671973824501038,98,4
0.0006844997406005859,positive,10.0,10.0,-0.018704742193222046,-0.15296612679958344,0.05707859992980957,0.3104040026664734,98,7
0.0007524490356445312,positive,10.0,10.0,-0.021764064207673073,0.04129810631275177,0.0632866770029068,0.03625417873263359,98,8
0.0007987022399902344,positive,10.0,10.0,-0.020938102155923843,-0.15467160940170288,0.06401176005601883,0.34821414947509766,98,9
0.0009589195251464844,positive,10.0,10.0,-0.026373442262411118,0.037442442029714584,0.0803154781460762,0.1216171607375145,98,12
0.0010030269622802734,positive,10.0,10.0,-0.02562459371984005,0.2313273400068283,0.08274782449007034,-0.1446853131055832,98,13
0.0012655258178710938,positive,10.0,10.0,0.005086514633148909,0.03103955276310444,0.06155364215373993,0.26293113827705383,98,18
0.0013091564178466797,positive,10.0,10.0,0.005707305856049061,-0.16490453481674194,0.06681226193904877,0.5743759870529175,98,19
0.0014624595642089844,positive,10.0,10.0,0.007456501480191946,0.4169611632823944,0.085098497569561,-0.22844764590263367,98,22
0.0015063285827636719,positive,10.0,10.0,0.015795724466443062,0.6107704639434814,0.08052954077720642,-0.49312078952789307,98,23
0.0015501976013183594,positive,10.0,10.0,0.028011133894324303,0.41461053490638733,0.07066712528467178,-0.17618437111377716,98,24
0.0015938282012939453,positive,10.0,10.0,0.03630334511399269,0.2185521423816681,0.06714344024658203,0.1379280537366867,98,25
0.0016369819641113281,positive,10.0,10.0,0.04067438840866089,0.022535961121320724,0.06990200281143188,0.4510151743888855,98,26
0.0017900466918945312,positive,10.0,10.0,0.05366741865873337,0.604360044002533,0.08083309978246689,-0.3511602580547333,98,29
0.001890420913696289,positive,10.0,10.0,0.07391836494207382,0.6021773219108582,0.07312744110822678,-0.30263522267341614,98,31
0.002057313919067383,positive,10.0,10.0,0.09828531742095947,0.4041789770126343,0.07382350414991379,0.054536666721105576,98,34
0.002227306365966797,positive,10.0,10.0,0.1341751664876938,0.5961003303527832,0.0609925240278244,-0.16803202033042908,98,37
0.002272367477416992,positive,10.0,10.0,0.14609716832637787,0.4001607596874237,0.05763188377022743,0.14325149357318878,98,38
0.0023164749145507812,positive,10.0,10.0,0.15410038828849792,0.20426282286643982,0.06049691513180733,0.4535449147224426,98,39
0.002370595932006836,positive,10.0,10.0,0.15818564593791962,0.3984794616699219,0.06956781446933746,0.1805281639099121,98,40
0.002424955368041992,positive,10.0,10.0,0.16615523397922516,0.20243453979492188,0.07317837327718735,0.49432066082954407,98,41
0.0024690628051757812,positive,10.0,10.0,0.17020392417907715,0.39645230770111084,0.08306478708982468,0.22556817531585693,98,42
0.002515554428100586,positive,10.0,10.0,0.17813296616077423,0.5902949571609497,0.08757615089416504,-0.03980027511715889,98,43
0.0026183128356933594,positive,10.0,10.0,0.1978195309638977,0.5878171324729919,0.09236371517181396,0.015077883377671242,98,45
0.0026640892028808594,positive,10.0,10.0,0.20957587659358978,0.7815014123916626,0.09266526997089386,-0.24709387123584747,98,46
0.0027086734771728516,positive,10.0,10.0,0.2252059131860733,0.9751861691474915,0.08772339671850204,-0.5091699361801147,98,47
0.0027532577514648438,positive,10.0,10.0,0.24470962584018707,0.7789449691772461,0.07753999531269073,-0.1901823729276657,98,48
0.0028541088104248047,positive,10.0,10.0,0.27974608540534973,0.7767941951751709,0.06458770483732224,-0.14244863390922546,98,50
0.002956390380859375,positive,10.0,10.0,0.3068981468677521,0.3848607838153839,0.06513654440641403,0.48139384388923645,98,52
0.003125429153442383,positive,10.0,10.0,0.341635137796402,0.9668896794319153,0.0777977779507637,-0.32502490282058716,98,55
0.0031740665435791016,positive,10.0,10.0,0.36097294092178345,0.7707511782646179,0.07129728049039841,-0.008857582695782185,98,56
0.003224611282348633,positive,10.0,10.0,0.37638795375823975,0.5746829509735107,0.07112012803554535,0.30544114112854004,98,57
0.0032727718353271484,positive,10.0,10.0,0.38788163661956787,0.76872318983078,0.07722894847393036,0.03600835055112839,98,58
0.003319263458251953,positive,10.0,10.0,0.4032560884952545,0.9626575708389282,0.07794911414384842,-0.23134341835975647,98,59
0.0034279823303222656,positive,10.0,10.0,0.4456409215927124,0.960509181022644,0.06335312128067017,-0.18359652161598206,98,61
0.0034749507904052734,positive,10.0,10.0,0.46485111117362976,0.7645406723022461,0.05968119576573372,0.1283799409866333,98,62
0.003652811050415039,positive,10.0,10.0,0.5067703723907471,0.9568420648574829,0.0743713527917862,-0.10260550677776337,98,65
0.0037050247192382812,positive,10.0,10.0,0.5259072184562683,1.150823712348938,0.07231923937797546,-0.37092867493629456,98,66
0.0037560462951660156,positive,10.0,10.0,0.548923671245575,0.9547528624534607,0.06490066647529602,-0.056347768753767014,98,67
0.003808259963989258,positive,10.0,10.0,0.5680187344551086,0.7587632536888123,0.06377371400594711,0.2560850977897644,98,68
0.0038607120513916016,positive,10.0,10.0,0.5831940174102783,0.5627914667129517,0.06889541447162628,0.5681819319725037,98,69
0.003912210464477539,positive,10.0,10.0,0.5944498181343079,0.756882905960083,0.0802590548992157,0.29797476530075073,98,70
0.004043102264404297,positive,10.0,10.0,0.6286029815673828,1.1445610523223877,0.08685143291950226,-0.23263877630233765,98,72
0.004087924957275391,positive,10.0,10.0,0.6514942049980164,1.338341474533081,0.08219865709543228,-0.49671173095703125,98,73
0.004134178161621094,positive,10.0,10.0,0.6782610416412354,1.142162561416626,0.0722644254565239,-0.17929765582084656,98,74
0.004179954528808594,positive,10.0,10.0,0.7011042833328247,1.3361799716949463,0.06867846846580505,-0.44833698868751526,98,75
0.004282474517822266,positive,10.0,10.0,0.7584332227706909,1.7245137691497803,0.04533962905406952,-0.9919115900993347,98,77
0.004388093948364258,positive,10.0,10.0,0.8313034772872925,2.113787889480591,0.00010106170520884916,-1.5546060800552368,98,79
0.004435062408447266,positive,10.0,10.0,0.8735792636871338,1.9186646938323975,-0.03099106065928936,-1.2618916034698486,98,80
0.0045375823974609375,positive,10.0,10.0,0.9542359113693237,1.9197624921798706,-0.08751123398542404,-1.2894909381866455,98,82
0.004700422286987305,negative,10.0,-10.0,1.0577964782714844,1.7290946245193481,-0.14921724796295166,-1.1019827127456665,98,85
0.00027179718017578125,positive,10.0,10.0,0.012884094379842281,-0.1504223644733429,-0.0385732427239418,0.2855840027332306,99,1
0.0005156993865966797,positive,10.0,10.0,-0.006896237377077341,-0.1488674134016037,-0.005308072082698345,0.2510456442832947,99,5
0.0007016658782958984,positive,10.0,10.0,-0.019727591425180435,-0.34405824542045593,0.015539356507360935,0.545269250869751,99,8
0.0008304119110107422,positive,10.0,10.0,-0.029591917991638184,-0.3446473777294159,0.03159519284963608,0.5584279298782349,99,10
0.0010535717010498047,positive,10.0,10.0,-0.04942377284169197,-0.34719693660736084,0.06600811332464218,0.6155920028686523,99,14
0.001100778579711914,positive,10.0,10.0,-0.05636771395802498,-0.543175995349884,0.07831995189189911,0.9283127188682556,99,15
0.0018360614776611328,positive,10.0,10.0,0.002892253454774618,0.4131731688976288,0.06841890513896942,-0.11284718662500381,99,28
0.0019941329956054688,positive,10.0,10.0,0.015921300277113914,-0.17489831149578094,0.08044243603944778,0.8273562788963318,99,31
0.002460479736328125,negative,10.0,-10.0,0.041743017733097076,0.20261897146701813,0.14917786419391632,0.52599036693573,99,39
0.0025701522827148438,negative,10.0,-10.0,0.05370263010263443,0.5878883600234985,0.16537334024906158,0.04541969299316406,99,41
0.002741098403930664,negative,10.0,-10.0,0.10052043199539185,1.1651945114135742,0.15392805635929108,-0.6642040610313416,99,44
0.0027887821197509766,negative,10.0,-10.0,0.12382432818412781,0.9683043956756592,0.14064398407936096,-0.32728439569473267,99,45
0.0035288333892822266,positive,10.0,10.0,0.3694477379322052,1.337971568107605,0.0916004553437233,-0.4575110375881195,99,57
0.003634214401245117,positive,10.0,10.0,0.41904082894325256,1.335532307624817,0.07970186322927475,-0.4029928743839264,99,59
0.0036797523498535156,positive,10.0,10.0,0.44575145840644836,1.5294387340545654,0.07164201140403748,-0.6695216298103333,99,60
0.003840208053588867,positive,10.0,10.0,0.533561110496521,1.7220172882080078,0.038569580763578415,-0.905076265335083,99,63
0.0038864612579345703,positive,10.0,10.0,0.5680014491081238,1.5263948440551758,0.020468054339289665,-0.6005241870880127,99,64
0.003932952880859375,positive,10.0,10.0,0.5985293388366699,1.7212245464324951,0.00845757033675909,-0.8866903781890869,99,65
0.004094600677490234,positive,10.0,10.0,0.7057030200958252,1.916782021522522,-0.05054913088679314,-1.1897560358047485,99,68
0.004141092300415039,positive,10.0,10.0,0.7440387010574341,2.1125214099884033,-0.07434424757957458,-1.4978450536727905,99,69
0.0044171810150146484,negative,10.0,-10.0,0.889782726764679,1.3387689590454102,-0.16273514926433563,-0.47885358333587646,99,73
0.004465579986572266,negative,10.0,-10.0,0.9165580868721008,1.5357691049575806,-0.17231222987174988,-0.8180829286575317,99,74
0.0003352165222167969,positive,10.0,10.0,0.036742985248565674,-0.37264618277549744,0.024657607078552246,0.6100646257400513,100,2
0.0004506111145019531,positive,10.0,10.0,0.025732513517141342,0.01670086942613125,0.04336387664079666,0.044413771480321884,100,4
0.0004999637603759766,positive,10.0,10.0,0.026066532358527184,-0.17901520431041718,0.04425215348601341,0.3504568934440613,100,5
0.0006225109100341797,positive,10.0,10.0,0.022795235738158226,0.20980139076709747,0.05270228907465935,-0.204029381275177,100,7
0.0006763935089111328,positive,10.0,10.0,0.026991263031959534,0.013966908678412437,0.04862170293927193,0.10480177402496338,100,8
0.0007283687591552734,positive,10.0,10.0,0.02727060206234455,0.20835956931114197,0.05071773752570152,-0.17215347290039062,100,9
0.0009424686431884766,positive,10.0,10.0,0.028247740119695663,-0.1847490817308426,0.06219828128814697,0.4774457514286041,100,13
0.0010433197021484375,positive,10.0,10.0,0.024741599336266518,0.20346857607364655,0.07584713399410248,-0.06421863287687302,100,15
0.0012004375457763672,positive,10.0,10.0,0.0407860092818737,0.005299094598740339,0.06758581101894379,0.2965092658996582,100,18
0.0013005733489990234,positive,10.0,10.0,0.04487990587949753,0.39339062571525574,0.07403368502855301,-0.24272798001766205,100,20
0.0013446807861328125,positive,10.0,10.0,0.05274771898984909,0.5873813033103943,0.06917912513017654,-0.5111708641052246,100,21
0.0015528202056884766,positive,10.0,10.0,0.07622288912534714,0.19384364783763885,0.06572247296571732,0.14859171211719513,100,25
0.0016546249389648438,positive,10.0,10.0,0.08005666732788086,-0.19817706942558289,0.07791957259178162,0.7747833132743835,100,27
0.001699686050415039,positive,10.0,10.0,0.07609312236309052,-0.004208496771752834,0.09341523796319962,0.5075984597206116,100,28
0.0019690990447998047,positive,10.0,10.0,0.11438259482383728,0.573413074016571,0.09233243763446808,-0.20257364213466644,100,33
0.002393484115600586,positive,10.0,10.0,0.19767645001411438,0.5645683407783508,0.08600082248449326,-0.006592140533030033,100,41
0.002549886703491211,positive,10.0,10.0,0.243178129196167,0.7560011744499207,0.06974274665117264,-0.2184532731771469,100,44
0.002597808837890625,positive,10.0,10.0,0.2582981586456299,0.5599551200866699,0.06537368148565292,0.09538861364126205,100,45
0.0026459693908691406,positive,10.0,10.0,0.26949724555015564,0.3639600872993469,0.06728145480155945,0.40795937180519104,100,46
0.0028998851776123047,positive,10.0,10.0,0.3218974471092224,0.749843418598175,0.06761506199836731,-0.08224638551473618,100,50
0.003808259963989258,positive,10.0,10.0,0.555807888507843,1.314361810684204,0.08606922626495361,-0.5024072527885437,100,65
0.00385284423828125,positive,10.0,10.0,0.5820950865745544,1.1181389093399048,0.07602108269929886,-0.183889240026474,100,66
0.003898143768310547,positive,10.0,10.0,0.6044578552246094,1.3120954036712646,0.07234329730272293,-0.4516550898551941,100,67
0.003999948501586914,positive,10.0,10.0,0.6530203819274902,0.9200599789619446,0.060568708926439285,0.17489103972911835,100,69
0.004376411437988281,positive,10.0,10.0,0.7931212782859802,1.1080653667449951,0.07662330567836761,0.038994885981082916,100,76
0.004421234130859375,positive,10.0,10.0,0.8152825832366943,1.3020097017288208,0.07740320265293121,-0.22856278717517853,100,77
0.004521846771240234,positive,10.0,10.0,0.863440215587616,1.2998783588409424,0.07458188384771347,-0.18134768307209015,100,79
0.004732370376586914,positive,10.0,10.0,0.9517017602920532,1.295566201210022,0.08618492633104324,-0.08602362126111984,100,83
0.0050504207611083984,positive,10.0,10.0,1.1028974056243896,1.677922248840332,0.08992242813110352,-0.4993531405925751,100,89
0.005094051361083984,positive,10.0,10.0,1.1364558935165405,1.4816553592681885,0.07993536442518234,-0.17974057793617249,100,90
0.0051386356353759766,positive,10.0,10.0,1.1660889387130737,1.6755478382110596,0.07634055614471436,-0.44617465138435364,100,91
0.0051822662353515625,positive,10.0,10.0,1.1995998620986938,1.479433536529541,0.06741706281900406,-0.1304377168416977,100,92
0.0057032108306884766,negative,10.0,-10.0,1.4104814529418945,1.2724663019180298,0.14355790615081787,0.42800256609916687,100,101
0.005805492401123047,negative,10.0,-10.0,1.4652366638183594,1.6579495668411255,0.1557939052581787,-0.057298239320516586,100,103
0.005849123001098633,negative,10.0,-10.0,1.4983956813812256,1.8505343198776245,0.15464793145656586,-0.29705846309661865,100,104
0.006006002426147461,negative,10.0,-10.0,1.605404019355774,1.6493874788284302,0.1454654335975647,0.1336679905653,100,107
0.006052970886230469,negative,10.0,-10.0,1.6383917331695557,1.8421586751937866,0.14813879132270813,-0.10981876403093338,100,108
0.00615692138671875,negative,10.0,-10.0,1.7081401348114014,1.8380261659622192,0.15045621991157532,-0.01763237453997135,100,110
0.006262540817260742,negative,10.0,-10.0,1.7855147123336792,2.2234020233154297,0.14491717517375946,-0.5011485815048218,100,112
0.006307363510131836,negative,10.0,-10.0,1.8299827575683594,2.026566505432129,0.1348942071199417,-0.166533425450325,100,113
0.006409645080566406,negative,10.0,-10.0,1.9149045944213867,2.022808074951172,0.12328746169805527,-0.08270955085754395,100,115
0.006455659866333008,negative,10.0,-10.0,1.955360770225525,1.826154351234436,0.12163326889276505,0.24618689715862274,100,116
0.0065572261810302734,negative,10.0,-10.0,2.032270908355713,2.212449312210083,0.12644119560718536,-0.2560173571109772,100,118
0.0066013336181640625,negative,10.0,-10.0,2.076519727706909,2.015770196914673,0.12132084369659424,0.07372092455625534,100,119
0.0066454410552978516,negative,10.0,-10.0,2.116835117340088,2.2089626789093018,0.12279526144266129,-0.1783571094274521,100,120
0.006689786911010742,negative,10.0,-10.0,2.1610145568847656,2.012317180633545,0.11922812461853027,0.1504015028476715,100,121
0.006732940673828125,negative,10.0,-10.0,2.201260805130005,2.20554780960083,0.12223615497350693,-0.10241691768169403,100,122
0.00677800178527832,negative,10.0,-10.0,2.2453718185424805,2.3987252712249756,0.12018781155347824,-0.354172945022583,100,123
0.006952762603759766,negative,10.0,-10.0,2.3852977752685547,2.198918581008911,0.10695949196815491,0.04485766962170601,100,126
0.000171661376953125,positive,10.0,10.0,0.010145620442926884,0.012333838269114494,-0.0133571932092309,-0.03582513704895973,101,0
0.0002455711364746094,positive,10.0,10.0,0.010392297059297562,-0.18259404599666595,-0.014073695987462997,0.25261369347572327,101,1
0.00043702125549316406,positive,10.0,10.0,-0.004455121234059334,-0.37741219997406006,0.006701323669403791,0.5385614037513733,101,4
0.0005540847778320312,positive,10.0,10.0,-0.015651067718863487,-0.3777521550655365,0.02243250049650669,0.5461400151252747,101,6
0.0006082057952880859,positive,10.0,10.0,-0.023206111043691635,-0.18295246362686157,0.03335529938340187,0.26060858368873596,101,7
0.0006613731384277344,positive,10.0,10.0,-0.02686516009271145,-0.3785342872142792,0.038567472249269485,0.563622772693634,101,8
0.0007231235504150391,positive,10.0,10.0,-0.03443584591150284,-0.18397413194179535,0.04983992874622345,0.2833355665206909,101,9
0.0010056495666503906,positive,10.0,10.0,-0.04518302157521248,0.007039560470730066,0.06987525522708893,0.08115462958812714,101,14
0.0011157989501953125,positive,10.0,10.0,-0.048822447657585144,0.005027601029723883,0.07939913123846054,0.1257277876138687,101,16
0.001165628433227539,positive,10.0,10.0,-0.04872189462184906,0.1989275962114334,0.08191368728876114,-0.1408870667219162,101,17
0.0012137889862060547,positive,10.0,10.0,-0.04474334046244621,0.3927866518497467,0.07909595221281052,-0.40664491057395935,101,18
0.0012617111206054688,positive,10.0,10.0,-0.03688760846853256,0.19663743674755096,0.0709630474448204,-0.09011098742485046,101,19
0.0013103485107421875,positive,10.0,10.0,-0.0329548604786396,0.0005738616455346346,0.0691608339548111,0.22408980131149292,101,20
0.001420736312866211,positive,10.0,10.0,-0.03685268014669418,-0.0014513779897242785,0.08439786732196808,0.2691619098186493,101,22
0.0014705657958984375,positive,10.0,10.0,-0.0368817076086998,0.19237110018730164,0.08978110551834106,0.00424653897061944,101,23
0.0015213489532470703,positive,10.0,10.0,-0.03303428739309311,0.3860984146595001,0.0898660346865654,-0.25881385803222656,101,24
0.0016393661499023438,positive,10.0,10.0,-0.013715715147554874,0.3836246430873871,0.07425268739461899,-0.20373126864433289,101,26
0.0018198490142822266,positive,10.0,10.0,0.013140411116182804,0.18563462793827057,0.05757314711809158,0.1530608981847763,101,29
0.0018641948699951172,positive,10.0,10.0,0.016853103414177895,-0.010262411087751389,0.060634367167949677,0.4633367359638214,101,30
0.0019085407257080078,positive,10.0,10.0,0.016647856682538986,0.18395259976387024,0.06990110129117966,0.19036518037319183,101,31
0.002070188522338867,positive,10.0,10.0,0.023723261430859566,-0.01429910957813263,0.08850709348917007,0.5535734295845032,101,34
0.002398252487182617,positive,10.0,10.0,0.07228897511959076,0.7572734951972961,0.08850566297769547,-0.4243159294128418,101,40
0.0025529861450195312,positive,10.0,10.0,0.11375290155410767,0.558768630027771,0.07048743963241577,-0.055300984531641006,101,43
0.002654552459716797,positive,10.0,10.0,0.13218247890472412,0.16667015850543976,0.07455666363239288,0.5724968314170837,101,45
0.0027573108673095703,positive,10.0,10.0,0.14272932708263397,0.5544695854187012,0.09209063649177551,0.03983481228351593,101,47
0.002814769744873047,positive,10.0,10.0,0.15381871163845062,0.7481585144996643,0.09288733452558517,-0.22243116796016693,101,48
0.0028641223907470703,positive,10.0,10.0,0.16878189146518707,0.9418385624885559,0.08843871206045151,-0.48442915081977844,101,49
0.0029115676879882812,positive,10.0,10.0,0.1876186579465866,0.7455871105194092,0.0787501260638237,-0.16523537039756775,101,50
0.0029587745666503906,positive,10.0,10.0,0.2025303989648819,0.9394986033439636,0.07544542104005814,-0.43207255005836487,101,51
0.0031800270080566406,positive,10.0,10.0,0.2541638910770416,0.545494556427002,0.078574039041996,0.23833228647708893,101,55
0.0033426284790039062,positive,10.0,10.0,0.2985268831253052,0.7370467185974121,0.07689259201288223,0.023760288953781128,101,58
0.0033884048461914062,positive,10.0,10.0,0.3132678270339966,0.9309865832328796,0.07736779749393463,-0.24370574951171875,101,59
0.0034332275390625,positive,10.0,10.0,0.3318875730037689,1.1249231100082397,0.07249368727207184,-0.511016845703125,101,60
0.003476858139038086,positive,10.0,10.0,0.35438603162765503,0.9288588166236877,0.06227334588766098,-0.19639843702316284,101,61
0.0035233497619628906,positive,10.0,10.0,0.37296319007873535,0.7329039573669434,0.05834537744522095,0.11526064574718475,101,62
0.003568410873413086,positive,10.0,10.0,0.38762128353118896,0.9271435141563416,0.06065059080719948,-0.15845905244350433,101,63
0.0036704540252685547,positive,10.0,10.0,0.42078831791877747,0.5353121161460876,0.060535892844200134,0.46297287940979004,101,65
0.0037145614624023438,positive,10.0,10.0,0.4314945638179779,0.33938923478126526,0.06979534775018692,0.7741055488586426,101,66
0.003757953643798828,positive,10.0,10.0,0.4382823407649994,0.5334851741790771,0.08527746051549911,0.5041736960411072,101,67
0.0040302276611328125,positive,10.0,10.0,0.5303685665130615,1.111760139465332,0.08328308165073395,-0.21994487941265106,101,72
0.004134654998779297,positive,10.0,10.0,0.5787158012390137,1.1094576120376587,0.06917940825223923,-0.16877342760562897,101,74
0.004236936569213867,positive,10.0,10.0,0.6191732883453369,0.7174175977706909,0.06870207190513611,0.4576019048690796,101,76
0.004281520843505859,positive,10.0,10.0,0.6335216164588928,0.9115044474601746,0.07785411179065704,0.18734093010425568,101,77
0.004441261291503906,positive,10.0,10.0,0.6998462080955505,1.10313081741333,0.07309158891439438,-0.028864724561572075,101,80
0.0046041011810302734,positive,10.0,10.0,0.7542689442634583,0.5148395895957947,0.09024534374475479,0.9168615341186523,101,83
0.005633831024169922,negative,10.0,-10.0,1.1663413047790527,1.8481078147888184,0.14692659676074982,-0.4211965501308441,101,100
0.006360530853271484,positive,10.0,10.0,1.6518361568450928,2.0212392807006836,0.08865316212177277,-0.22491341829299927,101,113
0.006406068801879883,positive,10.0,10.0,1.6922608613967896,2.21498966217041,0.0841548964381218,-0.48836782574653625,101,114
0.00645136833190918,positive,10.0,10.0,1.7365607023239136,2.018787384033203,0.07438753545284271,-0.17039375007152557,101,115
0.006495952606201172,positive,10.0,10.0,1.776936411857605,1.8226839303970337,0.07097966223955154,0.14479778707027435,101,116
0.006539583206176758,positive,10.0,10.0,1.8133901357650757,2.016721487045288,0.07387562096118927,-0.12467502057552338,101,117
0.006642580032348633,positive,10.0,10.0,1.8901370763778687,2.014655113220215,0.0751895159482956,-0.07896848767995834,101,119
0.006823539733886719,negative,10.0,-10.0,1.9992499351501465,1.4263184070587158,0.08936771750450134,0.8677216172218323,101,122
0.006930351257324219,negative,10.0,-10.0,2.0523784160614014,1.4236901998519897,0.1304643750190735,0.9296973347663879,101,124
0.006976604461669922,negative,10.0,-10.0,2.0808520317077637,1.2270715236663818,0.14905832707881927,1.260366678237915,101,125
0.007079601287841797,negative,10.0,-10.0,2.1260013580322266,1.2230708599090576,0.20618119835853577,1.3621100187301636,101,127
0.00021767616271972656,positive,10.0,10.0,-0.004575459752231836,-0.01896572671830654,0.03424375131726265,0.037760693579912186,102,0
0.000331878662109375,positive,10.0,10.0,-0.004954774398356676,-0.2145615816116333,0.03499896451830864,0.34104815125465393,102,1
0.000415802001953125,positive,10.0,10.0,-0.009246005676686764,-0.410163551568985,0.04181992635130882,0.6445590257644653,102,2
0.0005025863647460938,positive,10.0,10.0,-0.01744927652180195,-0.6058425903320312,0.05471110716462135,0.9501124620437622,102,3
0.0010442733764648438,positive,10.0,10.0,-0.028605911880731583,0.360944539308548,0.08710075169801712,-0.3210469186306,102,10
0.001092672348022461,positive,10.0,10.0,-0.021387020125985146,0.16469715535640717,0.08067981898784637,-0.0022165027912706137,102,11
0.0012772083282470703,positive,10.0,10.0,-0.015474695712327957,0.3561774790287018,0.08790308237075806,-0.215450718998909,102,14
0.0013277530670166016,positive,10.0,10.0,-0.00835114624351263,0.1599160134792328,0.08359406888484955,0.10361508280038834,102,15
0.001430511474609375,positive,10.0,10.0,0.0019221073016524315,0.5475444197654724,0.08243501931428909,-0.4260430634021759,102,17
0.0015902519226074219,positive,10.0,10.0,0.03080707974731922,0.7393802404403687,0.0642024502158165,-0.6462591290473938,102,20
0.0017020702362060547,positive,10.0,10.0,0.05646318942308426,0.3476124107837677,0.0445958711206913,-0.025667553767561913,102,22
0.0019676685333251953,positive,10.0,10.0,0.07548211514949799,0.1487218588590622,0.06839865446090698,0.3509199321269989,102,27
0.002012014389038086,positive,10.0,10.0,0.07845655083656311,0.342807799577713,0.07541705667972565,0.08056527376174927,102,28
0.002223491668701172,positive,10.0,10.0,0.1213550940155983,0.7287817001342773,0.06138429045677185,-0.4117378890514374,102,32
0.0022678375244140625,positive,10.0,10.0,0.13593073189258575,0.5328457355499268,0.05314953252673149,-0.10035180300474167,102,33
0.00231170654296875,positive,10.0,10.0,0.14658764004707336,0.3370039165019989,0.05114249885082245,0.20861467719078064,102,34
0.0024123191833496094,positive,10.0,10.0,0.15615150332450867,0.3354906439781189,0.06565442681312561,0.24222992360591888,102,36
0.0025267601013183594,positive,10.0,10.0,0.16565123200416565,0.3335602283477783,0.08159658312797546,0.28521332144737244,102,38
0.0027327537536621094,positive,10.0,10.0,0.19729498028755188,0.9149650931358337,0.08279620856046677,-0.5083590745925903,102,41
0.0027773380279541016,positive,10.0,10.0,0.21559427678585052,0.7187801599502563,0.07262902706861496,-0.19077548384666443,102,42
0.0028781890869140625,positive,10.0,10.0,0.24822571873664856,0.7167682647705078,0.05961968004703522,-0.14613692462444305,102,44
0.0029222965240478516,positive,10.0,10.0,0.2625610828399658,0.5208454728126526,0.05669694393873215,0.16474296152591705,102,45
0.0029659271240234375,positive,10.0,10.0,0.2729780077934265,0.3249596655368805,0.059991803020238876,0.4747594892978668,102,46
0.003009319305419922,positive,10.0,10.0,0.27947720885276794,0.5191854238510132,0.06948699057102203,0.2015720009803772,102,47
0.0031654834747314453,positive,10.0,10.0,0.30666685104370117,0.7109867930412292,0.08875924348831177,-0.01840924471616745,102,50
0.003213644027709961,positive,10.0,10.0,0.3208865821361542,0.9047310948371887,0.08839105814695358,-0.28182074427604675,102,51
0.003371000289916992,positive,10.0,10.0,0.3789971172809601,1.0963326692581177,0.06729122996330261,-0.49698445200920105,102,54
0.003595590591430664,positive,10.0,10.0,0.4431908428668976,0.7028709650039673,0.06490976363420486,0.16100431978702545,102,58
0.003846883773803711,positive,10.0,10.0,0.5149121284484863,0.6991890668869019,0.05693588778376579,0.242259681224823,102,62
0.0039708614349365234,positive,10.0,10.0,0.5467649698257446,0.6975024938583374,0.061142388731241226,0.279583215713501,102,64
0.004038095474243164,positive,10.0,10.0,0.5607150197029114,0.5015640258789062,0.06673405319452286,0.5909063220024109,102,65
0.0047149658203125,positive,10.0,10.0,0.7884553074836731,1.2642031908035278,0.08633293956518173,-0.18802744150161743,102,77
0.004759788513183594,positive,10.0,10.0,0.8137393593788147,1.4579906463623047,0.08257238566875458,-0.45227572321891785,102,78
0.00486302375793457,positive,10.0,10.0,0.8681352734565735,1.45579993724823,0.07083187997341156,-0.40335994958877563,102,80
0.005033016204833984,positive,10.0,10.0,0.9593265652656555,1.648301601409912,0.04208409786224365,-0.6378688216209412,102,83
0.0050809383392333984,positive,10.0,10.0,0.992292582988739,1.452618956565857,0.029326720163226128,-0.3322354853153229,102,84
0.0051271915435791016,positive,10.0,10.0,1.0213449001312256,1.6473114490509033,0.022682011127471924,-0.615527868270874,102,85
0.0053577423095703125,positive,10.0,10.0,1.1531070470809937,1.6472318172454834,-0.026045162230730057,-0.6136377453804016,102,89
0.005584239959716797,positive,10.0,10.0,1.2927480936050415,1.649864912033081,-0.08816570043563843,-0.6738366484642029,102,93
0.005757331848144531,negative,10.0,-10.0,1.4035155773162842,2.2388501167297363,-0.14781537652015686,-1.6438311338424683,102,96
0.0004923343658447266,positive,10.0,10.0,-0.0009625650127418339,-0.43580204248428345,0.026799822226166725,0.5841905474662781,103,2
0.0005810260772705078,positive,10.0,10.0,-0.009678605943918228,-0.24106557667255402,0.0384836345911026,0.3000689446926117,103,3
0.0009844303131103516,positive,10.0,10.0,-0.021230805665254593,-0.24360816180706024,0.05236225947737694,0.3563961684703827,103,7
0.0011718273162841797,positive,10.0,10.0,-0.027088332921266556,-0.2451903223991394,0.06110364943742752,0.3915163278579712,103,9
0.0012660026550292969,positive,10.0,10.0,-0.03199214115738869,-0.05098636448383331,0.06893397867679596,0.1187073290348053,103,10
0.001971721649169922,positive,10.0,10.0,-0.027857232838869095,0.13649703562259674,0.0775437131524086,-0.005777126643806696,103,17
0.0023636817932128906,positive,10.0,10.0,-0.0014653705293312669,0.13236670196056366,0.05664443224668503,0.08547994494438171,103,21
0.00244903564453125,positive,10.0,10.0,0.001181963598355651,-0.06351952999830246,0.058354031294584274,0.39548259973526,103,22
0.0025310516357421875,positive,10.0,10.0,-8.842694660415873e-05,0.13072799146175385,0.06626368314027786,0.12175361067056656,103,23
0.0027189254760742188,positive,10.0,10.0,0.0012205798411741853,0.1288078874349594,0.07739043980836868,0.164324089884758,103,25
0.0030069351196289062,positive,10.0,10.0,0.020583974197506905,0.32047438621520996,0.0712343156337738,-0.0527547262609005,103,28
0.0031921863555908203,positive,10.0,10.0,0.02948160469532013,-0.07164275646209717,0.07540973275899887,0.5754922032356262,103,30
0.003274202346801758,positive,10.0,10.0,0.028048750013113022,0.12234558165073395,0.08691957592964172,0.30748608708381653,103,31
0.0033566951751708984,positive,10.0,10.0,0.030495660379529,0.3161284029483795,0.09306930005550385,0.04343138635158539,103,32
0.0034444332122802734,positive,10.0,10.0,0.03681822866201401,0.5098010897636414,0.09393792599439621,-0.21849745512008667,103,33
0.0035288333892822266,positive,10.0,10.0,0.047014251351356506,0.7034634351730347,0.08956797420978546,-0.480133056640625,103,34
0.0037221908569335938,positive,10.0,10.0,0.07122749835252762,0.7010903358459473,0.07675294578075409,-0.42704159021377563,103,36
0.003805875778198242,positive,10.0,10.0,0.08524930477142334,0.5049699544906616,0.0682121142745018,-0.11118389666080475,103,37
0.003992795944213867,positive,10.0,10.0,0.10152750462293625,0.11293963342905045,0.0700327530503273,0.5149632096290588,103,39
0.004075288772583008,positive,10.0,10.0,0.10378629714250565,0.3070090711116791,0.08033201843500137,0.24514545500278473,103,40
0.004469633102416992,positive,10.0,10.0,0.14380796253681183,0.6923811435699463,0.07974433898925781,-0.23431217670440674,103,44
0.004552602767944336,positive,10.0,10.0,0.15765559673309326,0.886278510093689,0.07505809515714645,-0.5008139610290527,103,45
0.004635810852050781,positive,10.0,10.0,0.1753811538219452,0.690183162689209,0.06504181772470474,-0.18545278906822205,103,46
0.004718303680419922,positive,10.0,10.0,0.18918482959270477,0.49419382214546204,0.061332762241363525,0.12701843678951263,103,47
0.00480961799621582,positive,10.0,10.0,0.19906869530677795,0.2982493042945862,0.06387312710285187,0.43840309977531433,103,48
0.004893064498901367,positive,10.0,10.0,0.20503368973731995,0.4924117922782898,0.07264119386672974,0.1665191948413849,103,49
0.0054988861083984375,positive,10.0,10.0,0.3067275583744049,0.8769605755805969,0.03521012142300606,-0.2938762605190277,103,55
0.005895137786865234,positive,10.0,10.0,0.35341623425483704,0.4848993420600891,0.048023197799921036,0.33212825655937195,103,59
0.005978584289550781,positive,10.0,10.0,0.36311423778533936,0.6793060302734375,0.054665762931108475,0.05496782436966896,103,60
0.006171464920043945,positive,10.0,10.0,0.3863692581653595,0.6777315139770508,0.06305281817913055,0.08979393541812897,103,62
0.0063626766204833984,positive,10.0,10.0,0.4173617959022522,0.675908625125885,0.061201728880405426,0.13006648421287537,103,64
0.006445646286010742,positive,10.0,10.0,0.43087995052337646,0.47996577620506287,0.0638030618429184,0.4414125382900238,103,65
0.00663304328918457,positive,10.0,10.0,0.45396187901496887,0.8681408166885376,0.07602141052484512,-0.09940989315509796,103,67
0.0069239139556884766,positive,10.0,10.0,0.5098866820335388,0.6699922680854797,0.06564784049987793,0.26086077094078064,103,70
0.007079601287841797,positive,10.0,10.0,0.5405688881874084,0.6680557131767273,0.07065676152706146,0.3037581741809845,103,72
0.0071566104888916016,positive,10.0,10.0,0.5539299845695496,0.8621033430099487,0.07673192024230957,0.03416886925697327,103,73
0.007557868957519531,positive,10.0,10.0,0.6383708715438843,0.857952356338501,0.05901627615094185,0.1258421093225479,103,77
0.0076446533203125,positive,10.0,10.0,0.6555299162864685,0.6620367765426636,0.0615331195294857,0.43654459714889526,103,78
0.007833242416381836,positive,10.0,10.0,0.6858953833580017,0.6601824164390564,0.0735415369272232,0.47787177562713623,103,80
0.008130550384521484,positive,10.0,10.0,0.7371435761451721,1.241803765296936,0.08616160601377487,-0.32003021240234375,103,83
0.008218050003051758,positive,10.0,10.0,0.7619796395301819,1.0455671548843384,0.07976100593805313,-0.001467094523832202,103,84
0.008514165878295898,positive,10.0,10.0,0.8363474011421204,1.237274169921875,0.06368322670459747,-0.21930554509162903,103,87
0.008598804473876953,positive,10.0,10.0,0.8610928654670715,1.0413024425506592,0.059297114610672,0.09276638925075531,103,88
0.008683443069458008,positive,10.0,10.0,0.8819189071655273,0.8453828692436218,0.061152443289756775,0.4035522937774658,103,89
0.008775711059570312,positive,10.0,10.0,0.8988265991210938,1.0395866632461548,0.06922348588705063,0.13075879216194153,103,90
0.00886082649230957,positive,10.0,10.0,0.9196183085441589,0.8435449004173279,0.07183866202831268,0.4444526135921478,103,91
0.008942842483520508,positive,10.0,10.0,0.9364892244338989,0.6474839448928833,0.080727718770504,0.7588878870010376,103,92
0.01038813591003418,negative,10.0,-10.0,1.2437927722930908,1.4044098854064941,0.16113755106925964,0.10713917016983032,103,106
0.010474681854248047,negative,10.0,-10.0,1.271880865097046,1.5968998670578003,0.16328033804893494,-0.1306857466697693,103,107
0.010560274124145508,negative,10.0,-10.0,1.303818941116333,1.7893521785736084,0.16066661477088928,-0.3677331507205963,103,108
0.010642290115356445,negative,10.0,-10.0,1.3396059274673462,1.592355489730835,0.15331195294857025,-0.029010813683271408,103,109
0.010829687118530273,negative,10.0,-10.0,1.407152771949768,1.9776344299316406,0.1473383903503418,-0.5105500817298889,103,111
0.01091313362121582,negative,10.0,-10.0,1.4467054605484009,1.7807775735855103,0.13712738454341888,-0.17530329525470734,103,112
0.012043237686157227,negative,10.0,-10.0,1.863784670829773,1.5670835971832275,0.1019720584154129,0.5312550663948059,103,123
0.01212930679321289,negative,10.0,-10.0,1.8951263427734375,1.760634422302246,0.11259716004133224,0.27236467599868774,103,124
0.012316703796386719,negative,10.0,-10.0,1.9694187641143799,1.7573851346969604,0.11838863790035248,0.3446812033653259,103,126
0.012400150299072266,negative,10.0,-10.0,2.0045664310455322,1.5607954263687134,0.12528225779533386,0.6722265481948853,103,127
0.012482881546020508,negative,10.0,-10.0,2.0357823371887207,1.3641752004623413,0.13872680068016052,1.0015820264816284,103,128
0.012564659118652344,negative,10.0,-10.0,2.063065767288208,1.557198405265808,0.15875843167304993,0.7554839849472046,103,129
0.01264643669128418,negative,10.0,-10.0,2.094209909439087,1.7498173713684082,0.1738681197166443,0.5166681408882141,103,130
0.012729167938232422,negative,10.0,-10.0,2.1292061805725098,1.9421195983886719,0.18420147895812988,0.2834237515926361,103,131
0.0002434253692626953,positive,10.0,10.0,0.03778715431690216,-0.04279245436191559,0.0338483564555645,0.04292041063308716,104,0
0.0003552436828613281,positive,10.0,10.0,0.03693130612373352,-0.23838302493095398,0.03470676392316818,0.3460877239704132,104,1
0.00044226646423339844,positive,10.0,10.0,0.03216364607214928,-0.04377150535583496,0.04162852093577385,0.06454799324274063,104,2
0.0007627010345458984,positive,10.0,10.0,0.02559935860335827,-0.24078385531902313,0.05214529484510422,0.39934685826301575,104,5
0.0010571479797363281,positive,10.0,10.0,0.015007533133029938,-0.048186104744672775,0.07129484415054321,0.16227121651172638,104,8
0.0011417865753173828,positive,10.0,10.0,0.014043810777366161,-0.24425244331359863,0.07454026490449905,0.47656652331352234,104,9
0.0014357566833496094,positive,10.0,10.0,0.011024960316717625,0.3373209238052368,0.08710221201181412,-0.3203374147415161,104,12
0.0015196800231933594,positive,10.0,10.0,0.01777138002216816,0.531101405620575,0.08069546520709991,-0.5843305587768555,104,13
0.001605987548828125,positive,10.0,10.0,0.02839340828359127,0.3349473178386688,0.06900885701179504,-0.26735809445381165,104,14
0.001997232437133789,positive,10.0,10.0,0.039471033960580826,0.3311086595058441,0.073487788438797,-0.18251007795333862,104,18
0.0021829605102539062,positive,10.0,10.0,0.0565953329205513,0.32906976342201233,0.060814883559942245,-0.1372816115617752,104,20
0.002274036407470703,positive,10.0,10.0,0.063176728785038,0.13313186168670654,0.05806925147771835,0.1739504635334015,104,21
0.002357959747314453,positive,10.0,10.0,0.06583936512470245,-0.0627710223197937,0.06154825910925865,0.48437225818634033,104,22
0.0027494430541992188,positive,10.0,10.0,0.0685068890452385,0.3231455981731415,0.09114944934844971,-0.006368517875671387,104,26
0.002933979034423828,positive,10.0,10.0,0.0853068009018898,0.7105632424354553,0.08564291894435883,-0.5316014885902405,104,28
0.003121614456176758,positive,10.0,10.0,0.10980501770973206,0.7083214521408081,0.07074671238660812,-0.4813186526298523,104,30
0.0032045841217041016,positive,10.0,10.0,0.12397144734859467,0.9023772478103638,0.06112033873796463,-0.750891923904419,104,31
0.0032873153686523438,positive,10.0,10.0,0.14201898872852325,0.7064679861068726,0.04610250145196915,-0.43961861729621887,104,32
0.003685474395751953,positive,10.0,10.0,0.1750544011592865,-0.07614992558956146,0.04758100211620331,0.7792994379997253,104,36
0.003874063491821289,positive,10.0,10.0,0.17589713633060455,0.31246402859687805,0.07320615649223328,0.22983179986476898,104,38
0.003957271575927734,positive,10.0,10.0,0.18214641511440277,0.5064676403999329,0.07780279219150543,-0.03889084979891777,104,39
0.004039287567138672,positive,10.0,10.0,0.1922757625579834,0.7003927230834961,0.07702497392892838,-0.3060474991798401,104,40
0.00420689582824707,positive,10.0,10.0,0.2163688689470291,0.30819907784461975,0.07110199332237244,0.32408303022384644,104,42
0.004395246505737305,positive,10.0,10.0,0.23257766664028168,0.6961690783500671,0.07867651432752609,-0.21258847415447235,104,44
0.004683494567871094,positive,10.0,10.0,0.27818259596824646,0.49800652265548706,0.06155024468898773,0.14813929796218872,104,47
0.005498170852661133,positive,10.0,10.0,0.3650428056716919,0.8780950307846069,0.0873246118426323,-0.21438851952552795,104,55
0.005678415298461914,positive,10.0,10.0,0.4040420651435852,0.8756769299507141,0.07347087562084198,-0.16064226627349854,104,57
0.00587010383605957,positive,10.0,10.0,0.4429490864276886,1.2637346982955933,0.06167258322238922,-0.6990057826042175,104,59
0.0059528350830078125,positive,10.0,10.0,0.46822378039360046,1.0678143501281738,0.04769246652722359,-0.3875637352466583,104,60
0.00603485107421875,positive,10.0,10.0,0.48958006501197815,0.8720489740371704,0.03994119167327881,-0.08023333549499512,104,61
0.006344795227050781,positive,10.0,10.0,0.5301631689071655,0.2850320637226105,0.053418178111314774,0.8351696133613586,104,64
0.007988929748535156,positive,10.0,10.0,0.8207798004150391,1.430679202079773,0.09364592283964157,-0.37033945322036743,104,80
0.008072614669799805,positive,10.0,10.0,0.849393367767334,1.2343600988388062,0.08623913675546646,-0.049659520387649536,104,81
0.00815582275390625,positive,10.0,10.0,0.8740805983543396,1.428146481513977,0.08524594455957413,-0.3139358162879944,104,82
0.008238077163696289,positive,10.0,10.0,0.9026435017585754,1.2319201231002808,0.07896722853183746,0.004366804379969835,104,83
0.008426666259765625,positive,10.0,10.0,0.9557984471321106,1.2296698093414307,0.07380669564008713,0.054139815270900726,104,85
0.008618831634521484,positive,10.0,10.0,1.0088649988174438,1.227551817893982,0.07060201466083527,0.1009608581662178,104,87
0.008705854415893555,positive,10.0,10.0,1.0334160327911377,1.031492829322815,0.07262123376131058,0.4150564968585968,104,88
0.00889897346496582,positive,10.0,10.0,1.0785561800003052,1.0293323993682861,0.08384482562541962,0.4631982743740082,104,90
0.00898289680480957,positive,10.0,10.0,1.0991429090499878,0.8331318497657776,0.09310878813266754,0.781086802482605,104,91
0.009692192077636719,negative,10.0,-10.0,1.2658090591430664,1.795420527458191,0.14176258444786072,-0.39570778608322144,104,98
0.010943889617919922,positive,10.0,10.0,1.702173113822937,2.1657660007476807,0.08734559267759323,-0.5402811765670776,104,110
0.011340856552124023,positive,10.0,10.0,1.8518937826156616,1.771325707435608,0.08217879384756088,0.140474334359169,104,114
0.01142430305480957,positive,10.0,10.0,1.8873202800750732,1.5751287937164307,0.08498828113079071,0.45790988206863403,104,115
0.011506795883178711,positive,10.0,10.0,1.9188227653503418,1.378914713859558,0.0941464826464653,0.7761252522468567,104,116
0.011898994445800781,negative,10.0,-10.0,2.0211668014526367,1.372417688369751,0.17184767127037048,0.9288128018379211,104,120
0.011983394622802734,negative,10.0,-10.0,2.0486152172088623,1.1754448413848877,0.19042392075061798,1.2701951265335083,104,121
0.00016427040100097656,positive,10.0,10.0,-0.03912017121911049,0.040029127150774,-0.001772749237716198,-0.04302734136581421,105,0
0.0003859996795654297,positive,10.0,10.0,-0.04842396825551987,-0.1550627499818802,0.013167556375265121,0.24900491535663605,105,3
0.0005097389221191406,positive,10.0,10.0,-0.05072785168886185,-0.15550871193408966,0.01735774055123329,0.25885722041130066,105,5
0.0007994174957275391,positive,10.0,10.0,-0.08195643126964569,-0.3529098927974701,0.06818132847547531,0.6029595136642456,105,10
0.0010538101196289062,positive,10.0,10.0,-0.08901463449001312,-0.5489159226417542,0.08024051785469055,0.9163151979446411,105,11
0.0017998218536376953,positive,10.0,10.0,-0.05115213990211487,0.6028941869735718,0.08840467780828476,-0.4266842305660248,105,23
0.0018470287322998047,positive,10.0,10.0,-0.03909425437450409,0.40663859248161316,0.07987099140882492,-0.1074933335185051,105,24
0.0020606517791748047,positive,10.0,10.0,-0.006696155294775963,0.012303581461310387,0.0742097944021225,0.5698350667953491,105,28
0.0021064281463623047,positive,10.0,10.0,-0.006450083572417498,0.20631061494350433,0.08560650050640106,0.3014231324195862,105,29
0.002373218536376953,positive,10.0,10.0,0.04512975737452507,0.7851774096488953,0.07473670691251755,-0.4357042610645294,105,34
0.0024216175079345703,positive,10.0,10.0,0.06083330512046814,0.5890814661979675,0.06602261960506439,-0.12042926996946335,105,35
0.0025322437286376953,positive,10.0,10.0,0.08047650754451752,0.19710718095302582,0.06746065616607666,0.5043834447860718,105,37
0.0025794506072998047,positive,10.0,10.0,0.0844186544418335,0.39121678471565247,0.0775483250617981,0.233699768781662,105,38
0.002686738967895508,positive,10.0,10.0,0.10394598543643951,0.7790024876594543,0.08155132830142975,-0.2991996705532074,105,40
0.00296783447265625,positive,10.0,10.0,0.18162670731544495,0.5787612795829773,0.05650745704770088,0.1076558455824852,105,45
0.0030188560485839844,positive,10.0,10.0,0.1932019293308258,0.38287702202796936,0.05866057425737381,0.4176176190376282,105,46
0.003137826919555664,positive,10.0,10.0,0.212401881814003,0.38110628724098206,0.06989271938800812,0.45703834295272827,105,48
0.003383159637451172,positive,10.0,10.0,0.26616764068603516,0.7667480111122131,0.07428533583879471,-0.02788473479449749,105,52
0.0034284591674804688,positive,10.0,10.0,0.2815026044845581,0.5706437230110168,0.07372763752937317,0.28728029131889343,105,53
0.003531932830810547,positive,10.0,10.0,0.30820828676223755,0.5684745907783508,0.07984786480665207,0.335392564535141,105,55
0.0035758018493652344,positive,10.0,10.0,0.31957778334617615,0.762374758720398,0.08655571937561035,0.06891933083534241,105,56
0.0036191940307617188,positive,10.0,10.0,0.3348252773284912,0.9561560153961182,0.08793410658836365,-0.19524875283241272,105,57
0.003718137741088867,positive,10.0,10.0,0.37694674730300903,0.9537142515182495,0.0748501643538475,-0.14100676774978638,105,59
0.0038743019104003906,positive,10.0,10.0,0.43800726532936096,0.7556473016738892,0.061953164637088776,0.2174488753080368,105,62
0.003918647766113281,positive,10.0,10.0,0.45312023162841797,0.5596969723701477,0.06630214303731918,0.5290130972862244,105,63
0.003962516784667969,positive,10.0,10.0,0.46431416273117065,0.7538265585899353,0.07688240706920624,0.25793707370758057,105,64
0.0040056705474853516,positive,10.0,10.0,0.4793906807899475,0.9477714896202087,0.08204114437103271,-0.009539834223687649,105,65
0.004163503646850586,positive,10.0,10.0,0.5400874018669128,1.1393872499465942,0.07718697190284729,-0.2255692034959793,105,68
0.004207611083984375,positive,10.0,10.0,0.5628751516342163,1.333325982093811,0.07267558574676514,-0.4929408133029938,105,69
0.0042514801025390625,positive,10.0,10.0,0.5895416736602783,1.1372582912445068,0.06281676888465881,-0.17826779186725616,105,70
0.004352569580078125,positive,10.0,10.0,0.6311127543449402,0.7453778982162476,0.06192244589328766,0.4443230926990509,105,72
0.004397153854370117,positive,10.0,10.0,0.6460203528404236,0.9395715594291687,0.07080890983343124,0.17178446054458618,105,73
0.004498958587646484,positive,10.0,10.0,0.6796820163726807,0.9375113844871521,0.08396336436271667,0.21754767000675201,105,75
0.0045435428619384766,positive,10.0,10.0,0.698432207107544,1.1313389539718628,0.08831431716680527,-0.0475132018327713,105,76
0.0045893192291259766,positive,10.0,10.0,0.7210590243339539,1.3250908851623535,0.08736404776573181,-0.31107771396636963,105,77
0.004632711410522461,positive,10.0,10.0,0.7475607991218567,1.5188665390014648,0.08114249259233475,-0.5749803185462952,105,78
0.00468754768371582,positive,10.0,10.0,0.7779381275177002,1.3227064609527588,0.06964288651943207,-0.2578785717487335,105,79
0.004730701446533203,positive,10.0,10.0,0.8043922781944275,1.1266628503799438,0.06448531895875931,0.05593234673142433,105,80
0.004773616790771484,positive,10.0,10.0,0.82692551612854,0.9306784272193909,0.06560396403074265,0.36824357509613037,105,81
0.004873752593994141,positive,10.0,10.0,0.8680353164672852,1.3188142776489258,0.07490776479244232,-0.17185182869434357,105,83
0.004918336868286133,positive,10.0,10.0,0.894411563873291,1.1227045059204102,0.0714707300066948,0.14349009096622467,105,84
0.005021333694458008,positive,10.0,10.0,0.9432003498077393,1.120630145072937,0.07182420045137405,0.1893627643585205,105,86
0.005067110061645508,positive,10.0,10.0,0.9656129479408264,0.9245580434799194,0.07561145722866058,0.5038107633590698,105,87
0.0051114559173583984,positive,10.0,10.0,0.9841040968894958,1.118537425994873,0.08568767458200455,0.23588158190250397,105,88
0.005156040191650391,positive,10.0,10.0,1.0064748525619507,1.3123372793197632,0.09040530025959015,-0.02859027311205864,105,89
0.005199432373046875,positive,10.0,10.0,1.0327216386795044,1.116042971611023,0.08983349800109863,0.2911916971206665,105,90
0.005424022674560547,positive,10.0,10.0,1.1452467441558838,1.5007450580596924,0.08168722689151764,-0.17366892099380493,105,94
0.005594968795776367,positive,10.0,10.0,1.2391232252120972,1.69253408908844,0.06695917993783951,-0.39322608709335327,105,97
0.005642414093017578,positive,10.0,10.0,1.272973895072937,1.8866451978683472,0.05909465625882149,-0.664068877696991,105,98
0.005690097808837891,positive,10.0,10.0,1.3107068538665771,2.080897331237793,0.04581327736377716,-0.9375749230384827,105,99
0.005797147750854492,positive,10.0,10.0,1.3900285959243774,2.079922676086426,0.014444670639932156,-0.9148944020271301,105,101
0.005903005599975586,positive,10.0,10.0,1.469319224357605,2.0797839164733887,-0.01620735600590706,-0.9116009473800659,105,103
0.006026268005371094,positive,10.0,10.0,1.5486125946044922,2.080470561981201,-0.04692048951983452,-0.9273830652236938,105,105
0.006079673767089844,positive,10.0,10.0,1.5902220010757446,2.276193380355835,-0.06546814739704132,-1.2344340085983276,105,106
0.00632166862487793,negative,10.0,-10.0,1.7646411657333374,1.89151930809021,-0.15558762848377228,-0.7786231637001038,105,110
0.006367921829223633,negative,10.0,-10.0,1.8024715185165405,1.698839783668518,-0.17116008698940277,-0.5386534333229065,105,111
0.0064127445220947266,negative,10.0,-10.0,1.836448311805725,1.5064849853515625,-0.18193314969539642,-0.3044130206108093,105,112
0.006457328796386719,negative,10.0,-10.0,1.8665779829025269,1.7036702632904053,-0.18802140653133392,-0.6485030651092529,105,113
0.0065004825592041016,negative,10.0,-10.0,1.900651454925537,1.5115960836410522,-0.20099148154258728,-0.42042258381843567,105,114
0.00654292106628418,negative,10.0,-10.0,1.9308832883834839,1.7089135646820068,-0.20939992368221283,-0.7691351175308228,105,115
0.0004191398620605469,positive,10.0,10.0,0.031104953959584236,0.02739960514008999,0.023287177085876465,-0.027347303926944733,106,0
0.0005462169647216797,positive,10.0,10.0,0.03165294602513313,-0.1680484265089035,0.022740229964256287,0.2725910544395447,106,1
0.0007359981536865234,positive,10.0,10.0,0.02102223038673401,-0.16877181828022003,0.03963922709226608,0.2886888384819031,106,3
0.0008847713470458984,positive,10.0,10.0,0.010358075611293316,-0.16997811198234558,0.057285111397504807,0.31556615233421326,106,5
0.0009493827819824219,positive,10.0,10.0,0.006958513520658016,0.02428305521607399,0.06359643489122391,0.0414850115776062,106,6
0.0010142326354980469,positive,10.0,10.0,0.0074441744945943356,-0.17169047892093658,0.06442613154649734,0.35353580117225647,106,7
0.0010786056518554688,positive,10.0,10.0,0.004010364878922701,0.02245902828872204,0.07149685174226761,0.08184391260147095,106,8
0.0011522769927978516,positive,10.0,10.0,0.004459545481950045,0.2164871245622635,0.07313372939825058,-0.187452495098114,106,9
0.00138092041015625,positive,10.0,10.0,0.021288298070430756,0.018528960645198822,0.05741119384765625,0.1685924530029297,106,12
0.0021200180053710938,positive,10.0,10.0,0.03943852335214615,0.5927518606185913,0.08183296769857407,-0.4657279849052429,106,21
0.002187013626098633,positive,10.0,10.0,0.05129356309771538,0.3965747356414795,0.07251840829849243,-0.1484149992465973,106,22
0.002253293991088867,positive,10.0,10.0,0.05922505632042885,0.20049327611923218,0.06955010443925858,0.16623586416244507,106,23
0.0023207664489746094,positive,10.0,10.0,0.06323492527008057,0.004448241088539362,0.07287482172250748,0.48002371191978455,106,24
0.002386808395385742,positive,10.0,10.0,0.06332388520240784,0.1984698623418808,0.08247529715299606,0.2111699879169464,106,25
0.0025377273559570312,positive,10.0,10.0,0.07513971626758575,0.5861003994941711,0.08561071753501892,-0.31851792335510254,106,27
0.0026030540466308594,positive,10.0,10.0,0.08686172217130661,0.3898701071739197,0.0792403593659401,-0.00011164827446918935,106,28
0.0026693344116210938,positive,10.0,10.0,0.09465912729501724,0.5837714672088623,0.07923812419176102,-0.26677876710891724,106,29
0.0027358531951904297,positive,10.0,10.0,0.10633455961942673,0.38761329650878906,0.07390254735946655,0.04980688914656639,106,30
0.003288745880126953,positive,10.0,10.0,0.17188571393489838,0.18588772416114807,0.0725855752825737,0.48915690183639526,106,37
0.0035986900329589844,positive,10.0,10.0,0.2100280523300171,0.5713121891021729,0.0796748697757721,0.008984490297734737,106,41
0.0036652088165283203,positive,10.0,10.0,0.22145429253578186,0.7652064561843872,0.0798545554280281,-0.25753462314605713,106,42
0.003893136978149414,positive,10.0,10.0,0.26339957118034363,0.9569758176803589,0.07170882076025009,-0.4767928719520569,106,45
0.004302263259887695,positive,10.0,10.0,0.3277026414871216,0.36718133091926575,0.07485505193471909,0.5016031861305237,106,50
0.004366636276245117,positive,10.0,10.0,0.33504626154899597,0.5611727237701416,0.08488711714744568,0.2334177941083908,106,51
0.0044307708740234375,positive,10.0,10.0,0.34626972675323486,0.7549856901168823,0.08955547213554382,-0.031327977776527405,106,52
0.004495859146118164,positive,10.0,10.0,0.36136943101882935,0.9487168192863464,0.08892891556024551,-0.2944660186767578,106,53
0.0046405792236328125,positive,10.0,10.0,0.3953927159309387,0.9462860226631165,0.08353731036186218,-0.24048499763011932,106,55
0.00494694709777832,positive,10.0,10.0,0.47095951437950134,0.5519624948501587,0.06731303781270981,0.43664970993995667,106,59
0.005011320114135742,positive,10.0,10.0,0.4819987714290619,0.7460702061653137,0.07604603469371796,0.16592255234718323,106,60
0.005095720291137695,positive,10.0,10.0,0.4969201683998108,0.9400258660316467,0.07936448603868484,-0.10183411836624146,106,61
0.005162715911865234,positive,10.0,10.0,0.5157207250595093,1.1339260339736938,0.07732780277729034,-0.36846014857292175,106,62
0.005237579345703125,positive,10.0,10.0,0.5383992195129395,0.9377954006195068,0.06995859742164612,-0.05243159830570221,106,63
0.005305767059326172,positive,10.0,10.0,0.5571551322937012,0.7417436838150024,0.06890996545553207,0.26147767901420593,106,64
0.005539417266845703,positive,10.0,10.0,0.5976985692977905,0.933521568775177,0.09177379310131073,0.042146023362874985,106,67
0.0056879520416259766,positive,10.0,10.0,0.6389132738113403,1.320900321006775,0.08821213245391846,-0.4823201894760132,106,69
0.005753278732299805,positive,10.0,10.0,0.6653313040733337,1.5146737098693848,0.07856573164463043,-0.7459493279457092,106,70
0.0059010982513427734,positive,10.0,10.0,0.721996009349823,1.5127261877059937,0.05505448952317238,-0.7015717625617981,106,72
0.006049156188964844,positive,10.0,10.0,0.7863913774490356,1.9015920162200928,0.021494487300515175,-1.2559481859207153,106,74
0.006364107131958008,positive,10.0,10.0,0.9463169574737549,1.9025394916534424,-0.09053730964660645,-1.279994010925293,106,78
0.0065155029296875,negative,10.0,-10.0,1.0185413360595703,1.515282154083252,-0.13647674024105072,-0.7629023790359497,106,80
0.006827354431152344,negative,10.0,-10.0,1.1399978399276733,1.5236821174621582,-0.20293442904949188,-0.9597988128662109,106,84
0.0004496574401855469,positive,10.0,10.0,-0.032963212579488754,-0.0022065697703510523,0.019373539835214615,0.045200083404779434,107,0
0.0006988048553466797,positive,10.0,10.0,-0.03695936128497124,-0.0027731917798519135,0.027156181633472443,0.05771174654364586,107,2
0.0007679462432861328,positive,10.0,10.0,-0.03701482340693474,-0.19827377796173096,0.028310416266322136,0.35883742570877075,107,3
0.0008349418640136719,positive,10.0,10.0,-0.040980301797389984,-0.0035654804669320583,0.03548716381192207,0.07521417737007141,107,4
0.0010085105895996094,positive,10.0,10.0,-0.045035164803266525,-0.004600099287927151,0.04456902667880058,0.09808507561683655,107,6
0.0012526512145996094,positive,10.0,10.0,-0.04144805669784546,-0.20160993933677673,0.04546215012669563,0.4326918125152588,107,9
0.0013194084167480469,positive,10.0,10.0,-0.04548025503754616,-0.007160166744142771,0.054115984588861465,0.1546797901391983,107,10
0.0014727115631103516,positive,10.0,10.0,-0.04968372732400894,-0.008744711987674236,0.06648822128772736,0.18981605768203735,107,12
0.0015380382537841797,positive,10.0,10.0,-0.04985862225294113,-0.20475174486637115,0.07028454542160034,0.5027101635932922,107,13
0.0016024112701416016,positive,10.0,10.0,-0.053953658789396286,-0.010687182657420635,0.0803387463092804,0.23297862708568573,107,14
0.0017480850219726562,positive,10.0,10.0,-0.05050339177250862,0.3770071268081665,0.08433190733194351,-0.2980216443538666,107,16
0.001897573471069336,positive,10.0,10.0,-0.039347436279058456,0.3747062683105469,0.07877190411090851,-0.24694165587425232,107,18
0.0019712448120117188,positive,10.0,10.0,-0.03185331076383591,0.5686200261116028,0.07383307069540024,-0.5137752890586853,107,19
0.0020351409912109375,positive,10.0,10.0,-0.020480912178754807,0.7626286745071411,0.06355756521224976,-0.7823082804679871,107,20
0.002184629440307617,positive,10.0,10.0,0.006105529610067606,0.3709285855293274,0.038504887372255325,-0.16293463110923767,107,22
0.0023322105407714844,positive,10.0,10.0,0.017029644921422005,-0.02033136412501335,0.038079049438238144,0.44523340463638306,107,24
0.002481222152709961,positive,10.0,10.0,0.020107652992010117,-0.02153019793331623,0.05027957260608673,0.47191986441612244,107,26
0.0026352405548095703,positive,10.0,10.0,0.023133985698223114,-0.023076189681887627,0.0636279433965683,0.5064060688018799,107,28
0.002699613571166992,positive,10.0,10.0,0.022672463208436966,-0.2190343141555786,0.07375606149435043,0.8184424638748169,107,29
0.003173351287841797,positive,10.0,10.0,0.05451115220785141,0.5527634024620056,0.0930957943201065,-0.16317199170589447,107,35
0.003248929977416992,positive,10.0,10.0,0.06556642055511475,0.7464379072189331,0.0898323506116867,-0.4250950515270233,107,36
0.0033979415893554688,positive,10.0,10.0,0.0914984941482544,0.35397833585739136,0.0792204737663269,0.2116944044828415,107,38
0.0034596920013427734,positive,10.0,10.0,0.0985780656337738,0.5478835105895996,0.08345435559749603,-0.05498465523123741,107,39
0.0036001205444335938,positive,10.0,10.0,0.12437005341053009,0.5455235242843628,0.07595038414001465,-0.002738163573667407,107,41
0.003742218017578125,positive,10.0,10.0,0.15007010102272034,0.9334402084350586,0.07048513740301132,-0.5383371114730835,107,43
0.003894805908203125,positive,10.0,10.0,0.1834869384765625,0.5414794087409973,0.05523230880498886,0.08660228550434113,107,45
0.00428318977355957,positive,10.0,10.0,0.22186188399791718,0.3418799340724945,0.0909673348069191,0.47972068190574646,107,50
0.005246162414550781,positive,10.0,10.0,0.41091737151145935,1.1022289991378784,0.09159956872463226,-0.2497938722372055,107,62
0.0055582523345947266,positive,10.0,10.0,0.5067477226257324,1.487681269645691,0.06326320022344589,-0.7302025556564331,107,66
0.0057010650634765625,positive,10.0,10.0,0.5701388716697693,1.8763136863708496,0.028612693771719933,-1.2793360948562622,107,68
0.005771636962890625,positive,10.0,10.0,0.6076651215553284,2.071059465408325,0.003025971818715334,-1.5629242658615112,107,69
0.005837678909301758,positive,10.0,10.0,0.6490862965583801,2.2661449909210205,-0.02823251485824585,-1.8546618223190308,107,70
0.005901813507080078,positive,10.0,10.0,0.694409191608429,2.0713443756103516,-0.06532575190067291,-1.5708764791488647,107,71
0.006400585174560547,negative,10.0,-10.0,0.8848757743835449,0.9121943712234497,-0.17614716291427612,-0.06910460442304611,107,77
0.0009157657623291016,positive,10.0,10.0,0.025076499208807945,0.04094535857439041,0.06083041802048683,0.018189219757914543,108,4
0.0009865760803222656,positive,10.0,10.0,0.025895407423377037,0.23514457046985626,0.06119420379400253,-0.25469768047332764,108,5
0.0010538101196289062,positive,10.0,10.0,0.030598297715187073,0.039204683154821396,0.05610024929046631,0.056641869246959686,108,6
0.0012142658233642578,positive,10.0,10.0,0.028248893097043037,0.03758901730179787,0.06456276029348373,0.09238241612911224,108,8
0.0012812614440917969,positive,10.0,10.0,0.029000673443078995,-0.15839606523513794,0.06641040742397308,0.40471580624580383,108,9
0.0015230178833007812,positive,10.0,10.0,0.023339612409472466,0.03356890007853508,0.08615675568580627,0.18152260780334473,108,12
0.0017676353454589844,positive,10.0,10.0,0.03697990998625755,0.22482909262180328,0.08121459186077118,-0.026723582297563553,108,15
0.001832723617553711,positive,10.0,10.0,0.04147649183869362,0.41869813203811646,0.08068012446165085,-0.29271775484085083,108,16
0.002068758010864258,positive,10.0,10.0,0.06263089179992676,0.6104676127433777,0.07043362408876419,-0.5118972063064575,108,19
0.0021347999572753906,positive,10.0,10.0,0.0748402401804924,0.4144279360771179,0.0601956807076931,-0.19787639379501343,108,20
0.002197742462158203,positive,10.0,10.0,0.08312880247831345,0.21849894523620605,0.05623815208673477,0.11317160725593567,108,21
0.0022668838500976562,positive,10.0,10.0,0.08749877661466599,0.022618139162659645,0.058501582592725754,0.4230535924434662,108,22
0.0023310184478759766,positive,10.0,10.0,0.08795113861560822,-0.1732816845178604,0.06696265190839767,0.733590304851532,108,23
0.0024776458740234375,positive,10.0,10.0,0.08490259200334549,0.21473340690135956,0.09088868647813797,0.1968349814414978,108,25
0.002626180648803711,positive,10.0,10.0,0.09736617654561996,0.6020892262458801,0.09350839257240295,-0.327173113822937,108,27
0.0026929378509521484,positive,10.0,10.0,0.10940796136856079,0.4057690501213074,0.0869649276137352,-0.006527887657284737,108,28
0.0027604103088378906,positive,10.0,10.0,0.11752334237098694,0.5995430946350098,0.0868343710899353,-0.2705550789833069,108,29
0.0029060840606689453,positive,10.0,10.0,0.14538072049617767,0.5971586108207703,0.0707305446267128,-0.21744881570339203,108,31
0.0029702186584472656,positive,10.0,10.0,0.15732388198375702,0.40110060572624207,0.06638156622648239,0.09668035805225372,108,32
0.003114461898803711,positive,10.0,10.0,0.16944776475429535,0.39918339252471924,0.07650609314441681,0.13915860652923584,108,34
0.003262758255004883,positive,10.0,10.0,0.18929405510425568,0.7870327830314636,0.07672044634819031,-0.39509323239326477,108,36
0.003493785858154297,positive,10.0,10.0,0.22475038468837738,0.1988583654165268,0.07192043960094452,0.5474449396133423,108,39
0.003879070281982422,positive,10.0,10.0,0.28341543674468994,0.7780541181564331,0.07339414209127426,-0.19630877673625946,108,44
0.003943681716918945,positive,10.0,10.0,0.2989765405654907,0.9720536470413208,0.06946796923875809,-0.46496620774269104,108,45
0.004094123840332031,positive,10.0,10.0,0.3339380621910095,0.5800927877426147,0.05714421719312668,0.15982010960578918,108,47
0.004157304763793945,positive,10.0,10.0,0.3455398976802826,0.3842012882232666,0.06034062057733536,0.4699690341949463,108,48
0.004225969314575195,positive,10.0,10.0,0.35322391986846924,0.5784212946891785,0.06973999738693237,0.19689862430095673,108,49
0.004288196563720703,positive,10.0,10.0,0.3647923469543457,0.38237467408180237,0.07367797195911407,0.5107406377792358,108,50
0.004515409469604492,positive,10.0,10.0,0.399371862411499,0.9639599919319153,0.08827728033065796,-0.28635045886039734,108,53
0.004580020904541016,positive,10.0,10.0,0.4186510741710663,1.157719373703003,0.08255026489496231,-0.5499379634857178,108,54
0.004728555679321289,positive,10.0,10.0,0.4610362648963928,1.1555713415145874,0.06690290570259094,-0.5017128586769104,108,56
0.004794597625732422,positive,10.0,10.0,0.48414769768714905,0.9595732092857361,0.05686865374445915,-0.18871867656707764,108,57
0.00502324104309082,positive,10.0,10.0,0.537773072719574,0.762137234210968,0.052438780665397644,0.15554594993591309,108,60
0.00508570671081543,positive,10.0,10.0,0.5530157685279846,0.5663052201271057,0.05554969981312752,0.46430012583732605,108,61
0.0052340030670166016,positive,10.0,10.0,0.5795539021492004,0.5646132826805115,0.06862831860780716,0.5020414590835571,108,63
0.00538182258605957,positive,10.0,10.0,0.6060202717781067,0.9526190161705017,0.08330417424440384,-0.03511643409729004,108,65
0.0055294036865234375,positive,10.0,10.0,0.6480016708374023,0.9502574801445007,0.07659389823675156,0.017151160165667534,108,67
0.005775928497314453,positive,10.0,10.0,0.7166538238525391,1.1420888900756836,0.06157111003994942,-0.20342037081718445,108,70
0.005921840667724609,positive,10.0,10.0,0.7584184408187866,0.7502461075782776,0.05966334789991379,0.41828814148902893,108,72
0.0060656070709228516,positive,10.0,10.0,0.7923128604888916,0.7484471797943115,0.07092901319265366,0.4583405554294586,108,74
0.006132841110229492,positive,10.0,10.0,0.8072817921638489,0.9424985647201538,0.0800958201289177,0.18883106112480164,108,75
0.006442546844482422,positive,10.0,10.0,0.8981443047523499,1.327986717224121,0.07496534287929535,-0.2931206524372101,108,79
0.006900310516357422,positive,10.0,10.0,1.0376880168914795,1.3217105865478516,0.07583604753017426,-0.15424267947673798,108,85
0.007048368453979492,positive,10.0,10.0,1.0944355726242065,1.3195961713790894,0.06430979073047638,-0.10736844688653946,108,87
0.007195711135864258,positive,10.0,10.0,1.1432998180389404,0.9276611804962158,0.06626023352146149,0.5165167450904846,108,89
0.007261037826538086,positive,10.0,10.0,1.1618529558181763,0.7316718101501465,0.07659056782722473,0.8293218612670898,108,90
0.007325649261474609,positive,10.0,10.0,1.1764864921569824,0.9256678819656372,0.09317700564861298,0.5616765022277832,108,91
0.007970809936523438,positive,10.0,10.0,1.4017677307128906,1.6942039728164673,0.08483882248401642,-0.3490174114704132,108,99
0.008276224136352539,positive,10.0,10.0,1.529365062713623,1.689806342124939,0.07164312154054642,-0.2513306736946106,108,103
0.008501052856445312,positive,10.0,10.0,1.642397165298462,2.2722671031951904,0.040373776108026505,-1.0660377740859985,108,106
0.008641481399536133,positive,10.0,10.0,1.7293752431869507,2.271489143371582,0.003833786118775606,-1.0475890636444092,108,108
0.008788347244262695,positive,10.0,10.0,1.8163312673568726,1.8814347982406616,-0.03219209611415863,-0.46645769476890564,108,110
0.008933305740356445,positive,10.0,10.0,1.8954999446868896,2.2726645469665527,-0.056903474032878876,-1.074563980102539,108,112
0.008997678756713867,negative,10.0,-10.0,1.940953254699707,2.078338861465454,-0.07839475572109222,-0.8002678155899048,108,113
0.009060382843017578,negative,10.0,-10.0,1.9825199842453003,1.884374737739563,-0.09440010786056519,-0.5332396626472473,108,114
0.009205102920532227,negative,10.0,-10.0,2.0540213584899902,1.4972202777862549,-0.11049952358007431,-0.013946471735835075,108,116
0.009269475936889648,negative,10.0,-10.0,2.08396577835083,1.3038421869277954,-0.11077845096588135,0.2419307380914688,108,117
0.009418010711669922,negative,10.0,-10.0,2.140049934387207,1.6968263387680054,-0.10761059820652008,-0.4076767861843109,108,119
0.00948190689086914,negative,10.0,-10.0,2.1739864349365234,1.503381609916687,-0.11576413363218307,-0.15076470375061035,108,120
0.009545087814331055,negative,10.0,-10.0,2.204054117202759,1.310091257095337,-0.11877942830324173,0.10327159613370895,108,121
0.009605884552001953,negative,10.0,-10.0,2.2302558422088623,1.1168540716171265,-0.1167140007019043,0.35624590516090393,108,122
0.009675979614257812,negative,10.0,-10.0,2.2525930404663086,0.9235681891441345,-0.10958907753229141,0.6099662184715271,108,123
0.009821414947509766,negative,10.0,-10.0,2.2856669425964355,0.9264378547668457,-0.08006533980369568,0.5445743799209595,108,125
0.010045051574707031,negative,10.0,-10.0,2.353019952774048,1.5146127939224243,-0.06633627414703369,-0.3982482850551605,108,128
0.0004029273986816406,positive,10.0,10.0,0.027820294722914696,0.029768487438559532,-0.018749220296740532,0.001435774494893849,109,0
0.0006513595581054688,positive,10.0,10.0,0.025114072486758232,0.03030421771109104,-0.012957612052559853,-0.01038329117000103,109,2
0.0007212162017822266,positive,10.0,10.0,0.025720156729221344,-0.16462953388690948,-0.013165277428925037,0.27818334102630615,109,3
0.0008723735809326172,positive,10.0,10.0,0.015236342325806618,-0.16433346271514893,0.0037320908159017563,0.27161702513694763,109,5
0.0009369850158691406,positive,10.0,10.0,0.011949672363698483,-0.3595084547996521,0.009164431132376194,0.5654747486114502,109,6
0.0012543201446533203,positive,10.0,10.0,-0.01683732122182846,-0.3608078062534332,0.054993391036987305,0.5948507785797119,109,10
0.001317739486694336,positive,10.0,10.0,-0.024053476750850677,-0.16649691760540009,0.0668904110789299,0.319985032081604,109,11
0.001552581787109375,positive,10.0,10.0,-0.022398969158530235,0.41559651494026184,0.06988129764795303,-0.48792538046836853,109,14
0.0017058849334716797,positive,10.0,10.0,-0.009695803746581078,0.023633183911442757,0.05664153769612312,0.13696472346782684,109,16
0.00177001953125,positive,10.0,10.0,-0.00922314077615738,-0.17225238680839539,0.05938083305954933,0.4469655752182007,109,17
0.0019161701202392578,positive,10.0,10.0,-0.012228558771312237,-0.17404839396476746,0.07179166376590729,0.4870053231716156,109,19
0.001983165740966797,positive,10.0,10.0,-0.0157095268368721,0.019991043955087662,0.08153177052736282,0.21778453886508942,109,20
0.00222015380859375,positive,10.0,10.0,-0.0028795208781957626,0.2114279866218567,0.07867524772882462,0.005707557778805494,109,23
0.0026857852935791016,positive,10.0,10.0,0.03387468680739403,0.20551170408725739,0.06891095638275146,0.13650543987751007,109,29
0.002827882766723633,positive,10.0,10.0,0.03817439824342728,0.2035132795572281,0.08064322918653488,0.18084000051021576,109,31
0.0028946399688720703,positive,10.0,10.0,0.04224466532468796,0.39739421010017395,0.08426002413034439,-0.0853528305888176,109,32
0.0030426979064941406,positive,10.0,10.0,0.06201682239770889,0.39502057433128357,0.07554682344198227,-0.03277701139450073,109,34
0.003106832504272461,positive,10.0,10.0,0.069917231798172,0.5889824032783508,0.07489128410816193,-0.30070027709007263,109,35
0.0032515525817871094,positive,10.0,10.0,0.08955442905426025,0.19683869183063507,0.06916987895965576,0.32822489738464355,109,37
0.003313779830932617,positive,10.0,10.0,0.09349120408296585,0.3909112513065338,0.07573437690734863,0.05813194811344147,109,38
0.003459930419921875,positive,10.0,10.0,0.1130068302154541,0.7788132429122925,0.07270245999097824,-0.4771972894668579,109,40
0.0035238265991210938,positive,10.0,10.0,0.12858310341835022,0.5827441215515137,0.06315851211547852,-0.16251486539840698,109,41
0.00399017333984375,positive,10.0,10.0,0.18653231859207153,0.576912522315979,0.06727304309606552,-0.033611614257097244,109,47
0.004059791564941406,positive,10.0,10.0,0.19807057082653046,0.3808935880661011,0.06660081446170807,0.2795150876045227,109,48
0.004125118255615234,positive,10.0,10.0,0.2056884467601776,0.18488788604736328,0.07219111174345016,0.5924379825592041,109,49
0.004276752471923828,positive,10.0,10.0,0.21696478128433228,0.5727599263191223,0.09050668030977249,0.058298539370298386,109,51
0.004340171813964844,positive,10.0,10.0,0.22841998934745789,0.7664754986763,0.09167265146970749,-0.204512819647789,109,52
0.004407405853271484,positive,10.0,10.0,0.2437494993209839,0.9601750373840332,0.08758239448070526,-0.466928094625473,109,53
0.00447535514831543,positive,10.0,10.0,0.262952983379364,0.7639318704605103,0.07824382930994034,-0.147975355386734,109,54
0.004562854766845703,positive,10.0,10.0,0.2782316207885742,0.9578512907028198,0.07528432458639145,-0.41498425602912903,109,55
0.004628419876098633,positive,10.0,10.0,0.29738864302635193,0.7617474794387817,0.0669846385717392,-0.09954913705587387,109,56
0.004774570465087891,positive,10.0,10.0,0.323938250541687,0.3697446286678314,0.0692635029554367,0.5259485840797424,109,58
0.0048406124114990234,positive,10.0,10.0,0.3313331604003906,0.5638270378112793,0.07978247851133347,0.25587013363838196,109,59
0.0049054622650146484,positive,10.0,10.0,0.342609703540802,0.7577246427536011,0.08489987999200821,-0.010619900189340115,109,60
0.005288600921630859,positive,10.0,10.0,0.4337497055530548,0.5572042465209961,0.06570073217153549,0.4019567370414734,109,65
0.005357027053833008,positive,10.0,10.0,0.4448937773704529,0.7513357400894165,0.07373987138271332,0.1306898146867752,109,66
0.005419015884399414,positive,10.0,10.0,0.4599204957485199,0.9453281760215759,0.07635366916656494,-0.1378481686115265,109,67
0.005478858947753906,positive,10.0,10.0,0.4788270592689514,1.1392781734466553,0.07359670102596283,-0.4054993987083435,109,68
0.005703449249267578,positive,10.0,10.0,0.5354204773902893,0.5512259006500244,0.06811673939228058,0.5341222286224365,109,71
0.005767345428466797,positive,10.0,10.0,0.5464449524879456,0.7453271150588989,0.07879918813705444,0.2636564075946808,109,72
0.005835533142089844,positive,10.0,10.0,0.5613515377044678,0.9392410516738892,0.08407231420278549,-0.0031689268071204424,109,73
0.005900144577026367,positive,10.0,10.0,0.5801363587379456,0.7430202960968018,0.08400893211364746,0.31481078267097473,109,74
0.005966901779174805,positive,10.0,10.0,0.5949967503547668,0.9368513226509094,0.0903051495552063,0.0497591532766819,109,75
0.006030082702636719,positive,10.0,10.0,0.6137337684631348,1.1305701732635498,0.09130033105611801,-0.21312138438224792,109,76
0.006174564361572266,positive,10.0,10.0,0.6628307104110718,1.1280399560928345,0.07752460241317749,-0.1568683534860611,109,78
0.00632023811340332,positive,10.0,10.0,0.7118309140205383,1.1258788108825684,0.06590478867292404,-0.10894714295864105,109,80
0.0063817501068115234,positive,10.0,10.0,0.734348475933075,0.9298773407936096,0.06372584402561188,0.2037787139415741,109,81
0.00652623176574707,positive,10.0,10.0,0.7676241397857666,0.9280096292495728,0.078118696808815,0.24529364705085754,109,83
0.006833791732788086,positive,10.0,10.0,0.8573300242424011,1.3135170936584473,0.07745470106601715,-0.23707443475723267,109,87
0.006979942321777344,positive,10.0,10.0,0.9137493968009949,1.311384677886963,0.06262610107660294,-0.18967291712760925,109,89
0.007365226745605469,positive,10.0,10.0,1.0291091203689575,1.1120110750198364,0.07085058838129044,0.19767269492149353,109,94
0.007429599761962891,positive,10.0,10.0,1.051349401473999,0.9159509539604187,0.07480403780937195,0.5118376016616821,109,95
0.007493495941162109,positive,10.0,10.0,1.0696684122085571,1.1099439859390259,0.08504079282283783,0.24363380670547485,109,96
0.008213281631469727,positive,10.0,10.0,1.307457447052002,1.6821554899215698,0.09282298386096954,-0.34674832224845886,109,105
0.008280754089355469,positive,10.0,10.0,1.3411005735397339,1.4858442544937134,0.08588801324367523,-0.026298319920897484,109,106
0.008504629135131836,positive,10.0,10.0,1.426277756690979,1.677113652229309,0.09175829589366913,-0.23495787382125854,109,109
0.008574485778808594,positive,10.0,10.0,1.459820032119751,1.870813012123108,0.0870591327548027,-0.4973454475402832,109,110
0.00879979133605957,positive,10.0,10.0,1.5680981874465942,1.6724357604980469,0.06462252140045166,-0.1310116946697235,109,113
0.008866071701049805,positive,10.0,10.0,1.6015468835830688,1.8665753602981567,0.062002286314964294,-0.40262743830680847,109,114
0.00893259048461914,positive,10.0,10.0,1.638878345489502,1.6706314086914062,0.053949739784002304,-0.09105916321277618,109,115
0.009001493453979492,positive,10.0,10.0,1.6722910404205322,1.8649401664733887,0.05212855711579323,-0.3662448227405548,109,116
0.009064197540283203,positive,10.0,10.0,1.7095898389816284,2.059284210205078,0.04480366036295891,-0.6420458555221558,109,117
0.009125947952270508,positive,10.0,10.0,1.7507754564285278,2.253753900527954,0.031962741166353226,-0.9202898144721985,109,118
0.009272575378417969,positive,10.0,10.0,1.83701491355896,1.8629060983657837,0.001202232320792973,-0.32081395387649536,109,120
0.009338617324829102,positive,10.0,10.0,1.8742729425430298,1.66776704788208,-0.005214046686887741,-0.027752138674259186,109,121
0.009488344192504883,negative,10.0,-10.0,1.944887638092041,1.667924165725708,-0.012210601009428501,-0.03121756762266159,109,123
0.009638071060180664,negative,10.0,-10.0,2.0155105590820312,1.668282151222229,-0.01938951015472412,-0.039120037108659744,109,125
0.009785652160644531,negative,10.0,-10.0,2.0783450603485107,1.668847680091858,-0.015224255621433258,-0.05159393325448036,109,127
0.010170459747314453,negative,10.0,-10.0,2.2062439918518066,1.083914875984192,0.037302397191524506,0.8172600269317627,109,132
0.010399580001831055,negative,10.0,-10.0,2.282949209213257,1.666981816291809,0.06960301101207733,-0.010471250861883163,109,135
0.010464668273925781,negative,10.0,-10.0,2.316288948059082,1.8610399961471558,0.069393590092659,-0.2804071009159088,109,136
0.0005543231964111328,positive,10.0,10.0,-0.027095798403024673,-0.2231004685163498,-0.024061601608991623,0.23896105587482452,110,3
0.0006229877471923828,positive,10.0,10.0,-0.03155780956149101,-0.41787058115005493,-0.019282381981611252,0.5239582061767578,110,4
0.0007739067077636719,positive,10.0,10.0,-0.04436487331986427,-0.41747766733169556,-0.004297974985092878,0.5151551961898804,110,6
0.0009222030639648438,positive,10.0,10.0,-0.05716033652424812,-0.4175027310848236,0.010427549481391907,0.5156921148300171,110,8
0.001165151596069336,positive,10.0,10.0,-0.07051516324281693,-0.22318463027477264,0.024072546511888504,0.2407912164926529,110,11
0.001232147216796875,positive,10.0,10.0,-0.07497885823249817,-0.4186420440673828,0.028888370841741562,0.5409690141677856,110,12
0.0014598369598388672,positive,10.0,10.0,-0.09622252732515335,-0.6153252720832825,0.05610757693648338,0.8689359426498413,110,15
0.001524209976196289,positive,10.0,10.0,-0.10852903127670288,-0.42100968956947327,0.07348629832267761,0.5944082736968994,110,16
0.0015869140625,positive,10.0,10.0,-0.11694922298192978,-0.22698907554149628,0.08537445962429047,0.3257483243942261,110,17
0.0016493797302246094,positive,10.0,10.0,-0.12148900330066681,-0.033179860562086105,0.09188942611217499,0.06116294488310814,110,18
0.00179290771484375,positive,10.0,10.0,-0.11894235014915466,0.35418811440467834,0.08908923715353012,-0.46309173107147217,110,20
0.0020949840545654297,positive,10.0,10.0,-0.09854967892169952,-0.04033942520618439,0.06686431169509888,0.21929329633712769,110,24
0.0021584033966064453,positive,10.0,10.0,-0.09935646504163742,-0.23635029792785645,0.07125017791986465,0.5322960615158081,110,25
0.0024645328521728516,positive,10.0,10.0,-0.09499146044254303,0.5391131639480591,0.08175931125879288,-0.5308358669281006,110,29
0.0026094913482666016,positive,10.0,10.0,-0.07735035568475723,0.1468788981437683,0.06687156111001968,0.10069736838340759,110,31
0.002836465835571289,positive,10.0,10.0,-0.07249653339385986,0.33888381719589233,0.08002983778715134,-0.12386685609817505,110,34
0.0029015541076660156,positive,10.0,10.0,-0.06571885943412781,0.5327734351158142,0.07755249738693237,-0.3902667760848999,110,35
0.0029668807983398438,positive,10.0,10.0,-0.055063389241695404,0.336641401052475,0.06974716484546661,-0.07417535036802292,110,36
0.003111600875854492,positive,10.0,10.0,-0.03771660476922989,0.3346744179725647,0.06138239800930023,-0.030659010633826256,110,38
0.0032563209533691406,positive,10.0,10.0,-0.02824855037033558,-0.05720541253685951,0.06638404726982117,0.5919549465179443,110,40
0.003319978713989258,positive,10.0,10.0,-0.029392657801508904,0.13692745566368103,0.07822314649820328,0.3208996057510376,110,41
0.0033829212188720703,positive,10.0,10.0,-0.026654109358787537,0.33085334300994873,0.08464113622903824,0.0538744255900383,110,42
0.0036878585815429688,positive,10.0,10.0,0.015271410346031189,0.716313362121582,0.06882761418819427,-0.4273235499858856,110,46
0.0038361549377441406,positive,10.0,10.0,0.04000342637300491,0.7144961953163147,0.058005910366773605,-0.38683366775512695,110,48
0.003982067108154297,positive,10.0,10.0,0.06466536968946457,0.32279565930366516,0.04874042421579361,0.23166905343532562,110,50
0.004128456115722656,positive,10.0,10.0,0.07366152852773666,0.3213450014591217,0.06416019052267075,0.2639198899269104,110,52
0.004271030426025391,positive,10.0,10.0,0.08259580284357071,0.31945210695266724,0.08096117526292801,0.3061046004295349,110,54
0.004492282867431641,positive,10.0,10.0,0.11339359730482101,0.9008679986000061,0.0834040567278862,-0.48769229650497437,110,57
0.004716157913208008,positive,10.0,10.0,0.163477823138237,0.7026268243789673,0.06148151308298111,-0.12452708184719086,110,60
0.0047800540924072266,positive,10.0,10.0,0.17753036320209503,0.506680428981781,0.058990973979234695,0.18690137565135956,110,61
0.0048449039459228516,positive,10.0,10.0,0.1876639723777771,0.3107662796974182,0.06272900104522705,0.4975947439670563,110,62
0.0050694942474365234,positive,10.0,10.0,0.21795755624771118,0.892897367477417,0.07631576061248779,-0.31094443798065186,110,65
0.005301475524902344,positive,10.0,10.0,0.2753690481185913,0.6949167847633362,0.05323049798607826,0.045851148664951324,110,68
0.005763053894042969,positive,10.0,10.0,0.34680891036987305,0.6895744204521179,0.08169613778591156,0.16416314244270325,110,74
0.005908966064453125,positive,10.0,10.0,0.37826913595199585,1.0772453546524048,0.08294600993394852,-0.3663785457611084,110,76
0.006211996078491211,positive,10.0,10.0,0.4643170237541199,0.6831590533256531,0.056568074971437454,0.30557742714881897,110,80
0.006355762481689453,positive,10.0,10.0,0.49552881717681885,0.6814689636230469,0.06330477446317673,0.343039333820343,110,82
0.0068206787109375,positive,10.0,10.0,0.6121290326118469,0.6759336590766907,0.05826444923877716,0.4651932716369629,110,88
0.007055997848510742,positive,10.0,10.0,0.656534731388092,0.8682127594947815,0.0814896747469902,0.23528261482715607,110,91
0.007119894027709961,positive,10.0,10.0,0.6738989949226379,1.0620815753936768,0.08619532734155655,-0.03062417171895504,110,92
0.0071871280670166016,positive,10.0,10.0,0.6951406002044678,1.2558684349060059,0.08558284491300583,-0.2949152886867523,110,93
0.007252216339111328,positive,10.0,10.0,0.7202579975128174,1.0596373081207275,0.0796845406293869,0.023484837263822556,110,94
0.0073163509368896484,positive,10.0,10.0,0.7414507269859314,0.86346834897995,0.08015423268079758,0.34020698070526123,110,95
0.007379293441772461,positive,10.0,10.0,0.7587200999259949,1.057363748550415,0.0869583711028099,0.0738377571105957,110,96
0.007444143295288086,positive,10.0,10.0,0.77986741065979,1.25113844871521,0.08843512833118439,-0.19019237160682678,110,97
0.0075876712799072266,positive,10.0,10.0,0.8337879776954651,1.248680830001831,0.07555688917636871,-0.13560575246810913,110,99
0.007651090621948242,positive,10.0,10.0,0.8587616086006165,1.4426438808441162,0.07284477353096008,-0.40352752804756165,110,100
0.0077173709869384766,positive,10.0,10.0,0.8876144886016846,1.2465684413909912,0.06477422267198563,-0.08879698067903519,110,101
0.007781982421875,positive,10.0,10.0,0.9125458598136902,1.0505807399749756,0.06299827992916107,0.2235984057188034,110,102
0.007847070693969727,positive,10.0,10.0,0.9335574507713318,0.8546175360679626,0.0674702525138855,0.5354692935943604,110,103
0.00807046890258789,positive,10.0,10.0,0.9964774250984192,1.436484932899475,0.08343033492565155,-0.26747259497642517,110,106
0.008308649063110352,positive,10.0,10.0,1.078696608543396,1.2380398511886597,0.07475223392248154,0.0997977927327156,110,109
0.008453130722045898,positive,10.0,10.0,1.1242960691452026,1.2358856201171875,0.08505012840032578,0.14756254851818085,110,111
0.009087085723876953,negative,10.0,-10.0,1.3134685754776,1.6134164333343506,0.13742965459823608,-0.1594969481229782,110,119
0.010202169418334961,positive,10.0,10.0,1.8126883506774902,1.5904287099838257,0.08883415162563324,0.35039636492729187,110,133
0.01043081283569336,negative,10.0,-10.0,1.8963371515274048,1.0014476776123047,0.12905585765838623,1.315868854522705,110,136
0.010494709014892578,negative,10.0,-10.0,1.9163661003112793,0.8049508333206177,0.1553732305765152,1.6460000276565552,110,137
0.010558843612670898,negative,10.0,-10.0,1.9324651956558228,0.997951090335846,0.1882932335138321,1.4054832458496094,110,138
0.0002741813659667969,positive,10.0,10.0,-0.04178755730390549,0.00927768275141716,-0.04541536793112755,0.007084529381245375,111,0
0.0003848075866699219,positive,10.0,10.0,-0.0416020043194294,-0.18516451120376587,-0.04527367651462555,0.2850995659828186,111,1
0.00045680999755859375,positive,10.0,10.0,-0.045305296778678894,-0.3796125054359436,-0.03957168757915497,0.5631667971611023,111,2
0.0007905960083007812,positive,10.0,10.0,-0.06781452149152756,-0.3781695067882538,-0.0074641285464167595,0.5307980179786682,111,6
0.0010960102081298828,positive,10.0,10.0,-0.09026097506284714,-0.378480464220047,0.023241326212882996,0.5377013087272644,111,10
0.0011606216430664062,positive,10.0,10.0,-0.09783058613538742,-0.18369285762310028,0.03399535268545151,0.25243109464645386,111,11
0.0012238025665283203,positive,10.0,10.0,-0.10150444507598877,-0.3792833387851715,0.03904397413134575,0.5556400418281555,111,12
0.001367807388305664,positive,10.0,10.0,-0.1127847209572792,-0.38053104281425476,0.0556669645011425,0.5835805535316467,111,14
0.0014345645904541016,positive,10.0,10.0,-0.12039534747600555,-0.1862313151359558,0.06733857840299606,0.308940052986145,111,15
0.0014996528625488281,positive,10.0,10.0,-0.12411996722221375,-0.38224488496780396,0.07351737469434738,0.6220766305923462,111,16
0.0020470619201660156,positive,10.0,10.0,-0.11963434517383575,0.19429321587085724,0.0844479650259018,-0.06292420625686646,111,23
0.002110719680786133,positive,10.0,10.0,-0.11574847996234894,0.3881092369556427,0.0831894800066948,-0.3278140127658844,111,24
0.002256631851196289,positive,10.0,10.0,-0.10414814949035645,0.3858516216278076,0.07643120735883713,-0.27765390276908875,111,26
0.0024042129516601562,positive,10.0,10.0,-0.08483502268791199,0.773862898349762,0.05997242406010628,-0.8148209452629089,111,28
0.0025482177734375,positive,10.0,10.0,-0.05779829993844032,0.38226377964019775,0.03359813615679741,-0.1977725625038147,111,30
0.0027704238891601562,positive,10.0,10.0,-0.04659659042954445,0.18580156564712524,0.039893072098493576,0.12469581514596939,111,33
0.0029273033142089844,positive,10.0,10.0,-0.04307793080806732,0.18462833762168884,0.05098084732890129,0.15066766738891602,111,35
0.0029921531677246094,positive,10.0,10.0,-0.0393853634595871,-0.011185148730874062,0.05399420112371445,0.45898815989494324,111,36
0.0032186508178710938,positive,10.0,10.0,-0.0362030491232872,0.18128602206707,0.07676449418067932,0.22483684122562408,111,39
0.003364086151123047,positive,10.0,10.0,-0.025072693824768066,0.569100022315979,0.08040766417980194,-0.3086567223072052,111,41
0.003430604934692383,positive,10.0,10.0,-0.013690692372620106,0.37292996048927307,0.07423453032970428,0.008262062445282936,111,42
0.003660917282104492,positive,10.0,10.0,0.01252241525799036,0.17476989328861237,0.07029933482408524,0.3687722086906433,111,45
0.003725290298461914,positive,10.0,10.0,0.016017813235521317,0.3688262104988098,0.07767478376626968,0.09905767440795898,111,46
0.0039501190185546875,positive,10.0,10.0,0.04978243261575699,0.56053626537323,0.06759961694478989,-0.11894790083169937,111,49
0.004024028778076172,positive,10.0,10.0,0.06099315732717514,0.36451420187950134,0.0652206614613533,0.19427283108234406,111,50
0.0043315887451171875,positive,10.0,10.0,0.09003627300262451,0.36029258370399475,0.0833752453327179,0.2879454791545868,111,54
0.004555702209472656,positive,10.0,10.0,0.12328219413757324,0.9416064023971558,0.0847756639122963,-0.5037379264831543,111,57
0.004703521728515625,positive,10.0,10.0,0.15702228248119354,0.5492914915084839,0.07098913192749023,0.1296929568052292,111,59
0.006058216094970703,positive,10.0,10.0,0.4336310029029846,0.7214887738227844,0.05837620049715042,0.3428378999233246,111,76
0.006125211715698242,positive,10.0,10.0,0.4480607807636261,0.5255869626998901,0.06523295491933823,0.6533428430557251,111,77
0.006192684173583984,positive,10.0,10.0,0.45857250690460205,0.7197428345680237,0.07829981297254562,0.3818933963775635,111,78
0.006257057189941406,positive,10.0,10.0,0.47296738624572754,0.5236014723777771,0.08593768626451492,0.6982006430625916,111,79
0.008103609085083008,negative,10.0,-10.0,0.9986286163330078,1.4612771272659302,0.14112499356269836,0.06997022777795792,111,102
0.008168935775756836,negative,10.0,-10.0,1.027854084968567,1.2644436359405518,0.14252439141273499,0.40363839268684387,111,103
0.00823211669921875,negative,10.0,-10.0,1.05314302444458,1.457287073135376,0.15059716999530792,0.15906673669815063,111,104
0.00830078125,negative,10.0,-10.0,1.0822887420654297,1.649968147277832,0.15377849340438843,-0.08257518708705902,111,105
0.008365154266357422,negative,10.0,-10.0,1.1152881383895874,1.8425896167755127,0.1521269977092743,-0.323064923286438,111,106
0.008426666259765625,negative,10.0,-10.0,1.1521399021148682,1.6456657648086548,0.14566569030284882,0.013462439179420471,111,107
0.008492469787597656,negative,10.0,-10.0,1.1850532293319702,1.8384308815002441,0.14593493938446045,-0.22994866967201233,111,108
0.009201765060424805,positive,10.0,10.0,1.5458109378814697,2.017760753631592,0.08813323080539703,-0.17247559130191803,111,117
0.009268760681152344,positive,10.0,10.0,1.5861661434173584,1.8214952945709229,0.08468371629714966,0.1466577649116516,111,118
0.009415149688720703,positive,10.0,10.0,1.6629022359848022,2.209073305130005,0.08525379747152328,-0.38195890188217163,111,120
0.009797811508178711,positive,10.0,10.0,1.8757836818695068,2.3987812995910645,0.06372056156396866,-0.5550342202186584,111,125
0.009861946105957031,negative,10.0,-10.0,1.9237593412399292,2.5929534435272217,0.052619874477386475,-0.8269801139831543,111,126
0.010005950927734375,negative,10.0,-10.0,2.031364679336548,2.591740369796753,0.014027068391442299,-0.7988795042037964,111,128
0.010069847106933594,negative,10.0,-10.0,2.0831995010375977,2.7866671085357666,-0.001950521138496697,-1.0871169567108154,111,129
0.010216951370239258,negative,10.0,-10.0,2.1907644271850586,2.7870097160339355,-0.03959379717707634,-1.095088005065918,111,131
0.010445833206176758,negative,10.0,-10.0,2.3463172912597656,2.2042553424835205,-0.08864453434944153,-0.2751709520816803,111,134
0.0011608600616455078,positive,10.0,10.0,0.013134780339896679,0.33554384112358093,0.07966354489326477,-0.36316442489624023,112,10
0.0014691352844238281,positive,10.0,10.0,0.03204803541302681,-0.05865790694952011,0.06513960659503937,0.31139475107192993,112,14
0.0015344619750976562,positive,10.0,10.0,0.03087487816810608,0.1354784518480301,0.07136750221252441,0.039945296943187714,112,15
0.0015990734100341797,positive,10.0,10.0,0.03358444571495056,-0.0605904795229435,0.07216641306877136,0.3542642891407013,112,16
0.0016634464263916016,positive,10.0,10.0,0.03237263858318329,0.13343511521816254,0.07925169914960861,0.08518193662166595,112,17
0.0017285346984863281,positive,10.0,10.0,0.035041339695453644,0.3273368775844574,0.08095533400774002,-0.18148215115070343,112,18
0.002034425735473633,positive,10.0,10.0,0.06109518185257912,-0.06694252789020538,0.06938133388757706,0.4945751130580902,112,22
0.002099275588989258,positive,10.0,10.0,0.0597563311457634,0.12713587284088135,0.07927283644676208,0.224539652466774,112,23
0.0022482872009277344,positive,10.0,10.0,0.06871985644102097,0.5148677825927734,0.08292118459939957,-0.3072458505630493,112,25
0.0023937225341796875,positive,10.0,10.0,0.08539057523012161,0.5126098394393921,0.07698412984609604,-0.2571122944355011,112,27
0.0024569034576416016,positive,10.0,10.0,0.09564277529716492,0.7065531015396118,0.07184188812971115,-0.5245545506477356,112,28
0.002533435821533203,positive,10.0,10.0,0.10977383702993393,0.5104975700378418,0.06135079264640808,-0.21012648940086365,112,29
0.0025975704193115234,positive,10.0,10.0,0.11998379230499268,0.31455451250076294,0.05714826285839081,0.10126097500324249,112,30
0.0027463436126708984,positive,10.0,10.0,0.12864811718463898,0.3128974437713623,0.06740172952413559,0.13795611262321472,112,32
0.002813577651977539,positive,10.0,10.0,0.13490606844425201,0.506992518901825,0.07016085088253021,-0.13272428512573242,112,33
0.0028777122497558594,positive,10.0,10.0,0.1450459212064743,0.31093934178352356,0.06750636547803879,0.18124230206012726,112,34
0.002940654754638672,positive,10.0,10.0,0.1512647122144699,0.11491962522268295,0.07113121449947357,0.4944339990615845,112,35
0.003087759017944336,positive,10.0,10.0,0.15974250435829163,0.5028463006019592,0.08551967889070511,-0.04107723757624626,112,37
0.0031540393829345703,positive,10.0,10.0,0.16979943215847015,0.6966444253921509,0.0846981331706047,-0.3055998980998993,112,38
0.003220081329345703,positive,10.0,10.0,0.1837323158979416,0.8904637098312378,0.07858613133430481,-0.5704151391983032,112,39
0.003368854522705078,positive,10.0,10.0,0.21542824804782867,0.4983190596103668,0.062096912413835526,0.059046611189842224,112,41
0.0034346580505371094,positive,10.0,10.0,0.2253946214914322,0.6924982666969299,0.06327784061431885,-0.2134159952402115,112,42
0.0036611557006835938,positive,10.0,10.0,0.2551875412464142,0.49482226371765137,0.06916503608226776,0.1363867223262787,112,45
0.003725290298461914,positive,10.0,10.0,0.2650839686393738,0.29878130555152893,0.07189276814460754,0.4500633776187897,112,46
0.0038700103759765625,positive,10.0,10.0,0.2809159457683563,0.6866934895515442,0.0845116451382637,-0.08522690087556839,112,48
0.004018545150756836,positive,10.0,10.0,0.3122599720954895,0.6843127608299255,0.07580520212650299,-0.0324922576546669,112,50
0.004163026809692383,positive,10.0,10.0,0.3435116410255432,0.6821621656417847,0.06914880126714706,0.015079056844115257,112,52
0.004386425018310547,positive,10.0,10.0,0.3804810643196106,0.8741424679756165,0.0772005245089531,-0.20900650322437286,112,55
0.00445246696472168,positive,10.0,10.0,0.39796391129493713,1.0680805444717407,0.07302039861679077,-0.47637271881103516,112,56
0.004518270492553711,positive,10.0,10.0,0.41932550072669983,1.2620995044708252,0.06349294632673264,-0.7451767921447754,112,57
0.004589080810546875,positive,10.0,10.0,0.4445675015449524,1.4562904834747314,0.04858940839767456,-1.0172219276428223,112,58
0.004741191864013672,positive,10.0,10.0,0.5067079663276672,1.8454841375350952,0.002359755802899599,-1.577968955039978,112,60
0.004808187484741211,positive,10.0,10.0,0.5436176657676697,1.650334119796753,-0.029199624434113503,-1.2845510244369507,112,61
0.004954099655151367,positive,10.0,10.0,0.6135406494140625,1.6513872146606445,-0.08661527186632156,-1.3111581802368164,112,63
0.0051839351654052734,negative,10.0,-10.0,0.7009977102279663,1.4606841802597046,-0.14960545301437378,-1.1231533288955688,112,66
0.005250692367553711,negative,10.0,-10.0,0.7302113771438599,1.267806053161621,-0.1720685213804245,-0.8808879256248474,112,67
0.0005092620849609375,positive,10.0,10.0,-0.028610944747924805,-0.15216226875782013,0.03685003146529198,0.3162873089313507,113,1
0.0005834102630615234,positive,10.0,10.0,-0.03165419027209282,0.04241595417261124,0.043175775557756424,0.03544958680868149,113,2
0.000652313232421875,positive,10.0,10.0,-0.03080587089061737,-0.15329770743846893,0.0438847690820694,0.3414362072944641,113,3
0.0009801387786865234,positive,10.0,10.0,-0.03534693643450737,-0.15621188282966614,0.06130062788724899,0.40611204504966736,113,7
0.0010457038879394531,positive,10.0,10.0,-0.038471173495054245,0.03798966109752655,0.06942287087440491,0.13336798548698425,113,8
0.0011141300201416016,positive,10.0,10.0,-0.037711381912231445,-0.15805448591709137,0.07209023088216782,0.447119802236557,113,9
0.0016632080078125,positive,10.0,10.0,-0.009598184376955032,0.029280688613653183,0.0692502036690712,0.32588014006614685,113,16
0.0017282962799072266,positive,10.0,10.0,-0.009012570604681969,-0.16675539314746857,0.07576780766248703,0.6395727396011353,113,17
0.0017926692962646484,positive,10.0,10.0,-0.012347678653895855,0.027232971042394638,0.08855926245450974,0.3716794550418854,113,18
0.0022735595703125,positive,10.0,10.0,0.03342381492257118,0.4094298779964447,0.07788883149623871,-0.03766806423664093,113,24
0.002421140670776367,positive,10.0,10.0,0.053679484874010086,0.4072219133377075,0.07103956490755081,0.011182543821632862,113,26
0.0024864673614501953,positive,10.0,10.0,0.061823923140764236,0.21115685999393463,0.07126321643590927,0.32540640234947205,113,27
0.0025539398193359375,positive,10.0,10.0,0.0660470575094223,0.4051956236362457,0.07777134329080582,0.05602066218852997,113,28
0.002617359161376953,positive,10.0,10.0,0.07415097206830978,0.5991212725639343,0.07889175415039062,-0.21114686131477356,113,29
0.002922534942626953,positive,10.0,10.0,0.12195179611444473,0.20499810576438904,0.06485243886709213,0.46134334802627563,113,33
0.003066539764404297,positive,10.0,10.0,0.13403469324111938,0.5931346416473389,0.0778750330209732,-0.07863856852054596,113,35
0.0031309127807617188,positive,10.0,10.0,0.14589737355709076,0.7870588302612305,0.07630226016044617,-0.3457711637020111,113,36
0.003194093704223633,positive,10.0,10.0,0.1616385579109192,0.5909391641616821,0.06938683986663818,-0.030036427080631256,113,37
0.0032563209533691406,positive,10.0,10.0,0.1734573394060135,0.3948942720890045,0.06878610700368881,0.2837066054344177,113,38
0.0036394596099853516,positive,10.0,10.0,0.220529705286026,0.9739900231361389,0.09033326804637909,-0.4587719142436981,113,43
0.003830432891845703,positive,10.0,10.0,0.25556379556655884,0.9715864658355713,0.07837706804275513,-0.40505364537239075,113,45
0.003979682922363281,positive,10.0,10.0,0.29050442576408386,0.5793903470039368,0.06850147247314453,0.22527483105659485,113,47
0.004239797592163086,positive,10.0,10.0,0.3369111120700836,0.7714020013809204,0.06582976132631302,0.0007006286759860814,113,50
0.004543304443359375,positive,10.0,10.0,0.39850854873657227,1.1575512886047363,0.06841784715652466,-0.4957021474838257,113,54
0.004691123962402344,positive,10.0,10.0,0.44089028239250183,0.7656264305114746,0.0548584870994091,0.12828394770622253,113,56
0.0048367977142333984,positive,10.0,10.0,0.47540122270584106,0.7640261054039001,0.054492171853780746,0.16363228857517242,113,58
0.005868434906005859,positive,10.0,10.0,0.7112634778022766,1.3330928087234497,0.07833489030599594,-0.3563617169857025,113,71
0.005933284759521484,positive,10.0,10.0,0.7379253506660461,1.1369496583938599,0.07120765745639801,-0.04004223644733429,113,72
0.006002187728881836,positive,10.0,10.0,0.7606643438339233,0.9408826231956482,0.07040680944919586,0.27423030138015747,113,73
0.006227731704711914,positive,10.0,10.0,0.8131548762321472,1.132583498954773,0.09406502544879913,0.05661508068442345,113,76
0.006376504898071289,positive,10.0,10.0,0.8623313307762146,1.1298943758010864,0.09109792113304138,0.11615955829620361,113,78
0.007652997970581055,positive,10.0,10.0,1.306516170501709,1.8895341157913208,0.0705939456820488,-0.5969642996788025,113,94
0.007719993591308594,positive,10.0,10.0,1.3443068265914917,2.0836009979248047,0.05865465849637985,-0.8666020035743713,113,95
0.0077855587005615234,positive,10.0,10.0,1.3859788179397583,2.2778775691986084,0.04132261872291565,-1.1402814388275146,113,96
0.007850408554077148,positive,10.0,10.0,1.4315364360809326,2.082240581512451,0.018516991287469864,-0.834930956363678,113,97
0.007914543151855469,positive,10.0,10.0,1.4731812477111816,1.8868706226348877,0.0018183726351708174,-0.536482572555542,113,98
0.008140325546264648,positive,10.0,10.0,1.5981022119522095,2.082430839538574,-0.04796440154314041,-0.8394820690155029,113,101
0.008453607559204102,negative,10.0,-10.0,1.7881990671157837,2.8663878440856934,-0.15243077278137207,-2.1044774055480957,113,105
0.0003647804260253906,positive,10.0,10.0,-0.028881091624498367,-0.026390468701720238,-0.01848740503191948,0.006695450749248266,114,0
0.0004684925079345703,positive,10.0,10.0,-0.029408900067210197,-0.22124247252941132,-0.018353495746850967,0.2934885323047638,114,1
0.000659942626953125,positive,10.0,10.0,-0.03435102477669716,-0.22080443799495697,-0.012582242488861084,0.28379228711128235,114,3
0.0007259845733642578,positive,10.0,10.0,-0.03876711428165436,-0.41574469208717346,-0.006906396243721247,0.5724804401397705,114,4
0.0011899471282958984,positive,10.0,10.0,-0.05980679765343666,-0.2207341194152832,0.021530652418732643,0.2822568118572235,114,7
0.0015778541564941406,positive,10.0,10.0,-0.08196292072534561,-0.028160540387034416,0.05158941075205803,0.04579762741923332,114,12
0.0017247200012207031,positive,10.0,10.0,-0.08700578659772873,-0.029645249247550964,0.0595913827419281,0.07862566411495209,114,14
0.002035856246948242,positive,10.0,10.0,-0.08948329836130142,0.3567366302013397,0.0682191327214241,-0.42281532287597656,114,18
0.002100229263305664,positive,10.0,10.0,-0.08234856277704239,0.1607179045677185,0.059762824326753616,-0.1094302386045456,114,19
0.002164125442504883,positive,10.0,10.0,-0.07913420349359512,-0.03520726040005684,0.05757422000169754,0.20149265229701996,114,20
0.002312183380126953,positive,10.0,10.0,-0.08446041494607925,-0.036900781095027924,0.07183942198753357,0.23911625146865845,114,22
0.0024566650390625,positive,10.0,10.0,-0.08205592632293701,0.3510695695877075,0.07602035254240036,-0.29762768745422363,114,24
0.0026013851165771484,positive,10.0,10.0,-0.07193551957607269,-0.04110228642821312,0.07042838633060455,0.3319704532623291,114,26
0.002825021743774414,positive,10.0,10.0,-0.06276080757379532,0.5408071875572205,0.07421174645423889,-0.4720920920372009,114,29
0.002888917922973633,positive,10.0,10.0,-0.05194466561079025,0.34471985697746277,0.06476990133523941,-0.15697240829467773,114,30
0.0029518604278564453,positive,10.0,10.0,-0.04505027085542679,0.1487332284450531,0.061630453914403915,0.15542013943195343,114,31
0.003015279769897461,positive,10.0,10.0,-0.04207560420036316,-0.04721451178193092,0.06473885476589203,0.4668916165828705,114,32
0.003078460693359375,positive,10.0,10.0,-0.043019894510507584,0.14693588018417358,0.07407668977975845,0.1952960193157196,114,33
0.0031409263610839844,positive,10.0,10.0,-0.04008117690682411,0.34092435240745544,0.07798260450363159,-0.0731300637125969,114,34
0.0032033920288085938,positive,10.0,10.0,-0.03326268866658211,0.5348467230796814,0.07652000337839127,-0.3402259647846222,114,35
0.003266572952270508,positive,10.0,10.0,-0.022565755993127823,0.33872416615486145,0.0697154849767685,-0.024427995085716248,114,36
0.0034911632537841797,positive,10.0,10.0,-0.006202861201018095,0.5307157635688782,0.07540193200111389,-0.24876421689987183,114,39
0.003646373748779297,positive,10.0,10.0,0.018905142322182655,0.5286451578140259,0.060091782361269,-0.20272506773471832,114,41
0.0037102699279785156,positive,10.0,10.0,0.02947804518043995,0.3327175974845886,0.05603728070855141,0.10829216986894608,114,42
0.003855466842651367,positive,10.0,10.0,0.038869183510541916,0.33109021186828613,0.06656541675329208,0.1443338394165039,114,44
0.003998279571533203,positive,10.0,10.0,0.04819260910153389,0.3291561007499695,0.07859713584184647,0.18724395334720612,114,46
0.00414729118347168,positive,10.0,10.0,0.0652371495962143,0.32687079906463623,0.08074908703565598,0.23783770203590393,114,48
0.004210710525512695,positive,10.0,10.0,0.07177456468343735,0.5207518935203552,0.08550584316253662,-0.02832183614373207,114,49
0.004274845123291016,positive,10.0,10.0,0.08218959718942642,0.7145501375198364,0.08493940532207489,-0.2928491234779358,114,50
0.004499673843383789,positive,10.0,10.0,0.12109173834323883,0.9061305522918701,0.07476270943880081,-0.5079081654548645,114,53
0.004564523696899414,positive,10.0,10.0,0.13921435177326202,0.7100391983985901,0.06460454314947128,-0.19263309240341187,114,54
0.004871845245361328,positive,10.0,10.0,0.18030443787574768,0.7063167095184326,0.07494048774242401,-0.11041129380464554,114,58
0.005022764205932617,positive,10.0,10.0,0.21243655681610107,0.7042137980461121,0.06516142934560776,-0.0638415664434433,114,60
0.005182743072509766,positive,10.0,10.0,0.23668524622917175,0.3122476637363434,0.06885794550180435,0.5607972145080566,114,62
0.005248069763183594,positive,10.0,10.0,0.24293020367622375,0.5063390731811523,0.08007389307022095,0.29057827591896057,114,63
0.005311250686645508,positive,10.0,10.0,0.25305697321891785,0.7002333998680115,0.08588545769453049,0.024185320362448692,114,64
0.005455493927001953,positive,10.0,10.0,0.2849421501159668,1.087814211845398,0.08156492561101913,-0.5044506192207336,114,66
0.005520820617675781,positive,10.0,10.0,0.30669844150543213,0.8916431665420532,0.07147591561079025,-0.18721884489059448,114,67
0.005583524703979492,positive,10.0,10.0,0.32453131675720215,0.6955752372741699,0.06773153692483902,0.12712813913822174,114,68
0.005645751953125,positive,10.0,10.0,0.3384428024291992,0.4995516240596771,0.07027409970760345,0.44038715958595276,114,69
0.005709409713745117,positive,10.0,10.0,0.34843385219573975,0.6936123371124268,0.07908184081315994,0.1706581562757492,114,70
0.0059397220611572266,positive,10.0,10.0,0.4016838073730469,0.8851979374885559,0.07334119081497192,-0.04466211795806885,114,73
0.006005287170410156,positive,10.0,10.0,0.4193877577781677,1.0791957378387451,0.07244794815778732,-0.3133336007595062,114,74
0.006158590316772461,positive,10.0,10.0,0.45863407850265503,0.687114953994751,0.06620705127716064,0.3140966296195984,114,76
0.006308317184448242,positive,10.0,10.0,0.4900010824203491,1.0752460956573486,0.07334911078214645,-0.22595401108264923,114,78
0.006533622741699219,positive,10.0,10.0,0.558355450630188,0.8773119449615479,0.05531603470444679,0.12960609793663025,114,81
0.00667881965637207,positive,10.0,10.0,0.5895305275917053,0.8756995797157288,0.06669244915246964,0.16533374786376953,114,83
0.0070629119873046875,positive,10.0,10.0,0.6846962571144104,1.0652893781661987,0.07610752433538437,-0.005694532301276922,114,88
0.0073697566986083984,positive,10.0,10.0,0.7697873711585999,1.450820803642273,0.07856898754835129,-0.48882246017456055,114,92
0.00890040397644043,positive,10.0,10.0,1.250198245048523,1.617998480796814,0.09351830929517746,-0.16418810188770294,114,111
0.008965253829956055,positive,10.0,10.0,1.2825582027435303,1.8116660118103027,0.09023454785346985,-0.4259655773639679,114,112
0.00919485092163086,positive,10.0,10.0,1.387284278869629,2.003157615661621,0.07214851677417755,-0.638644278049469,114,115
0.009340524673461914,positive,10.0,10.0,1.4634896516799927,2.001336097717285,0.05289280414581299,-0.5975244045257568,114,117
0.009405136108398438,positive,10.0,10.0,1.5035163164138794,2.1956796646118164,0.04094231501221657,-0.8730887174606323,114,118
0.00979304313659668,positive,10.0,10.0,1.7152115106582642,1.9998170137405396,-0.03308255225419998,-0.5631898641586304,114,123
0.009859561920166016,positive,10.0,10.0,1.7552077770233154,1.805174469947815,-0.04434635117650032,-0.28111034631729126,114,124
0.010327339172363281,negative,10.0,-10.0,1.9603561162948608,1.8102478981018066,-0.06568518280982971,-0.39353734254837036,114,130
0.010476350784301758,negative,10.0,-10.0,2.028883457183838,1.422121286392212,-0.07600124180316925,0.14633427560329437,114,132
0.01054072380065918,negative,10.0,-10.0,2.057325839996338,1.2281653881072998,-0.07307455688714981,0.41410550475120544,114,133
0.010604143142700195,negative,10.0,-10.0,2.0818891525268555,1.4242428541183472,-0.0647924467921257,0.09930931776762009,114,134
0.010669708251953125,negative,10.0,-10.0,2.1103739738464355,1.6202306747436523,-0.06280626356601715,-0.21309122443199158,114,135
0.010738134384155273,negative,10.0,-10.0,2.1427786350250244,1.8161917924880981,-0.06706808507442474,-0.5249061584472656,114,136
0.010802984237670898,negative,10.0,-10.0,2.1791024208068848,2.012190341949463,-0.07756620645523071,-0.8379461765289307,114,137
0.010866403579711914,negative,10.0,-10.0,2.219346284866333,2.2082810401916504,-0.09432513266801834,-1.1539794206619263,114,138
0.011011123657226562,negative,10.0,-10.0,2.303802013397217,2.2110092639923096,-0.1352507472038269,-1.2194629907608032,114,140
0.011077404022216797,negative,10.0,-10.0,2.348022222518921,2.40759015083313,-0.15963999927043915,-1.5512840747833252,114,141
0.0004658699035644531,positive,10.0,10.0,-0.04157912731170654,-0.35868680477142334,0.00839270930737257,0.5732679963111877,115,2
0.0006194114685058594,positive,10.0,10.0,-0.05202653259038925,-0.35908299684524536,0.025522885844111443,0.5821201205253601,115,4
0.0008451938629150391,positive,10.0,10.0,-0.06188984215259552,-0.16546769440174103,0.04345402494072914,0.3228205144405365,115,7
0.0009922981262207031,positive,10.0,10.0,-0.06461900472640991,-0.1667913943529129,0.050793472677469254,0.3521547317504883,115,9
0.001056671142578125,positive,10.0,10.0,-0.06795483827590942,0.027572840452194214,0.057836566120386124,0.0759112536907196,115,10
0.001283884048461914,positive,10.0,10.0,-0.07025188952684402,-0.1701129823923111,0.06933756917715073,0.42594173550605774,115,13
0.001348257064819336,positive,10.0,10.0,-0.07365415245294571,0.023961849510669708,0.0778564065694809,0.15589791536331177,115,14
0.0017561912536621094,positive,10.0,10.0,-0.04807668551802635,0.21360257267951965,0.06337983906269073,-0.016372820362448692,115,19
0.0025539398193359375,positive,10.0,10.0,-0.01020321249961853,0.2020181566476822,0.0868370532989502,0.24005126953125,115,29
0.003107309341430664,positive,10.0,10.0,0.04479512572288513,0.7770148515701294,0.09260236471891403,-0.41211897134780884,115,36
0.003172636032104492,positive,10.0,10.0,0.060335420072078705,0.5807105302810669,0.08435998857021332,-0.09173794835805893,115,37
0.0032367706298828125,positive,10.0,10.0,0.07194963097572327,0.7745283842086792,0.08252523094415665,-0.356658399105072,115,38
0.0035402774810791016,positive,10.0,10.0,0.12597690522670746,0.38016536831855774,0.06862980872392654,0.32161131501197815,115,42
0.0036072731018066406,positive,10.0,10.0,0.13358022272586823,0.5742462873458862,0.07506202906370163,0.051336586475372314,115,43
0.0038361549377441406,positive,10.0,10.0,0.17967291176319122,0.7661152482032776,0.06206382066011429,-0.170088991522789,115,46
0.0039000511169433594,positive,10.0,10.0,0.1949952244758606,0.5701624155044556,0.058662042021751404,0.14150941371917725,115,47
0.0039637088775634766,positive,10.0,10.0,0.20639847218990326,0.37425151467323303,0.061492227017879486,0.4521070420742035,115,48
0.004035234451293945,positive,10.0,10.0,0.21388350427150726,0.5684523582458496,0.0705343708395958,0.17942361533641815,115,49
0.004183292388916016,positive,10.0,10.0,0.23270046710968018,0.5663982629776001,0.08399278670549393,0.2250647097826004,115,51
0.004249095916748047,positive,10.0,10.0,0.24402843415737152,0.7602255940437317,0.08849408477544785,-0.0399865061044693,115,52
0.004311800003051758,positive,10.0,10.0,0.25923293828964233,0.9539744257926941,0.08769435435533524,-0.30348923802375793,115,53
0.004614830017089844,positive,10.0,10.0,0.3354073166847229,0.9493275284767151,0.06660597026348114,-0.20019987225532532,115,57
0.004679203033447266,positive,10.0,10.0,0.354393869638443,0.753319263458252,0.0626019686460495,0.11272820830345154,115,58
0.004902839660644531,positive,10.0,10.0,0.39563754200935364,0.9455041885375977,0.07640492916107178,-0.11573837697505951,115,61
0.0050470829010009766,positive,10.0,10.0,0.43733668327331543,0.9433615803718567,0.0664227306842804,-0.06827883422374725,115,63
0.005274295806884766,positive,10.0,10.0,0.482178270816803,0.7454392313957214,0.08109058439731598,0.28722184896469116,115,66
0.005418062210083008,positive,10.0,10.0,0.515873372554779,1.133092999458313,0.08725854009389877,-0.24289608001708984,115,68
0.0054814815521240234,positive,10.0,10.0,0.5385352373123169,1.3268672227859497,0.0824006199836731,-0.506830096244812,115,69
0.005544900894165039,positive,10.0,10.0,0.5650725960731506,1.1306867599487305,0.07226401567459106,-0.18935944139957428,115,70
0.005934000015258789,positive,10.0,10.0,0.7169682383537292,2.102344512939453,-0.0009191408753395081,-1.5653350353240967,115,75
0.006003379821777344,positive,10.0,10.0,0.7590150833129883,1.907233476638794,-0.0322258435189724,-1.2729389667510986,115,76
0.006152629852294922,positive,10.0,10.0,0.8314105272293091,1.9083818197250366,-0.07749500125646591,-1.3007471561431885,115,78
0.0064601898193359375,negative,10.0,-10.0,0.9608291387557983,1.1345962285995483,-0.15014511346817017,-0.27802878618240356,115,82
0.0066051483154296875,negative,10.0,-10.0,1.0023590326309204,0.749313473701477,-0.1564299464225769,0.20357899367809296,115,84
0.006668806076049805,negative,10.0,-10.0,1.0173453092575073,0.9462863206863403,-0.15235836803913116,-0.13407571613788605,115,85
0.006811857223510742,negative,10.0,-10.0,1.0513437986373901,0.5610381960868835,-0.152901291847229,0.34696415066719055,115,87
0.007195234298706055,positive,10.0,10.0,1.0766737461090088,-0.014696648344397545,-0.08097290247678757,1.01266348361969,115,92
0.007340192794799805,positive,10.0,10.0,1.0800079107284546,-0.012822896242141724,-0.046805791556835175,0.9686591029167175,115,94
0.007483482360839844,positive,10.0,10.0,1.0756057500839233,-0.4020458161830902,-0.002507032360881567,1.530243992805481,115,96
0.007546663284301758,positive,10.0,10.0,1.067564845085144,-0.597137451171875,0.0280978474766016,1.8221435546875,115,97
0.0077745914459228516,negative,10.0,-10.0,1.0200055837631226,-1.1841250658035278,0.15571562945842743,2.7588396072387695,115,100
0.0001773834228515625,positive,10.0,10.0,0.0404239147901535,0.03819945454597473,-0.03457818925380707,-0.03952274098992348,116,0
0.0003600120544433594,positive,10.0,10.0,0.03805970400571823,0.039198826998472214,-0.03052758239209652,-0.06157296523451805,116,2
0.0004265308380126953,positive,10.0,10.0,0.038843680173158646,-0.15547242760658264,-0.03175904229283333,0.2213241457939148,116,3
0.0005748271942138672,positive,10.0,10.0,0.028731705620884895,-0.15463007986545563,-0.0172561127692461,0.20265255868434906,116,5
0.000640869140625,positive,10.0,10.0,0.02563910372555256,-0.3495010435581207,-0.013203062117099762,0.4898424446582794,116,6
0.0007886886596679688,positive,10.0,10.0,0.015565175563097,-0.3492684066295624,0.0004543430986814201,0.48463431000709534,116,8
0.0008528232574462891,positive,10.0,10.0,0.008579807355999947,-0.15415287017822266,0.010147029533982277,0.1920946091413498,116,9
0.0009188652038574219,positive,10.0,10.0,0.00549674965441227,-0.3494184911251068,0.013988921418786049,0.48796114325523376,116,10
0.000982522964477539,positive,10.0,10.0,-0.0014916204381734133,-0.1544966846704483,0.023748144507408142,0.19971963763237,116,11
0.0011262893676757812,positive,10.0,10.0,-0.011580556631088257,-0.15523001551628113,0.037738505750894547,0.21598592400550842,116,13
0.0011932849884033203,positive,10.0,10.0,-0.014685156755149364,-0.3508705794811249,0.042058221995830536,0.5203303098678589,116,14
0.0012581348419189453,positive,10.0,10.0,-0.021702568978071213,-0.15636515617370605,0.05246483162045479,0.24119165539741516,116,15
0.0014050006866455078,positive,10.0,10.0,-0.03187378868460655,-0.15792332589626312,0.0682876855134964,0.27585405111312866,116,17
0.0014705657958984375,positive,10.0,10.0,-0.035032253712415695,0.036161262542009354,0.07380476593971252,0.005466656759381294,116,18
0.0015342235565185547,positive,10.0,10.0,-0.0343090295791626,0.23015139997005463,0.07391409575939178,-0.2630474865436554,116,19
0.002002239227294922,positive,10.0,10.0,0.0203530453145504,0.22597111761569977,0.007384601980447769,-0.17008306086063385,116,25
0.0027005672454833984,positive,10.0,10.0,0.014072958379983902,0.028242044150829315,0.04979804903268814,0.18032458424568176,116,34
0.0027654170989990234,positive,10.0,10.0,0.014637799002230167,-0.1675558239221573,0.053404539823532104,0.4882918894290924,116,35
0.002911806106567383,positive,10.0,10.0,0.011822154745459557,-0.16919198632240295,0.06742851436138153,0.5248286128044128,116,37
0.003057241439819336,positive,10.0,10.0,0.008936705067753792,0.2188473343849182,0.08300773054361343,-0.012990191578865051,116,39
0.003208160400390625,positive,10.0,10.0,0.021567387506365776,0.6065368056297302,0.07718048244714737,-0.543851912021637,116,41
0.0033538341522216797,positive,10.0,10.0,0.04970800504088402,0.6045295596122742,0.0500783808529377,-0.4984733760356903,116,43
0.0034177303314208984,positive,10.0,10.0,0.061798594892024994,0.4087386429309845,0.04010891169309616,-0.19043830037117004,116,44
0.0034818649291992188,positive,10.0,10.0,0.06997337192296982,0.21306651830673218,0.03630014508962631,0.11462268233299255,116,45
0.003545999526977539,positive,10.0,10.0,0.07423470169305801,0.017443742603063583,0.03859259933233261,0.41853344440460205,116,46
0.0036919116973876953,positive,10.0,10.0,0.07882353663444519,0.016236132010817528,0.04972851648926735,0.4453839063644409,116,48
0.004082679748535156,positive,10.0,10.0,0.09589164704084396,0.5968925952911377,0.0744883269071579,-0.33026519417762756,116,53
0.004542827606201172,positive,10.0,10.0,0.15551212430000305,0.5908218026161194,0.059092022478580475,-0.19571125507354736,116,59
0.00468754768371582,positive,10.0,10.0,0.17522668838500977,0.19903919100761414,0.057478029280900955,0.42457959055900574,116,61
0.004830598831176758,positive,10.0,10.0,0.1870735138654709,0.19730030000209808,0.06898073852062225,0.46329984068870544,116,63
0.004895687103271484,positive,10.0,10.0,0.19101952016353607,0.3913830816745758,0.07824674248695374,0.19313231110572815,116,64
0.005042552947998047,positive,10.0,10.0,0.21055324375629425,0.7791582345962524,0.08063183724880219,-0.3395666778087616,116,66
0.005107879638671875,positive,10.0,10.0,0.22613641619682312,0.5829871296882629,0.07384050637483597,-0.0225859135389328,116,67
0.005172252655029297,positive,10.0,10.0,0.23779615759849548,0.7769767045974731,0.07338878512382507,-0.2910880148410797,116,68
0.005479574203491211,positive,10.0,10.0,0.28422996401786804,0.7729321718215942,0.07611456513404846,-0.2016352117061615,116,72
0.005546092987060547,positive,10.0,10.0,0.2996886074542999,0.9668877124786377,0.07208185642957687,-0.4693700671195984,116,73
0.005776405334472656,positive,10.0,10.0,0.34594014286994934,0.7690847516059875,0.06273547559976578,-0.11638461798429489,116,76
0.00592494010925293,positive,10.0,10.0,0.3727843165397644,0.3771909475326538,0.064316026866436,0.5065230131149292,116,78
0.005990505218505859,positive,10.0,10.0,0.38032811880111694,0.18122448027133942,0.07444649189710617,0.8187608122825623,116,79
0.006460905075073242,positive,10.0,10.0,0.4601944386959076,0.9529547691345215,0.09389692544937134,-0.16140878200531006,116,85
0.006524801254272461,positive,10.0,10.0,0.47925353050231934,1.1466158628463745,0.09066874533891678,-0.42305558919906616,116,86
0.006827354431152344,positive,10.0,10.0,0.5630367398262024,1.142031192779541,0.0717247948050499,-0.32090726494789124,116,90
0.006890773773193359,positive,10.0,10.0,0.5858773589134216,0.9459649324417114,0.0653066486120224,-0.0064951274544000626,116,91
0.006957530975341797,positive,10.0,10.0,0.6047967076301575,0.7499701380729675,0.06517674773931503,0.3060568869113922,116,92
0.007021665573120117,positive,10.0,10.0,0.619796097278595,0.9441056847572327,0.07129788398742676,0.03462023660540581,116,93
0.007249355316162109,positive,10.0,10.0,0.6724802851676941,1.135972023010254,0.0805642232298851,-0.1869828701019287,116,96
0.007313251495361328,positive,10.0,10.0,0.695199728012085,1.3298544883728027,0.07682456076145172,-0.45320290327072144,116,97
0.007377147674560547,positive,10.0,10.0,0.7217968106269836,1.133734941482544,0.06776050478219986,-0.1373271495103836,116,98
0.007440805435180664,positive,10.0,10.0,0.7444714903831482,0.937711238861084,0.06501396000385284,0.17594006657600403,116,99
0.007505655288696289,positive,10.0,10.0,0.7632257342338562,0.7417219877243042,0.06853276491165161,0.48840346932411194,116,100
0.007569313049316406,positive,10.0,10.0,0.7780601382255554,0.9358134865760803,0.0783008337020874,0.2180825024843216,116,101
0.007632732391357422,positive,10.0,10.0,0.7967764139175415,1.129733920097351,0.08266248553991318,-0.048909928649663925,116,102
0.007866621017456055,positive,10.0,10.0,0.8683905601501465,1.3213586807250977,0.07545357197523117,-0.2650998532772064,116,105
0.00801229476928711,positive,10.0,10.0,0.9173226356506348,0.9291913509368896,0.0711594820022583,0.3643607795238495,116,107
0.008075952529907227,positive,10.0,10.0,0.9359064698219299,1.123233675956726,0.07844670116901398,0.09493717551231384,116,108
0.00814056396484375,positive,10.0,10.0,0.9583711624145508,1.3171486854553223,0.08034544438123703,-0.1720012128353119,116,109
0.008203744888305664,positive,10.0,10.0,0.984714150428772,1.1209741830825806,0.07690542191267014,0.1449074000120163,116,110
0.008266925811767578,positive,10.0,10.0,1.0071336030960083,1.314915418624878,0.07980356365442276,-0.12255656719207764,116,111
0.008331298828125,positive,10.0,10.0,1.033431887626648,1.1187461614608765,0.07735243439674377,0.1941981017589569,116,112
0.008395195007324219,positive,10.0,10.0,1.0558068752288818,0.9226078391075134,0.08123639971017838,0.5102447867393494,116,113
0.009107828140258789,positive,10.0,10.0,1.2910734415054321,1.494588851928711,0.09051913768053055,-0.07440420985221863,116,122
0.009254693984985352,positive,10.0,10.0,1.3547313213348389,1.4920356273651123,0.08228682726621628,-0.017834046855568886,116,124
0.009318828582763672,positive,10.0,10.0,1.3845720291137695,1.6858869791030884,0.08193014562129974,-0.28346216678619385,116,125
0.009382247924804688,positive,10.0,10.0,1.4182897806167603,1.8797506093978882,0.07626090198755264,-0.5492216348648071,116,126
0.009686946868896484,positive,10.0,10.0,1.5451451539993286,1.095771074295044,0.06999027729034424,0.7018139362335205,116,130
0.00975179672241211,positive,10.0,10.0,1.5670604705810547,0.8997523784637451,0.08402656018733978,1.0156824588775635,116,131
0.010375738143920898,negative,10.0,-10.0,1.811527132987976,1.6661911010742188,0.11505869776010513,0.1529451608657837,116,139
0.010441064834594727,negative,10.0,-10.0,1.844851016998291,1.46962571144104,0.11811760067939758,0.479596346616745,116,140
0.010504961013793945,negative,10.0,-10.0,1.8742434978485107,1.2730517387390137,0.1277095228433609,0.8070487380027771,116,141
0.010649442672729492,negative,10.0,-10.0,1.9290287494659424,1.2693963050842285,0.1549926996231079,0.89143306016922,116,143
0.01071310043334961,negative,10.0,-10.0,1.9544167518615723,1.0725499391555786,0.17282135784626007,1.2285487651824951,116,144
0.01077580451965332,negative,10.0,-10.0,1.975867748260498,0.8756777048110962,0.19739234447479248,1.5700149536132812,116,145
0.00039839744567871094,positive,10.0,10.0,0.03329739719629288,-0.3765777349472046,-0.02568022534251213,0.5560963749885559,117,2
0.00046634674072265625,positive,10.0,10.0,0.02576584182679653,-0.18110482394695282,-0.014558297581970692,0.2554345726966858,117,3
0.0005309581756591797,positive,10.0,10.0,0.02214374579489231,-0.37601593136787415,-0.009449606761336327,0.5434902310371399,117,4
0.00075531005859375,positive,10.0,10.0,0.003490084782242775,-0.18087291717529297,0.01719660870730877,0.25030872225761414,117,7
0.0009799003601074219,positive,10.0,10.0,-0.011280758306384087,-0.37701237201690674,0.03842530399560928,0.5657180547714233,117,10
0.0011248588562011719,positive,10.0,10.0,-0.022470004856586456,-0.3782447278499603,0.05544734746217728,0.5933305025100708,117,12
0.001188516616821289,positive,10.0,10.0,-0.030034899711608887,-0.18394097685813904,0.06731396168470383,0.31861594319343567,117,13
0.0014958381652832031,positive,10.0,10.0,-0.021464774385094643,0.20209431648254395,0.06045326963067055,-0.17492711544036865,117,17
0.0015597343444824219,positive,10.0,10.0,-0.017422888427972794,0.006161614786833525,0.056954726576805115,0.13619749248027802,117,18
0.001794576644897461,positive,10.0,10.0,-0.021004190668463707,-0.19153212010860443,0.07206451892852783,0.48651325702667236,117,21
0.001859903335571289,positive,10.0,10.0,-0.024834832176566124,0.0025029131211340427,0.08179478347301483,0.21738477051258087,117,22
0.0019228458404541016,positive,10.0,10.0,-0.024784773588180542,0.1963661015033722,0.08614248037338257,-0.04841693863272667,117,23
0.0019860267639160156,positive,10.0,10.0,-0.020857451483607292,0.3901539742946625,0.08517414331436157,-0.31272634863853455,117,24
0.002135753631591797,positive,10.0,10.0,-0.009175803512334824,0.3878350853919983,0.07903072983026505,-0.26122045516967773,117,26
0.0022003650665283203,positive,10.0,10.0,-0.001419101725332439,0.19167913496494293,0.07380632311105728,0.05530590936541557,117,27
0.002266407012939453,positive,10.0,10.0,0.002414481248706579,0.385669469833374,0.07491244375705719,-0.21320803463459015,117,28
0.0023300647735595703,positive,10.0,10.0,0.010127870365977287,0.1895608901977539,0.07064828276634216,0.10213349759578705,117,29
0.0028061866760253906,positive,10.0,10.0,0.03645188361406326,0.5728409290313721,0.08423898369073868,-0.3311617076396942,117,35
0.0030350685119628906,positive,10.0,10.0,0.05905090644955635,0.3744221031665802,0.08341237157583237,0.03565914183855057,117,38
0.0030994415283203125,positive,10.0,10.0,0.06653934717178345,0.5682550072669983,0.08412555605173111,-0.2295845001935959,117,39
0.0031626224517822266,positive,10.0,10.0,0.07790444791316986,0.7620803713798523,0.07953386008739471,-0.4945905804634094,117,40
0.003306865692138672,positive,10.0,10.0,0.10446469485759735,0.36988624930381775,0.06608325242996216,0.1358741968870163,117,42
0.0035305023193359375,positive,10.0,10.0,0.12269943952560425,0.5618956089019775,0.08134226500988007,-0.08874523639678955,117,45
0.0037560462951660156,positive,10.0,10.0,0.16024471819400787,0.7536171674728394,0.07171297073364258,-0.30698809027671814,117,48
0.003984689712524414,positive,10.0,10.0,0.20150154829025269,0.5556782484054565,0.0604441799223423,0.04879391938447952,117,51
0.004052162170410156,positive,10.0,10.0,0.21261511743068695,0.35974404215812683,0.06142005696892738,0.3599183261394501,117,52
0.004196882247924805,positive,10.0,10.0,0.23088882863521576,0.3579065501689911,0.07036277651786804,0.4007359743118286,117,54
0.00426030158996582,positive,10.0,10.0,0.23804695904254913,0.5519635677337646,0.07837749272584915,0.1310403198003769,117,55
0.004406452178955078,positive,10.0,10.0,0.26400384306907654,0.9397543668746948,0.07827984541654587,-0.4019926190376282,117,57
0.004556179046630859,positive,10.0,10.0,0.29767119884490967,0.5475596189498901,0.06852614134550095,0.22829775512218475,117,59
0.004621744155883789,positive,10.0,10.0,0.3086223900318146,0.35152870416641235,0.07309209555387497,0.541784942150116,117,60
0.004688739776611328,positive,10.0,10.0,0.3156529664993286,0.5455513596534729,0.08392779529094696,0.27299797534942627,117,61
0.005077838897705078,positive,10.0,10.0,0.4011639952659607,1.1246381998062134,0.07006480544805527,-0.4687994420528412,117,66
0.005143404006958008,positive,10.0,10.0,0.42365676164627075,0.928600013256073,0.0606888122856617,-0.15488143265247345,117,67
0.005207061767578125,positive,10.0,10.0,0.442228764295578,0.7326639890670776,0.057591184973716736,0.15631307661533356,117,68
0.00535273551940918,positive,10.0,10.0,0.46761736273765564,0.730980634689331,0.07004933059215546,0.19365015625953674,117,70
0.005495786666870117,positive,10.0,10.0,0.4929355978965759,0.728937029838562,0.0840739756822586,0.23908022046089172,117,72
0.005561351776123047,positive,10.0,10.0,0.5075142979621887,0.9227635264396667,0.08885557949542999,-0.02594403736293316,117,73
0.005706071853637695,positive,10.0,10.0,0.5482997298240662,0.9202430248260498,0.08255024999380112,0.029861746355891228,117,75
0.005769968032836914,positive,10.0,10.0,0.5667045712471008,1.114090085029602,0.08314748853445053,-0.23567646741867065,117,76
0.00591588020324707,positive,10.0,10.0,0.6151450276374817,1.1117968559265137,0.0684136152267456,-0.1846833974123001,117,78
0.005980491638183594,positive,10.0,10.0,0.6373809576034546,0.9157661199569702,0.06471994519233704,0.1287727653980255,117,79
0.006043910980224609,positive,10.0,10.0,0.6556962728500366,0.7197796106338501,0.06729540228843689,0.4411514401435852,117,80
0.006110191345214844,positive,10.0,10.0,0.6700918674468994,0.9138878583908081,0.07611843198537827,0.17041794955730438,117,81
0.006419658660888672,positive,10.0,10.0,0.758673369884491,0.9095500707626343,0.06934713572263718,0.26622623205184937,117,85
0.006484270095825195,positive,10.0,10.0,0.7768644094467163,0.7135104537010193,0.0746716633439064,0.5799506306648254,117,86
0.0068781375885009766,positive,10.0,10.0,0.8791838884353638,1.2924003601074219,0.0912773609161377,-0.15734487771987915,117,91
0.006942272186279297,positive,10.0,10.0,0.9050319194793701,1.0960980653762817,0.08813045918941498,0.1626809537410736,117,92
0.0070879459381103516,positive,10.0,10.0,0.9527509808540344,1.093550443649292,0.08936508744955063,0.21910817921161652,117,94
0.007478475570678711,positive,10.0,10.0,1.077444076538086,1.6718063354492188,0.09378062188625336,-0.5054669976234436,117,99
0.007542610168457031,positive,10.0,10.0,1.1108802556991577,1.4754966497421265,0.08367127925157547,-0.18476523458957672,117,100
0.0077667236328125,positive,10.0,10.0,1.203240156173706,1.2771081924438477,0.06831464916467667,0.1810620129108429,117,103
0.007832050323486328,positive,10.0,10.0,1.228782296180725,1.0810785293579102,0.07193589210510254,0.494489461183548,117,104
0.007896661758422852,positive,10.0,10.0,1.250403881072998,1.275116205215454,0.08182568103075027,0.22531665861606598,117,105
0.009401559829711914,negative,10.0,-10.0,1.8428720235824585,1.0519474744796753,0.11318346858024597,1.1419014930725098,117,124
0.00946950912475586,negative,10.0,-10.0,1.8639110326766968,0.8555431962013245,0.13602149486541748,1.4678279161453247,117,125
0.009535074234008789,negative,10.0,-10.0,1.8810218572616577,0.6590438485145569,0.16537804901599884,1.7997214794158936,117,126
0.0003979206085205078,positive,10.0,10.0,-0.02233966253697872,-0.026901816949248314,-0.04104690998792648,0.005767013877630234,118,2
0.0004661083221435547,positive,10.0,10.0,-0.02287769876420498,-0.221411794424057,-0.040931571274995804,0.28522181510925293,118,3
0.0005309581756591797,positive,10.0,10.0,-0.027305934578180313,-0.4159267842769623,-0.03522713482379913,0.5647194385528564,118,4
0.0006899833679199219,positive,10.0,10.0,-0.04003104567527771,-0.4151010513305664,-0.018709750846028328,0.5461889505386353,118,6
0.0007543563842773438,positive,10.0,10.0,-0.0483330674469471,-0.21972128748893738,-0.007785971742123365,0.2476702630519867,118,7
0.0008180141448974609,positive,10.0,10.0,-0.05272749066352844,-0.4147311747074127,-0.0028325666207820177,0.5378872156143188,118,8
0.0008809566497802734,positive,10.0,10.0,-0.061022114008665085,-0.21956951916217804,0.007925176993012428,0.2443130910396576,118,9
0.0011093616485595703,positive,10.0,10.0,-0.07810686528682709,-0.4153151214122772,0.028618471696972847,0.5508992075920105,118,12
0.0013356208801269531,positive,10.0,10.0,-0.09915072470903397,-0.2218078374862671,0.05642952769994736,0.2941059470176697,118,15
0.0014901161193847656,positive,10.0,10.0,-0.10413755476474762,-0.22349156439304352,0.06270645558834076,0.33141419291496277,118,17
0.001636505126953125,positive,10.0,10.0,-0.10919369757175446,-0.22535967826843262,0.07051766663789749,0.3728739619255066,118,19
0.0017023086547851562,positive,10.0,10.0,-0.11370089650154114,-0.03130664303898811,0.07797514647245407,0.10323285311460495,118,20
0.0020084381103515625,positive,10.0,10.0,-0.1163431778550148,0.3538992702960968,0.08928035944700241,-0.3729552626609802,118,24
0.002071857452392578,positive,10.0,10.0,-0.10926519334316254,0.15762998163700104,0.0818212553858757,-0.053510311990976334,118,25
0.0024573802947998047,positive,10.0,10.0,-0.07812488824129105,0.3472641408443451,0.05812830477952957,-0.2253786027431488,118,30
0.002523183822631836,positive,10.0,10.0,-0.07117960602045059,0.15136168897151947,0.05362073332071304,0.08505886793136597,118,31
0.002666950225830078,positive,10.0,10.0,-0.06904210150241852,0.1498088389635086,0.06320521980524063,0.11942508071660995,118,33
0.0031380653381347656,positive,10.0,10.0,-0.03965676203370094,0.1437627375125885,0.06653986126184464,0.25308555364608765,118,39
0.0033621788024902344,positive,10.0,10.0,-0.03499026596546173,0.335653156042099,0.08885537832975388,0.03127634525299072,118,42
0.0034258365631103516,positive,10.0,10.0,-0.028277205303311348,0.5293959379196167,0.08948089927434921,-0.23210223019123077,118,43
0.003489971160888672,positive,10.0,10.0,-0.017689285799860954,0.7231329083442688,0.0848388597369194,-0.49527278542518616,118,44
0.0035555362701416016,positive,10.0,10.0,-0.0032266268972307444,0.5269234776496887,0.07493340224027634,-0.1771044284105301,118,45
0.0036187171936035156,positive,10.0,10.0,0.007311842404305935,0.7208975553512573,0.07139131426811218,-0.44523921608924866,118,46
0.003762960433959961,positive,10.0,10.0,0.03222663328051567,0.32888317108154297,0.05986785516142845,0.18078985810279846,118,48
0.0038270950317382812,positive,10.0,10.0,0.038804296404123306,0.13295790553092957,0.06348364800214767,0.4917418658733368,118,49
0.0038907527923583984,positive,10.0,10.0,0.041463453322649,0.32712963223457336,0.0733184888958931,0.21972264349460602,118,50
0.004115104675292969,positive,10.0,10.0,0.07272982597351074,0.5189313888549805,0.07041073590517044,-0.0002874127239920199,118,53
0.004257678985595703,positive,10.0,10.0,0.0895659327507019,0.5169260501861572,0.07668006420135498,0.044078655540943146,118,55
0.004321575164794922,positive,10.0,10.0,0.09990445524454117,0.7108694911003113,0.0775616317987442,-0.22345978021621704,118,56
0.004385709762573242,positive,10.0,10.0,0.11412183940410614,0.904802143573761,0.07309243828058243,-0.49070391058921814,118,57
0.004450082778930664,positive,10.0,10.0,0.1322178840637207,0.7087293267250061,0.06327836215496063,-0.17590995132923126,118,58
0.0045130252838134766,positive,10.0,10.0,0.14639246463775635,0.5127615332603455,0.059760160744190216,0.13604484498500824,118,59
0.0048961639404296875,positive,10.0,10.0,0.18968282639980316,0.7027594447135925,0.08910723775625229,-0.04403037205338478,118,64
0.0050432682037353516,positive,10.0,10.0,0.22166799008846283,1.0902594327926636,0.08208017796278,-0.5709289908409119,118,66
0.0051076412200927734,positive,10.0,10.0,0.24347317218780518,0.8940881490707397,0.07066159695386887,-0.25355830788612366,118,67
0.005251884460449219,positive,10.0,10.0,0.2753155827522278,0.5020340085029602,0.06680141389369965,0.3731837868690491,118,69
0.005315542221069336,positive,10.0,10.0,0.2853562533855438,0.696146547794342,0.07426508516073227,0.10228937864303589,118,70
0.005705118179321289,positive,10.0,10.0,0.3703640103340149,0.886208176612854,0.06580127775669098,-0.07922642678022385,118,75
0.0057697296142578125,positive,10.0,10.0,0.388088196516037,0.6902076601982117,0.064216747879982,0.23346969485282898,118,76
0.005833864212036133,positive,10.0,10.0,0.4018923342227936,0.4942297339439392,0.06888614594936371,0.5456973910331726,118,77
0.0062181949615478516,positive,10.0,10.0,0.4901045262813568,1.073667049407959,0.06997556239366531,-0.20324088633060455,118,82
0.006362438201904297,positive,10.0,10.0,0.529130220413208,0.6816163063049316,0.06812413036823273,0.4233969449996948,118,84
0.006426572799682617,positive,10.0,10.0,0.5427625179290771,0.8757103681564331,0.07659206539392471,0.1529441773891449,118,85
0.006491899490356445,positive,10.0,10.0,0.5602767467498779,1.0696568489074707,0.07965095341205597,-0.11462655663490295,118,86
0.00655674934387207,positive,10.0,10.0,0.5816698670387268,1.2635525465011597,0.0773584246635437,-0.3811553120613098,118,87
0.006705760955810547,positive,10.0,10.0,0.6282894015312195,0.8713732957839966,0.06843293458223343,0.24872513115406036,118,89
0.006770133972167969,positive,10.0,10.0,0.6457168459892273,1.0654546022415161,0.07340743392705917,-0.02161184698343277,118,90
0.006920576095581055,positive,10.0,10.0,0.6922149658203125,1.0633686780929565,0.06716998666524887,0.024515965953469276,118,92
0.007224321365356445,positive,10.0,10.0,0.7771669030189514,1.449390172958374,0.07172678411006927,-0.4691562354564667,118,96
0.007288217544555664,positive,10.0,10.0,0.806154727935791,1.2533321380615234,0.06234366074204445,-0.15475578606128693,118,97
0.007431745529174805,positive,10.0,10.0,0.8523688316345215,0.8614575266838074,0.06238705292344093,0.4676954746246338,118,99
0.007578134536743164,positive,10.0,10.0,0.8907108902931213,1.249671459197998,0.07564717531204224,-0.07390648871660233,118,101
0.007883787155151367,positive,10.0,10.0,0.9905580878257751,1.2456265687942505,0.0725289136171341,0.015577474609017372,118,105
0.007948875427246094,positive,10.0,10.0,1.0154706239700317,1.439637541770935,0.07284045964479446,-0.25336894392967224,118,106
0.008256673812866211,positive,10.0,10.0,1.1071150302886963,1.0454810857772827,0.09025855362415314,0.42060521245002747,118,110
0.009289741516113281,positive,10.0,10.0,1.4858084917068481,1.6110793352127075,0.08818911015987396,-0.023100875318050385,118,123
0.00935506820678711,positive,10.0,10.0,1.5180301666259766,1.804833173751831,0.08772709220647812,-0.28670814633369446,118,124
0.009424686431884766,positive,10.0,10.0,1.5541267395019531,1.608576774597168,0.08199293166399002,0.03230304270982742,118,125
0.009492635726928711,positive,10.0,10.0,1.5862983465194702,1.8024330139160156,0.08263899385929108,-0.23342551290988922,118,126
0.009883403778076172,positive,10.0,10.0,1.7663147449493408,1.9920448064804077,0.06432700157165527,-0.4046705663204193,118,131
0.010028600692749023,positive,10.0,10.0,1.8420770168304443,1.9903451204299927,0.054385170340538025,-0.36684533953666687,118,133
0.010174036026000977,positive,10.0,10.0,1.9177738428115845,1.9889111518859863,0.04589782655239105,-0.3349975347518921,118,135
0.0102386474609375,negative,10.0,-10.0,1.9575520753860474,1.7931671142578125,0.03919787332415581,-0.02820136956870556,118,136
0.010304689407348633,negative,10.0,-10.0,1.9934154748916626,1.9877055883407593,0.03863384574651718,-0.3082638084888458,118,137
0.01037144660949707,negative,10.0,-10.0,2.0331695079803467,1.7920551300048828,0.03246857225894928,-0.0036514829844236374,118,138
0.010518550872802734,negative,10.0,-10.0,2.1087446212768555,1.7911280393600464,0.026677221059799194,0.01680569536983967,118,140
0.010663270950317383,negative,10.0,-10.0,2.184284210205078,2.1805837154388428,0.02166648954153061,-0.5513841509819031,118,142
0.010810613632202148,negative,10.0,-10.0,2.2754037380218506,2.5703697204589844,-0.006104446481913328,-1.1264809370040894,118,144
0.010879755020141602,negative,10.0,-10.0,2.3268113136291504,2.375328302383423,-0.02863406576216221,-0.8357189297676086,118,145
0.00032901763916015625,positive,10.0,10.0,0.02444690279662609,-0.15916714072227478,-0.04798654839396477,0.24000905454158783,119,1
0.0004010200500488281,positive,10.0,10.0,0.02126356028020382,-0.35357192158699036,-0.04318636655807495,0.5171778798103333,119,2
0.0004684925079345703,positive,10.0,10.0,0.014192122034728527,-0.1578693389892578,-0.03284280747175217,0.2112049013376236,119,3
0.0005342960357666016,positive,10.0,10.0,0.011034735478460789,-0.35250669717788696,-0.02861871011555195,0.49334943294525146,119,4
0.0005993843078613281,positive,10.0,10.0,0.003984601702541113,-0.15699303150177002,-0.01875172182917595,0.1917862743139267,119,5
0.0007596015930175781,positive,10.0,10.0,-0.006192094646394253,-0.546750009059906,-0.005346090067178011,0.7664400339126587,119,7
0.0009105205535888672,positive,10.0,10.0,-0.024158190935850143,-0.1565753072500229,0.019424304366111755,0.18255984783172607,119,9
0.0009748935699462891,positive,10.0,10.0,-0.027289697900414467,-0.35196974873542786,0.02307550236582756,0.4813065826892853,119,10
0.0011992454528808594,positive,10.0,10.0,-0.0445278137922287,-0.15816804766654968,0.04659736528992653,0.21788112819194794,119,13
0.0012629032135009766,positive,10.0,10.0,-0.04769117385149002,-0.35392406582832336,0.05095498636364937,0.5248910784721375,119,14
0.0013260841369628906,positive,10.0,10.0,-0.05476965755224228,-0.15955482423305511,0.06145280972123146,0.2486899346113205,119,15
0.0014700889587402344,positive,10.0,10.0,-0.06507071852684021,-0.16136828064918518,0.0776287242770195,0.289068341255188,119,17
0.0016155242919921875,positive,10.0,10.0,-0.06764676421880722,0.22639867663383484,0.08384695649147034,-0.24340112507343292,119,19
0.001680135726928711,positive,10.0,10.0,-0.06311879307031631,0.42022913694381714,0.07897893339395523,-0.508503258228302,119,20
0.0017440319061279297,positive,10.0,10.0,-0.05471420660614967,0.22408844530582428,0.06880886852741241,-0.192013680934906,119,21
0.001810312271118164,positive,10.0,10.0,-0.05023244023323059,0.02805306948721409,0.06496859341859818,0.12155738472938538,119,22
0.0020372867584228516,positive,10.0,10.0,-0.052506718784570694,0.22012464702129364,0.07934615015983582,-0.10443376749753952,119,25
0.0021851062774658203,positive,10.0,10.0,-0.03982372209429741,0.607969343662262,0.06983614712953568,-0.6384235620498657,119,27
0.0022513866424560547,positive,10.0,10.0,-0.027664337307214737,0.41194668412208557,0.05706767737865448,-0.32459113001823425,119,28
0.00240325927734375,positive,10.0,10.0,-0.015104192309081554,0.020251134410500526,0.0502864271402359,0.2937300205230713,119,30
0.0024678707122802734,positive,10.0,10.0,-0.014699169434607029,0.2146214246749878,0.056161027401685715,0.017321141436696053,119,31
0.002613067626953125,positive,10.0,10.0,-0.010031922720372677,0.21301473677158356,0.06305107474327087,0.05284006521105766,119,33
0.0026772022247314453,positive,10.0,10.0,-0.005771628115326166,0.4071786105632782,0.06410787999629974,-0.21930228173732758,119,34
0.0027430057525634766,positive,10.0,10.0,0.002371944021433592,0.21120162308216095,0.05972183123230934,0.09289412945508957,119,35
0.00289154052734375,positive,10.0,10.0,0.006901512388139963,0.20947380363941193,0.06965582072734833,0.1311548352241516,119,37
0.0030362606048583984,positive,10.0,10.0,0.011359523050487041,0.20745564997196198,0.08117840439081192,0.17592260241508484,119,39
0.003342866897583008,positive,10.0,10.0,0.04341685026884079,0.5929009318351746,0.07505195587873459,-0.3051030933856964,119,43
0.0035681724548339844,positive,10.0,10.0,0.06722584366798401,0.3948271870613098,0.07563316076993942,0.05379185453057289,119,46
0.0036318302154541016,positive,10.0,10.0,0.07512238621711731,0.5887877345085144,0.07670899480581284,-0.21410231292247772,119,47
0.0036957263946533203,positive,10.0,10.0,0.08689814805984497,0.7827339768409729,0.0724269449710846,-0.48163580894470215,119,48
0.0038454532623291016,positive,10.0,10.0,0.11428619176149368,0.39070647954940796,0.059453558176755905,0.14477935433387756,119,50
0.003912210464477539,positive,10.0,10.0,0.12210032343864441,0.5849288105964661,0.062349144369363785,-0.12857037782669067,119,51
0.003977775573730469,positive,10.0,10.0,0.13379889726638794,0.7791047692298889,0.05977774038910866,-0.40094953775405884,119,52
0.004042148590087891,positive,10.0,10.0,0.14938099682331085,0.5831881165504456,0.051758747547864914,-0.09003525227308273,119,53
0.0041048526763916016,positive,10.0,10.0,0.16104476153850555,0.3873639404773712,0.04995804280042648,0.21851789951324463,119,54
0.004328250885009766,positive,10.0,10.0,0.180340975522995,0.1898965686559677,0.06988805532455444,0.5638659000396729,119,57
0.004393339157104492,positive,10.0,10.0,0.18413889408111572,0.3839718997478485,0.0811653733253479,0.29399392008781433,119,58
0.004456758499145508,positive,10.0,10.0,0.19181834161281586,0.577848494052887,0.08704525232315063,0.027972813695669174,119,59
0.004519939422607422,positive,10.0,10.0,0.20337530970573425,0.7716212868690491,0.08760470896959305,-0.23602694272994995,119,60
0.004585742950439453,positive,10.0,10.0,0.21880772709846497,0.9653895497322083,0.08288417011499405,-0.4998418092727661,119,61
0.004814863204956055,positive,10.0,10.0,0.28056466579437256,0.7673182487487793,0.0485694520175457,-0.1403348296880722,119,64
0.004960536956787109,positive,10.0,10.0,0.31514525413513184,0.7659725546836853,0.037416595965623856,-0.1105564534664154,119,66
0.005024909973144531,positive,10.0,10.0,0.3304647207260132,0.5703349709510803,0.03520546481013298,0.1936924308538437,119,67
0.0051708221435546875,positive,10.0,10.0,0.3493659496307373,0.5692773461341858,0.04902471601963043,0.21715456247329712,119,69
0.0053179264068603516,positive,10.0,10.0,0.3760248124599457,0.957983136177063,0.052174411714076996,-0.33504870533943176,119,71
0.005381584167480469,positive,10.0,10.0,0.3951844871044159,0.762158989906311,0.04547343775629997,-0.026379846036434174,119,72
0.005524396896362305,positive,10.0,10.0,0.42175596952438354,0.37068209052085876,0.050551772117614746,0.5868096947669983,119,74
0.006066083908081055,positive,10.0,10.0,0.5239932537078857,0.9490683674812317,0.06512919068336487,-0.13819359242916107,119,81
0.006213665008544922,positive,10.0,10.0,0.5580361485481262,0.5571204423904419,0.06585141271352768,0.485991507768631,119,83
0.006365776062011719,positive,10.0,10.0,0.5842036604881287,0.9452191591262817,0.07986660301685333,-0.05315185338258743,119,85
0.006429195404052734,positive,10.0,10.0,0.6031080484390259,1.1391104459762573,0.07880356162786484,-0.3196059465408325,119,86
0.006574153900146484,positive,10.0,10.0,0.6447494029998779,1.1369725465774536,0.0723484680056572,-0.2721349596977234,119,88
0.0066378116607666016,positive,10.0,10.0,0.6674888730049133,1.3309916257858276,0.06690577417612076,-0.5411502718925476,119,89
0.006700277328491211,positive,10.0,10.0,0.6941087245941162,1.525112509727478,0.05608276650309563,-0.8120245337486267,119,90
0.00676417350769043,positive,10.0,10.0,0.7246109843254089,1.7194232940673828,0.03984227403998375,-1.086552619934082,119,91
0.00690770149230957,positive,10.0,10.0,0.7972793579101562,2.1088883876800537,-0.00921822153031826,-1.6534357070922852,119,93
0.006972074508666992,positive,10.0,10.0,0.8394571542739868,1.9138751029968262,-0.042286936193704605,-1.3636385202407837,119,94
0.007035970687866211,positive,10.0,10.0,0.8777346611022949,2.1095006465911865,-0.06955970823764801,-1.6692429780960083,119,95
0.007345438003540039,negative,10.0,-10.0,1.0232279300689697,1.3356200456619263,-0.1715545654296875,-0.6506014466285706,119,99
0.007489919662475586,negative,10.0,-10.0,1.0728052854537964,0.9511577486991882,-0.1928960382938385,-0.1871826946735382,119,101
0.007554769515991211,negative,10.0,-10.0,1.091828465461731,0.7592436075210571,-0.19663968682289124,0.03898904100060463,119,102
0.007621049880981445,negative,10.0,-10.0,1.1070133447647095,0.567405104637146,-0.1958599090576172,0.263761043548584,119,103
0.007927417755126953,negative,10.0,-10.0,1.1293696165084839,0.1882498562335968,-0.14755558967590332,0.6066621541976929,119,107
0.008472442626953125,positive,10.0,10.0,1.1369833946228027,-0.3858632445335388,-0.050694018602371216,1.23185396194458,119,114
0.008538484573364258,positive,10.0,10.0,1.1292660236358643,-0.5802978873252869,-0.026056939736008644,1.508233666419983,119,115
0.008603096008300781,positive,10.0,10.0,1.1176601648330688,-0.7750944495201111,0.004107731860131025,1.792669415473938,119,116
0.008747339248657227,positive,10.0,10.0,1.0827529430389404,-1.1657640933990479,0.08169364184141159,2.391390323638916,119,118
0.00889134407043457,negative,10.0,-10.0,1.0322076082229614,-1.5572975873947144,0.1836816370487213,3.0372154712677,119,120
