timestamp,feedback,magnitude,reward,cart_position,cart_velocity,pole_angle,pole_velocity,episode,timestep
6.008148193359375e-05,positive,10.0,10.0,-0.023561717942357063,-0.04078308492898941,0.0274607352912426,0.03905637562274933,80,0
0.0001373291015625,positive,10.0,10.0,-0.02910313569009304,-0.04157887399196625,0.035047370940446854,0.05663040652871132,80,2
0.0001785755157470703,positive,10.0,10.0,-0.0299347136169672,-0.23718535900115967,0.036179978400468826,0.36016178131103516,80,3
0.00030541419982910156,positive,10.0,10.0,-0.048977430909872055,-0.629854142665863,0.06650163978338242,1.0004535913467407,80,7
0.0008344650268554688,positive,10.0,10.0,0.020129965618252754,0.5135326981544495,0.07745172083377838,-0.1546565443277359,80,25
0.0008745193481445312,positive,10.0,10.0,0.03040061891078949,0.7074651718139648,0.07435858994722366,-0.42193514108657837,80,26
0.0009245872497558594,positive,10.0,10.0,0.04454992339015007,0.5113728046417236,0.06591988354921341,-0.10676812380552292,80,27
0.0009667873382568359,positive,10.0,10.0,0.05477738007903099,0.31537115573883057,0.06378452479839325,0.2059621959924698,80,28
0.0010371208190917969,positive,10.0,10.0,0.06347275525331497,-0.07661118358373642,0.07826505601406097,0.8313486576080322,80,30
0.0013370513916015625,positive,10.0,10.0,0.1755889356136322,0.6894033551216125,0.08049332350492477,-0.022315796464681625,80,40
0.001462697982788086,positive,10.0,10.0,0.23840703070163727,1.0750774145126343,0.07003922760486603,-0.5082627534866333,80,44
0.0015902519226074219,positive,10.0,10.0,0.300896555185318,0.291342169046402,0.06684689223766327,0.7368873357772827,80,48
0.0019004344940185547,positive,10.0,10.0,0.46324068307876587,1.056721806526184,0.08430678397417068,-0.10236765444278717,80,58
0.001940011978149414,positive,10.0,10.0,0.48437511920928955,0.8604991436004639,0.08225943148136139,0.21567776799201965,80,59
0.0019807815551757812,positive,10.0,10.0,0.5015851259231567,1.0543546676635742,0.08657298982143402,-0.04996523633599281,80,60
0.0022246837615966797,positive,10.0,10.0,0.7320963144302368,1.4375724792480469,-0.0014410836156457663,-0.4801907539367676,80,68
0.0022923946380615234,positive,10.0,10.0,0.7856971621513367,1.4377491474151611,-0.014804146252572536,-0.48410895466804504,80,70
0.0023300647735595703,positive,10.0,10.0,0.8144521713256836,1.2428392171859741,-0.024486325681209564,-0.19612835347652435,80,71
0.0023665428161621094,positive,10.0,10.0,0.8393089771270752,1.4383026361465454,-0.028408892452716827,-0.49643397331237793,80,72
0.002402067184448242,positive,10.0,10.0,0.8680750131607056,1.243592619895935,-0.03833756968379021,-0.21283778548240662,80,73
0.0024368762969970703,positive,10.0,10.0,0.8929468393325806,1.4392410516738892,-0.04259432852268219,-0.5173633694648743,80,74
0.002501964569091797,positive,10.0,10.0,0.9466265439987183,1.4405807256698608,-0.05770961940288544,-0.5473023056983948,80,76
0.002537965774536133,positive,10.0,10.0,0.9754381775856018,1.6364638805389404,-0.06865566223859787,-0.8575952053070068,80,77
0.0025734901428222656,positive,10.0,10.0,1.0081675052642822,1.4423410892486572,-0.08580756932497025,-0.5872659087181091,80,78
0.002696990966796875,negative,10.0,-10.0,1.1237081289291382,1.8377718925476074,-0.13626296818256378,-1.2951233386993408,80,82
0.002734661102294922,negative,10.0,-10.0,1.160463571548462,2.0343363285064697,-0.16216544806957245,-1.6271742582321167,80,83
0.0027723312377929688,negative,10.0,-10.0,1.2011502981185913,1.8414502143859863,-0.1947089284658432,-1.3891092538833618,80,84
0.00020241737365722656,positive,10.0,10.0,-0.027646265923976898,-0.03179103508591652,0.019989022985100746,0.014710652641952038,81,2
0.00025081634521484375,positive,10.0,10.0,-0.028282085433602333,-0.22719386219978333,0.020283237099647522,0.3136327266693115,81,3
0.00029206275939941406,positive,10.0,10.0,-0.03282596170902252,-0.03236664459109306,0.026555892080068588,0.027414867654442787,81,4
0.0003304481506347656,positive,10.0,10.0,-0.03347329795360565,-0.22785916924476624,0.02710418775677681,0.3283567726612091,81,5
0.0004134178161621094,positive,10.0,10.0,-0.0386931449174881,-0.22872154414653778,0.03455818444490433,0.3474564850330353,81,7
0.0004980564117431641,positive,10.0,10.0,-0.043949730694293976,-0.22979946434497833,0.042824678122997284,0.37135255336761475,81,9
0.0005381107330322266,positive,10.0,10.0,-0.0485457219183445,-0.035311248153448105,0.05025172606110573,0.0924743190407753,81,10
0.0005757808685302734,positive,10.0,10.0,-0.049251947551965714,-0.23111610114574432,0.05210121348500252,0.4005786180496216,81,11
0.0007863044738769531,positive,10.0,10.0,-0.06472569704055786,-0.040590137243270874,0.08414939790964127,0.20951633155345917,81,16
0.0008726119995117188,positive,10.0,10.0,-0.06247282028198242,0.3469856083393097,0.08723011612892151,-0.31903642416000366,81,18
0.0009126663208007812,positive,10.0,10.0,-0.05553310737013817,0.5407639145851135,0.08084938675165176,-0.5829855799674988,81,19
0.0009510517120361328,positive,10.0,10.0,-0.044717829674482346,0.3446079194545746,0.06918967515230179,-0.26596885919570923,81,20
0.000990152359008789,positive,10.0,10.0,-0.03782567009329796,0.14857017993927002,0.06387029588222504,0.04770969599485397,81,21
0.0010714530944824219,positive,10.0,10.0,-0.02799984999001026,0.14673522114753723,0.06034133955836296,0.08824864774942398,81,23
0.0011515617370605469,positive,10.0,10.0,-0.026049094274640083,-0.2451428920030594,0.07009316235780716,0.7109413743019104,81,25
0.0012290477752685547,positive,10.0,10.0,-0.031973112374544144,0.14277592301368713,0.09313437342643738,0.17615970969200134,81,27
0.0013670921325683594,positive,10.0,10.0,-0.011787326075136662,0.33372804522514343,0.08801372349262238,-0.025393987074494362,81,30
0.0014066696166992188,positive,10.0,10.0,-0.005112764425575733,0.5274847745895386,0.08750584721565247,-0.2890614867210388,81,31
0.0014443397521972656,positive,10.0,10.0,0.005436931271106005,0.33123108744621277,0.081724613904953,0.029886635020375252,81,32
0.00160980224609375,positive,10.0,10.0,0.04739876091480255,0.3268013298511505,0.06386332958936691,0.12774965167045593,81,36
0.0017688274383544922,positive,10.0,10.0,0.07342858612537384,0.71282958984375,0.0766090452671051,-0.36607861518859863,81,40
0.0018067359924316406,positive,10.0,10.0,0.08768517524003983,0.5167073011398315,0.06928747892379761,-0.050257012248039246,81,41
0.0018846988677978516,positive,10.0,10.0,0.1044325977563858,0.12463697791099548,0.0735514760017395,0.5768712759017944,81,43
0.001962423324584961,positive,10.0,10.0,0.1132984384894371,0.5124680995941162,0.0912536159157753,0.043553899973630905,81,45
0.0020389556884765625,positive,10.0,10.0,0.13767121732234955,0.899863600730896,0.08774468302726746,-0.481260746717453,81,47
0.002077341079711914,positive,10.0,10.0,0.1556684970855713,0.7036197781562805,0.07811947166919708,-0.1622636467218399,81,48
0.0021576881408691406,positive,10.0,10.0,0.18769171833992004,0.7014435529708862,0.06628789007663727,-0.11400002986192703,81,50
0.0021944046020507812,positive,10.0,10.0,0.20172059535980225,0.5054374933242798,0.06400788575410843,0.19883772730827332,81,51
0.002229928970336914,positive,10.0,10.0,0.21182933449745178,0.30946117639541626,0.06798464059829712,0.5110056400299072,81,52
0.0023899078369140625,positive,10.0,10.0,0.25206509232521057,0.6951322555541992,0.08830711245536804,0.02557775378227234,81,56
0.002428770065307617,positive,10.0,10.0,0.2659677267074585,0.8888841271400452,0.08881866931915283,-0.23798903822898865,81,57
0.002507448196411133,positive,10.0,10.0,0.30539804697036743,0.8864323496818542,0.07403113692998886,-0.18344229459762573,81,59
0.0025854110717773438,positive,10.0,10.0,0.3369333744049072,0.49427783489227295,0.07299520075321198,0.44567081332206726,81,61
0.002621889114379883,positive,10.0,10.0,0.3468189239501953,0.6882952451705933,0.08190862089395523,0.17686118185520172,81,62
0.0026574134826660156,positive,10.0,10.0,0.3605848252773285,0.8821552991867065,0.0854458436369896,-0.08889976143836975,81,63
0.002778768539428711,positive,10.0,10.0,0.41734203696250916,1.073694109916687,0.07588688284158707,-0.3031655550003052,81,66
0.0029833316802978516,positive,10.0,10.0,0.5245081186294556,1.2640186548233032,0.050085000693798065,-0.4898243546485901,81,71
0.003021717071533203,positive,10.0,10.0,0.5497885346412659,1.4583996534347534,0.04028851166367531,-0.7663112878799438,81,72
0.003221750259399414,positive,10.0,10.0,0.6721380949020386,1.2619483470916748,0.0005157206323929131,-0.44341638684272766,81,77
0.003360271453857422,positive,10.0,10.0,0.7439546585083008,1.0671002864837646,-0.02028156816959381,-0.15679799020290375,81,80
0.0034008026123046875,positive,10.0,10.0,0.7652966380119324,1.2625067234039307,-0.023417528718709946,-0.455809623003006,81,81
0.0034389495849609375,positive,10.0,10.0,0.7905467748641968,1.0677235126495361,-0.03253372013568878,-0.17059911787509918,81,82
0.0034792423248291016,positive,10.0,10.0,0.8119012713432312,1.2632956504821777,-0.03594570234417915,-0.47336530685424805,81,83
0.0035173892974853516,positive,10.0,10.0,0.8371671438217163,1.0686992406845093,-0.04541300982236862,-0.1922251135110855,81,84
0.003598451614379883,positive,10.0,10.0,0.8838299512863159,1.070046305656433,-0.05923513323068619,-0.22211933135986328,81,86
0.003800630569458008,positive,10.0,10.0,0.9832202196121216,0.8800686001777649,-0.07392583787441254,-0.04265658184885979,81,91
0.003839254379272461,positive,10.0,10.0,1.000821590423584,0.686080276966095,-0.0747789666056633,0.22581671178340912,81,92
0.004000425338745117,positive,10.0,10.0,1.0402247905731201,0.6896671056747437,-0.0360538512468338,0.14613570272922516,81,96
0.004121303558349609,positive,10.0,10.0,1.069928526878357,0.4958958029747009,-0.010400800034403801,0.40896734595298767,81,99
0.0042035579681396484,positive,10.0,10.0,1.0858649015426636,0.10583176463842392,0.011745610274374485,0.9903359413146973,81,101
0.004241466522216797,positive,10.0,10.0,1.0879815816879272,-0.08944540470838547,0.031552329659461975,1.2866846323013306,81,102
0.004278421401977539,positive,10.0,10.0,1.0861926078796387,-0.28495436906814575,0.05728602409362793,1.5890769958496094,81,103
0.004400968551635742,negative,10.0,-10.0,1.0573458671569824,-0.8727602362632751,0.17140862345695496,2.547004222869873,81,106
0.0019021034240722656,positive,10.0,10.0,-0.03182602301239967,-0.17814750969409943,0.018849598243832588,0.22093771398067474,82,9
0.002118349075317383,positive,10.0,10.0,-0.04643458500504494,-0.3743332624435425,0.038343396037817,0.5373526811599731,82,12
0.002183198928833008,positive,10.0,10.0,-0.053921252489089966,-0.17977078258991241,0.04909044876694679,0.2569936513900757,82,13
0.002323627471923828,positive,10.0,10.0,-0.06502782553434372,-0.18123716115951538,0.06552527099847794,0.28963062167167664,82,15
0.0023899078369140625,positive,10.0,10.0,-0.06865257024765015,0.012892212718725204,0.0713178813457489,0.018312115222215652,82,16
0.0024542808532714844,positive,10.0,10.0,-0.0683947280049324,-0.1831762045621872,0.07168412208557129,0.33261680603027344,82,17
0.002517223358154297,positive,10.0,10.0,-0.07205824553966522,0.010856106877326965,0.07833646237850189,0.063372902572155,82,18
0.0027132034301757812,positive,10.0,10.0,-0.059772249311208725,0.592649519443512,0.06612885743379593,-0.7381030917167664,82,21
0.002840757369995117,positive,10.0,10.0,-0.039985667914152145,0.20086918771266937,0.04285953566431999,-0.11693955957889557,82,23
0.0031461715698242188,positive,10.0,10.0,-0.04740012809634209,-0.19189660251140594,0.0701913982629776,0.5252867937088013,82,27
0.0038518905639648438,positive,10.0,10.0,-0.012905145063996315,0.5738857984542847,0.09186328202486038,-0.3237285017967224,82,37
0.003916025161743164,positive,10.0,10.0,-0.0014274287968873978,0.3775840401649475,0.08538871258497238,-0.0035475902259349823,82,38
0.004244804382324219,positive,10.0,10.0,0.05169660970568657,0.17701052129268646,0.06693748384714127,0.4102211594581604,82,43
0.004306316375732422,positive,10.0,10.0,0.0552368201315403,0.3711227774620056,0.07514190673828125,0.13936975598335266,82,44
0.004500150680541992,positive,10.0,10.0,0.08914145827293396,0.5629109740257263,0.06743928045034409,-0.08035092800855637,82,47
0.0046923160552978516,positive,10.0,10.0,0.11115533858537674,0.36495688557624817,0.08139921724796295,0.27585718035697937,82,50
0.004882097244262695,positive,10.0,10.0,0.1446831226348877,0.9463807940483093,0.08203216642141342,-0.5181108117103577,82,53
0.004943370819091797,positive,10.0,10.0,0.16361074149608612,0.7502055168151855,0.07166995108127594,-0.20074696838855743,82,54
0.005005598068237305,positive,10.0,10.0,0.17861485481262207,0.5541356205940247,0.06765501201152802,0.11365579068660736,82,55
0.005316257476806641,positive,10.0,10.0,0.22282525897026062,0.9399576187133789,0.07940924167633057,-0.37574702501296997,82,59
0.005766868591308594,positive,10.0,10.0,0.30800455808639526,0.1537938266992569,0.08202730119228363,0.9240010976791382,82,65
0.0066792964935302734,positive,10.0,10.0,0.5640425086021423,1.1108654737472534,0.048411354422569275,-0.13325199484825134,82,78
0.006816864013671875,positive,10.0,10.0,0.6123650670051575,1.1095221042633057,0.03754076734185219,-0.10353037714958191,82,80
0.006880998611450195,positive,10.0,10.0,0.6345555186271667,1.3040865659713745,0.03547016158699989,-0.38413697481155396,82,81
0.006942033767700195,positive,10.0,10.0,0.6606372594833374,1.108479380607605,0.02778742089867592,-0.08048480749130249,82,82
0.007094860076904297,positive,10.0,10.0,0.7088706493377686,1.107708215713501,0.01889226771891117,-0.06345190107822418,82,84
0.007251739501953125,positive,10.0,10.0,0.7570759057998657,1.107186198234558,0.010620933957397938,-0.05192723870277405,82,86
0.00732111930847168,positive,10.0,10.0,0.7792196273803711,1.3021541833877563,0.009582389146089554,-0.3412403464317322,82,87
0.007536172866821289,positive,10.0,10.0,0.8534402847290039,1.106831431388855,-0.004900696687400341,-0.044098109006881714,82,90
0.007603645324707031,positive,10.0,10.0,0.875576913356781,0.911780059337616,-0.005782658699899912,0.24703457951545715,82,91
0.0076694488525390625,positive,10.0,10.0,0.8938124775886536,1.1069841384887695,-0.0008419671794399619,-0.0474667027592659,82,92
0.007877588272094727,positive,10.0,10.0,0.9641349911689758,1.3022658824920654,-0.009565557353198528,-0.34368136525154114,82,95
0.008014678955078125,positive,10.0,10.0,1.0123258829116821,1.3026350736618042,-0.017519786953926086,-0.3518540561199188,82,97
0.008078813552856445,positive,10.0,10.0,1.0383785963058472,1.1077666282653809,-0.02455686777830124,-0.06474675983190536,82,98
0.008140802383422852,positive,10.0,10.0,1.0605340003967285,1.3032318353652954,-0.02585180290043354,-0.3650752604007721,82,99
0.00820302963256836,positive,10.0,10.0,1.0865986347198486,1.4987114667892456,-0.03315331041812897,-0.6657962799072266,82,100
0.008263349533081055,positive,10.0,10.0,1.1165728569030762,1.3040659427642822,-0.04646923393011093,-0.38373374938964844,82,101
0.008321046829223633,positive,10.0,10.0,1.1426541805267334,1.1096335649490356,-0.054143909364938736,-0.10605694353580475,82,102
0.008377552032470703,positive,10.0,10.0,1.1648467779159546,0.9153276085853577,-0.05626504868268967,0.16906429827213287,82,103
0.008569478988647461,positive,10.0,10.0,1.215912103652954,0.7224183082580566,-0.041322026401758194,0.4130855202674866,82,106
0.008630514144897461,positive,10.0,10.0,1.230360507965088,0.918100893497467,-0.03306031599640846,0.1076669916510582,82,107
0.00868988037109375,positive,10.0,10.0,1.2487225532531738,0.7234678864479065,-0.030906975269317627,0.3897389769554138,82,108
0.008749008178710938,positive,10.0,10.0,1.263191819190979,0.919014573097229,-0.02311219647526741,0.08747383207082748,82,109
0.008874654769897461,positive,10.0,10.0,1.2960567474365234,0.9196501970291138,-0.013907196000218391,0.07343467324972153,82,111
0.008999347686767578,positive,10.0,10.0,1.328944444656372,0.9200268983840942,-0.005204551387578249,0.06511863321065903,82,113
0.009151935577392578,positive,10.0,10.0,1.361844539642334,0.9201571941375732,0.0032209204509854317,0.06224413216114044,82,115
0.009216547012329102,positive,10.0,10.0,1.380247712135315,0.7249891757965088,0.004465803038328886,0.3559415340423584,82,116
0.009278535842895508,positive,10.0,10.0,1.3947474956512451,0.9200473427772522,0.011584633961319923,0.0646701380610466,82,117
0.009339332580566406,positive,10.0,10.0,1.4131484031677246,0.7247612476348877,0.012878037057816982,0.3609854578971863,82,118
0.00940251350402832,positive,10.0,10.0,1.4276436567306519,0.9196978211402893,0.020097745582461357,0.07239090651273727,82,119
0.009460687637329102,positive,10.0,10.0,1.4460375308990479,0.72429358959198,0.021545564755797386,0.3713463842868805,82,120
0.009602785110473633,positive,10.0,10.0,1.4789055585861206,1.1137977838516235,0.03068317472934723,-0.19786898791790009,82,122
0.009670495986938477,positive,10.0,10.0,1.5011814832687378,0.9182507395744324,0.02672579512000084,0.10433300584554672,82,123
0.009737014770507812,positive,10.0,10.0,1.5195465087890625,0.7227562069892883,0.028812455013394356,0.40532657504081726,82,124
0.009865283966064453,positive,10.0,10.0,1.5523507595062256,0.7218270301818848,0.0393562838435173,0.4259629547595978,82,126
0.009925365447998047,positive,10.0,10.0,1.5667873620986938,0.9163700938224792,0.0478755421936512,0.14594212174415588,82,127
0.010360479354858398,negative,10.0,-10.0,1.6440073251724243,0.3238861560821533,0.15225745737552643,1.1926571130752563,82,134
0.0003032684326171875,positive,10.0,10.0,0.03433045372366905,-0.18231365084648132,0.04223557561635971,0.3161396384239197,83,1
0.0004658699035644531,positive,10.0,10.0,0.03092782199382782,-0.18360139429569244,0.04929976537823677,0.344669371843338,83,3
0.0005345344543457031,positive,10.0,10.0,0.027255794033408165,0.010785836726427078,0.05619315430521965,0.06793105602264404,83,4
0.0005970001220703125,positive,10.0,10.0,0.0274715106934309,-0.18509484827518463,0.05755177512764931,0.3778004050254822,83,5
0.0007297992706298828,positive,10.0,10.0,0.0239529050886631,-0.1868271380662918,0.06718387454748154,0.41629743576049805,83,7
0.0009253025054931641,positive,10.0,10.0,0.024386901408433914,0.3951614201068878,0.07597220689058304,-0.3893575668334961,83,10
0.0009870529174804688,positive,10.0,10.0,0.032290130853652954,0.5891274809837341,0.06818505376577377,-0.6571530699729919,83,11
0.0011947154998779297,positive,10.0,10.0,0.05588051676750183,0.3916652798652649,0.047480251640081406,-0.311389297246933,83,14
0.0012557506561279297,positive,10.0,10.0,0.06371382623910904,0.19590015709400177,0.04125246778130531,-0.004118626471608877,83,15
0.0016324520111083984,positive,10.0,10.0,0.06756956875324249,-0.002813547383993864,0.06702984124422073,0.3685453236103058,83,20
0.0017690658569335938,positive,10.0,10.0,0.0713391974568367,-0.004809926729649305,0.07635530829429626,0.4129256308078766,83,22
0.0018320083618164062,positive,10.0,10.0,0.07124300301074982,0.189151331782341,0.08461382240056992,0.1452581137418747,83,23
0.00189208984375,positive,10.0,10.0,0.0750260278582573,0.3829660415649414,0.08751898258924484,-0.11957705765962601,83,24
0.002040863037109375,positive,10.0,10.0,0.09421999007463455,0.7705488204956055,0.07745911926031113,-0.6480910181999207,83,26
0.0021796226501464844,positive,10.0,10.0,0.12111973017454147,0.378460168838501,0.05785616487264633,-0.019752075895667076,83,28
0.002239704132080078,positive,10.0,10.0,0.12868893146514893,0.18255826830863953,0.057461123913526535,0.29060930013656616,83,29
0.002435445785522461,positive,10.0,10.0,0.14349333941936493,0.3750077188014984,0.07017596065998077,0.05657827481627464,83,32
0.0028433799743652344,negative,10.0,-10.0,0.153061643242836,-0.022401604801416397,0.13675719499588013,0.8065882921218872,83,38
0.0029757022857666016,negative,10.0,-10.0,0.1560257524251938,0.36329033970832825,0.16408614814281464,0.31898069381713867,83,40
0.003102540969848633,negative,10.0,-10.0,0.17440639436244965,0.7480619549751282,0.17210990190505981,-0.1522182822227478,83,42
0.003160715103149414,negative,10.0,-10.0,0.1893676370382309,0.9403552412986755,0.16906553506851196,-0.38604581356048584,83,43
0.003220081329345703,negative,10.0,-10.0,0.20817473530769348,0.7432873249053955,0.16134461760520935,-0.045189641416072845,83,44
0.0033457279205322266,negative,10.0,-10.0,0.24175593256950378,1.1282854080200195,0.15478207170963287,-0.5210309028625488,83,46
0.003424406051635742,negative,10.0,-10.0,0.26432162523269653,0.9313622117042542,0.1443614661693573,-0.1838529407978058,83,47
0.004037380218505859,positive,10.0,10.0,0.4696404039859772,1.1113773584365845,0.08240001648664474,-0.1418699473142624,83,56
0.004103660583496094,positive,10.0,10.0,0.49186795949935913,1.3052284717559814,0.07956261932849884,-0.4074617624282837,83,57
0.00416254997253418,positive,10.0,10.0,0.5179725289344788,1.1090738773345947,0.07141338288784027,-0.09079384058713913,83,58
0.0042912960052490234,positive,10.0,10.0,0.5662160515785217,1.1070647239685059,0.062395136803388596,-0.046327345073223114,83,60
0.004416465759277344,positive,10.0,10.0,0.6143821477890015,1.1052979230880737,0.05509479343891144,-0.007272839080542326,83,62
0.0046100616455078125,positive,10.0,10.0,0.684554398059845,1.298108696937561,0.04985617846250534,-0.24930863082408905,83,65
0.004668712615966797,positive,10.0,10.0,0.7105165719985962,1.1023114919662476,0.044870007783174515,0.05867384001612663,83,66
0.00479578971862793,positive,10.0,10.0,0.7584980726242065,1.1010135412216187,0.04165305197238922,0.08732258528470993,83,68
0.004854440689086914,positive,10.0,10.0,0.7805183529853821,1.295514464378357,0.04339950531721115,-0.1919332593679428,83,69
0.005048990249633789,positive,10.0,10.0,0.8465073108673096,1.0986384153366089,0.050223514437675476,0.13981175422668457,83,72
0.005107879638671875,positive,10.0,10.0,0.8684800863265991,1.293006420135498,0.053019747138023376,-0.13661310076713562,83,73
0.005165815353393555,positive,10.0,10.0,0.8943402171134949,1.097166657447815,0.050287485122680664,0.17231415212154388,83,74
0.005701780319213867,positive,10.0,10.0,1.0772607326507568,1.0904821157455444,0.07566546648740768,0.32041439414024353,83,82
0.005763530731201172,positive,10.0,10.0,1.0990703105926514,0.8943687677383423,0.08207375556230545,0.6359671950340271,83,83
0.00029540061950683594,positive,10.0,10.0,-0.04814528301358223,-0.013945989310741425,-0.013205909170210361,-0.00411424832418561,84,0
0.0006976127624511719,positive,10.0,10.0,-0.05260172486305237,-0.40380600094795227,-0.007600734941661358,0.5728354454040527,84,2
0.0015087127685546875,positive,10.0,10.0,-0.07292450964450836,-0.20876634120941162,0.02084461599588394,0.2819611132144928,84,5
0.0016026496887207031,positive,10.0,10.0,-0.07709983736276627,-0.40417933464050293,0.026483839377760887,0.5811448097229004,84,6
0.0016872882843017578,positive,10.0,10.0,-0.08518342673778534,-0.2094382792711258,0.03810673579573631,0.2969209849834442,84,7
0.0019290447235107422,positive,10.0,10.0,-0.10948966443538666,-0.4064718186855316,0.07422462105751038,0.6330541372299194,84,10
0.002572298049926758,positive,10.0,10.0,-0.10564188659191132,0.5553008317947388,0.09368491917848587,-0.5293087363243103,84,19
0.0028498172760009766,positive,10.0,10.0,-0.06916540116071701,0.16064926981925964,0.06629583239555359,0.15624290704727173,84,23
0.003019571304321289,positive,10.0,10.0,-0.05885716527700424,0.1587180197238922,0.06712447851896286,0.19894108176231384,84,25
0.0031630992889404297,positive,10.0,10.0,-0.056428734213113785,0.15675558149814606,0.08134371787309647,0.24256464838981628,84,27
0.0033729076385498047,positive,10.0,10.0,-0.03539280220866203,0.34818074107170105,0.0799734890460968,0.030758259817957878,84,30
0.0036542415618896484,positive,10.0,10.0,0.000127147781313397,0.7337841987609863,0.0737718790769577,-0.4537588357925415,84,34
0.003715038299560547,positive,10.0,10.0,0.014802832156419754,0.5377008318901062,0.06469669938087463,-0.13876453042030334,84,35
0.0039098262786865234,positive,10.0,10.0,0.0353064201772213,0.33990493416786194,0.07509682327508926,0.2137862741947174,84,38
0.004036903381347656,positive,10.0,10.0,0.044980403035879135,0.3377149999141693,0.08995616436004639,0.26252660155296326,84,40
0.00423121452331543,positive,10.0,10.0,0.07686525583267212,0.9187254309654236,0.08996357023715973,-0.5228778719902039,84,43
0.004361867904663086,positive,10.0,10.0,0.10968896746635437,0.9163603186607361,0.07544087618589401,-0.4698381721973419,84,45
0.0044231414794921875,positive,10.0,10.0,0.1280161738395691,0.7202582955360413,0.06604411453008652,-0.15436320006847382,84,46
0.004561185836791992,positive,10.0,10.0,0.16070884466171265,0.7184208631515503,0.05444682389497757,-0.11365468055009842,84,48
0.004630565643310547,positive,10.0,10.0,0.17507725954055786,0.5225627422332764,0.05217372998595238,0.195696622133255,84,49
0.0046956539154052734,positive,10.0,10.0,0.18552851676940918,0.32673484086990356,0.056087661534547806,0.504370927810669,84,50
0.004896640777587891,positive,10.0,10.0,0.2167864888906479,0.9091798067092896,0.06994824856519699,-0.3107600808143616,84,53
0.00513148307800293,positive,10.0,10.0,0.2673785090446472,0.7113157510757446,0.058420248329639435,0.043326228857040405,84,56
0.005299806594848633,positive,10.0,10.0,0.2919129729270935,0.31949418783187866,0.0663638561964035,0.6646268367767334,84,58
0.0053637027740478516,positive,10.0,10.0,0.29830285906791687,0.5136333107948303,0.07965639233589172,0.3935558497905731,84,59
0.0054247379302978516,positive,10.0,10.0,0.30857551097869873,0.7075398564338684,0.08752750605344772,0.1270124912261963,84,60
0.005565166473388672,positive,10.0,10.0,0.3407524526119232,1.0950301885604858,0.08733128011226654,-0.39978811144828796,84,62
0.005767822265625,positive,10.0,10.0,0.40248245000839233,0.896548867225647,0.07076683640480042,-0.03139229118824005,84,65
0.005896091461181641,positive,10.0,10.0,0.43442317843437195,0.8945422768592834,0.0757940337061882,0.01298925094306469,84,67
0.006023883819580078,positive,10.0,10.0,0.4740840196609497,1.2824583053588867,0.07095681875944138,-0.5226081609725952,84,69
0.006280183792114258,positive,10.0,10.0,0.5609660744667053,1.2789915800094604,0.05495619401335716,-0.44539469480514526,84,73
0.0063419342041015625,positive,10.0,10.0,0.5865459442138672,1.0831369161605835,0.046048298478126526,-0.13590727746486664,84,74
0.0064013004302978516,positive,10.0,10.0,0.6082086563110352,1.277570128440857,0.043330155313014984,-0.4137144386768341,84,75
0.00666356086730957,positive,10.0,10.0,0.7103512287139893,1.2759721279144287,0.01163641270250082,-0.3780415952205658,84,79
0.0067899227142333984,positive,10.0,10.0,0.7574844360351562,1.2757501602172852,0.002441330812871456,-0.37310677766799927,84,81
0.0068509578704833984,positive,10.0,10.0,0.7829993963241577,1.0805935859680176,-0.005020804703235626,-0.07965508103370667,84,82
0.007143974304199219,positive,10.0,10.0,0.8772638440132141,1.0811861753463745,-0.023367280140519142,-0.09275039285421371,84,86
0.007210254669189453,positive,10.0,10.0,0.898887574672699,1.2766351699829102,-0.025222288444638252,-0.39271312952041626,84,87
0.007342815399169922,positive,10.0,10.0,0.9460578560829163,1.277459979057312,-0.03523831069469452,-0.4110201299190521,84,89
0.00776219367980957,positive,10.0,10.0,1.072226643562317,0.5012968182563782,-0.047766655683517456,0.6655237078666687,84,95
0.007823705673217773,positive,10.0,10.0,1.0822526216506958,0.3068706691265106,-0.03445618227124214,0.9427922368049622,84,96
0.007955074310302734,positive,10.0,10.0,1.0984387397766113,0.6977754831314087,-0.0028106397949159145,0.3419303596019745,84,98
0.00814962387084961,positive,10.0,10.0,1.1364033222198486,0.8926395177841187,0.023548759520053864,0.05494444817304611,84,101
0.008213043212890625,positive,10.0,10.0,1.1542561054229736,0.6971879601478577,0.024647649377584457,0.35496318340301514,84,102
0.008341550827026367,positive,10.0,10.0,1.1860389709472656,0.6963886022567749,0.033149976283311844,0.3726809024810791,84,104
0.00840139389038086,positive,10.0,10.0,1.1999666690826416,0.8910242915153503,0.04060359299182892,0.09063200652599335,84,105
0.008595466613769531,positive,10.0,10.0,1.2494908571243286,0.694034218788147,0.052669707685709,0.42495816946029663,84,108
0.008722305297851562,positive,10.0,10.0,1.2811390161514282,0.6924299597740173,0.06415554136037827,0.46066927909851074,84,110
0.008913516998291016,positive,10.0,10.0,1.3265293836593628,0.49437886476516724,0.08722197264432907,0.8197373151779175,84,113
0.0005590915679931641,positive,10.0,10.0,-0.029551338404417038,-0.6243790984153748,-0.02020566537976265,0.8188719153404236,85,3
0.0009448528289794922,positive,10.0,10.0,-0.08729250729084015,-0.6247620582580566,0.05669190734624863,0.8279613256454468,85,7
0.002157449722290039,positive,10.0,10.0,-0.08674435317516327,0.327279657125473,0.08939480036497116,-0.11717870086431503,85,22
0.0022351741790771484,positive,10.0,10.0,-0.0801987573504448,0.5210145711898804,0.08705122023820877,-0.38037362694740295,85,23
0.0023086071014404297,positive,10.0,10.0,-0.06977846473455429,0.32477131485939026,0.07944375276565552,-0.06156258285045624,85,24
0.0026264190673828125,positive,10.0,10.0,-0.04393309727311134,0.7102076411247253,0.0775313749909401,-0.5425794124603271,85,28
0.0027017593383789062,positive,10.0,10.0,-0.02972894348204136,0.5140865445137024,0.06667979061603546,-0.226510152220726,85,29
0.002806425094604492,positive,10.0,10.0,-0.019447211176156998,0.3180781602859497,0.06214958429336548,0.08643839508295059,85,30
0.0028831958770751953,positive,10.0,10.0,-0.01308564841747284,0.5122567415237427,0.06387835741043091,-0.18600690364837646,85,31
0.0030460357666015625,positive,10.0,10.0,0.011287672445178032,0.9006315469741821,0.05100072920322418,-0.7310048341751099,85,33
0.0031213760375976562,positive,10.0,10.0,0.029300304129719734,0.7048432230949402,0.03638063371181488,-0.42271649837493896,85,34
0.0032846927642822266,positive,10.0,10.0,0.05358167365193367,0.31371456384658813,0.02555049955844879,0.18257081508636475,85,36
0.0033566951751708984,positive,10.0,10.0,0.05985596403479576,0.1182364970445633,0.029201915487647057,0.4832032322883606,85,37
0.0034270286560058594,positive,10.0,10.0,0.06222069635987282,0.31293439865112305,0.03886597976088524,0.19986502826213837,85,38
0.0035767555236816406,positive,10.0,10.0,0.07082495838403702,0.3117712438106537,0.0529542937874794,0.22567777335643768,85,40
0.003645658493041992,positive,10.0,10.0,0.07706037908792496,0.11593403667211533,0.05746784806251526,0.5345830917358398,85,41
0.0037147998809814453,positive,10.0,10.0,0.07937905937433243,0.3102027475833893,0.06815951317548752,0.26054731011390686,85,42
0.00402522087097168,positive,10.0,10.0,0.10407092422246933,0.6957228183746338,0.09176288545131683,-0.22219152748584747,85,46
0.004098176956176758,positive,10.0,10.0,0.11798538267612457,0.8894215226173401,0.08731905370950699,-0.4845767319202423,85,47
0.004467010498046875,positive,10.0,10.0,0.20670469105243683,0.689325213432312,0.0438559465110302,-0.0801713615655899,85,52
0.0045337677001953125,positive,10.0,10.0,0.2204912006855011,0.4936029016971588,0.042252521961927414,0.22601932287216187,85,53
0.004601001739501953,positive,10.0,10.0,0.23036326467990875,0.2979033589363098,0.04677290841937065,0.5317251682281494,85,54
0.004765510559082031,positive,10.0,10.0,0.2461680769920349,0.686594545841217,0.06249019876122475,-0.01989791914820671,85,56
0.00507664680480957,positive,10.0,10.0,0.2853822410106659,0.6826919317245483,0.08665526658296585,0.06647098809480667,85,60
0.005146503448486328,positive,10.0,10.0,0.29903608560562134,0.8764714598655701,0.08798468858003616,-0.19766293466091156,85,61
0.005216836929321289,positive,10.0,10.0,0.31656551361083984,1.0702320337295532,0.08403143286705017,-0.4613453149795532,85,62
0.005284547805786133,positive,10.0,10.0,0.33797013759613037,0.8740290999412537,0.07480452209711075,-0.1434033215045929,85,63
0.005350828170776367,positive,10.0,10.0,0.35545071959495544,1.0680044889450073,0.0719364583492279,-0.4115806519985199,85,64
0.0054934024810791016,positive,10.0,10.0,0.3942496180534363,1.0660942792892456,0.06176256388425827,-0.3690374791622162,85,66
0.005559682846069336,positive,10.0,10.0,0.41557151079177856,0.8701515793800354,0.05438181385397911,-0.0575372688472271,85,67
0.00584721565246582,positive,10.0,10.0,0.49289670586586,0.867292046546936,0.040083058178424835,0.005634252447634935,85,71
0.0060694217681884766,positive,10.0,10.0,0.5566057562828064,1.4509607553482056,0.023635463789105415,-0.8354236483573914,85,74
0.006361961364746094,positive,10.0,10.0,0.66485595703125,1.0606471300125122,-0.030987009406089783,-0.24818482995033264,85,78
0.006831169128417969,positive,10.0,10.0,0.7962091565132141,1.064902424812317,-0.07046692818403244,-0.34272509813308716,85,84
0.006909370422363281,positive,10.0,10.0,0.8175072073936462,0.8708500266075134,-0.07732143253087997,-0.07306907325983047,85,85
0.006980419158935547,positive,10.0,10.0,0.8349242210388184,1.0669903755187988,-0.0787828117609024,-0.3891105055809021,85,86
0.007157325744628906,positive,10.0,10.0,0.873725414276123,0.6792879700660706,-0.08901042491197586,0.14189599454402924,85,88
0.007270097732543945,positive,10.0,10.0,0.8873111605644226,0.4855461120605469,-0.08617250621318817,0.4052237868309021,85,89
0.0073909759521484375,positive,10.0,10.0,0.8970221281051636,0.6817776560783386,-0.07806803286075592,0.0866653099656105,85,90
0.007511138916015625,positive,10.0,10.0,0.9106576442718506,0.4878564774990082,-0.07633472979068756,0.3537323772907257,85,91
0.007775306701660156,positive,10.0,10.0,0.9340943098068237,0.8800194263458252,-0.06850030273199081,-0.275717169046402,85,93
0.007901430130004883,positive,10.0,10.0,0.9516947269439697,1.076048493385315,-0.07401464134454727,-0.5891944169998169,85,94
0.008024930953979492,positive,10.0,10.0,0.9732156991958618,1.2721245288848877,-0.08579853177070618,-0.9042437076568604,85,95
0.009435415267944336,positive,10.0,10.0,1.0847688913345337,-0.2717624306678772,-0.08289133757352829,1.067842721939087,85,105
0.009942054748535156,positive,10.0,10.0,1.0553327798843384,-0.2691931426525116,0.011648888699710369,1.0064878463745117,85,109
0.010450601577758789,positive,10.0,10.0,1.035264253616333,-0.4656069278717041,0.07823952287435532,1.3305050134658813,85,112
0.010890722274780273,negative,10.0,-10.0,1.0033621788024902,-0.6644164323806763,0.16554878652095795,1.7207499742507935,85,115
0.011011838912963867,negative,10.0,-10.0,0.9900738000869751,-0.47153276205062866,0.1999637931585312,1.483829379081726,85,116
0.00047326087951660156,positive,10.0,10.0,0.036842186003923416,-0.04907837137579918,0.005953953601419926,-0.004717308562248945,86,2
0.0007944107055664062,positive,10.0,10.0,0.02998996712267399,-0.2445344626903534,0.011636552400887012,0.29534682631492615,86,5
0.0009639263153076172,positive,10.0,10.0,0.0241076722741127,-0.24494941532611847,0.01767061837017536,0.3045225441455841,86,7
0.0010411739349365234,positive,10.0,10.0,0.01920868456363678,-0.05008368939161301,0.023761069402098656,0.01746448129415512,86,8
0.0011141300201416016,positive,10.0,10.0,0.018207009881734848,-0.24553820490837097,0.02411036007106304,0.31754857301712036,86,9
0.0011892318725585938,positive,10.0,10.0,0.013296246528625488,-0.05076780542731285,0.030461329966783524,0.03256566449999809,86,10
0.0012636184692382812,positive,10.0,10.0,0.01228088978677988,-0.24631303548812866,0.03111264482140541,0.33470168709754944,86,11
0.0013358592987060547,positive,10.0,10.0,0.007354629226028919,-0.05164738744497299,0.0378066785633564,0.051990166306495667,86,12
0.0014071464538574219,positive,10.0,10.0,0.006321681663393974,-0.2472904771566391,0.03884648159146309,0.356357604265213,86,13
0.001478433609008789,positive,10.0,10.0,0.0013758721761405468,-0.05274173617362976,0.045973632484674454,0.07617265731096268,86,14
0.0015571117401123047,positive,10.0,10.0,0.00032103745616041124,-0.248491570353508,0.047497086226940155,0.38299864530563354,86,15
0.0016286373138427734,positive,10.0,10.0,-0.004648793954402208,-0.054075051099061966,0.05515705794095993,0.10566165298223495,86,16
0.0017948150634765625,positive,10.0,10.0,-0.010729140602052212,-0.4458271861076355,0.0655747652053833,0.725397527217865,86,18
0.0022563934326171875,negative,10.0,-10.0,-0.060689378529787064,-0.06472703069448471,0.15507066249847412,0.34438356757164,86,24
0.0024039745330810547,negative,10.0,-10.0,-0.05942615494132042,0.32036328315734863,0.164045050740242,-0.1331905871629715,86,26
0.002547025680541992,negative,10.0,-10.0,-0.04276285320520401,0.3157990574836731,0.1539820432662964,-0.031055031344294548,86,28
0.002715587615966797,negative,10.0,-10.0,-0.026278551667928696,0.7010549306869507,0.1479315459728241,-0.5121252536773682,86,30
0.0027887821197509766,negative,10.0,-10.0,-0.012257453985512257,0.5041928887367249,0.1376890391111374,-0.17672397196292877,86,31
0.004326820373535156,positive,10.0,10.0,0.2687804400920868,0.8625645041465759,0.0817156583070755,-0.057538650929927826,86,51
0.00479888916015625,positive,10.0,10.0,0.37041476368904114,1.0522185564041138,0.05760776251554489,-0.22983305156230927,86,56
0.0048770904541015625,positive,10.0,10.0,0.3914591372013092,1.2464720010757446,0.053011100739240646,-0.5038025379180908,86,57
0.0049512386322021484,positive,10.0,10.0,0.4163885712623596,1.4408082962036133,0.042935047298669815,-0.7793195843696594,86,58
0.005101919174194336,positive,10.0,10.0,0.47010719776153564,1.4398484230041504,0.0178797896951437,-0.7573825120925903,86,60
0.005321025848388672,positive,10.0,10.0,0.5603897571563721,1.2446943521499634,-0.03317251056432724,-0.4639318585395813,86,63
0.005446195602416992,positive,10.0,10.0,0.5852836966514587,1.0500565767288208,-0.042451146990060806,-0.18188661336898804,86,64
0.00552678108215332,positive,10.0,10.0,0.6062847971916199,1.24575936794281,-0.04608887806534767,-0.48765334486961365,86,65
0.005679130554199219,positive,10.0,10.0,0.6522263288497925,1.247191071510315,-0.060038842260837555,-0.5196069478988647,86,67
0.005831480026245117,positive,10.0,10.0,0.6982294321060181,0.8589144349098206,-0.07535960525274277,0.023231040686368942,86,69
0.006123065948486328,positive,10.0,10.0,0.7670697569847107,0.8630293011665344,-0.0763082280755043,-0.06780102849006653,86,73
0.006268739700317383,positive,10.0,10.0,0.7977119088172913,0.47514939308166504,-0.07366696745157242,0.46707215905189514,86,75
0.0067291259765625,positive,10.0,10.0,0.8901270627975464,0.481085866689682,-0.07654088735580444,0.335758239030838,86,81
0.006883144378662109,positive,10.0,10.0,0.9132929444313049,0.8732591867446899,-0.06942664831876755,-0.2939169108867645,86,83
0.006953001022338867,positive,10.0,10.0,0.9307581186294556,0.6791921854019165,-0.07530498504638672,-0.023912765085697174,86,84
0.007102489471435547,positive,10.0,10.0,0.9540464878082275,0.2912641167640686,-0.07090138643980026,0.5119420289993286,86,86
0.007170915603637695,positive,10.0,10.0,0.959871768951416,0.48730939626693726,-0.06066254898905754,0.1977853775024414,86,87
0.007315397262573242,positive,10.0,10.0,0.9832828640937805,0.8791308999061584,-0.05897483974695206,-0.4234206974506378,86,89
0.007459402084350586,positive,10.0,10.0,1.0145633220672607,0.8809114694595337,-0.07044120132923126,-0.4630714952945709,86,91
0.007608175277709961,positive,10.0,10.0,1.045918583869934,0.4929553270339966,-0.08357056230306625,0.07311716675758362,86,93
0.007749319076538086,positive,10.0,10.0,1.0617601871490479,0.10526129603385925,-0.0753420740365982,0.6040099859237671,86,95
0.007814884185791016,positive,10.0,10.0,1.0638654232025146,-0.088730588555336,-0.06326188147068024,0.872042715549469,86,96
0.007882118225097656,positive,10.0,10.0,1.0620907545089722,-0.28293779492378235,-0.04582102224230766,1.1441842317581177,86,97
0.007947921752929688,positive,10.0,10.0,1.0564320087432861,-0.4774321913719177,-0.022937340661883354,1.4221528768539429,86,98
0.008102655410766602,positive,10.0,10.0,1.0412427186965942,-0.08698483556509018,0.02795351669192314,0.8314390778541565,86,100
0.008178949356079102,positive,10.0,10.0,1.0395029783248901,0.10774414986371994,0.044582299888134,0.5476769804954529,86,101
0.008254051208496094,positive,10.0,10.0,1.0416579246520996,0.30221235752105713,0.05553583800792694,0.26936736702919006,86,102
0.008404254913330078,positive,10.0,10.0,1.0498290061950684,0.3005612790584564,0.07250391691923141,0.30615100264549255,86,104
0.008472204208374023,positive,10.0,10.0,1.055840253829956,0.4945791959762573,0.07862693816423416,0.03718622028827667,86,105
0.008617877960205078,positive,10.0,10.0,1.0717003345489502,0.4923318028450012,0.0864427462220192,0.08696691691875458,86,107
0.00930476188659668,negative,10.0,-10.0,1.143723487854004,0.283624529838562,0.1475919783115387,0.6858586072921753,86,116
0.009588003158569336,negative,10.0,-10.0,1.1739501953125,0.27467605471611023,0.19675284624099731,0.8922242522239685,86,120
0.00014901161193847656,positive,10.0,10.0,-0.027263374999165535,0.044202350080013275,-0.025714274495840073,-0.00721493735909462,87,0
0.0003981590270996094,positive,10.0,10.0,-0.039293549954891205,-0.34487536549568176,-0.003827467793598771,0.5524536371231079,87,4
0.0004949569702148438,positive,10.0,10.0,-0.05698992311954498,-0.7351630926132202,0.0241001695394516,1.1388733386993408,87,6
0.0005373954772949219,positive,10.0,10.0,-0.07169318199157715,-0.5403644442558289,0.04687763750553131,0.853844940662384,87,7
0.0005795955657958984,positive,10.0,10.0,-0.08250047266483307,-0.7360929250717163,0.06395453959703445,1.160892128944397,87,8
0.0007722377777099609,negative,10.0,-10.0,-0.1415145844221115,-0.351617693901062,0.15989896655082703,0.7093769907951355,87,12
0.0010495185852050781,negative,10.0,-10.0,-0.13380631804466248,0.41217440366744995,0.18655309081077576,-0.10343558341264725,87,18
0.0013382434844970703,negative,10.0,-10.0,-0.06549806147813797,0.5888787508010864,0.17894841730594635,0.012103406712412834,87,25
0.0013768672943115234,negative,10.0,-10.0,-0.05372048541903496,0.781043291091919,0.1791904866695404,-0.21921004354953766,87,26
0.0015408992767333984,negative,10.0,-10.0,0.016256902366876602,0.7714845538139343,0.15674836933612823,-0.0048048109747469425,87,30
0.001577615737915039,negative,10.0,-10.0,0.03168659284710884,0.9640517830848694,0.1566522717475891,-0.2442188262939453,87,31
0.0016150474548339844,negative,10.0,-10.0,0.05096762999892235,1.1566298007965088,0.15176789462566376,-0.4836810529232025,87,32
0.0019731521606445312,negative,10.0,-10.0,0.21876850724220276,1.3332233428955078,0.1544731706380844,-0.3663528561592102,87,41
0.002089262008666992,negative,10.0,-10.0,0.2947390377521515,1.1321451663970947,0.1411195546388626,0.06297973543405533,87,44
0.002125263214111328,negative,10.0,-10.0,0.31738194823265076,1.3249914646148682,0.14237914979457855,-0.18206246197223663,87,45
0.002357959747314453,negative,10.0,-10.0,0.4563151001930237,0.5341433882713318,0.16239705681800842,1.2331898212432861,87,51
0.00021004676818847656,positive,10.0,10.0,0.009879933670163155,-0.0307946614921093,-0.0026104343123733997,-0.0009151731501333416,88,0
0.0004980564117431641,positive,10.0,10.0,-0.003672810038551688,-0.22588633000850677,0.014846035279333591,0.29111939668655396,88,3
0.0005612373352050781,positive,10.0,10.0,-0.008190536871552467,-0.030979182571172714,0.020668422803282738,0.0031554612796753645,88,4
0.0006699562072753906,positive,10.0,10.0,-0.00881012063473463,-0.22639136016368866,0.02073153294622898,0.30228719115257263,88,5
0.0007956027984619141,positive,10.0,10.0,-0.013969365507364273,-0.22706645727157593,0.027101555839180946,0.3172237277030945,88,7
0.0008528232574462891,positive,10.0,10.0,-0.018510695546865463,-0.03234078735113144,0.03344603255391121,0.03320937976241112,88,8
0.0009083747863769531,positive,10.0,10.0,-0.01915751025080681,-0.22792600095272064,0.03411021828651428,0.33625441789627075,88,9
0.0009624958038330078,positive,10.0,10.0,-0.02371603064239025,-0.03330566734075546,0.04083530604839325,0.054520197212696075,88,10
0.001163482666015625,positive,10.0,10.0,-0.02965165488421917,-0.2302774041891098,0.050734326243400574,0.3883959949016571,88,13
0.0012197494506835938,positive,10.0,10.0,-0.034257203340530396,-0.035910915583372116,0.05850224569439888,0.11213091015815735,88,14
0.0014414787292480469,positive,10.0,10.0,-0.04503701254725456,-0.039618778973817825,0.08146224915981293,0.1943540871143341,88,18
0.0016829967498779297,positive,10.0,10.0,-0.02494571916759014,0.3457719087600708,0.0651707872748375,-0.28526076674461365,88,22
0.001737356185913086,positive,10.0,10.0,-0.018030280247330666,0.14978395402431488,0.05946557596325874,0.02724374458193779,88,23
0.001909494400024414,positive,10.0,10.0,-0.012995747849345207,-0.04793177917599678,0.06807021796703339,0.377888560295105,88,26
0.0022568702697753906,positive,10.0,10.0,0.00040957320015877485,0.334543913602829,0.09193050116300583,-0.03709591180086136,88,32
0.0024318695068359375,positive,10.0,10.0,0.024303965270519257,0.5257434248924255,0.0856117457151413,-0.2440568208694458,88,35
0.0024826526641845703,positive,10.0,10.0,0.03481883183121681,0.7195448875427246,0.0807306095957756,-0.5085551738739014,88,36
0.0026831626892089844,positive,10.0,10.0,0.06885026395320892,0.3253937065601349,0.07788828015327454,0.16538558900356293,88,40
0.0027337074279785156,positive,10.0,10.0,0.07535813748836517,0.5193192958831787,0.08119598776102066,-0.1017448902130127,88,41
0.002780914306640625,positive,10.0,10.0,0.08574452251195908,0.323133260011673,0.07916109263896942,0.21541006863117218,88,42
0.0028264522552490234,positive,10.0,10.0,0.09220719337463379,0.5170395374298096,0.08346929401159286,-0.051289401948451996,88,43
0.0028693675994873047,positive,10.0,10.0,0.10254798084497452,0.7108715772628784,0.08244350552558899,-0.3165137469768524,88,44
0.003013134002685547,positive,10.0,10.0,0.14123158156871796,0.9025880098342896,0.07079813629388809,-0.5344748497009277,88,47
0.0032987594604492188,positive,10.0,10.0,0.2063617706298828,0.5071046352386475,0.07683061063289642,0.16851988434791565,88,53
0.0033447742462158203,positive,10.0,10.0,0.21650385856628418,0.7010475397109985,0.08020100742578506,-0.09897034615278244,88,54
0.0033881664276123047,positive,10.0,10.0,0.23052480816841125,0.8949339389801025,0.07822159677743912,-0.36531126499176025,88,55
0.0037119388580322266,positive,10.0,10.0,0.3203112781047821,0.3035089373588562,0.0883508175611496,0.6498234272003174,88,62
0.003936052322387695,negative,10.0,-10.0,0.3659828305244446,0.8805375099182129,0.13632814586162567,-0.04702576622366905,88,67
0.004116058349609375,negative,10.0,-10.0,0.4361966550350189,0.4832742214202881,0.13765761256217957,0.6996845602989197,88,71
0.0005023479461669922,positive,10.0,10.0,-0.019814936444163322,-0.04205573722720146,0.05065111443400383,0.07355417311191559,89,2
0.0005886554718017578,positive,10.0,10.0,-0.020656051114201546,-0.2378658652305603,0.052122198045253754,0.38177773356437683,89,3
0.0009338855743408203,positive,10.0,10.0,-0.03197779133915901,-0.24130703508853912,0.07310199737548828,0.4583255350589752,89,7
0.0010907649993896484,positive,10.0,10.0,-0.03774974122643471,0.14656400680541992,0.08605952560901642,-0.07608778029680252,89,9
0.0011622905731201172,positive,10.0,10.0,-0.034818463027477264,0.3403535485267639,0.08453777432441711,-0.3404260277748108,89,10
0.001233816146850586,positive,10.0,10.0,-0.028011390939354897,0.534177303314209,0.0777292475104332,-0.6052988767623901,89,11
0.0013828277587890625,positive,10.0,10.0,-0.010566657409071922,0.14206600189208984,0.059839654713869095,0.023455822840332985,89,13
0.0015282630920410156,positive,10.0,10.0,-0.008802552707493305,0.14035330712795258,0.06699682027101517,0.0613308809697628,89,15
0.0017294883728027344,positive,10.0,10.0,-0.007108728401362896,0.13842779397964478,0.0757109671831131,0.10396124422550201,89,17
0.0018033981323242188,positive,10.0,10.0,-0.004340172279626131,0.33238768577575684,0.07779019325971603,-0.16390736401081085,89,18
0.0018723011016845703,positive,10.0,10.0,0.0023075812496244907,0.5263148546218872,0.0745120495557785,-0.4310711622238159,89,19
0.0020983219146728516,positive,10.0,10.0,0.022122705355286598,-0.061750851571559906,0.06751062721014023,0.5089015364646912,89,22
0.0021669864654541016,positive,10.0,10.0,0.02088768780231476,0.13235825300216675,0.07768866419792175,0.23823419213294983,89,23
0.0023148059844970703,positive,10.0,10.0,0.03006063960492611,0.13008767366409302,0.08187399059534073,0.28854894638061523,89,25
0.0025336742401123047,positive,10.0,10.0,0.04949574917554855,0.7114754915237427,0.08327989280223846,-0.5046691298484802,89,28
0.002795696258544922,positive,10.0,10.0,0.08821669965982437,0.513255774974823,0.06033408269286156,-0.14193452894687653,89,31
0.0028717517852783203,positive,10.0,10.0,0.09848181903362274,0.3173239827156067,0.057495392858982086,0.16915591061115265,89,32
0.003096342086791992,positive,10.0,10.0,0.11356966197490692,0.11958510428667068,0.07459702342748642,0.5205700993537903,89,35
0.003242969512939453,positive,10.0,10.0,0.12223301082849503,0.5073937773704529,0.09005432575941086,-0.01241021417081356,89,37
0.0036606788635253906,positive,10.0,10.0,0.19442610442638397,0.8896213173866272,0.07981367409229279,-0.42241939902305603,89,43
0.0037250518798828125,positive,10.0,10.0,0.2122185230255127,1.0835272073745728,0.07136528193950653,-0.6889119148254395,89,44
0.0038619041442871094,positive,10.0,10.0,0.25163888931274414,0.691600501537323,0.05009419098496437,-0.06437269598245621,89,46
0.003924369812011719,positive,10.0,10.0,0.2654708921909332,0.49579745531082153,0.04880673438310623,0.24368497729301453,89,47
0.004126548767089844,positive,10.0,10.0,0.29127398133277893,0.2983595132827759,0.07022865116596222,0.5884255170822144,89,50
0.0042612552642822266,positive,10.0,10.0,0.30708977580070496,0.29624316096305847,0.08837047219276428,0.6360393166542053,89,52
0.005174398422241211,positive,10.0,10.0,0.5166459679603577,1.0589683055877686,0.07444153726100922,-0.14551298320293427,89,64
0.005327701568603516,positive,10.0,10.0,0.5628843307495117,1.056890606880188,0.06325501203536987,-0.09946464747190475,89,66
0.005435943603515625,positive,10.0,10.0,0.5840221643447876,1.2510515451431274,0.061265718191862106,-0.3715391755104065,89,67
0.005512714385986328,positive,10.0,10.0,0.6090431809425354,1.0551152229309082,0.053834933787584305,-0.06018512696027756,89,68
0.005583286285400391,positive,10.0,10.0,0.6301454901695251,0.8592643141746521,0.052631232887506485,0.24898536503314972,89,69
0.005655527114868164,positive,10.0,10.0,0.6473307609558105,1.0535967350006104,0.05761094018816948,-0.02664310298860073,89,70
0.0059969425201416016,positive,10.0,10.0,0.7315185070037842,1.4402995109558105,0.05768602341413498,-0.5349310636520386,89,74
0.006190776824951172,positive,10.0,10.0,0.7852128148078918,1.438835859298706,0.0424945205450058,-0.5021429061889648,89,76
0.006501197814941406,positive,10.0,10.0,0.8924534916877747,1.4371174573898315,0.015408881939947605,-0.4637584686279297,89,80
0.006571769714355469,positive,10.0,10.0,0.9211958050727844,1.2417811155319214,0.006133712362498045,-0.1662587970495224,89,81
0.006636142730712891,positive,10.0,10.0,0.9460314512252808,1.436814785003662,0.002808536635711789,-0.4570004343986511,89,82
0.006699085235595703,positive,10.0,10.0,0.9747677445411682,1.2416532039642334,-0.006331471726298332,-0.16343355178833008,89,83
0.006765842437744141,positive,10.0,10.0,0.9996008276939392,1.436865210533142,-0.009600142948329449,-0.4581071436405182,89,84
0.006904125213623047,positive,10.0,10.0,1.053175687789917,1.0470318794250488,-0.022131597623229027,0.11823980510234833,89,86
0.00718235969543457,positive,10.0,10.0,1.1291671991348267,1.0479347705841064,-0.0017097669187933207,0.09829156845808029,89,90
0.007319211959838867,positive,10.0,10.0,1.1671826839447021,1.0479556322097778,0.0080647561699152,0.09783238917589188,89,92
0.0073850154876708984,positive,10.0,10.0,1.1881417036056519,0.8527190685272217,0.010021403431892395,0.39304879307746887,89,93
0.00744938850402832,positive,10.0,10.0,1.2051961421966553,1.0476974248886108,0.01788237877190113,0.10354223847389221,89,94
0.007799863815307617,positive,10.0,10.0,1.3020991086959839,0.8506718277931213,0.04131433367729187,0.4385058283805847,89,99
0.00786733627319336,positive,10.0,10.0,1.3191125392913818,1.0451853275299072,0.05008444935083389,0.1591273695230484,89,100
0.008352994918823242,positive,10.0,10.0,1.4156708717346191,0.8457533121109009,0.08116551488637924,0.5482880473136902,89,105
0.00845646858215332,positive,10.0,10.0,1.4325859546661377,0.6495905518531799,0.09213127940893173,0.865399956703186,89,106
0.008796453475952148,negative,10.0,-10.0,1.4687896966934204,0.25347715616226196,0.18860243260860443,1.6012003421783447,89,110
0.0006158351898193359,positive,10.0,10.0,0.00844579003751278,-0.16092529892921448,0.031107528135180473,0.32476240396499634,90,1
0.0008416175842285156,positive,10.0,10.0,0.005227284040302038,0.03374022990465164,0.03760277479887009,0.04204949736595154,90,2
0.001355886459350586,positive,10.0,10.0,0.0026640845462679863,0.032654426991939545,0.04537087306380272,0.06603867560625076,90,4
0.002034902572631836,positive,10.0,10.0,0.0006822393042966723,-0.16451354324817657,0.05604695528745651,0.40434354543685913,90,7
0.0022156238555908203,positive,10.0,10.0,-0.002608031500130892,0.029770627617836,0.06413382291793823,0.1298440843820572,90,8
0.0036115646362304688,positive,10.0,10.0,0.020168902352452278,0.4137026369571686,0.05716827139258385,-0.31714773178100586,90,14
0.00466465950012207,positive,10.0,10.0,0.0379762202501297,0.2147422432899475,0.06391141563653946,0.06091690436005592,90,19
0.005669116973876953,positive,10.0,10.0,0.042646363377571106,0.21290412545204163,0.07259094715118408,0.10160310566425323,90,21
0.006411314010620117,positive,10.0,10.0,0.05504273995757103,0.6008936166763306,0.07127654552459717,-0.4355631172657013,90,23
0.006730079650878906,positive,10.0,10.0,0.07933496683835983,0.012950446456670761,0.0639486163854599,0.5014886260032654,90,26
0.006814718246459961,positive,10.0,10.0,0.07959397882223129,0.20711544156074524,0.07397838681936264,0.22962450981140137,90,27
0.00689244270324707,positive,10.0,10.0,0.08373628556728363,0.4011065661907196,0.0785708799958229,-0.038836460560560226,90,28
0.0069696903228759766,positive,10.0,10.0,0.09175841510295868,0.5950190424919128,0.077794149518013,-0.30573171377182007,90,29
0.007409095764160156,positive,10.0,10.0,0.1354442536830902,0.7846516966819763,0.0752728283405304,-0.4778716564178467,90,34
0.00748896598815918,positive,10.0,10.0,0.15113729238510132,0.9786347150802612,0.06571539491415024,-0.7459128499031067,90,35
0.007787466049194336,positive,10.0,10.0,0.198100745677948,0.39116811752319336,0.03963042423129082,0.18063049018383026,90,38
0.007979154586791992,positive,10.0,10.0,0.20983415842056274,0.3899880349636078,0.05295398086309433,0.2068006545305252,90,40
0.008061885833740234,positive,10.0,10.0,0.217633917927742,0.1941504180431366,0.057089995592832565,0.5157065391540527,90,41
0.008144617080688477,positive,10.0,10.0,0.2215169221162796,0.3884239196777344,0.0674041286110878,0.2415463775396347,90,42
0.008222103118896484,positive,10.0,10.0,0.22928540408611298,0.19240711629390717,0.07223505526781082,0.5547057390213013,90,43
0.008296489715576172,positive,10.0,10.0,0.23313353955745697,0.38644441962242126,0.08332916349172592,0.28562742471694946,90,44
0.008464336395263672,positive,10.0,10.0,0.25246813893318176,0.7740248441696167,0.08944862335920334,-0.24296891689300537,90,46
0.008541107177734375,positive,10.0,10.0,0.26794862747192383,0.5777466297149658,0.08458925038576126,0.07653417438268661,90,47
0.008790731430053711,positive,10.0,10.0,0.30644115805625916,0.769170343875885,0.08495882153511047,-0.1353551149368286,90,50
0.0089569091796875,positive,10.0,10.0,0.34108415246009827,0.7667925953865051,0.07425028830766678,-0.08263222128152847,90,52
0.009110450744628906,positive,10.0,10.0,0.3756355047225952,0.7647007703781128,0.06557771563529968,-0.03633292019367218,90,54
0.009181737899780273,positive,10.0,10.0,0.39092952013015747,0.9588239789009094,0.0648510605096817,-0.3076258897781372,90,55
0.009251832962036133,positive,10.0,10.0,0.41010600328445435,0.7628408074378967,0.058698542416095734,0.004783803131431341,90,56
0.00940084457397461,positive,10.0,10.0,0.4445042908191681,1.1513097286224365,0.053417883813381195,-0.5423913598060608,90,58
0.009548425674438477,positive,10.0,10.0,0.4866400957107544,1.149967908859253,0.03790271282196045,-0.5123242139816284,90,60
0.009968757629394531,positive,10.0,10.0,0.5937497019767761,0.9532682299613953,0.00022387888748198748,-0.1843578815460205,90,65
0.010047197341918945,positive,10.0,10.0,0.6128150820732117,1.1483869552612305,-0.0034632787574082613,-0.4769701659679413,90,66
0.010119915008544922,positive,10.0,10.0,0.6357828378677368,0.9533140659332275,-0.013002682477235794,-0.18538081645965576,90,67
0.010274410247802734,positive,10.0,10.0,0.6778214573860168,0.9537374973297119,-0.02635304071009159,-0.19476725161075592,90,69
0.010346412658691406,positive,10.0,10.0,0.6968962550163269,1.1492263078689575,-0.030248384922742844,-0.49564555287361145,90,70
0.010577917098999023,positive,10.0,10.0,0.7619759440422058,0.9557467699050903,-0.054768696427345276,-0.23936018347740173,90,73
0.010812997817993164,positive,10.0,10.0,0.8232704401016235,1.1534233093261719,-0.07604123651981354,-0.5895320773124695,90,76
0.01088714599609375,positive,10.0,10.0,0.8463388681411743,0.9594438076019287,-0.08783187717199326,-0.32173827290534973,90,77
0.010958194732666016,positive,10.0,10.0,0.8655277490615845,0.7656752467155457,-0.09426664561033249,-0.05799524486064911,90,78
0.01111292839050293,positive,10.0,10.0,0.892281711101532,0.3783855736255646,-0.09135612845420837,0.4646419584751129,90,80
0.011184453964233398,positive,10.0,10.0,0.8998494148254395,0.5746716856956482,-0.08206329494714737,0.14461922645568848,90,81
0.011253833770751953,positive,10.0,10.0,0.9113428592681885,0.3808149993419647,-0.07917090505361557,0.41032612323760986,90,82
0.011329889297485352,positive,10.0,10.0,0.9189591407775879,0.5769648551940918,-0.07096438109874725,0.09377100318670273,90,83
0.011502265930175781,positive,10.0,10.0,0.9459590315818787,0.9690663814544678,-0.07349756360054016,-0.5340815782546997,90,85
0.011590242385864258,positive,10.0,10.0,0.9653403759002686,0.7750508189201355,-0.08417920023202896,-0.26543277502059937,90,86
0.011670112609863281,positive,10.0,10.0,0.9808413982391357,0.5812249183654785,-0.08948785066604614,-0.00044285928015597165,90,87
0.011930704116821289,positive,10.0,10.0,1.0040907859802246,0.38995474576950073,-0.07372463494539261,0.20789103209972382,90,90
0.01200556755065918,positive,10.0,10.0,1.011889934539795,0.19596019387245178,-0.06956681609153748,0.4764370024204254,90,91
0.012327194213867188,positive,10.0,10.0,1.0510834455490112,0.5895782113075256,-0.06891917437314987,-0.18511465191841125,90,95
0.012487173080444336,positive,10.0,10.0,1.078587293624878,0.981681764125824,-0.0825958326458931,-0.8133748769760132,90,97
0.01280975341796875,negative,10.0,-10.0,1.1806693077087402,1.7669470310211182,-0.18615449965000153,-2.116320848464966,90,101
0.00015544891357421875,positive,10.0,10.0,0.04589737951755524,-0.03676171600818634,0.038223933428525925,-0.004564414732158184,91,0
0.0003647804260253906,positive,10.0,10.0,0.03508532792329788,-0.039117585867643356,0.05103720352053642,0.0474691167473793,91,4
0.0004487037658691406,positive,10.0,10.0,0.029604321345686913,-0.04058706387877464,0.05910274386405945,0.07996030896902084,91,6
0.0005290508270263672,positive,10.0,10.0,0.024062493816018105,-0.042294006794691086,0.06851573288440704,0.11774565279483795,91,8
0.0008897781372070312,positive,10.0,10.0,0.047906652092933655,-0.050488684326410294,0.05384621024131775,0.298618346452713,91,16
0.0010917186737060547,positive,10.0,10.0,0.05049564316868782,0.14018912613391876,0.07568396627902985,0.10386813431978226,91,21
0.0011315345764160156,positive,10.0,10.0,0.0532994270324707,0.33414945006370544,0.07776132971048355,-0.16400964558124542,91,22
0.001211404800415039,positive,10.0,10.0,0.07054395973682404,0.33198386430740356,0.06585747003555298,-0.11598169058561325,91,24
0.0012483596801757812,positive,10.0,10.0,0.07718363404273987,0.13598312437534332,0.0635378360748291,0.19673018157482147,91,25
0.0014050006866455078,positive,10.0,10.0,0.08794707804918289,0.5219034552574158,0.08182653784751892,-0.2947218418121338,91,29
0.0014820098876953125,positive,10.0,10.0,0.10489946603775024,0.5196715593338013,0.07638420164585114,-0.24518759548664093,91,31
0.0015180110931396484,positive,10.0,10.0,0.11529289931058884,0.713624119758606,0.07148044556379318,-0.5128330588340759,91,32
0.0016334056854248047,positive,10.0,10.0,0.14634943008422852,0.12573665380477905,0.05951045826077461,0.42302435636520386,91,35
0.0016684532165527344,positive,10.0,10.0,0.14886416494846344,0.31996726989746094,0.06797094643115997,0.14967994391918182,91,36
0.001703500747680664,positive,10.0,10.0,0.1552634984254837,0.12394115328788757,0.07096454501152039,0.46300819516181946,91,37
0.0017807483673095703,positive,10.0,10.0,0.16410216689109802,0.12181977927684784,0.08409491181373596,0.5103833079338074,91,39
0.0020530223846435547,positive,10.0,10.0,0.23910823464393616,0.6978862881660461,0.08038661628961563,-0.16473354399204254,91,46
0.0021283626556396484,positive,10.0,10.0,0.2709013819694519,1.085721492767334,0.06847167760133743,-0.6984322667121887,91,48
0.0021638870239257812,positive,10.0,10.0,0.2926158010959625,1.2798305749893188,0.05450303480029106,-0.9687987565994263,91,49
0.0022389888763427734,positive,10.0,10.0,0.3476960062980652,1.27862548828125,0.010249576531350613,-0.9403979182243347,91,51
0.0022742748260498047,positive,10.0,10.0,0.3732685148715973,1.083366870880127,-0.008558382280170918,-0.6445121169090271,91,52
0.002386808395385742,positive,10.0,10.0,0.4265742599964142,0.8890739679336548,-0.029913220554590225,-0.3702422082424164,91,55
0.00261688232421875,positive,10.0,10.0,0.5139016509056091,0.892261803150177,-0.048392146825790405,-0.4408678710460663,91,61
0.0026607513427734375,positive,10.0,10.0,0.5317468643188477,0.6978569030761719,-0.057209502905607224,-0.16382361948490143,91,62
0.0027475357055664062,positive,10.0,10.0,0.5635790228843689,0.6995311975479126,-0.06996580958366394,-0.2009696215391159,91,64
0.002786874771118164,positive,10.0,10.0,0.5775696039199829,0.8955804705619812,-0.07398520410060883,-0.5148771405220032,91,65
0.0028684139251708984,positive,10.0,10.0,0.6095127463340759,0.5077507495880127,-0.08921065926551819,0.018557704985141754,91,67
0.0029065608978271484,positive,10.0,10.0,0.6196677088737488,0.31401389837265015,-0.08883950114250183,0.2818141579627991,91,68
0.002942800521850586,positive,10.0,10.0,0.6259480118751526,0.12026406824588776,-0.08320321887731552,0.5452083349227905,91,69
0.003019094467163086,positive,10.0,10.0,0.634682297706604,0.12243226915597916,-0.0677487924695015,0.4965428113937378,91,71
0.003171682357788086,positive,10.0,10.0,0.6679904460906982,0.5159190893173218,-0.06541901081800461,-0.16202302277088165,91,75
0.003208637237548828,positive,10.0,10.0,0.6783088445663452,0.7119135856628418,-0.0686594694852829,-0.47460541129112244,91,76
0.0033631324768066406,positive,10.0,10.0,0.7119826674461365,0.32622602581977844,-0.07441668212413788,0.01127662230283022,91,80
0.003399372100830078,positive,10.0,10.0,0.7185071706771851,0.522331953048706,-0.0741911455988884,-0.3039264678955078,91,81
0.0034341812133789062,positive,10.0,10.0,0.7289538383483887,0.32834142446517944,-0.08026967942714691,-0.03553333133459091,91,82
0.0035881996154785156,positive,10.0,10.0,0.7397552132606506,0.3326973021030426,-0.06280491501092911,-0.13175171613693237,91,86
0.0036644935607910156,positive,10.0,10.0,0.7569823861122131,0.7246439456939697,-0.07431132346391678,-0.7561410665512085,91,88
0.0036995410919189453,positive,10.0,10.0,0.7714752554893494,0.5306206941604614,-0.08943414688110352,-0.4877367317676544,91,89
0.004088878631591797,positive,10.0,10.0,0.7813332080841064,0.1537075936794281,-0.06874535977840424,-0.19507969915866852,91,99
0.004165172576904297,positive,10.0,10.0,0.7914022207260132,0.15571483969688416,-0.08281959593296051,-0.23969830572605133,91,101
0.0042002201080322266,positive,10.0,10.0,0.7945165038108826,0.35191625356674194,-0.0876135602593422,-0.5573127865791321,91,102
0.004509449005126953,positive,10.0,10.0,0.7735968828201294,-0.41737186908721924,-0.07747850567102432,0.36953744292259216,91,110
0.004544258117675781,positive,10.0,10.0,0.7652494311332703,-0.6113123893737793,-0.07008775323629379,0.63681960105896,91,111
0.004679441452026367,positive,10.0,10.0,0.7169215679168701,-1.1942825317382812,-0.015603645704686642,1.460888147354126,91,114
0.0047245025634765625,positive,10.0,10.0,0.693035900592804,-0.9989728331565857,0.013614117167890072,1.1633719205856323,91,115
0.004764080047607422,positive,10.0,10.0,0.673056423664093,-1.1942694187164307,0.03688155487179756,1.460292100906372,91,116
0.004801273345947266,positive,10.0,10.0,0.6491710543632507,-0.9996185302734375,0.06608739495277405,1.1793550252914429,91,117
0.004927396774291992,negative,10.0,-10.0,0.5774354934692383,-1.5878589153289795,0.15574024617671967,2.1385908126831055,91,120
0.0049686431884765625,negative,10.0,-10.0,0.5456783175468445,-1.7841408252716064,0.19851206243038177,2.475053071975708,91,121
0.0002689361572265625,positive,10.0,10.0,-0.0325494185090065,-0.04343323037028313,0.0432419627904892,0.020669272169470787,92,0
0.0003943443298339844,positive,10.0,10.0,-0.03341808170080185,-0.23914778232574463,0.04365534707903862,0.3266758620738983,92,1
0.00048828125,positive,10.0,10.0,-0.03820103779435158,-0.044673677533864975,0.05018886551260948,0.048073213547468185,92,2
0.0007183551788330078,positive,10.0,10.0,-0.04390407353639603,-0.046119216829538345,0.05827351659536362,0.08003396540880203,92,4
0.0011782646179199219,positive,10.0,10.0,-0.056494783610105515,0.14415134489536285,0.08185602724552155,-0.10614123195409775,92,9
0.0012774467468261719,positive,10.0,10.0,-0.05361175909638405,0.33801066875457764,0.07973320037126541,-0.3719177544116974,92,10
0.0013623237609863281,positive,10.0,10.0,-0.046851545572280884,0.5319147109985352,0.07229484617710114,-0.638433039188385,92,11
0.0014417171478271484,positive,10.0,10.0,-0.03621324896812439,0.3358631134033203,0.05952619016170502,-0.3238876461982727,92,12
0.0015184879302978516,positive,10.0,10.0,-0.02949598804116249,0.13994631171226501,0.05304843559861183,-0.013042560778558254,92,13
0.0017824172973632812,positive,10.0,10.0,-0.025046225637197495,-0.05747605487704277,0.05911180004477501,0.3309282958507538,92,16
0.002124786376953125,positive,10.0,10.0,-0.029750434681773186,-0.061232101172208786,0.08794476091861725,0.41472798585891724,92,20
0.00264739990234375,positive,10.0,10.0,0.005403174553066492,0.3208373486995697,0.08249001204967499,0.008218005299568176,92,26
0.002892732620239258,positive,10.0,10.0,0.036284346133470535,0.5124135613441467,0.06705053895711899,-0.2067863792181015,92,29
0.003059864044189453,positive,10.0,10.0,0.05286061763763428,0.12043557316064835,0.0650402382016182,0.41812118887901306,92,31
0.0031371116638183594,positive,10.0,10.0,0.055269330739974976,-0.07554486393928528,0.07340265810489655,0.7305786609649658,92,32
0.004348039627075195,positive,10.0,10.0,0.18148650228977203,0.8794819116592407,0.09414839744567871,-0.2818510830402374,92,45
0.004793643951416016,positive,10.0,10.0,0.27698859572410583,0.6787859797477722,0.059797901660203934,0.13535472750663757,92,50
0.0048770904541015625,positive,10.0,10.0,0.29056429862976074,0.4828607439994812,0.06250499933958054,0.4462873935699463,92,51
0.0049571990966796875,positive,10.0,10.0,0.3002215325832367,0.28691279888153076,0.0714307427406311,0.757999837398529,92,52
0.006503582000732422,positive,10.0,10.0,0.3676820397377014,0.8655496835708618,0.09421265870332718,0.026906456798315048,92,57
0.007035493850708008,positive,10.0,10.0,0.4061771035194397,1.2528525590896606,0.09005822986364365,-0.49598413705825806,92,59
0.007691860198974609,positive,10.0,10.0,0.4773752689361572,1.0543551445007324,0.06775794923305511,-0.12688185274600983,92,62
0.007888317108154297,positive,10.0,10.0,0.49846237897872925,0.8583312630653381,0.06522031128406525,0.1863848865032196,92,63
0.008078575134277344,positive,10.0,10.0,0.5156289935112,1.0524623394012451,0.06894800812005997,-0.08503150194883347,92,64
0.008265972137451172,positive,10.0,10.0,0.5366782546043396,1.2465317249298096,0.06724737584590912,-0.3551892340183258,92,65
0.00845646858215332,positive,10.0,10.0,0.5616089105606079,1.0505212545394897,0.060143593698740005,-0.042082279920578,92,66
0.008650541305541992,positive,10.0,10.0,0.582619309425354,1.2447315454483032,0.0593019463121891,-0.3151993751525879,92,67
0.008909940719604492,positive,10.0,10.0,0.607513964176178,1.0488172769546509,0.05299796164035797,-0.004419886041432619,92,68
0.009346961975097656,positive,10.0,10.0,0.6533530950546265,1.437469482421875,0.04731113091111183,-0.5554588437080383,92,70
0.009754657745361328,positive,10.0,10.0,0.7069368362426758,1.4363030195236206,0.031236886978149414,-0.5293011665344238,92,72
0.009944438934326172,positive,10.0,10.0,0.7356628775596619,1.2407559156417847,0.020650863647460938,-0.22694136202335358,92,73
0.010142803192138672,positive,10.0,10.0,0.7604780197143555,1.4355766773223877,0.016112037003040314,-0.5130393505096436,92,74
0.010555505752563477,positive,10.0,10.0,0.8139941692352295,1.4352693557739258,0.001544790342450142,-0.5061544179916382,92,76
0.010750055313110352,positive,10.0,10.0,0.8426995277404785,1.2401256561279297,-0.00857829861342907,-0.2129850834608078,92,77
0.011861085891723633,positive,10.0,10.0,0.9667438268661499,1.046074390411377,-0.030577048659324646,0.056110985577106476,92,82
0.012287139892578125,positive,10.0,10.0,1.0124976634979248,1.4371511936187744,-0.03437603637576103,-0.5478864908218384,92,84
0.012712717056274414,positive,10.0,10.0,1.0660912990570068,1.4382672309875488,-0.05065835639834404,-0.572859525680542,92,86
0.013205766677856445,positive,10.0,10.0,1.1275378465652466,1.439835786819458,-0.07973677664995193,-0.6085349917411804,92,88
0.013413190841674805,positive,10.0,10.0,1.156334638595581,1.6359766721725464,-0.09190747886896133,-0.9252291917800903,92,89
0.014040231704711914,negative,10.0,-10.0,1.2506718635559082,1.4454102516174316,-0.14342963695526123,-0.7366695404052734,92,92
0.014665365219116211,negative,10.0,-10.0,1.3414133787155151,1.2572003602981567,-0.19621314108371735,-0.6004131436347961,92,95
0.00023555755615234375,positive,10.0,10.0,0.020808788016438484,0.035694435238838196,0.038117144256830215,-0.00026679824804887176,93,0
0.00035762786865234375,positive,10.0,10.0,0.021522676572203636,-0.15995284914970398,0.03811180964112282,0.30419468879699707,93,1
0.0005757808685302734,positive,10.0,10.0,0.01121168676763773,-0.1611194908618927,0.056368689984083176,0.33020785450935364,93,3
0.0006542205810546875,positive,10.0,10.0,0.00798929762095213,0.0331566296517849,0.06297284364700317,0.055820152163505554,93,4
0.0007240772247314453,positive,10.0,10.0,0.008652430027723312,-0.1628090739250183,0.06408925354480743,0.367687851190567,93,5
0.0007929801940917969,positive,10.0,10.0,0.005396248307079077,0.03134642913937569,0.07144300639629364,0.09588184207677841,93,6
0.0011715888977050781,positive,10.0,10.0,0.023384936153888702,0.02739633433520794,0.058485351502895355,0.18307077884674072,93,10
0.0012519359588623047,positive,10.0,10.0,0.023932863026857376,-0.16851158440113068,0.06214676797389984,0.49361512064933777,93,11
0.0013272762298583984,positive,10.0,10.0,0.020562630146741867,0.02568134106695652,0.0720190703868866,0.22114744782447815,93,12
0.0014882087707519531,positive,10.0,10.0,0.02547033689916134,0.4136512577533722,0.07548248022794724,-0.3155960440635681,93,14
0.0015630722045898438,positive,10.0,10.0,0.03374336287379265,0.607621431350708,0.06917056441307068,-0.5835520029067993,93,15
0.001722097396850586,positive,10.0,10.0,0.054127831012010574,0.21570874750614166,0.05210139974951744,0.04034372419118881,93,17
0.0018808841705322266,positive,10.0,10.0,0.05883960425853729,-0.17595307528972626,0.05988825857639313,0.6578854918479919,93,19
0.0028641223907470703,positive,10.0,10.0,0.13183242082595825,0.5870261192321777,0.08274056762456894,-0.12811309099197388,93,31
0.0029723644256591797,positive,10.0,10.0,0.14357294142246246,0.7808712720870972,0.08017830550670624,-0.3935881555080414,93,32
0.003153562545776367,positive,10.0,10.0,0.17088453471660614,0.7787234783172607,0.07077169418334961,-0.34576448798179626,93,34
0.003502368927001953,positive,10.0,10.0,0.2096608430147171,-0.0052856882102787495,0.08068232983350754,0.9059774279594421,93,38
0.0041882991790771484,positive,10.0,10.0,0.30938830971717834,0.7624457478523254,0.09266115725040436,0.01426008716225624,93,46
0.0044591426849365234,positive,10.0,10.0,0.3667558431625366,0.953561007976532,0.0777944028377533,-0.19072522222995758,93,49
0.0048274993896484375,positive,10.0,10.0,0.45071569085121155,0.9495968222618103,0.0536777637898922,-0.10282693058252335,93,53
0.0049533843994140625,positive,10.0,10.0,0.4697076380252838,1.1439100503921509,0.051621224731206894,-0.3781032860279083,93,54
0.0050699710845947266,positive,10.0,10.0,0.49258583784103394,0.9480944871902466,0.044059161096811295,-0.06960123032331467,93,55
0.0051822662353515625,positive,10.0,10.0,0.5115477442741394,1.142557978630066,0.04266713559627533,-0.34806421399116516,93,56
0.0052912235260009766,positive,10.0,10.0,0.5343988537788391,0.9468559622764587,0.03570584952831268,-0.04223800078034401,93,57
0.0055811405181884766,positive,10.0,10.0,0.5950819253921509,1.1405510902404785,0.02799268439412117,-0.30356672406196594,93,60
0.005845308303833008,positive,10.0,10.0,0.6595906019210815,0.9444154500961304,0.016120070591568947,0.011626537889242172,93,63
0.005928754806518555,positive,10.0,10.0,0.6784789562225342,1.1393026113510132,0.01635260134935379,-0.27592703700065613,93,64
0.006097078323364258,positive,10.0,10.0,0.7279487252235413,1.1389151811599731,-0.00043409602949395776,-0.26733142137527466,93,66
0.006173849105834961,positive,10.0,10.0,0.7507270574569702,0.9437994360923767,-0.005780724808573723,0.02521454729139805,93,67
0.0062487125396728516,positive,10.0,10.0,0.7696030139923096,1.1390037536621094,-0.0052764336578547955,-0.2692866325378418,93,68
0.006323099136352539,positive,10.0,10.0,0.792383074760437,1.3342006206512451,-0.010662166401743889,-0.5636290907859802,93,69
0.006570577621459961,positive,10.0,10.0,0.86854487657547,1.1399308443069458,-0.03889811411499977,-0.28992408514022827,93,72
0.00711369514465332,positive,10.0,10.0,0.9938191175460815,1.144050121307373,-0.06031492352485657,-0.38121920824050903,93,78
0.007195472717285156,positive,10.0,10.0,1.0167001485824585,0.9498341679573059,-0.06793931126594543,-0.10814683884382248,93,79
0.007438182830810547,positive,10.0,10.0,1.0776499509811401,0.7578834891319275,-0.08156521618366241,0.1152295246720314,93,82
0.0075910091400146484,positive,10.0,10.0,1.1040880680084229,0.7601719498634338,-0.07163851708173752,0.06452196836471558,93,84
0.00766301155090332,positive,10.0,10.0,1.1192914247512817,0.5661463141441345,-0.07034807652235031,0.33377018570899963,93,85
0.007898569107055664,positive,10.0,10.0,1.1572191715240479,0.7640060186386108,-0.05744365230202675,-0.020257404074072838,93,88
0.007968664169311523,positive,10.0,10.0,1.1724992990493774,0.5697528719902039,-0.05784879997372627,0.25376251339912415,93,89
0.008120298385620117,positive,10.0,10.0,1.1914043426513672,0.5713257789611816,-0.042220503091812134,0.21881838142871857,93,91
0.008267879486083984,positive,10.0,10.0,1.2103675603866577,0.5724665522575378,-0.02788633480668068,0.19352471828460693,93,93
0.008458137512207031,positive,10.0,10.0,1.2293719053268433,0.5732070207595825,-0.014470202848315239,0.17712748050689697,93,95
0.008529186248779297,positive,10.0,10.0,1.2408361434936523,0.3782951235771179,-0.01092765387147665,0.4652106463909149,93,96
0.008829355239868164,positive,10.0,10.0,1.278914213180542,0.37829071283340454,0.01436702162027359,0.46527349948883057,93,100
0.008931159973144531,positive,10.0,10.0,1.2864799499511719,0.5732067227363586,0.023672491312026978,0.17715339362621307,93,101
0.009014129638671875,positive,10.0,10.0,1.2979440689086914,0.3777541518211365,0.027215559035539627,0.4772091805934906,93,102
0.009166717529296875,positive,10.0,10.0,1.3169487714767456,0.37685346603393555,0.04062427952885628,0.4972754418849945,93,104
0.00923466682434082,positive,10.0,10.0,1.3244858980178833,0.5713797807693481,0.05056978762149811,0.21766698360443115,93,105
0.009377717971801758,positive,10.0,10.0,1.343424916267395,0.5698806047439575,0.06544039398431778,0.2509802579879761,93,107
0.00944209098815918,positive,10.0,10.0,1.3548225164413452,0.37388813495635986,0.0704599991440773,0.5635653734207153,93,108
0.009507179260253906,positive,10.0,10.0,1.3623002767562866,0.5679543614387512,0.08173130452632904,0.2938864529132843,93,109
0.009644508361816406,positive,10.0,10.0,1.388895869255066,0.5655597448348999,0.08817020058631897,0.347046434879303,93,111
0.010122299194335938,negative,10.0,-10.0,1.447969913482666,0.35915443301200867,0.17958416044712067,0.9005271196365356,93,118
0.010185956954956055,negative,10.0,-10.0,1.455152988433838,0.5514482855796814,0.19759470224380493,0.6692394018173218,93,119
0.00042247772216796875,positive,10.0,10.0,-0.035625241696834564,0.025660522282123566,0.028168225660920143,0.03787275776267052,94,0
0.0007741451263427734,positive,10.0,10.0,-0.03850910812616348,0.024844877421855927,0.03571184724569321,0.05588538199663162,94,2
0.000997304916381836,positive,10.0,10.0,-0.03362346813082695,0.4140138328075409,0.03232315927743912,-0.5061615109443665,94,4
0.0012979507446289062,positive,10.0,10.0,-0.02051377110183239,-0.1723576784133911,0.02005317248404026,0.39447978138923645,94,7
0.0018458366394042969,positive,10.0,10.0,-0.03001934103667736,0.020517216995358467,0.04944827780127525,0.15148808062076569,94,12
0.0019421577453613281,positive,10.0,10.0,-0.02960899844765663,-0.17527663707733154,0.052478037774562836,0.4593517482280731,94,13
0.0020363330841064453,positive,10.0,10.0,-0.03311453014612198,0.01906576007604599,0.06166507303714752,0.18366092443466187,94,14
0.002128124237060547,positive,10.0,10.0,-0.032733216881752014,-0.1768818348646164,0.06533829122781754,0.4951417148113251,94,15
0.0024919509887695312,positive,10.0,10.0,-0.02359851263463497,0.5990404486656189,0.07261442393064499,-0.5776106119155884,94,19
0.002577066421508789,positive,10.0,10.0,-0.01161770336329937,0.40297991037368774,0.06106220930814743,-0.2629649043083191,94,20
0.002841949462890625,positive,10.0,10.0,0.0008060530526563525,0.20543690025806427,0.063931405544281,0.08383391052484512,94,23
0.003101348876953125,positive,10.0,10.0,0.009175827726721764,0.39758801460266113,0.07602143287658691,-0.14392490684986115,94,26
0.003278493881225586,positive,10.0,10.0,0.028958460316061974,0.39546510577201843,0.06490915268659592,-0.09687299281358719,94,28
0.0034415721893310547,positive,10.0,10.0,0.04865975305438042,0.39364203810691833,0.05560385808348656,-0.056536443531513214,94,30
0.0036301612854003906,positive,10.0,10.0,0.06048796698451042,0.39207226037979126,0.05953630059957504,-0.02185725048184395,94,32
0.0039865970611572266,positive,10.0,10.0,0.08394784480333328,0.3885275721549988,0.07174873352050781,0.05651940405368805,94,36
0.0043981075286865234,positive,10.0,10.0,0.1303880661725998,0.5780592560768127,0.07045991718769073,-0.11329417675733566,94,41
0.004473209381103516,positive,10.0,10.0,0.14194925129413605,0.3820021450519562,0.06819403171539307,0.2007598727941513,94,42
0.004801034927368164,positive,10.0,10.0,0.17238621413707733,0.7676289677619934,0.08698371052742004,-0.2843763828277588,94,46
0.0048770904541015625,positive,10.0,10.0,0.1877387911081314,0.9614095687866211,0.08129618316888809,-0.5484073758125305,94,47
0.0049512386322021484,positive,10.0,10.0,0.20696698129177094,0.7652453184127808,0.07032804191112518,-0.2312580645084381,94,48
0.005188465118408203,positive,10.0,10.0,0.2411196082830429,0.5672981142997742,0.07526636123657227,0.12471210211515427,94,51
0.005410432815551758,positive,10.0,10.0,0.2867947220802307,0.7590933442115784,0.06668481975793839,-0.09515820443630219,94,54
0.005479574203491211,positive,10.0,10.0,0.30197659134864807,0.5630821585655212,0.06478165835142136,0.21779592335224152,94,55
0.005648374557495117,positive,10.0,10.0,0.3205801844596863,0.5611815452575684,0.07974137365818024,0.260068416595459,94,57
0.005948781967163086,positive,10.0,10.0,0.3887372314929962,0.9465599656105042,0.06867232918739319,-0.21932440996170044,94,61
0.006023406982421875,positive,10.0,10.0,0.40766841173171997,1.1406365633010864,0.06428583711385727,-0.4895792603492737,94,62
0.006168842315673828,positive,10.0,10.0,0.44937455654144287,1.1389708518981934,0.05094727873802185,-0.4523548483848572,94,64
0.0063745975494384766,positive,10.0,10.0,0.513770580291748,0.9420120120048523,0.030554359778761864,-0.11850934475660324,94,67
0.006652355194091797,positive,10.0,10.0,0.5968879461288452,0.9406254887580872,0.010432510636746883,-0.08786861598491669,94,71
0.006788492202758789,positive,10.0,10.0,0.6384124159812927,0.9403522610664368,0.0011303003411740065,-0.08183634281158447,94,73
0.006855964660644531,positive,10.0,10.0,0.657219409942627,1.135457992553711,-0.0005064264987595379,-0.3741624355316162,94,74
0.0069277286529541016,positive,10.0,10.0,0.6799286007881165,0.9403432607650757,-0.007989675737917423,-0.08163923770189285,94,75
0.006996870040893555,positive,10.0,10.0,0.6987354755401611,0.7453367114067078,-0.00962246023118496,0.20851226150989532,94,76
0.007401466369628906,positive,10.0,10.0,0.8155321478843689,1.136688470840454,-0.02644401229918003,-0.4014072120189667,94,82
0.00759577751159668,positive,10.0,10.0,0.8798559308052063,0.9429683685302734,-0.04522637650370598,-0.13968046009540558,94,85
0.00767064094543457,positive,10.0,10.0,0.8987153172492981,1.1387078762054443,-0.04801998287439346,-0.4462815821170807,94,86
0.007732868194580078,positive,10.0,10.0,0.9214894771575928,0.9442970752716064,-0.05694561451673508,-0.1691138595342636,94,87
0.007862091064453125,positive,10.0,10.0,0.9631791114807129,0.9459651708602905,-0.06991197168827057,-0.20612837374210358,94,89
0.007987260818481445,positive,10.0,10.0,1.0049387216567993,0.9480077028274536,-0.08443493396043777,-0.25155457854270935,94,91
0.008042573928833008,positive,10.0,10.0,1.0238988399505615,0.7541865706443787,-0.08946602791547775,0.013346962630748749,94,92
0.008096456527709961,positive,10.0,10.0,1.038982629776001,0.5604540109634399,-0.08919908851385117,0.2765156626701355,94,93
0.008150339126586914,positive,10.0,10.0,1.0501916408538818,0.3667103946208954,-0.0836687758564949,0.5397859811782837,94,94
0.008267879486083984,positive,10.0,10.0,1.0609830617904663,-0.021193204447627068,-0.056773509830236435,1.0738760232925415,94,96
0.008325576782226562,positive,10.0,10.0,1.0605591535568237,-0.21552075445652008,-0.0352959930896759,1.3482152223587036,94,97
0.008378744125366211,positive,10.0,10.0,1.0562487840652466,-0.41018176078796387,-0.00833168812096119,1.6296499967575073,94,98
0.0004432201385498047,positive,10.0,10.0,-0.037615008652210236,-0.23979942500591278,-0.013186008669435978,0.3260267674922943,95,1
0.0005717277526855469,positive,10.0,10.0,-0.042410995811223984,-0.04449223354458809,-0.006665472872555256,0.029214896261692047,95,2
0.0006928443908691406,positive,10.0,10.0,-0.04330084100365639,-0.2395179718732834,-0.006081175059080124,0.3197873532772064,95,3
0.0009465217590332031,positive,10.0,10.0,-0.04897740110754967,-0.23943640291690826,0.0008184297475963831,0.3179750442504883,95,5
0.0010638236999511719,positive,10.0,10.0,-0.05376612767577171,-0.044326115399599075,0.007177930790930986,0.02555033192038536,95,6
0.0014603137969970703,positive,10.0,10.0,-0.060334429144859314,-0.2398599237203598,0.014703544788062572,0.32733872532844543,95,9
0.0015761852264404297,positive,10.0,10.0,-0.06513162702322006,-0.04495035484433174,0.021250318735837936,0.039328671991825104,95,10
0.0020704269409179688,positive,10.0,10.0,-0.0765712633728981,-0.04640708491206169,0.036961790174245834,0.0715017095208168,95,14
0.0021834373474121094,positive,10.0,10.0,-0.0774994045495987,-0.24203890562057495,0.038391824811697006,0.3756133019924164,95,15
0.002436399459838867,positive,10.0,10.0,-0.08328983187675476,-0.24323149025440216,0.0478096604347229,0.4020834267139435,95,17
0.0036809444427490234,positive,10.0,10.0,-0.08059056848287582,0.5224785208702087,0.08063031733036041,-0.4447576105594635,95,29
0.003726959228515625,positive,10.0,10.0,-0.07014100253582001,0.32631388306617737,0.07173516601324081,-0.12778696417808533,95,30
0.0037660598754882812,positive,10.0,10.0,-0.06361472606658936,0.520338773727417,0.06917942315340042,-0.39700374007225037,95,31
0.0038514137268066406,positive,10.0,10.0,-0.04672180488705635,0.12836313247680664,0.05957261100411415,0.22802108526229858,95,33
0.003889799118041992,positive,10.0,10.0,-0.04415454342961311,-0.06755732744932175,0.06413303315639496,0.5388844609260559,95,34
0.003973722457885742,positive,10.0,10.0,-0.04297354817390442,0.3205845355987549,0.08025229722261429,-0.0010682407300919294,95,36
0.004015207290649414,positive,10.0,10.0,-0.03656185790896416,0.51446932554245,0.08023092895746231,-0.26739051938056946,95,37
0.004056453704833984,positive,10.0,10.0,-0.026272470131516457,0.7083600163459778,0.0748831182718277,-0.5337284803390503,95,38
0.004139900207519531,positive,10.0,10.0,-0.001859884592704475,0.3162910044193268,0.0598401203751564,0.09380441904067993,95,40
0.0041790008544921875,positive,10.0,10.0,0.004465935751795769,0.12036469578742981,0.06171620637178421,0.40475034713745117,95,41
0.00421595573425293,positive,10.0,10.0,0.006873229518532753,0.31455960869789124,0.06981121748685837,0.13214562833309174,95,42
0.004252910614013672,positive,10.0,10.0,0.013164421543478966,0.11851068586111069,0.07245412468910217,0.4460105001926422,95,43
0.004333972930908203,positive,10.0,10.0,0.021785371005535126,0.5064056515693665,0.0849146917462349,-0.08892551809549332,95,45
0.00437164306640625,positive,10.0,10.0,0.03191348537802696,0.7002142667770386,0.0831361785531044,-0.3536560833454132,95,46
0.004533290863037109,positive,10.0,10.0,0.0799945816397667,0.30581429600715637,0.06950481235980988,0.3254629075527191,95,50
0.00457310676574707,positive,10.0,10.0,0.08611086755990982,0.1097751185297966,0.07601407170295715,0.6392296552658081,95,51
0.004609584808349609,positive,10.0,10.0,0.08830636739730835,0.30375951528549194,0.08879866451025009,0.37141990661621094,95,52
0.0047724246978759766,positive,10.0,10.0,0.1358490139245987,0.6883865594863892,0.08707179874181747,-0.09178131073713303,95,56
0.004956483840942383,positive,10.0,10.0,0.19857574999332428,0.683721125125885,0.07128068059682846,0.011520878411829472,95,60
0.00502467155456543,positive,10.0,10.0,0.21225017309188843,0.48765310645103455,0.07151109725236893,0.32581478357315063,95,61
0.0051577091217041016,positive,10.0,10.0,0.2531491816043854,1.069515585899353,0.07494629919528961,-0.4772679805755615,95,64
0.00524449348449707,positive,10.0,10.0,0.2920078933238983,0.6774255633354187,0.06216220557689667,0.15064053237438202,95,66
0.00528717041015625,positive,10.0,10.0,0.30555641651153564,0.48147112131118774,0.06517501920461655,0.4622684121131897,95,67
0.005417346954345703,positive,10.0,10.0,0.34609004855155945,1.0635154247283936,0.07668698579072952,-0.3444990813732147,95,70
0.005460023880004883,positive,10.0,10.0,0.36736035346984863,0.867391049861908,0.06979700922966003,-0.028653284534811974,95,71
0.005545854568481445,positive,10.0,10.0,0.3981350064277649,0.8654110431671143,0.07492812722921371,0.01513710431754589,95,73
0.005636930465698242,positive,10.0,10.0,0.4288291931152344,0.8632739186286926,0.0818406268954277,0.06244572997093201,95,75
0.0058116912841796875,positive,10.0,10.0,0.44609469175338745,1.0571328401565552,0.08308954536914825,-0.20333516597747803,95,76
0.006082296371459961,positive,10.0,10.0,0.5383312106132507,1.0528900623321533,0.05816301330924034,-0.10919556766748428,95,80
0.006139993667602539,positive,10.0,10.0,0.5593889951705933,1.2471323013305664,0.05597910284996033,-0.38297608494758606,95,81
0.006191730499267578,positive,10.0,10.0,0.5843316912651062,1.0512621402740479,0.04831957817077637,-0.07318171858787537,95,82
0.006240367889404297,positive,10.0,10.0,0.6053569316864014,0.8554819822311401,0.04685594514012337,0.2343462109565735,95,83
0.006730318069458008,positive,10.0,10.0,0.6971219778060913,1.2429025173187256,0.03238606080412865,-0.2891618013381958,95,87
0.007071018218994141,positive,10.0,10.0,0.7429267168045044,1.2420645952224731,0.026873961091041565,-0.27061527967453003,95,89
0.007144451141357422,positive,10.0,10.0,0.7677679657936096,1.4367929697036743,0.02146165631711483,-0.5547023415565491,95,90
0.007187366485595703,positive,10.0,10.0,0.7965038418769836,1.2413763999938965,0.010367609560489655,-0.25533565878868103,95,91
0.007226467132568359,positive,10.0,10.0,0.8213313817977905,1.436348795890808,0.005260896403342485,-0.544730544090271,95,92
0.007264614105224609,positive,10.0,10.0,0.8500583171844482,1.2411532402038574,-0.005633714143186808,-0.25039467215538025,95,93
0.007302761077880859,positive,10.0,10.0,0.874881386756897,1.4363552331924438,-0.010641607455909252,-0.5448492169380188,95,94
0.007493257522583008,positive,10.0,10.0,0.9898182153701782,1.437705159187317,-0.05486597120761871,-0.5753162503242493,95,98
0.007625102996826172,positive,10.0,10.0,1.0644257068634033,0.8552640080451965,-0.0729680135846138,0.23962093889713287,95,101
0.0077517032623291016,positive,10.0,10.0,1.1119015216827393,0.6630227565765381,-0.05410589277744293,0.4688951373100281,95,104
0.007875919342041016,positive,10.0,10.0,1.1556274890899658,0.8600961565971375,-0.032776664942502975,0.13242368400096893,95,107
0.008000612258911133,positive,10.0,10.0,1.20335853099823,0.6661920547485352,-0.01958518661558628,0.39827612042427063,95,110
0.008171319961547852,positive,10.0,10.0,1.2644845247268677,1.05703866481781,-4.9614618546911515e-06,-0.2004951685667038,95,114
0.008210897445678711,positive,10.0,10.0,1.2856253385543823,0.8619167804718018,-0.004014865029603243,0.09218619763851166,95,115
0.008250951766967773,positive,10.0,10.0,1.302863597869873,0.666852593421936,-0.0021711408626288176,0.38359972834587097,95,116
0.008296012878417969,positive,10.0,10.0,1.3162007331848145,0.8620052933692932,0.0055008539929986,0.09023304283618927,95,117
0.00833582878112793,positive,10.0,10.0,1.3334407806396484,0.6668049097061157,0.00730551453307271,0.3846464157104492,95,118
0.008626937866210938,positive,10.0,10.0,1.4384015798568726,0.8596015572547913,0.04579208046197891,0.14339879155158997,95,125
0.008666038513183594,positive,10.0,10.0,1.4555937051773071,0.663854718208313,0.04866005480289459,0.4501694142818451,95,126
0.00880885124206543,positive,10.0,10.0,1.4992830753326416,0.8565664291381836,0.07079800963401794,0.21070708334445953,95,129
0.008896350860595703,positive,10.0,10.0,1.5296244621276855,0.8544979691505432,0.0855092778801918,0.2567214369773865,95,131
0.009313821792602539,negative,10.0,-10.0,1.703116774559021,0.838301956653595,0.16020949184894562,0.6204891800880432,95,141
0.009353399276733398,negative,10.0,-10.0,1.719882845878601,1.0308667421340942,0.1726192682981491,0.3822413682937622,95,142
0.0001614093780517578,positive,10.0,10.0,-0.012421933934092522,0.0363934263586998,0.030222972854971886,0.02757623791694641,96,0
0.00023055076599121094,positive,10.0,10.0,-0.011694065295159817,-0.15914861857891083,0.030774496495723724,0.3296395540237427,96,1
0.0003581047058105469,positive,10.0,10.0,-0.014166596345603466,-0.16011525690555573,0.03830365091562271,0.3510526120662689,96,3
0.00040411949157714844,positive,10.0,10.0,-0.017368901520967484,0.03444163128733635,0.04532470181584358,0.07068987190723419,96,4
0.0004949569702148438,positive,10.0,10.0,-0.019906066358089447,0.03312823548913002,0.05428493022918701,0.09973393380641937,96,6
0.0005815029144287109,positive,10.0,10.0,-0.022498060017824173,0.03155272826552391,0.06446035951375961,0.1346152275800705,96,8
0.0006673336029052734,positive,10.0,10.0,-0.02515561506152153,0.029680421575903893,0.07609101384878159,0.17613568902015686,96,10
0.0007076263427734375,positive,10.0,10.0,-0.024562006816267967,0.22363561391830444,0.07961373031139374,-0.09160611033439636,96,11
0.0007939338684082031,positive,10.0,10.0,-0.011738664470613003,0.6114665269851685,0.07061866670846939,-0.6253252029418945,96,13
0.0009248256683349609,positive,10.0,10.0,0.01660137064754963,0.6096755266189575,0.040213000029325485,-0.5845890641212463,96,15
0.0010209083557128906,positive,10.0,10.0,0.037075161933898926,0.21849705278873444,0.022930925711989403,0.02202560566365719,96,17
0.0011098384857177734,positive,10.0,10.0,0.04190617799758911,0.21783535182476044,0.02980852499604225,0.03663254901766777,96,19
0.0011525154113769531,positive,10.0,10.0,0.04626288637518883,0.4125174283981323,0.030541175976395607,-0.2464984506368637,96,20
0.0012402534484863281,positive,10.0,10.0,0.05885269492864609,0.021493274718523026,0.02672439254820347,0.3563114404678345,96,22
0.0013709068298339844,positive,10.0,10.0,0.06401976197957993,-0.17497023940086365,0.04280092939734459,0.6789407134056091,96,25
0.0015225410461425781,positive,10.0,10.0,0.06518720090389252,0.017828214913606644,0.06689335405826569,0.4379255175590515,96,28
0.0017428398132324219,positive,10.0,10.0,0.0979706272482872,0.20763686299324036,0.06859143823385239,0.262153297662735,96,33
0.0018296241760253906,positive,10.0,10.0,0.10235549509525299,-0.1844688057899475,0.08534765988588333,0.8906567692756653,96,35
0.002299070358276367,positive,10.0,10.0,0.212145134806633,0.7731308937072754,0.09255663305521011,-0.17900849878787994,96,46
0.0025942325592041016,positive,10.0,10.0,0.3159797191619873,0.5702448487281799,0.0844632238149643,0.2867079973220825,96,53
0.002678394317626953,positive,10.0,10.0,0.3426659405231476,0.9577874541282654,0.09063366055488586,-0.24110352993011475,96,55
0.0027167797088623047,positive,10.0,10.0,0.361821711063385,1.151505708694458,0.08581159263849258,-0.5038784146308899,96,56
0.0027556419372558594,positive,10.0,10.0,0.3848518133163452,0.9552858471870422,0.07573402673006058,-0.18543393909931183,96,57
0.0027925968170166016,positive,10.0,10.0,0.4039575159549713,1.1492470502853394,0.0720253437757492,-0.45329731702804565,96,58
0.002829313278198242,positive,10.0,10.0,0.42694246768951416,0.9531844854354858,0.06295939534902573,-0.13880875706672668,96,59
0.0029540061950683594,positive,10.0,10.0,0.48798176646232605,1.1457698345184326,0.0499645471572876,-0.3757968544960022,96,62
0.003037691116333008,positive,10.0,10.0,0.5377001166343689,1.1444611549377441,0.02940227836370468,-0.3465748727321625,96,64
0.003118753433227539,positive,10.0,10.0,0.5795680284500122,1.1437262296676636,0.021575435996055603,-0.33027660846710205,96,66
0.0031557083129882812,positive,10.0,10.0,0.6024425625801086,0.9483039379119873,0.0149699030444026,-0.030868664383888245,96,67
0.0031914710998535156,positive,10.0,10.0,0.6214086413383484,1.1432080268859863,0.014352530241012573,-0.31879109144210815,96,68
0.003228425979614258,positive,10.0,10.0,0.6442728042602539,0.9478846788406372,0.007976708002388477,-0.021616674959659576,96,69
0.0033092498779296875,positive,10.0,10.0,0.6860883235931396,0.9476627111434937,0.0013089301064610481,-0.016719607636332512,96,71
0.0033462047576904297,positive,10.0,10.0,0.7050415277481079,1.1427658796310425,0.0009745379793457687,-0.3089892566204071,96,72
0.0033845901489257812,positive,10.0,10.0,0.7278968691825867,0.9476300477981567,-0.005205247085541487,-0.01599915511906147,96,73
0.0034821033477783203,positive,10.0,10.0,0.7697060108184814,0.9477834701538086,-0.011731627397239208,-0.01938452385365963,96,75
0.0035216808319091797,positive,10.0,10.0,0.7886616587638855,1.1430716514587402,-0.012119317427277565,-0.3157457113265991,96,76
0.0035610198974609375,positive,10.0,10.0,0.8115230798721313,0.9481244087219238,-0.018434232100844383,-0.02690930850803852,96,77
0.0035996437072753906,positive,10.0,10.0,0.8304855823516846,1.1435058116912842,-0.01897241733968258,-0.32535097002983093,96,78
0.003638029098510742,positive,10.0,10.0,0.8533557057380676,0.9486590623855591,-0.02547943778336048,-0.03871098905801773,96,79
0.0036764144897460938,positive,10.0,10.0,0.8723288774490356,1.144136905670166,-0.026253657415509224,-0.3393227756023407,96,80
0.0038034915924072266,positive,10.0,10.0,0.9370991587638855,0.9503575563430786,-0.041299864649772644,-0.0762295350432396,96,83
0.003843545913696289,positive,10.0,10.0,0.9561063051223755,1.14604651927948,-0.042824454605579376,-0.3816513419151306,96,84
0.003882169723510742,positive,10.0,10.0,0.9790272116661072,0.9515579342842102,-0.05045748129487038,-0.1027725487947464,96,85
0.003966331481933594,positive,10.0,10.0,1.0210057497024536,0.9530256390571594,-0.06073169410228729,-0.13526204228401184,96,87
0.0040509700775146484,positive,10.0,10.0,1.0630455017089844,0.9547927379608154,-0.07236632704734802,-0.1744387298822403,96,89
0.004090547561645508,positive,10.0,10.0,1.0821412801742554,0.7607770562171936,-0.07585510611534119,0.09456594288349152,96,90
0.0041277408599853516,positive,10.0,10.0,1.0973567962646484,0.9568996429443359,-0.07396378368139267,-0.22105199098587036,96,91
0.00420832633972168,positive,10.0,10.0,1.1317529678344727,0.5689929723739624,-0.07743655145168304,0.314372181892395,96,93
0.004245281219482422,positive,10.0,10.0,1.1431329250335693,0.7651277184486389,-0.07114911079406738,-0.0016918603796511889,96,94
0.004281520843505859,positive,10.0,10.0,1.1584354639053345,0.5710944533348083,-0.07118294388055801,0.2677214741706848,96,95
0.004364490509033203,positive,10.0,10.0,1.177398443222046,0.5730394721031189,-0.05508590117096901,0.22445380687713623,96,97
0.004403114318847656,positive,10.0,10.0,1.188859224319458,0.37874636054039,-0.050596825778484344,0.4992643892765045,96,98
0.0044403076171875,positive,10.0,10.0,1.1964341402053833,0.5745437741279602,-0.04061153903603554,0.19107502698898315,96,99
0.004478931427001953,positive,10.0,10.0,1.2079250812530518,0.38002559542655945,-0.036790039390325546,0.47067514061927795,96,100
0.0046041011810302734,positive,10.0,10.0,1.2346570491790771,0.18615402281284332,-0.015033001080155373,0.7355574369430542,96,103
0.004683971405029297,positive,10.0,10.0,1.2460097074508667,0.5766068696975708,0.008441776968538761,0.1453971117734909,96,105
0.00472259521484375,positive,10.0,10.0,1.2575418949127197,0.3813650608062744,0.011349719017744064,0.4407312572002411,96,106
0.004852294921875,positive,10.0,10.0,1.2843140363693237,0.5757060647010803,0.03220975771546364,0.16534163057804108,96,109
0.004937887191772461,positive,10.0,10.0,1.3034309148788452,0.5747408866882324,0.04487677663564682,0.1867290884256363,96,111
0.0050203800201416016,positive,10.0,10.0,1.3225059509277344,0.5734103918075562,0.05847584456205368,0.21624916791915894,96,113
0.00505828857421875,positive,10.0,10.0,1.3339741230010986,0.37750333547592163,0.0628008246421814,0.5267895460128784,96,114
0.005096912384033203,positive,10.0,10.0,1.3415241241455078,0.5716879963874817,0.07333661615848541,0.25453802943229675,96,115
0.005135297775268555,positive,10.0,10.0,1.3529579639434814,0.37559974193573,0.07842738181352615,0.5694214701652527,96,116
0.005184173583984375,positive,10.0,10.0,1.360469937324524,0.179470494389534,0.08981581032276154,0.8857450485229492,96,117
0.005406856536865234,negative,10.0,-10.0,1.4093241691589355,0.7563450336456299,0.13841645419597626,0.1938253939151764,96,122
0.005621194839477539,negative,10.0,-10.0,1.476760745048523,0.940403163433075,0.178444966673851,0.14561054110527039,96,127
0.005660295486450195,negative,10.0,-10.0,1.4955687522888184,0.7432342171669006,0.18135717511177063,0.48885247111320496,96,128
0.005745410919189453,negative,10.0,-10.0,1.5291414260864258,0.7381330132484436,0.19630149006843567,0.604722261428833,96,130
0.005784749984741211,negative,10.0,-10.0,1.5439040660858154,0.9300468564033508,0.20839592814445496,0.37972283363342285,96,131
0.0009381771087646484,positive,10.0,10.0,-0.031039996072649956,-0.4091759920120239,-0.0394459143280983,0.5539655089378357,97,2
0.0015103816986083984,positive,10.0,10.0,-0.04349397495388985,-0.4082286059856415,-0.023384200409054756,0.5327224135398865,97,4
0.0017368793487548828,positive,10.0,10.0,-0.051658548414707184,-0.21278569102287292,-0.012729750946164131,0.23276390135288239,97,5
0.0018019676208496094,positive,10.0,10.0,-0.0559142604470253,-0.40772345662117004,-0.008074472658336163,0.5214044451713562,97,6
0.0019137859344482422,positive,10.0,10.0,-0.06831850856542587,-0.4076443016529083,0.006877377163618803,0.5196124911308289,97,8
0.0020554065704345703,positive,10.0,10.0,-0.08888347446918488,-0.21317648887634277,0.032395411282777786,0.24146659672260284,97,11
0.002262115478515625,positive,10.0,10.0,-0.11030230671167374,-0.020948894321918488,0.05878254026174545,0.012539600022137165,97,16
0.002300262451171875,positive,10.0,10.0,-0.11072128266096115,-0.21686244010925293,0.05903333052992821,0.32317447662353516,97,17
0.0023374557495117188,positive,10.0,10.0,-0.115058533847332,-0.02262861467897892,0.06549681723117828,0.04967696592211723,97,18
0.0024161338806152344,positive,10.0,10.0,-0.11988361924886703,-0.024508614093065262,0.0737360492348671,0.0912860631942749,97,20
0.0025353431701660156,positive,10.0,10.0,-0.10971517860889435,0.5574801564216614,0.0631132498383522,-0.7143144011497498,97,23
0.002615690231323242,positive,10.0,10.0,-0.09133470058441162,0.1657646745443344,0.040777914226055145,-0.09478390961885452,97,25
0.0026934146881103516,positive,10.0,10.0,-0.08861774951219559,-0.22557298839092255,0.04309184476733208,0.5151706337928772,97,27
0.002730846405029297,positive,10.0,10.0,-0.09312921017408371,-0.03108353167772293,0.05339525640010834,0.23637236654758453,97,28
0.0028076171875,positive,10.0,10.0,-0.09828940033912659,-0.03266691416501999,0.06903087347745895,0.2715900242328644,97,30
0.0028438568115234375,positive,10.0,10.0,-0.09894274175167084,-0.22870251536369324,0.07446266710758209,0.585222065448761,97,31
0.0028786659240722656,positive,10.0,10.0,-0.10351679474115372,-0.034698233008384705,0.086167111992836,0.3168938159942627,97,32
0.002995014190673828,positive,10.0,10.0,-0.09397321194410324,0.5464479923248291,0.08936574310064316,-0.4713094234466553,97,35
0.0035080909729003906,positive,10.0,10.0,-0.046166859567165375,0.5376328229904175,0.0860481709241867,-0.2758541703224182,97,43
0.003968477249145508,positive,10.0,10.0,-0.010080189444124699,0.339226633310318,0.06526150554418564,0.090563103556633,97,46
0.004347085952758789,positive,10.0,10.0,0.006315853912383318,0.5313124060630798,0.07778070867061615,-0.13576911389827728,97,49
0.004464149475097656,positive,10.0,10.0,0.0169421024620533,0.725239098072052,0.07506532222032547,-0.4029351770877838,97,50
0.0047109127044677734,positive,10.0,10.0,0.04202962666749954,0.3331219553947449,0.06525537371635437,0.22548602521419525,97,52
0.004974365234375,positive,10.0,10.0,0.05143468827009201,0.331206351518631,0.0805254578590393,0.26810765266418457,97,54
0.0050966739654541016,positive,10.0,10.0,0.05805881321430206,0.5250923037528992,0.085887610912323,0.0018700567306950688,97,55
0.005532264709472656,positive,10.0,10.0,0.10119196772575378,0.7165223360061646,0.07013611495494843,-0.2099446952342987,97,58
0.005650520324707031,positive,10.0,10.0,0.11552241444587708,0.5204713344573975,0.06593722105026245,0.10401199758052826,97,59
0.005767345428466797,positive,10.0,10.0,0.12593184411525726,0.3244694173336029,0.06801746040582657,0.41674745082855225,97,60
0.006144046783447266,positive,10.0,10.0,0.15704283118247986,0.9064169526100159,0.07684974372386932,-0.38804879784584045,97,63
0.006256103515625,positive,10.0,10.0,0.1751711666584015,0.7102930545806885,0.06908876448869705,-0.07215965539216995,97,64
0.006525278091430664,positive,10.0,10.0,0.19966207444667816,0.31823238730430603,0.07247549295425415,0.5547259449958801,97,66
0.0067746639251708984,positive,10.0,10.0,0.2162720412015915,0.7061026692390442,0.08928459137678146,0.020529387518763542,97,68
0.007302761077880859,positive,10.0,10.0,0.2960103452205658,1.0913361310958862,0.059313446283340454,-0.45535796880722046,97,72
0.007418155670166016,positive,10.0,10.0,0.31783705949783325,0.8954278826713562,0.05020628869533539,-0.14458444714546204,97,73
0.0077953338623046875,positive,10.0,10.0,0.3598152697086334,0.6982302665710449,0.059999335557222366,0.1944114714860916,97,76
0.007909536361694336,positive,10.0,10.0,0.37377989292144775,0.892444908618927,0.0638875663280487,-0.07875707000494003,97,77
0.00820302963256836,positive,10.0,10.0,0.39162877202033997,1.0865956544876099,0.062312424182891846,-0.35061877965927124,97,78
0.008397817611694336,positive,10.0,10.0,0.4389762580394745,1.0849298238754272,0.0428396500647068,-0.313446044921875,97,80
0.008578300476074219,positive,10.0,10.0,0.5257059335708618,1.0831812620162964,0.01919824443757534,-0.27460694313049316,97,84
0.008617401123046875,positive,10.0,10.0,0.5473695993423462,1.2780240774154663,0.013706105761229992,-0.5611733794212341,97,85
0.008734464645385742,positive,10.0,10.0,0.6201402544975281,1.082716464996338,-0.01392350159585476,-0.26430392265319824,97,88
0.008774757385253906,positive,10.0,10.0,0.6417946219444275,1.2780343294143677,-0.01920957863330841,-0.5613456964492798,97,89
0.008853673934936523,positive,10.0,10.0,0.6890190243721008,1.278729796409607,-0.035932015627622604,-0.5769013166427612,97,91
0.008890628814697266,positive,10.0,10.0,0.7145936489105225,1.4743365049362183,-0.04747004434466362,-0.8806836605072021,97,92
0.008925676345825195,positive,10.0,10.0,0.7440803647041321,1.279890537261963,-0.06508371978998184,-0.6032941341400146,97,93
0.00896000862121582,positive,10.0,10.0,0.7696781754493713,1.0857362747192383,-0.07714959979057312,-0.33180052042007446,97,94
0.009075641632080078,positive,10.0,10.0,0.823188066482544,0.504156768321991,-0.08105966448783875,0.4653869569301605,97,97
0.009153127670288086,positive,10.0,10.0,0.8394765853881836,0.5063044428825378,-0.05712273716926575,0.417084664106369,97,99
0.009227991104125977,positive,10.0,10.0,0.8558433651924133,0.5078002214431763,-0.034956518560647964,0.3835941255092621,97,101
0.009382963180541992,positive,10.0,10.0,0.9199330806732178,0.8996967077255249,-0.04053881764411926,-0.23869280517101288,97,105
0.009457111358642578,positive,10.0,10.0,0.9598345160484314,0.9009168148040771,-0.05619031935930252,-0.2658136785030365,97,107
0.009491682052612305,positive,10.0,10.0,0.9778528213500977,1.0967937707901,-0.061506591737270355,-0.5756767392158508,97,108
0.009526491165161133,positive,10.0,10.0,0.9997887015342712,1.2927216291427612,-0.07302013039588928,-0.8870842456817627,97,109
0.00968313217163086,negative,10.0,-10.0,1.1189440488815308,1.2983635663986206,-0.17056232690811157,-1.022830605506897,97,113
0.009719610214233398,negative,10.0,-10.0,1.144911289215088,1.1058731079101562,-0.1910189390182495,-0.7881872057914734,97,114
0.0001556873321533203,positive,10.0,10.0,-0.01179955992847681,0.015079865232110023,-0.04114481434226036,-0.020956631749868393,98,0
0.0003707408905029297,positive,10.0,10.0,-0.026131581515073776,-0.3730654716491699,-0.020962929353117943,0.5183164477348328,98,4
0.0004112720489501953,positive,10.0,10.0,-0.033592890948057175,-0.17765475809574127,-0.010596600361168385,0.21910212934017181,98,5
0.0004909038543701172,positive,10.0,10.0,-0.04459846019744873,-0.1774146854877472,0.003953916020691395,0.21378885209560394,98,7
0.0005276203155517578,positive,10.0,10.0,-0.04814675450325012,-0.3725929260253906,0.0082296933978796,0.5077164173126221,98,8
0.0006067752838134766,positive,10.0,10.0,-0.059150371700525284,-0.37296777963638306,0.02273678593337536,0.5160631537437439,98,10
0.0006437301635742188,positive,10.0,10.0,-0.06660972535610199,-0.1781732439994812,0.0330580472946167,0.23063090443611145,98,11
0.0006883144378662109,positive,10.0,10.0,-0.07017318904399872,-0.37375161051750183,0.037670668214559555,0.5335554480552673,98,12
0.0007662773132324219,positive,10.0,10.0,-0.08123180270195007,-0.37495681643486023,0.05340130254626274,0.5605067610740662,98,14
0.0008029937744140625,positive,10.0,10.0,-0.08873093873262405,-0.5707859992980957,0.06461143493652344,0.8695243000984192,98,15
0.0010378360748291016,negative,10.0,-10.0,-0.1302773803472519,0.20048931241035461,0.1362418383359909,-0.10041516274213791,98,21
0.0014963150024414062,positive,10.0,10.0,-0.029519712552428246,0.37921783328056335,0.06772968173027039,-0.030640391632914543,98,32
0.0016565322875976562,positive,10.0,10.0,-0.014903591945767403,0.3750341534614563,0.09121893346309662,0.061968326568603516,98,36
0.0018525123596191406,positive,10.0,10.0,0.03012986108660698,0.9530752301216125,0.09173376113176346,-0.6580089330673218,98,41
0.0018897056579589844,positive,10.0,10.0,0.049191366881132126,1.1468086242675781,0.07857358455657959,-0.9204553365707397,98,42
0.0020864009857177734,positive,10.0,10.0,0.17151659727096558,0.9491196870803833,-0.021445874124765396,-0.5676609873771667,98,47
0.0022373199462890625,positive,10.0,10.0,0.22408072650432587,0.17056231200695038,-0.03281506896018982,0.5609816908836365,98,51
0.0022726058959960938,positive,10.0,10.0,0.22749195992946625,0.366129070520401,-0.021595435217022896,0.2581436038017273,98,52
0.002346038818359375,positive,10.0,10.0,0.23824098706245422,0.3666709363460541,-0.005553813185542822,0.24612268805503845,98,54
0.002573251724243164,positive,10.0,10.0,0.26271387934684753,0.36542513966560364,0.053599774837493896,0.27394744753837585,98,60
0.0026895999908447266,positive,10.0,10.0,0.2806905508041382,0.5578742027282715,0.07693037390708923,0.03997821360826492,98,63
0.0027256011962890625,positive,10.0,10.0,0.2918480336666107,0.7518134713172913,0.07772994041442871,-0.227475106716156,98,64
0.0028421878814697266,positive,10.0,10.0,0.34079259634017944,0.9438318610191345,0.05969032645225525,-0.45190897583961487,98,67
0.0029535293579101562,positive,10.0,10.0,0.39347320795059204,0.746514081954956,0.03948552533984184,-0.10993655025959015,98,70
0.0030655860900878906,positive,10.0,10.0,0.4421328008174896,0.9401049613952637,0.02777462638914585,-0.36893850564956665,98,73
0.003100872039794922,positive,10.0,10.0,0.46093490719795227,0.7445995807647705,0.020395858213305473,-0.0676288828253746,98,74
0.003188610076904297,positive,10.0,10.0,0.494615375995636,0.7440357804298401,0.011967126280069351,-0.055181194096803665,98,76
0.0032291412353515625,positive,10.0,10.0,0.5094960927963257,0.9389841556549072,0.010863502509891987,-0.34406450390815735,98,77
0.0032663345336914062,positive,10.0,10.0,0.5282757878303528,0.7437093257904053,0.003982212394475937,-0.04797578603029251,98,78
0.0033016204833984375,positive,10.0,10.0,0.5431499481201172,0.9387739300727844,0.0030226968228816986,-0.33939963579177856,98,79
0.0033800601959228516,positive,10.0,10.0,0.576797604560852,0.9387848377227783,-0.004680597223341465,-0.339633584022522,98,81
0.003416299819946289,positive,10.0,10.0,0.5955733060836792,0.743729829788208,-0.011473268270492554,-0.048430319875478745,98,82
0.003535747528076172,positive,10.0,10.0,0.6441096067428589,0.9394654035568237,-0.02045563980937004,-0.3546976149082184,98,85
0.0037689208984375,positive,10.0,10.0,0.7374510169029236,0.9421027898788452,-0.036345623433589935,-0.41304275393486023,98,91
0.0038537979125976562,positive,10.0,10.0,0.7712433934211731,0.9432459473609924,-0.04724720120429993,-0.4384514391422272,98,93
0.0038945674896240234,positive,10.0,10.0,0.790108323097229,1.1390036344528198,-0.0560162328183651,-0.7456458806991577,98,94
0.003934383392333984,positive,10.0,10.0,0.8128883838653564,0.9446976184844971,-0.0709291473031044,-0.47110405564308167,98,95
0.003972291946411133,positive,10.0,10.0,0.831782341003418,0.7506454586982727,-0.08035123348236084,-0.20159341394901276,98,96
0.004050731658935547,positive,10.0,10.0,0.8579304218292236,0.3629419803619385,-0.08308909833431244,0.3296119272708893,98,98
0.0040874481201171875,positive,10.0,10.0,0.865189254283905,0.5591424107551575,-0.07649686187505722,0.011926527135074139,98,99
0.004320383071899414,positive,10.0,10.0,0.9208918213844299,0.5647940635681152,-0.06436249613761902,-0.11300070583820343,98,105
0.0043964385986328125,positive,10.0,10.0,0.9474032521247864,0.5666582584381104,-0.07512801140546799,-0.15431636571884155,98,107
0.0046308040618896484,positive,10.0,10.0,1.0040199756622314,0.5728840231895447,-0.08321364223957062,-0.29217493534088135,98,113
0.0047490596771240234,positive,10.0,10.0,1.0267645120620728,0.3815818130970001,-0.08486508578062057,-0.08308874070644379,98,116
0.004824161529541016,positive,10.0,10.0,1.0381516218185425,0.38401907682418823,-0.08289368450641632,-0.13701720535755157,98,118
0.004898786544799805,positive,10.0,10.0,1.0496355295181274,-0.003621236886829138,-0.08306591212749481,0.39289116859436035,98,120
0.0050144195556640625,positive,10.0,10.0,1.037784218788147,-0.5857030153274536,-0.04351550713181496,1.1989156007766724,98,123
0.0050890445709228516,positive,10.0,10.0,1.0182693004608154,-0.19466443359851837,-0.0016788308275863528,0.594158411026001,98,125
0.0053637027740478516,positive,10.0,10.0,1.0456050634384155,0.19483420252799988,-0.005683758296072483,0.025214800611138344,98,131
0.00540471076965332,positive,10.0,10.0,1.0495017766952515,-0.00020578521071001887,-0.005179462488740683,0.31609904766082764,98,132
0.005574941635131836,positive,10.0,10.0,1.05729341506958,-0.00028331991052255034,0.008327782154083252,0.31780269742012024,98,136
0.005614280700683594,positive,10.0,10.0,1.0572878122329712,0.19471903145313263,0.014683835208415985,0.02775764651596546,98,137
0.005859851837158203,positive,10.0,10.0,1.06886887550354,0.19281010329723358,0.03729810193181038,0.06991167366504669,98,143
0.005959749221801758,positive,10.0,10.0,1.0726685523986816,0.19172534346580505,0.04617883637547493,0.09389017522335052,98,145
0.006048679351806641,positive,10.0,10.0,1.084226131439209,0.19038058817386627,0.04437917470932007,0.1235741451382637,98,147
0.006167888641357422,positive,10.0,10.0,1.0917084217071533,-0.006790141109377146,0.058496445417404175,0.4620155692100525,98,150
0.00624847412109375,positive,10.0,10.0,1.095321774482727,-0.00856398232281208,0.07150334119796753,0.5015879273414612,98,152
0.0062847137451171875,positive,10.0,10.0,1.0951504707336426,-0.20461714267730713,0.08153510093688965,0.8159202933311462,98,153
0.006796360015869141,negative,10.0,-10.0,1.1564929485321045,0.35756734013557434,0.17396770417690277,0.45348018407821655,98,166
0.006834268569946289,negative,10.0,-10.0,1.1636443138122559,0.16046729683876038,0.18303731083869934,0.7955565452575684,98,167
0.00075531005859375,positive,10.0,10.0,0.03272311016917229,0.025753339752554893,0.03819978982210159,0.056349702179431915,99,2
0.0008928775787353516,positive,10.0,10.0,0.03323817625641823,-0.16989491879940033,0.039326783269643784,0.360835999250412,99,3
0.0011200904846191406,positive,10.0,10.0,0.02984027750790119,0.02464659884572029,0.04654350131750107,0.08080844581127167,99,4
0.0020494461059570312,positive,10.0,10.0,0.03518053889274597,0.2177562415599823,0.04643585905432701,-0.16776585578918457,99,7
0.002177715301513672,positive,10.0,10.0,0.03953566402196884,0.41218382120132446,0.043080542236566544,-0.44544559717178345,99,8
0.002302408218383789,positive,10.0,10.0,0.04777934029698372,0.21647968888282776,0.03417162969708443,-0.13950000703334808,99,9
0.0024216175079345703,positive,10.0,10.0,0.05210893228650093,0.020885396748781204,0.03138162940740585,0.16376464068889618,99,10
0.002537965774536133,positive,10.0,10.0,0.05252664163708687,-0.17467141151428223,0.03465691953897476,0.46618011593818665,99,11
0.0028820037841796875,positive,10.0,10.0,0.049432095140218735,-0.1757785826921463,0.047672905027866364,0.4908454716205597,99,13
0.003481149673461914,positive,10.0,10.0,0.03527598828077316,0.21059361100196838,0.08904406428337097,-0.009629664942622185,99,17
0.0037755966186523438,positive,10.0,10.0,0.04757452383637428,0.598082423210144,0.08339260518550873,-0.5363327264785767,99,19
0.0038938522338867188,positive,10.0,10.0,0.059536173939704895,0.7919389009475708,0.07266595214605331,-0.8016179203987122,99,20
0.004011392593383789,positive,10.0,10.0,0.07537495344877243,0.5958995819091797,0.0566335953772068,-0.4869900047779083,99,21
0.004206180572509766,positive,10.0,10.0,0.08729293942451477,0.4000261723995209,0.04689379408955574,-0.17700955271720886,99,22
0.004335880279541016,positive,10.0,10.0,0.09529346227645874,0.5944467782974243,0.0433536022901535,-0.45453810691833496,99,23
0.004456520080566406,positive,10.0,10.0,0.10718239843845367,0.39873945713043213,0.03426283970475197,-0.14851103723049164,99,24
0.004725456237792969,positive,10.0,10.0,0.119220070540905,0.007588340900838375,0.03438824415206909,0.45716965198516846,99,26
0.005018711090087891,positive,10.0,10.0,0.1234159916639328,0.006490638945251703,0.04704206436872482,0.4816130995750427,99,28
0.005312204360961914,positive,10.0,10.0,0.12756416201591492,0.005033401306718588,0.06075672060251236,0.5141284465789795,99,30
0.005572080612182617,positive,10.0,10.0,0.12384705245494843,0.003192954696714878,0.0875457227230072,0.5558006167411804,99,32
0.0065991878509521484,positive,10.0,10.0,0.19001324474811554,0.9686252474784851,0.07924157381057739,-0.6876340508460999,99,39
0.006865024566650391,positive,10.0,10.0,0.22483570873737335,0.5765097737312317,0.05806701257824898,-0.05850157514214516,99,41
0.006994485855102539,positive,10.0,10.0,0.2363659143447876,0.7707532048225403,0.05689698085188866,-0.3323134779930115,99,42
0.007494688034057617,positive,10.0,10.0,0.27085965871810913,0.5734418034553528,0.055523019284009933,0.009291981346905231,99,45
0.00794219970703125,positive,10.0,10.0,0.3013169765472412,0.3759006857872009,0.06297524273395538,0.35596415400505066,99,48
0.00807046890258789,positive,10.0,10.0,0.3088349997997284,0.5700733661651611,0.0700945258140564,0.08378496021032333,99,49
0.008193254470825195,positive,10.0,10.0,0.320236474275589,0.7641241550445557,0.07177022844552994,-0.18598556518554688,99,50
0.008311748504638672,positive,10.0,10.0,0.3355189561843872,0.958149790763855,0.06805051863193512,-0.4551924169063568,99,51
0.008832693099975586,positive,10.0,10.0,0.40426185727119446,0.9549003839492798,0.045690957456827164,-0.3827744126319885,99,55
0.009082317352294922,positive,10.0,10.0,0.43854305148124695,0.9537171125411987,0.03651462122797966,-0.35648661851882935,99,57
0.009200572967529297,positive,10.0,10.0,0.4576174020767212,0.7580955028533936,0.02938488870859146,-0.05251697450876236,99,58
0.009454965591430664,positive,10.0,10.0,0.49183499813079834,0.7572705745697021,0.021618831902742386,-0.03430405259132385,99,60
0.00957798957824707,positive,10.0,10.0,0.5069804191589355,0.9520759582519531,0.020932750776410103,-0.32008838653564453,99,61
0.009830236434936523,positive,10.0,10.0,0.5411551594734192,0.951572835445404,0.014113418757915497,-0.3089413046836853,99,63
0.010143041610717773,positive,10.0,10.0,0.5753116607666016,0.9512599110603333,0.007697773166000843,-0.3020099401473999,99,65
0.010754585266113281,positive,10.0,10.0,0.6514078378677368,0.9515010118484497,-0.016360504552721977,-0.307338148355484,99,69
0.011040449142456055,positive,10.0,10.0,0.6933749318122864,0.952052116394043,-0.03460997715592384,-0.31962597370147705,99,71
0.01116323471069336,positive,10.0,10.0,0.7124159336090088,0.7574397325515747,-0.04100249707698822,-0.038055501878261566,99,72
0.011279106140136719,positive,10.0,10.0,0.7275647521018982,0.9531249403953552,-0.041763607412576675,-0.3433879613876343,99,73
0.011394023895263672,positive,10.0,10.0,0.7466272711753845,0.7586212158203125,-0.04863136634230614,-0.0641617700457573,99,74
0.01150822639465332,positive,10.0,10.0,0.761799693107605,0.9544054865837097,-0.04991460219025612,-0.37178292870521545,99,75
0.011632442474365234,positive,10.0,10.0,0.7808877825737,0.7600268721580505,-0.05735025927424431,-0.09524694085121155,99,76
0.01189112663269043,positive,10.0,10.0,0.81520676612854,0.7616881132125854,-0.06736436486244202,-0.13202962279319763,99,78
0.012140512466430664,positive,10.0,10.0,0.8417923450469971,0.7636436820030212,-0.0672316923737526,-0.1752578616142273,99,80
0.01233673095703125,positive,10.0,10.0,0.8570652604103088,0.9596602320671082,-0.0707368478178978,-0.48836958408355713,99,81
0.012465715408325195,positive,10.0,10.0,0.8762584328651428,0.7656038403511047,-0.08050423860549927,-0.21879225969314575,99,82
0.012580633163452148,positive,10.0,10.0,0.891570508480072,0.5717194080352783,-0.08488008379936218,0.047449741512537,99,83
0.012699365615844727,positive,10.0,10.0,0.9030048847198486,0.37791067361831665,-0.0839310884475708,0.3121914565563202,99,84
0.012850046157836914,positive,10.0,10.0,0.9105631113052368,0.5741218328475952,-0.07768726348876953,-0.00573597801849246,99,85
0.013004302978515625,positive,10.0,10.0,0.9220455884933472,0.3801949918270111,-0.07780198007822037,0.2614597976207733,99,86
0.013122320175170898,positive,10.0,10.0,0.9296494722366333,0.18626488745212555,-0.07257278263568878,0.5286242961883545,99,87
0.013500452041625977,positive,10.0,10.0,0.9525869488716125,0.7741795182228088,-0.05967246741056442,-0.4079138934612274,99,90
0.013747215270996094,positive,10.0,10.0,0.9796695709228516,0.775976836681366,-0.07052323967218399,-0.4479125440120697,99,92
0.013860702514648438,positive,10.0,10.0,0.9951891303062439,0.5819196701049805,-0.07948148995637894,-0.1782669872045517,99,93
0.014228343963623047,positive,10.0,10.0,1.0184714794158936,0.3903582990169525,-0.07420657575130463,0.03652546554803848,99,96
0.014469623565673828,positive,10.0,10.0,1.0302062034606934,0.3924625515937805,-0.06737799942493439,-0.010017302818596363,99,98
0.014585494995117188,positive,10.0,10.0,1.038055419921875,0.19836834073066711,-0.06757834553718567,0.2606692314147949,99,99
0.01470041275024414,positive,10.0,10.0,1.0420228242874146,0.3943866193294525,-0.062364958226680756,-0.05253998190164566,99,100
0.014812946319580078,positive,10.0,10.0,1.049910545349121,0.2002117931842804,-0.0634157583117485,0.2198326289653778,99,101
0.015135526657104492,positive,10.0,10.0,1.0540357828140259,0.20195356011390686,-0.049181971698999405,0.1811729073524475,99,103
0.015278816223144531,positive,10.0,10.0,1.0580748319625854,0.007568614091724157,-0.04555851221084595,0.4579440653324127,99,104
0.016020536422729492,positive,10.0,10.0,1.0589393377304077,0.20481163263320923,-0.0021684300154447556,0.11789420247077942,99,109
0.016536951065063477,positive,10.0,10.0,1.067518711090088,0.20456714928150177,0.01898440346121788,0.12330615520477295,99,113
0.017629384994506836,positive,10.0,10.0,1.0922176837921143,0.20062598586082458,0.05544246360659599,0.2105264812707901,99,121
0.019756078720092773,negative,10.0,-10.0,1.1688511371612549,0.5649996995925903,0.17004790902137756,0.19825702905654907,99,137
0.02018570899963379,negative,10.0,-10.0,1.1987134218215942,0.36300069093704224,0.19092461466789246,0.6509890556335449,99,140
0.020304441452026367,negative,10.0,-10.0,1.2059733867645264,0.5550230741500854,0.2039443999528885,0.4239807426929474,99,141
0.0001614093780517578,positive,10.0,10.0,-0.005709868855774403,-0.02356928214430809,-0.013380603864789009,0.030155720189213753,100,0
0.000225067138671875,positive,10.0,10.0,-0.006181254517287016,-0.21849681437015533,-0.012777489610016346,0.318587064743042,100,1
0.0002713203430175781,positive,10.0,10.0,-0.010551190935075283,-0.023195236921310425,-0.006405748426914215,0.02190213091671467,100,2
0.00032138824462890625,positive,10.0,10.0,-0.011015095748007298,-0.21822473406791687,-0.005967705976217985,0.3125571012496948,100,3
0.0006151199340820312,positive,10.0,10.0,-0.03331804275512695,-0.21921338140964508,0.026092106476426125,0.33444106578826904,100,9
0.0006539821624755859,positive,10.0,10.0,-0.03770231083035469,-0.024472307413816452,0.032780926674604416,0.05009909346699715,100,10
0.0006926059722900391,positive,10.0,10.0,-0.03819175809621811,-0.22004859149456024,0.03378291055560112,0.3529417812824249,100,11
0.000774383544921875,positive,10.0,10.0,-0.04310118779540062,-0.22110587358474731,0.04226374998688698,0.3763839304447174,100,13
0.0008127689361572266,positive,10.0,10.0,-0.04752330482006073,-0.026608889922499657,0.049791425466537476,0.09732081741094589,100,14
0.0008499622344970703,positive,10.0,10.0,-0.04805548116564751,0.16776539385318756,0.051737844944000244,-0.17924661934375763,100,15
0.0008871555328369141,positive,10.0,10.0,-0.044700175523757935,-0.028057293966412544,0.04815291240811348,0.12929849326610565,100,16
0.0009226799011230469,positive,10.0,10.0,-0.04526131972670555,-0.2238347828388214,0.05073888227343559,0.4367758333683014,100,17
0.0010843276977539062,positive,10.0,10.0,-0.055459167808294296,0.16281642019748688,0.07609271258115768,-0.07003134489059448,100,21
0.0011210441589355469,positive,10.0,10.0,-0.05220283940434456,0.3567696511745453,0.07469208538532257,-0.33776965737342834,100,22
0.001157522201538086,positive,10.0,10.0,-0.0450674444437027,0.550753653049469,0.06793668866157532,-0.6059952974319458,100,23
0.0012774467468261719,positive,10.0,10.0,-0.023779770359396935,-0.036922261118888855,0.05030336230993271,0.32505881786346436,100,26
0.001435995101928711,positive,10.0,10.0,-0.026828795671463013,0.34957602620124817,0.07842426747083664,-0.17864030599594116,100,30
0.00148773193359375,positive,10.0,10.0,-0.01983727514743805,0.5434932112693787,0.07485146075487137,-0.44558894634246826,100,31
0.0015366077423095703,positive,10.0,10.0,-0.008967410773038864,0.34739652276039124,0.06593968719244003,-0.1302817314863205,100,32
0.0016641616821289062,positive,10.0,10.0,0.00011695181456161663,0.1495431661605835,0.07687161862850189,0.2235812544822693,100,35
0.0017478466033935547,positive,10.0,10.0,0.009977556765079498,0.537354052066803,0.08046530187129974,-0.3098478615283966,100,37
0.00183868408203125,positive,10.0,10.0,0.027548305690288544,0.5351659655570984,0.0744100883603096,-0.26126959919929504,100,39
0.002091646194458008,positive,10.0,10.0,0.07978174835443497,0.13966462016105652,0.0668359100818634,0.44172602891921997,100,45
0.0021305084228515625,positive,10.0,10.0,0.08257504552602768,0.3337802588939667,0.07567043602466583,0.17083780467510223,100,46
0.002255678176879883,positive,10.0,10.0,0.10643710941076279,0.5255203247070312,0.08153631538152695,-0.04788237065076828,100,49
0.0023779869079589844,positive,10.0,10.0,0.1417994499206543,0.7171943783760071,0.07436733692884445,-0.26514455676078796,100,52
0.002460479736328125,positive,10.0,10.0,0.17436695098876953,0.7151586413383484,0.058394934982061386,-0.21985501050949097,100,54
0.0024983882904052734,positive,10.0,10.0,0.1886701136827469,0.5192526578903198,0.053997837007045746,0.09066136926412582,100,55
0.002534151077270508,positive,10.0,10.0,0.19905516505241394,0.32339999079704285,0.05581106245517731,0.3998798429965973,100,56
0.0025701522827148438,positive,10.0,10.0,0.20552316308021545,0.5176876783370972,0.06380865722894669,0.1253020465373993,100,57
0.0026056766510009766,positive,10.0,10.0,0.21587692201137543,0.3217123746871948,0.066314697265625,0.4374137818813324,100,58
0.0026412010192871094,positive,10.0,10.0,0.22231116890907288,0.5158360600471497,0.07506297528743744,0.16635051369667053,100,59
0.0027616024017333984,positive,10.0,10.0,0.25709715485572815,0.7076069712638855,0.08064736425876617,-0.05304497480392456,100,62
0.002838611602783203,positive,10.0,10.0,0.2892789840698242,0.7053256034851074,0.07320180535316467,-0.002550677862018347,100,64
0.002914905548095703,positive,10.0,10.0,0.32137203216552734,1.0933315753936768,0.06772541254758835,-0.540012776851654,100,66
0.002992391586303711,positive,10.0,10.0,0.3611851632595062,1.091590404510498,0.05238949880003929,-0.500980019569397,100,68
0.003070354461669922,positive,10.0,10.0,0.4009324014186859,1.0902615785598755,0.03852473944425583,-0.4712795615196228,100,70
0.0031485557556152344,positive,10.0,10.0,0.4406299591064453,1.089310884475708,0.02576500177383423,-0.45007017254829407,100,72
0.0031850337982177734,positive,10.0,10.0,0.4624162018299103,0.8938341736793518,0.01676359958946705,-0.14937832951545715,100,73
0.0032205581665039062,positive,10.0,10.0,0.4802928864955902,1.0887120962142944,0.013776032254099846,-0.436725914478302,100,74
0.0032563209533691406,positive,10.0,10.0,0.5020670890808105,0.893397867679596,0.005041513592004776,-0.13973234593868256,100,75
0.0034513473510742188,positive,10.0,10.0,0.6070151329040527,1.0888841152191162,-0.03231364116072655,-0.44061848521232605,100,80
0.003629446029663086,positive,10.0,10.0,0.686384916305542,1.091296672821045,-0.05727040395140648,-0.494350790977478,100,84
0.0037505626678466797,positive,10.0,10.0,0.7480122447013855,0.8989952802658081,-0.08222929388284683,-0.26403772830963135,100,87
0.0037877559661865234,positive,10.0,10.0,0.7659921050071716,0.7051373720169067,-0.08751004189252853,0.0016183363040909171,100,88
0.0038645267486572266,positive,10.0,10.0,0.7903223037719727,0.3176007866859436,-0.08216850459575653,0.5293188691139221,100,90
0.003900766372680664,positive,10.0,10.0,0.7966743111610413,0.5137767195701599,-0.07158213108778,0.2119174301624298,100,91
0.003935813903808594,positive,10.0,10.0,0.8069498538970947,0.709845244884491,-0.06734377890825272,-0.10245935618877411,100,92
0.003970623016357422,positive,10.0,10.0,0.8211467862129211,0.9058644771575928,-0.06939297169446945,-0.4156057834625244,100,93
0.004006147384643555,positive,10.0,10.0,0.8392640948295593,0.7117910981178284,-0.07770508527755737,-0.14558152854442596,100,94
0.0040435791015625,positive,10.0,10.0,0.8534998893737793,0.5178629755973816,-0.08061671257019043,0.12161056697368622,100,95
0.0040781497955322266,positive,10.0,10.0,0.8638571500778198,0.32398301362991333,-0.07818450033664703,0.3878103494644165,100,96
0.0041120052337646484,positive,10.0,10.0,0.8703368306159973,0.5201227068901062,-0.07042829692363739,0.07153678685426712,100,97
0.004145622253417969,positive,10.0,10.0,0.8807392716407776,0.7161799669265747,-0.06899756193161011,-0.2425088733434677,100,98
0.004180192947387695,positive,10.0,10.0,0.8950628638267517,0.9122161269187927,-0.07384774088859558,-0.5561326742172241,100,99
0.004256010055541992,positive,10.0,10.0,0.9276712536811829,0.5243905186653137,-0.09072238951921463,-0.022879071533679962,100,101
0.004290342330932617,positive,10.0,10.0,0.9381591081619263,0.3306788504123688,-0.09117996692657471,0.2398577183485031,100,102
0.004368305206298828,positive,10.0,10.0,0.9475120306015015,0.3331962525844574,-0.0763339251279831,0.18383735418319702,100,104
0.004407405853271484,positive,10.0,10.0,0.9541760087013245,0.13924480974674225,-0.07265717536211014,0.4514969289302826,100,105
0.004446268081665039,positive,10.0,10.0,0.9569608569145203,0.335315078496933,-0.06362723559141159,0.1368250846862793,100,106
0.00507807731628418,positive,10.0,10.0,0.9742929339408875,0.33708786964416504,-0.06439539790153503,0.09763624519109726,100,108
0.005254030227661133,positive,10.0,10.0,0.9810346961021423,0.5330708026885986,-0.06244267523288727,-0.2146480232477188,100,109
0.005410909652709961,positive,10.0,10.0,0.9916961193084717,0.3388945758342743,-0.0667356327176094,0.05770246312022209,100,110
0.006161689758300781,positive,10.0,10.0,1.025768518447876,0.5384451150894165,-0.0650063082575798,-0.33344775438308716,100,115
0.006501913070678711,positive,10.0,10.0,1.0620335340499878,0.346550315618515,-0.09212573617696762,-0.1117652878165245,100,118
0.006643772125244141,positive,10.0,10.0,1.072021722793579,-0.04079204425215721,-0.09135124087333679,0.41197627782821655,100,120
0.006691455841064453,positive,10.0,10.0,1.071205973625183,-0.23450830578804016,-0.0831117108464241,0.6745191812515259,100,121
0.006834506988525391,positive,10.0,10.0,1.0454981327056885,-0.4267607629299164,-0.026624122634530067,0.9017733931541443,100,124
0.0068776607513427734,positive,10.0,10.0,1.036962866783142,-0.6215120553970337,-0.008588655851781368,1.1859703063964844,100,125
0.007009029388427734,positive,10.0,10.0,1.0113797187805176,-0.03672030568122864,0.044997286051511765,0.3205919563770294,100,128
0.007048368453979492,positive,10.0,10.0,1.0106452703475952,0.15773291885852814,0.051409125328063965,0.04243212565779686,100,129
0.00713038444519043,positive,10.0,10.0,1.0208415985107422,0.5464192628860474,0.04758581146597862,-0.5093498826026917,100,131
0.00716853141784668,positive,10.0,10.0,1.0317699909210205,0.3506603538990021,0.037398811429739,-0.20205895602703094,100,132
0.0072100162506103516,positive,10.0,10.0,1.0387831926345825,0.15502403676509857,0.03335763141512871,0.10218298435211182,100,133
0.007248401641845703,positive,10.0,10.0,1.0418837070465088,-0.04055969417095184,0.03540129214525223,0.40520069003105164,100,134
0.007330656051635742,positive,10.0,10.0,1.0441533327102661,-0.041674550622701645,0.04598302021622658,0.4299704134464264,100,136
0.007412910461425781,positive,10.0,10.0,1.0463751554489136,-0.04309220612049103,0.05762504041194916,0.4615212082862854,100,138
0.008009910583496094,negative,10.0,-10.0,1.0879020690917969,0.13348570466041565,0.13782280683517456,0.5823439955711365,100,151
0.008057594299316406,negative,10.0,-10.0,1.0905718803405762,-0.0632706880569458,0.14946968853473663,0.9150717258453369,100,152
0.008100271224975586,negative,10.0,-10.0,1.089306354522705,0.12954822182655334,0.167771115899086,0.6728488206863403,100,153
0.008140802383422852,negative,10.0,-10.0,1.0918973684310913,-0.06745921075344086,0.18122810125350952,1.0133044719696045,100,154
0.008180856704711914,negative,10.0,-10.0,1.0905481576919556,0.12484364956617355,0.20149418711662292,0.7825640439987183,100,155
0.0007016658782958984,positive,10.0,10.0,-0.009935704991221428,-0.24236905574798584,0.03730728477239609,0.3297208249568939,101,1
0.0011799335479736328,positive,10.0,10.0,-0.015739036723971367,0.14666834473609924,0.04488234966993332,-0.22948238253593445,101,3
0.0013818740844726562,positive,10.0,10.0,-0.012805669568479061,0.3411211371421814,0.04029270261526108,-0.507676899433136,101,4
0.0022928714752197266,positive,10.0,10.0,-0.0011827453272417188,-0.050858061760663986,0.02437940239906311,0.1165291890501976,101,8
0.002971172332763672,positive,10.0,10.0,-0.008158065378665924,0.14301562309265137,0.03769921883940697,-0.1487649530172348,101,11
0.0031664371490478516,positive,10.0,10.0,-0.005297753028571606,-0.05262533202767372,0.0347239188849926,0.1555688977241516,101,12
0.0037772655487060547,positive,10.0,10.0,-0.004583811853080988,-0.24926936626434326,0.03888439014554024,0.48202642798423767,101,15
0.004252910614013672,positive,10.0,10.0,-0.010663543827831745,-0.25049835443496704,0.05256187543272972,0.509434700012207,101,17
0.0044307708740234375,positive,10.0,10.0,-0.01567351073026657,-0.05615478381514549,0.06275057047605515,0.23376798629760742,101,18
0.005007505416870117,positive,10.0,10.0,-0.022998929023742676,0.13592034578323364,0.08383456617593765,0.007882833480834961,101,21
0.005384683609008789,positive,10.0,10.0,-0.013685599900782108,0.13353176414966583,0.07884789258241653,0.060732413083314896,101,23
0.005559206008911133,positive,10.0,10.0,-0.011014964431524277,-0.06262696534395218,0.08006254583597183,0.37721362709999084,101,24
0.005732059478759766,positive,10.0,10.0,-0.012267502956092358,0.13127203285694122,0.08760681748390198,0.1108100563287735,101,25
0.006168842315673828,positive,10.0,10.0,-0.003141332883387804,0.5187651515007019,0.08676304668188095,-0.4160475730895996,101,27
0.0066640377044677734,positive,10.0,10.0,0.021485114470124245,0.516438364982605,0.06483877450227737,-0.3638538718223572,101,29
0.007342815399169922,positive,10.0,10.0,0.04851721599698067,0.3188296854496002,0.05002403259277344,-0.01547056995332241,101,32
0.008805036544799805,positive,10.0,10.0,0.07484667003154755,0.314024418592453,0.07067646831274033,0.09077219665050507,101,38
0.008974313735961914,positive,10.0,10.0,0.08112715929746628,0.11796432733535767,0.07249191403388977,0.40488967299461365,101,39
0.009991645812988281,positive,10.0,10.0,0.12390834093093872,0.6975423097610474,0.07121888548135757,-0.34743964672088623,101,44
0.010576009750366211,positive,10.0,10.0,0.15399888157844543,0.4996611475944519,0.06918801367282867,0.007109380792826414,101,47
0.011098146438598633,positive,10.0,10.0,0.17006447911262512,0.49768829345703125,0.075746089220047,0.05075622349977493,101,49
0.011278867721557617,positive,10.0,10.0,0.18001824617385864,0.6916469931602478,0.07676121592521667,-0.21709954738616943,101,50
0.011456012725830078,positive,10.0,10.0,0.19385118782520294,0.885592520236969,0.07241922616958618,-0.4846154451370239,101,51
0.011631250381469727,positive,10.0,10.0,0.21156303584575653,0.6895272731781006,0.06272691488265991,-0.1700158268213272,101,52
0.011803865432739258,positive,10.0,10.0,0.22535358369350433,0.4935661852359772,0.05932660028338432,0.14177732169628143,101,53
0.012850284576416016,positive,10.0,10.0,0.25693002343177795,0.09967942535877228,0.0847034603357315,0.8096749186515808,101,57
0.01331639289855957,negative,10.0,-10.0,0.2744283378124237,0.28689369559288025,0.16022811830043793,0.6972158551216125,101,62
0.013557672500610352,negative,10.0,-10.0,0.2954031229019165,0.4745705723762512,0.1993730217218399,0.5712177753448486,101,65
0.000370025634765625,positive,10.0,10.0,-0.028676142916083336,-0.21879716217517853,-0.03911351040005684,0.251790314912796,102,1
0.00045418739318847656,positive,10.0,10.0,-0.03305208683013916,-0.41333940625190735,-0.03407770395278931,0.5318840146064758,102,2
0.0006089210510253906,positive,10.0,10.0,-0.045673977583646774,-0.4125343859195709,-0.018866803497076035,0.51385897397995,102,4
0.0007650852203369141,positive,10.0,10.0,-0.05826770141720772,-0.41214999556541443,-0.004283806774765253,0.5052518844604492,102,6
0.0009770393371582031,positive,10.0,10.0,-0.07909350842237473,-0.21719366312026978,0.020160382613539696,0.21623526513576508,102,9
0.0011179447174072266,positive,10.0,10.0,-0.0916893407702446,-0.21782919764518738,0.03478926792740822,0.23034122586250305,102,11
0.0011858940124511719,positive,10.0,10.0,-0.09604592621326447,-0.4134305715560913,0.03939609229564667,0.533791720867157,102,12
0.0012502670288085938,positive,10.0,10.0,-0.10431453585624695,-0.2188841551542282,0.050071924924850464,0.25377798080444336,102,13
0.0013186931610107422,positive,10.0,10.0,-0.1086922213435173,-0.4146839678287506,0.05514748394489288,0.56182461977005,102,14
0.0016307830810546875,positive,10.0,10.0,-0.11856358498334885,0.36177223920822144,0.06738192588090897,-0.5220816135406494,102,18
0.0017032623291015625,positive,10.0,10.0,-0.1113281399011612,0.1657697707414627,0.056940291076898575,-0.20894977450370789,102,19
0.0017704963684082031,positive,10.0,10.0,-0.10801274329423904,-0.030118176713585854,0.052761297672986984,0.10113734006881714,102,20
0.0018367767333984375,positive,10.0,10.0,-0.10861510783433914,-0.2259550243616104,0.05478404462337494,0.4099884629249573,102,21
0.00197601318359375,positive,10.0,10.0,-0.1215703934431076,-0.22761258482933044,0.07737235724925995,0.44721511006355286,102,23
0.0021123886108398438,positive,10.0,10.0,-0.1267959475517273,0.16012197732925415,0.08991445600986481,-0.08436379581689835,102,25
0.002175569534301758,positive,10.0,10.0,-0.1235935166478157,-0.03616612032055855,0.08822718262672424,0.2352782040834427,102,26
0.0025179386138916016,positive,10.0,10.0,-0.11186949163675308,0.5421281456947327,0.09420637041330338,-0.4901142120361328,102,31
0.002582073211669922,positive,10.0,10.0,-0.10102692246437073,0.34581226110458374,0.08440408855676651,-0.16929040849208832,102,32
0.0026450157165527344,positive,10.0,10.0,-0.09411068260669708,0.5396310687065125,0.08101828396320343,-0.434198260307312,102,33
0.002707958221435547,positive,10.0,10.0,-0.0833180621266365,0.34346115589141846,0.07233431190252304,-0.11711530387401581,102,34
0.0027701854705810547,positive,10.0,10.0,-0.07644883543252945,0.14738133549690247,0.06999200582504272,0.19748304784297943,102,35
0.0028328895568847656,positive,10.0,10.0,-0.07350120693445206,-0.048668310046195984,0.073941670358181,0.5113983154296875,102,36
0.0031881332397460938,positive,10.0,10.0,-0.03959331288933754,0.5304752588272095,0.07189992070198059,-0.23128846287727356,102,41
0.0032548904418945312,positive,10.0,10.0,-0.02898380719125271,0.7245001196861267,0.06727415323257446,-0.5004534125328064,102,42
0.0033211708068847656,positive,10.0,10.0,-0.014493805356323719,0.5284974575042725,0.057265084236860275,-0.18735083937644958,102,43
0.0033888816833496094,positive,10.0,10.0,-0.003923856187611818,0.3326049745082855,0.05351806804537773,0.1228329986333847,102,44
0.0034515857696533203,positive,10.0,10.0,0.0027282433584332466,0.1367587447166443,0.055974725633859634,0.431908518075943,102,45
0.0035114288330078125,positive,10.0,10.0,0.005463418550789356,0.3310452997684479,0.06461289525032043,0.15738309919834137,102,46
0.003668069839477539,positive,10.0,10.0,0.014785537496209145,0.32916322350502014,0.07715515047311783,0.19915027916431427,102,48
0.003734588623046875,positive,10.0,10.0,0.021368801593780518,0.5231017470359802,0.08113815635442734,-0.06823090463876724,102,49
0.003798246383666992,positive,10.0,10.0,0.031830836087465286,0.7169723510742188,0.07977353781461716,-0.33425161242485046,102,50
0.003862619400024414,positive,10.0,10.0,0.04617028310894966,0.5208109617233276,0.07308850437402725,-0.017516817897558212,102,51
0.003925323486328125,positive,10.0,10.0,0.056586503982543945,0.7148128151893616,0.0727381706237793,-0.286273717880249,102,52
0.003987789154052734,positive,10.0,10.0,0.07088275998830795,0.5187329053878784,0.06701269745826721,0.02843450754880905,102,53
0.004054069519042969,positive,10.0,10.0,0.0812574177980423,0.32271715998649597,0.06758138537406921,0.3414852023124695,102,54
0.004118680953979492,positive,10.0,10.0,0.08771175891160965,0.5168157815933228,0.07441109418869019,0.07085574418306351,102,55
0.004329204559326172,positive,10.0,10.0,0.13035912811756134,1.0987930297851562,0.06257343292236328,-0.7344743013381958,102,58
0.004393815994262695,positive,10.0,10.0,0.15233498811721802,0.9028649926185608,0.04788394644856453,-0.4227728545665741,102,59
0.00445556640625,positive,10.0,10.0,0.17039228975772858,0.7070985436439514,0.03942849114537239,-0.11538723856210709,102,60
0.00451970100402832,positive,10.0,10.0,0.18453426659107208,0.5114344954490662,0.037120744585990906,0.18946972489356995,102,61
0.00458073616027832,positive,10.0,10.0,0.1947629600763321,0.3158016800880432,0.04091013967990875,0.49362778663635254,102,62
0.004796266555786133,positive,10.0,10.0,0.21128545701503754,0.3145136535167694,0.05506496503949165,0.5223731994628906,102,64
0.005100727081298828,positive,10.0,10.0,0.23400862514972687,0.5068915486335754,0.08166606724262238,0.29046666622161865,102,67
0.005318164825439453,positive,10.0,10.0,0.27605217695236206,1.0882878303527832,0.08318302035331726,-0.5029261112213135,102,70
0.0055272579193115234,positive,10.0,10.0,0.33738189935684204,0.8900702595710754,0.0603402778506279,-0.14024779200553894,102,73
0.005607128143310547,positive,10.0,10.0,0.35518330335617065,0.6941383481025696,0.057535320520401,0.17084451019763947,102,74
0.005761384963989258,positive,10.0,10.0,0.37903091311454773,0.6924530863761902,0.07057438790798187,0.2082420438528061,102,76
0.005829334259033203,positive,10.0,10.0,0.39287999272346497,0.8864986300468445,0.07473922520875931,-0.06137007102370262,102,77
0.005970478057861328,positive,10.0,10.0,0.4322194457054138,0.8843865990638733,0.06692046672105789,-0.014638225547969341,102,79
0.006112337112426758,positive,10.0,10.0,0.4714769423007965,1.2725998163223267,0.06091812625527382,-0.5564262270927429,102,81
0.0063228607177734375,positive,10.0,10.0,0.5360801219940186,1.0753320455551147,0.04614127427339554,-0.21541699767112732,102,84
0.006386995315551758,positive,10.0,10.0,0.5575867295265198,1.269765019416809,0.04183293133974075,-0.4931953251361847,102,85
0.00652003288269043,positive,10.0,10.0,0.6044636368751526,1.2687290906906128,0.028216475620865822,-0.4700565040111542,102,87
0.00658416748046875,positive,10.0,10.0,0.629838228225708,1.073220133781433,0.01881534606218338,-0.16861529648303986,102,88
0.006645679473876953,positive,10.0,10.0,0.6513026356697083,1.2680678367614746,0.015443040058016777,-0.4553036391735077,102,89
0.006780862808227539,positive,10.0,10.0,0.6981185674667358,1.2677615880966187,0.003181102452799678,-0.44847026467323303,102,91
0.0073947906494140625,positive,10.0,10.0,0.9030240774154663,1.0752193927764893,-0.04514187201857567,-0.21288007497787476,102,100
0.0074596405029296875,positive,10.0,10.0,0.9245284795761108,1.2709567546844482,-0.049399472773075104,-0.5194541215896606,102,101
0.007696390151977539,positive,10.0,10.0,0.9969286322593689,1.078329086303711,-0.07571659982204437,-0.28202828764915466,102,104
0.007765054702758789,positive,10.0,10.0,1.0184952020645142,0.8843641877174377,-0.08135716617107391,-0.014154003001749516,102,105
0.00811624526977539,positive,10.0,10.0,1.0837525129318237,0.6945707201957703,-0.05275636166334152,0.16128747165203094,102,110
0.008180618286132812,positive,10.0,10.0,1.0976438522338867,0.8904066681861877,-0.04953061416745186,-0.1475609689950943,102,111
0.008314371109008789,positive,10.0,10.0,1.1293725967407227,0.5016953349113464,-0.049899954348802567,0.4047684967517853,102,113
0.008513689041137695,positive,10.0,10.0,1.1634160280227661,0.6986543536186218,-0.032349247485399246,0.07100401818752289,102,116
0.008575677871704102,positive,10.0,10.0,1.177389144897461,0.5040107369422913,-0.030929166823625565,0.3533076345920563,102,117
0.008710622787475586,positive,10.0,10.0,1.2014604806900024,0.5047867298126221,-0.022842323407530785,0.3360939919948578,102,119
0.0087738037109375,positive,10.0,10.0,1.2115561962127686,0.30999720096588135,-0.016120443120598793,0.621487021446228,102,120
0.008908987045288086,positive,10.0,10.0,1.2278629541397095,0.7005147933959961,0.0027847150340676308,0.029926389455795288,102,122
0.008971452713012695,positive,10.0,10.0,1.2418732643127441,0.5053530335426331,0.0033832429908216,0.3234866261482239,102,123
0.00910329818725586,positive,10.0,10.0,1.265988826751709,0.5051648020744324,0.010490426793694496,0.3276478350162506,102,125
0.009165048599243164,positive,10.0,10.0,1.2760921716690063,0.7001358270645142,0.017043383792042732,0.03829149156808853,102,126
0.009224891662597656,positive,10.0,10.0,1.2900948524475098,0.5047736763954163,0.01780921220779419,0.33630266785621643,102,127
0.009285926818847656,positive,10.0,10.0,1.3001903295516968,0.6996377110481262,0.024535266682505608,0.04928860440850258,102,128
0.009485960006713867,positive,10.0,10.0,1.3382450342178345,0.5033499002456665,0.033814914524555206,0.3678443729877472,102,131
0.00954747200012207,positive,10.0,10.0,1.3483120203018188,0.6979754567146301,0.04117180034518242,0.08601263165473938,102,132
0.009620904922485352,positive,10.0,10.0,1.3622715473175049,0.502288281917572,0.042892053723335266,0.39139577746391296,102,133
0.009694337844848633,positive,10.0,10.0,1.3723173141479492,0.6967760920524597,0.0507199689745903,0.11253875494003296,102,134
0.00976419448852539,positive,10.0,10.0,1.3862528800964355,0.5009654760360718,0.05297074466943741,0.42078229784965515,102,135
0.009829521179199219,positive,10.0,10.0,1.3962721824645996,0.695298433303833,0.06138639152050018,0.14525780081748962,102,136
0.009975910186767578,positive,10.0,10.0,1.4201651811599731,0.6935104131698608,0.07342470437288284,0.18491286039352417,102,138
0.010042428970336914,positive,10.0,10.0,1.4340354204177856,0.49741891026496887,0.07712295651435852,0.4998250901699066,102,139
0.010113239288330078,positive,10.0,10.0,1.443983793258667,0.6913737058639526,0.087119460105896,0.23240935802459717,102,140
0.010818004608154297,negative,10.0,-10.0,1.5692565441131592,0.675046980381012,0.18025125563144684,0.6008274555206299,102,150
0.010883092880249023,negative,10.0,-10.0,1.5827574729919434,0.8672506809234619,0.19226780533790588,0.36990025639533997,102,151
0.010946989059448242,negative,10.0,-10.0,1.600102424621582,1.0591952800750732,0.19966581463813782,0.14346766471862793,102,152
0.01100921630859375,negative,10.0,-10.0,1.621286392211914,0.8618574142456055,0.20253516733646393,0.4919062554836273,102,153
0.0002644062042236328,positive,10.0,10.0,0.008036021143198013,0.008878493681550026,-0.01137898676097393,0.035549066960811615,103,0
0.0005657672882080078,positive,10.0,10.0,0.004492022562772036,0.009193764999508858,-0.004175601527094841,0.02859221212565899,103,2
0.0007586479187011719,positive,10.0,10.0,0.0009585366351529956,0.009305031038820744,0.0027953379321843386,0.026137536391615868,103,4
0.0008413791656494141,positive,10.0,10.0,0.001144637237302959,-0.185856893658638,0.0033180885948240757,0.31970110535621643,103,5
0.00101470947265625,positive,10.0,10.0,-0.002388147870078683,-0.18604223430156708,0.010273439809679985,0.32379773259162903,103,7
0.0010921955108642578,positive,10.0,10.0,-0.006108992267400026,0.008931940421462059,0.016749395057559013,0.03437225893139839,103,8
0.0011720657348632812,positive,10.0,10.0,-0.005930353421717882,-0.18642614781856537,0.017436839640140533,0.332292377948761,103,9
0.001247406005859375,positive,10.0,10.0,-0.009658876806497574,0.00844332855194807,0.024082686752080917,0.04515876993536949,103,10
0.0016002655029296875,positive,10.0,10.0,-0.0246364064514637,0.006636942271143198,0.05207516998052597,0.08510198444128036,103,14
0.0020864009857177734,positive,10.0,10.0,-0.03580191358923912,0.39074018597602844,0.08550981432199478,-0.36641526222229004,103,20
0.002442598342895508,positive,10.0,10.0,-0.004678803961724043,-0.003482538042590022,0.05922617018222809,0.3086821138858795,103,24
0.002612590789794922,positive,10.0,10.0,-0.000933500356040895,-0.0052481601014733315,0.06610480695962906,0.34782904386520386,103,26
0.0027818679809570312,positive,10.0,10.0,0.0027390229515731335,0.3828769624233246,0.07459542900323868,-0.19206473231315613,103,28
0.002858400344848633,positive,10.0,10.0,0.0103965625166893,0.18677155673503876,0.07075413316488266,0.12318606674671173,103,29
0.003549337387084961,positive,10.0,10.0,0.06662663072347641,0.3720577657222748,0.07546878606081009,0.04729466140270233,103,38
0.003621816635131836,positive,10.0,10.0,0.07406778633594513,0.5660209655761719,0.07641467452049255,-0.22065523266792297,103,39
0.0036916732788085938,positive,10.0,10.0,0.08538820594549179,0.7599722146987915,0.07200157642364502,-0.4882890582084656,103,40
0.004069805145263672,positive,10.0,10.0,0.1299908459186554,0.5602915287017822,0.07400140911340714,-0.09385140985250473,103,45
0.004298686981201172,positive,10.0,10.0,0.16744646430015564,0.7523446679115295,0.06392288953065872,-0.31930306553840637,103,48
0.004388093948364258,positive,10.0,10.0,0.18249335885047913,0.5563732981681824,0.05753682926297188,-0.007165893912315369,103,49
0.004548788070678711,positive,10.0,10.0,0.200830340385437,0.554734468460083,0.06345553696155548,0.029056869447231293,103,51
0.005016326904296875,positive,10.0,10.0,0.2788164019584656,0.549045205116272,0.05573265627026558,0.1547241508960724,103,57
0.00524449348449707,positive,10.0,10.0,0.3078090250492096,0.3513878881931305,0.07193384319543839,0.504248857498169,103,60
0.005315065383911133,positive,10.0,10.0,0.3148368000984192,0.5454262495040894,0.08201882243156433,0.23507432639598846,103,61
0.0054759979248046875,positive,10.0,10.0,0.34053105115890503,0.9330645799636841,0.0861072689294815,-0.29476305842399597,103,63
0.005633354187011719,positive,10.0,10.0,0.37392887473106384,0.9307128190994263,0.0806877389550209,-0.24254953861236572,103,65
0.005872011184692383,positive,10.0,10.0,0.4336048662662506,1.1226153373718262,0.06179923936724663,-0.46441322565078735,103,68
0.006026744842529297,positive,10.0,10.0,0.48239341378211975,1.121005654335022,0.037771075963974,-0.4282589852809906,103,70
0.006253719329833984,positive,10.0,10.0,0.5535261631011963,0.9247270822525024,0.006888539530336857,-0.1096850261092186,103,73
0.006428956985473633,positive,10.0,10.0,0.5866108536720276,0.9245615601539612,0.008398103527724743,-0.10603497922420502,103,75
0.006505727767944336,positive,10.0,10.0,0.6051020622253418,1.1195621490478516,0.006277403328567743,-0.39605656266212463,103,76
0.006663799285888672,positive,10.0,10.0,0.6459803581237793,1.1194971799850464,-0.0036717497278004885,-0.3946021795272827,103,78
0.007050752639770508,positive,10.0,10.0,0.750153124332428,0.9254360198974609,-0.03204285353422165,-0.12537960708141327,103,83
0.0075855255126953125,positive,10.0,10.0,0.8994849920272827,1.1259549856185913,-0.08463136851787567,-0.5387609004974365,103,90
0.007969379425048828,positive,10.0,10.0,0.9733426570892334,0.5477304458618164,-0.08609854429960251,0.18422101438045502,103,95
0.008041143417358398,positive,10.0,10.0,0.9842972159385681,0.3539392054080963,-0.08241412788629532,0.44854941964149475,103,96
0.008532047271728516,positive,10.0,10.0,1.0543891191482544,0.7499412298202515,-0.07639321684837341,-0.266280859708786,103,102
0.008688926696777344,positive,10.0,10.0,1.0805076360702515,0.36212730407714844,-0.08169157803058624,0.2671847343444824,103,104
0.008760690689086914,positive,10.0,10.0,1.0877501964569092,0.16826048493385315,-0.07634788751602173,0.5330245494842529,103,105
0.00883340835571289,positive,10.0,10.0,1.0911154747009277,-0.025709351524710655,-0.065687395632267,0.800707221031189,103,106
0.00898432731628418,positive,10.0,10.0,1.0940061807632446,0.36603543162345886,-0.03991114720702171,0.1801900863647461,103,108
0.009125709533691406,positive,10.0,10.0,1.1047570705413818,0.36712247133255005,-0.027106942608952522,0.15611772239208221,103,110
0.009337425231933594,positive,10.0,10.0,1.1229045391082764,0.17295069992542267,-0.012382416985929012,0.4278361201286316,103,113
0.009482860565185547,positive,10.0,10.0,1.1337285041809082,0.17317886650562286,-0.001200182712636888,0.4227491021156311,103,115
0.00954890251159668,positive,10.0,10.0,1.1371920108795166,0.3683178126811981,0.007254799362272024,0.1296880543231964,103,116
0.009687185287475586,positive,10.0,10.0,1.1480202674865723,0.3680737316608429,0.018341578543186188,0.1350889354944229,103,118
0.009752511978149414,positive,10.0,10.0,1.155381679534912,0.17269393801689148,0.021043356508016586,0.4335014522075653,103,119
0.009892463684082031,positive,10.0,10.0,1.1661858558654785,0.17197716236114502,0.03266390040516853,0.4494326114654541,103,121
0.009959220886230469,positive,10.0,10.0,1.1696254014968872,0.3666222393512726,0.04165255278348923,0.16722220182418823,103,122
0.01002359390258789,positive,10.0,10.0,1.1769578456878662,0.17092959582805634,0.04499699920415878,0.47274890542030334,103,123
0.010173797607421875,positive,10.0,10.0,1.187684178352356,0.16953124105930328,0.05834359675645828,0.5039318799972534,103,125
0.01024627685546875,positive,10.0,10.0,1.1910748481750488,0.36378446221351624,0.06842223554849625,0.23019108176231384,103,126
0.010316133499145508,positive,10.0,10.0,1.1983505487442017,0.1677548885345459,0.07302605360746384,0.5436478853225708,103,127
0.010788202285766602,negative,10.0,-10.0,1.222021460533142,0.5492212772369385,0.14055879414081573,0.15206530690193176,103,133
0.010933637619018555,negative,10.0,-10.0,1.2400537729263306,0.5452304482460022,0.15331171452999115,0.24137891829013824,103,135
0.011076688766479492,negative,10.0,-10.0,1.257924199104309,0.5408822894096375,0.16970376670360565,0.33923760056495667,103,137
0.011143684387207031,negative,10.0,-10.0,1.2687418460845947,0.7332344055175781,0.17648851871490479,0.10450796037912369,103,138
0.011283159255981445,negative,10.0,-10.0,1.294128179550171,0.7282860279083252,0.1875239610671997,0.21576382219791412,103,140
0.011543512344360352,negative,10.0,-10.0,1.3415602445602417,0.9149724841117859,0.19827419519424438,0.10747211426496506,103,143
0.011612892150878906,negative,10.0,-10.0,1.3598597049713135,1.1067824363708496,0.20042364299297333,-0.11669456958770752,103,144
0.011680126190185547,negative,10.0,-10.0,1.381995439529419,1.2985528707504272,0.19808974862098694,-0.3400611877441406,103,145
0.011745691299438477,negative,10.0,-10.0,1.4079664945602417,1.1012451648712158,0.1912885308265686,0.007971003651618958,103,146
0.01181173324584961,negative,10.0,-10.0,1.429991364479065,0.9039680361747742,0.19144794344902039,0.3543856143951416,103,147
0.011876344680786133,negative,10.0,-10.0,1.448070764541626,1.0959256887435913,0.19853565096855164,0.12765227258205414,103,148
0.000263214111328125,positive,10.0,10.0,0.03766847029328346,0.018258487805724144,0.021933194249868393,0.04692605510354042,104,0
0.0005223751068115234,positive,10.0,10.0,0.03449022024869919,0.01761828362941742,0.029800666496157646,0.06106381118297577,104,2
0.000705718994140625,positive,10.0,10.0,0.03128422796726227,0.016749631613492966,0.03828190639615059,0.0802561417222023,104,4
0.0007872581481933594,positive,10.0,10.0,0.03161922097206116,-0.1788995862007141,0.03988702595233917,0.384767085313797,104,5
0.0009720325469970703,positive,10.0,10.0,0.02835390903055668,0.21004296839237213,0.04968081787228584,-0.17237697541713715,104,7
0.0010521411895751953,positive,10.0,10.0,0.03255476802587509,0.4044199585914612,0.04623327776789665,-0.4489825665950775,104,8
0.0011508464813232422,positive,10.0,10.0,0.04064316675066948,0.5988584756851196,0.03725362569093704,-0.7267409563064575,104,9
0.001241922378540039,positive,10.0,10.0,0.052620336413383484,0.4032418131828308,0.02271880768239498,-0.42256951332092285,104,10
0.0013210773468017578,positive,10.0,10.0,0.0606851726770401,0.20780548453330994,0.014267416670918465,-0.1228119283914566,104,11
0.0013976097106933594,positive,10.0,10.0,0.06484128534793854,0.012482071295380592,0.011811178177595139,0.17433786392211914,104,12
0.0015642642974853516,positive,10.0,10.0,0.0614347867667675,0.012095650658011436,0.024712402373552322,0.18290109932422638,104,14
0.0020706653594970703,positive,10.0,10.0,0.051041413098573685,0.008655230514705181,0.06728269904851913,0.2592889666557312,104,20
0.002241373062133789,positive,10.0,10.0,0.04746732860803604,-0.3834187686443329,0.08391671627759933,0.8870161175727844,104,22
0.0029754638671875,positive,10.0,10.0,0.09435062855482101,0.57771897315979,0.09336791932582855,-0.26100167632102966,104,31
0.003252744674682617,positive,10.0,10.0,0.13283582031726837,0.7690777778625488,0.07361654192209244,-0.47092944383621216,104,34
0.0033326148986816406,positive,10.0,10.0,0.14821738004684448,0.5729973912239075,0.06419795751571655,-0.15598176419734955,104,35
0.003409147262573242,positive,10.0,10.0,0.15967732667922974,0.3770177960395813,0.06107832118868828,0.1562432497739792,104,36
0.0034902095794677734,positive,10.0,10.0,0.1672176867723465,0.18107694387435913,0.0642031878232956,0.4675523340702057,104,37
0.003737926483154297,positive,10.0,10.0,0.18972858786582947,0.7631635665893555,0.0760132372379303,-0.34009674191474915,104,40
0.0039010047912597656,positive,10.0,10.0,0.21633280813694,0.37100428342819214,0.06872240453958511,0.2892470061779022,104,42
0.003977298736572266,positive,10.0,10.0,0.22375288605690002,0.5650824308395386,0.07450734823942184,0.01900547742843628,104,43
0.00438237190246582,positive,10.0,10.0,0.29565832018852234,0.3652130663394928,0.05762840062379837,0.41695860028266907,104,48
0.0044596195220947266,positive,10.0,10.0,0.3029625713825226,0.5594729781150818,0.06596757471561432,0.14298582077026367,104,49
0.004616975784301758,positive,10.0,10.0,0.32142147421836853,0.5575560927391052,0.07794187217950821,0.18551063537597656,104,51
0.004689931869506836,positive,10.0,10.0,0.3325725793838501,0.7514813542366028,0.08165208250284195,-0.08160242438316345,104,52
0.0047647953033447266,positive,10.0,10.0,0.3476022183895111,0.9453436732292175,0.08002003282308578,-0.3474480211734772,104,53
0.004840373992919922,positive,10.0,10.0,0.3665090799331665,0.7491801381111145,0.07307107746601105,-0.030643466860055923,104,54
0.004998207092285156,positive,10.0,10.0,0.40035632252693176,0.7471063137054443,0.06647007912397385,0.015219914726912975,104,56
0.005318403244018555,positive,10.0,10.0,0.434122771024704,1.1353232860565186,0.06165902689099312,-0.5266687870025635,104,58
0.005399227142333984,positive,10.0,10.0,0.4568292200565338,1.3295259475708008,0.051125649362802505,-0.7993029356002808,104,59
0.00555872917175293,positive,10.0,10.0,0.5060945749282837,0.9381417632102966,0.025319885462522507,-0.18743817508220673,104,61
0.005809307098388672,positive,10.0,10.0,0.5662646889686584,1.1324188709259033,0.008678088895976543,-0.4614558815956116,104,64
0.006037712097167969,positive,10.0,10.0,0.6303027272224426,0.9372381567955017,-0.01305017527192831,-0.1674470752477646,104,67
0.0063436031341552734,positive,10.0,10.0,0.7131142616271973,0.9384404420852661,-0.03876690939068794,-0.19408972561359406,104,71
0.006645917892456055,positive,10.0,10.0,0.796065628528595,1.331308364868164,-0.06759185343980789,-0.8387006521224976,104,75
0.006954193115234375,negative,10.0,-10.0,0.9026955962181091,1.7260408401489258,-0.13759134709835052,-1.5331895351409912,104,79
0.00702977180480957,negative,10.0,-10.0,0.9372164011001587,1.5328187942504883,-0.16825513541698456,-1.2864199876785278,104,80
0.00028777122497558594,positive,10.0,10.0,0.021505797281861305,0.002685709623619914,0.04137248173356056,-0.04150816798210144,105,0
0.0004246234893798828,positive,10.0,10.0,0.02155951038002968,-0.19300433993339539,0.04054231941699982,0.26393577456474304,105,1
0.0005440711975097656,positive,10.0,10.0,0.01769942417740822,-0.3886808156967163,0.04582103714346886,0.5691254734992981,105,2
0.0007848739624023438,positive,10.0,10.0,-0.0017624819884076715,-0.39011478424072266,0.07472123205661774,0.6017203330993652,105,4
0.0008823871612548828,positive,10.0,10.0,-0.009564777836203575,-0.1961131989955902,0.08675564080476761,0.33347755670547485,105,5
0.0009729862213134766,positive,10.0,10.0,-0.013487041927874088,-0.002326275920495391,0.0934251919388771,0.06936454772949219,105,6
0.0013394355773925781,positive,10.0,10.0,0.009567263536155224,0.38255923986434937,0.06755904853343964,-0.3991619646549225,105,10
0.0015230178833007812,positive,10.0,10.0,0.020949391648173332,-0.00937589630484581,0.05785645917057991,0.22490079700946808,105,12
0.0016040802001953125,positive,10.0,10.0,0.020761873573064804,0.18487349152565002,0.062354475259780884,-0.04898543283343315,105,13
0.0016853809356689453,positive,10.0,10.0,0.024459343403577805,-0.011084578931331635,0.061374764889478683,0.26270076632499695,105,14
0.0017652511596679688,positive,10.0,10.0,0.024237651377916336,-0.20702645182609558,0.06662878394126892,0.5740930438041687,105,15
0.0018470287322998047,positive,10.0,10.0,0.020097123458981514,-0.012898792512714863,0.07811064273118973,0.30312204360961914,105,16
0.0019237995147705078,positive,10.0,10.0,0.019839147105813026,0.1810280829668045,0.08417308330535889,0.03605986014008522,105,17
0.002582550048828125,positive,10.0,10.0,0.05640774965286255,0.36841943860054016,0.08226388692855835,-0.0865359902381897,105,24
0.002758502960205078,positive,10.0,10.0,0.07502157241106033,0.3661024570465088,0.073489710688591,-0.035221368074417114,105,26
0.0028455257415771484,positive,10.0,10.0,0.08234362304210663,0.5600978136062622,0.07278528064489365,-0.3038424253463745,105,27
0.0030083656311035156,positive,10.0,10.0,0.10082594305276871,0.5581231117248535,0.0669260025024414,-0.26003381609916687,105,29
0.0030863285064697266,positive,10.0,10.0,0.11198840290307999,0.36211276054382324,0.061725325882434845,0.0529850609600544,105,30
0.0031616687774658203,positive,10.0,10.0,0.11923065781593323,0.16616255044937134,0.06278502196073532,0.36448633670806885,105,31
0.003235340118408203,positive,10.0,10.0,0.12255390733480453,0.36033862829208374,0.07007475197315216,0.0922427773475647,105,32
0.0033066272735595703,positive,10.0,10.0,0.12976068258285522,0.16428589820861816,0.07191960513591766,0.4061852693557739,105,33
0.0033800601959228516,positive,10.0,10.0,0.13304640352725983,0.3583182394504547,0.08004331588745117,0.13701529800891876,105,34
0.0034530162811279297,positive,10.0,10.0,0.1402127593755722,0.552207887172699,0.08278361707925797,-0.12938041985034943,105,35
0.003786325454711914,positive,10.0,10.0,0.19205385446548462,0.5478515028953552,0.06379910558462143,-0.03289047256112099,105,39
0.0038619041442871094,positive,10.0,10.0,0.20301088690757751,0.7420032620429993,0.06314129382371902,-0.304781436920166,105,40
0.003936052322387695,positive,10.0,10.0,0.2178509533405304,0.546040952205658,0.05704566463828087,0.007127433083951473,105,41
0.004029750823974609,positive,10.0,10.0,0.22877176105976105,0.3501492738723755,0.057188212871551514,0.3172493278980255,105,42
0.004207611083984375,positive,10.0,10.0,0.24666298925876617,0.3484392762184143,0.06439591944217682,0.3551679849624634,105,44
0.00454401969909668,positive,10.0,10.0,0.2978283166885376,0.734588623046875,0.060360733419656754,-0.14082203805446625,105,48
0.004801511764526367,positive,10.0,10.0,0.3301484286785126,0.5369710922241211,0.07056067883968353,0.20767571032047272,105,51
0.004877328872680664,positive,10.0,10.0,0.3408878445625305,0.34091484546661377,0.07471419125795364,0.5217559337615967,105,52
0.004953622817993164,positive,10.0,10.0,0.347706139087677,0.5349100232124329,0.08514931052923203,0.25352057814598083,105,53
0.005445957183837891,negative,10.0,-10.0,0.3997941315174103,0.1362336277961731,0.14202679693698883,1.0330867767333984,105,59
0.0055348873138427734,negative,10.0,-10.0,0.4025188088417053,-0.06046215072274208,0.16268853843212128,1.3667752742767334,105,60
0.005608797073364258,negative,10.0,-10.0,0.4013095796108246,-0.25720348954200745,0.19002403318881989,1.7056101560592651,105,61
0.0004248619079589844,positive,10.0,10.0,0.023953985422849655,-0.015984896570444107,0.01789453998208046,0.0414973720908165,106,4
0.00047707557678222656,positive,10.0,10.0,0.02363428846001625,0.17887593805789948,0.018724488094449043,-0.24548637866973877,106,5
0.0006089210510253906,positive,10.0,10.0,0.026881638914346695,-0.2118256539106369,0.014875628054141998,0.35005277395248413,106,7
0.0006685256958007812,positive,10.0,10.0,0.022645127028226852,-0.01691838912665844,0.021876683458685875,0.062097497284412384,106,8
0.0007264614105224609,positive,10.0,10.0,0.022306758910417557,-0.21234706044197083,0.023118633776903152,0.3616015911102295,106,9
0.0008521080017089844,positive,10.0,10.0,0.017708592116832733,0.17711278796195984,0.03187660872936249,-0.20665761828422546,106,11
0.0011088848114013672,positive,10.0,10.0,0.01621728204190731,-0.21490973234176636,0.03988642618060112,0.41833367943763733,106,15
0.001302480697631836,positive,10.0,10.0,0.007188512943685055,-0.0217893086373806,0.05994272977113724,0.1698213517665863,106,18
0.0013659000396728516,positive,10.0,10.0,0.006752727087587118,-0.21771574020385742,0.06333915889263153,0.4807957708835602,106,19
0.0014264583587646484,positive,10.0,10.0,0.0023984122090041637,-0.41367191076278687,0.07295507192611694,0.7927498817443848,106,20
0.0014853477478027344,positive,10.0,10.0,-0.005875025875866413,-0.21962328255176544,0.08881007134914398,0.5238809585571289,106,21
0.0019989013671875,positive,10.0,10.0,0.029094897210597992,0.35584089159965515,0.07607109844684601,-0.13805601000785828,106,28
0.0020668506622314453,positive,10.0,10.0,0.03621171414852142,0.5497955083847046,0.07330997288227081,-0.40580323338508606,106,29
0.0021317005157470703,positive,10.0,10.0,0.047207627445459366,0.3537147045135498,0.06519391387701035,-0.09093817323446274,106,30
0.0022695064544677734,positive,10.0,10.0,0.05743635818362236,-0.038246043026447296,0.06780675053596497,0.5335615277290344,106,32
0.0023338794708251953,positive,10.0,10.0,0.05667143687605858,0.1558600515127182,0.07847797870635986,0.26299139857292175,106,33
0.002478361129760742,positive,10.0,10.0,0.06678421795368195,0.5436066389083862,0.08365894109010696,-0.2690754532814026,106,35
0.002629518508911133,positive,10.0,10.0,0.09240517765283585,0.9313801527023315,0.0675925612449646,-0.8012709617614746,106,37
0.0029981136322021484,positive,10.0,10.0,0.1697896122932434,0.34323278069496155,0.014198306016623974,0.1404586136341095,106,42
0.003068685531616211,positive,10.0,10.0,0.17665426433086395,0.14791038632392883,0.017007479444146156,0.43758681416511536,106,43
0.0031387805938720703,positive,10.0,10.0,0.17961247265338898,0.3427875339984894,0.025759214535355568,0.1503133475780487,106,44
0.0032896995544433594,positive,10.0,10.0,0.1894143521785736,0.34200993180274963,0.03778568655252457,0.1675315499305725,106,46
0.003360271453857422,positive,10.0,10.0,0.19625455141067505,0.14636805653572083,0.04113631695508957,0.47189122438430786,106,47
0.0036029815673828125,positive,10.0,10.0,0.20599961280822754,0.14507800340652466,0.05442319065332413,0.5006507635116577,106,49
0.003790140151977539,positive,10.0,10.0,0.20788583159446716,0.14341548085212708,0.08063572645187378,0.5382376909255981,106,51
0.0038771629333496094,positive,10.0,10.0,0.2107541412115097,0.33731672167778015,0.09140048176050186,0.2720121443271637,106,52
0.004852294921875,positive,10.0,10.0,0.349742591381073,0.9073938131332397,0.08591628819704056,-0.27096810936927795,106,63
0.004942655563354492,positive,10.0,10.0,0.36789044737815857,1.1011914014816284,0.08049692958593369,-0.5353639125823975,106,64
0.0051250457763671875,positive,10.0,10.0,0.41581618785858154,1.099088430404663,0.053756922483444214,-0.48784139752388,106,66
0.005211591720581055,positive,10.0,10.0,0.4377979636192322,0.9032508730888367,0.04400009289383888,-0.17871245741844177,106,67
0.0053942203521728516,positive,10.0,10.0,0.4778172969818115,0.9020470380783081,0.031281910836696625,-0.15205030143260956,106,69
0.0055713653564453125,positive,10.0,10.0,0.5177924036979675,0.9011972546577454,0.019546853378415108,-0.13325265049934387,106,71
0.005766391754150391,positive,10.0,10.0,0.5577369928359985,0.9006767868995667,0.008487693965435028,-0.12174846976995468,106,73
0.0059664249420166016,positive,10.0,10.0,0.5976640582084656,0.9004688858985901,-0.0021821067202836275,-0.11715660244226456,106,75
0.00656580924987793,positive,10.0,10.0,0.7174620032310486,0.9016677141189575,-0.03456273302435875,-0.1436811089515686,106,81
0.006657838821411133,positive,10.0,10.0,0.7354953289031982,1.0972671508789062,-0.0374363549053669,-0.44706448912620544,106,82
0.007046937942504883,positive,10.0,10.0,0.8155447840690613,1.0999785661697388,-0.06310803443193436,-0.5074942111968994,106,86
0.0071353912353515625,positive,10.0,10.0,0.8375443816184998,0.905799925327301,-0.0732579231262207,-0.23534753918647766,106,87
0.007337808609008789,positive,10.0,10.0,0.8698962926864624,0.5178745985031128,-0.07729771733283997,0.3004593253135681,106,89
0.007536411285400391,positive,10.0,10.0,0.8945339322090149,0.910076379776001,-0.07159984111785889,-0.3298618793487549,106,91
0.00771784782409668,positive,10.0,10.0,0.9270563721656799,0.5221241116523743,-0.07940886914730072,0.20643307268619537,106,93
0.007839441299438477,positive,10.0,10.0,0.9374988079071045,0.3282221853733063,-0.07528021186590195,0.47304773330688477,106,94
0.008042573928833008,positive,10.0,10.0,0.9545497298240662,0.7203216552734375,-0.0626668706536293,-0.1550801545381546,106,96
0.008236885070800781,positive,10.0,10.0,0.9872817993164062,0.7221481800079346,-0.07510559260845184,-0.19560657441616058,106,98
0.008326053619384766,positive,10.0,10.0,1.0017247200012207,0.5281764268875122,-0.07901772856712341,0.07247054576873779,106,99
0.008523225784301758,positive,10.0,10.0,1.018973708152771,0.5304060578346252,-0.07078403234481812,0.023113921284675598,106,101
0.008710622787475586,positive,10.0,10.0,1.0441111326217651,0.532415509223938,-0.07614246755838394,-0.021333914250135422,106,103
0.008887529373168945,positive,10.0,10.0,1.0615288019180298,0.1445138305425644,-0.07164140790700912,0.5139697194099426,106,105
0.008967399597167969,positive,10.0,10.0,1.0644190311431885,-0.049529895186424255,-0.06136200949549675,0.7832440733909607,106,106
0.009050130844116211,positive,10.0,10.0,1.0634284019470215,0.1463792622089386,-0.045697130262851715,0.47190430760383606,106,107
0.009316682815551758,positive,10.0,10.0,1.0839531421661377,0.34310275316238403,-0.035729967057704926,0.1433846354484558,106,110
0.009397268295288086,positive,10.0,10.0,1.0908151865005493,0.14851024746894836,-0.03286227583885193,0.4245847165584564,106,111
0.009574413299560547,positive,10.0,10.0,1.1006669998168945,0.14931745827198029,-0.021936064586043358,0.4066215455532074,106,113
0.009654045104980469,positive,10.0,10.0,1.1036533117294312,0.3447434902191162,-0.01380363292992115,0.1071043387055397,106,114
0.009965658187866211,positive,10.0,10.0,1.120446801185608,0.15003953874111176,-0.001772259478457272,0.39056017994880676,106,117
0.010243415832519531,positive,10.0,10.0,1.1333508491516113,0.34498634934425354,0.015823345631361008,0.10174646973609924,106,120
0.010328054428100586,positive,10.0,10.0,1.1402506828308105,0.1496412307024002,0.017858274281024933,0.39937931299209595,106,121
0.010508537292480469,positive,10.0,10.0,1.1501336097717285,0.14902277290821075,0.028093455359339714,0.41310355067253113,106,123
0.010683059692382812,positive,10.0,10.0,1.1599887609481812,0.14811208844184875,0.038943689316511154,0.4333355128765106,106,125
0.010764122009277344,positive,10.0,10.0,1.1629509925842285,0.34266164898872375,0.04761040210723877,0.15317897498607635,106,126
0.011123418807983398,positive,10.0,10.0,1.1824740171432495,0.339507132768631,0.07347114384174347,0.22316940128803253,106,130
0.011206388473510742,positive,10.0,10.0,1.189264178276062,0.5335062742233276,0.07793453335762024,-0.045463163405656815,106,131
0.011287689208984375,positive,10.0,10.0,1.1999342441558838,0.337358295917511,0.07702527195215225,0.2707552909851074,106,132
0.011367559432983398,positive,10.0,10.0,1.2066813707351685,0.14122653007507324,0.08244037628173828,0.5867037177085876,106,133
0.011445283889770508,positive,10.0,10.0,1.2095059156417847,0.33510297536849976,0.09417445212602615,0.32108673453330994,106,134
0.012418031692504883,negative,10.0,-10.0,1.3024548292160034,0.7083058953285217,0.1481400579214096,0.11144990473985672,106,144
0.012504816055297852,negative,10.0,-10.0,1.316620945930481,0.5114060044288635,0.1503690481185913,0.4469589293003082,106,145
0.012770414352416992,negative,10.0,-10.0,1.3588643074035645,1.0890916585922241,0.16274619102478027,-0.27029457688331604,106,148
0.012851715087890625,negative,10.0,-10.0,1.3806461095809937,1.281562328338623,0.15734030306339264,-0.5075492858886719,106,149
0.013024091720581055,negative,10.0,-10.0,1.4279696941375732,0.8877256512641907,0.14379513263702393,0.165548175573349,106,151
0.013106822967529297,negative,10.0,-10.0,1.4457241296768188,0.6908694505691528,0.1471060961484909,0.4999152421951294,106,152
0.01318812370300293,negative,10.0,-10.0,1.4595415592193604,0.4940132796764374,0.15710440278053284,0.8351036310195923,106,153
0.01326894760131836,negative,10.0,-10.0,1.4694218635559082,0.6866803765296936,0.17380647361278534,0.5956611037254333,106,154
0.01353001594543457,negative,10.0,-10.0,1.5221567153930664,1.2629719972610474,0.1956375241279602,-0.09262153506278992,106,157
0.013611555099487305,negative,10.0,-10.0,1.547416090965271,1.4548304080963135,0.19378510117530823,-0.31776806712150574,106,158
0.013690710067749023,negative,10.0,-10.0,1.5765126943588257,1.646740436553955,0.187429741024971,-0.5436280965805054,106,159
0.013898372650146484,negative,10.0,-10.0,1.646223545074463,2.0311129093170166,0.16111929714679718,-1.004235863685608,106,161
0.014375686645507812,negative,10.0,-10.0,1.817775845527649,1.4373618364334106,0.11595971137285233,0.07414644956588745,106,166
0.014463663101196289,negative,10.0,-10.0,1.8465230464935303,1.6306469440460205,0.11744263768196106,-0.1798182874917984,106,167
0.014642000198364258,negative,10.0,-10.0,1.915614128112793,1.6273753643035889,0.10518094152212143,-0.1069750264286995,106,169
0.014724493026733398,negative,10.0,-10.0,1.9481617212295532,1.4309155941009521,0.10304144024848938,0.2169521301984787,106,170
0.01499319076538086,negative,10.0,-10.0,2.0300285816192627,1.6212002038955688,0.12385139614343643,0.03007175587117672,106,173
0.015231132507324219,negative,10.0,-10.0,2.0987396240234375,2.0074920654296875,0.12003058195114136,-0.4720921516418457,106,175
0.015328168869018555,negative,10.0,-10.0,2.1388893127441406,1.8108975887298584,0.11058874428272247,-0.14411769807338715,106,176
0.015413761138916016,negative,10.0,-10.0,2.17510724067688,2.0042762756347656,0.10770639032125473,-0.3999670147895813,106,177
0.015496253967285156,negative,10.0,-10.0,2.2151927947998047,2.197718620300293,0.09970704466104507,-0.6568447351455688,106,178
0.0005216598510742188,positive,10.0,10.0,-0.05530356988310814,-0.045311231166124344,-0.019651222974061966,0.00544002978131175,107,4
0.0005824565887451172,positive,10.0,10.0,-0.05620979517698288,-0.24014592170715332,-0.019542422145605087,0.2918585538864136,107,5
0.0007050037384033203,positive,10.0,10.0,-0.061907730996608734,-0.23967359960079193,-0.013843715190887451,0.2814042568206787,107,7
0.0007622241973876953,positive,10.0,10.0,-0.06670120358467102,-0.43459537625312805,-0.008215630427002907,0.5696889758110046,107,8
0.0008790493011474609,positive,10.0,10.0,-0.08798513561487198,-0.4345226287841797,0.020373597741127014,0.5680904388427734,107,10
0.0009517669677734375,positive,10.0,10.0,-0.0966755822300911,-0.6299243569374084,0.03173540532588959,0.8671216368675232,107,11
0.0010080337524414062,positive,10.0,10.0,-0.10927407443523407,-0.4352482855319977,0.0490778386592865,0.5845832228660583,107,12
0.0010616779327392578,positive,10.0,10.0,-0.117979034781456,-0.6310220956802368,0.06076950207352638,0.8923134803771973,107,13
0.0011153221130371094,positive,10.0,10.0,-0.1305994838476181,-0.4367747902870178,0.07861576974391937,0.6193355917930603,107,14
0.0014164447784423828,positive,10.0,10.0,-0.13552378118038177,0.5316690802574158,0.08783584833145142,-0.6908367872238159,107,19
0.0015377998352050781,positive,10.0,10.0,-0.1181814894080162,0.5294418334960938,0.06658221036195755,-0.6403015851974487,107,21
0.0016579627990722656,positive,10.0,10.0,-0.10092349350452423,0.13761325180530548,0.047227852046489716,-0.018271423876285553,107,23
0.001714944839477539,positive,10.0,10.0,-0.09817123413085938,-0.058153074234724045,0.04686242341995239,0.2889304459095001,107,24
0.0017714500427246094,positive,10.0,10.0,-0.09933429211378098,0.13627037405967712,0.05264103040099144,0.011387951672077179,107,25
0.0026574134826660156,negative,10.0,-10.0,-0.09671976417303085,0.3147340714931488,0.13797703385353088,0.08692294359207153,107,38
0.002794504165649414,negative,10.0,-10.0,-0.0802723616361618,0.7005102038383484,0.13653060793876648,-0.4047926664352417,107,40
0.0032732486724853516,positive,10.0,10.0,0.020954981446266174,0.8839699625968933,0.0906897485256195,-0.4382128417491913,107,47
0.003409862518310547,positive,10.0,10.0,0.05238816514611244,0.8815476894378662,0.07955797761678696,-0.384128600358963,107,49
0.0036215782165527344,positive,10.0,10.0,0.1013152226805687,0.6833624243736267,0.06379365175962448,-0.022564973682165146,107,52
0.0036885738372802734,positive,10.0,10.0,0.114982470870018,0.4873863756656647,0.06334235519170761,0.2895437777042389,107,53
0.0037534236907958984,positive,10.0,10.0,0.1247301995754242,0.2914210557937622,0.0691332295536995,0.6015124320983887,107,54
0.003894329071044922,positive,10.0,10.0,0.14026884734630585,0.6793898344039917,0.08779110759496689,0.06535697728395462,107,56
0.004032611846923828,positive,10.0,10.0,0.1713196486234665,1.0668926239013672,0.08513049781322479,-0.46168750524520874,107,58
0.004097461700439453,positive,10.0,10.0,0.1926575005054474,0.8706771731376648,0.0758967474102974,-0.14343200623989105,107,59
0.0042476654052734375,positive,10.0,10.0,0.23136374354362488,0.8685575723648071,0.06480333209037781,-0.0964556336402893,107,61
0.004430532455444336,positive,10.0,10.0,0.26218628883361816,0.8667389750480652,0.06719318777322769,-0.05625758692622185,107,63
0.005620718002319336,positive,10.0,10.0,0.5675193071365356,1.2344783544540405,0.0738479346036911,-0.1455608755350113,107,79
0.005727291107177734,positive,10.0,10.0,0.5922088623046875,1.4284693002700806,0.07093671709299088,-0.4140626788139343,107,80
0.005808830261230469,positive,10.0,10.0,0.6207782626152039,1.232417345046997,0.06265545636415482,-0.09988641738891602,107,81
0.005965709686279297,positive,10.0,10.0,0.6739583611488342,1.2306591272354126,0.05321448668837547,-0.06098698079586029,107,83
0.006037473678588867,positive,10.0,10.0,0.6985715627670288,1.424979329109192,0.051994748413562775,-0.33641698956489563,107,84
0.0061113834381103516,positive,10.0,10.0,0.7270711660385132,1.2291574478149414,0.04526640847325325,-0.02780159004032612,107,85
0.006179332733154297,positive,10.0,10.0,0.7516542673110962,1.033416509628296,0.04471037536859512,0.2788127660751343,107,86
0.006244659423828125,positive,10.0,10.0,0.7723225951194763,1.2278730869293213,0.050286632031202316,0.0005598909920081496,107,87
0.006497383117675781,positive,10.0,10.0,0.8498536348342896,1.420889139175415,0.0454263873398304,-0.24595406651496887,107,90
0.00680232048034668,positive,10.0,10.0,0.9556471705436707,1.4185419082641602,0.03907518833875656,-0.19405323266983032,107,94
0.007026195526123047,positive,10.0,10.0,1.008475661277771,1.4174838066101074,0.03740803897380829,-0.17067928612232208,107,96
0.007098197937011719,positive,10.0,10.0,1.03682541847229,1.2218469381332397,0.03399445489048958,0.13356609642505646,107,97
0.007166147232055664,positive,10.0,10.0,1.0612623691558838,1.0262548923492432,0.03666577488183975,0.4367769956588745,107,98
0.007309913635253906,positive,10.0,10.0,1.1062041521072388,1.0250976085662842,0.048518795520067215,0.462527334690094,107,100
0.0073757171630859375,positive,10.0,10.0,1.1267061233520508,1.2195014953613281,0.05776934325695038,0.1855236142873764,107,101
0.007517099380493164,positive,10.0,10.0,1.1715682744979858,1.2178062200546265,0.07139694690704346,0.22316519916057587,107,103
0.0076601505279541016,positive,10.0,10.0,1.2163591384887695,1.2157182693481445,0.08661000430583954,0.2696390450000763,107,105
0.007795572280883789,positive,10.0,10.0,1.268863558769226,1.2131916284561157,0.09211240708827972,0.32571539282798767,107,107
0.008148908615112305,positive,10.0,10.0,1.4211090803146362,1.7914701700210571,0.08414506167173386,-0.3988899290561676,107,112
0.008285045623779297,positive,10.0,10.0,1.4888436794281006,1.78921377658844,0.07454908639192581,-0.34862208366394043,107,114
0.008361101150512695,positive,10.0,10.0,1.5246280431747437,1.9832006692886353,0.06757664680480957,-0.6168970465660095,107,115
0.008439302444458008,positive,10.0,10.0,1.564292073249817,1.7872029542922974,0.05523870512843132,-0.3037191331386566,107,116
0.008505582809448242,positive,10.0,10.0,1.6000360250473022,1.5913389921188354,0.04916432499885559,0.005860520992428064,107,117
0.008650541305541992,positive,10.0,10.0,1.659773826599121,1.199759602546692,0.055554356426000595,0.6214495897293091,107,119
0.009079694747924805,negative,10.0,-10.0,1.8151572942733765,1.1929705142974854,0.1191793903708458,0.7752985954284668,107,125
0.009149312973022461,negative,10.0,-10.0,1.8390166759490967,1.3862690925598145,0.13468535244464874,0.5223631858825684,107,126
0.009221076965332031,negative,10.0,-10.0,1.8667420148849487,1.5792639255523682,0.1451326161623001,0.2749706506729126,107,127
0.009363174438476562,negative,10.0,-10.0,1.9259753227233887,1.185530662536621,0.16282561421394348,0.9457599520683289,107,129
0.009428739547729492,negative,10.0,-10.0,1.9496859312057495,1.3781296014785767,0.18174082040786743,0.7083421945571899,107,130
0.00956273078918457,negative,10.0,-10.0,2.008655071258545,1.3730612993240356,0.20546618103981018,0.8253998756408691,107,132
0.0004558563232421875,positive,10.0,10.0,-0.016194013878703117,-0.15900425612926483,0.036538589745759964,0.29266834259033203,108,1
0.0006825923919677734,positive,10.0,10.0,-0.018662534654140472,-0.1601252555847168,0.04262654483318329,0.3174804151058197,108,3
0.00087738037109375,positive,10.0,10.0,-0.0211777500808239,-0.16142436861991882,0.04974693804979324,0.3462635576725006,108,5
0.0010523796081542969,positive,10.0,10.0,-0.023747118189930916,-0.16293075680732727,0.05806567892432213,0.3796843886375427,108,7
0.0011317729949951172,positive,10.0,10.0,-0.02700573392212391,0.031320616602897644,0.06565936654806137,0.10586012899875641,108,8
0.001300811767578125,positive,10.0,10.0,-0.029672877863049507,0.02942151576280594,0.07614685595035553,0.14794477820396423,108,10
0.0016431808471679688,positive,10.0,10.0,-0.011848199181258678,0.025117870420217514,0.06756751984357834,0.24298164248466492,108,14
0.0027120113372802734,positive,10.0,10.0,0.035202328115701675,0.5955944061279297,0.08745983242988586,-0.30846843123435974,108,25
0.0029609203338623047,positive,10.0,10.0,0.0669652596116066,0.787079393863678,0.07638970017433167,-0.5214076042175293,108,28
0.0031211376190185547,positive,10.0,10.0,0.0945262461900711,0.7850896716117859,0.06184825673699379,-0.4768323600292206,108,30
0.0031943321228027344,positive,10.0,10.0,0.1102280393242836,0.5891515016555786,0.05231161043047905,-0.1653151959180832,108,31
0.0035059452056884766,positive,10.0,10.0,0.14946933090686798,0.196092888712883,0.052707940340042114,0.48294904828071594,108,35
0.0036590099334716797,positive,10.0,10.0,0.16119983792304993,0.19447709619998932,0.06651357561349869,0.5190190672874451,108,37
0.0037326812744140625,positive,10.0,10.0,0.16508938372135162,0.38860267400741577,0.07689396291971207,0.2480151504278183,108,38
0.003803253173828125,positive,10.0,10.0,0.17286144196987152,0.19247157871723175,0.08185426145792007,0.5639269948005676,108,39
0.0038733482360839844,positive,10.0,10.0,0.17671087384223938,0.3863554000854492,0.09313280135393143,0.2981133460998535,108,40
0.004181385040283203,positive,10.0,10.0,0.23085421323776245,0.7708413600921631,0.08568082749843597,-0.1621093600988388,108,44
0.0042531490325927734,positive,10.0,10.0,0.2462710440158844,0.964638888835907,0.0824386402964592,-0.42657989263534546,108,45
0.004322052001953125,positive,10.0,10.0,0.26556381583213806,0.7684519290924072,0.0739070400595665,-0.10908939689397812,108,46
0.00442194938659668,positive,10.0,10.0,0.28093284368515015,0.9624412655830383,0.0717252567410469,-0.37757015228271484,108,47
0.004497528076171875,positive,10.0,10.0,0.30018168687820435,0.766377866268158,0.06417384743690491,-0.06316202878952026,108,48
0.004754543304443359,positive,10.0,10.0,0.33440589904785156,0.5685427188873291,0.0791098028421402,0.290357381105423,108,51
0.005311727523803711,negative,10.0,-10.0,0.40958327054977417,0.3639857769012451,0.13716597855091095,0.7970272302627563,108,58
0.0054683685302734375,negative,10.0,-10.0,0.4280027151107788,0.3600824773311615,0.16411545872688293,0.8871843814849854,108,60
0.0002338886260986328,positive,10.0,10.0,0.01880263350903988,0.015009157359600067,0.011293981224298477,0.02023118920624256,109,0
0.00034689903259277344,positive,10.0,10.0,0.01910281740128994,-0.1802729219198227,0.011698605492711067,0.31645599007606506,109,1
0.0006020069122314453,positive,10.0,10.0,-0.003432406345382333,-0.3762293756008148,0.04850605130195618,0.6280981302261353,109,4
0.0006701946258544922,positive,10.0,10.0,-0.010956993326544762,-0.18181675672531128,0.06106801703572273,0.35107743740081787,109,5
0.0008776187896728516,positive,10.0,10.0,-0.018018461763858795,0.01042520347982645,0.07748722285032272,0.12168969213962555,109,8
0.0010144710540771484,positive,10.0,10.0,-0.013722829520702362,0.3982482850551605,0.07700949907302856,-0.4120134711265564,109,10
0.0010809898376464844,positive,10.0,10.0,-0.005757864564657211,0.59219890832901,0.06876923143863678,-0.679458737373352,109,11
0.0015430450439453125,positive,10.0,10.0,0.022150516510009766,-0.1926564872264862,0.056861747056245804,0.5903648138046265,109,17
0.0016176700592041016,positive,10.0,10.0,0.018297387287020683,0.0016251483466476202,0.06866904348134995,0.3161216974258423,109,18
0.001687765121459961,positive,10.0,10.0,0.018329890444874763,0.19570520520210266,0.07499147951602936,0.045860547572374344,109,19
0.0017554759979248047,positive,10.0,10.0,0.02224399521946907,0.38967618346214294,0.07590869069099426,-0.22225134074687958,109,20
0.0018224716186523438,positive,10.0,10.0,0.030037518590688705,0.583635687828064,0.07146365940570831,-0.4900570809841156,109,21
0.001976490020751953,positive,10.0,10.0,0.04946187511086464,0.19163447618484497,0.058147817850112915,0.13574527204036713,109,23
0.002046823501586914,positive,10.0,10.0,0.05329456552863121,0.38587743043899536,0.06086272373795509,-0.13804088532924652,109,24
0.0021131038665771484,positive,10.0,10.0,0.06101211532950401,0.18993894755840302,0.05810190737247467,0.17320524156093597,109,25
0.0021822452545166016,positive,10.0,10.0,0.06481089442968369,-0.005964367650449276,0.06156601011753082,0.4836367070674896,109,26
0.0023293495178222656,positive,10.0,10.0,0.06845635175704956,-0.007827278226613998,0.07545825093984604,0.5252524614334106,109,28
0.0024023056030273438,positive,10.0,10.0,0.068299800157547,0.18615621328353882,0.08596330136060715,0.25726890563964844,109,29
0.0024726390838623047,positive,10.0,10.0,0.0720229297876358,-0.010081116110086441,0.09110867977142334,0.5757800936698914,109,30
0.003213167190551758,positive,10.0,10.0,0.17401814460754395,0.7563046216964722,0.07757504284381866,-0.286981999874115,109,40
0.0033593177795410156,positive,10.0,10.0,0.20034757256507874,0.7541891932487488,0.07241787761449814,-0.24005745351314545,109,42
0.0036885738372802734,positive,10.0,10.0,0.2605655789375305,0.36045894026756287,0.05580662190914154,0.42346397042274475,109,46
0.0038399696350097656,positive,10.0,10.0,0.27886971831321716,0.3587670624256134,0.06725355982780457,0.46113118529319763,109,48
0.003908872604370117,positive,10.0,10.0,0.28604504466056824,0.5528771877288818,0.07647618651390076,0.19038183987140656,109,49
0.0039789676666259766,positive,10.0,10.0,0.29710260033607483,0.7468265295028687,0.08028382062911987,-0.07722970098257065,109,50
0.0040454864501953125,positive,10.0,10.0,0.3120391368865967,0.5506508946418762,0.0787392258644104,0.2396639883518219,109,51
0.004113435745239258,positive,10.0,10.0,0.32305213809013367,0.7445648908615112,0.08353250473737717,-0.027180377393960953,109,52
0.004256725311279297,positive,10.0,10.0,0.35671135783195496,0.742194652557373,0.07714124023914337,0.025276653468608856,109,54
0.004329204559326172,positive,10.0,10.0,0.37155526876449585,0.9361304640769958,0.07764677703380585,-0.24210487306118011,109,55
0.004399538040161133,positive,10.0,10.0,0.3902778625488281,1.1300623416900635,0.07280467450618744,-0.5093210339546204,109,56
0.0045452117919921875,positive,10.0,10.0,0.4315589964389801,1.1281671524047852,0.05872600898146629,-0.4669031798839569,109,58
0.004691362380981445,positive,10.0,10.0,0.4727676808834076,1.126648187637329,0.046261873096227646,-0.4330059587955475,109,60
0.004912137985229492,positive,10.0,10.0,0.5364280343055725,0.9298650622367859,0.026945779100060463,-0.10315994173288345,109,63
0.004981040954589844,positive,10.0,10.0,0.5550253391265869,1.1245907545089722,0.02488258108496666,-0.38722124695777893,109,64
0.005116701126098633,positive,10.0,10.0,0.5960996150970459,1.1239967346191406,0.015402195043861866,-0.37402498722076416,109,66
0.005179643630981445,positive,10.0,10.0,0.6185795664787292,0.9286593794822693,0.007921694777905941,-0.07652570307254791,109,67
0.005242109298706055,positive,10.0,10.0,0.6371527314186096,1.1236668825149536,0.006391181144863367,-0.3666988015174866,109,68
0.005374908447265625,positive,10.0,10.0,0.6781951785087585,1.123590111732483,-0.0023829457350075245,-0.3649877607822418,109,70
0.005521297454833984,positive,10.0,10.0,0.7192370295524597,1.123761534690857,-0.01114384364336729,-0.3687792420387268,109,72
0.005740165710449219,positive,10.0,10.0,0.78277188539505,0.9293515682220459,-0.02767401933670044,-0.09182437509298325,109,75
0.005875825881958008,positive,10.0,10.0,0.8238561153411865,0.9301679730415344,-0.03737267479300499,-0.10987384617328644,109,77
0.006147623062133789,positive,10.0,10.0,0.9061416387557983,0.9326673746109009,-0.059366464614868164,-0.1652124971151352,109,81
0.0062105655670166016,positive,10.0,10.0,0.9247950315475464,1.128586769104004,-0.06267071515321732,-0.4760172367095947,109,82
0.00634765625,positive,10.0,10.0,0.9660547971725464,0.7403838038444519,-0.0762655958533287,0.06533840298652649,109,84
0.0064105987548828125,positive,10.0,10.0,0.9808624982833862,0.5464334487915039,-0.07495882362127304,0.33301791548728943,109,85
0.006543636322021484,positive,10.0,10.0,1.0066418647766113,0.9385693669319153,-0.06794506311416626,-0.2957558333873749,109,87
0.0066051483154296875,positive,10.0,10.0,1.0254132747650146,0.7444785237312317,-0.07386018335819244,-0.025251807644963264,109,88
0.006743907928466797,positive,10.0,10.0,1.0513126850128174,0.356503963470459,-0.06950034201145172,0.5115741491317749,109,90
0.006806135177612305,positive,10.0,10.0,1.0584427118301392,0.5525325536727905,-0.05926886200904846,0.19782449305057526,109,91
0.0068666934967041016,positive,10.0,10.0,1.0694934129714966,0.3583061993122101,-0.055312372744083405,0.4712375998497009,109,92
0.007071018218994141,positive,10.0,10.0,1.0949373245239258,0.555426836013794,-0.03386453911662102,0.13368943333625793,109,95
0.007203340530395508,positive,10.0,10.0,1.1132620573043823,0.5563557744026184,-0.022880766540765762,0.1131485253572464,109,97
0.00744938850402832,positive,10.0,10.0,1.1316205263137817,0.16674552857875824,-0.012647279538214207,0.684637725353241,109,99
0.007721900939941406,positive,10.0,10.0,1.153339147567749,0.36190083622932434,0.01071841549128294,0.39109495282173157,109,102
0.007937431335449219,positive,10.0,10.0,1.1789443492889404,0.5563104748725891,0.028582222759723663,0.11415954679250717,109,105
0.008215904235839844,positive,10.0,10.0,1.215591549873352,0.5543069839477539,0.05059252679347992,0.15850195288658142,109,109
0.008281230926513672,positive,10.0,10.0,1.2266777753829956,0.35849860310554504,0.053762566298246384,0.46670660376548767,109,110
0.008344650268554688,positive,10.0,10.0,1.233847737312317,0.5528213381767273,0.06309669464826584,0.19144219160079956,109,111
0.008630752563476562,positive,10.0,10.0,1.2779591083526611,0.9387784600257874,0.08094281703233719,-0.30080708861351013,109,115
0.008767843246459961,positive,10.0,10.0,1.3193877935409546,1.326654314994812,0.06358858942985535,-0.8350732922554016,109,117
0.008902311325073242,positive,10.0,10.0,1.3685353994369507,0.9349746108055115,0.036425333470106125,-0.21600814163684845,109,119
0.008965015411376953,positive,10.0,10.0,1.3872349262237549,0.7393513917922974,0.03210517019033432,0.08793876320123672,109,120
0.00910043716430664,positive,10.0,10.0,1.4128975868225098,0.3481985032558441,0.04167545586824417,0.6937401294708252,109,122
0.009303808212280273,positive,10.0,10.0,1.4454561471939087,0.5410352945327759,0.06663545966148376,0.45191752910614014,109,125
0.009605646133422852,positive,10.0,10.0,1.512022614479065,1.3169562816619873,0.07048311829566956,-0.6208277940750122,109,129
0.009753942489624023,positive,10.0,10.0,1.56858229637146,1.3151671886444092,0.04025644063949585,-0.5801495313644409,109,131
0.009894132614135742,positive,10.0,10.0,1.6172757148742676,0.9239861369132996,0.023152215406298637,0.02651902660727501,109,133
0.00995945930480957,positive,10.0,10.0,1.6357554197311401,0.7285399436950684,0.023682596161961555,0.32641589641571045,109,134
0.010245323181152344,positive,10.0,10.0,1.7017968893051147,0.7267976403236389,0.03911623731255531,0.36501437425613403,109,138
0.010519981384277344,positive,10.0,10.0,1.759867787361145,0.33396515250205994,0.06993904709815979,1.0090910196304321,109,142
0.01058197021484375,positive,10.0,10.0,1.7665470838546753,0.13798290491104126,0.09012086689472198,1.3228909969329834,109,143
0.01078939437866211,negative,10.0,-10.0,1.7630549669265747,-0.06117258220911026,0.18880552053451538,1.7260863780975342,109,146
0.00015592575073242188,positive,10.0,10.0,-0.02829972468316555,0.01846207119524479,-0.020745107904076576,-0.03857164457440376,110,0
0.00021648406982421875,positive,10.0,10.0,-0.02793048322200775,-0.17635634541511536,-0.02151654101908207,0.24749447405338287,110,1
0.00026154518127441406,positive,10.0,10.0,-0.03145761042833328,-0.3711645007133484,-0.016566652804613113,0.5333136916160583,110,2
0.0006043910980224609,positive,10.0,10.0,-0.06389424949884415,0.21340712904930115,0.028501980006694794,-0.3275110423564911,110,9
0.0006434917449951172,positive,10.0,10.0,-0.059626106172800064,0.017891233786940575,0.021951759234070778,-0.02597787044942379,110,10
0.0006806850433349609,positive,10.0,10.0,-0.0592682808637619,-0.17753852903842926,0.02143220230937004,0.2735494375228882,110,11
0.0007181167602539062,positive,10.0,10.0,-0.06281905621290207,-0.37295961380004883,0.026903191581368446,0.5729143619537354,110,12
0.0007541179656982422,positive,10.0,10.0,-0.07027824223041534,-0.17822502553462982,0.038361478596925735,0.28882673382759094,110,13
0.000789642333984375,positive,10.0,10.0,-0.07384274899959564,0.01632949523627758,0.04413801431655884,0.008485171012580395,110,14
0.0008249282836914062,positive,10.0,10.0,-0.07351615279912949,-0.17939674854278564,0.04430771619081497,0.3147609829902649,110,15
0.0008594989776611328,positive,10.0,10.0,-0.07710409164428711,0.015066958032548428,0.05060293525457382,0.036373890936374664,110,16
0.0009369850158691406,positive,10.0,10.0,-0.08041760325431824,0.013612844049930573,0.05822208151221275,0.0685185045003891,110,18
0.0010199546813964844,positive,10.0,10.0,-0.08379121869802475,0.011933857575058937,0.06717219948768616,0.1056736558675766,110,20
0.0010609626770019531,positive,10.0,10.0,-0.0835525393486023,-0.18408319354057312,0.06928567588329315,0.4187699258327484,110,21
0.0012671947479248047,positive,10.0,10.0,-0.0865730494260788,0.39513149857521057,0.09261710196733475,-0.3260251581668854,110,26
0.0013873577117919922,positive,10.0,10.0,-0.05124122276902199,0.5865862369537354,0.05728427693247795,-0.5373916029930115,110,29
0.001422882080078125,positive,10.0,10.0,-0.039509497582912445,0.39070767164230347,0.04653644561767578,-0.22722330689430237,110,30
0.0015826225280761719,positive,10.0,10.0,-0.03174035996198654,-0.0020839814096689224,0.06512529402971268,0.4153958261013031,110,34
0.0017404556274414062,positive,10.0,10.0,-0.008619681000709534,0.3839178681373596,0.065970279276371,-0.07735978811979294,110,38
0.0018591880798339844,positive,10.0,10.0,0.002655679127201438,0.18602098524570465,0.08008427917957306,0.27754834294319153,110,41
0.001894235610961914,positive,10.0,10.0,0.006376098841428757,0.3799145221710205,0.085635244846344,0.011159786954522133,110,42
0.001970052719116211,positive,10.0,10.0,0.025448601692914963,0.7675083875656128,0.08079198002815247,-0.5177375674247742,110,44
0.0020074844360351562,positive,10.0,10.0,0.040798768401145935,0.5713473558425903,0.0704372301697731,-0.20072881877422333,110,45
0.002122163772583008,positive,10.0,10.0,0.07892163097858429,0.7636619210243225,0.053864311426877975,-0.4316951036453247,110,48
0.002156972885131836,positive,10.0,10.0,0.09419486671686172,0.5678203105926514,0.04523041099309921,-0.12253027409315109,110,49
0.002190828323364258,positive,10.0,10.0,0.10555127263069153,0.372080534696579,0.04277980327606201,0.184072345495224,110,50
0.002440929412841797,positive,10.0,10.0,0.13828003406524658,0.36707067489624023,0.08719634264707565,0.2954806983470917,110,56
0.0025207996368408203,positive,10.0,10.0,0.15683841705322266,0.7545202970504761,0.09373639523983002,-0.23039431869983673,110,58
0.0025568008422851562,positive,10.0,10.0,0.17192882299423218,0.948186457157135,0.0891285091638565,-0.49210014939308167,110,59
0.0025947093963623047,positive,10.0,10.0,0.1908925473690033,0.7519278526306152,0.07928650826215744,-0.17271162569522858,110,60
0.0026297569274902344,positive,10.0,10.0,0.20593109726905823,0.945830762386322,0.07583227008581161,-0.4393664598464966,110,61
0.0027070045471191406,positive,10.0,10.0,0.23984216153621674,0.5537068843841553,0.06456943601369858,0.18928322196006775,110,63
0.002784252166748047,positive,10.0,10.0,0.25807076692581177,0.5518186092376709,0.07838741689920425,0.2312338650226593,110,65
0.00286102294921875,positive,10.0,10.0,0.28402191400527954,0.9395775198936462,0.08229750394821167,-0.30111023783683777,110,67
0.003015279769897461,positive,10.0,10.0,0.35905352234840393,1.3253291845321655,0.061197880655527115,-0.7881937623023987,110,71
0.0030913352966308594,positive,10.0,10.0,0.40814855694770813,0.9336894750595093,0.035895951092243195,-0.1702532321214676,110,73
0.0031270980834960938,positive,10.0,10.0,0.42682236433029175,1.128279685974121,0.03249088302254677,-0.45139947533607483,110,74
0.003204345703125,positive,10.0,10.0,0.4680422246456146,1.1274919509887695,0.020489802584052086,-0.43384408950805664,110,76
0.003241300582885742,positive,10.0,10.0,0.4905920624732971,0.9320859909057617,0.011812921613454819,-0.13477309048175812,110,77
0.0033965110778808594,positive,10.0,10.0,0.5807530283927917,0.9319712519645691,-0.022038979455828667,-0.13225921988487244,110,81
0.0035495758056640625,positive,10.0,10.0,0.6631576418876648,0.9336299896240234,-0.04526103660464287,-0.16898222267627716,110,85
0.0037012100219726562,positive,10.0,10.0,0.7457343935966492,0.9366762042045593,-0.07230661064386368,-0.2365981489419937,110,89
0.0037355422973632812,positive,10.0,10.0,0.7644679546356201,0.7426577806472778,-0.07703857123851776,0.032429423183202744,110,90
0.004002809524536133,positive,10.0,10.0,0.8571858406066895,0.5550920963287354,-0.06490200012922287,0.15869353711605072,110,97
0.004038572311401367,positive,10.0,10.0,0.8682876825332642,0.7510802745819092,-0.06172812730073929,-0.1537376344203949,110,98
0.004071950912475586,positive,10.0,10.0,0.8833093047142029,0.9470292925834656,-0.0648028776049614,-0.4652378559112549,110,99
0.004145145416259766,positive,10.0,10.0,0.9173074960708618,0.5588920712471008,-0.07798091322183609,0.0747515931725502,110,101
0.004217863082885742,positive,10.0,10.0,0.9357847571372986,0.5610917210578918,-0.06964892148971558,0.02606009505689144,110,103
0.004252910614013672,positive,10.0,10.0,0.9470065832138062,0.7571398019790649,-0.06912772357463837,-0.28775927424430847,110,104
0.004287242889404297,positive,10.0,10.0,0.9621493816375732,0.953175961971283,-0.07488290220499039,-0.6014185547828674,110,105
0.004379987716674805,positive,10.0,10.0,0.9963964223861694,0.5653926134109497,-0.09357588738203049,-0.06917097419500351,110,107
0.0044612884521484375,positive,10.0,10.0,1.015138864517212,0.1780838519334793,-0.09110763669013977,0.4538653790950775,110,109
0.004578828811645508,positive,10.0,10.0,1.029798150062561,0.3766637146472931,-0.07135950773954391,0.08302123099565506,110,112
0.004615068435668945,positive,10.0,10.0,1.0373313426971436,0.1826333850622177,-0.06969908624887466,0.35236412286758423,110,113
0.004691600799560547,positive,10.0,10.0,1.0485575199127197,0.18450351059436798,-0.06188094615936279,0.31081894040107727,110,115
0.00472712516784668,positive,10.0,10.0,1.0522475242614746,0.3804500102996826,-0.05566456913948059,-0.0007196036749519408,110,116
0.004879951477050781,positive,10.0,10.0,1.0671710968017578,-0.006866734940558672,-0.03442207723855972,0.5204960107803345,110,120
0.004993438720703125,positive,10.0,10.0,1.0706872940063477,0.18934543430805206,-0.009625183418393135,0.2033648043870926,110,123
0.005108833312988281,positive,10.0,10.0,1.0781526565551758,-0.005620878655463457,0.00827336497604847,0.4926035404205322,110,126
0.005223512649536133,positive,10.0,10.0,1.0817080736160278,0.18880942463874817,0.03219391778111458,0.21527202427387238,110,129
0.005257844924926758,positive,10.0,10.0,1.085484266281128,0.38345667719841003,0.03649935498833656,-0.06708420068025589,110,130
0.0052928924560546875,positive,10.0,10.0,1.0931533575057983,0.18783096969127655,0.03515767306089401,0.2368873655796051,110,131
0.005327939987182617,positive,10.0,10.0,1.096909999847412,-0.0077751739881932735,0.03989541903138161,0.5404495000839233,110,132
0.0054013729095458984,positive,10.0,10.0,1.1004897356033325,-0.009043772704899311,0.05591639131307602,0.5688339471817017,110,134
0.005513906478881836,positive,10.0,10.0,1.1116009950637817,0.1832614541053772,0.07364971190690994,0.3383987843990326,110,137
0.005549192428588867,positive,10.0,10.0,1.11526620388031,0.37726232409477234,0.0804176926612854,0.06981978565454483,110,138
0.0056231021881103516,positive,10.0,10.0,1.1264331340789795,0.37495607137680054,0.08954912424087524,0.12094473093748093,110,140
0.005895137786865234,negative,10.0,-10.0,1.166644811630249,0.1694757044315338,0.13692505657672882,0.6472084522247314,110,147
0.005931377410888672,negative,10.0,-10.0,1.1700342893600464,0.36245110630989075,0.14986921846866608,0.4005849063396454,110,148
0.00600886344909668,negative,10.0,-10.0,1.1883865594863892,0.7477154731750488,0.16105395555496216,-0.08035797625780106,110,150
0.006047248840332031,negative,10.0,-10.0,1.2033408880233765,0.9402062296867371,0.15944679081439972,-0.31821209192276,110,151
0.00612640380859375,negative,10.0,-10.0,1.2447998523712158,1.325419545173645,0.1419491171836853,-0.7974791526794434,110,153
0.006285667419433594,positive,10.0,10.0,1.3506202697753906,1.7087397575378418,0.08308202773332596,-1.2267920970916748,110,157
0.006324052810668945,positive,10.0,10.0,1.3847949504852295,1.9026998281478882,0.05854618176817894,-1.492330551147461,110,158
0.006374835968017578,positive,10.0,10.0,1.4228490591049194,1.706916332244873,0.028699573129415512,-1.1819556951522827,110,159
0.006455659866333008,positive,10.0,10.0,1.4872159957885742,1.3162435293197632,-0.012547868303954601,-0.5861467719078064,110,161
0.006491422653198242,positive,10.0,10.0,1.5135408639907837,1.1212996244430542,-0.024270804598927498,-0.29744282364845276,110,162
0.006527423858642578,positive,10.0,10.0,1.5359668731689453,0.9265318512916565,-0.030219661071896553,-0.012512221932411194,110,163
0.006566286087036133,positive,10.0,10.0,1.554497480392456,0.7318560481071472,-0.030469905585050583,0.27048495411872864,110,164
0.006684780120849609,positive,10.0,10.0,1.5945311784744263,0.5377271771430969,-0.00893348827958107,0.5411688685417175,110,167
0.006720781326293945,positive,10.0,10.0,1.6052857637405396,0.732973575592041,0.0018898897105827928,0.24568459391593933,110,168
0.0068356990814208984,positive,10.0,10.0,1.645358681678772,0.5374817252159119,0.02255147323012352,0.5466082692146301,110,171
0.006952047348022461,positive,10.0,10.0,1.6814879179000854,0.7312542796134949,0.049989309161901474,0.28392648696899414,110,174
0.007029533386230469,positive,10.0,10.0,1.7068220376968384,0.7297565340995789,0.06750678271055222,0.3173063099384308,110,176
0.0070645809173583984,positive,10.0,10.0,1.7214171886444092,0.533741295337677,0.07385291159152985,0.6304914355278015,110,177
0.007099628448486328,positive,10.0,10.0,1.732092022895813,0.3376707434654236,0.08646274358034134,0.9454885721206665,110,178
0.00025534629821777344,positive,10.0,10.0,-0.006834701169282198,-0.03418095409870148,-0.006652310490608215,0.0032831926364451647,111,0
0.00037550926208496094,positive,10.0,10.0,-0.007518320344388485,-0.2292068749666214,-0.006586646195501089,0.2938598394393921,111,1
0.0005981922149658203,positive,10.0,10.0,-0.012102457694709301,-0.03399163484573364,-0.0007094497559592128,-0.0008931292104534805,111,2
0.0009226799011230469,positive,10.0,10.0,-0.01804378069937229,-0.22916586697101593,0.005077078007161617,0.2929425835609436,111,5
0.001363992691040039,positive,10.0,10.0,-0.025377001613378525,-0.034916628152132034,0.011538000777363777,0.019513022154569626,111,10
0.0015294551849365234,positive,10.0,10.0,-0.030679376795887947,-0.03525209799408913,0.018244538456201553,0.02691645734012127,111,12
0.0016937255859375,positive,10.0,10.0,-0.03599703684449196,-0.03578132390975952,0.025288855656981468,0.03859851136803627,111,14
0.002011537551879883,positive,10.0,10.0,-0.05451439321041107,-0.037646133452653885,0.052798133343458176,0.07982739806175232,111,18
0.00208282470703125,positive,10.0,10.0,-0.055267319083213806,-0.23348364233970642,0.05439468100667,0.3886897563934326,111,19
0.0021550655364990234,positive,10.0,10.0,-0.05993698909878731,-0.039174266159534454,0.06216847524046898,0.1136409267783165,111,20
0.0022263526916503906,positive,10.0,10.0,-0.060720477253198624,-0.23512938618659973,0.06444129347801208,0.42527154088020325,111,21
0.002541065216064453,positive,10.0,10.0,-0.05624232813715935,0.1508972942829132,0.06605390459299088,-0.06800857931375504,111,25
0.0027768611907958984,positive,10.0,10.0,-0.05894830822944641,-0.04701032489538193,0.08073154091835022,0.2871564030647278,111,28
0.003816366195678711,positive,10.0,10.0,-0.001844659447669983,0.7164472341537476,0.08502757549285889,-0.51092928647995,111,40
0.0040607452392578125,positive,10.0,10.0,0.03717328980565071,0.9082645177841187,0.06173707917332649,-0.7303876876831055,111,43
0.004217386245727539,positive,10.0,10.0,0.06958550214767456,0.5165890455245972,0.03875071182847023,-0.111770398914814,111,45
0.00445246696472168,positive,10.0,10.0,0.08884214609861374,0.3198392391204834,0.05031007155776024,0.21716560423374176,111,48
0.004527091979980469,positive,10.0,10.0,0.09523893147706985,0.12403552979230881,0.054653383791446686,0.525284469127655,111,49
0.004599809646606445,positive,10.0,10.0,0.09771963953971863,0.3183475136756897,0.06515907496213913,0.25031179189682007,111,50
0.004849433898925781,positive,10.0,10.0,0.11286234855651855,0.5103017091751099,0.08728232979774475,0.02710270881652832,111,53
0.004930973052978516,positive,10.0,10.0,0.12306838482618332,0.7040705680847168,0.08782438188791275,-0.23681573569774628,111,54
0.005000591278076172,positive,10.0,10.0,0.13714979588985443,0.8978351950645447,0.08308807015419006,-0.5005552768707275,111,55
0.005151033401489258,positive,10.0,10.0,0.16913942992687225,0.8956506252288818,0.06941922008991241,-0.4516516923904419,111,57
0.0052220821380615234,positive,10.0,10.0,0.1870524287223816,1.0897257328033447,0.060386184602975845,-0.7216702699661255,111,58
0.005710601806640625,positive,10.0,10.0,0.26689761877059937,0.3055695593357086,0.05424770712852478,0.5322985649108887,111,64
0.0057830810546875,positive,10.0,10.0,0.2730090022087097,0.49988824129104614,0.0648936778306961,0.2571903169155121,111,65
0.005854606628417969,positive,10.0,10.0,0.2830067574977875,0.3039027154445648,0.07003748416900635,0.5696151852607727,111,66
0.005922555923461914,positive,10.0,10.0,0.2890848219394684,0.4979761242866516,0.08142978698015213,0.29979294538497925,111,67
0.006143808364868164,positive,10.0,10.0,0.33059361577033997,1.07937490940094,0.08350272476673126,-0.49365130066871643,111,70
0.0062122344970703125,positive,10.0,10.0,0.3521811068058014,0.8831806778907776,0.0736296996474266,-0.1758640557527542,111,71
0.006652355194091797,positive,10.0,10.0,0.4695819020271301,0.8780109882354736,0.041314177215099335,-0.06137806177139282,111,77
0.006947755813598633,positive,10.0,10.0,0.5397547483444214,0.8759078979492188,0.03790372982621193,-0.014942334033548832,111,81
0.007015228271484375,positive,10.0,10.0,0.5572729110717773,1.07046639919281,0.037604883313179016,-0.2954293489456177,111,82
0.007493495941162109,positive,10.0,10.0,0.681690514087677,1.0682908296585083,0.011019069701433182,-0.24721620976924896,111,88
0.0076444149017333984,positive,10.0,10.0,0.7283214330673218,1.0680468082427979,-0.004653318785130978,-0.24181237816810608,111,90
0.007712841033935547,positive,10.0,10.0,0.7496823668479919,1.2632349729537964,-0.009489566087722778,-0.5359594225883484,111,91
0.0077800750732421875,positive,10.0,10.0,0.7749470472335815,1.068247675895691,-0.020208755508065224,-0.24628165364265442,111,92
0.007932186126708984,positive,10.0,10.0,0.8215850591659546,1.068892478942871,-0.03603978455066681,-0.2606108784675598,111,94
0.00800180435180664,positive,10.0,10.0,0.842962920665741,0.8743029832839966,-0.041252002120018005,0.020490340888500214,111,95
0.008072614669799805,positive,10.0,10.0,0.860448956489563,1.0699915885925293,-0.040842194110155106,-0.2849173843860626,111,96
0.008236408233642578,positive,10.0,10.0,0.9071622490882874,1.0712310075759888,-0.05834447592496872,-0.31252986192703247,111,98
0.008392333984375,positive,10.0,10.0,0.9539295434951782,1.0729701519012451,-0.07705561816692352,-0.35136720538139343,111,100
0.008461713790893555,positive,10.0,10.0,0.9753889441490173,0.8790237307548523,-0.0840829610824585,-0.08394279330968857,111,101
0.00861811637878418,positive,10.0,10.0,1.0066734552383423,0.4914046823978424,-0.08214037120342255,0.44551587104797363,111,103
0.008768558502197266,positive,10.0,10.0,1.030253291130066,0.4935861825942993,-0.0706678032875061,0.39682337641716003,111,105
0.008913040161132812,positive,10.0,10.0,1.053917646408081,0.4954666495323181,-0.06107685714960098,0.35497382283210754,111,107
0.009054422378540039,positive,10.0,10.0,1.0776550769805908,0.4970933794975281,-0.05310389772057533,0.31885015964508057,111,109
0.009271860122680664,positive,10.0,10.0,1.1114256381988525,0.6942616105079651,-0.04077908769249916,-0.0195010956376791,111,112
0.009368181228637695,positive,10.0,10.0,1.1253108978271484,0.49974748492240906,-0.04116911068558693,0.2600418031215668,111,113
0.009521961212158203,positive,10.0,10.0,1.1414105892181396,0.5008453130722046,-0.0251790639013052,0.23566491901874542,111,115
0.009752750396728516,positive,10.0,10.0,1.1675792932510376,0.3065192401409149,-0.005634968634694815,0.510732114315033,111,118
0.009905099868774414,positive,10.0,10.0,1.1759392023086548,0.3065359592437744,0.020612353459000587,0.5103952288627625,111,120
0.00997614860534668,positive,10.0,10.0,1.1820698976516724,0.11112980544567108,0.03082025796175003,0.8095017671585083,111,121
0.010043859481811523,positive,10.0,10.0,1.1842925548553467,0.3058162033557892,0.04701029509305954,0.5266706347465515,111,122
0.010111093521118164,positive,10.0,10.0,1.1904088258743286,0.5002462267875671,0.05754370614886284,0.2491636723279953,111,123
0.0101776123046875,positive,10.0,10.0,1.200413703918457,0.3043517470359802,0.06252697855234146,0.5594275593757629,111,124
0.010319948196411133,positive,10.0,10.0,1.2164716720581055,0.6925404071807861,0.07945714890956879,0.018527766689658165,111,126
0.010531902313232422,positive,10.0,10.0,1.2696579694747925,1.274327039718628,0.06457559764385223,-0.7827227115631104,111,129
0.010745763778686523,positive,10.0,10.0,1.3343640565872192,0.6869375109672546,0.036257293075323105,0.14213122427463531,111,132
0.01088404655456543,positive,10.0,10.0,1.3579291105270386,0.6858631372451782,0.048020489513874054,0.16592268645763397,111,134
0.011022090911865234,positive,10.0,10.0,1.3814481496810913,0.6844485998153687,0.06080613657832146,0.19728972017765045,111,136
0.011235475540161133,positive,10.0,10.0,1.4185607433319092,0.4865567982196808,0.07966072857379913,0.5522656440734863,111,139
0.01163339614868164,positive,10.0,10.0,1.5059698820114136,1.4551351070404053,0.0821540504693985,-0.7607280611991882,111,144
0.011936187744140625,positive,10.0,10.0,1.6300657987594604,1.4520015716552734,0.012313892133533955,-0.6886637806892395,111,148
0.012006044387817383,positive,10.0,10.0,1.659105896949768,1.2567108869552612,-0.001459383638575673,-0.3921297788619995,111,149
0.012369394302368164,positive,10.0,10.0,1.7691888809204102,0.6722522377967834,-0.01773558184504509,0.4660249352455139,111,154
0.012507438659667969,positive,10.0,10.0,1.7921816110610962,0.2823803722858429,0.006646223831921816,1.0430883169174194,111,156
0.012655258178710938,positive,10.0,10.0,1.7995727062225342,-0.10828661173582077,0.05426499620079994,1.6390117406845093,111,158
0.012726783752441406,positive,10.0,10.0,1.7974069118499756,-0.30400100350379944,0.08704522997140884,1.9480973482131958,111,159
0.012868165969848633,negative,10.0,-10.0,1.7813282012939453,-0.3061949610710144,0.1713360697031021,2.0150866508483887,111,161
0.00024700164794921875,positive,10.0,10.0,-0.033222537487745285,-0.23255136609077454,0.05086677893996239,0.3562297523021698,112,1
0.0003972053527832031,positive,10.0,10.0,-0.043319154530763626,-0.039863597601652145,0.06739980727434158,0.11709620803594589,112,4
0.0005755424499511719,positive,10.0,10.0,-0.04662831872701645,0.3459676206111908,0.07942145317792892,-0.37250304222106934,112,8
0.0006165504455566406,positive,10.0,10.0,-0.03970896825194359,0.5398767590522766,0.07197138667106628,-0.6391245126724243,112,9
0.0006575584411621094,positive,10.0,10.0,-0.02891143225133419,0.34382903575897217,0.05918889865279198,-0.3246729075908661,112,10
0.0006968975067138672,positive,10.0,10.0,-0.02203485183417797,0.5380604863166809,0.052695441991090775,-0.5981184840202332,112,11
0.0007355213165283203,positive,10.0,10.0,-0.01127364207059145,0.3422423005104065,0.04073306918144226,-0.2893136739730835,112,12
0.00081634521484375,positive,10.0,10.0,-0.0014975180383771658,-0.049041345715522766,0.035265449434518814,0.31943365931510925,112,14
0.0010223388671875,positive,10.0,10.0,0.0023174427915364504,-0.051431696861982346,0.05057968571782112,0.37241166830062866,112,18
0.0011086463928222656,positive,10.0,10.0,-0.003655877662822604,-0.05296432226896286,0.0716399997472763,0.4067402184009552,112,20
0.0011906623840332031,positive,10.0,10.0,-0.009695666842162609,-0.05509210377931595,0.09419722855091095,0.4545757472515106,112,22
0.0017533302307128906,positive,10.0,10.0,0.1011054590344429,0.7072088718414307,0.08402539789676666,-0.31809207797050476,112,36
0.0019159317016601562,positive,10.0,10.0,0.15754519402980804,0.7027963995933533,0.06162285432219505,-0.21999108791351318,112,40
0.001954317092895508,positive,10.0,10.0,0.17160111665725708,0.8969858288764954,0.05722303315997124,-0.4926167130470276,112,41
0.0019910335540771484,positive,10.0,10.0,0.189540833234787,0.7011054158210754,0.04737069830298424,-0.1824626475572586,112,42
0.002028942108154297,positive,10.0,10.0,0.20356294512748718,0.5053387880325317,0.04372144490480423,0.12477968633174896,112,43
0.0024445056915283203,positive,10.0,10.0,0.24615615606307983,0.3064369261264801,0.07092653959989548,0.5018344521522522,112,48
0.0025293827056884766,positive,10.0,10.0,0.2622947096824646,0.6943685412406921,0.08560962229967117,-0.03376641869544983,112,50
0.0025665760040283203,positive,10.0,10.0,0.27618208527565,0.4981299042701721,0.0849342942237854,0.28465205430984497,112,51
0.0026450157165527344,positive,10.0,10.0,0.29998356103897095,0.885657548904419,0.09102571755647659,-0.24285031855106354,112,53
0.0026824474334716797,positive,10.0,10.0,0.3176967203617096,1.079369306564331,0.08616871386766434,-0.5054904818534851,112,54
0.002719879150390625,positive,10.0,10.0,0.33928412199020386,0.8831455111503601,0.07605890184640884,-0.18694452941417694,112,55
0.0027968883514404297,positive,10.0,10.0,0.37848904728889465,0.8810355067253113,0.06322605907917023,-0.14012381434440613,112,57
0.0028340816497802734,positive,10.0,10.0,0.39610975980758667,1.0751975774765015,0.060423582792282104,-0.4122089743614197,112,58
0.0029540061950683594,positive,10.0,10.0,0.4566713869571686,0.8778132200241089,0.04261969402432442,-0.06881370395421982,112,61
0.0030105113983154297,positive,10.0,10.0,0.474227637052536,1.0722990036010742,0.04124341905117035,-0.3477511405944824,112,62
0.0030536651611328125,positive,10.0,10.0,0.49567362666130066,0.8766154646873474,0.034288398921489716,-0.04235326498746872,112,63
0.0031423568725585938,positive,10.0,10.0,0.534630537033081,0.8756476044654846,0.026960857212543488,-0.02098519168794155,112,65
0.00318145751953125,positive,10.0,10.0,0.5521434545516968,1.0703727006912231,0.026541152969002724,-0.30504122376441956,112,66
0.003309488296508789,positive,10.0,10.0,0.6124427318572998,0.8742995262145996,0.014552745968103409,0.008761778473854065,112,69
0.0033490657806396484,positive,10.0,10.0,0.629928708076477,1.0692098140716553,0.014727981761097908,-0.27929428219795227,112,70
0.0034325122833251953,positive,10.0,10.0,0.6765952706336975,1.0688695907592773,-0.0022038219030946493,-0.2717469036579132,112,72
0.0034704208374023438,positive,10.0,10.0,0.6979726552963257,1.2640228271484375,-0.007638759911060333,-0.5651240944862366,112,73
0.003507375717163086,positive,10.0,10.0,0.7232531309127808,1.0690089464187622,-0.0189412422478199,-0.2748574912548065,112,74
0.003542661666870117,positive,10.0,10.0,0.7446333169937134,1.2643959522247314,-0.024438392370939255,-0.5734538435935974,112,75
0.003577709197998047,positive,10.0,10.0,0.7699211835861206,1.0696250200271606,-0.03590746968984604,-0.2885688245296478,112,76
0.003614187240600586,positive,10.0,10.0,0.7913137078285217,0.8750330209732056,-0.04167884588241577,-0.007423513103276491,112,77
0.003694295883178711,positive,10.0,10.0,0.8302289247512817,0.8762252330780029,-0.048086512833833694,-0.03375580161809921,112,79
0.003731250762939453,positive,10.0,10.0,0.8477534055709839,0.6818246841430664,-0.048761628568172455,0.2433760017156601,112,80
0.003851175308227539,positive,10.0,10.0,0.9004086852073669,0.8788789510726929,-0.05258936062455177,-0.09238050878047943,112,83
0.0038881301879882812,positive,10.0,10.0,0.917986273765564,1.0747137069702148,-0.05443697050213814,-0.4011806547641754,112,84
0.004047393798828125,positive,10.0,10.0,0.9962602257728577,0.6882249712944031,-0.07706771790981293,0.10218851268291473,112,88
0.004085063934326172,positive,10.0,10.0,1.0100247859954834,0.49428728222846985,-0.07502394169569016,0.36959612369537354,112,89
0.004124641418457031,positive,10.0,10.0,1.019910454750061,0.3003069758415222,-0.06763201951980591,0.6377117037773132,112,90
0.0041615962982177734,positive,10.0,10.0,1.0259166955947876,0.49630361795425415,-0.054877787828445435,0.3245202302932739,112,91
0.004197120666503906,positive,10.0,10.0,1.0358426570892334,0.30200424790382385,-0.04838738217949867,0.5994045734405518,112,92
0.0043582916259765625,positive,10.0,10.0,1.0756803750991821,0.3040503263473511,-0.02538616955280304,0.5536409616470337,112,96
0.004395008087158203,positive,10.0,10.0,1.081761360168457,0.499519407749176,-0.01431335136294365,0.25306907296180725,112,97
0.004431247711181641,positive,10.0,10.0,1.0917516946792603,0.6948427557945251,-0.009251969866454601,-0.04409395158290863,112,98
0.004468441009521484,positive,10.0,10.0,1.1056486368179321,0.49985471367836,-0.010133848525583744,0.2456555962562561,112,99
0.004629611968994141,positive,10.0,10.0,1.1300374269485474,0.49968308210372925,0.03270901367068291,0.24953554570674896,112,103
0.004665851593017578,positive,10.0,10.0,1.140031099319458,0.304109662771225,0.03769972547888756,0.5523535013198853,112,104
0.004822254180908203,positive,10.0,10.0,1.1720894575119019,0.6913484930992126,0.07185710966587067,0.03306273743510246,112,108
0.004899740219116211,positive,10.0,10.0,1.2036237716674805,1.0793852806091309,0.06779614090919495,-0.5050670504570007,112,110
0.004935741424560547,positive,10.0,10.0,1.225211501121521,0.8833767175674438,0.05769479647278786,-0.19181281328201294,112,111
0.005029439926147461,positive,10.0,10.0,1.2566286325454712,0.88178950548172,0.05622849985957146,-0.15671861171722412,112,113
0.005112409591674805,positive,10.0,10.0,1.2879825830459595,0.49006903171539307,0.05615731701254845,0.4621085226535797,112,115
0.005193233489990234,positive,10.0,10.0,1.3114709854125977,0.4883604943752289,0.06915232539176941,0.5002175569534302,112,117
0.0052301883697509766,positive,10.0,10.0,1.3212382793426514,0.6824429631233215,0.07915667444467545,0.23010431230068207,112,118
0.005311250686645508,positive,10.0,10.0,1.3524141311645508,0.6801328063011169,0.08302681148052216,0.28129249811172485,112,120
0.005429267883300781,positive,10.0,10.0,1.4048508405685425,1.2614705562591553,0.08402001112699509,-0.5108871459960938,112,123
0.005466938018798828,positive,10.0,10.0,1.4300801753997803,1.4553146362304688,0.07380226254463196,-0.7759547829627991,112,124
0.005545854568481445,positive,10.0,10.0,1.492173433303833,1.4535027742385864,0.03739247843623161,-0.7341398596763611,112,126
0.005694866180419922,positive,10.0,10.0,1.5676501989364624,0.8671274781227112,0.011507688090205193,0.16692869365215302,112,129
0.005734443664550781,positive,10.0,10.0,1.58499276638031,0.6718427538871765,0.014846262522041798,0.46321964263916016,112,130
0.005773067474365234,positive,10.0,10.0,1.598429560661316,0.8667517304420471,0.02411065436899662,0.17525294423103333,112,131
0.005903959274291992,positive,10.0,10.0,1.6465108394622803,0.6703816652297974,0.040956396609544754,0.49574995040893555,112,134
0.005988597869873047,positive,10.0,10.0,1.669412612915039,0.669095516204834,0.06689247488975525,0.524797797203064,112,136
0.006025791168212891,positive,10.0,10.0,1.682794451713562,0.8632155060768127,0.07738843560218811,0.2539207935333252,112,137
0.006147146224975586,positive,10.0,10.0,1.746221899986267,1.0548079013824463,0.07662016153335571,0.03848396614193916,112,140
0.006184577941894531,positive,10.0,10.0,1.7673180103302002,0.8586756587028503,0.07738984376192093,0.3543235659599304,112,141
0.0063440799713134766,negative,10.0,-10.0,1.81247079372406,0.07366934418678284,0.14385521411895752,1.637235403060913,112,145
0.0063822269439697266,negative,10.0,-10.0,1.8139442205429077,-0.12281697243452072,0.17659993469715118,1.9710681438446045,112,146
0.0002071857452392578,positive,10.0,10.0,-0.0180729478597641,-0.021695028990507126,0.015716711059212685,-0.031792718917131424,113,0
0.0002875328063964844,positive,10.0,10.0,-0.018506847321987152,-0.21703879535198212,0.015080856159329414,0.26580727100372314,113,1
0.0003464221954345703,positive,10.0,10.0,-0.022847624495625496,-0.4123727083206177,0.0203970018774271,0.5632084012031555,113,2
0.0004887580871582031,positive,10.0,10.0,-0.035445936024188995,-0.41310182213783264,0.03720158338546753,0.5795189738273621,113,4
0.0005390644073486328,positive,10.0,10.0,-0.04370797052979469,-0.2185204178094864,0.04879196360707283,0.2987835705280304,113,5
0.0005877017974853516,positive,10.0,10.0,-0.04807838052511215,-0.0241266880184412,0.054767634719610214,0.021879151463508606,113,6
0.0006372928619384766,positive,10.0,10.0,-0.048560913652181625,-0.21998955309391022,0.055205218493938446,0.33132657408714294,113,7
0.0006823539733886719,positive,10.0,10.0,-0.052960705012083054,-0.025695087388157845,0.061831749975681305,0.05655096098780632,113,8
0.0007877349853515625,positive,10.0,10.0,-0.05790753662586212,-0.027473174035549164,0.07032443583011627,0.0958993136882782,113,10
0.0010037422180175781,positive,10.0,10.0,-0.06022997573018074,0.35821831226348877,0.08074963837862015,-0.3907053768634796,113,14
0.001054525375366211,positive,10.0,10.0,-0.05306560918688774,0.16204872727394104,0.07293552905321121,-0.07369520515203476,113,15
0.001108407974243164,positive,10.0,10.0,-0.049824636429548264,0.3560533821582794,0.07146162539720535,-0.34250447154045105,113,16
0.0011591911315917969,positive,10.0,10.0,-0.04270356893539429,0.5500897169113159,0.0646115317940712,-0.6118243336677551,113,17
0.0013055801391601562,positive,10.0,10.0,-0.021453246474266052,-0.03745618462562561,0.046569205820560455,0.3161686360836029,113,20
0.0014035701751708984,positive,10.0,10.0,-0.019062917679548264,-0.03886639326810837,0.053663142025470734,0.3474189043045044,113,22
0.0014476776123046875,positive,10.0,10.0,-0.019840246066451073,0.15545283257961273,0.06061151996254921,0.0721290335059166,113,23
0.001539468765258789,positive,10.0,10.0,-0.017540855333209038,0.1537051945924759,0.06972014904022217,0.11081250756978989,113,25
0.0015823841094970703,positive,10.0,10.0,-0.014466752298176289,-0.04234295338392258,0.07193639874458313,0.4246514141559601,113,26
0.0016720294952392578,positive,10.0,10.0,-0.012279807589948177,0.34557396173477173,0.08353913575410843,-0.11077919602394104,113,28
0.0017139911651611328,positive,10.0,10.0,-0.005368328653275967,0.5394056439399719,0.08132355660200119,-0.37598085403442383,113,29
0.001802682876586914,positive,10.0,10.0,0.012284353375434875,0.5372188687324524,0.07262784242630005,-0.3273196220397949,113,31
0.0018432140350341797,positive,10.0,10.0,0.02302873134613037,0.34114211797714233,0.0660814493894577,-0.012646032497286797,113,32
0.0019783973693847656,positive,10.0,10.0,0.039539583027362823,0.5332849025726318,0.072409488260746,-0.24026714265346527,113,35
0.002020120620727539,positive,10.0,10.0,0.050205279141664505,0.727301836013794,0.06760414689779282,-0.5092600584030151,113,36
0.0021295547485351562,positive,10.0,10.0,0.07537723332643509,0.3354015648365021,0.05349770188331604,0.11416684091091156,113,38
0.002172231674194336,positive,10.0,10.0,0.0820852667093277,0.13955549895763397,0.055781040340662,0.4232364892959595,113,39
0.0022144317626953125,positive,10.0,10.0,0.08487637341022491,0.3338446617126465,0.06424576789140701,0.14864711463451385,113,40
0.002304553985595703,positive,10.0,10.0,0.09431055188179016,0.3319750428199768,0.07643643766641617,0.19012531638145447,113,42
0.0024900436401367188,positive,10.0,10.0,0.136338010430336,0.7176849842071533,0.07126431167125702,-0.29659393429756165,113,46
0.0025298595428466797,positive,10.0,10.0,0.15069171786308289,0.5216232538223267,0.06533242762088776,0.01768609881401062,113,47
0.0026140213012695312,positive,10.0,10.0,0.16763673722743988,0.519756555557251,0.0722910612821579,0.05897882953286171,113,49
0.002653360366821289,positive,10.0,10.0,0.17803187668323517,0.7137715816497803,0.07347063720226288,-0.21004846692085266,113,50
0.0027375221252441406,positive,10.0,10.0,0.21046270430088043,1.1018494367599487,0.05969605967402458,-0.7487521171569824,113,52
0.0028192996978759766,positive,10.0,10.0,0.2506188452243805,0.7102315425872803,0.03596308082342148,-0.13145846128463745,113,54
0.002899646759033203,positive,10.0,10.0,0.2751157283782959,0.31903061270713806,0.036780908703804016,0.4753594696521759,113,56
0.0031070709228515625,positive,10.0,10.0,0.3146969974040985,0.5104688405990601,0.07542529702186584,0.26439008116722107,113,61
0.0031430721282958984,positive,10.0,10.0,0.3249063789844513,0.7044377326965332,0.08071309328079224,-0.003582026343792677,113,62
0.0032205581665039062,positive,10.0,10.0,0.3569614291191101,1.0921990871429443,0.07524651288986206,-0.5359453558921814,113,64
0.003300189971923828,positive,10.0,10.0,0.39672747254371643,1.0902472734451294,0.060116928070783615,-0.4921843707561493,113,66
0.0033788681030273438,positive,10.0,10.0,0.4364190399646759,1.0886991024017334,0.04664969444274902,-0.45758670568466187,113,68
0.0034143924713134766,positive,10.0,10.0,0.4581930339336395,0.8929497003555298,0.03749796003103256,-0.15057210624217987,113,69
0.0034492015838623047,positive,10.0,10.0,0.47605201601982117,1.0875152349472046,0.03448651731014252,-0.43119338154792786,113,70
0.0035238265991210938,positive,10.0,10.0,0.5156407952308655,1.0866644382476807,0.023305822163820267,-0.4122541546821594,113,72
0.00360107421875,positive,10.0,10.0,0.5551984906196594,1.086122989654541,0.012814422138035297,-0.4002093970775604,113,74
0.003634929656982422,positive,10.0,10.0,0.5769209265708923,0.8908215761184692,0.0048102340660989285,-0.10351406037807465,113,75
0.003748655319213867,positive,10.0,10.0,0.634269118309021,1.0859090089797974,-0.007176157087087631,-0.3954343795776367,113,78
0.003782987594604492,positive,10.0,10.0,0.6559873223304749,0.890889585018158,-0.015084844082593918,-0.10502257943153381,113,79
0.0038564205169677734,positive,10.0,10.0,0.695529580116272,0.8913503885269165,-0.02523382194340229,-0.11521060764789581,113,81
0.003929853439331055,positive,10.0,10.0,0.7350930571556091,0.8921035528182983,-0.03585296496748924,-0.13187092542648315,113,83
0.0039637088775634766,positive,10.0,10.0,0.7529351711273193,1.087720274925232,-0.03849038481712341,-0.4356459081172943,113,84
0.003999471664428711,positive,10.0,10.0,0.7746895551681519,0.8931637406349182,-0.04720330238342285,-0.15534064173698425,113,85
0.0041277408599853516,positive,10.0,10.0,0.8322224617004395,1.0904737710952759,-0.06328324973583221,-0.49698448181152344,113,88
0.004166841506958008,positive,10.0,10.0,0.8540319204330444,0.8962985873222351,-0.07322293519973755,-0.22489754855632782,113,89
0.00420379638671875,positive,10.0,10.0,0.8719578981399536,0.7022953629493713,-0.07772088795900345,0.04381917417049408,113,90
0.004325389862060547,positive,10.0,10.0,0.9024596214294434,0.5104581117630005,-0.05905449390411377,0.26442810893058777,113,93
0.004519224166870117,positive,10.0,10.0,0.9770763516426086,0.7097011804580688,-0.07124995440244675,-0.1199701726436615,113,98
0.004595279693603516,positive,10.0,10.0,1.0093857049942017,0.7117615938186646,-0.08233442902565002,-0.1656666100025177,113,100
0.004669666290283203,positive,10.0,10.0,1.033979058265686,0.3241121172904968,-0.08364879339933395,0.3644283413887024,113,102
0.00478363037109375,positive,10.0,10.0,1.0417927503585815,-0.25790783762931824,-0.04582211747765541,1.1692743301391602,113,105
0.004819393157958984,positive,10.0,10.0,1.0366345643997192,-0.45240479707717896,-0.022436631843447685,1.4472465515136719,113,106
0.004853725433349609,positive,10.0,10.0,1.0275864601135254,-0.2570142149925232,0.006508300080895424,1.1476386785507202,113,107
0.0049285888671875,positive,10.0,10.0,1.0212066173553467,0.13273058831691742,0.04660114645957947,0.5737281441688538,113,109
0.00500178337097168,positive,10.0,10.0,1.0304045677185059,0.5214172601699829,0.06399735808372498,0.022266404703259468,113,111
0.005036592483520508,positive,10.0,10.0,1.0408329963684082,0.3254387080669403,0.06444268673658371,0.3344348669052124,113,112
0.005112648010253906,positive,10.0,10.0,1.057733416557312,0.7136209607124329,0.07238638401031494,-0.20666995644569397,113,114
0.005147695541381836,positive,10.0,10.0,1.0720058679580688,0.9076371192932129,0.06825298070907593,-0.47566911578178406,113,115
0.00533747673034668,positive,10.0,10.0,1.1313837766647339,0.3180665671825409,0.07130696624517441,0.49752911925315857,113,120
0.005374908447265625,positive,10.0,10.0,1.1377451419830322,0.5121144652366638,0.08125754445791245,0.22814343869686127,113,121
0.00545501708984375,positive,10.0,10.0,1.1621071100234985,0.8997799754142761,0.08506356924772263,-0.3022617995738983,113,123
0.005610466003417969,positive,10.0,10.0,1.2495559453964233,0.895743191242218,0.04059357941150665,-0.21224558353424072,113,127
0.00572657585144043,positive,10.0,10.0,1.2915608882904053,0.699001133441925,0.04614562168717384,0.11649066209793091,113,130
0.005803346633911133,positive,10.0,10.0,1.3234095573425293,0.6976513862609863,0.045249756425619125,0.14628900587558746,113,132
0.005837917327880859,positive,10.0,10.0,1.3373626470565796,0.5019116401672363,0.04817553609609604,0.45289701223373413,113,133
0.005992889404296875,positive,10.0,10.0,1.3852286338806152,0.4985875189304352,0.0747285857796669,0.5270732045173645,113,137
0.006028652191162109,positive,10.0,10.0,1.395200490951538,0.6925828456878662,0.08527005463838577,0.2588421106338501,113,138
0.0060656070709228516,positive,10.0,10.0,1.4090521335601807,0.8863905072212219,0.09044689685106277,-0.005774142686277628,113,139
0.0062808990478515625,positive,10.0,10.0,1.5052276849746704,1.4647223949432373,0.08404453098773956,-0.7317585349082947,113,144
0.0063190460205078125,positive,10.0,10.0,1.5345221757888794,1.6585886478424072,0.06940936297178268,-0.99685138463974,113,145
0.0063571929931640625,positive,10.0,10.0,1.5676939487457275,1.8527172803878784,0.04947233200073242,-1.2669532299041748,113,146
0.0066716670989990234,positive,10.0,10.0,1.8172423839569092,1.0742830038070679,-0.08145269751548767,-0.13946163654327393,113,154
0.006708621978759766,positive,10.0,10.0,1.8387280702590942,0.8804164528846741,-0.08424192667007446,0.12645351886749268,113,155
0.006744384765625,positive,10.0,10.0,1.8563363552093506,0.6865960359573364,-0.08171285688877106,0.3914152979850769,113,156
0.006819725036621094,positive,10.0,10.0,1.8799227476119995,0.298703134059906,-0.06073940172791481,0.9257912039756775,113,158
0.00685572624206543,positive,10.0,10.0,1.8858968019485474,0.1044517382979393,-0.042223576456308365,1.198784589767456,113,159
0.006932497024536133,positive,10.0,10.0,1.8861838579177856,-0.28499364852905273,0.011310928501188755,1.764869213104248,113,161
0.0070879459381103516,negative,10.0,-10.0,1.8477317094802856,-0.28803640604019165,0.17725132405757904,1.8553028106689453,113,165
0.0001628398895263672,positive,10.0,10.0,0.008168978616595268,0.039608750492334366,0.03817173093557358,0.021273022517561913,114,0
0.00022721290588378906,positive,10.0,10.0,0.008961153216660023,-0.15603923797607422,0.038597188889980316,0.32575100660324097,114,1
0.0002720355987548828,positive,10.0,10.0,0.005840368568897247,0.038512516766786575,0.045112211257219315,0.04548545926809311,114,2
0.0004754066467285156,positive,10.0,10.0,0.0010377540020272136,0.03567782789468765,0.06221103295683861,0.10817402601242065,114,6
0.0005183219909667969,positive,10.0,10.0,0.0017513105412945151,-0.16027788817882538,0.06437451392412186,0.4198172390460968,114,7
0.0006029605865478516,positive,10.0,10.0,-0.0007767342031002045,0.22788415849208832,0.07573292404413223,-0.12076359987258911,114,9
0.0006451606750488281,positive,10.0,10.0,0.003780948929488659,0.4218439757823944,0.07331764698028564,-0.3886251747608185,114,10
0.0007297992706298828,positive,10.0,10.0,0.024534884840250015,0.4198826849460602,0.05239873379468918,-0.3447400629520416,114,12
0.0008115768432617188,positive,10.0,10.0,0.03741365671157837,0.02831205166876316,0.044783830642700195,0.2706804871559143,114,14
0.0009734630584716797,positive,10.0,10.0,0.04740123823285103,0.02545774169266224,0.05653834715485573,0.3338816165924072,114,18
0.001010894775390625,positive,10.0,10.0,0.04791039228439331,0.21973133087158203,0.06321597844362259,0.05955027788877487,114,19
0.0010905265808105469,positive,10.0,10.0,0.05278027057647705,0.21791325509548187,0.07183676958084106,0.09978974610567093,114,21
0.0011680126190185547,positive,10.0,10.0,0.06537725776433945,0.6059278249740601,0.07044472545385361,-0.43789979815483093,114,23
0.0012447834014892578,positive,10.0,10.0,0.08569347858428955,0.21393419802188873,0.05920935794711113,0.18762026727199554,114,25
0.0013620853424072266,positive,10.0,10.0,0.09457646310329437,0.4062056839466095,0.07745298743247986,-0.04263312742114067,114,28
0.0015468597412109375,positive,10.0,10.0,0.12694261968135834,0.4020046293735504,0.07691949605941772,0.0503167100250721,114,32
0.0016679763793945312,positive,10.0,10.0,0.16269899904727936,0.5937916040420532,0.06389781832695007,-0.16932375729084015,114,35
0.0017080307006835938,positive,10.0,10.0,0.1745748370885849,0.397816002368927,0.06051134318113327,0.14281290769577026,114,36
0.0017888545989990234,positive,10.0,10.0,0.18656879663467407,0.39605334401130676,0.07244671136140823,0.18190065026283264,114,38
0.0018258094787597656,positive,10.0,10.0,0.19448986649513245,0.5900678634643555,0.07608472555875778,-0.08707708865404129,114,39
0.001863241195678711,positive,10.0,10.0,0.20629122853279114,0.7840214371681213,0.07434318214654922,-0.3548184037208557,114,40
0.0019428730010986328,positive,10.0,10.0,0.23373016715049744,0.3919069170951843,0.06645380705595016,0.2734687626361847,114,42
0.0019807815551757812,positive,10.0,10.0,0.24156829714775085,0.19590280950069427,0.07192318141460419,0.5863490104675293,114,43
0.0021009445190429688,positive,10.0,10.0,0.26496100425720215,0.7775086760520935,0.09103313833475113,-0.21100066602230072,114,46
0.0021805763244628906,positive,10.0,10.0,0.2921353876590729,0.38495925068855286,0.08899219334125519,0.4277134835720062,114,48
0.0023458003997802734,positive,10.0,10.0,0.34617236256599426,0.7694796323776245,0.09180760383605957,-0.033111363649368286,114,52
0.002469778060913086,positive,10.0,10.0,0.3961629867553711,0.9606809020042419,0.08572599291801453,-0.24011428654193878,114,55
0.0025911331176757812,positive,10.0,10.0,0.45763257145881653,1.1523574590682983,0.06708173453807831,-0.45704931020736694,114,58
0.002628326416015625,positive,10.0,10.0,0.4806797206401825,0.9563544988632202,0.05794075131416321,-0.14399880170822144,114,59
0.0026650428771972656,positive,10.0,10.0,0.49980679154396057,1.1506009101867676,0.055060774087905884,-0.417854368686676,114,60
0.0027015209197998047,positive,10.0,10.0,0.5228188037872314,0.9547436237335205,0.04670368880033493,-0.10833404213190079,114,61
0.0028645992279052734,positive,10.0,10.0,0.6069261431694031,0.9524121284484863,0.028020136058330536,-0.056801650673151016,114,65
0.0030324459075927734,positive,10.0,10.0,0.6908785104751587,0.9510646462440491,0.012769130989909172,-0.027057072147727013,114,69
0.003071308135986328,positive,10.0,10.0,0.7098997831344604,1.1460012197494507,0.012227989733219147,-0.3156839907169342,114,70
0.0033311843872070312,positive,10.0,10.0,0.8278796672821045,1.1456234455108643,0.004236788954585791,-0.30732014775276184,114,76
0.003427267074584961,positive,10.0,10.0,0.8698009848594666,1.1455906629562378,-0.0021756954956799746,-0.30658888816833496,114,78
0.0036165714263916016,positive,10.0,10.0,0.9536523818969727,1.1460723876953125,-0.01519557274878025,-0.3172413408756256,114,82
0.004042863845825195,positive,10.0,10.0,1.1133198738098145,0.5632371306419373,-0.0065389759838581085,0.5050427913665771,114,91
0.004192829132080078,positive,10.0,10.0,1.1510192155838013,0.7582895159721375,0.017850222066044807,0.21388593316078186,114,94
0.00438237190246582,positive,10.0,10.0,1.203840732574463,0.3665299713611603,0.04748585820198059,0.8333112597465515,114,98
0.004473209381103516,positive,10.0,10.0,1.2223907709121704,0.7551373839378357,0.07527073472738266,0.28413137793540955,114,100
0.004516124725341797,positive,10.0,10.0,1.2374935150146484,0.9491096138954163,0.08095335960388184,0.016105642542243004,114,101
0.004654884338378906,positive,10.0,10.0,1.306072473526001,1.5308254957199097,0.06595675647258759,-0.7836634516716003,114,104
0.004702568054199219,positive,10.0,10.0,1.3366889953613281,1.3348621129989624,0.050283487886190414,-0.47098031640052795,114,105
0.004746913909912109,positive,10.0,10.0,1.3633862733840942,1.5292390584945679,0.04086388275027275,-0.747400164604187,114,106
0.004836559295654297,positive,10.0,10.0,1.3939710855484009,1.3335778713226318,0.025915879756212234,-0.4421427249908447,114,107
0.0049991607666015625,positive,10.0,10.0,1.462259292602539,0.7474137544631958,0.017377246171236038,0.4537580907344818,114,110
0.005099058151245117,positive,10.0,10.0,1.4960533380508423,0.7467952966690063,0.029784467071294785,0.4675120711326599,114,112
0.0051462650299072266,positive,10.0,10.0,1.5109891891479492,0.9414840936660767,0.03913470730185509,0.18436378240585327,114,113
0.005351543426513672,positive,10.0,10.0,1.5784313678741455,0.9387621283531189,0.06719045341014862,0.2447933554649353,114,117
0.005400419235229492,positive,10.0,10.0,1.5972065925598145,0.7427480220794678,0.07208631932735443,0.5578901767730713,114,118
0.005464792251586914,positive,10.0,10.0,1.612061619758606,0.9367879629135132,0.08324412256479263,0.2887612283229828,114,119
0.005625724792480469,positive,10.0,10.0,1.679897427558899,1.518107533454895,0.08469091355800629,-0.5030405521392822,114,122
0.005675077438354492,positive,10.0,10.0,1.7102595567703247,1.711940050125122,0.07463009655475616,-0.7678779363632202,114,123
0.0057239532470703125,positive,10.0,10.0,1.744498372077942,1.9059596061706543,0.05927254259586334,-1.036176323890686,114,124
0.0057718753814697266,positive,10.0,10.0,1.7826175689697266,1.7101019620895386,0.03854901343584061,-0.7254897952079773,114,125
0.005876064300537109,positive,10.0,10.0,1.8549129962921143,1.709235668182373,0.003923320677131414,-0.7056608200073242,114,127
0.005925655364990234,positive,10.0,10.0,1.8890976905822754,1.9043030738830566,-0.010189895518124104,-0.99710613489151,114,128
0.006068229675292969,negative,10.0,-10.0,1.927183747291565,1.70931875705719,-0.03013201802968979,-0.7076407670974731,114,129
0.006136417388916016,negative,10.0,-10.0,1.9613701105117798,1.5146269798278809,-0.04428483545780182,-0.4245930314064026,114,130
0.00619053840637207,negative,10.0,-10.0,1.991662621498108,1.710347294807434,-0.05277669429779053,-0.7309012413024902,114,131
0.0062406063079833984,negative,10.0,-10.0,2.025869607925415,1.906157374382019,-0.06739471852779388,-1.0397166013717651,114,132
0.006361722946166992,negative,10.0,-10.0,2.0982325077056885,1.5181878805160522,-0.10356763750314713,-0.5052462816238403,114,134
0.00647425651550293,negative,10.0,-10.0,2.1550896167755127,1.1313358545303345,-0.11861083656549454,0.007862599566578865,114,136
0.006524801254272461,negative,10.0,-10.0,2.1777164936065674,0.9380970001220703,-0.11845358461141586,0.26089441776275635,114,137
0.006632089614868164,negative,10.0,-10.0,2.2113752365112305,0.5514873266220093,-0.10295583307743073,0.7689560055732727,114,139
0.006740093231201172,negative,10.0,-10.0,2.2295634746551514,0.1640678197145462,-0.06702569127082825,1.2915030717849731,114,141
0.006906032562255859,negative,10.0,-10.0,2.2277469635009766,-0.419757604598999,0.026894288137555122,2.1316020488739014,114,144
0.0070819854736328125,negative,10.0,-10.0,2.190833568572998,-0.616668701171875,0.17308875918388367,2.491177558898926,114,147
0.0001595020294189453,positive,10.0,10.0,0.01900329999625683,-0.02415606938302517,0.03529572859406471,-0.00598829984664917,115,0
0.0002970695495605469,positive,10.0,10.0,0.014124860055744648,-0.025162648409605026,0.041128333657979965,0.016233785077929497,115,2
0.00038886070251464844,positive,10.0,10.0,0.009204615838825703,-0.02634168229997158,0.047885093837976456,0.0422767698764801,115,4
0.00042939186096191406,positive,10.0,10.0,0.008677782490849495,-0.22211642563343048,0.04873063042759895,0.34967508912086487,115,5
0.0005121231079101562,positive,10.0,10.0,0.0036810501478612423,-0.22359488904476166,0.05717909336090088,0.3824784457683563,115,7
0.0006341934204101562,positive,10.0,10.0,-0.00588378868997097,-0.03120569698512554,0.07541120052337646,0.14993634819984436,115,10
0.0006718635559082031,positive,10.0,10.0,-0.00650790287181735,0.162759929895401,0.07840992510318756,-0.11803530901670456,115,11
0.0007071495056152344,positive,10.0,10.0,-0.0032527041621506214,0.35667598247528076,0.07604922354221344,-0.3849867880344391,115,12
0.0007855892181396484,positive,10.0,10.0,0.014893626794219017,0.35463669896125793,0.05529437214136124,-0.3393573462963104,115,14
0.0008454322814941406,positive,10.0,10.0,0.021986359730362892,0.15877334773540497,0.04850722476840019,-0.029763072729110718,115,15
0.0008878707885742188,positive,10.0,10.0,0.025161826983094215,-0.03700946271419525,0.04791196435689926,0.27782124280929565,115,16
0.0011219978332519531,positive,10.0,10.0,0.021303238347172737,0.1536455899477005,0.07919272035360336,0.08364003896713257,115,21
0.001165628433227539,positive,10.0,10.0,0.024376150220632553,0.3475482761859894,0.0808655247092247,-0.18304412066936493,115,22
0.001210927963256836,positive,10.0,10.0,0.03132711350917816,0.5414256453514099,0.0772046372294426,-0.44916123151779175,115,23
0.0013382434844970703,positive,10.0,10.0,0.05204709246754646,-0.04672391712665558,0.06916242837905884,0.49284860491752625,115,26
0.0014584064483642578,positive,10.0,10.0,0.06088510528206825,0.5350986123085022,0.08259401470422745,-0.3092311918735504,115,29
0.0014960765838623047,positive,10.0,10.0,0.07158707827329636,0.33890292048454285,0.07640939205884933,0.008314155973494053,115,30
0.001653909683227539,positive,10.0,10.0,0.11417317390441895,0.33481383323669434,0.05659940093755722,0.0986398458480835,115,34
0.0017309188842773438,positive,10.0,10.0,0.1236480176448822,0.3331729769706726,0.06674477458000183,0.1349719762802124,115,36
0.0017673969268798828,positive,10.0,10.0,0.13031147420406342,0.13716164231300354,0.0694442167878151,0.44794273376464844,115,37
0.0018503665924072266,positive,10.0,10.0,0.1396794319152832,0.5251535773277283,0.0819617286324501,-0.08902288228273392,115,39
0.0018887519836425781,positive,10.0,10.0,0.15018250048160553,0.32895830273628235,0.08018127083778381,0.228351891040802,115,40
0.001924753189086914,positive,10.0,10.0,0.15676166117191315,0.5228483080863953,0.08474830538034439,-0.038000695407390594,115,41
0.0020017623901367188,positive,10.0,10.0,0.18155181407928467,0.5204468965530396,0.07793254405260086,0.015157070942223072,115,43
0.0020380020141601562,positive,10.0,10.0,0.19196075201034546,0.7143697142601013,0.0782356858253479,-0.2519552707672119,115,44
0.002076387405395508,positive,10.0,10.0,0.20624814927577972,0.9082924127578735,0.07319658249616623,-0.5189716815948486,115,45
0.0021162033081054688,positive,10.0,10.0,0.22441399097442627,0.7122203707695007,0.06281714886426926,-0.20415061712265015,115,46
0.0021958351135253906,positive,10.0,10.0,0.25678619742393494,0.7104904055595398,0.04920663684606552,-0.1657738983631134,115,48
0.0022726058959960938,positive,10.0,10.0,0.2812900245189667,0.3189517557621002,0.04873150214552879,0.448817640542984,115,50
0.002309560775756836,positive,10.0,10.0,0.2876690626144409,0.5133517384529114,0.057707857340574265,0.17188522219657898,115,51
0.002346515655517578,positive,10.0,10.0,0.2979360818862915,0.3174533545970917,0.061145562678575516,0.48220035433769226,115,52
0.002382040023803711,positive,10.0,10.0,0.3042851686477661,0.5116614103317261,0.07078956812620163,0.2093983292579651,115,53
0.002496480941772461,positive,10.0,10.0,0.3310222923755646,0.7033980488777161,0.09055640548467636,-0.009156289510428905,115,56
0.002531290054321289,positive,10.0,10.0,0.34509027004241943,0.8971124887466431,0.09037328511476517,-0.2719500958919525,115,57
0.002565145492553711,positive,10.0,10.0,0.3630325198173523,1.0908364057540894,0.0849342793226242,-0.5348166227340698,115,58
0.0025987625122070312,positive,10.0,10.0,0.3848492503166199,0.8946292400360107,0.07423795014619827,-0.21662607789039612,115,59
0.0026934146881103516,positive,10.0,10.0,0.42451414465904236,0.892580509185791,0.06020545959472656,-0.17112833261489868,115,61
0.0027348995208740234,positive,10.0,10.0,0.44236573576927185,1.0867913961410522,0.05678289011120796,-0.4442271292209625,115,62
0.002814769744873047,positive,10.0,10.0,0.4819198548793793,1.0853182077407837,0.04521436244249344,-0.41139453649520874,115,64
0.0029075145721435547,positive,10.0,10.0,0.5214179158210754,1.0841584205627441,0.03489033505320549,-0.3855951726436615,115,66
0.0029463768005371094,positive,10.0,10.0,0.5431010723114014,0.8885589241981506,0.027178430929780006,-0.08211887627840042,115,67
0.0030260086059570312,positive,10.0,10.0,0.5825378894805908,0.8878055810928345,0.018213963136076927,-0.06548034399747849,115,69
0.003103017807006836,positive,10.0,10.0,0.6219472289085388,0.8873035311698914,0.009857126511633396,-0.0543963797390461,115,71
0.003183126449584961,positive,10.0,10.0,0.6613389849662781,0.8870371580123901,0.0018901374423876405,-0.04851783066987991,115,73
0.0032203197479248047,positive,10.0,10.0,0.6790797114372253,1.0821319818496704,0.0009197808103635907,-0.3406037986278534,115,74
0.003255605697631836,positive,10.0,10.0,0.700722336769104,0.8869969248771667,-0.005892295390367508,-0.047630973160266876,115,75
0.0032906532287597656,positive,10.0,10.0,0.7184622883796692,1.0822029113769531,-0.006844914983958006,-0.3421671390533447,115,76
0.0033273696899414062,positive,10.0,10.0,0.7401063442230225,0.8871789574623108,-0.013688257895410061,-0.0516505241394043,115,77
0.003380298614501953,positive,10.0,10.0,0.757849931716919,0.692255973815918,-0.014721267856657505,0.23668241500854492,115,78
0.003420591354370117,positive,10.0,10.0,0.7716950178146362,0.8875851035118103,-0.009987619705498219,-0.06060745567083359,115,79
0.003461599349975586,positive,10.0,10.0,0.7894467711448669,1.0828487873077393,-0.011199768632650375,-0.3564247488975525,115,80
0.003545999526977539,positive,10.0,10.0,0.8288614749908447,1.0832676887512207,-0.01967415027320385,-0.36570310592651367,115,82
0.0036885738372802734,positive,10.0,10.0,0.889974057674408,1.2794448137283325,-0.036181218922138214,-0.6819158792495728,115,85
0.0038149356842041016,positive,10.0,10.0,0.9550690650939941,1.0863631963729858,-0.06032175198197365,-0.4346250593662262,115,88
0.003851652145385742,positive,10.0,10.0,0.9767963290214539,0.8921447396278381,-0.06901425123214722,-0.16155114769935608,115,89
0.0039293766021728516,positive,10.0,10.0,1.0164028406143188,0.8941519856452942,-0.08174894005060196,-0.2061169147491455,115,91
0.00404810905456543,positive,10.0,10.0,1.0584216117858887,0.7027151584625244,-0.0781952291727066,0.005962764378637075,115,94
0.004084348678588867,positive,10.0,10.0,1.0724759101867676,0.5087966322898865,-0.07807597517967224,0.27298569679260254,115,95
0.0041201114654541016,positive,10.0,10.0,1.0826518535614014,0.3148705065250397,-0.07261626422405243,0.5400577187538147,115,96
0.004155158996582031,positive,10.0,10.0,1.088949203491211,0.12084042280912399,-0.061815109103918076,0.8090053796768188,115,97
0.004258871078491211,positive,10.0,10.0,1.097701072692871,0.5124871730804443,-0.03568426892161369,0.1908281147480011,115,99
0.004340171813964844,positive,10.0,10.0,1.1143087148666382,0.12323570996522903,-0.022426826879382133,0.754514753818512,115,101
0.004418611526489258,positive,10.0,10.0,1.123146653175354,0.5138844847679138,0.0017606638139113784,0.1598733812570572,115,103
0.004453897476196289,positive,10.0,10.0,1.1334242820739746,0.31873735785484314,0.004958131350576878,0.4531112313270569,115,104
0.004498958587646484,positive,10.0,10.0,1.1397989988327026,0.5137888193130493,0.014020356349647045,0.1619952917098999,115,105
0.004585742950439453,positive,10.0,10.0,1.1564441919326782,0.5133427381515503,0.026441624388098717,0.1718752384185791,115,107
0.004625558853149414,positive,10.0,10.0,1.1667110919952393,0.31785255670547485,0.02987912856042385,0.4727810025215149,115,108
0.004704713821411133,positive,10.0,10.0,1.1833189725875854,0.316878080368042,0.043128013610839844,0.4944906234741211,115,110
0.004784107208251953,positive,10.0,10.0,1.1998838186264038,0.31552785634994507,0.05733193829655647,0.524630069732666,115,112
0.004820108413696289,positive,10.0,10.0,1.2061944007873535,0.5097981095314026,0.06782454252243042,0.25054988265037537,115,113
0.004855632781982422,positive,10.0,10.0,1.2163903713226318,0.7038892507553101,0.0728355348110199,-0.01999233290553093,115,114
0.004891157150268555,positive,10.0,10.0,1.2304681539535522,0.8978951573371887,0.07243569195270538,-0.28883492946624756,115,115
0.004967451095581055,positive,10.0,10.0,1.2702642679214478,0.8959221839904785,0.05550255626440048,-0.2449045032262802,115,117
0.005043745040893555,positive,10.0,10.0,1.302183747291565,0.5042436718940735,0.051899585872888565,0.37296563386917114,115,119
0.005119800567626953,positive,10.0,10.0,1.3262405395507812,0.5026711821556091,0.06130066141486168,0.40789222717285156,115,121
0.005155801773071289,positive,10.0,10.0,1.3362939357757568,0.6968727707862854,0.0694585070014,0.1351480633020401,115,122
0.005190372467041016,positive,10.0,10.0,1.350231409072876,0.500828206539154,0.072161465883255,0.4489102065563202,115,123
0.005224943161010742,positive,10.0,10.0,1.3602479696273804,0.6948592066764832,0.08113966882228851,0.17981819808483124,115,124
0.0053021907806396484,positive,10.0,10.0,1.391919732093811,1.0825434923171997,0.0830119326710701,-0.3509969413280487,115,126
0.005376100540161133,positive,10.0,10.0,1.4390984773635864,1.4703755378723145,0.06366414576768875,-0.884206235408783,115,128
0.005411624908447266,positive,10.0,10.0,1.4685059785842896,1.2744495868682861,0.045980021357536316,-0.572208046913147,115,129
0.005446672439575195,positive,10.0,10.0,1.493994951248169,1.0787140130996704,0.034535862505435944,-0.2654017508029938,115,130
0.005484819412231445,positive,10.0,10.0,1.5155693292617798,0.8831166625022888,0.02922782674431801,0.037970952689647675,115,131
0.005565643310546875,positive,10.0,10.0,1.5469833612442017,0.49205249547958374,0.036781854927539825,0.641716718673706,115,133
0.005686521530151367,positive,10.0,10.0,1.5881778001785278,0.6851372122764587,0.05851709842681885,0.3942640423774719,115,136
0.005881309509277344,positive,10.0,10.0,1.6721127033233643,1.2652679681777954,0.07866761088371277,-0.37018293142318726,115,141
0.005957365036010742,positive,10.0,10.0,1.7266018390655518,1.263149619102478,0.05852273479104042,-0.32281389832496643,115,143
0.006231784820556641,positive,10.0,10.0,1.7906379699707031,0.6755958795547485,0.05774877965450287,0.6049464344978333,115,146
0.006330966949462891,positive,10.0,10.0,1.813744306564331,0.2837223708629608,0.08815261721611023,1.2290372848510742,115,148
0.006369829177856445,negative,10.0,-10.0,1.8194186687469482,0.08758371323347092,0.11273335665464401,1.5479861497879028,115,149
0.006460905075073242,negative,10.0,-10.0,1.826794147491455,0.08456022292375565,0.1695430725812912,1.626499056816101,115,151
0.0004992485046386719,positive,10.0,10.0,0.016582084819674492,-0.16350935399532318,-0.00892581045627594,0.2609332799911499,116,1
0.0006520748138427734,positive,10.0,10.0,0.013311898335814476,-0.35850274562835693,-0.003707145107910037,0.5507875680923462,116,2
0.0009632110595703125,positive,10.0,10.0,0.0028752645011991262,-0.3585544526576996,0.012447386048734188,0.5519181489944458,116,4
0.0012328624725341797,positive,10.0,10.0,-0.004295824561268091,-0.16360951960086823,0.02348574809730053,0.2631828188896179,116,5
0.0023870468139648438,positive,10.0,10.0,-0.018036222085356712,-0.3600209057331085,0.045606829226017,0.5847208499908447,116,8
0.0026786327362060547,positive,10.0,10.0,-0.03635166212916374,-0.36145132780075073,0.07512953877449036,0.6172806620597839,116,10
0.002784252166748047,positive,10.0,10.0,-0.043580688536167145,-0.16745485365390778,0.08747515082359314,0.3491741120815277,116,11
0.004575252532958984,positive,10.0,10.0,0.08638333529233932,0.5838027000427246,0.053971197456121445,-0.17839239537715912,116,31
0.004876375198364258,positive,10.0,10.0,0.12526793777942657,0.38662657141685486,0.03842313587665558,0.1599927544593811,116,34
0.004970550537109375,positive,10.0,10.0,0.1330004781484604,0.19097620248794556,0.04162299260497093,0.464545339345932,116,35
0.005059957504272461,positive,10.0,10.0,0.1368200033903122,0.38548603653907776,0.05091390013694763,0.18526692688465118,116,36
0.005490779876708984,positive,10.0,10.0,0.15976296365261078,0.3820922076702118,0.07948014885187149,0.2606794834136963,116,40
0.006098747253417969,positive,10.0,10.0,0.22473333775997162,0.7640385627746582,0.09007558971643448,-0.14306406676769257,116,46
0.0062983036041259766,positive,10.0,10.0,0.25136908888816833,0.7615223526954651,0.09074674546718597,-0.08732376247644424,116,48
0.006392002105712891,positive,10.0,10.0,0.26659953594207764,0.9552342891693115,0.08900026977062225,-0.3500531017780304,116,49
0.006480693817138672,positive,10.0,10.0,0.28570422530174255,0.7589667439460754,0.08199920505285263,-0.030685467645525932,116,50
0.006569862365722656,positive,10.0,10.0,0.30088356137275696,0.9528229236602783,0.08138550072908401,-0.2964118719100952,116,51
0.006772756576538086,positive,10.0,10.0,0.3350728452205658,0.9506040215492249,0.07587302476167679,-0.24716535210609436,116,53
0.006859779357910156,positive,10.0,10.0,0.35408493876457214,1.1445649862289429,0.07092972099781036,-0.5149844884872437,116,54
0.007234334945678711,positive,10.0,10.0,0.4377381205558777,1.1412670612335205,0.04386204108595848,-0.44124943017959595,116,58
0.007320880889892578,positive,10.0,10.0,0.46056345105171204,0.9455527067184448,0.035037051886320114,-0.13506898283958435,116,59
0.007405757904052734,positive,10.0,10.0,0.4794745147228241,1.1401557922363281,0.03233567252755165,-0.41649559140205383,116,60
0.0075778961181640625,positive,10.0,10.0,0.5022776126861572,0.9445908069610596,0.024005761370062828,-0.11379649490118027,116,61
0.007672786712646484,positive,10.0,10.0,0.5211694240570068,1.1393606662750244,0.021729830652475357,-0.39881014823913574,116,62
0.007769107818603516,positive,10.0,10.0,0.5439566373825073,0.943937361240387,0.013753628358244896,-0.09935622662305832,116,63
0.007977008819580078,positive,10.0,10.0,0.5856125950813293,1.3338124752044678,0.004013135563582182,-0.6766183376312256,116,65
0.008083105087280273,positive,10.0,10.0,0.6122888326644897,1.1386350393295288,-0.00951923057436943,-0.38267460465431213,116,66
0.008172035217285156,positive,10.0,10.0,0.6350615620613098,0.9436494708061218,-0.01717272214591503,-0.09300819784402847,116,67
0.008260011672973633,positive,10.0,10.0,0.6539345383644104,1.1390132904052734,-0.019032886251807213,-0.3910592496395111,116,68
0.008351802825927734,positive,10.0,10.0,0.6767147779464722,0.9441666007041931,-0.026854071766138077,-0.10443742573261261,116,69
0.008543968200683594,positive,10.0,10.0,0.7105869054794312,0.9449634552001953,-0.025349747389554977,-0.12201738357543945,116,71
0.00874018669128418,positive,10.0,10.0,0.7522949576377869,0.9457218050956726,-0.03624187409877777,-0.13879473507404327,116,73
0.008830547332763672,positive,10.0,10.0,0.7712094187736511,1.141343593597412,-0.03901776671409607,-0.4426875114440918,116,74
0.008916616439819336,positive,10.0,10.0,0.7940362691879272,0.946794867515564,-0.04787151888012886,-0.1625548005104065,116,75
0.009000062942504883,positive,10.0,10.0,0.8129721879959106,1.1425682306289673,-0.05112261325120926,-0.46994736790657043,116,76
0.009190082550048828,positive,10.0,10.0,0.8547876477241516,1.1441375017166138,-0.06439767777919769,-0.5049499273300171,116,78
0.009740114212036133,positive,10.0,10.0,0.9459978342056274,0.5644173622131348,-0.08438248932361603,0.25043073296546936,116,83
0.009840011596679688,positive,10.0,10.0,0.9572861790657043,0.37059542536735535,-0.07937387377023697,0.5153501629829407,116,84
0.009966373443603516,positive,10.0,10.0,0.9646981358528137,0.5667401552200317,-0.06906686723232269,0.19874796271324158,116,85
0.01017308235168457,positive,10.0,10.0,0.9834863543510437,0.5686487555503845,-0.05571453273296356,0.15640053153038025,116,87
0.010742902755737305,positive,10.0,10.0,1.0446780920028687,0.5719268321990967,-0.06864528357982635,0.08403681963682175,116,91
0.010855674743652344,positive,10.0,10.0,1.0561167001724243,0.3778526186943054,-0.0669645443558693,0.3542966842651367,116,92
0.011267662048339844,positive,10.0,10.0,1.094254970550537,0.38122934103012085,-0.05268817022442818,0.27935150265693665,116,96
0.011543750762939453,positive,10.0,10.0,1.1056175231933594,0.3826476037502289,-0.03600189462304115,0.24781948328018188,116,98
0.011658430099487305,positive,10.0,10.0,1.1132704019546509,0.1880578249692917,-0.03104550577700138,0.5289327502250671,116,99
0.011864423751831055,positive,10.0,10.0,1.1247036457061768,0.18877890706062317,-0.015934227034449577,0.5127885341644287,116,101
0.012354850769042969,positive,10.0,10.0,1.1398228406906128,0.18897967040538788,0.024709606543183327,0.5083431005477905,116,105
0.012568473815917969,positive,10.0,10.0,1.1512773036956787,0.1881422996520996,0.039347436279058456,0.5270254015922546,116,107
0.012701988220214844,positive,10.0,10.0,1.1550401449203491,0.3826891779899597,0.049887944012880325,0.24699616432189941,116,108
0.012831449508666992,positive,10.0,10.0,1.162693977355957,0.18689152598381042,0.054827868938446045,0.5549882054328918,116,109
0.013151168823242188,positive,10.0,10.0,1.1855623722076416,0.3792541027069092,0.07170681655406952,0.32325446605682373,116,112
0.013399839401245117,positive,10.0,10.0,1.204613208770752,0.7672047019004822,0.07925228774547577,-0.21301235258579254,116,114
0.013498544692993164,positive,10.0,10.0,1.2199572324752808,0.9611093997955322,0.07499203830957413,-0.4796806275844574,116,115
0.013589859008789062,positive,10.0,10.0,1.2391794919967651,1.1550970077514648,0.06539842486381531,-0.7478172779083252,116,116
0.013686895370483398,positive,10.0,10.0,1.2622814178466797,0.9591367244720459,0.050442080944776535,-0.43529173731803894,116,117
0.013884782791137695,positive,10.0,10.0,1.296730875968933,0.5676441192626953,0.03919336572289467,0.17840859293937683,116,119
0.014079093933105469,positive,10.0,10.0,1.315523386001587,0.5664770007133484,0.052425406873226166,0.20428849756717682,116,121
0.014985084533691406,positive,10.0,10.0,1.4401395320892334,1.5310410261154175,0.07085131853818893,-1.0192004442214966,116,130
0.01529383659362793,positive,10.0,10.0,1.5202467441558838,0.9436478614807129,0.028424415737390518,-0.09308350831270218,116,133
0.015399932861328125,positive,10.0,10.0,1.5391197204589844,1.1383510828018188,0.02656274475157261,-0.37666475772857666,116,134
0.01570272445678711,positive,10.0,10.0,1.5956933498382568,0.5521047711372375,0.021972909569740295,0.5210552215576172,116,137
0.0158236026763916,positive,10.0,10.0,1.6067354679107666,0.7469106316566467,0.03239401429891586,0.2353764921426773,116,138
0.01594829559326172,positive,10.0,10.0,1.6216737031936646,0.5513412356376648,0.03710154443979263,0.538098931312561,116,139
0.016256093978881836,positive,10.0,10.0,1.6586220264434814,0.7444906830787659,0.06430460512638092,0.2891983091831207,116,142
0.016862869262695312,positive,10.0,10.0,1.7484805583953857,0.9344263672828674,0.0741882175207138,0.11066389083862305,116,147
0.016960620880126953,positive,10.0,10.0,1.7671691179275513,0.7383240461349487,0.0764014944434166,0.42579954862594604,116,148
0.01705193519592285,positive,10.0,10.0,1.7819355726242065,0.5422077775001526,0.08491748571395874,0.7415560483932495,116,149
0.017451763153076172,negative,10.0,-10.0,1.8017613887786865,-0.24315878748893738,0.18277974426746368,2.044888973236084,116,153
0.0002624988555908203,positive,10.0,10.0,0.02288200519979,-0.029012929648160934,-0.043200768530368805,-0.0071990005671978,117,0
0.0003745555877685547,positive,10.0,10.0,0.022301746532320976,-0.22348955273628235,-0.04334474727511406,0.27154669165611267,117,1
0.0006973743438720703,positive,10.0,10.0,0.005025941878557205,-0.0268379095941782,-0.02199149690568447,-0.05518132075667381,117,4
0.0009305477142333984,positive,10.0,10.0,-0.008272014558315277,-0.2210448682308197,-0.008169623091816902,0.21734187006950378,117,7
0.0010771751403808594,positive,10.0,10.0,-0.0210138950496912,-0.22087348997592926,0.006325946189463139,0.21355141699314117,117,9
0.0011451244354248047,positive,10.0,10.0,-0.02543136477470398,-0.41608530282974243,0.01059697475284338,0.5082231163978577,117,10
0.0012409687042236328,positive,10.0,10.0,-0.03375307098031044,-0.22111424803733826,0.020761435851454735,0.21889840066432953,117,11
0.001321554183959961,positive,10.0,10.0,-0.03817535564303398,-0.026295136660337448,0.025139404460787773,-0.0671638697385788,117,12
0.001474142074584961,positive,10.0,10.0,-0.04313662275671959,-0.4172220528125763,0.02846299670636654,0.5334364771842957,117,14
0.001539468765258789,positive,10.0,10.0,-0.05148106440901756,-0.22251172363758087,0.03913172706961632,0.24985626339912415,117,15
0.0016021728515625,positive,10.0,10.0,-0.055931299924850464,-0.4181700050830841,0.04412885010242462,0.5546208024024963,117,16
0.0016658306121826172,positive,10.0,10.0,-0.06429470330476761,-0.2236945629119873,0.05522126704454422,0.2761612832546234,117,17
0.0017285346984863281,positive,10.0,10.0,-0.06876859068870544,-0.4195590913295746,0.06074449419975281,0.5857370495796204,117,18
0.001789093017578125,positive,10.0,10.0,-0.07715976983308792,-0.22533822059631348,0.07245923578739166,0.31279098987579346,117,19
0.0018503665924072266,positive,10.0,10.0,-0.08166653662919998,-0.031319309026002884,0.07871505618095398,0.0438106432557106,117,20
0.0019123554229736328,positive,10.0,10.0,-0.08229292184114456,0.16259083151817322,0.07959126681089401,-0.22303557395935059,117,21
0.0023241043090820312,positive,10.0,10.0,-0.051376260817050934,-0.23261693120002747,0.04190594330430031,0.4729008376598358,117,27
0.0023860931396484375,positive,10.0,10.0,-0.05602859705686569,-0.03811110556125641,0.05136395990848541,0.19371499121189117,117,28
0.0024442672729492188,positive,10.0,10.0,-0.05679082125425339,-0.23392875492572784,0.055238258093595505,0.502148449420929,117,29
0.0025708675384521484,positive,10.0,10.0,-0.06226193904876709,-0.23561833798885345,0.06982867419719696,0.5399119853973389,117,31
0.0026285648345947266,positive,10.0,10.0,-0.06697430461645126,-0.0415438711643219,0.08062691241502762,0.2700226902961731,117,32
0.002821683883666992,positive,10.0,10.0,-0.05783577263355255,0.5399240851402283,0.08089318126440048,-0.5248598456382751,117,35
0.003016233444213867,positive,10.0,10.0,-0.03720787540078163,-0.048297345638275146,0.06836371123790741,0.41903313994407654,117,38
0.0030884742736816406,positive,10.0,10.0,-0.038173820823431015,-0.24431805312633514,0.07674437016248703,0.732460618019104,117,39
0.003147125244140625,positive,10.0,10.0,-0.04306018352508545,-0.05033571273088455,0.09139358252286911,0.46488428115844727,117,40
0.0037555694580078125,positive,10.0,10.0,0.024873897433280945,0.5226091146469116,0.08086560666561127,-0.14145581424236298,117,49
0.004132509231567383,positive,10.0,10.0,0.07556027173995972,0.5161459445953369,0.08856530487537384,0.0015972505789250135,117,55
0.004189968109130859,positive,10.0,10.0,0.08588318526744843,0.7098934650421143,0.08859725296497345,-0.2618808150291443,117,56
0.004244565963745117,positive,10.0,10.0,0.10008105635643005,0.9036464095115662,0.08335963636636734,-0.5253567099571228,117,57
0.0042972564697265625,positive,10.0,10.0,0.11815398186445236,0.7074564099311829,0.07285249978303909,-0.20761428773403168,117,58
0.004419088363647461,positive,10.0,10.0,0.15033242106437683,0.7054437398910522,0.059171099215745926,-0.16293533146381378,117,60
0.004472017288208008,positive,10.0,10.0,0.1644412875175476,0.5095268487930298,0.05591239407658577,0.1478118747472763,117,61
0.004523754119873047,positive,10.0,10.0,0.17463183403015137,0.3136506676673889,0.05886863172054291,0.45759671926498413,117,62
0.00475311279296875,positive,10.0,10.0,0.20741821825504303,0.6997747421264648,0.08621128648519516,-0.03772779181599617,117,66
0.004804849624633789,positive,10.0,10.0,0.221413716673851,0.8935614228248596,0.0854567289352417,-0.3020135164260864,117,67
0.004858493804931641,positive,10.0,10.0,0.239284947514534,0.6973320245742798,0.07941646128892899,0.016350144520401955,117,68
0.004980564117431641,positive,10.0,10.0,0.271056205034256,1.0851285457611084,0.07473832368850708,-0.516759991645813,117,70
0.00509333610534668,positive,10.0,10.0,0.3183412253856659,1.083177924156189,0.0487033911049366,-0.47275713086128235,117,72
0.005274772644042969,positive,10.0,10.0,0.37158769369125366,0.8863312005996704,0.03873908147215843,-0.14145778119564056,117,75
0.00550389289855957,positive,10.0,10.0,0.45023685693740845,0.8845143914222717,0.0170831810683012,-0.10128209739923477,117,79
0.005611419677734375,positive,10.0,10.0,0.48951488733291626,0.884054958820343,0.007287003565579653,-0.09113460779190063,117,81
0.005881071090698242,positive,10.0,10.0,0.58571457862854,1.0792444944381714,-0.013298065401613712,-0.3853204846382141,117,86
0.00598597526550293,positive,10.0,10.0,0.6249857544898987,1.0797303915023804,-0.022941671311855316,-0.39609494805336,117,88
0.006036996841430664,positive,10.0,10.0,0.6465803384780884,0.8849413394927979,-0.030863570049405098,-0.11073250323534012,117,89
0.006196498870849609,positive,10.0,10.0,0.7036060690879822,1.081542730331421,-0.04395637288689613,-0.4363495111465454,117,92
0.0062448978424072266,positive,10.0,10.0,0.7252369523048401,0.8870697021484375,-0.05268336459994316,-0.15784072875976562,117,93
0.006293296813964844,positive,10.0,10.0,0.7429783344268799,1.0829048156738281,-0.055840179324150085,-0.4666675627231598,117,94
0.00684046745300293,positive,10.0,10.0,0.9162342548370361,0.5124883055686951,-0.08883808553218842,0.08262500166893005,117,105
0.0068874359130859375,positive,10.0,10.0,0.9264839887619019,0.3187446892261505,-0.0871855840086937,0.3460102677345276,117,106
0.00707697868347168,positive,10.0,10.0,0.9365197420120239,0.32282161712646484,-0.039277948439121246,0.25488921999931335,117,110
0.007219076156616211,positive,10.0,10.0,0.9676273465156555,0.5194721817970276,-0.042242299765348434,-0.07180161774158478,117,113
0.007277965545654297,positive,10.0,10.0,0.9780167937278748,0.7151734828948975,-0.04367833212018013,-0.3775072395801544,117,114
0.00732421875,positive,10.0,10.0,0.9923202991485596,0.5206981897354126,-0.05122847855091095,-0.098909892141819,117,115
0.007367849349975586,positive,10.0,10.0,1.0027341842651367,0.7165154814720154,-0.0532066747546196,-0.4073050916194916,117,116
0.007462263107299805,positive,10.0,10.0,1.02750825881958,0.7181314826011658,-0.06398997455835342,-0.4432503283023834,117,118
0.007602691650390625,positive,10.0,10.0,1.058949589729309,0.13601242005825043,-0.07433441281318665,0.3651079833507538,117,121
0.007868289947509766,positive,10.0,10.0,1.0794415473937988,0.1407340168952942,-0.0423470102250576,0.26010143756866455,117,127
0.008043766021728516,positive,10.0,10.0,1.0829609632492065,0.14254982769489288,-0.011278043501079082,0.21980349719524384,117,131
0.008130073547363281,positive,10.0,10.0,1.084763765335083,0.14280912280082703,0.0032961787655949593,0.21406394243240356,117,133
0.008170366287231445,positive,10.0,10.0,1.0876199007034302,-0.052359797060489655,0.007577457465231419,0.5077847838401794,117,134
0.008213281631469727,positive,10.0,10.0,1.0865727663040161,0.14265456795692444,0.017733152955770493,0.21749939024448395,117,135
0.008252143859863281,positive,10.0,10.0,1.089425802230835,0.3375186026096344,0.022083140909671783,-0.06953740864992142,117,136
0.008337736129760742,positive,10.0,10.0,1.0990179777145386,-0.053324319422245026,0.025292998179793358,0.5291677713394165,117,138
0.008430957794189453,positive,10.0,10.0,1.1007801294326782,-0.05418267846107483,0.040767569094896317,0.5483406782150269,117,140
0.008515119552612305,positive,10.0,10.0,1.1025032997131348,0.33469051122665405,0.057109907269477844,-0.007151157595217228,117,142
0.00855565071105957,positive,10.0,10.0,1.1091971397399902,0.13879799842834473,0.056966882199048996,0.30298975110054016,117,143
0.008591651916503906,positive,10.0,10.0,1.1119731664657593,0.3330637514591217,0.06302667409181595,0.02880302257835865,117,144
0.008671998977661133,positive,10.0,10.0,1.121376395225525,0.33125928044319153,0.07041647285223007,0.06871913373470306,117,146
0.008842706680297852,positive,10.0,10.0,1.1399517059326172,0.32694554328918457,0.0903211236000061,0.16435737907886505,117,150
0.008881330490112305,positive,10.0,10.0,1.1464905738830566,0.13065451383590698,0.09360826760530472,0.48411205410957336,117,151
0.009091615676879883,positive,10.0,10.0,1.1982671022415161,1.0982829332351685,0.09015779942274094,-0.8091850876808167,117,156
0.009130239486694336,positive,10.0,10.0,1.2202327251434326,1.292061448097229,0.07397410273551941,-1.0722018480300903,117,157
0.009168386459350586,positive,10.0,10.0,1.2460739612579346,1.4861317873001099,0.052530061453580856,-1.3407825231552124,117,158
0.009208202362060547,positive,10.0,10.0,1.27579665184021,1.6805546283721924,0.025714410468935966,-1.6165778636932373,117,159
0.009257316589355469,positive,10.0,10.0,1.3094077110290527,1.485139012336731,-0.006617145147174597,-1.3159921169281006,117,160
0.009426355361938477,positive,10.0,10.0,1.4048429727554321,1.0971051454544067,-0.07766582816839218,-0.7812364101409912,117,164
0.009667634963989258,positive,10.0,10.0,1.4783878326416016,0.3255190849304199,-0.09284445643424988,0.1960088312625885,117,170
0.009705066680908203,positive,10.0,10.0,1.4848982095718384,0.13183936476707458,-0.08892428129911423,0.45802009105682373,117,171
0.009742975234985352,positive,10.0,10.0,1.487534999847412,-0.06192035973072052,-0.07976388186216354,0.7214019894599915,117,172
0.009857892990112305,positive,10.0,10.0,1.4877822399139404,-0.2542101740837097,-0.0437193438410759,0.9502328634262085,117,175
0.010130167007446289,negative,10.0,-10.0,1.417107343673706,-0.8418176770210266,0.14128762483596802,1.890702247619629,117,182
0.0003414154052734375,positive,10.0,10.0,-0.004511646926403046,0.015198227018117905,-0.04122953489422798,-0.04792962223291397,118,0
0.0004901885986328125,positive,10.0,10.0,-0.004207682330161333,-0.17930901050567627,-0.0421881265938282,0.23146525025367737,118,1
0.0007536411285400391,positive,10.0,10.0,-0.015269933268427849,-0.17817316949367523,-0.02734786458313465,0.2062695175409317,118,3
0.0008676052093505859,positive,10.0,10.0,-0.018833396956324577,-0.3728936016559601,-0.02322247438132763,0.4902016520500183,118,4
0.0009615421295166016,positive,10.0,10.0,-0.026291267946362495,-0.17745187878608704,-0.013418440707027912,0.19029133021831512,118,5
0.001054525375366211,positive,10.0,10.0,-0.02984030544757843,-0.3723793029785156,-0.009612614288926125,0.4787112772464752,118,6
0.0013604164123535156,positive,10.0,10.0,-0.048275239765644073,-0.17717376351356506,0.013135597109794617,0.18414588272571564,118,9
0.0014543533325195312,positive,10.0,10.0,-0.051818713545799255,-0.37248116731643677,0.016818514093756676,0.4809434711933136,118,10
0.001645803451538086,positive,10.0,10.0,-0.07062506675720215,-0.7633117437362671,0.04201497137546539,1.0797615051269531,118,12
0.0022711753845214844,negative,10.0,-10.0,-0.14301921427249908,0.008442053571343422,0.1494365781545639,0.1021466851234436,118,18
0.0025179386138916016,negative,10.0,-10.0,-0.13882754743099213,0.004211305174976587,0.14868131279945374,0.19646750390529633,118,20
0.002619504928588867,negative,10.0,-10.0,-0.1387433111667633,0.19692838191986084,0.1526106595993042,-0.04586739093065262,118,21
0.0028252601623535156,negative,10.0,-10.0,-0.12701334059238434,0.5822399258613586,0.14595775306224823,-0.5280369520187378,118,23
0.0037660598754882812,positive,10.0,10.0,-0.023863058537244797,0.5657656788825989,0.09377254545688629,-0.1592857539653778,118,33
0.003947734832763672,positive,10.0,10.0,0.0026408282574266195,0.5631479024887085,0.08216731995344162,-0.10116515308618546,118,35
0.004472255706787109,positive,10.0,10.0,0.06653302907943726,0.36278101801872253,0.06534213572740555,0.30817532539367676,118,40
0.0046765804290771484,positive,10.0,10.0,0.08492692559957504,0.7509415745735168,0.07224152982234955,-0.23249870538711548,118,42
0.004873514175415039,positive,10.0,10.0,0.11884497851133347,0.7489545941352844,0.05756059288978577,-0.18835312128067017,118,44
0.00496673583984375,positive,10.0,10.0,0.13382406532764435,0.553058385848999,0.0537935309112072,0.12191800773143768,118,45
0.005059003829956055,positive,10.0,10.0,0.14488524198532104,0.35720863938331604,0.05623188987374306,0.4310753345489502,118,46
0.005251169204711914,positive,10.0,10.0,0.16305923461914062,0.35550346970558167,0.06798610836267471,0.46905267238616943,118,48
0.0054378509521484375,positive,10.0,10.0,0.18116134405136108,0.7435374855995178,0.08133815228939056,-0.0687597319483757,118,50
0.005526065826416016,positive,10.0,10.0,0.1960321068763733,0.9374047517776489,0.07996295392513275,-0.3347122073173523,118,51
0.005610466003417969,positive,10.0,10.0,0.21478019654750824,0.7412412166595459,0.07326871156692505,-0.017923055216670036,118,52
0.005794525146484375,positive,10.0,10.0,0.24830982089042664,0.7391582131385803,0.06717786937952042,0.02813917025923729,118,54
0.0064754486083984375,positive,10.0,10.0,0.3474326729774475,0.925804615020752,0.08707050234079361,-0.07797161489725113,118,61
0.007045745849609375,positive,10.0,10.0,0.4698773920536041,1.3091375827789307,0.06804471462965012,-0.5119801759719849,118,67
0.007131338119506836,positive,10.0,10.0,0.4960601329803467,1.1131263971328735,0.05780511349439621,-0.1986542046070099,118,68
0.007214069366455078,positive,10.0,10.0,0.5183226466178894,1.3073760271072388,0.053832028061151505,-0.4725566506385803,118,69
0.007385969161987305,positive,10.0,10.0,0.5667009353637695,1.3059961795806885,0.041112810373306274,-0.4417625665664673,118,71
0.007559061050415039,positive,10.0,10.0,0.6150271892547607,1.304962396621704,0.029549388214945793,-0.41873612999916077,118,73
0.007825374603271484,positive,10.0,10.0,0.6894000768661499,1.4990965127944946,0.010780666023492813,-0.6894990801811218,118,76
0.008005142211914062,positive,10.0,10.0,0.7454585433006287,1.1087474822998047,-0.010878152213990688,-0.10170920193195343,118,78
0.008114814758300781,positive,10.0,10.0,0.7676334977149963,0.9137831330299377,-0.012912335805594921,0.18752194941043854,118,79
0.008310794830322266,positive,10.0,10.0,0.80809086561203,1.3043394088745117,-0.011346020735800266,-0.4047654867172241,118,81
0.008397817611694336,positive,10.0,10.0,0.8341776728630066,1.1093802452087402,-0.019441330805420876,-0.11568114161491394,118,82
0.008480548858642578,positive,10.0,10.0,0.8563652634620667,1.3047752380371094,-0.021754954010248184,-0.41443371772766113,118,83
0.008658409118652344,positive,10.0,10.0,0.9124647378921509,1.3055052757263184,-0.04432152584195137,-0.430818110704422,118,85
0.008839130401611328,positive,10.0,10.0,0.9607956409454346,1.3068764209747314,-0.05598648637533188,-0.4613325595855713,118,87
0.009014606475830078,positive,10.0,10.0,1.0169880390167236,1.3085763454437256,-0.08063561469316483,-0.49965164065361023,118,89
0.009093284606933594,positive,10.0,10.0,1.0431596040725708,1.1146782636642456,-0.09062864631414413,-0.23343074321746826,118,90
0.009605169296264648,positive,10.0,10.0,1.1500252485275269,0.7329111099243164,-0.08681685477495193,0.16654781997203827,118,96
0.009682416915893555,positive,10.0,10.0,1.16468346118927,0.5391322374343872,-0.08348590135574341,0.43062928318977356,118,97
0.009855508804321289,positive,10.0,10.0,1.190172791481018,0.5413573384284973,-0.07261651754379272,0.38099291920661926,118,99
0.010125160217285156,positive,10.0,10.0,1.2266144752502441,0.7392659783363342,-0.056913819164037704,0.02575339749455452,118,102
0.010293960571289062,positive,10.0,10.0,1.2522999048233032,0.7408829927444458,-0.050399746745824814,-0.009972909465432167,118,104
0.010367155075073242,positive,10.0,10.0,1.2671175003051758,0.5465187430381775,-0.05059920623898506,0.2663920521736145,118,105
0.010436773300170898,positive,10.0,10.0,1.2780479192733765,0.35215407609939575,-0.045271363109350204,0.5426960587501526,118,106
0.010673999786376953,positive,10.0,10.0,1.3031140565872192,0.5487955212593079,-0.019340837374329567,0.21583999693393707,118,109
0.01074528694152832,positive,10.0,10.0,1.3140898942947388,0.35395532846450806,-0.015024037100374699,0.5023597478866577,118,110
0.010817766189575195,positive,10.0,10.0,1.3211690187454224,0.5492857694625854,-0.0049768416211009026,0.20498023927211761,118,111
0.01088714599609375,positive,10.0,10.0,1.3321547508239746,0.35423535108566284,-0.0008772366563789546,0.49608907103538513,118,112
0.011127471923828125,positive,10.0,10.0,1.3573092222213745,0.5490542650222778,0.023080183193087578,0.21012850105762482,118,115
0.011194229125976562,positive,10.0,10.0,1.3682903051376343,0.3536100387573242,0.027282752096652985,0.5100017189979553,118,116
0.011261224746704102,positive,10.0,10.0,1.375362515449524,0.5483372211456299,0.03748278692364693,0.22603978216648102,118,117
0.011403083801269531,positive,10.0,10.0,1.393383264541626,0.5472068786621094,0.05260971561074257,0.2511492967605591,118,119
0.011468887329101562,positive,10.0,10.0,1.404327392578125,0.35137468576431274,0.057632699608802795,0.5599513053894043,118,120
0.011531829833984375,positive,10.0,10.0,1.411354899406433,0.5456423759460449,0.06883172690868378,0.28596818447113037,118,121
0.011672019958496094,positive,10.0,10.0,1.43706214427948,0.9336966276168823,0.07486636191606522,-0.2524973452091217,118,123
0.011738061904907227,positive,10.0,10.0,1.4557360410690308,1.1276741027832031,0.06981641799211502,-0.5206584334373474,118,124
0.01180267333984375,positive,10.0,10.0,1.4782896041870117,0.9316424131393433,0.05940324813127518,-0.2068178355693817,118,125
0.011865377426147461,positive,10.0,10.0,1.4969223737716675,0.7357235550880432,0.05526689067482948,0.1039964035153389,118,126
0.012085676193237305,positive,10.0,10.0,1.5371164083480835,0.9282428622245789,0.06840912997722626,-0.1317564994096756,118,129
0.012166738510131836,positive,10.0,10.0,1.5556812286376953,0.7322110533714294,0.06577400118112564,0.18170002102851868,118,130
0.012312889099121094,positive,10.0,10.0,1.5810496807098389,0.7302905917167664,0.07929570972919464,0.2243591696023941,118,132
0.01245427131652832,positive,10.0,10.0,1.614139437675476,1.1180217266082764,0.08293699473142624,-0.30741193890571594,118,134
0.012593269348144531,positive,10.0,10.0,1.662737250328064,1.5058361291885376,0.06533216685056686,-0.840367317199707,118,136
0.012807130813598633,positive,10.0,10.0,1.7413339614868164,0.9184725284576416,0.03356121480464935,0.08410822600126266,118,139
0.013087272644042969,positive,10.0,10.0,1.791338562965393,0.13575702905654907,0.07673599570989609,1.3066389560699463,118,143
0.013358354568481445,negative,10.0,-10.0,1.794258952140808,0.12990455329418182,0.19648614525794983,1.4571890830993652,118,147
0.0004124641418457031,positive,10.0,10.0,0.022886261343955994,-0.23609133064746857,-0.02911181002855301,0.2845447063446045,119,1
0.0006875991821289062,positive,10.0,10.0,-0.0029627298936247826,-0.8205274343490601,0.004999577533453703,1.1419845819473267,119,4
0.0008494853973388672,positive,10.0,10.0,-0.03188270330429077,-0.8209614157676697,0.04485674202442169,1.1521791219711304,119,6
0.0009248256683349609,positive,10.0,10.0,-0.04830193147063255,-0.6264525055885315,0.06790032237768173,0.8738926649093628,119,7
0.0016334056854248047,positive,10.0,10.0,-0.047832190990448,0.5332326889038086,0.07200595736503601,-0.6421573758125305,119,15
0.001994609832763672,positive,10.0,10.0,-0.02868964523077011,0.13977646827697754,0.0581066869199276,0.016097836196422577,119,19
0.0023469924926757812,positive,10.0,10.0,-0.025411896407604218,0.13624930381774902,0.07332164794206619,0.09412529319524765,119,23
0.0024306774139404297,positive,10.0,10.0,-0.0226869098842144,0.3302479386329651,0.07520414888858795,-0.1745535433292389,119,24
0.002613067626953125,positive,10.0,10.0,-0.005597601179033518,0.3281579613685608,0.06286115199327469,-0.1281973421573639,119,26
0.0027916431427001953,positive,10.0,10.0,0.0036094477400183678,-0.06373609602451324,0.0639699324965477,0.49471473693847656,119,28
0.0029783248901367188,positive,10.0,10.0,0.004943288397043943,0.32442089915275574,0.07832139730453491,-0.04564090445637703,119,30
0.003245115280151367,positive,10.0,10.0,0.02824251540005207,0.12613652646541595,0.07122485339641571,0.31769272685050964,119,33
0.0034189224243164062,positive,10.0,10.0,0.03716875612735748,0.5141043066978455,0.07854460179805756,-0.2189384251832962,119,35
0.0035207271575927734,positive,10.0,10.0,0.04745084419846535,0.7080207467079163,0.07416583597660065,-0.48584794998168945,119,36
0.0036172866821289062,positive,10.0,10.0,0.06161126121878624,0.5119349360466003,0.06444887071847916,-0.1707429438829422,119,37
0.0037031173706054688,positive,10.0,10.0,0.07184995710849762,0.3159525394439697,0.06103401631116867,0.14155514538288116,119,38
0.0037872791290283203,positive,10.0,10.0,0.07816901057958603,0.12001197785139084,0.06386511772871017,0.4528515934944153,119,39
0.0038712024688720703,positive,10.0,10.0,0.08056924492120743,0.31417539715766907,0.07292214781045914,0.18096379935741425,119,40
0.004051923751831055,positive,10.0,10.0,0.09701640158891678,0.7021283507347107,0.07478436827659607,-0.35543909668922424,119,42
0.004133939743041992,positive,10.0,10.0,0.11105896532535553,0.5060271620750427,0.06767558306455612,-0.04014340788125992,119,43
0.0042116641998291016,positive,10.0,10.0,0.12117951363325119,0.3100033104419708,0.06687271595001221,0.27310073375701904,119,44
0.00429081916809082,positive,10.0,10.0,0.12737958133220673,0.1139940619468689,0.07233472913503647,0.5861033797264099,119,45
0.0043773651123046875,positive,10.0,10.0,0.12965945899486542,0.3080323040485382,0.0840568020939827,0.31705498695373535,119,46
0.004456996917724609,positive,10.0,10.0,0.13582010567188263,0.5018627047538757,0.0903979018330574,0.05201955512166023,119,47
0.004727840423583984,positive,10.0,10.0,0.1775546371936798,0.6930451393127441,0.07775519788265228,-0.15447594225406647,119,50
0.00481414794921875,positive,10.0,10.0,0.19141553342342377,0.4969009757041931,0.07466568052768707,0.16168837249279022,119,51
0.00489497184753418,positive,10.0,10.0,0.2013535499572754,0.6908789873123169,0.07789944857358932,-0.10653666406869888,119,52
0.0050084590911865234,positive,10.0,10.0,0.21517112851142883,0.8848032355308533,0.07576871663331985,-0.3736615478992462,119,53
0.0051076412200927734,positive,10.0,10.0,0.23286719620227814,0.6886913180351257,0.06829548627138138,-0.05808298662304878,119,54
0.005199909210205078,positive,10.0,10.0,0.24664102494716644,0.49265995621681213,0.0671338215470314,0.2553417980670929,119,55
0.005881547927856445,positive,10.0,10.0,0.32691746950149536,0.6829527616500854,0.05035299062728882,0.06872369349002838,119,60
0.00597071647644043,positive,10.0,10.0,0.34057652950286865,0.8773179650306702,0.05172746255993843,-0.207657128572464,119,61
0.00605463981628418,positive,10.0,10.0,0.35812288522720337,0.6814960241317749,0.04757431894540787,0.1008840799331665,119,62
0.006235599517822266,positive,10.0,10.0,0.3892709016799927,1.0702834129333496,0.04606364294886589,-0.4530530273914337,119,64
0.006315708160400391,positive,10.0,10.0,0.4106765687465668,0.8745414018630981,0.03700258210301399,-0.14621348679065704,119,65
0.006394863128662109,positive,10.0,10.0,0.4281674027442932,1.0691144466400146,0.034078314900398254,-0.42699700593948364,119,66
0.0064737796783447266,positive,10.0,10.0,0.44954967498779297,0.8735268115997314,0.025538373738527298,-0.12376881390810013,119,67
0.006646633148193359,positive,10.0,10.0,0.48838570713996887,0.8728325366973877,0.014897266402840614,-0.10842269659042358,119,69
0.007002592086791992,positive,10.0,10.0,0.5738004446029663,0.872494101524353,-0.01671520061790943,-0.10095669329166412,119,73
0.007262706756591797,positive,10.0,10.0,0.6300673484802246,1.0684946775436401,-0.02895461395382881,-0.41313716769218445,119,76
0.007341861724853516,positive,10.0,10.0,0.6514372229576111,0.8737948536872864,-0.03721735626459122,-0.12972132861614227,119,77
0.0075342655181884766,positive,10.0,10.0,0.6903017163276672,0.8748932480812073,-0.048489976674318314,-0.15403792262077332,119,79
0.007632732391357422,positive,10.0,10.0,0.7077995538711548,1.0706747770309448,-0.05157073587179184,-0.4616154432296753,119,80
0.007724285125732422,positive,10.0,10.0,0.7292130589485168,0.8763181567192078,-0.060803044587373734,-0.18562322854995728,119,81
0.007811307907104492,positive,10.0,10.0,0.7467394471168518,1.07225501537323,-0.06451550871133804,-0.4968504309654236,119,82
0.007896900177001953,positive,10.0,10.0,0.7681845426559448,1.2682244777679443,-0.07445251941680908,-0.8091475367546082,119,83
0.00797724723815918,positive,10.0,10.0,0.7935490608215332,1.0741974115371704,-0.09063547104597092,-0.5407820343971252,119,84
0.008436203002929688,positive,10.0,10.0,0.8622510433197021,0.49645280838012695,-0.092723548412323,0.17195028066635132,119,89
0.008522748947143555,positive,10.0,10.0,0.8721801042556763,0.30277183651924133,-0.08928454667329788,0.43400201201438904,119,90
0.008881568908691406,positive,10.0,10.0,0.8965424299240112,0.6970803737640381,-0.057704899460077286,-0.24331960082054138,119,94
0.009055137634277344,positive,10.0,10.0,0.9283435940742493,0.6987869739532471,-0.07364391535520554,-0.28130024671554565,119,96
0.00922703742980957,positive,10.0,10.0,0.9524151086807251,0.3108876645565033,-0.07952438294887543,0.25393399596214294,119,98
0.009305238723754883,positive,10.0,10.0,0.9586328864097595,0.11698593199253082,-0.0744457021355629,0.5205118060112,119,99
0.009383678436279297,positive,10.0,10.0,0.9609726071357727,0.3130725622177124,-0.06403546780347824,0.20532973110675812,119,100
0.00946950912475586,positive,10.0,10.0,0.9672340154647827,0.5090489983558655,-0.05992887169122696,-0.10684601217508316,119,101
0.009699344635009766,positive,10.0,10.0,0.9915145635604858,0.5107862949371338,-0.07042215019464493,-0.1453293263912201,119,103
0.009884834289550781,positive,10.0,10.0,1.0158671140670776,0.5128294229507446,-0.08251616358757019,-0.19067351520061493,119,105
0.010155677795410156,positive,10.0,10.0,1.035007119178772,-0.06862498074769974,-0.07804949581623077,0.6038983464241028,119,108
0.010425090789794922,positive,10.0,10.0,1.019248366355896,-0.6511942148208618,-0.025706371292471886,1.419316053390503,119,111
0.010966062545776367,negative,10.0,-10.0,0.9371476173400879,-0.2651200294494629,0.15188203752040863,0.9342070817947388,119,117
0.011052131652832031,negative,10.0,-10.0,0.9318451881408691,-0.07233701646327972,0.17056618630886078,0.6928433775901794,119,118
