timestamp,feedback,magnitude,reward,cart_position,cart_velocity,pole_angle,pole_velocity,episode,timestep
9.584426879882812e-05,positive,10.0,10.0,-0.04253125190734863,0.15650522708892822,-0.045583706349134445,-0.26251745223999023,80,1
0.00018644332885742188,positive,10.0,10.0,-0.032356202602386475,0.15787369012832642,-0.062218502163887024,-0.29297754168510437,80,3
0.00031185150146484375,positive,10.0,10.0,-0.02673049084842205,-0.03436337783932686,-0.075167216360569,-0.06358689814805984,80,6
0.0003581047058105469,positive,10.0,10.0,-0.027417758479714394,-0.22833164036273956,-0.07643895596265793,0.2044655680656433,80,7
0.00040340423583984375,positive,10.0,10.0,-0.031984392553567886,-0.03220450505614281,-0.07234964519739151,-0.11131726205348969,80,8
0.0005323886871337891,positive,10.0,10.0,-0.04555683583021164,-0.6142400503158569,-0.06290323287248611,0.6952863335609436,80,11
0.0005786418914794922,positive,10.0,10.0,-0.05784163624048233,-0.4183046221733093,-0.048997510224580765,0.3834831416606903,80,12
0.0007042884826660156,positive,10.0,10.0,-0.08680220693349838,-0.6117370128631592,-0.021022984758019447,0.6386038661003113,80,15
0.0007486343383789062,positive,10.0,10.0,-0.09903694689273834,-0.4163283109664917,-0.008250907994806767,0.3393753468990326,80,16
0.0007927417755126953,positive,10.0,10.0,-0.1073635146021843,-0.6113318800926208,-0.0014634011313319206,0.6294450163841248,80,17
0.0009176731109619141,positive,10.0,10.0,-0.14014330506324768,-0.41659966111183167,0.030500970780849457,0.3454640507698059,80,20
0.0012047290802001953,positive,10.0,10.0,-0.17141792178153992,0.16384033858776093,0.04377059265971184,-0.4245571196079254,80,27
0.0014476776123046875,positive,10.0,10.0,-0.1636134684085846,0.16136696934700012,0.013711865991353989,-0.3695574104785919,80,33
0.0015323162078857422,positive,10.0,10.0,-0.16106507182121277,0.1610836684703827,0.004869063384830952,-0.3632647395133972,80,35
0.0016603469848632812,positive,10.0,10.0,-0.15530456602573395,0.35622450709342957,-0.011027010157704353,-0.6563600301742554,80,38
0.0018813610076904297,positive,10.0,10.0,-0.14303603768348694,0.1630927324295044,-0.04288661107420921,-0.40788066387176514,80,43
0.0020444393157958984,positive,10.0,10.0,-0.12990441918373108,-0.22371111810207367,-0.07739491015672684,0.10224369913339615,80,47
0.0020897388458251953,positive,10.0,10.0,-0.13437864184379578,-0.4176434874534607,-0.07535003125667572,0.3695400655269623,80,48
0.002175569534301758,positive,10.0,10.0,-0.154963880777359,-0.415617972612381,-0.05520833283662796,0.3242582678794861,80,50
0.0024611949920654297,positive,10.0,10.0,-0.20900051295757294,-0.2173766940832138,-0.021159537136554718,-0.03779630362987518,80,57
0.0025069713592529297,positive,10.0,10.0,-0.21334804594516754,-0.41218891739845276,-0.021915463730692863,0.24813619256019592,80,58
0.002550363540649414,positive,10.0,10.0,-0.22159181535243988,-0.21676096320152283,-0.016952740028500557,-0.051378000527620316,80,59
0.002635478973388672,positive,10.0,10.0,-0.22635504603385925,-0.21626175940036774,-0.02496752142906189,-0.06240173429250717,80,61
0.0027976036071777344,positive,10.0,10.0,-0.23580561578273773,-0.21455249190330505,-0.04267588630318642,-0.10017556697130203,80,65
0.002927064895629883,positive,10.0,10.0,-0.24473971128463745,-0.01746954955160618,-0.05535447224974632,-0.4366045892238617,80,68
0.0030117034912109375,positive,10.0,10.0,-0.24932441115379333,-0.015787947922945023,-0.06732400506734848,-0.4740643799304962,80,70
0.0030558109283447266,positive,10.0,10.0,-0.24964018166065216,-0.20989775657653809,-0.07680529356002808,-0.20333756506443024,80,71
0.0030999183654785156,positive,10.0,10.0,-0.25383812189102173,-0.40384209156036377,-0.08087204396724701,0.0641627088189125,80,72
0.003144502639770508,positive,10.0,10.0,-0.2619149684906006,-0.5977169871330261,-0.07958879321813583,0.33027413487434387,80,73
0.0032303333282470703,positive,10.0,10.0,-0.2897017300128937,-0.9856499433517456,-0.06104660779237747,0.86566561460495,80,75
0.0032765865325927734,positive,10.0,10.0,-0.30941474437713623,-0.7897526621818542,-0.04373329505324364,0.5544304251670837,80,76
0.003323793411254883,positive,10.0,10.0,-0.3252097964286804,-0.984234094619751,-0.03264468535780907,0.8330202102661133,80,77
0.0034503936767578125,positive,10.0,10.0,-0.3803395926952362,-1.178623080253601,0.01097787357866764,1.108841896057129,80,80
0.003496408462524414,positive,10.0,10.0,-0.4039120674133301,-1.373887538909912,0.03315471112728119,1.404948353767395,80,81
0.0035555362701416016,positive,10.0,10.0,-0.43138980865478516,-1.5694050788879395,0.06125367805361748,1.7078092098236084,80,82
0.00016951560974121094,positive,10.0,10.0,0.00010105651017511263,0.2326832264661789,0.01777193509042263,-0.27019286155700684,81,1
0.00022268295288085938,positive,10.0,10.0,0.004754721187055111,0.4275471270084381,0.012368078343570232,-0.5572178959846497,81,2
0.0003418922424316406,positive,10.0,10.0,0.017950737848877907,0.03711434826254845,-0.00398956099525094,0.03240456059575081,81,4
0.0003914833068847656,positive,10.0,10.0,0.018693026155233383,0.2322932779788971,-0.003341469680890441,-0.2615344524383545,81,5
0.00044083595275878906,positive,10.0,10.0,0.023338891565799713,0.03721919283270836,-0.00857215840369463,0.030092677101492882,81,6
0.0005536079406738281,positive,10.0,10.0,0.028732536360621452,0.4276978075504303,-0.013275954872369766,-0.5604686141014099,81,8
0.0007443428039550781,positive,10.0,10.0,0.05831103399395943,0.23370936512947083,-0.053079817444086075,-0.2931376099586487,81,11
0.0010428428649902344,positive,10.0,10.0,0.07404161244630814,0.042960215359926224,-0.07431389391422272,-0.09680252522230148,81,16
0.0010886192321777344,positive,10.0,10.0,0.07490082085132599,-0.1510223150253296,-0.07624994218349457,0.1715400069952011,81,17
0.0011906623840332031,positive,10.0,10.0,0.0649808794260025,-0.5389946699142456,-0.0640345886349678,0.7080962657928467,81,19
0.0012917518615722656,positive,10.0,10.0,0.04734004661440849,-0.5374270677566528,-0.04195339232683182,0.6725149154663086,81,21
0.0013909339904785156,positive,10.0,10.0,0.02975654788315296,-0.536453366279602,-0.02116462215781212,0.650484561920166,81,23
0.001438140869140625,positive,10.0,10.0,0.019027480855584145,-0.3410431444644928,-0.008154929615557194,0.35121291875839233,81,24
0.0015411376953125,positive,10.0,10.0,0.00929049402475357,0.04933197423815727,-1.1277271369181108e-05,-0.2370697557926178,81,26
0.0015859603881835938,positive,10.0,10.0,0.01027713343501091,0.24445408582687378,-0.004752672277390957,-0.5297562479972839,81,27
0.0017459392547607422,positive,10.0,10.0,0.02104894444346428,0.04990376532077789,-0.030840469524264336,-0.2497827261686325,81,30
0.0018477439880371094,positive,10.0,10.0,0.026956064626574516,0.050851430743932724,-0.046876758337020874,-0.27085137367248535,81,32
0.00189208984375,positive,10.0,10.0,0.02797309309244156,0.2466098666191101,-0.05229378491640091,-0.5779432058334351,81,33
0.001935720443725586,positive,10.0,10.0,0.03290529176592827,0.05225834250450134,-0.06385264545679092,-0.30218178033828735,81,34
0.002037525177001953,positive,10.0,10.0,0.031112493947148323,0.054152876138687134,-0.07050229609012604,-0.3441917300224304,81,36
0.0020825862884521484,positive,10.0,10.0,0.032195549458265305,-0.13989900052547455,-0.07738612592220306,-0.07454755157232285,81,37
0.002253293991088867,positive,10.0,10.0,0.012166121043264866,-0.7217270731925964,-0.06583112478256226,0.7276707291603088,81,40
0.0023012161254882812,positive,10.0,10.0,-0.002268420998007059,-0.5257598161697388,-0.05127771198749542,0.4150161147117615,81,41
0.002346515655517578,positive,10.0,10.0,-0.012783616781234741,-0.3299499750137329,-0.04297738894820213,0.10661843419075012,81,42
0.002451658248901367,positive,10.0,10.0,-0.02206740342080593,-0.3287540376186371,-0.044831179082393646,0.08021564781665802,81,44
0.002496957778930664,positive,10.0,10.0,-0.028642484918236732,-0.13301903009414673,-0.04322686418890953,-0.22626778483390808,81,45
0.0027837753295898438,positive,10.0,10.0,-0.03399987146258354,-0.32397717237472534,-0.08067801594734192,-0.02531515620648861,81,50
0.0028297901153564453,positive,10.0,10.0,-0.04047941416501999,-0.5178549885749817,-0.08118432015180588,0.24086204171180725,81,51
0.002933502197265625,positive,10.0,10.0,-0.06507109850645065,-0.5156188011169434,-0.06622961163520813,0.19113518297672272,81,53
0.0030367374420166016,positive,10.0,10.0,-0.08957815170288086,-0.5137879848480225,-0.05316266790032387,0.15052974224090576,81,55
0.0032520294189453125,positive,10.0,10.0,-0.13839873671531677,-0.5111597776412964,-0.03133058175444603,0.0923774242401123,81,59
0.003416299819946289,positive,10.0,10.0,-0.17294412851333618,-0.7050909399986267,-0.020519129931926727,0.3588488698005676,81,62
0.0034630298614501953,positive,10.0,10.0,-0.18704594671726227,-0.5096834301948547,-0.013342153280973434,0.059767063707113266,81,63
0.0035126209259033203,positive,10.0,10.0,-0.19723960757255554,-0.7046115398406982,-0.012146811932325363,0.34821075201034546,81,64
0.0037927627563476562,positive,10.0,10.0,-0.26769086718559265,-0.5097781419754028,0.02245417796075344,0.061865899711847305,81,69
0.0038411617279052734,positive,10.0,10.0,-0.27788642048835754,-0.3149851858615875,0.02369149588048458,-0.22364887595176697,81,70
0.0038878917694091797,positive,10.0,10.0,-0.28418612480163574,-0.5104376077651978,0.01921851933002472,0.0764121264219284,81,71
0.00393366813659668,positive,10.0,10.0,-0.2943948805332184,-0.3155963718891144,0.020746761932969093,-0.21014587581157684,81,72
0.004163026809692383,positive,10.0,10.0,-0.31186696887016296,-0.31626102328300476,-0.007126649376004934,-0.19543200731277466,81,76
0.0042150020599365234,positive,10.0,10.0,-0.31819218397140503,-0.5112802982330322,-0.011035289615392685,0.09499427676200867,81,77
0.00433039665222168,positive,10.0,10.0,-0.3347378373146057,-0.1207505390048027,-0.013158398680388927,-0.4967004060745239,81,79
0.004379749298095703,positive,10.0,10.0,-0.3371528387069702,0.07455446571111679,-0.02309240773320198,-0.7935010194778442,81,80
0.0044901371002197266,positive,10.0,10.0,-0.33806660771369934,-0.31479495763778687,-0.049125853925943375,-0.22801686823368073,81,82
0.004914522171020508,negative,10.0,-10.0,-0.32323893904685974,0.6681812405586243,-0.17741194367408752,-1.8775382041931152,81,89
0.0001571178436279297,positive,10.0,10.0,-0.03822480887174606,0.18591855466365814,0.04369337111711502,-0.32099649310112,82,1
0.00020933151245117188,positive,10.0,10.0,-0.03450643643736839,0.380391925573349,0.03727344051003456,-0.5995863676071167,82,2
0.0003204345703125,positive,10.0,10.0,-0.02320322021842003,-0.010704226791858673,0.01937372051179409,0.005148238502442837,82,4
0.0004305839538574219,positive,10.0,10.0,-0.019734613597393036,0.3789733946323395,0.013849493116140366,-0.567836582660675,82,6
0.0005400180816650391,positive,10.0,10.0,-0.008481946773827076,0.37874624133110046,-0.002923697466030717,-0.5627185702323914,82,8
0.0007317066192626953,positive,10.0,10.0,0.002541259163990617,0.18414607644081116,-0.019252844154834747,-0.28158167004585266,82,11
0.0013687610626220703,positive,10.0,10.0,0.03978909179568291,-0.002897408790886402,-0.08949553221464157,-0.16769978404045105,82,22
0.0014717578887939453,positive,10.0,10.0,0.03579850494861603,-0.3903089165687561,-0.09094028174877167,0.35746797919273376,82,24
0.0015177726745605469,positive,10.0,10.0,0.027992326766252518,-0.5840282440185547,-0.08379092067480087,0.620146632194519,82,25
0.0016760826110839844,positive,10.0,10.0,-0.0108833909034729,-0.3860393762588501,-0.0422605536878109,0.2619643211364746,82,28
0.0017232894897460938,positive,10.0,10.0,-0.018604177981615067,-0.19034045934677124,-0.03702126815915108,-0.043742869049310684,82,29
0.001825094223022461,positive,10.0,10.0,-0.030109237879514694,-0.1892702281475067,-0.03315545618534088,-0.06735806167125702,82,31
0.002044677734375,positive,10.0,10.0,-0.03738665208220482,-0.18708312511444092,-0.05156930163502693,-0.11571577191352844,82,35
0.0020923614501953125,positive,10.0,10.0,-0.04112831503152847,0.008738350123167038,-0.053883615881204605,-0.42421215772628784,82,36
0.0022020339965820312,positive,10.0,10.0,-0.04466516152024269,0.010376490652561188,-0.06534767895936966,-0.460679292678833,82,38
0.002436399459838867,positive,10.0,10.0,-0.06712101399898529,-0.3755355775356293,-0.0698486939072609,0.030075741931796074,82,42
0.0025472640991210938,positive,10.0,10.0,-0.07822142541408539,0.01655268296599388,-0.07492321729660034,-0.5974960327148438,82,44
0.0026607513427734375,positive,10.0,10.0,-0.08143927901983261,-0.3712300658226013,-0.0934595838189125,-0.06524988263845444,82,46
0.0032629966735839844,positive,10.0,10.0,-0.22077055275440216,-0.7493219375610352,-0.03444135934114456,0.2525688409805298,82,56
0.0035173892974853516,positive,10.0,10.0,-0.2806645333766937,-0.7479463815689087,-0.015380793251097202,0.22208593785762787,82,60
0.003679513931274414,positive,10.0,10.0,-0.32943180203437805,-0.942682147026062,0.0035338355228304863,0.5062166452407837,82,63
0.0037250518798828125,positive,10.0,10.0,-0.348285436630249,-0.7476101517677307,0.013658168725669384,0.21464946866035461,82,64
0.0040662288665771484,positive,10.0,10.0,-0.4543234407901764,-1.3352454900741577,0.08326482027769089,1.1457363367080688,82,69
0.004324913024902344,negative,10.0,-10.0,-0.5306083559989929,-1.144371747970581,0.14787261188030243,0.9529030919075012,82,72
0.00021839141845703125,positive,10.0,10.0,0.01402934081852436,-0.049614883959293365,-0.023253578692674637,0.041248492896556854,83,0
0.00029850006103515625,positive,10.0,10.0,0.013037042692303658,0.14583267271518707,-0.0224286075681448,-0.25867950916290283,83,1
0.0003554821014404297,positive,10.0,10.0,0.01595369726419449,0.34126752614974976,-0.027602197602391243,-0.5583515167236328,83,2
0.00045228004455566406,positive,10.0,10.0,0.02277904748916626,0.14654366672039032,-0.038769230246543884,-0.27449101209640503,83,3
0.000518798828125,positive,10.0,10.0,0.02570991963148117,0.3421967327594757,-0.044259048998355865,-0.5791453719139099,83,4
0.0006129741668701172,positive,10.0,10.0,0.03255385532975197,0.1477220505475998,-0.05584195628762245,-0.3007269501686096,83,5
0.0006759166717529297,positive,10.0,10.0,0.03550829738378525,-0.0465613417327404,-0.06185649707913399,-0.026165109127759933,83,6
0.0009181499481201172,positive,10.0,10.0,0.03666906803846359,0.15125079452991486,-0.07044044882059097,-0.3789964020252228,83,9
0.001058340072631836,positive,10.0,10.0,0.03883800655603409,-0.2367260754108429,-0.08020695298910141,0.1577550619840622,83,11
0.001363992691040039,positive,10.0,10.0,0.01299992948770523,-0.428561270236969,-0.05473937839269638,0.3780704438686371,83,14
0.0014336109161376953,positive,10.0,10.0,0.0044287038035690784,-0.622864842414856,-0.04717797040939331,0.6530038714408875,83,15
0.0015223026275634766,positive,10.0,10.0,-0.00802859291434288,-0.4271187484264374,-0.034117892384529114,0.3458462655544281,83,16
0.00160980224609375,positive,10.0,10.0,-0.016570966690778732,-0.6217392086982727,-0.0272009689360857,0.6275783181190491,83,17
0.0016925334930419922,positive,10.0,10.0,-0.0290057510137558,-0.42624834179878235,-0.014649402350187302,0.3264544606208801,83,18
0.0020017623901367188,positive,10.0,10.0,-0.07089447975158691,-0.8163731694221497,0.022819319739937782,0.9092356562614441,83,22
0.0023539066314697266,positive,10.0,10.0,-0.09965329617261887,-0.4270411729812622,0.05348026007413864,0.3443191647529602,83,24
0.0025529861450195312,positive,10.0,10.0,-0.10819412022829056,-0.23271919786930084,0.06036664545536041,0.06896862387657166,83,25
0.003464221954345703,positive,10.0,10.0,-0.1113094910979271,0.1541891247034073,0.04480393975973129,-0.4434908926486969,83,29
0.0036554336547851562,positive,10.0,10.0,-0.10905645042657852,0.15305213630199432,0.03319355845451355,-0.4181612730026245,83,31
0.003798246383666992,positive,10.0,10.0,-0.10684589296579361,0.15223345160484314,0.02252630516886711,-0.3999482989311218,83,33
0.0038585662841796875,positive,10.0,10.0,-0.10380122065544128,-0.04320068657398224,0.014527339488267899,-0.10024930536746979,83,34
0.003921985626220703,positive,10.0,10.0,-0.10466523468494415,0.15171007812023163,0.012522353790700436,-0.3883137106895447,83,35
0.003982067108154297,positive,10.0,10.0,-0.1016310378909111,0.3466520607471466,0.0047560790553689,-0.6770222783088684,83,36
0.0040438175201416016,positive,10.0,10.0,-0.0946979969739914,0.15146435797214508,-0.008784366771578789,-0.38284575939178467,83,37
0.004103660583496094,positive,10.0,10.0,-0.09166871011257172,-0.04353177174925804,-0.016441281884908676,-0.09294542670249939,83,38
0.0041615962982177734,positive,10.0,10.0,-0.09253934025764465,0.15182192623615265,-0.018300190567970276,-0.390769898891449,83,39
0.004221677780151367,positive,10.0,10.0,-0.08950290083885193,-0.04303558170795441,-0.02611558884382248,-0.10391251742839813,83,40
0.004281759262084961,positive,10.0,10.0,-0.09036361426115036,0.15245071053504944,-0.028193838894367218,-0.4047190845012665,83,41
0.00449824333190918,positive,10.0,10.0,-0.08509255945682526,-0.04119059443473816,-0.047208622097969055,-0.1447306126356125,83,44
0.004638195037841797,positive,10.0,10.0,-0.08282488584518433,-0.039804380387067795,-0.05914174020290375,-0.17544704675674438,83,46
0.004698514938354492,positive,10.0,10.0,-0.08362097293138504,0.1561119109392166,-0.06265068054199219,-0.486185222864151,83,47
0.00491642951965332,positive,10.0,10.0,-0.08590196818113327,-0.4260331988334656,-0.07554980367422104,0.3226644694805145,83,50
0.005305767059326172,positive,10.0,10.0,-0.12831301987171173,-0.22660759091377258,-0.04755514860153198,-0.06603588163852692,83,55
0.0054531097412109375,positive,10.0,10.0,-0.13346190750598907,0.16494372487068176,-0.05634257569909096,-0.6810199022293091,83,57
0.005517482757568359,positive,10.0,10.0,-0.1301630288362503,-0.029352299869060516,-0.06996297091245651,-0.40659427642822266,83,58
0.005584001541137695,positive,10.0,10.0,-0.13075007498264313,0.16668838262557983,-0.07809485495090485,-0.7204882502555847,83,59
0.006040096282958984,positive,10.0,10.0,-0.16886006295681,-0.9950990080833435,-0.08586094528436661,0.8440112471580505,83,65
0.00618290901184082,positive,10.0,10.0,-0.21254105865955353,-0.9929935932159424,-0.04681060090661049,0.7950046062469482,83,67
0.006401777267456055,positive,10.0,10.0,-0.27598831057548523,-0.796675443649292,0.005949138663709164,0.4747367799282074,83,70
0.006951093673706055,positive,10.0,10.0,-0.3837386667728424,-0.9949297904968262,0.06920009106397629,0.8380882740020752,83,77
0.007015228271484375,positive,10.0,10.0,-0.40363726019859314,-1.1909250020980835,0.08596185594797134,1.1517060995101929,83,78
0.007231950759887695,negative,10.0,-10.0,-0.4790653586387634,-1.3900336027145386,0.16266345977783203,1.5459685325622559,83,81
0.007293224334716797,negative,10.0,-10.0,-0.5068660378456116,-1.1971960067749023,0.19358283281326294,1.308142900466919,83,82
0.00019407272338867188,positive,10.0,10.0,-0.02923089638352394,0.16114656627178192,0.012093620374798775,-0.24137486517429352,84,1
0.0004291534423828125,positive,10.0,10.0,-0.015668684616684914,0.35603979229927063,-0.00804335530847311,-0.5289891958236694,84,4
0.0004940032958984375,positive,10.0,10.0,-0.008547889068722725,0.16103190183639526,-0.01862313784658909,-0.23885154724121094,84,5
0.0006520748138427734,positive,10.0,10.0,0.0018010464264079928,0.16162961721420288,-0.034147169440984726,-0.2521311938762665,84,7
0.0007157325744628906,positive,10.0,10.0,0.005033638793975115,0.3572221100330353,-0.039189793169498444,-0.5553861856460571,84,8
0.0008580684661865234,positive,10.0,10.0,0.015431514009833336,0.35847383737564087,-0.05580358952283859,-0.5834165215492249,84,10
0.0010688304901123047,positive,10.0,10.0,0.025286059826612473,-0.22391553223133087,-0.07441149652004242,0.23041006922721863,84,13
0.0011255741119384766,positive,10.0,10.0,0.020807750523090363,-0.41789963841438293,-0.06980329751968384,0.4987242519855499,84,14
0.0012578964233398438,positive,10.0,10.0,0.00021032521908637136,-0.8062212467193604,-0.04445645213127136,1.0418916940689087,84,16
0.0013196468353271484,positive,10.0,10.0,-0.015914099290966988,-0.6105378866195679,-0.02361861988902092,0.7355907559394836,84,17
0.001455545425415039,positive,10.0,10.0,-0.036426812410354614,-0.6100925207138062,-0.00019542168593034148,0.7254310846328735,84,19
0.0015137195587158203,positive,10.0,10.0,-0.048628661781549454,-0.4149678647518158,0.014313200488686562,0.4326866567134857,84,20
0.0016498565673828125,positive,10.0,10.0,-0.06913381069898605,-0.4154924154281616,0.03756387531757355,0.44448015093803406,84,22
0.0023207664489746094,positive,10.0,10.0,-0.11337129771709442,0.5496076345443726,0.08547043055295944,-0.7909069657325745,84,31
0.002460002899169922,positive,10.0,10.0,-0.08750997483730316,0.5474860072135925,0.04854181408882141,-0.7418168187141418,84,33
0.0025207996368408203,positive,10.0,10.0,-0.07656025141477585,0.35172876715660095,0.03370547667145729,-0.43426117300987244,84,34
0.002663850784301758,positive,10.0,10.0,-0.06640274822711945,0.3509010076522827,0.022397322580218315,-0.4158320128917694,84,36
0.002722501754760742,positive,10.0,10.0,-0.05938472971320152,0.1554689109325409,0.014080682769417763,-0.11617312580347061,84,37
0.003002166748046875,positive,10.0,10.0,-0.03916225954890251,0.155025452375412,-0.00648142397403717,-0.10637883841991425,84,41
0.003064393997192383,positive,10.0,10.0,-0.03606174886226654,0.35023966431617737,-0.008609000593423843,-0.4010995626449585,84,42
0.0032775402069091797,positive,10.0,10.0,-0.018940195441246033,0.15574753284454346,-0.02703438512980938,-0.12234659492969513,84,45
0.0033392906188964844,positive,10.0,10.0,-0.015825245529413223,0.3512461483478546,-0.029481315985322,-0.4234345257282257,84,46
0.0037717819213867188,positive,10.0,10.0,0.014780414290726185,0.3550928831100464,-0.06635412573814392,-0.5091203451156616,84,52
0.003909111022949219,positive,10.0,10.0,0.02510157972574234,-0.0329844206571579,-0.08129780739545822,0.02952953428030014,84,54
0.003969907760620117,positive,10.0,10.0,0.02444189228117466,0.16320358216762543,-0.08070722222328186,-0.2876557409763336,84,55
0.004186391830444336,positive,10.0,10.0,0.022603105753660202,-0.4182429909706116,-0.08203548192977905,0.5067817568778992,84,58
0.004329681396484375,positive,10.0,10.0,0.0019958666525781155,-0.8061818480491638,-0.056449323892593384,1.041748285293579,84,60
0.00447535514831543,positive,10.0,10.0,-0.026334919035434723,-0.8049696087837219,-0.020976513624191284,1.0131568908691406,84,62
0.0046083927154541016,positive,10.0,10.0,-0.06243042275309563,-0.804674506187439,0.025270219892263412,1.0062737464904785,84,64
0.004666805267333984,positive,10.0,10.0,-0.0785239115357399,-0.6098989844322205,0.04539569467306137,0.7216323018074036,84,65
0.0047261714935302734,positive,10.0,10.0,-0.09072189033031464,-0.415433406829834,0.059828341007232666,0.44357621669769287,84,66
0.0048558712005615234,positive,10.0,10.0,-0.11125753074884415,-0.41723763942718506,0.08378990739583969,0.48420450091362,84,68
0.004914522171020508,positive,10.0,10.0,-0.11960228532552719,-0.22339193522930145,0.09347400069236755,0.2190614938735962,84,69
0.0052051544189453125,positive,10.0,10.0,-0.12203695625066757,0.16121774911880493,0.09131275117397308,-0.2440415620803833,84,73
0.005263328552246094,positive,10.0,10.0,-0.11881259828805923,0.35492485761642456,0.08643192052841187,-0.506583034992218,84,74
0.005541086196899414,positive,10.0,10.0,-0.0983555018901825,0.3507404923439026,0.060608427971601486,-0.4130129814147949,84,78
0.005598783493041992,positive,10.0,10.0,-0.09134069085121155,0.15481413900852203,0.052348166704177856,-0.1018550843000412,84,79
0.005658388137817383,positive,10.0,10.0,-0.08824440836906433,0.34914830327033997,0.05031106621026993,-0.377573698759079,84,80
0.00571751594543457,positive,10.0,10.0,-0.08126144111156464,0.15334926545619965,0.042759593576192856,-0.06946154683828354,84,81
0.005860567092895508,positive,10.0,10.0,-0.07123779505491257,0.15214774012565613,0.034403301775455475,-0.04291683807969093,84,83
0.006000518798828125,positive,10.0,10.0,-0.06125964596867561,0.15117676556110382,0.027053970843553543,-0.02147974632680416,84,85
0.006139516830444336,positive,10.0,10.0,-0.051318101584911346,0.15040946006774902,0.020514264702796936,-0.004546285606920719,84,87
0.006196498870849609,positive,10.0,10.0,-0.04830991104245186,0.345231294631958,0.020423339679837227,-0.29068678617477417,84,88
0.006252765655517578,positive,10.0,10.0,-0.04140528663992882,0.14982417225837708,0.014609603211283684,0.00836682878434658,84,89
0.006383419036865234,positive,10.0,10.0,-0.03151413053274155,0.14940398931503296,0.009183519519865513,0.017635643482208252,84,91
0.006515979766845703,positive,10.0,10.0,-0.021638190373778343,0.5393776297569275,0.004093518480658531,-0.5617956519126892,84,93
0.006573677062988281,positive,10.0,10.0,-0.010850637219846249,0.34419846534729004,-0.007142394315451384,-0.2678258717060089,84,94
0.006708383560180664,positive,10.0,10.0,0.006821764167398214,0.34447726607322693,-0.023753972724080086,-0.27403387427330017,84,96
0.0067713260650634766,positive,10.0,10.0,0.013711309991776943,0.5399299263954163,-0.02923464961349964,-0.5741131901741028,84,97
0.006985187530517578,positive,10.0,10.0,0.050036970525979996,0.3466430604457855,-0.07015915960073471,-0.3224657475948334,84,100
0.007043361663818359,positive,10.0,10.0,0.05696983262896538,0.5426902770996094,-0.07660847902297974,-0.6364229917526245,84,101
0.0074651241302490234,positive,10.0,10.0,0.06396271288394928,-0.6196712851524353,-0.07390119880437851,0.9399963021278381,84,107
0.007523775100708008,positive,10.0,10.0,0.05156928300857544,-0.4236351549625397,-0.05510127171874046,0.6250375509262085,84,108
0.00758051872253418,positive,10.0,10.0,0.04309657961130142,-0.6179463267326355,-0.04260052368044853,0.8998703956604004,84,109
0.007714271545410156,positive,10.0,10.0,0.022292178124189377,-0.6170428991317749,-0.012720971368253231,0.8789397478103638,84,111
0.0077741146087646484,positive,10.0,10.0,0.009951320476830006,-0.42175042629241943,0.004857824184000492,0.5822848677635193,84,112
0.007913351058959961,positive,10.0,10.0,-0.01082249078899622,-0.4220463037490845,0.03403340280056,0.5890450477600098,84,114
0.00797271728515625,positive,10.0,10.0,-0.019263416528701782,-0.6176278591156006,0.045814305543899536,0.8922514319419861,84,115
0.008116722106933594,positive,10.0,10.0,-0.04007910192012787,-0.6191073656082153,0.07594563066959381,0.9263492226600647,84,117
0.00890493392944336,positive,10.0,10.0,-0.02869662083685398,0.5361728668212891,0.08633968234062195,-0.4931619465351105,84,127
0.009105443954467773,positive,10.0,10.0,-0.0004963434766978025,0.3378201723098755,0.06414159387350082,-0.12740886211395264,84,130
0.009166717529296875,positive,10.0,10.0,0.0062600597739219666,0.5319674015045166,0.06159341707825661,-0.3991861641407013,84,131
0.009229898452758789,positive,10.0,10.0,0.016899408772587776,0.33602824807167053,0.0536096952855587,-0.08773772418498993,84,132
0.009369373321533203,positive,10.0,10.0,0.03422681987285614,0.3345232605934143,0.044594209641218185,-0.05446411669254303,84,134
0.009575128555297852,positive,10.0,10.0,0.050358425825834274,0.5276591777801514,0.048009876161813736,-0.30368131399154663,84,137
0.009857892990112305,positive,10.0,10.0,0.09249464422464371,0.5252664685249329,0.02541179768741131,-0.2505998909473419,84,141
0.009917736053466797,positive,10.0,10.0,0.1029999777674675,0.7200164794921875,0.020399799570441246,-0.5351603627204895,84,142
0.009976863861083984,positive,10.0,10.0,0.11740030348300934,0.5246137380599976,0.009696592576801777,-0.23612003028392792,84,143
0.01003885269165039,positive,10.0,10.0,0.12789258360862732,0.7195957899093628,0.004974192474037409,-0.5257286429405212,84,144
0.010099411010742188,positive,10.0,10.0,0.14228449761867523,0.5244042277336121,-0.0055403802543878555,-0.23148247599601746,84,145
0.01016092300415039,positive,10.0,10.0,0.15277257561683655,0.7196048498153687,-0.01017002947628498,-0.5259078741073608,84,146
0.01051783561706543,positive,10.0,10.0,0.2169817090034485,0.5263813138008118,-0.052246544510126114,-0.27543240785598755,84,151
0.010576248168945312,positive,10.0,10.0,0.22750933468341827,0.7222082614898682,-0.05775519460439682,-0.5841255187988281,84,152
0.01063990592956543,positive,10.0,10.0,0.241953507065773,0.9180896878242493,-0.06943770498037338,-0.8944283127784729,84,153
0.010696649551391602,positive,10.0,10.0,0.26031529903411865,0.7239745855331421,-0.08732627332210541,-0.624355673789978,84,154
0.011205673217773438,positive,10.0,10.0,0.28816673159599304,-0.24121081829071045,-0.07728420197963715,0.6134105920791626,84,161
0.011343240737915039,positive,10.0,10.0,0.2746390700340271,-0.23923048377037048,-0.04740027338266373,0.5683924555778503,84,163
0.011400699615478516,positive,10.0,10.0,0.26985445618629456,-0.4336566627025604,-0.03603242337703705,0.8457736968994141,84,164
0.011685371398925781,positive,10.0,10.0,0.2430083453655243,-0.43291372060775757,0.018960369750857353,0.8285899758338928,84,168
0.011822938919067383,positive,10.0,10.0,0.22958895564079285,-0.4336588978767395,0.046370767056941986,0.8455933332443237,84,170
0.012880802154541016,positive,10.0,10.0,0.2736676335334778,0.328354150056839,0.08200788497924805,0.08198142796754837,84,184
0.012928962707519531,positive,10.0,10.0,0.280234694480896,0.5222105979919434,0.08364751189947128,-0.1837427020072937,84,185
0.01303863525390625,positive,10.0,10.0,0.30499976873397827,0.5198855996131897,0.07099445909261703,-0.13212838768959045,84,187
0.013209819793701172,positive,10.0,10.0,0.34003394842147827,0.712108850479126,0.05855657160282135,-0.361228883266449,84,190
0.01327061653137207,positive,10.0,10.0,0.3542761206626892,0.5162055492401123,0.05133199319243431,-0.05067181587219238,84,191
0.01340937614440918,positive,10.0,10.0,0.3788113296031952,0.5147544145584106,0.0437840074300766,-0.01861046813428402,84,193
0.013681173324584961,positive,10.0,10.0,0.4277225434780121,0.9026392102241516,0.03221145272254944,-0.5523170232772827,84,197
0.013737678527832031,positive,10.0,10.0,0.4457753300666809,1.0972943305969238,0.021165112033486366,-0.8346797227859497,84,198
8.678436279296875e-05,positive,10.0,10.0,-0.025214293971657753,0.0008528673788532615,-0.032133933156728745,-0.0295291505753994,85,0
0.00014638900756835938,positive,10.0,10.0,-0.025197237730026245,0.1964205503463745,-0.03272451460361481,-0.33217498660087585,85,1
0.00019741058349609375,positive,10.0,10.0,-0.021268825978040695,0.0017793059814721346,-0.03936801478266716,-0.04998872056603432,85,2
0.00026297569274902344,positive,10.0,10.0,-0.021233240142464638,0.19744299352169037,-0.040367789566516876,-0.3548280596733093,85,3
0.0003135204315185547,positive,10.0,10.0,-0.01728438027203083,0.39311498403549194,-0.04746435210108757,-0.6599618196487427,85,4
0.0003657341003417969,positive,10.0,10.0,-0.009422080591320992,0.19868457317352295,-0.06066358834505081,-0.38259395956993103,85,5
0.00041556358337402344,positive,10.0,10.0,-0.005448389332741499,0.004474070388823748,-0.06831546872854233,-0.10963822901248932,85,6
0.0004646778106689453,positive,10.0,10.0,-0.005358907859772444,0.2005050778388977,-0.07050823420286179,-0.42306798696517944,85,7
0.0005872249603271484,positive,10.0,10.0,-0.001219823257997632,-0.18745848536491394,-0.08203798532485962,0.11334247142076492,85,9
0.0006406307220458984,positive,10.0,10.0,-0.004968992900103331,-0.3813149333000183,-0.07977113127708435,0.37905704975128174,85,10
0.0006945133209228516,positive,10.0,10.0,-0.012595291249454021,-0.5752187967300415,-0.07218999415636063,0.6455600261688232,85,11
0.0007493495941162109,positive,10.0,10.0,-0.024099666625261307,-0.7692644596099854,-0.05927878990769386,0.9146650433540344,85,12
0.0011398792266845703,positive,10.0,10.0,-0.14360202848911285,-0.7691602110862732,0.08854381740093231,0.9131037592887878,85,18
0.0013060569763183594,negative,10.0,-10.0,-0.20152609050273895,-0.9683569669723511,0.1625787913799286,1.3074442148208618,85,21
7.915496826171875e-05,positive,10.0,10.0,-0.026330724358558655,-0.03037608228623867,0.01937466487288475,-0.016171034425497055,86,0
0.0001354217529296875,positive,10.0,10.0,-0.026938246563076973,0.16446273028850555,0.019051244482398033,-0.3026786148548126,86,1
0.0004374980926513672,positive,10.0,10.0,-0.01833879016339779,-0.031499262899160385,0.0014207720523700118,0.008608853444457054,86,6
0.0005517005920410156,positive,10.0,10.0,-0.015696730464696884,0.3587014675140381,-0.004079560283571482,-0.5758055448532104,86,8
0.0006749629974365234,positive,10.0,10.0,-0.005249961744993925,0.3589778244495392,-0.021283883601427078,-0.5819712281227112,86,10
0.0009682178497314453,positive,10.0,10.0,0.007319584488868713,0.1663801372051239,-0.046266958117485046,-0.34521999955177307,86,15
0.0010151863098144531,positive,10.0,10.0,0.010647187009453773,0.3621286451816559,-0.05317135527729988,-0.6521261930465698,86,16
0.0011184215545654297,positive,10.0,10.0,0.021245479583740234,-0.026336152106523514,-0.07374686747789383,-0.10555673390626907,86,18
0.0011641979217529297,positive,10.0,10.0,0.020718757063150406,-0.22032803297042847,-0.07585799694061279,0.16297823190689087,86,19
0.0012087821960449219,positive,10.0,10.0,0.016312194988131523,-0.41428670287132263,-0.07259843498468399,0.4307986795902252,86,20
0.0014297962188720703,positive,10.0,10.0,-0.0167183056473732,-0.020865965634584427,-0.040643032640218735,-0.22609589993953705,86,24
0.0016634464263916016,positive,10.0,10.0,-0.010507765226066113,-0.017991192638874054,-0.07211422920227051,-0.2900395393371582,86,28
0.0018489360809326172,positive,10.0,10.0,-0.02322664111852646,-0.5998587012290955,-0.07341040670871735,0.513157069683075,86,31
0.0018987655639648438,positive,10.0,10.0,-0.035223815590143204,-0.7938740849494934,-0.06314726918935776,0.7818330526351929,86,32
0.00201416015625,positive,10.0,10.0,-0.06306017190217972,-0.4021838903427124,-0.03811120241880417,0.16269907355308533,86,34
0.002068042755126953,positive,10.0,10.0,-0.07110384851694107,-0.5967401266098022,-0.03485722094774246,0.44311952590942383,86,35
0.002122163772583008,positive,10.0,10.0,-0.08303865045309067,-0.4011427164077759,-0.025994829833507538,0.1396557092666626,86,36
0.0022459030151367188,positive,10.0,10.0,-0.09517467021942139,-0.400440514087677,-0.02642398700118065,0.124160535633564,86,38
0.002300739288330078,positive,10.0,10.0,-0.10318347811698914,-0.20495016872882843,-0.02394077554345131,-0.176740363240242,86,39
0.0024166107177734375,positive,10.0,10.0,-0.10747236013412476,-0.20421738922595978,-0.03701315447688103,-0.19298049807548523,86,41
0.0026907920837402344,positive,10.0,10.0,-0.1277719885110855,-0.00575115904211998,-0.059011708945035934,-0.5601266622543335,86,46
0.002736806869506836,positive,10.0,10.0,-0.12788701057434082,-0.19999738037586212,-0.07021424174308777,-0.2866038680076599,86,47
0.002796649932861328,positive,10.0,10.0,-0.13188695907592773,-0.3940514028072357,-0.07594631612300873,-0.016866106539964676,86,48
0.002903461456298828,positive,10.0,10.0,-0.15152812004089355,-0.7819610834121704,-0.07126521319150925,0.5186013579368591,86,50
0.0030078887939453125,positive,10.0,10.0,-0.18668757379055023,-0.7801080346107483,-0.04513311758637428,0.47680172324180603,86,52
0.003168344497680664,positive,10.0,10.0,-0.22955678403377533,-0.5834115743637085,-0.023162512108683586,0.1488322764635086,86,55
0.003215312957763672,positive,10.0,10.0,-0.241225004196167,-0.7781943082809448,-0.020185867324471474,0.4341188371181488,86,56
0.003261089324951172,positive,10.0,10.0,-0.2567889094352722,-0.5827924609184265,-0.0115034906193614,0.13514156639575958,86,57
0.003548145294189453,positive,10.0,10.0,-0.3228527307510376,-0.7778031229972839,0.01327044703066349,0.4253755807876587,86,62
0.003601551055908203,positive,10.0,10.0,-0.33840879797935486,-0.582871675491333,0.021777959540486336,0.1369055062532425,86,63
0.0036504268646240234,positive,10.0,10.0,-0.35006624460220337,-0.7782986760139465,0.024516068398952484,0.43637871742248535,86,64
0.0036995410919189453,positive,10.0,10.0,-0.36563220620155334,-0.9737589359283447,0.03324364498257637,0.7366880178451538,86,65
0.0037484169006347656,positive,10.0,10.0,-0.3851073980331421,-1.1693239212036133,0.04797740280628204,1.0396451950073242,86,66
0.00400233268737793,negative,10.0,-10.0,-0.48655402660369873,-1.1736178398132324,0.14519645273685455,1.1438707113265991,86,70
0.00016641616821289062,positive,10.0,10.0,0.036910369992256165,0.2006852775812149,-0.015242835506796837,-0.2722008228302002,87,1
0.00021886825561523438,positive,10.0,10.0,0.040924072265625,0.39602139592170715,-0.02068685181438923,-0.5696521401405334,87,2
0.00040912628173828125,positive,10.0,10.0,0.0608036145567894,0.20218661427497864,-0.04947470501065254,-0.30562707781791687,87,5
0.0006625652313232422,positive,10.0,10.0,0.06926488131284714,0.20536215603351593,-0.06422265619039536,-0.3760407865047455,87,9
0.0007135868072509766,positive,10.0,10.0,0.07337212562561035,0.011208386160433292,-0.07174347341060638,-0.10427900403738022,87,10
0.00089263916015625,positive,10.0,10.0,0.06240382045507431,-0.5708639025688171,-0.06186150014400482,0.7030850648880005,87,13
0.0009391307830810547,positive,10.0,10.0,0.05098654329776764,-0.7650763988494873,-0.04779979959130287,0.9756709337234497,87,14
0.0009846687316894531,positive,10.0,10.0,0.035685013979673386,-0.569347083568573,-0.02828638069331646,0.6683644652366638,87,15
0.0010292530059814453,positive,10.0,10.0,0.02429807186126709,-0.7640644907951355,-0.014919090084731579,0.9520087242126465,87,16
0.0010728836059570312,positive,10.0,10.0,0.00901678204536438,-0.5687450170516968,0.004121083766222,0.6546759605407715,87,17
0.0012478828430175781,positive,10.0,10.0,-0.021212590858340263,-0.37427008152008057,0.03770756348967552,0.37647920846939087,87,20
0.001293182373046875,positive,10.0,10.0,-0.028697993606328964,-0.5699067711830139,0.04523715004324913,0.6808090209960938,87,21
0.0013959407806396484,positive,10.0,10.0,-0.04760495573282242,-0.5713464617729187,0.06690742075443268,0.7133463025093079,87,23
0.001440286636352539,positive,10.0,10.0,-0.059031885117292404,-0.3772115111351013,0.0811743438243866,0.442451536655426,87,24
0.0014846324920654297,positive,10.0,10.0,-0.06657611578702927,-0.18332640826702118,0.09002337604761124,0.17642056941986084,87,25
0.0015292167663574219,positive,10.0,10.0,-0.07024264335632324,0.010399604216217995,0.09355178475379944,-0.08656059950590134,87,26
0.0017583370208740234,positive,10.0,10.0,-0.061766576021909714,0.005357712507247925,0.07843279838562012,0.02512398362159729,87,30
0.001981496810913086,positive,10.0,10.0,-0.04586831480264664,0.391251802444458,0.060056742280721664,-0.46536409854888916,87,34
0.002031564712524414,positive,10.0,10.0,-0.03804327920079231,0.19533495604991913,0.050749462097883224,-0.15437255799770355,87,35
0.002141714096069336,positive,10.0,10.0,-0.02634268067777157,0.19393157958984375,0.03904954716563225,-0.12330436706542969,87,37
0.0021903514862060547,positive,10.0,10.0,-0.022464049980044365,0.3884729743003845,0.03658345714211464,-0.40341633558273315,87,38
0.002238750457763672,positive,10.0,10.0,-0.014694590121507645,0.19285178184509277,0.028515132144093513,-0.0994277372956276,87,39
0.002286672592163086,positive,10.0,10.0,-0.010837554931640625,0.38755369186401367,0.02652657777070999,-0.3829795718193054,87,40
0.0023345947265625,positive,10.0,10.0,-0.00308648101054132,0.19206534326076508,0.01886698603630066,-0.0820523202419281,87,41
0.0023956298828125,positive,10.0,10.0,0.0007548258872702718,0.3869118392467499,0.01722593978047371,-0.36872345209121704,87,42
0.0025136470794677734,positive,10.0,10.0,0.01232405100017786,0.38652876019477844,0.008438287302851677,-0.3602176606655121,87,44
0.002562284469604492,positive,10.0,10.0,0.02005462534725666,0.19128787517547607,0.0012339341919869184,-0.0648859515786171,87,45
0.0026712417602539062,positive,10.0,10.0,0.0316082239151001,0.19127106666564941,-0.007207370828837156,-0.06451649218797684,87,47
0.0027189254760742188,positive,10.0,10.0,0.03543364629149437,0.3864956200122833,-0.008497701026499271,-0.3594646453857422,87,48
0.002830982208251953,positive,10.0,10.0,0.04699346795678139,0.38683876395225525,-0.017076460644602776,-0.3670639991760254,87,50
0.0028808116912841797,positive,10.0,10.0,0.05473024398088455,0.5821991562843323,-0.024417739361524582,-0.6650820970535278,87,51
0.002930164337158203,positive,10.0,10.0,0.06637422740459442,0.3874252140522003,-0.03771938011050224,-0.38018637895584106,87,52
0.0030395984649658203,positive,10.0,10.0,0.0779799073934555,0.38859987258911133,-0.047315727919340134,-0.406261682510376,87,54
0.0032923221588134766,positive,10.0,10.0,0.10135240852832794,0.3918066620826721,-0.07008171081542969,-0.4776475429534912,87,58
0.003347158432006836,positive,10.0,10.0,0.10918854176998138,0.1977405548095703,-0.0796346589922905,-0.20785009860992432,87,59
0.0034017562866210938,positive,10.0,10.0,0.11314335465431213,0.0038422823417931795,-0.08379166573286057,0.05868770182132721,87,60
0.0035212039947509766,positive,10.0,10.0,0.10942050814628601,-0.38383883237838745,-0.07614187151193619,0.5893295407295227,87,62
0.003571033477783203,positive,10.0,10.0,0.10174372792243958,-0.5778166651725769,-0.0643552839756012,0.8570891618728638,87,63
0.0038611888885498047,positive,10.0,10.0,0.05189859867095947,-0.3802937865257263,0.006595657207071781,0.5091454386711121,87,68
0.0039103031158447266,positive,10.0,10.0,0.04429272189736366,-0.18526537716388702,0.01677856594324112,0.21854831278324127,87,69
0.0040187835693359375,positive,10.0,10.0,0.04077966883778572,0.20442520081996918,0.019773632287979126,-0.35473090410232544,87,71
0.004132986068725586,positive,10.0,10.0,0.045048728585243225,-0.18627367913722992,0.011561434715986252,0.2407771795988083,87,73
0.004181385040283203,positive,10.0,10.0,0.041323255747556686,0.00868123210966587,0.016376977786421776,-0.048236653208732605,87,74
0.004232168197631836,positive,10.0,10.0,0.0414968803524971,0.2035645693540573,0.015412244945764542,-0.3357078433036804,87,75
0.004281282424926758,positive,10.0,10.0,0.04556817188858986,0.008226707577705383,0.008698088116943836,-0.038204826414585114,87,76
0.004343271255493164,positive,10.0,10.0,0.04573270305991173,0.20322285592556,0.007933991961181164,-0.3281307816505432,87,77
0.004395723342895508,positive,10.0,10.0,0.04979716241359711,0.007988855242729187,0.0013713763328269124,-0.032956428825855255,87,78
0.004584312438964844,positive,10.0,10.0,0.054177939891815186,0.20316356420516968,-0.006437857169657946,-0.326803594827652,87,81
0.004639863967895508,positive,10.0,10.0,0.058241210877895355,0.008133851923048496,-0.012973928824067116,-0.03615780547261238,87,82
0.004694938659667969,positive,10.0,10.0,0.05840389057993889,0.20343942940235138,-0.013697084970772266,-0.33290573954582214,87,83
0.0047457218170166016,positive,10.0,10.0,0.06247267872095108,0.008515081368386745,-0.02035520039498806,-0.04457346722483635,87,84
0.004791975021362305,positive,10.0,10.0,0.06264297664165497,0.20392291247844696,-0.021246669813990593,-0.3436084985733032,87,85
0.004837751388549805,positive,10.0,10.0,0.06672143936157227,0.009109564125537872,-0.028118839487433434,-0.057700492441654205,87,86
0.004944324493408203,positive,10.0,10.0,0.06319166719913483,0.009929648600518703,-0.024753253906965256,-0.07579126209020615,87,88
0.004992961883544922,positive,10.0,10.0,0.06339026242494583,0.20539754629135132,-0.026269078254699707,-0.3761799931526184,87,89
0.005043983459472656,positive,10.0,10.0,0.06749820709228516,0.010658369399607182,-0.03379267826676369,-0.09189423173666,87,90
0.005093812942504883,positive,10.0,10.0,0.06771137565374374,-0.183963343501091,-0.035630565136671066,0.1899385005235672,87,91
0.005143642425537109,positive,10.0,10.0,0.06403210759162903,0.011649759486317635,-0.03183179348707199,-0.1137680783867836,87,92
0.0051915645599365234,positive,10.0,10.0,0.06426510959863663,0.20721301436424255,-0.03410715609788895,-0.416321337223053,87,93
0.005238533020019531,positive,10.0,10.0,0.06840936839580536,0.012590629979968071,-0.04243358224630356,-0.13458310067653656,87,94
0.005285024642944336,positive,10.0,10.0,0.0686611756682396,0.2082938849925995,-0.045125242322683334,-0.4403454661369324,87,95
0.005711555480957031,positive,10.0,10.0,0.07865165174007416,-0.37031108140945435,-0.0850551500916481,0.2900867164134979,87,102
0.0058443546295166016,positive,10.0,10.0,0.05996295064687729,-0.7580486536026001,-0.06815783679485321,0.8214768767356873,87,104
0.00589752197265625,positive,10.0,10.0,0.0448019802570343,-0.5620635747909546,-0.051728300750255585,0.5081589818000793,87,105
0.005944252014160156,positive,10.0,10.0,0.03356070816516876,-0.36625242233276367,-0.041565123945474625,0.19963376224040985,87,106
0.0061054229736328125,positive,10.0,10.0,0.023325996473431587,-0.16945916414260864,-0.04789300635457039,-0.13025136291980743,87,109
0.006213665008544922,positive,10.0,10.0,0.020463112741708755,-0.16805718839168549,-0.059251051396131516,-0.1613045334815979,87,111
0.006259441375732422,positive,10.0,10.0,0.017101969569921494,0.027860751375555992,-0.062477145344018936,-0.47207537293434143,87,112
0.006361722946166992,positive,10.0,10.0,0.014332670718431473,-0.36034926772117615,-0.07591305673122406,0.06943684816360474,87,114
0.006632804870605469,positive,10.0,10.0,-0.03710051625967026,-0.16062165796756744,-0.05017216503620148,-0.32540467381477356,87,119
0.0067937374114990234,positive,10.0,10.0,-0.0505949966609478,-0.35336464643478394,-0.06483878940343857,-0.08501143753528595,87,122
0.00684046745300293,positive,10.0,10.0,-0.05766228958964348,-0.15737606585025787,-0.06653901934623718,-0.3974258005619049,87,123
0.006944179534912109,positive,10.0,10.0,-0.06783968955278397,-0.5454742312431335,-0.07701636105775833,0.14184311032295227,87,125
0.0071065425872802734,positive,10.0,10.0,-0.1122056394815445,-0.7374358773231506,-0.05244062468409538,0.364965558052063,87,128
0.007154703140258789,positive,10.0,10.0,-0.1269543617963791,-0.5416094064712524,-0.0451413132250309,0.056219182908535004,87,129
0.007330417633056641,positive,10.0,10.0,-0.17111815512180328,-0.7349015474319458,-0.025074254721403122,0.30860573053359985,87,132
0.007380962371826172,positive,10.0,10.0,-0.1858161985874176,-0.5394315123558044,-0.018902141600847244,0.00812170933932066,87,133
0.007432222366333008,positive,10.0,10.0,-0.19660481810569763,-0.7342773079872131,-0.01873970590531826,0.294781357049942,87,134
0.007541656494140625,positive,10.0,10.0,-0.2298729121685028,-0.7338276505470276,-0.0012141664046794176,0.2847944498062134,87,136
0.007592439651489258,positive,10.0,10.0,-0.2445494681596756,-0.928932249546051,0.004481722600758076,0.5770941972732544,87,137
0.007639646530151367,positive,10.0,10.0,-0.2631281018257141,-0.7338733673095703,0.016023606061935425,0.2858264744281769,87,138
0.0076863765716552734,positive,10.0,10.0,-0.2778055667877197,-0.5389835834503174,0.021740136668086052,-0.0017599600832909346,87,139
0.007807016372680664,positive,10.0,10.0,-0.303273469209671,-0.5396045446395874,0.02765898033976555,0.011942868120968342,87,141
0.007929086685180664,positive,10.0,10.0,-0.3287677764892578,-0.540398359298706,0.03416229039430618,0.029466694220900536,87,143
0.007982254028320312,positive,10.0,10.0,-0.33957576751708984,-0.7359931468963623,0.03475162386894226,0.33272942900657654,87,144
0.008097171783447266,positive,10.0,10.0,-0.36512327194213867,-0.7370730638504028,0.04243030771613121,0.3566588759422302,87,146
0.008142948150634766,positive,10.0,10.0,-0.37986472249031067,-0.9327718019485474,0.049563486129045486,0.662413477897644,87,147
0.008193016052246094,positive,10.0,10.0,-0.39852017164230347,-1.1285470724105835,0.06281175464391708,0.9702814221382141,87,148
0.008239030838012695,positive,10.0,10.0,-0.42109110951423645,-0.9343218207359314,0.08221738785505295,0.6979727149009705,87,149
0.008694171905517578,negative,10.0,-10.0,-0.5245792269706726,-0.5570439100265503,0.14187052845954895,0.40042272210121155,87,157
0.008739709854125977,negative,10.0,-10.0,-0.5357201099395752,-0.36418938636779785,0.14987899363040924,0.15561747550964355,87,158
0.008956193923950195,negative,10.0,-10.0,-0.5729038715362549,-0.3730371296405792,0.17963877320289612,0.3545758128166199,87,162
0.009002685546875,negative,10.0,-10.0,-0.5803645849227905,-0.1808633804321289,0.186730295419693,0.12348400801420212,87,163
0.009106636047363281,negative,10.0,-10.0,-0.5915439128875732,-0.575321614742279,0.19857554137706757,0.8146230578422546,87,165
0.00018668174743652344,positive,10.0,10.0,0.02933093160390854,0.23119105398654938,-0.020637117326259613,-0.3169594407081604,88,1
0.00030517578125,positive,10.0,10.0,0.03468213230371475,0.2318672388792038,-0.027593417093157768,-0.33192622661590576,88,3
0.0004172325134277344,positive,10.0,10.0,0.04006245359778404,0.23274436593055725,-0.03519336134195328,-0.3513548672199249,88,5
0.0008718967437744141,positive,10.0,10.0,0.06120075657963753,0.042628925293684006,-0.07260718196630478,-0.16936013102531433,88,12
0.0009186267852783203,positive,10.0,10.0,0.06205333396792412,-0.151382714509964,-0.07599438726902008,0.09956280887126923,88,13
0.0010247230529785156,positive,10.0,10.0,0.052118923515081406,-0.5393345355987549,-0.06665642559528351,0.6357965469360352,88,15
0.0010733604431152344,positive,10.0,10.0,0.04133222997188568,-0.3433493673801422,-0.05394049733877182,0.322889119386673,88,16
0.0011222362518310547,positive,10.0,10.0,0.034465242177248,-0.5376634001731873,-0.04748271405696869,0.5980854034423828,88,17
0.0015480518341064453,positive,10.0,10.0,-0.0523427352309227,-0.3415544927120209,0.049935922026634216,0.28308337926864624,88,24
0.0018033981323242188,positive,10.0,10.0,-0.056347593665122986,0.43576672673225403,0.039513710886240005,-0.8190727233886719,88,28
0.0018520355224609375,positive,10.0,10.0,-0.047632258385419846,0.6303262114524841,0.023132257163524628,-1.0990701913833618,88,29
0.0019555091857910156,positive,10.0,10.0,-0.01852300949394703,0.6299998760223389,-0.026537278667092323,-1.0913640260696411,88,31
0.002057313919067383,positive,10.0,10.0,0.002781738294288516,0.24081064760684967,-0.06450705230236053,-0.5300387740135193,88,33
0.0021619796752929688,positive,10.0,10.0,0.008531003259122372,-0.1473211944103241,-0.08027501404285431,0.009720087051391602,88,35
0.0022077560424804688,positive,10.0,10.0,0.0055845798924565315,-0.3412055969238281,-0.08008061349391937,0.2760346531867981,88,36
0.0022516250610351562,positive,10.0,10.0,-0.0012395322555676103,-0.5350991487503052,-0.07455991953611374,0.5424243211746216,88,37
0.0024156570434570312,positive,10.0,10.0,-0.03718676418066025,-0.33740583062171936,-0.03752332553267479,0.1914256066083908,88,40
0.0025904178619384766,positive,10.0,10.0,-0.04569382593035698,-0.14077402651309967,-0.04427138715982437,-0.13483884930610657,88,43
0.0027017593383789062,positive,10.0,10.0,-0.04741024598479271,-0.13947373628616333,-0.055791232734918594,-0.16363835334777832,88,45
0.0027501583099365234,positive,10.0,10.0,-0.0501997172832489,0.05640066787600517,-0.059064000844955444,-0.4733869135379791,88,46
0.0028002262115478516,positive,10.0,10.0,-0.04907170683145523,-0.13783957064151764,-0.06853173673152924,-0.19988934695720673,88,47
0.0028498172760009766,positive,10.0,10.0,-0.051828496158123016,-0.33191782236099243,-0.07252952456474304,0.07041211426258087,88,48
0.0028977394104003906,positive,10.0,10.0,-0.05846685543656349,-0.5259290337562561,-0.07112128287553787,0.3393588364124298,88,49
0.0029442310333251953,positive,10.0,10.0,-0.06898543238639832,-0.32987096905708313,-0.06433410942554474,0.02512315846979618,88,50
0.00299072265625,positive,10.0,10.0,-0.07558285444974899,-0.13388822972774506,-0.0638316422700882,-0.2871439754962921,88,51
0.0030374526977539062,positive,10.0,10.0,-0.07826061546802521,-0.3280445635318756,-0.06957452744245529,-0.015256378799676895,88,52
0.003153562545776367,positive,10.0,10.0,-0.087461456656456,0.06404619663953781,-0.07646073400974274,-0.6429296731948853,88,54
0.0032041072845458984,positive,10.0,10.0,-0.08618053048849106,-0.12993144989013672,-0.08931932598352432,-0.37527087330818176,88,55
0.0034966468811035156,positive,10.0,10.0,-0.13790582120418549,-1.0982975959777832,-0.07453683018684387,0.9331239461898804,88,60
0.0036046504974365234,positive,10.0,10.0,-0.17791683971881866,-0.706397294998169,-0.043514739722013474,0.3082364499568939,88,62
0.003832578659057617,positive,10.0,10.0,-0.23435986042022705,-0.7042692303657532,-0.02038029581308365,0.2610255181789398,88,66
0.0040721893310546875,positive,10.0,10.0,-0.2984788715839386,-1.0939571857452393,0.011603069491684437,0.8340696096420288,88,70
0.00424504280090332,positive,10.0,10.0,-0.3524235785007477,-0.8999411463737488,0.04441401734948158,0.5662000775337219,88,73
0.004359245300292969,positive,10.0,10.0,-0.39233553409576416,-1.291490912437439,0.07318877428770065,1.182210922241211,88,75
0.00010251998901367188,positive,10.0,10.0,-0.004866217728704214,-0.025719106197357178,0.04230988770723343,-0.027905862778425217,89,0
0.0001671314239501953,positive,10.0,10.0,-0.0053805997595191,0.16877135634422302,0.04175177216529846,-0.3069450855255127,89,1
0.00029158592224121094,positive,10.0,10.0,-0.0025435704737901688,0.16767369210720062,0.03558501973748207,-0.2826298773288727,89,3
0.0003421306610107422,positive,10.0,10.0,0.0008099033730104566,0.3622704744338989,0.029932422563433647,-0.5638805031776428,89,4
0.00039124488830566406,positive,10.0,10.0,0.008055312559008598,0.16674160957336426,0.01865481212735176,-0.2619197368621826,89,5
0.00044083595275878906,positive,10.0,10.0,0.011390144936740398,0.3615923821926117,0.013416416943073273,-0.5486608147621155,89,6
0.0005586147308349609,positive,10.0,10.0,0.02194768376648426,0.3613715171813965,-0.00259242276661098,-0.5436924695968628,89,8
0.0006160736083984375,positive,10.0,10.0,0.029175113886594772,0.16628609597682953,-0.013466271571815014,-0.2518274784088135,89,9
0.0008068084716796875,positive,10.0,10.0,0.04306760057806969,0.3622705638408661,-0.034715987741947174,-0.5637637972831726,89,12
0.0008547306060791016,positive,10.0,10.0,0.050313014537096024,0.16765250265598297,-0.045991264283657074,-0.28221702575683594,89,13
0.0009002685546875,positive,10.0,10.0,0.05366606265306473,0.3633992671966553,-0.05163560435175896,-0.589043378829956,89,14
0.0010666847229003906,positive,10.0,10.0,0.0638122484087944,0.17092138528823853,-0.07049840688705444,-0.3548617660999298,89,17
0.0011162757873535156,positive,10.0,10.0,0.06723067164421082,-0.02313106693327427,-0.07759564369916916,-0.0852154865860939,89,18
0.001163482666015625,positive,10.0,10.0,0.06676805019378662,-0.217059925198555,-0.07929994910955429,0.18201225996017456,89,19
0.0012674331665039062,positive,10.0,10.0,0.05420759692788124,-0.6049376726150513,-0.06668645143508911,0.7165699601173401,89,21
0.0013742446899414062,positive,10.0,10.0,0.03392966091632843,-0.6033010482788086,-0.04428176209330559,0.679392397403717,89,23
0.001422882080078125,positive,10.0,10.0,0.02186363935470581,-0.40759286284446716,-0.030693912878632545,0.3731032907962799,89,24
0.0014693737030029297,positive,10.0,10.0,0.013711781240999699,-0.21204864978790283,-0.02323184721171856,0.0709025040268898,89,25
0.0015149116516113281,positive,10.0,10.0,0.009470808319747448,-0.01660146936774254,-0.02181379869580269,-0.2290187031030655,89,26
0.0016207695007324219,positive,10.0,10.0,0.012715284712612629,-0.015915557742118835,-0.036964207887649536,-0.2442512959241867,89,28
0.0018405914306640625,positive,10.0,10.0,0.011509069241583347,-0.013550649397075176,-0.057987187057733536,-0.29672443866729736,89,32
0.0018887519836425781,positive,10.0,10.0,0.011238056235015392,-0.20780007541179657,-0.06392167508602142,-0.022878721356391907,89,33
0.0019335746765136719,positive,10.0,10.0,0.007082054391503334,-0.011822439730167389,-0.0643792524933815,-0.33502498269081116,89,34
0.002091646194458008,positive,10.0,10.0,0.0025280353147536516,-0.20393051207065582,-0.0798971951007843,-0.10853035748004913,89,37
0.002194643020629883,positive,10.0,10.0,-0.009507015347480774,-0.5916789770126343,-0.07890951633453369,0.42362019419670105,89,39
0.0023598670959472656,positive,10.0,10.0,-0.048844076693058014,-0.3936959505081177,-0.04910028353333473,0.06643393635749817,89,42
0.0024089813232421875,positive,10.0,10.0,-0.056717995554208755,-0.19790567457675934,-0.047771602869033813,-0.2413272112607956,89,43
0.0024580955505371094,positive,10.0,10.0,-0.06067610904574394,-0.002135026967152953,-0.052598148584365845,-0.5486876964569092,89,44
0.002568960189819336,positive,10.0,10.0,-0.06464841216802597,-0.0005114520899951458,-0.06903249770402908,-0.5850666761398315,89,46
0.0026197433471679688,positive,10.0,10.0,-0.06465864181518555,-0.19460198283195496,-0.08073383569717407,-0.31490373611450195,89,47
0.002671480178833008,positive,10.0,10.0,-0.06855068355798721,-0.3884866535663605,-0.08703190833330154,-0.04873399809002876,89,48
0.0027196407318115234,positive,10.0,10.0,-0.07632041722536087,-0.5822598338127136,-0.08800658583641052,0.215270534157753,89,49
0.0028476715087890625,positive,10.0,10.0,-0.10348602384328842,-0.5798228979110718,-0.07412225008010864,0.16110065579414368,89,51
0.0031385421752929688,positive,10.0,10.0,-0.16907288134098053,-0.7703509330749512,-0.050713248550891876,0.3525075316429138,89,56
0.0032525062561035156,positive,10.0,10.0,-0.1959708034992218,-0.3788258731365204,-0.042777612805366516,-0.2618587613105774,89,58
0.003297567367553711,positive,10.0,10.0,-0.20354732871055603,-0.1831202358007431,-0.04801478981971741,-0.5677214860916138,89,59
0.003342151641845703,positive,10.0,10.0,-0.2072097361087799,-0.37753695249557495,-0.05936921760439873,-0.29054340720176697,89,60
0.0035049915313720703,positive,10.0,10.0,-0.24151363968849182,-0.9600220918655396,-0.06043795123696327,0.5255840420722961,89,63
0.003551483154296875,positive,10.0,10.0,-0.2607140839099884,-0.7641040682792664,-0.0499262735247612,0.21448558568954468,89,64
0.0036542415618896484,positive,10.0,10.0,-0.2951657176017761,-0.7627429962158203,-0.035816341638565063,0.18430167436599731,89,66
0.003757476806640625,positive,10.0,10.0,-0.3295672833919525,-0.7617737650871277,-0.02282082289457321,0.1628396213054657,89,68
0.0038039684295654297,positive,10.0,10.0,-0.34480273723602295,-0.9565617442131042,-0.019564030691981316,0.44823673367500305,89,69
0.003848552703857422,positive,10.0,10.0,-0.3639339804649353,-1.1514015197753906,-0.010599295608699322,0.7346890568733215,89,70
0.004010677337646484,positive,10.0,10.0,-0.43691569566726685,-1.3467609882354736,0.03922729194164276,1.03293776512146,89,73
0.004126548767089844,positive,10.0,10.0,-0.48689454793930054,-0.9579348564147949,0.07494252175092697,0.479571133852005,89,75
0.0046083927154541016,negative,10.0,-10.0,-0.62533038854599,-0.5805371403694153,0.14555446803569794,0.1781833916902542,89,83
0.0047185420989990234,negative,10.0,-10.0,-0.6524893045425415,-0.5846678614616394,0.15937837958335876,0.27078571915626526,89,85
0.004839658737182617,negative,10.0,-10.0,-0.679815948009491,-0.589181125164032,0.17697793245315552,0.37261173129081726,89,87
0.00027942657470703125,positive,10.0,10.0,-0.00696580670773983,0.03366103768348694,0.004410236608237028,-0.03457702696323395,90,2
0.0003914833068847656,positive,10.0,10.0,-0.0017181966686621308,0.033544767647981644,-0.002798608038574457,-0.03201190009713173,90,4
0.0005021095275878906,positive,10.0,10.0,0.0035268336068838835,0.033633921295404434,-0.009950376115739346,-0.03398002311587334,90,6
0.0006303787231445312,positive,10.0,10.0,0.008777454495429993,0.03392811119556427,-0.017225690186023712,-0.04047384485602379,90,8
0.0006847381591796875,positive,10.0,10.0,0.009456017054617405,-0.16094264388084412,-0.018035167828202248,0.24672481417655945,90,9
0.0008080005645751953,positive,10.0,10.0,0.006925807800143957,-0.16049949824810028,-0.01413250807672739,0.23692911863327026,90,11
0.0008559226989746094,positive,10.0,10.0,0.0037158178165555,0.03482148051261902,-0.009393924847245216,-0.06017790362238884,90,12
0.0008997917175292969,positive,10.0,10.0,0.004412247333675623,0.2300768494606018,-0.01059748325496912,-0.3558098077774048,90,13
0.001062631607055664,positive,10.0,10.0,0.0065207998268306255,0.035632506012916565,-0.01463233307003975,-0.07807400822639465,90,16
0.0011076927185058594,positive,10.0,10.0,0.007233449723571539,0.2309611290693283,-0.016193812713027,-0.3753373324871063,90,17
0.0012662410736083984,positive,10.0,10.0,0.017204659059643745,0.0367748849093914,-0.0332140289247036,-0.10332012921571732,90,20
0.0013146400451660156,positive,10.0,10.0,0.017940156161785126,0.2323566973209381,-0.03528042882680893,-0.40629416704177856,90,21
0.0014269351959228516,positive,10.0,10.0,0.02334233745932579,0.23346838355064392,-0.04590510576963425,-0.43099460005760193,90,23
0.0014801025390625,positive,10.0,10.0,0.028011703863739967,0.039025500416755676,-0.054524995386600494,-0.15312887728214264,90,24
0.0016524791717529297,positive,10.0,10.0,0.03430232033133507,0.23663261532783508,-0.07060787826776505,-0.5015089511871338,90,27
0.0017004013061523438,positive,10.0,10.0,0.039034973829984665,0.04257327690720558,-0.08063805848360062,-0.23188671469688416,90,28
0.0017485618591308594,positive,10.0,10.0,0.039886437356472015,-0.15130938589572906,-0.0852757915854454,0.03431035950779915,90,29
0.0019838809967041016,positive,10.0,10.0,0.004522011149674654,-0.5368937253952026,-0.050722166895866394,0.5176087021827698,90,33
0.002033710479736328,positive,10.0,10.0,-0.006215863861143589,-0.3410956859588623,-0.040369994938373566,0.20938339829444885,90,34
0.002146482467651367,positive,10.0,10.0,-0.01594618707895279,-0.34000563621520996,-0.03809744119644165,0.18529559671878815,90,36
0.00225830078125,positive,10.0,10.0,-0.025633497163653374,0.05123750492930412,-0.03677469119429588,-0.422489732503891,90,38
0.002382040023803711,positive,10.0,10.0,-0.01967153511941433,0.05239218473434448,-0.05975519120693207,-0.4484224021434784,90,40
0.002497434616088867,positive,10.0,10.0,-0.021460408344864845,-0.3359104096889496,-0.07222680002450943,0.09507789462804794,90,42
0.0026891231536865234,positive,10.0,10.0,-0.0532568022608757,-0.5280404090881348,-0.050366029143333435,0.3219814598560333,90,45
0.0029168128967285156,positive,10.0,10.0,-0.07981246709823608,-0.13519302010536194,-0.04977182298898697,-0.32163867354393005,90,49
0.003027200698852539,positive,10.0,10.0,-0.08910776674747467,-0.1336911916732788,-0.05710575357079506,-0.3549308478832245,90,51
0.0032553672790527344,positive,10.0,10.0,-0.10750234127044678,-0.5200983285903931,-0.07611624896526337,0.1467677801847458,90,55
0.0033063888549804688,positive,10.0,10.0,-0.11790431290864944,-0.7140523791313171,-0.07318089157342911,0.4144999384880066,90,56
0.003543853759765625,positive,10.0,10.0,-0.1749146282672882,-0.3205720782279968,-0.04255940392613411,-0.24370387196540833,90,60
0.0035991668701171875,positive,10.0,10.0,-0.18132607638835907,-0.12486889958381653,-0.047433484345674515,-0.5495015382766724,90,61
0.00379180908203125,positive,10.0,10.0,-0.1926770955324173,-0.3175605237483978,-0.07551927864551544,-0.3107554018497467,90,64
0.0038480758666992188,positive,10.0,10.0,-0.19902831315994263,-0.5115298628807068,-0.08173438161611557,-0.04281225427985191,90,65
0.003900766372680664,positive,10.0,10.0,-0.20925889909267426,-0.7053903937339783,-0.08259062469005585,0.22300466895103455,90,66
0.0040705204010009766,positive,10.0,10.0,-0.255413681268692,-0.8971887826919556,-0.06491409987211227,0.442645400762558,90,69
0.004482269287109375,positive,10.0,10.0,-0.35893771052360535,-0.8929675817489624,-0.022927848622202873,0.3485791087150574,90,75
0.004762887954711914,positive,10.0,10.0,-0.4537598192691803,-1.282806158065796,0.039418067783117294,0.9253153800964355,90,79
0.00481724739074707,positive,10.0,10.0,-0.4794159531593323,-1.4784377813339233,0.05792437493801117,1.2301206588745117,90,80
0.005102634429931641,negative,10.0,-10.0,-0.6274633407592773,-1.6798148155212402,0.18596145510673523,1.6836954355239868,90,85
0.00013399124145507812,positive,10.0,10.0,0.048260822892189026,-0.026411792263388634,0.0029975511133670807,-0.033002182841300964,91,0
0.00020170211791992188,positive,10.0,10.0,0.04773258790373802,0.1686670482158661,0.00233750743791461,-0.3247378468513489,91,1
0.00025272369384765625,positive,10.0,10.0,0.05110592767596245,0.36375564336776733,-0.004157249350100756,-0.6166827082633972,91,2
0.0003750324249267578,positive,10.0,10.0,0.06955975294113159,0.7542765736579895,-0.03470434620976448,-1.2084921598434448,91,4
0.00015926361083984375,positive,10.0,10.0,0.038898635655641556,-0.043962158262729645,-0.034720808267593384,0.021007955074310303,92,0
0.00022792816162109375,positive,10.0,10.0,0.038019392639398575,0.15164007246494293,-0.03430064767599106,-0.2824244201183319,92,1
0.0003523826599121094,positive,10.0,10.0,0.047996874898672104,0.15269377827644348,-0.05166364088654518,-0.3058895468711853,92,3
0.0007941722869873047,positive,10.0,10.0,0.05021778121590614,-0.42606183886528015,-0.0730535089969635,0.4280143678188324,92,10
0.0008404254913330078,positive,10.0,10.0,0.041696544736623764,-0.6200772523880005,-0.06449322402477264,0.6968026161193848,92,11
0.0008864402770996094,positive,10.0,10.0,0.029294999316334724,-0.42412298917770386,-0.05055717006325722,0.38453444838523865,92,12
0.0009357929229736328,positive,10.0,10.0,0.020812539383769035,-0.618492066860199,-0.042866483330726624,0.6608580946922302,92,13
0.0009818077087402344,positive,10.0,10.0,0.008442697115242481,-0.4228006899356842,-0.029649319127202034,0.35499173402786255,92,14
0.0010263919830322266,positive,10.0,10.0,-1.3316062904777937e-05,-0.6174888014793396,-0.02254948578774929,0.6381799578666687,92,15
0.001142263412475586,positive,10.0,10.0,-0.020804287865757942,-0.22679996490478516,-0.0030162474140524864,0.04272924363613129,92,17
0.0011906623840332031,positive,10.0,10.0,-0.025340287014842033,-0.03163488581776619,-0.002161662559956312,-0.25090381503105164,92,18
0.001352071762084961,positive,10.0,10.0,-0.031137537211179733,0.16371041536331177,-0.011434669606387615,-0.5485244989395142,92,21
0.0013976097106933594,positive,10.0,10.0,-0.027863329276442528,-0.031249048188328743,-0.02240516059100628,-0.25946617126464844,92,22
0.0014424324035644531,positive,10.0,10.0,-0.028488310053944588,0.16418546438217163,-0.02759448252618313,-0.5591309070587158,92,23
0.0014870166778564453,positive,10.0,10.0,-0.025204600766301155,-0.03053850680589676,-0.038777101784944534,-0.27526789903640747,92,24
0.0015974044799804688,positive,10.0,10.0,-0.022513078525662422,0.3608282208442688,-0.05588095262646675,-0.8862220048904419,92,26
0.0016472339630126953,positive,10.0,10.0,-0.015296513214707375,0.16650758683681488,-0.07360538840293884,-0.6116164922714233,92,27
0.0018229484558105469,positive,10.0,10.0,-0.016942918300628662,-0.02499505877494812,-0.09426894038915634,-0.39899635314941406,92,30
0.0021262168884277344,positive,10.0,10.0,-0.05035756900906563,-0.6028783917427063,-0.09387200325727463,0.31717944145202637,92,35
0.002175569534301758,positive,10.0,10.0,-0.06241513788700104,-0.7965466976165771,-0.08752841502428055,0.5788449645042419,92,36
0.0022950172424316406,positive,10.0,10.0,-0.09815286844968796,-1.1843476295471191,-0.059097081422805786,1.1105859279632568,92,38
0.002775907516479492,positive,10.0,10.0,-0.22500568628311157,-0.7927065491676331,0.020075445994734764,0.49168193340301514,92,46
0.002994537353515625,positive,10.0,10.0,-0.28846922516822815,-0.794832170009613,0.06046285480260849,0.539337158203125,92,50
0.003039836883544922,positive,10.0,10.0,-0.304365873336792,-0.6006099581718445,0.0712495967745781,0.2663014531135559,92,51
0.003087759017944336,positive,10.0,10.0,-0.31637808680534363,-0.7966726422309875,0.0765756294131279,0.5805789828300476,92,52
0.003782033920288086,negative,10.0,-10.0,-0.44692182540893555,-0.8143690824508667,0.1617162972688675,0.9808812737464905,92,64
0.0002353191375732422,positive,10.0,10.0,-0.022169606760144234,0.20354540646076202,-0.046122774481773376,-0.2987424433231354,93,1
0.0002872943878173828,positive,10.0,10.0,-0.018098698928952217,0.009110220707952976,-0.0520976260304451,-0.020955108106136322,93,2
0.0003361701965332031,positive,10.0,10.0,-0.017916494980454445,0.2049390971660614,-0.05251672863960266,-0.3296096622943878,93,3
0.00038361549377441406,positive,10.0,10.0,-0.013817712664604187,0.010602548718452454,-0.0591089203953743,-0.05393954738974571,93,4
0.0004303455352783203,positive,10.0,10.0,-0.013605661690235138,0.20652003586292267,-0.06018771231174469,-0.36467045545578003,93,5
0.0005543231964111328,positive,10.0,10.0,-0.0092292046174407,0.20832382142543793,-0.06931225210428238,-0.40474334359169006,93,7
0.0006072521209716797,positive,10.0,10.0,-0.005062728188931942,0.014249778352677822,-0.0774071216583252,-0.13469275832176208,93,8
0.0007715225219726562,positive,10.0,10.0,-0.015842825174331665,-0.5675143599510193,-0.06946944445371628,0.6662710309028625,93,11
0.0008165836334228516,positive,10.0,10.0,-0.027193112298846245,-0.3714984655380249,-0.056144021451473236,0.35254883766174316,93,12
0.0008649826049804688,positive,10.0,10.0,-0.034623079001903534,-0.5657789707183838,-0.04909304529428482,0.6270127296447754,93,13
0.0010292530059814453,positive,10.0,10.0,-0.05682649835944176,0.02115686796605587,-0.029861176386475563,-0.2867472469806671,93,16
0.0010762214660644531,positive,10.0,10.0,-0.05640335753560066,-0.17352677881717682,-0.03559612110257149,-0.0036298339255154133,93,17
0.0013568401336669922,positive,10.0,10.0,-0.06584474444389343,0.024481119588017464,-0.05002386122941971,-0.36036694049835205,93,22
0.001522064208984375,positive,10.0,10.0,-0.06823306530714035,0.22190448641777039,-0.06678943336009979,-0.7047026753425598,93,25
0.0016236305236816406,positive,10.0,10.0,-0.06323960423469543,-0.1661207526922226,-0.08955887705087662,-0.16764022409915924,93,27
0.0016727447509765625,positive,10.0,10.0,-0.06656201928853989,-0.35985422134399414,-0.09291168302297592,0.09550019353628159,93,28
0.001783609390258789,positive,10.0,10.0,-0.08482970297336578,-0.7472484707832336,-0.08385199308395386,0.620141863822937,93,30
0.0019538402557373047,positive,10.0,10.0,-0.13349857926368713,-0.5492571592330933,-0.042323097586631775,0.26190274953842163,93,33
0.0021877288818359375,positive,10.0,10.0,-0.18517856299877167,-0.9376765489578247,-0.011108201928436756,0.8069133758544922,93,37
0.002300262451171875,positive,10.0,10.0,-0.21878017485141754,-0.5473533868789673,0.015245206654071808,0.21966350078582764,93,39
0.002403736114501953,positive,10.0,10.0,-0.24458104372024536,-0.5478498935699463,0.029980799183249474,0.23068583011627197,93,41
0.0024487972259521484,positive,10.0,10.0,-0.25553804636001587,-0.7433871626853943,0.034594517201185226,0.5326729416847229,93,42
0.002495288848876953,positive,10.0,10.0,-0.27040576934814453,-0.5487684011459351,0.04524797573685646,0.2510882318019867,93,43
0.0026552677154541016,positive,10.0,10.0,-0.3072737753391266,-0.7460666298866272,0.06704884022474289,0.5926677584648132,93,46
0.0027015209197998047,positive,10.0,10.0,-0.3221951127052307,-0.9420599341392517,0.07890219241380692,0.9056947231292725,93,47
0.0029768943786621094,negative,10.0,-10.0,-0.42445001006126404,-1.5339117050170898,0.18702194094657898,1.9522379636764526,93,52
0.00016689300537109375,positive,10.0,10.0,0.041925184428691864,0.024237381294369698,0.007071659434586763,-0.012283531948924065,94,0
0.0003829002380371094,positive,10.0,10.0,0.0472758486866951,-0.1710943728685379,0.0006134696886874735,0.2850271761417389,94,3
0.0005097389221191406,positive,10.0,10.0,0.04433433711528778,0.21904966235160828,0.006164769176393747,-0.2981463074684143,94,5
0.0005652904510498047,positive,10.0,10.0,0.04871533066034317,0.41408318281173706,0.0002018430532189086,-0.5888786315917969,94,6
0.0006189346313476562,positive,10.0,10.0,0.056996993720531464,0.21895842254161835,-0.011575729586184025,-0.2961321175098419,94,7
0.0006685256958007812,positive,10.0,10.0,0.06137616187334061,0.02400338649749756,-0.017498372122645378,-0.007122352719306946,94,8
0.0007157325744628906,positive,10.0,10.0,0.0618562288582325,0.21937185525894165,-0.017640817910432816,-0.30527445673942566,94,9
0.0008215904235839844,positive,10.0,10.0,0.07453848421573639,0.21995878219604492,-0.03581567481160164,-0.31835851073265076,94,11
0.0008690357208251953,positive,10.0,10.0,0.07893765717744827,0.02536475472152233,-0.04218284413218498,-0.037182215601205826,94,12
0.00091552734375,positive,10.0,10.0,0.07944495230913162,0.2210654318332672,-0.04292648658156395,-0.34287017583847046,94,13
0.0012135505676269531,positive,10.0,10.0,0.08608140796422958,0.029713449999690056,-0.056864429265260696,-0.1332860141992569,94,18
0.0012652873992919922,positive,10.0,10.0,0.08667568117380142,0.22560188174247742,-0.05953015014529228,-0.4433528780937195,94,19
0.0013153553009033203,positive,10.0,10.0,0.09118771553039551,0.03137056156992912,-0.06839720904827118,-0.17001350224018097,94,20
0.0014286041259765625,positive,10.0,10.0,0.09636315703392029,0.03336234390735626,-0.08146678656339645,-0.2142469435930252,94,22
0.001478433609008789,positive,10.0,10.0,0.097030408680439,-0.16050611436367035,-0.0857517197728157,0.051666535437107086,94,23
0.0015261173248291016,positive,10.0,10.0,0.09382028132677078,-0.35430049896240234,-0.08471839129924774,0.316109836101532,94,24
0.0015745162963867188,positive,10.0,10.0,0.08673427253961563,-0.5481199622154236,-0.07839619368314743,0.5809189677238464,94,25
0.0018649101257324219,positive,10.0,10.0,0.039909571409225464,0.04094971716403961,-0.036133021116256714,-0.38110581040382385,94,30
0.0019140243530273438,positive,10.0,10.0,0.04072856530547142,-0.153641015291214,-0.04375514015555382,-0.10003102570772171,94,31
0.002095937728881836,positive,10.0,10.0,0.035450052469968796,0.04348629713058472,-0.056445132941007614,-0.4374603033065796,94,34
0.002145528793334961,positive,10.0,10.0,0.03631977736949921,-0.1507931500673294,-0.06519433856010437,-0.16309130191802979,94,35
0.002197742462158203,positive,10.0,10.0,0.03330391272902489,0.04519857466220856,-0.06845616549253464,-0.47560790181159973,94,36
0.002704620361328125,positive,10.0,10.0,-0.013356180861592293,-1.1139488220214844,-0.0787680447101593,1.0301623344421387,94,44
0.0029413700103759766,positive,10.0,10.0,-0.07895808666944504,-0.7208699584007263,-0.03387545049190521,0.37839582562446594,94,48
0.0029878616333007812,positive,10.0,10.0,-0.09337548911571503,-0.525283694267273,-0.02630753442645073,0.0752272829413414,94,49
0.0030913352966308594,positive,10.0,10.0,-0.1182815358042717,-0.5245532393455505,-0.017613081261515617,0.0590958297252655,94,51
0.003381967544555664,positive,10.0,10.0,-0.18630431592464447,-0.7189034223556519,0.01077959407120943,0.3347538411617279,94,56
0.003431081771850586,positive,10.0,10.0,-0.2006823867559433,-0.5239365696907043,0.017474669963121414,0.04548963904380798,94,57
0.0035448074340820312,positive,10.0,10.0,-0.2255472093820572,-0.5244490504264832,0.025257151573896408,0.05680500343441963,94,59
0.003660917282104492,positive,10.0,10.0,-0.25043466687202454,-0.5251868963241577,0.03354022279381752,0.07310351729393005,94,61
0.003773927688598633,positive,10.0,10.0,-0.27535387873649597,-0.5261654257774353,0.04252583160996437,0.09473271667957306,94,63
0.003823995590209961,positive,10.0,10.0,-0.28587716817855835,-0.7218703031539917,0.04442048445343971,0.40052342414855957,94,64
0.004090547561645508,positive,10.0,10.0,-0.3202996850013733,-0.33459338545799255,0.043235890567302704,-0.11984750628471375,94,68
0.004269599914550781,positive,10.0,10.0,-0.3365097641944885,-0.5313707590103149,0.03100111521780491,0.20955993235111237,94,71
0.004375934600830078,positive,10.0,10.0,-0.3616756200790405,-0.9225214719772339,0.04542948678135872,0.8154206871986389,94,73
0.004541158676147461,positive,10.0,10.0,-0.41316673159599304,-0.7299207448959351,0.08946213126182556,0.5798080563545227,94,76
0.005013704299926758,negative,10.0,-10.0,-0.4995707869529724,-0.3528275489807129,0.1539306789636612,0.2857098877429962,94,84
0.005133152008056641,negative,10.0,-10.0,-0.5176227688789368,-0.35719624161720276,0.1720990687608719,0.3842567503452301,94,86
0.005323648452758789,negative,10.0,-10.0,-0.5430935025215149,-0.5593041181564331,0.2041965126991272,0.8418172001838684,94,89
0.00014734268188476562,positive,10.0,10.0,-0.0060418108478188515,0.03194725885987282,0.02714856155216694,-0.04366017132997513,95,0
0.00028705596923828125,positive,10.0,10.0,-0.0008694734424352646,0.031183624640107155,0.01972225122153759,-0.02680353634059429,95,2
0.00033736228942871094,positive,10.0,10.0,-0.0002458009694237262,0.22601726651191711,0.01918618008494377,-0.3131991922855377,95,3
0.0003879070281982422,positive,10.0,10.0,0.004274544306099415,0.030627328902482986,0.01292219664901495,-0.014527842402458191,95,4
0.0005116462707519531,positive,10.0,10.0,0.00939832255244255,0.030261922627687454,0.006569523364305496,-0.00646606832742691,95,6
0.0005848407745361328,positive,10.0,10.0,0.010003561154007912,0.22528904676437378,0.006440202239900827,-0.2970690131187439,95,7
0.0006392002105712891,positive,10.0,10.0,0.014509342610836029,0.030075879767537117,0.0004988217842765152,-0.0023619327694177628,95,8
0.0007450580596923828,positive,10.0,10.0,0.019614674150943756,0.03006228804588318,-0.005446165334433317,-0.0020621183793991804,95,10
0.0007898807525634766,positive,10.0,10.0,0.020215919241309166,0.22526192665100098,-0.005487408023327589,-0.2964583933353424,95,11
0.0009605884552001953,positive,10.0,10.0,0.029835578054189682,0.03054664470255375,-0.01756228134036064,-0.012748712673783302,95,14
0.0011768341064453125,positive,10.0,10.0,0.03230816125869751,0.031411852687597275,-0.019217656925320625,-0.03183850646018982,95,18
0.0012226104736328125,positive,10.0,10.0,0.032936397939920425,-0.16342931985855103,-0.019854426383972168,0.254719614982605,95,19
0.0013849735260009766,positive,10.0,10.0,0.034853238612413406,0.03240494057536125,-0.022472456097602844,-0.05375286564230919,95,22
0.0016758441925048828,positive,10.0,10.0,0.04597074165940285,0.22962012887001038,-0.04115154221653938,-0.39287427067756653,95,27
0.0019125938415527344,positive,10.0,10.0,0.06442131847143173,0.23278386890888214,-0.07438544929027557,-0.46352383494377136,95,31
0.001961231231689453,positive,10.0,10.0,0.06907700002193451,0.0387876033782959,-0.08365592360496521,-0.19518327713012695,95,32
0.0022461414337158203,positive,10.0,10.0,0.03419296070933342,-0.540557861328125,-0.05022643506526947,0.5516224503517151,95,37
0.0022945404052734375,positive,10.0,10.0,0.023381803184747696,-0.34476780891418457,-0.03919398784637451,0.24354739487171173,95,38
0.0023458003997802734,positive,10.0,10.0,0.01648644730448723,-0.14910858869552612,-0.03432304039597511,-0.06123612821102142,95,39
0.0023949146270751953,positive,10.0,10.0,0.013504275120794773,-0.34372204542160034,-0.03554776310920715,0.2204231172800064,95,40
0.002516031265258789,positive,10.0,10.0,0.00366762513294816,0.0474436916410923,-0.0328044518828392,-0.385600209236145,95,42
0.002570629119873047,positive,10.0,10.0,0.004616498947143555,-0.14719757437705994,-0.040516458451747894,-0.10343818366527557,95,43
0.0026242733001708984,positive,10.0,10.0,0.0016725475434213877,0.04848089441657066,-0.04258522018790245,-0.4086235761642456,95,44
0.00286865234375,positive,10.0,10.0,-0.002172685693949461,0.051424477249383926,-0.06535977125167847,-0.4741319715976715,95,48
0.003026723861694336,positive,10.0,10.0,-0.003998526372015476,-0.336692750453949,-0.07889729738235474,0.06542236357927322,95,50
0.003087759017944336,positive,10.0,10.0,-0.010732381604611874,-0.5306000709533691,-0.07758884876966476,0.3322068154811859,95,51
0.003144979476928711,positive,10.0,10.0,-0.02134438417851925,-0.7245368361473083,-0.07094471156597137,0.5994485020637512,95,52
0.003194093704223633,positive,10.0,10.0,-0.03583512082695961,-0.9185982942581177,-0.05895574390888214,0.86896812915802,95,53
0.003239870071411133,positive,10.0,10.0,-0.05420708656311035,-0.7227259278297424,-0.04157637804746628,0.5583471655845642,95,54
0.0033605098724365234,positive,10.0,10.0,-0.07920251786708832,-0.7217206358909607,-0.025352224707603455,0.5357988476753235,95,56
0.0034644603729248047,positive,10.0,10.0,-0.10416196286678314,-0.7211613059043884,-0.009931513108313084,0.5232672095298767,95,58
0.003509998321533203,positive,10.0,10.0,-0.11858519166707993,-0.5259010195732117,0.0005338307237252593,0.22747135162353516,95,59
0.003557443618774414,positive,10.0,10.0,-0.12910321354866028,-0.721030592918396,0.005083257798105478,0.5203226208686829,95,60
0.0038328170776367188,positive,10.0,10.0,-0.2012448012828827,-0.5275996327400208,0.05798068270087242,0.265343576669693,95,65
0.003877878189086914,positive,10.0,10.0,-0.21179679036140442,-0.7234991788864136,0.06328755617141724,0.5757358074188232,95,66
0.0039217472076416016,positive,10.0,10.0,-0.2262667715549469,-0.5293188095092773,0.07480227202177048,0.30364251136779785,95,67
0.0040247440338134766,positive,10.0,10.0,-0.24355991184711456,-0.1414635181427002,0.08158425241708755,-0.23065343499183655,95,69
0.0040721893310546875,positive,10.0,10.0,-0.24638918042182922,0.05240359902381897,0.07697118818759918,-0.49652770161628723,95,70
0.004289388656616211,positive,10.0,10.0,-0.25792136788368225,0.04854656755924225,0.06328566372394562,-0.4107021987438202,95,74
0.004449367523193359,positive,10.0,10.0,-0.25896111130714417,0.24120745062828064,0.04562505707144737,-0.6490498185157776,95,77
0.004565238952636719,positive,10.0,10.0,-0.2532273530960083,-0.15009018778800964,0.02579694241285324,-0.039560429751873016,95,79
0.0046117305755615234,positive,10.0,10.0,-0.2562291622161865,0.04465251788496971,0.025005733594298363,-0.32399383187294006,95,80
0.004717826843261719,positive,10.0,10.0,-0.25835245847702026,-0.34619906544685364,0.018055232241749763,0.27493879199028015,95,82
0.004820346832275391,positive,10.0,10.0,-0.2683032155036926,0.043437063694000244,0.023314103484153748,-0.2971545457839966,95,84
0.004865407943725586,positive,10.0,10.0,-0.2674344778060913,-0.15200933814048767,0.017371011897921562,0.0027891318313777447,95,85
0.004911184310913086,positive,10.0,10.0,-0.2704746723175049,0.04285923019051552,0.01742679439485073,-0.28436279296875,95,86
0.005071878433227539,positive,10.0,10.0,-0.26401403546333313,0.23756130039691925,-0.005193255841732025,-0.5677261352539062,95,89
0.005175113677978516,positive,10.0,10.0,-0.25841253995895386,0.23786665499210358,-0.02208145335316658,-0.5745396018028259,95,91
0.005463838577270508,positive,10.0,10.0,-0.25795218348503113,-0.34487801790237427,-0.04636317864060402,0.2460649162530899,95,96
0.0057604312896728516,positive,10.0,10.0,-0.2689019441604614,-0.14647503197193146,-0.05964289605617523,-0.1194978877902031,95,101
0.0058095455169677734,positive,10.0,10.0,-0.2718314528465271,-0.34069398045539856,-0.06203285604715347,0.15378789603710175,95,102
0.005919456481933594,positive,10.0,10.0,-0.2815401554107666,0.051173124462366104,-0.06211313605308533,-0.46848613023757935,95,104
0.005972862243652344,positive,10.0,10.0,-0.28051668405532837,-0.14301885664463043,-0.07148285955190659,-0.19600938260555267,95,105
0.0060253143310546875,positive,10.0,10.0,-0.2833770513534546,0.053048908710479736,-0.07540304213762283,-0.5103580355644226,95,106
0.006079435348510742,positive,10.0,10.0,-0.28231608867645264,-0.14093434810638428,-0.08561020344495773,-0.24235743284225464,95,107
0.006199359893798828,positive,10.0,10.0,-0.29182949662208557,-0.5284518599510193,-0.09001452475786209,0.2849692702293396,95,109
0.006374359130859375,positive,10.0,10.0,-0.3351626694202423,-1.1100696325302124,-0.057097308337688446,1.0816686153411865,95,112
0.006420135498046875,positive,10.0,10.0,-0.35736405849456787,-1.3043932914733887,-0.035463932901620865,1.3559017181396484,95,113
0.006464481353759766,positive,10.0,10.0,-0.3834519386291504,-1.1088447570800781,-0.008345901034772396,1.0523390769958496,95,114
0.006626129150390625,positive,10.0,10.0,-0.4538838267326355,-1.3045185804367065,0.06062285974621773,1.358538269996643,95,117
0.006787776947021484,negative,10.0,-10.0,-0.5361080765724182,-1.5027474164962769,0.14929373562335968,1.733433723449707,95,120
0.0068340301513671875,negative,10.0,-10.0,-0.5661630034446716,-1.3096115589141846,0.1839624047279358,1.4906818866729736,95,121
0.0002524852752685547,positive,10.0,10.0,0.03248794749379158,0.1722685843706131,-0.03879913315176964,-0.26234522461891174,96,1
0.0003066062927246094,positive,10.0,10.0,0.035933319479227066,0.36792227625846863,-0.04404604062438011,-0.5670089721679688,96,2
0.0004324913024902344,positive,10.0,10.0,0.04676066339015961,-0.02084522880613804,-0.06115664169192314,-0.01380811259150505,96,4
0.0006690025329589844,positive,10.0,10.0,0.05300234630703926,-0.017148155719041824,-0.07629997283220291,-0.09560974687337875,96,8
0.0008919239044189453,positive,10.0,10.0,0.028356894850730896,-0.4030362069606781,-0.05184367299079895,0.3945830762386322,96,12
0.0009381771087646484,positive,10.0,10.0,0.020296171307563782,-0.5973856449127197,-0.04395201429724693,0.6704803705215454,96,13
0.0009875297546386719,positive,10.0,10.0,0.00834845844656229,-0.4016810953617096,-0.0305424053221941,0.3642892837524414,96,14
0.0011477470397949219,positive,10.0,10.0,-0.019630638882517815,-0.5958915948867798,-0.003367421915754676,0.6366857290267944,96,17
0.0012543201446533203,positive,10.0,10.0,-0.039562929421663284,-0.5959767699241638,0.0162251777946949,0.6385659575462341,96,19
0.0014121532440185547,positive,10.0,10.0,-0.07143629342317581,-0.4020044803619385,0.049071624875068665,0.37159255146980286,96,22
0.0015175342559814453,positive,10.0,10.0,-0.09143214672803879,-0.40349456667900085,0.07009018957614899,0.40496373176574707,96,24
0.0015652179718017578,positive,10.0,10.0,-0.09950203448534012,-0.5995368361473083,0.07818946242332458,0.7188947796821594,96,25
0.00160980224609375,positive,10.0,10.0,-0.11149277538061142,-0.4055789113044739,0.09256736189126968,0.4518110156059265,96,26
0.0019419193267822266,positive,10.0,10.0,-0.11768728494644165,0.36588653922080994,0.09212906658649445,-0.52422034740448,96,32
0.0019872188568115234,positive,10.0,10.0,-0.11036955565214157,0.16959701478481293,0.08164466172456741,-0.20398706197738647,96,33
0.0020956993103027344,positive,10.0,10.0,-0.09970837086439133,0.16733518242835999,0.06816813349723816,-0.15375207364559174,96,35
0.0021986961364746094,positive,10.0,10.0,-0.08913329988718033,0.1654374599456787,0.05660960078239441,-0.11170214414596558,96,37
0.002246379852294922,positive,10.0,10.0,-0.08582454919815063,0.35970446467399597,0.05437555909156799,-0.3860015273094177,96,38
0.0024788379669189453,positive,10.0,10.0,-0.05713080242276192,0.35742831230163574,0.025332877412438393,-0.335273414850235,96,42
0.0025835037231445312,positive,10.0,10.0,-0.046743132174015045,0.35680511593818665,0.0179331935942173,-0.32145875692367554,96,44
0.0026285648345947266,positive,10.0,10.0,-0.039607033133506775,0.1614324301481247,0.011504018679261208,-0.023174798116087914,96,45
0.0028448104858398438,positive,10.0,10.0,-0.018905173987150192,0.16097745299339294,-0.001669382443651557,-0.013136609457433224,96,49
0.003002643585205078,positive,10.0,10.0,-0.013147455640137196,0.35609838366508484,0.0033628172241151333,-0.3058021664619446,96,52
0.003108978271484375,positive,10.0,10.0,-0.0028069145046174526,0.3560900092124939,-0.0029944381676614285,-0.30561092495918274,96,54
0.0031538009643554688,positive,10.0,10.0,0.004314885474741459,0.16101084649562836,-0.009106656536459923,-0.013873872347176075,96,55
0.003314971923828125,positive,10.0,10.0,0.017885850742459297,0.3566170036792755,-0.01596660353243351,-0.3172626197338104,96,58
0.003722667694091797,positive,10.0,10.0,0.05624327436089516,0.16430974006652832,-0.045881181955337524,-0.08673279732465744,96,65
0.0037708282470703125,positive,10.0,10.0,0.059529468417167664,0.3600583076477051,-0.047615841031074524,-0.3935309946537018,96,66
0.003943920135498047,positive,10.0,10.0,0.07727378606796265,0.16725702583789825,-0.06632895767688751,-0.15197965502738953,96,69
0.004066944122314453,positive,10.0,10.0,0.08788418769836426,0.16918626427650452,-0.0786651149392128,-0.19479155540466309,96,71
0.0041904449462890625,positive,10.0,10.0,0.09077336639165878,-0.21857468783855438,-0.08111943304538727,0.3376108705997467,96,73
0.004243373870849609,positive,10.0,10.0,0.08640187233686447,-0.412454217672348,-0.0743672102689743,0.6036508679389954,96,74
0.0044689178466796875,positive,10.0,10.0,0.045712247490882874,-0.4094501733779907,-0.01687292940914631,0.5355640649795532,96,78
0.004581451416015625,positive,10.0,10.0,0.025436626747250557,-0.40912511944770813,0.010296011343598366,0.5282685160636902,96,80
0.004632234573364258,positive,10.0,10.0,0.017254125326871872,-0.6043904423713684,0.02086138166487217,0.8241779208183289,96,81
0.00468134880065918,positive,10.0,10.0,0.005166316404938698,-0.7997913956642151,0.03734494000673294,1.1233484745025635,96,82
0.004729032516479492,positive,10.0,10.0,-0.010829512029886246,-0.6051784157752991,0.05981190875172615,0.8426093459129333,96,83
0.004776716232299805,positive,10.0,10.0,-0.022933080792427063,-0.4109216034412384,0.07666409760713577,0.5693194270133972,96,84
0.004823923110961914,positive,10.0,10.0,-0.031151512637734413,-0.21695387363433838,0.0880504846572876,0.30173954367637634,96,85
0.005059242248535156,positive,10.0,10.0,-0.02526281587779522,0.1678396761417389,0.08068007230758667,-0.16508467495441437,96,89
0.005110263824462891,positive,10.0,10.0,-0.02190602384507656,0.3617195785045624,0.07737838476896286,-0.43126431107521057,96,90
0.005158901214599609,positive,10.0,10.0,-0.014671632088720798,0.5556654334068298,0.06875309348106384,-0.698586106300354,96,91
0.005208015441894531,positive,10.0,10.0,-0.0035583225544542074,0.3596609830856323,0.05478137359023094,-0.38507649302482605,96,92
0.005254507064819336,positive,10.0,10.0,0.003634897293522954,0.16380584239959717,0.047079846262931824,-0.07563682645559311,96,93
0.005301475524902344,positive,10.0,10.0,0.006911014206707478,0.3582223653793335,0.0455671064555645,-0.35310208797454834,96,94
0.005349397659301758,positive,10.0,10.0,0.014075461775064468,0.1624830663204193,0.03850506618618965,-0.04640583693981171,96,95
0.0053975582122802734,positive,10.0,10.0,0.01732512190937996,0.35703232884407043,0.03757695108652115,-0.3266957402229309,96,96
0.005445718765258789,positive,10.0,10.0,0.02446576952934265,0.1613961011171341,0.03104303404688835,-0.02240351028740406,96,97
0.005559444427490234,positive,10.0,10.0,0.034814879298210144,0.16051514446735382,0.024492312222719193,-0.0029599571134895086,96,99
0.0067403316497802734,positive,10.0,10.0,0.11811675876379013,0.5243425369262695,0.0833783820271492,-0.005743010900914669,96,119
0.006791830062866211,positive,10.0,10.0,0.12860360741615295,0.7181758880615234,0.08326352387666702,-0.27099812030792236,96,120
0.0068433284759521484,positive,10.0,10.0,0.1429671347141266,0.5219705700874329,0.0778435617685318,0.04674142226576805,96,121
0.0068929195404052734,positive,10.0,10.0,0.1534065455198288,0.7158949971199036,0.07877838611602783,-0.22040142118930817,96,122
0.0069446563720703125,positive,10.0,10.0,0.16772444546222687,0.9098076820373535,0.0743703618645668,-0.48723143339157104,96,123
0.006993293762207031,positive,10.0,10.0,0.1859205961227417,0.7137194871902466,0.06462573260068893,-0.17206746339797974,96,124
0.0070416927337646484,positive,10.0,10.0,0.20019498467445374,0.9078598022460938,0.06118438020348549,-0.44368329644203186,96,125
0.007211923599243164,positive,10.0,10.0,0.2507160007953644,0.7104734182357788,0.04150174558162689,-0.10017256438732147,96,128
0.00732731819152832,positive,10.0,10.0,0.28302499651908875,0.7093167901039124,0.031908728182315826,-0.07460784912109375,96,130
0.007380962371826172,positive,10.0,10.0,0.29721134901046753,0.513752281665802,0.030416570603847504,0.2279691845178604,96,131
0.007754325866699219,positive,10.0,10.0,0.39384567737579346,0.901502251625061,0.008109791204333305,-0.3024938702583313,96,137
0.0078029632568359375,positive,10.0,10.0,0.41187572479248047,1.0965076684951782,0.0020599132403731346,-0.5926081538200378,96,138
0.007909059524536133,positive,10.0,10.0,0.4596378803253174,1.4868543148040771,-0.027485080063343048,-1.1803866624832153,96,140
0.007959127426147461,positive,10.0,10.0,0.48937496542930603,1.6823220252990723,-0.051092810928821564,-1.4815571308135986,96,141
0.008009195327758789,positive,10.0,10.0,0.523021399974823,1.4878593683242798,-0.08072395622730255,-1.2052584886550903,96,142
0.00819087028503418,negative,10.0,-10.0,0.6006620526313782,0.9070954918861389,-0.1372263878583908,-0.42958390712738037,96,145
0.008242368698120117,negative,10.0,-10.0,0.6188039779663086,0.7141565084457397,-0.1458180546760559,-0.183114156126976,96,146
0.00829315185546875,negative,10.0,-10.0,0.6330870985984802,0.9110313057899475,-0.14948034286499023,-0.5180110335350037,96,147
0.008408308029174805,negative,10.0,-10.0,0.6734658479690552,1.3048040866851807,-0.17691686749458313,-1.19218909740448,96,149
0.0003447532653808594,positive,10.0,10.0,0.006973497103899717,-0.03050795942544937,-0.0028694889042526484,-0.007382706273347139,97,2
0.000591278076171875,positive,10.0,10.0,0.012344494462013245,0.36007872223854065,-0.01531653106212616,-0.6003368496894836,97,6
0.0007619857788085938,positive,10.0,10.0,0.02225859835743904,0.16603903472423553,-0.03414512053132057,-0.3316590189933777,97,9
0.001050710678100586,positive,10.0,10.0,0.031169453635811806,-0.025986379012465477,-0.058074116706848145,-0.10729897022247314,97,14
0.001102447509765625,positive,10.0,10.0,0.03064972534775734,0.16991762816905975,-0.06022009626030922,-0.41772377490997314,97,15
0.0011551380157470703,positive,10.0,10.0,0.03404807671904564,-0.02430153824388981,-0.06857457011938095,-0.14461712539196014,97,16
0.0012664794921875,positive,10.0,10.0,0.036996688693761826,-0.02231067419052124,-0.08062934875488281,-0.1887938231229782,97,18
0.0014429092407226562,positive,10.0,10.0,0.03182727470993996,-0.21381451189517975,-0.08767054229974747,0.024770239368081093,97,21
0.0015540122985839844,positive,10.0,10.0,0.019399447366595268,-0.6013545989990234,-0.08140402287244797,0.5525211691856384,97,23
0.0016663074493408203,positive,10.0,10.0,-0.008532537147402763,-0.599233865737915,-0.053983867168426514,0.5045310854911804,97,25
0.0017807483673095703,positive,10.0,10.0,-0.028585100546479225,-0.20767289400100708,-0.03998652100563049,-0.11086370050907135,97,27
0.0020112991333007812,positive,10.0,10.0,-0.03732245787978172,0.18514057993888855,-0.06215743348002434,-0.7539723515510559,97,31
0.0026471614837646484,positive,10.0,10.0,-0.14735180139541626,-1.1663976907730103,-0.03095206245779991,0.9811204075813293,97,42
0.002805471420288086,positive,10.0,10.0,-0.20560920238494873,-0.5805073976516724,0.009900908917188644,0.09067662805318832,97,45
0.0028519630432128906,positive,10.0,10.0,-0.21721935272216797,-0.775769829750061,0.011714441701769829,0.38646677136421204,97,46
0.0030145645141601562,positive,10.0,10.0,-0.2520706355571747,-0.19116871058940887,0.017614074051380157,-0.4748433530330658,97,49
0.0033407211303710938,positive,10.0,10.0,-0.28675082325935364,-0.19116340577602386,-0.021075768396258354,-0.4749050736427307,97,55
0.0033864974975585938,positive,10.0,10.0,-0.2905740737915039,-0.3859815001487732,-0.030573870986700058,-0.1889386624097824,97,56
0.0035483837127685547,positive,10.0,10.0,-0.3098035752773285,-0.18933188915252686,-0.048363711684942245,-0.5157300233840942,97,59
0.0036559104919433594,positive,10.0,10.0,-0.32126501202583313,-0.5779773592948914,-0.06345173716545105,0.03494083881378174,97,61
0.0037033557891845703,positive,10.0,10.0,-0.33282455801963806,-0.7721347212791443,-0.06275292485952377,0.3069485127925873,97,62
0.0040323734283447266,positive,10.0,10.0,-0.4447478950023651,-1.15819251537323,-0.002061524661257863,0.7993629574775696,97,68
0.004078388214111328,positive,10.0,10.0,-0.4679117500782013,-1.3532860279083252,0.013925734907388687,1.091396689414978,97,69
0.004126310348510742,positive,10.0,10.0,-0.4949774742126465,-1.1583503484725952,0.03575366735458374,0.8031155467033386,97,70
0.0004146099090576172,positive,10.0,10.0,-0.04081982374191284,0.24361056089401245,-0.026553405448794365,-0.2828441858291626,98,1
0.0007367134094238281,positive,10.0,10.0,-0.02227669768035412,0.04997485876083374,-0.04991428181529045,-0.022891858592629433,98,4
0.0008244514465332031,positive,10.0,10.0,-0.021277200430631638,0.24577577412128448,-0.05037211999297142,-0.33089613914489746,98,5
0.0009112358093261719,positive,10.0,10.0,-0.01636168360710144,0.05140569061040878,-0.056990042328834534,-0.05451396852731705,98,6
0.000995635986328125,positive,10.0,10.0,-0.015333570539951324,0.2472965270280838,-0.05808032304048538,-0.3646191954612732,98,7
0.0010826587677001953,positive,10.0,10.0,-0.010387640446424484,0.05304602533578873,-0.06537270545959473,-0.09080076217651367,98,8
0.0012781620025634766,positive,10.0,10.0,-0.004345897119492292,0.05493322014808655,-0.07525614649057388,-0.13260504603385925,98,10
0.0013697147369384766,positive,10.0,10.0,-0.003247232874855399,-0.13903458416461945,-0.07790824770927429,0.13541871309280396,98,11
0.001581430435180664,positive,10.0,10.0,-0.012687107548117638,-0.5269384384155273,-0.06714904308319092,0.6706000566482544,98,13
0.0018830299377441406,positive,10.0,10.0,-0.04035026207566261,-0.3295289874076843,-0.03392958641052246,0.32583680748939514,98,16
0.001974821090698242,positive,10.0,10.0,-0.046940840780735016,-0.5241518616676331,-0.02741285040974617,0.607629656791687,98,17
0.0022788047790527344,positive,10.0,10.0,-0.08227256685495377,-0.32846853137016296,0.014453082345426083,0.30224117636680603,98,20
0.002365589141845703,positive,10.0,10.0,-0.08884193748235703,-0.5237934589385986,0.02049790695309639,0.5994470119476318,98,21
0.0024509429931640625,positive,10.0,10.0,-0.09931781142950058,-0.3289642035961151,0.032486844807863235,0.31329047679901123,98,22
0.0025348663330078125,positive,10.0,10.0,-0.10589709132909775,-0.5245335102081299,0.03875265643000603,0.6160391569137573,98,23
0.0026252269744873047,positive,10.0,10.0,-0.1163877621293068,-0.32997381687164307,0.05107343941926956,0.3358091115951538,98,24
0.0028214454650878906,positive,10.0,10.0,-0.13350291550159454,-0.33151304721832275,0.07067263126373291,0.3702111542224884,98,26
0.003020763397216797,positive,10.0,10.0,-0.15068446099758148,-0.33360815048217773,0.09176313877105713,0.4171977639198303,98,28
0.003970623016357422,positive,10.0,10.0,-0.133896142244339,0.6266674995422363,0.076013945043087,-0.7122066617012024,98,37
0.004022836685180664,positive,10.0,10.0,-0.12136279046535492,0.4305799603462219,0.06176981329917908,-0.39659804105758667,98,38
0.004134654998779297,positive,10.0,10.0,-0.10805842280387878,0.4289490282535553,0.0521358996629715,-0.36032041907310486,98,40
0.004240751266479492,positive,10.0,10.0,-0.09481692314147949,0.42757612466812134,0.043896205723285675,-0.3298399746417999,98,42
0.004399776458740234,positive,10.0,10.0,-0.07309973984956741,0.23079851269721985,0.030739951878786087,-0.000262988090980798,98,45
0.0045092105865478516,positive,10.0,10.0,-0.05997443571686745,0.6201368570327759,0.02507287636399269,-0.5659239292144775,98,47
0.004619598388671875,positive,10.0,10.0,-0.039078254252672195,0.6195952296257019,0.008445425890386105,-0.5537617206573486,98,49
0.0047321319580078125,positive,10.0,10.0,-0.018199235200881958,0.6195151209831238,-0.007798406295478344,-0.5519411563873291,98,51
0.004781007766723633,positive,10.0,10.0,-0.005808933172374964,0.4245035648345947,-0.018837230280041695,-0.26172542572021484,98,52
0.00501251220703125,positive,10.0,10.0,0.035995595157146454,0.426192969083786,-0.052360959351062775,-0.2993229031562805,98,56
0.0050661563873291016,positive,10.0,10.0,0.04451945424079895,0.23185494542121887,-0.058347418904304504,-0.023602478206157684,98,57
0.005189418792724609,positive,10.0,10.0,0.05771181359887123,0.2335253804922104,-0.06550164520740509,-0.06053928658366203,98,59
0.005242586135864258,positive,10.0,10.0,0.06238232180476189,0.4295223653316498,-0.06671243160963058,-0.37314799427986145,98,60
0.0052947998046875,positive,10.0,10.0,0.07097277045249939,0.23540839552879333,-0.0741753950715065,-0.10222365707159042,98,61
0.005346775054931641,positive,10.0,10.0,0.0756809338927269,0.04142352566123009,-0.07621986418962479,0.16616596281528473,98,62
0.005527019500732422,positive,10.0,10.0,0.06652786582708359,-0.5407235026359558,-0.05016516149044037,0.9745014309883118,98,65
0.005575656890869141,positive,10.0,10.0,0.05571340024471283,-0.7351378798484802,-0.030675133690238,1.2510138750076294,98,66
0.005847930908203125,positive,10.0,10.0,0.00563451275229454,-0.5407105088233948,0.05877704545855522,0.97364342212677,98,71
0.0058972835540771484,positive,10.0,10.0,-0.00517969811335206,-0.34642431139945984,0.07824991643428802,0.6999878287315369,98,72
0.005946159362792969,positive,10.0,10.0,-0.012108184397220612,-0.15246936678886414,0.09224966913461685,0.432927668094635,98,73
0.006334543228149414,positive,10.0,10.0,0.024456465616822243,0.42285898327827454,0.07855074107646942,-0.22617776691913605,98,80
0.0064394474029541016,positive,10.0,10.0,0.04524915665388107,0.4206918478012085,0.06416547298431396,-0.1780214160680771,98,82
0.006541728973388672,positive,10.0,10.0,0.06595978885889053,0.4189152419567108,0.05160920321941376,-0.13863804936408997,98,84
0.0065860748291015625,positive,10.0,10.0,0.07433809340000153,0.6132614612579346,0.048836443573236465,-0.4146028757095337,98,85
0.006685972213745117,positive,10.0,10.0,0.09495297074317932,0.6120007634162903,0.03840573504567146,-0.38655316829681396,98,87
0.006731986999511719,positive,10.0,10.0,0.1071929857134819,0.4163552522659302,0.03067467175424099,-0.08201282471418381,98,88
0.006777524948120117,positive,10.0,10.0,0.11552008986473083,0.6110243797302246,0.029034415259957314,-0.3648621737957001,98,89
0.006823539733886719,positive,10.0,10.0,0.12774057686328888,0.4155021011829376,0.021737171337008476,-0.06316744536161423,98,90
0.00687098503112793,positive,10.0,10.0,0.13605062663555145,0.220075324177742,0.020473822951316833,0.23629365861415863,98,91
0.0069158077239990234,positive,10.0,10.0,0.14045213162899017,0.4148988723754883,0.02519969642162323,-0.04986152797937393,98,92
0.006960630416870117,positive,10.0,10.0,0.14875011146068573,0.6096506118774414,0.024202466011047363,-0.3344884216785431,98,93
0.007065773010253906,positive,10.0,10.0,0.1692269742488861,0.60905921459198,0.01682724431157112,-0.32137906551361084,98,95
0.00716853141784668,positive,10.0,10.0,0.18968218564987183,0.6086729764938354,0.00993091706186533,-0.31282100081443787,98,97
0.0073299407958984375,positive,10.0,10.0,0.22229346632957458,0.4133107364177704,-0.0028368409257382154,-0.014811577275395393,98,100
0.007565498352050781,positive,10.0,10.0,0.23194725811481476,-0.3673099875450134,0.031021950766444206,1.1590917110443115,98,104
0.007613658905029297,positive,10.0,10.0,0.22460106015205383,-0.562822163105011,0.054203785955905914,1.4613378047943115,98,105
0.0076634883880615234,positive,10.0,10.0,0.21334461867809296,-0.36840492486953735,0.08343054354190826,1.1860684156417847,98,106
0.007836341857910156,negative,10.0,-10.0,0.20286867022514343,0.21223747730255127,0.13883475959300995,0.4128246009349823,98,109
0.008086919784545898,negative,10.0,-10.0,0.2429855763912201,0.5936770439147949,0.14255701005458832,0.018020333722233772,98,113
0.00029087066650390625,positive,10.0,10.0,0.01218666136264801,0.1690421849489212,0.009992222301661968,-0.2527140974998474,99,1
0.0003485679626464844,positive,10.0,10.0,0.015567504800856113,-0.02622101828455925,0.004937940742820501,0.04310375079512596,99,2
0.00047206878662109375,positive,10.0,10.0,0.018419679254293442,0.3638684153556824,0.0008396731573157012,-0.5388649702072144,99,4
0.0005197525024414062,positive,10.0,10.0,0.025697048753499985,0.16873466968536377,-0.00993762630969286,-0.24591758847236633,99,5
0.0007450580596923828,positive,10.0,10.0,0.0548294335603714,0.1700621247291565,-0.05356225743889809,-0.27554550766944885,99,9
0.0007922649383544922,positive,10.0,10.0,0.058230675756931305,-0.024256346747279167,-0.05907316878437996,-0.0002255849976791069,99,10
0.0008981227874755859,positive,10.0,10.0,0.06117876619100571,-0.02257182076573372,-0.06529660522937775,-0.037464190274477005,99,12
0.0010008811950683594,positive,10.0,10.0,0.06419578939676285,-0.020700756460428238,-0.07304614782333374,-0.07886606454849243,99,14
0.0012218952178955078,positive,10.0,10.0,0.03925931453704834,-0.40681833028793335,-0.047108616679906845,0.41625532507896423,99,18
0.0013844966888427734,positive,10.0,10.0,0.010986020788550377,-0.6003639101982117,-0.01712731644511223,0.6738134026527405,99,21
0.001489877700805664,positive,10.0,10.0,-0.009121421724557877,-0.20983454585075378,0.003864702768623829,0.081955686211586,99,23
0.0015358924865722656,positive,10.0,10.0,-0.01331811212003231,-0.014768209308385849,0.005503816530108452,-0.20950540900230408,99,24
0.0016415119171142578,positive,10.0,10.0,-0.01000798400491476,-0.014865831471979618,-0.00869523361325264,-0.2073504626750946,99,26
0.0016868114471435547,positive,10.0,10.0,-0.010305301286280155,0.18037937581539154,-0.012842242605984211,-0.502763569355011,99,27
0.0017914772033691406,positive,10.0,10.0,-0.0069888983853161335,0.18088245391845703,-0.027180619537830353,-0.5139722228050232,99,29
0.0018970966339111328,positive,10.0,10.0,-0.0036481760907918215,0.1817903220653534,-0.042059604078531265,-0.5342368483543396,99,31
0.0019474029541015625,positive,10.0,10.0,-1.2369692740321625e-05,0.3774777352809906,-0.052744343876838684,-0.839870274066925,99,32
0.002060413360595703,positive,10.0,10.0,0.011199465952813625,-0.010966792702674866,-0.08082634210586548,-0.2942410111427307,99,34
0.002110004425048828,positive,10.0,10.0,0.010980130173265934,-0.20484896004199982,-0.08671116828918457,-0.02810429409146309,99,35
0.0021588802337646484,positive,10.0,10.0,0.006883150897920132,-0.39862728118896484,-0.0872732475399971,0.23601000010967255,99,36
0.0022096633911132812,positive,10.0,10.0,-0.0010893949074670672,-0.5924009680747986,-0.08255305141210556,0.4999385476112366,99,37
0.002259492874145508,positive,10.0,10.0,-0.012937414459884167,-0.3962181806564331,-0.07255428284406662,0.18242347240447998,99,38
0.002309083938598633,positive,10.0,10.0,-0.020861778408288956,-0.5902310013771057,-0.06890580803155899,0.45136481523513794,99,39
0.0026187896728515625,positive,10.0,10.0,-0.04849597439169884,-0.0005528703331947327,-0.07445921748876572,-0.5243176221847534,99,44
0.0026726722717285156,positive,10.0,10.0,-0.04850703477859497,-0.19455230236053467,-0.08494556695222855,-0.2559955418109894,99,45
0.002863645553588867,positive,10.0,10.0,-0.0718071386218071,-0.775819718837738,-0.08445696532726288,0.5347265601158142,99,48
0.002969980239868164,positive,10.0,10.0,-0.10671670734882355,-1.1636955738067627,-0.057769473642110825,1.0682451725006104,99,50
0.003015279769897461,positive,10.0,10.0,-0.1299906224012375,-0.9678590297698975,-0.0364045687019825,0.7580056190490723,99,51
0.0030603408813476562,positive,10.0,10.0,-0.14934779703617096,-0.7722548246383667,-0.021244458854198456,0.4540930986404419,99,52
0.003107786178588867,positive,10.0,10.0,-0.16479289531707764,-0.576839029788971,-0.012162596918642521,0.15479011833667755,99,53
0.0031523704528808594,positive,10.0,10.0,-0.17632968723773956,-0.7717847228050232,-0.009066794067621231,0.44361135363578796,99,54
0.003317117691040039,positive,10.0,10.0,-0.21092431247234344,-0.5765724182128906,-0.0001260856370208785,0.1488945037126541,99,57
0.0034766197204589844,positive,10.0,10.0,-0.24942182004451752,-0.7718983292579651,0.014677658677101135,0.4461005628108978,99,60
0.003521442413330078,positive,10.0,10.0,-0.26485979557037354,-0.576987087726593,0.023599669337272644,0.15808025002479553,99,61
0.003626585006713867,positive,10.0,10.0,-0.2918483018875122,-0.9679286479949951,0.0359235517680645,0.7591105103492737,99,63
0.003673076629638672,positive,10.0,10.0,-0.3112068772315979,-0.773319661617279,0.051105763763189316,0.47794458270072937,99,64
0.003777742385864258,positive,10.0,10.0,-0.33825236558914185,-0.7748898267745972,0.06470059603452682,0.5129828453063965,99,66
0.0038232803344726562,positive,10.0,10.0,-0.35375016927719116,-0.580735981464386,0.07496025413274765,0.24137015640735626,99,67
0.003924369812011719,positive,10.0,10.0,-0.3809017837047577,-0.5829277038574219,0.09092213958501816,0.2902074456214905,99,69
0.004450082778930664,negative,10.0,-10.0,-0.4712548553943634,-0.7915992736816406,0.14270471036434174,0.8886946439743042,99,78
0.00449824333190918,negative,10.0,-10.0,-0.48708683252334595,-0.9883394241333008,0.1604786068201065,1.2226179838180542,99,79
0.0001614093780517578,positive,10.0,10.0,0.0346001461148262,-0.00366665399633348,-0.01972316764295101,-0.02323971688747406,100,0
0.0002276897430419922,positive,10.0,10.0,0.03452681377530098,0.1917325109243393,-0.02018796093761921,-0.32207968831062317,100,1
0.0002799034118652344,positive,10.0,10.0,0.03836146369576454,-0.003096227301284671,-0.026629554107785225,-0.035830993205308914,100,2
0.0004673004150390625,positive,10.0,10.0,0.04210098460316658,0.1932685822248459,-0.035139281302690506,-0.3560982048511505,100,5
0.0005893707275390625,positive,10.0,10.0,0.045939624309539795,0.19436493515968323,-0.04375523328781128,-0.38041073083877563,100,7
0.0007200241088867188,positive,10.0,10.0,0.04982473701238632,-0.19445891678333282,-0.05340022221207619,0.17420721054077148,100,9
0.0008499622344970703,positive,10.0,10.0,0.04596325755119324,0.19718509912490845,-0.05261272192001343,-0.4428356885910034,100,11
0.0008976459503173828,positive,10.0,10.0,0.04990696161985397,0.0028455599676817656,-0.0614694319665432,-0.16719074547290802,100,12
0.0010089874267578125,positive,10.0,10.0,0.046136971563100815,0.00464290427044034,-0.06270355731248856,-0.2069220393896103,100,14
0.0011129379272460938,positive,10.0,10.0,0.05024188384413719,0.00648248428478837,-0.07721614092588425,-0.24781367182731628,100,16
0.0013959407806396484,positive,10.0,10.0,0.012109650298953056,-0.5732024312019348,-0.04868049547076225,0.5063883066177368,100,21
0.001447439193725586,positive,10.0,10.0,0.0006456015980802476,-0.3774295449256897,-0.03855273127555847,0.1987704187631607,100,22
0.0014963150024414062,positive,10.0,10.0,-0.006902989000082016,-0.1817779839038849,-0.034577321261167526,-0.10582053661346436,100,23
0.0021839141845703125,positive,10.0,10.0,-0.034381233155727386,-0.7564237117767334,-0.09326093643903732,0.538506805896759,100,34
0.002295970916748047,positive,10.0,10.0,-0.060712166130542755,-0.7539747357368469,-0.07813167572021484,0.48352035880088806,100,36
0.002509593963623047,positive,10.0,10.0,-0.12090981751680374,-0.7505338191986084,-0.04214329645037651,0.406383216381073,100,40
0.0025556087493896484,positive,10.0,10.0,-0.13592049479484558,-0.945033609867096,-0.034015629440546036,0.6854874491691589,100,41
0.002886533737182617,positive,10.0,10.0,-0.2297258824110031,-0.9440410137176514,0.017013682052493095,0.6630499362945557,100,47
0.0029892921447753906,positive,10.0,10.0,-0.26358991861343384,-0.5544807314872742,0.03779012709856033,0.0927867740392685,100,49
0.003152608871459961,positive,10.0,10.0,-0.30079370737075806,-0.7513560056686401,0.04993332922458649,0.4245333671569824,100,52
0.003200531005859375,positive,10.0,10.0,-0.3158208131790161,-0.5569756627082825,0.05842399597167969,0.1480005383491516,100,53
0.0032477378845214844,positive,10.0,10.0,-0.32696032524108887,-0.7528834342956543,0.06138400733470917,0.45852774381637573,100,54
0.0032939910888671875,positive,10.0,10.0,-0.3420180082321167,-0.558680534362793,0.07055456191301346,0.18580757081508636,100,55
0.0033416748046875,positive,10.0,10.0,-0.353191614151001,-0.7547373175621033,0.07427071034908295,0.4998869299888611,100,56
0.0033898353576660156,positive,10.0,10.0,-0.3682863712310791,-0.5607366561889648,0.08426845073699951,0.2315037101507187,100,57
0.003438234329223633,positive,10.0,10.0,-0.3795011043548584,-0.7569553256034851,0.08889852464199066,0.5495328903198242,100,58
0.003941774368286133,negative,10.0,-10.0,-0.46242088079452515,-0.3793720006942749,0.13658234477043152,0.24369138479232788,100,66
0.003996372222900391,negative,10.0,-10.0,-0.47000831365585327,-0.5761536359786987,0.14145617187023163,0.5761454105377197,100,67
0.004051923751831055,negative,10.0,-10.0,-0.48153138160705566,-0.7729454636573792,0.15297909080982208,0.9098343253135681,100,68
0.004163980484008789,negative,10.0,-10.0,-0.5163856744766235,-1.1666228771209717,0.1961042433977127,1.587467908859253,100,70
0.0001437664031982422,positive,10.0,10.0,-0.018186815083026886,-0.027661142870783806,0.036374934017658234,-0.03136356547474861,101,0
0.00020766258239746094,positive,10.0,10.0,-0.018740037456154823,0.16692079603672028,0.03574766218662262,-0.3123515546321869,101,1
0.0003306865692138672,positive,10.0,10.0,-0.015975454822182655,0.1659950166940689,0.029328377917408943,-0.2918437719345093,101,3
0.0005943775177001953,positive,10.0,10.0,-0.002740894677117467,0.16464842855930328,0.006978534162044525,-0.26199808716773987,101,7
0.0007154941558837891,positive,10.0,10.0,0.0077454750426113605,0.16452375054359436,-0.009310862980782986,-0.25924158096313477,101,9
0.0008378028869628906,positive,10.0,10.0,0.018231498077511787,0.16486191749572754,-0.025592627003788948,-0.2667658030986786,101,11
0.0008854866027832031,positive,10.0,10.0,0.021528735756874084,-0.02988559938967228,-0.03092794306576252,0.0177364032715559,101,12
0.0009326934814453125,positive,10.0,10.0,0.020931024104356766,0.16566592454910278,-0.03057321533560753,-0.2845419645309448,101,13
0.000980377197265625,positive,10.0,10.0,0.024244341999292374,0.36121028661727905,-0.03626405447721481,-0.5867085456848145,101,14
0.0010271072387695312,positive,10.0,10.0,0.03146854788064957,0.16661450266838074,-0.047998227179050446,-0.30566608905792236,101,15
0.0010726451873779297,positive,10.0,10.0,0.03480083867907524,-0.027791768312454224,-0.054111547768116,-0.028498591855168343,101,16
0.001176595687866211,positive,10.0,10.0,0.03760625794529915,-0.026240170001983643,-0.061436548829078674,-0.06280100345611572,101,18
0.0014004707336425781,positive,10.0,10.0,0.0434177927672863,0.3676494061946869,-0.08053403347730637,-0.7304612398147583,101,22
0.0017435550689697266,positive,10.0,10.0,0.02943643182516098,-0.7938385009765625,-0.0897781103849411,0.8278149962425232,101,28
0.0018513202667236328,positive,10.0,10.0,-0.006192854139953852,-0.7916191816329956,-0.051402490586042404,0.776235818862915,101,30
0.001965761184692383,positive,10.0,10.0,-0.03394182398915291,-0.4002194106578827,-0.02652110904455185,0.16406138241291046,101,32
0.002070188522338867,positive,10.0,10.0,-0.04604077339172363,-0.00928105041384697,-0.025977259501814842,-0.4367920458316803,101,34
0.002227783203125,positive,10.0,10.0,-0.05047539994120598,-0.2029927521944046,-0.04687807336449623,-0.17529359459877014,101,37
0.002392292022705078,positive,10.0,10.0,-0.05871206894516945,-0.005681557115167379,-0.06415174901485443,-0.5170008540153503,101,40
0.002567768096923828,positive,10.0,10.0,-0.06289742141962051,-0.19766496121883392,-0.090604268014431,-0.29377126693725586,101,43
0.0029892921447753906,positive,10.0,10.0,-0.13288815319538116,-1.1628094911575317,-0.08054634928703308,0.9438652992248535,101,50
0.0031785964965820312,positive,10.0,10.0,-0.19089382886886597,-0.5749881267547607,-0.04281803220510483,0.007787542883306742,101,53
0.0032324790954589844,positive,10.0,10.0,-0.20239359140396118,-0.7694706916809082,-0.042662281543016434,0.2866593301296234,101,54
0.0034689903259277344,positive,10.0,10.0,-0.2638833820819855,-1.1575672626495361,-0.02123321406543255,0.82472825050354,101,58
0.0036301612854003906,positive,10.0,10.0,-0.3372267186641693,-0.962330162525177,0.033804360777139664,0.5293566584587097,101,61
0.003735065460205078,positive,10.0,10.0,-0.37963154911994934,-1.3536105155944824,0.06104142963886261,1.1388038396835327,101,63
0.003957509994506836,negative,10.0,-10.0,-0.48803582787513733,-1.3583654165267944,0.154934361577034,1.255028247833252,101,67
0.0005304813385009766,positive,10.0,10.0,0.008008327335119247,-0.1583918333053589,-0.041368138045072556,0.25273096561431885,102,5
0.0006537437438964844,positive,10.0,10.0,0.005586403422057629,0.23291897773742676,-0.037367675453424454,-0.35662326216697693,102,7
0.0007753372192382812,positive,10.0,10.0,0.01101173646748066,0.23407837748527527,-0.046019211411476135,-0.3823377192020416,102,9
0.0008828639984130859,positive,10.0,10.0,0.01648608408868313,0.23548734188079834,-0.05575621500611305,-0.4136320948600769,102,11
0.0009298324584960938,positive,10.0,10.0,0.021195830777287483,0.041198212653398514,-0.06402885913848877,-0.13903512060642242,102,12
0.0009799003601074219,positive,10.0,10.0,0.022019796073436737,0.23717600107192993,-0.06680955737829208,-0.4512110650539398,102,13
0.0011415481567382812,positive,10.0,10.0,0.024606501683592796,-0.3447988033294678,-0.07768972218036652,0.35411617159843445,102,16
0.0013637542724609375,positive,10.0,10.0,-0.010657181963324547,-0.341137558221817,-0.040414586663246155,0.2724378705024719,102,20
0.0014142990112304688,positive,10.0,10.0,-0.01747993379831314,-0.14546294510364532,-0.03496583178639412,-0.032713063061237335,102,21
0.0014641284942626953,positive,10.0,10.0,-0.020389191806316376,0.05014253407716751,-0.03562009334564209,-0.33621978759765625,102,22
0.0019502639770507812,positive,10.0,10.0,-0.027615781873464584,0.056043438613414764,-0.07396921515464783,-0.4673488736152649,102,30
0.002002239227294922,positive,10.0,10.0,-0.026494912803173065,-0.13795976340770721,-0.08331619203090668,-0.19886691868305206,102,31
0.0026662349700927734,positive,10.0,10.0,-0.1139250323176384,-0.31989622116088867,-0.07116525620222092,-0.1968095302581787,102,42
0.002714872360229492,positive,10.0,10.0,-0.12032295763492584,-0.12383231520652771,-0.07510144263505936,-0.5110659003257751,102,43
0.0029501914978027344,positive,10.0,10.0,-0.15349549055099487,-0.8990821838378906,-0.08405820280313492,0.5476387143135071,102,47
0.003001689910888672,positive,10.0,10.0,-0.17147712409496307,-1.0929288864135742,-0.07310542464256287,0.8126980662345886,102,48
0.003123044967651367,positive,10.0,10.0,-0.2190752625465393,-1.0911530256271362,-0.03522107005119324,0.7715522050857544,102,50
0.003178834915161133,positive,10.0,10.0,-0.24089832603931427,-0.8955645561218262,-0.019790027290582657,0.4679986238479614,102,51
0.003231048583984375,positive,10.0,10.0,-0.2588095963001251,-1.0904014110565186,-0.010430054739117622,0.7543787956237793,102,52
0.0033528804779052734,positive,10.0,10.0,-0.29852038621902466,-0.700081467628479,0.013826162554323673,0.1672208458185196,102,54
0.003579378128051758,positive,10.0,10.0,-0.36236071586608887,-1.0915460586547852,0.03955390304327011,0.7799053192138672,102,58
0.00423884391784668,negative,10.0,-10.0,-0.5452791452407837,-0.5225523710250854,0.1527044177055359,0.2655391991138458,102,69
0.004355192184448242,negative,10.0,-10.0,-0.5701199173927307,-0.526886522769928,0.1700596809387207,0.36318638920783997,102,71
0.0044062137603759766,negative,10.0,-10.0,-0.5806576013565063,-0.7239658236503601,0.17732340097427368,0.7042977809906006,102,72
0.0044667720794677734,negative,10.0,-10.0,-0.5951369404792786,-0.5316863656044006,0.19140936434268951,0.47226154804229736,102,73
0.0002460479736328125,positive,10.0,10.0,-0.04785531386733055,0.2230902463197708,-0.014942687936127186,-0.31318342685699463,103,1
0.0003006458282470703,positive,10.0,10.0,-0.04339350759983063,0.41842183470726013,-0.021206356585025787,-0.6105411052703857,103,2
0.0004162788391113281,positive,10.0,10.0,-0.030553018674254417,0.028972038999199867,-0.039909422397613525,-0.04265211895108223,103,4
0.0004687309265136719,positive,10.0,10.0,-0.029973577708005905,0.22464287281036377,-0.040762465447187424,-0.34765490889549255,103,5
0.0005929470062255859,positive,10.0,10.0,-0.0248782467097044,0.22589612007141113,-0.04907755181193352,-0.3754468262195587,103,7
0.0006628036499023438,positive,10.0,10.0,-0.020360324531793594,0.031504373997449875,-0.05658648535609245,-0.0986332967877388,103,8
0.0007162094116210938,positive,10.0,10.0,-0.019730236381292343,0.22738973796367645,-0.058559153228998184,-0.40861859917640686,103,9
0.0007688999176025391,positive,10.0,10.0,-0.015182442031800747,0.03314484655857086,-0.0667315274477005,-0.13495725393295288,103,10
0.0009360313415527344,positive,10.0,10.0,-0.009234797209501266,-0.15883636474609375,-0.08194734901189804,0.0890507847070694,103,13
0.000982046127319336,positive,10.0,10.0,-0.01241152361035347,-0.35269391536712646,-0.08016633242368698,0.3547957241535187,103,14
0.0010266304016113281,positive,10.0,10.0,-0.019465401768684387,-0.5465899109840393,-0.07307042181491852,0.6211619973182678,103,15
0.0011868476867675781,positive,10.0,10.0,-0.056104179471731186,-0.3490339517593384,-0.031270820647478104,0.27298471331596375,103,18
0.0012891292572021484,positive,10.0,10.0,-0.06615445762872696,0.04200231656432152,-0.026399020105600357,-0.3301083743572235,103,20
0.001390218734741211,positive,10.0,10.0,-0.06836909800767899,0.04284515604376793,-0.033918507397174835,-0.3487756848335266,103,22
0.001436471939086914,positive,10.0,10.0,-0.06751219183206558,-0.15177837014198303,-0.04089402034878731,-0.06697843223810196,103,23
0.0015985965728759766,positive,10.0,10.0,-0.0726814940571785,0.04520547389984131,-0.051543254405260086,-0.4011387526988983,103,26
0.0016438961029052734,positive,10.0,10.0,-0.07177738100290298,0.24101920425891876,-0.05956602841615677,-0.7096162438392639,103,27
0.0016887187957763672,positive,10.0,10.0,-0.06695699691772461,0.046770624816417694,-0.07375835627317429,-0.43626222014427185,103,28
0.002302408218383789,positive,10.0,10.0,-0.14490653574466705,-0.9127639532089233,-0.06820899248123169,0.6756346225738525,103,39
0.0023488998413085938,positive,10.0,10.0,-0.16316181421279907,-0.7167637944221497,-0.05469629913568497,0.36228013038635254,103,40
0.002393484115600586,positive,10.0,10.0,-0.17749708890914917,-0.5209088325500488,-0.04745069518685341,0.05286429449915886,103,41
0.0024399757385253906,positive,10.0,10.0,-0.18791526556015015,-0.7153193950653076,-0.04639340937137604,0.33020666241645813,103,42
0.002485036849975586,positive,10.0,10.0,-0.20222164690494537,-0.5195688009262085,-0.03978927806019783,0.02326192334294319,103,43
0.0028307437896728516,positive,10.0,10.0,-0.28392311930656433,-0.9070836901664734,-0.011221932247281075,0.5484890937805176,103,49
0.0029430389404296875,positive,10.0,10.0,-0.3163008987903595,-0.906924307346344,0.004793683532625437,0.5448950529098511,103,51
0.002992391586303711,positive,10.0,10.0,-0.33443939685821533,-0.711870014667511,0.015691585838794708,0.25372636318206787,103,52
0.003040313720703125,positive,10.0,10.0,-0.34867680072784424,-0.9072124361991882,0.020766112953424454,0.5513170957565308,103,53
0.0030879974365234375,positive,10.0,10.0,-0.3668210506439209,-1.1026197671890259,0.03179245442152023,0.8504697680473328,103,54
0.0031991004943847656,positive,10.0,10.0,-0.4148366451263428,-1.1037079095840454,0.07186140865087509,0.8759884238243103,103,56
0.0033750534057617188,negative,10.0,-10.0,-0.49282315373420715,-1.6921855211257935,0.14338214695453644,1.8354458808898926,103,59
0.00030732154846191406,positive,10.0,10.0,0.05207739397883415,0.013606449589133263,0.02146403305232525,0.008495336398482323,104,2
0.00035691261291503906,positive,10.0,10.0,0.0523495227098465,0.20841410756111145,0.02163393795490265,-0.2773388922214508,104,3
0.00040268898010253906,positive,10.0,10.0,0.05651780217885971,0.4032208323478699,0.016087161377072334,-0.5631207227706909,104,4
0.00044727325439453125,positive,10.0,10.0,0.0645822212100029,0.20787689089775085,0.004824745934456587,-0.2654133141040802,104,5
0.0005497932434082031,positive,10.0,10.0,0.07679834961891174,0.20781448483467102,-0.011614931747317314,-0.2640400230884552,104,7
0.0007090568542480469,positive,10.0,10.0,0.09318103641271591,0.40373092889785767,-0.03356403112411499,-0.5744638442993164,104,10
0.0007541179656982422,positive,10.0,10.0,0.10125565528869629,0.20909520983695984,-0.04505331069231033,-0.29254069924354553,104,11
0.0009243488311767578,positive,10.0,10.0,0.1099395751953125,0.016100214794278145,-0.05764612928032875,-0.046590082347393036,104,14
0.001043081283569336,positive,10.0,10.0,0.11450156569480896,0.017757022753357887,-0.0657157152891159,-0.08323757350444794,104,16
0.001157522201538086,positive,10.0,10.0,0.11132942140102386,-0.3704608380794525,-0.06362027674913406,0.45869866013526917,104,18
0.0012674331665039062,positive,10.0,10.0,0.0926276370882988,-0.36879801750183105,-0.03983291983604431,0.4213593900203705,104,20
0.0015001296997070312,positive,10.0,10.0,0.055375948548316956,-0.3674106001853943,0.004314677324146032,0.3903459310531616,104,24
0.0015506744384765625,positive,10.0,10.0,0.04802773892879486,-0.5625935196876526,0.012121595442295074,0.6843860745429993,104,25
0.0016632080078125,positive,10.0,10.0,0.029423028230667114,-0.563120424747467,0.033720195293426514,0.6962510347366333,104,27
0.0017137527465820312,positive,10.0,10.0,0.018160618841648102,-0.36848196387290955,0.047645214945077896,0.414371132850647,104,28
0.0017619132995605469,positive,10.0,10.0,0.01079098042100668,-0.17406655848026276,0.05593263730406761,0.13708138465881348,104,29
0.001810312271118164,positive,10.0,10.0,0.0073096491396427155,0.02021150477230549,0.05867426469922066,-0.1374443620443344,104,30
0.0018601417541503906,positive,10.0,10.0,0.007713878992944956,0.21444611251354218,0.05592538043856621,-0.4110545814037323,104,31
0.0019099712371826172,positive,10.0,10.0,0.012002801522612572,0.018577780574560165,0.04770428687334061,-0.1012779176235199,104,32
0.002086639404296875,positive,10.0,10.0,0.016978949308395386,0.21180033683776855,0.036671821027994156,-0.35222873091697693,104,35
0.002198457717895508,positive,10.0,10.0,0.021538488566875458,0.210861474275589,0.028663020581007004,-0.33140134811401367,104,37
0.0023827552795410156,positive,10.0,10.0,0.03026544116437435,0.014721979387104511,0.015129230916500092,-0.016102977097034454,104,40
0.0024971961975097656,positive,10.0,10.0,0.03475235402584076,0.014293919317424297,0.008727685548365116,-0.006658574566245079,104,42
0.0025463104248046875,positive,10.0,10.0,0.03503823280334473,0.20928962528705597,0.0085945138707757,-0.29657506942749023,104,43
0.0025942325592041016,positive,10.0,10.0,0.03922402486205101,0.014046212658286095,0.0026630121283233166,-0.0011940276017412543,104,44
0.002646207809448242,positive,10.0,10.0,0.03950494900345802,0.20912986993789673,0.00263913138769567,-0.2930355668067932,104,45
0.0027010440826416016,positive,10.0,10.0,0.043687548488378525,0.0139703918248415,-0.0032215795945376158,0.0004785500932484865,104,46
0.0029392242431640625,positive,10.0,10.0,0.04062609747052193,-0.18109719455242157,0.0025998386554419994,0.2919608950614929,104,49
0.0030117034912109375,positive,10.0,10.0,0.03700415417551994,-0.3762561082839966,0.00843905657529831,0.5854626297950745,104,50
0.0031948089599609375,positive,10.0,10.0,0.018049128353595734,-0.37665271759033203,0.03776415064930916,0.5945106744766235,104,52
0.003496885299682617,positive,10.0,10.0,-0.016290389001369476,-0.5738547444343567,0.09176556020975113,0.9359692931175232,104,55
0.0048639774322509766,positive,10.0,10.0,0.03462935984134674,0.3792977035045624,0.09164047241210938,-0.03555027395486832,104,68
0.004955291748046875,positive,10.0,10.0,0.042215313762426376,0.5729941725730896,0.09092946350574493,-0.2979712188243866,104,69
0.005041360855102539,positive,10.0,10.0,0.053675197064876556,0.37670162320137024,0.08497004210948944,0.02194763720035553,104,70
0.005239963531494141,positive,10.0,10.0,0.07261940091848373,0.7643134593963623,0.08055373281240463,-0.5073307752609253,104,72
0.00543522834777832,positive,10.0,10.0,0.1070699393749237,0.7621971964836121,0.0549355074763298,-0.45960187911987305,104,74
0.005628347396850586,positive,10.0,10.0,0.13364075124263763,0.7607815861701965,0.042741041630506516,-0.42802974581718445,104,76
0.006041288375854492,positive,10.0,10.0,0.18663474917411804,0.7589148879051208,0.021631423383951187,-0.3865000009536743,104,80
0.006127834320068359,positive,10.0,10.0,0.20181304216384888,0.5634926557540894,0.01390142273157835,-0.08707607537508011,104,81
0.006448030471801758,positive,10.0,10.0,0.2395135462284088,0.7581750154495239,0.003076107706874609,-0.3700600266456604,104,84
0.006639719009399414,positive,10.0,10.0,0.2659372389316559,0.7581931352615356,-0.005853268317878246,-0.3704531490802765,104,86
0.0067250728607177734,positive,10.0,10.0,0.2811011075973511,0.5631548762321472,-0.013262331485748291,-0.07962154597043991,104,87
0.006922006607055664,positive,10.0,10.0,0.30753350257873535,0.5635565519332886,-0.02238394320011139,-0.08849670737981796,104,89
0.007117509841918945,positive,10.0,10.0,0.33398446440696716,0.5642211437225342,-0.031917016953229904,-0.10318627953529358,104,91
0.007524251937866211,positive,10.0,10.0,0.40259307622909546,0.9567234516143799,-0.07656727731227875,-0.7401015758514404,104,95
0.007830381393432617,negative,10.0,-10.0,0.4717642366886139,1.545353889465332,-0.14000204205513,-1.7014120817184448,104,98
0.007961034774780273,negative,10.0,-10.0,0.5297132134437561,1.1594834327697754,-0.20313800871372223,-1.2217401266098022,104,100
0.0002818107604980469,positive,10.0,10.0,-0.0393109992146492,0.14671851694583893,-0.02401747740805149,-0.2566535770893097,105,1
0.0003998279571533203,positive,10.0,10.0,-0.029533127322793007,0.14747413992881775,-0.0402868315577507,-0.27345603704452515,105,3
0.0004544258117675781,positive,10.0,10.0,-0.02658364549279213,0.34314706921577454,-0.04575595259666443,-0.5785683989524841,105,4
0.0006434917449951172,positive,10.0,10.0,-0.017658093944191933,0.15040569007396698,-0.06387173384428024,-0.33855292201042175,105,7
0.0006966590881347656,positive,10.0,10.0,-0.014649979770183563,-0.043751999735832214,-0.07064279168844223,-0.06667578965425491,105,8
0.0008018016815185547,positive,10.0,10.0,-0.012478861026465893,-0.04172208905220032,-0.07959198951721191,-0.11163519322872162,105,10
0.0009622573852539062,positive,10.0,10.0,-0.026615265756845474,-0.6234028935432434,-0.07031237334012985,0.6875647306442261,105,13
0.0010080337524414062,positive,10.0,10.0,-0.0390833243727684,-0.4273790717124939,-0.05656107887625694,0.37360072135925293,105,14
0.001176595687866211,positive,10.0,10.0,-0.06858165562152863,-0.620473325252533,-0.029326552525162697,0.62127286195755,105,17
0.001340627670288086,positive,10.0,10.0,-0.10969113558530807,-0.42472174763679504,0.013323049061000347,0.31432244181632996,105,20
0.0013854503631591797,positive,10.0,10.0,-0.11818557232618332,-0.62003093957901,0.019609497860074043,0.6111770868301392,105,21
0.0014319419860839844,positive,10.0,10.0,-0.1305861920118332,-0.42518848180770874,0.03183303773403168,0.3247343897819519,105,22
0.0014760494232177734,positive,10.0,10.0,-0.13908995687961578,-0.2305338978767395,0.03832772746682167,0.042257800698280334,105,23
0.0016326904296875,positive,10.0,10.0,-0.14124909043312073,-0.037029970437288284,0.024047795683145523,-0.21483924984931946,105,26
0.0017974376678466797,positive,10.0,10.0,-0.13958798348903656,0.15732643008232117,0.0057342201471328735,-0.4905891418457031,105,29
0.0019068717956542969,positive,10.0,10.0,-0.13719896972179413,0.1573040932416916,-0.007999653927981853,-0.49007096886634827,105,31
0.0020759105682373047,positive,10.0,10.0,-0.13165362179279327,-0.037140049040317535,-0.03176276385784149,-0.21243077516555786,105,34
0.0021855831146240234,positive,10.0,10.0,-0.12922799587249756,-0.03617550805211067,-0.04631061106920242,-0.23384061455726624,105,36
0.0022335052490234375,positive,10.0,10.0,-0.12995150685310364,0.15957649052143097,-0.050987422466278076,-0.5407642722129822,105,37
0.0024712085723876953,positive,10.0,10.0,-0.13269473612308502,-0.22707156836986542,-0.07303586602210999,-0.03423471376299858,105,41
0.002520322799682617,positive,10.0,10.0,-0.13723617792129517,-0.4210743010044098,-0.07372055947780609,0.23454011976718903,105,42
0.0025675296783447266,positive,10.0,10.0,-0.14565765857696533,-0.6150697469711304,-0.06902975589036942,0.5030887126922607,105,43
0.0026137828826904297,positive,10.0,10.0,-0.15795905888080597,-0.41904622316360474,-0.05896798148751259,0.18947507441043854,105,44
0.002663850784301758,positive,10.0,10.0,-0.16633997857570648,-0.2231324017047882,-0.055178478360176086,-0.12121142446994781,105,45
0.002717733383178711,positive,10.0,10.0,-0.17080262303352356,-0.027265101671218872,-0.05760270729660988,-0.43077945709228516,105,46
0.0027697086334228516,positive,10.0,10.0,-0.17134793102741241,-0.22152608633041382,-0.0662182942032814,-0.1567971259355545,105,47
0.002820253372192383,positive,10.0,10.0,-0.17577844858169556,-0.025521621108055115,-0.06935423612594604,-0.4696134328842163,105,48
0.0031147003173828125,positive,10.0,10.0,-0.21712280809879303,-0.9952315092086792,-0.06276390701532364,0.8669264316558838,105,53
0.0031595230102539062,positive,10.0,10.0,-0.23702743649482727,-0.7993142008781433,-0.045425377786159515,0.5551885962486267,105,54
0.0032629966735839844,positive,10.0,10.0,-0.2650854289531708,-0.798200249671936,-0.02935066632926464,0.5302096009254456,105,56
0.0033080577850341797,positive,10.0,10.0,-0.2810494303703308,-0.6026780009269714,-0.018746472895145416,0.22842466831207275,105,57
0.003350973129272461,positive,10.0,10.0,-0.2931029796600342,-0.7975270748138428,-0.014177979901432991,0.5151358246803284,105,58
0.003451824188232422,positive,10.0,10.0,-0.3210977017879486,-0.7972747087478638,0.00048511699424125254,0.5094770193099976,105,60
0.003556489944458008,positive,10.0,10.0,-0.34908637404441833,-0.4071918725967407,0.015013596974313259,-0.0723496526479721,105,62
0.0036585330963134766,positive,10.0,10.0,-0.36928072571754456,-0.7978389859199524,0.018067244440317154,0.521963357925415,105,64
0.003703594207763672,positive,10.0,10.0,-0.38523751497268677,-0.9932105541229248,0.028506511822342873,0.8202843070030212,105,65
0.003747224807739258,positive,10.0,10.0,-0.4051017165184021,-1.1887108087539673,0.044912196695804596,1.1217952966690063,105,66
0.003794431686401367,positive,10.0,10.0,-0.4288759231567383,-1.3843920230865479,0.06734810024499893,1.4282208681106567,105,67
0.003953456878662109,negative,10.0,-10.0,-0.515896737575531,-1.1930636167526245,0.16033188998699188,1.2306408882141113,105,70
0.004000425338745117,negative,10.0,-10.0,-0.539758026599884,-1.3898428678512573,0.18494470417499542,1.5689599514007568,105,71
0.00017571449279785156,positive,10.0,10.0,-0.037417396903038025,0.003536989213898778,-0.026553144678473473,-0.002837827429175377,106,0
0.0003840923309326172,positive,10.0,10.0,-0.033280134201049805,0.1998717486858368,-0.03307759016752243,-0.3224192261695862,106,3
0.0004336833953857422,positive,10.0,10.0,-0.029282700270414352,0.005236060358583927,-0.03952597454190254,-0.04034843668341637,106,4
0.0004818439483642578,positive,10.0,10.0,-0.02917797863483429,0.20090186595916748,-0.040332943201065063,-0.34523552656173706,106,5
0.0007741451263427734,positive,10.0,10.0,-0.016762306913733482,0.009365769103169441,-0.06602975726127625,-0.13169249892234802,106,10
0.0011692047119140625,positive,10.0,10.0,-0.0423218235373497,-0.5686118006706238,-0.053248923271894455,0.5847126841545105,106,17
0.0017504692077636719,positive,10.0,10.0,-0.07353898137807846,-0.17154835164546967,-0.07167624682188034,-0.15249860286712646,106,27
0.0019211769104003906,positive,10.0,10.0,-0.0798688605427742,-0.36329346895217896,-0.08803790807723999,0.06634581089019775,106,30
0.0019795894622802734,positive,10.0,10.0,-0.08713472634553909,-0.5570501089096069,-0.08671098947525024,0.3300054967403412,106,31
0.002035856246948242,positive,10.0,10.0,-0.09827572852373123,-0.7508375644683838,-0.08011088520288467,0.5941334962844849,106,32
0.002090930938720703,positive,10.0,10.0,-0.11329248547554016,-0.9447522163391113,-0.06822821497917175,0.8605451583862305,106,33
0.0021474361419677734,positive,10.0,10.0,-0.13218753039836884,-0.7487707138061523,-0.051017310470342636,0.5472133755683899,106,34
0.002269268035888672,positive,10.0,10.0,-0.16602574288845062,-0.7474936246871948,-0.02360512875020504,0.5183830857276917,106,36
0.0023190975189208984,positive,10.0,10.0,-0.18097561597824097,-0.5520474314689636,-0.013237467966973782,0.2183561623096466,106,37
0.002441883087158203,positive,10.0,10.0,-0.20695611834526062,-0.9419735074043274,0.0012663394445553422,0.7967086434364319,106,39
0.0026009082794189453,positive,10.0,10.0,-0.25177285075187683,-0.7474948167800903,0.031633224338293076,0.518375813961029,106,42
0.0026464462280273438,positive,10.0,10.0,-0.26672273874282837,-0.5528321862220764,0.04200074076652527,0.23582658171653748,106,43
0.002691984176635742,positive,10.0,10.0,-0.27777937054634094,-0.748528242111206,0.04671727120876312,0.541456401348114,106,44
0.0027403831481933594,positive,10.0,10.0,-0.29274994134902954,-0.5540930032730103,0.05754639953374863,0.2638516128063202,106,45
0.0027856826782226562,positive,10.0,10.0,-0.3038318157196045,-0.3598376214504242,0.06282342970371246,-0.010139798745512962,106,46
0.0028891563415527344,positive,10.0,10.0,-0.3143419623374939,0.028505178168416023,0.05697346851229668,-0.5546521544456482,106,48
0.0029342174530029297,positive,10.0,10.0,-0.3137718439102173,-0.16736853122711182,0.04588042572140694,-0.24457719922065735,106,49
0.003036975860595703,positive,10.0,10.0,-0.31657785177230835,-0.16860507428646088,0.03054003044962883,-0.21713051199913025,106,51
0.0032007694244384766,positive,10.0,10.0,-0.3228168785572052,0.02547258883714676,0.012212848290801048,-0.4867329001426697,106,54
0.0032460689544677734,positive,10.0,10.0,-0.32230743765830994,-0.16981954872608185,0.002478190464898944,-0.19022606313228607,106,55
0.0033490657806396484,positive,10.0,10.0,-0.3251984715461731,-0.16983634233474731,-0.010968854650855064,-0.18986158072948456,106,57
0.003508329391479492,positive,10.0,10.0,-0.3392805755138397,0.02583315223455429,-0.016738539561629295,-0.49465039372444153,106,60
0.0035524368286132812,positive,10.0,10.0,-0.33876392245292664,-0.16904878616333008,-0.026631547138094902,-0.20728933811187744,106,61
0.003741025924682617,positive,10.0,10.0,-0.3449806571006775,0.027451004832983017,-0.04545089974999428,-0.5307369232177734,106,64
0.0037889480590820312,positive,10.0,10.0,-0.34443163871765137,0.2231818437576294,-0.0560656376183033,-0.8373879194259644,106,65
0.004076242446899414,negative,10.0,-10.0,-0.2829146087169647,1.2037816047668457,-0.20287786424160004,-2.4492621421813965,106,70
0.00016880035400390625,positive,10.0,10.0,-0.025251388549804688,0.02914099395275116,-0.03609437122941017,0.043998949229717255,107,0
0.0002372264862060547,positive,10.0,10.0,-0.02466856874525547,0.22476142644882202,-0.035214390605688095,-0.25985002517700195,107,1
0.0002913475036621094,positive,10.0,10.0,-0.020173341035842896,0.42036792635917664,-0.040411390364170074,-0.5634287595748901,107,2
0.0004177093505859375,positive,10.0,10.0,-0.0072492691688239574,0.42165514826774597,-0.057354893535375595,-0.5922704935073853,107,4
0.0004734992980957031,positive,10.0,10.0,0.0011838336940854788,0.22738103568553925,-0.069200299680233,-0.31819161772727966,107,5
0.0006003379821777344,positive,10.0,10.0,0.006397642660886049,-0.1606522500514984,-0.07652632892131805,0.2198079526424408,107,7
0.0008568763732910156,positive,10.0,10.0,-0.02193438820540905,-0.5471345782279968,-0.038354530930519104,0.7222893834114075,107,11
0.0009026527404785156,positive,10.0,10.0,-0.032877080142498016,-0.3515037000179291,-0.023908745497465134,0.4177853465080261,107,12
0.0010082721710205078,positive,10.0,10.0,-0.050832729786634445,-0.3509448170661926,-0.00149631779640913,0.40529802441596985,107,14
0.001226663589477539,positive,10.0,10.0,-0.08672131597995758,-0.35171034932136536,0.04281824082136154,0.4224942922592163,107,18
0.0013327598571777344,positive,10.0,10.0,-0.10470376163721085,-0.3530347943305969,0.0658353716135025,0.45224592089653015,107,20
0.0013816356658935547,positive,10.0,10.0,-0.11176446080207825,-0.5490230321884155,0.07488029450178146,0.7649329900741577,107,21
0.0014328956604003906,positive,10.0,10.0,-0.12274491786956787,-0.35500767827033997,0.0901789516210556,0.49671974778175354,107,22
0.002399444580078125,positive,10.0,10.0,-0.06873622536659241,0.39929232001304626,0.08118869364261627,-0.09860020875930786,107,38
0.002510547637939453,positive,10.0,10.0,-0.04888712987303734,0.39700934290885925,0.0719246044754982,-0.04803191125392914,107,40
0.0026242733001708984,positive,10.0,10.0,-0.02912634052336216,0.3949729800224304,0.06462030857801437,-0.0029916290659457445,107,42
0.0027341842651367188,positive,10.0,10.0,-0.017247147858142853,0.00300710741430521,0.07074766606092453,0.6216839551925659,107,44
0.0037910938262939453,positive,10.0,10.0,0.19033131003379822,1.344006896018982,0.0575152263045311,-0.8822469115257263,107,61
0.0039031505584716797,positive,10.0,10.0,0.24017450213432312,0.952495276927948,0.02842925861477852,-0.26707953214645386,107,63
0.003951549530029297,positive,10.0,10.0,0.25922441482543945,1.1472002267837524,0.023087667301297188,-0.5506618022918701,107,64
0.00400233268737793,positive,10.0,10.0,0.2821684181690216,0.9517616629600525,0.012074431404471397,-0.25079503655433655,107,65
0.004053831100463867,positive,10.0,10.0,0.3012036383152008,1.1467092037200928,0.007058530580252409,-0.5396451354026794,107,66
0.0041046142578125,positive,10.0,10.0,0.3241378366947174,1.3417311906814575,-0.0037343718577176332,-0.830095648765564,107,67
0.004155397415161133,positive,10.0,10.0,0.350972443819046,1.1466604471206665,-0.02033628523349762,-0.5385895371437073,107,68
0.0042035579681396484,positive,10.0,10.0,0.37390565872192383,1.3420623540878296,-0.031108075752854347,-0.8376101851463318,107,69
0.004319429397583008,positive,10.0,10.0,0.4236944913864136,1.3431388139724731,-0.05895768851041794,-0.8622398376464844,107,71
0.004370212554931641,positive,10.0,10.0,0.45055726170539856,1.539011836051941,-0.07620248198509216,-1.1728624105453491,107,72
0.004609107971191406,negative,10.0,-10.0,0.5660192966461182,1.5445674657821655,-0.16177934408187866,-1.307477593421936,107,76
0.0046617984771728516,negative,10.0,-10.0,0.5969106554985046,1.3518226146697998,-0.18792888522148132,-1.0694915056228638,107,77
0.004708528518676758,negative,10.0,-10.0,0.6239470839500427,1.1596152782440186,-0.20931872725486755,-0.8411831259727478,107,78
0.0002675056457519531,positive,10.0,10.0,0.008438268676400185,0.22739237546920776,-0.03784845024347305,-0.2747825086116791,108,1
0.0003218650817871094,positive,10.0,10.0,0.012986116111278534,0.42303332686424255,-0.04334409907460213,-0.5791585445404053,108,2
0.0003724098205566406,positive,10.0,10.0,0.02144678309559822,0.22854475677013397,-0.054927270859479904,-0.30043888092041016,108,3
0.0004246234893798828,positive,10.0,10.0,0.026017677038908005,0.03424697741866112,-0.06093604862689972,-0.02557223103940487,108,4
0.0005488395690917969,positive,10.0,10.0,0.03130636736750603,0.03599133715033531,-0.06818432360887527,-0.064151331782341,108,6
0.0006716251373291016,positive,10.0,10.0,0.0366666205227375,0.037951141595840454,-0.07701822370290756,-0.10754753649234772,108,8
0.0007250308990478516,positive,10.0,10.0,0.03742564097046852,-0.1559874713420868,-0.07916917651891708,0.15987703204154968,108,9
0.0008449554443359375,positive,10.0,10.0,0.02730805240571499,-0.5438603162765503,-0.0674402043223381,0.6943703889846802,108,11
0.000896453857421875,positive,10.0,10.0,0.016430845484137535,-0.7379851937294006,-0.05355279892683029,0.9650833606719971,108,12
0.0010569095611572266,positive,10.0,10.0,-0.01610467955470085,-0.5414199829101562,-0.014073725789785385,0.6387469172477722,108,15
0.0012178421020507812,positive,10.0,10.0,-0.04467933252453804,-0.3461637794971466,0.018213288858532906,0.34300360083580017,108,18
0.001262664794921875,positive,10.0,10.0,-0.05160260945558548,-0.5415400266647339,0.02507336065173149,0.6413738131523132,108,19
0.0014209747314453125,positive,10.0,10.0,-0.08021725714206696,-0.34794881939888,0.05825625732541084,0.38291051983833313,108,22
0.0016434192657470703,positive,10.0,10.0,-0.1081586629152298,-0.3517332375049591,0.09123959392309189,0.46758031845092773,108,26
0.0020058155059814453,positive,10.0,10.0,-0.10788708180189133,0.4197865128517151,0.09259958565235138,-0.5095952153205872,108,32
0.002056121826171875,positive,10.0,10.0,-0.09949135035276413,0.22349035739898682,0.08240768313407898,-0.18922710418701172,108,33
0.0021054744720458984,positive,10.0,10.0,-0.09502154588699341,0.41734257340431213,0.07862313836812973,-0.4548181891441345,108,34
0.002217531204223633,positive,10.0,10.0,-0.08225065469741821,0.02515675500035286,0.06675827503204346,0.17535698413848877,108,36
0.0022742748260498047,positive,10.0,10.0,-0.08174751698970795,0.21926292777061462,0.07026541233062744,-0.09554136544466019,108,37
0.0023832321166992188,positive,10.0,10.0,-0.06909603625535965,0.21728771924972534,0.06104949861764908,-0.05182531103491783,108,39
0.0025644302368164062,positive,10.0,10.0,-0.05220939218997955,0.40987592935562134,0.053247202187776566,-0.28897860646247864,108,42
0.0026187896728515625,positive,10.0,10.0,-0.04401187598705292,0.6041997671127319,0.04746763035655022,-0.5644038915634155,108,43
0.002738475799560547,positive,10.0,10.0,-0.01595538668334484,0.6030280590057373,0.019344298169016838,-0.5379251837730408,108,45
0.0028579235076904297,positive,10.0,10.0,0.00425796490162611,0.602637767791748,0.0038015879690647125,-0.5291727781295776,108,47
0.0029015541076660156,positive,10.0,10.0,0.01631072163581848,0.40746256709098816,-0.006781867705285549,-0.2352944016456604,108,48
0.0029447078704833984,positive,10.0,10.0,0.024459972977638245,0.6026807427406311,-0.011487755924463272,-0.5301088094711304,108,49
0.0030448436737060547,positive,10.0,10.0,0.044668033719062805,0.6031526923179626,-0.026911284774541855,-0.5406357049942017,108,51
0.0030922889709472656,positive,10.0,10.0,0.05673108622431755,0.4084191620349884,-0.037723999470472336,-0.256552129983902,108,52
0.003444194793701172,positive,10.0,10.0,0.1098465621471405,0.023218655958771706,-0.07887040823698044,0.21846160292625427,108,58
0.0034945011138916016,positive,10.0,10.0,0.11031093448400497,-0.17069245874881744,-0.074501171708107,0.4852601885795593,108,59
0.003542661666870117,positive,10.0,10.0,0.10689708590507507,-0.36468836665153503,-0.06479597091674805,0.7535637617111206,108,60
0.003589630126953125,positive,10.0,10.0,0.0996033176779747,-0.5588599443435669,-0.04972469434142113,1.0251731872558594,108,61
0.0036363601684570312,positive,10.0,10.0,0.0884261205792427,-0.3631123900413513,-0.029221229255199432,0.7173017859458923,108,62
0.003688812255859375,positive,10.0,10.0,0.08116386830806732,-0.5578179955482483,-0.014875193126499653,1.0006457567214966,108,63
0.003740072250366211,positive,10.0,10.0,0.07000751048326492,-0.36250045895576477,0.005137721076607704,0.7033286690711975,108,64
0.00379180908203125,positive,10.0,10.0,0.06275749951601028,-0.5576932430267334,0.019204294309020042,0.9976244568824768,108,65
0.003911733627319336,positive,10.0,10.0,0.044346973299980164,-0.5584749579429626,0.05337746441364288,1.0157808065414429,108,67
0.003963947296142578,positive,10.0,10.0,0.03317747265100479,-0.3641038239002228,0.07369308173656464,0.7403249144554138,108,68
0.004411935806274414,positive,10.0,10.0,0.060012850910425186,0.4054255783557892,0.0798744261264801,-0.1910150796175003,108,76
0.004456758499145508,positive,10.0,10.0,0.06812135875225067,0.5993193984031677,0.07605412602424622,-0.4574704170227051,108,77
0.004559755325317383,positive,10.0,10.0,0.08817193657159805,0.5973123908042908,0.06406836956739426,-0.4126652181148529,108,79
0.004721641540527344,positive,10.0,10.0,0.12005751579999924,0.399779736995697,0.04630411043763161,-0.0659051463007927,108,82
0.005010128021240234,positive,10.0,10.0,0.167715385556221,0.5920613408088684,0.030755089595913887,-0.2960285246372223,108,87
0.005059480667114258,positive,10.0,10.0,0.17955660820007324,0.39651474356651306,0.024834519252181053,0.006193218752741814,108,88
0.005167961120605469,positive,10.0,10.0,0.19931234419345856,0.786029040813446,0.019387347623705864,-0.5632596015930176,108,90
0.005216121673583984,positive,10.0,10.0,0.2150329202413559,0.5906405448913574,0.0081221554428339,-0.26453232765197754,108,91
0.0053255558013916016,positive,10.0,10.0,0.24255864322185516,0.5904840230941772,-0.00826133880764246,-0.261068731546402,108,93
0.005372762680053711,positive,10.0,10.0,0.2543683350086212,0.7857229113578796,-0.01348271407186985,-0.5563458800315857,108,94
0.005424976348876953,positive,10.0,10.0,0.2700827717781067,0.5907928347587585,-0.024609632790088654,-0.2679411470890045,108,95
0.0054721832275390625,positive,10.0,10.0,0.2818986475467682,0.39603057503700256,-0.02996845543384552,0.01687927357852459,108,96
0.005517721176147461,positive,10.0,10.0,0.28981924057006836,0.591569185256958,-0.0296308696269989,-0.2851063907146454,108,97
0.005709648132324219,positive,10.0,10.0,0.329242467880249,0.3980705440044403,-0.05318548157811165,-0.028165100142359734,108,100
0.0057642459869384766,positive,10.0,10.0,0.33720389008522034,0.5939132571220398,-0.053748782724142075,-0.3371429741382599,108,101
0.005818367004394531,positive,10.0,10.0,0.3490821421146393,0.3995957672595978,-0.060491643846035004,-0.06188215687870979,108,102
0.005869150161743164,positive,10.0,10.0,0.3570740818977356,0.20539094507694244,-0.06172928586602211,0.21111854910850525,108,103
0.0061588287353515625,positive,10.0,10.0,0.33875155448913574,-0.7671340107917786,0.014366020448505878,1.6061396598815918,108,108
0.006203651428222656,positive,10.0,10.0,0.3234088718891144,-0.5721848607063293,0.04648881405591965,1.317969560623169,108,109
0.0062482357025146484,positive,10.0,10.0,0.3119651675224304,-0.37768062949180603,0.07284820824861526,1.0401912927627563,108,110
0.0064809322357177734,negative,10.0,-10.0,0.28161704540252686,-0.3829720616340637,0.159247487783432,1.167616367340088,108,114
0.00026488304138183594,positive,10.0,10.0,0.034771256148815155,0.23984399437904358,0.049541160464286804,-0.2526755630970001,109,1
0.0005092620849609375,positive,10.0,10.0,0.06168530881404877,0.23760336637496948,0.019346365705132484,-0.20295292139053345,109,5
0.0006194114685058594,positive,10.0,10.0,0.07508624345064163,0.23710912466049194,0.005497892387211323,-0.1920093297958374,109,7
0.0009047985076904297,positive,10.0,10.0,0.10660221427679062,0.4327113926410675,-0.025415237993001938,-0.4953877329826355,109,12
0.0009517669677734375,positive,10.0,10.0,0.11525644361972809,0.6281823515892029,-0.035322993993759155,-0.7959707975387573,109,13
0.0009965896606445312,positive,10.0,10.0,0.12782008945941925,0.4335624873638153,-0.0512424111366272,-0.5146058797836304,109,14
0.0010399818420410156,positive,10.0,10.0,0.1364913433790207,0.239198237657547,-0.06153452768921852,-0.23850084841251373,109,15
0.0010833740234375,positive,10.0,10.0,0.1412753015756607,0.4351428151130676,-0.06630454212427139,-0.5499411821365356,109,16
0.0012462139129638672,positive,10.0,10.0,0.15573985874652863,-0.146768718957901,-0.0831112191081047,0.253896564245224,109,19
0.0012929439544677734,positive,10.0,10.0,0.15280447900295258,-0.34061166644096375,-0.07803328335285187,0.5192508101463318,109,20
0.0013375282287597656,positive,10.0,10.0,0.145992249250412,-0.5345533490180969,-0.0676482692360878,0.7863594889640808,109,21
0.0015010833740234375,positive,10.0,10.0,0.11787132918834686,-0.7274335622787476,-0.027476178482174873,1.0280863046646118,109,24
0.0016605854034423828,positive,10.0,10.0,0.08594872057437897,-0.5319690704345703,0.016264723613858223,0.7271302938461304,109,27
0.001706838607788086,positive,10.0,10.0,0.07530934363603592,-0.33707571029663086,0.03080732934176922,0.4396105408668518,109,28
0.001863718032836914,positive,10.0,10.0,0.05115410313010216,-0.5339136123657227,0.06367403268814087,0.7712133526802063,109,31
0.002129077911376953,positive,10.0,10.0,0.036556344479322433,0.04528733715415001,0.08726537227630615,0.028010964393615723,109,36
0.002174854278564453,positive,10.0,10.0,0.03746208921074867,0.23905649781227112,0.08782558888196945,-0.23591329157352448,109,37
0.0023331642150878906,positive,10.0,10.0,0.05563227832317352,0.43063557147979736,0.06947469711303711,-0.45073050260543823,109,40
0.0027115345001220703,positive,10.0,10.0,0.10386944562196732,0.23041069507598877,0.03164135292172432,-0.04425667226314545,109,47
0.002828359603881836,positive,10.0,10.0,0.1169789582490921,0.22951894998550415,0.02422039955854416,-0.02456970512866974,109,49
0.0029871463775634766,positive,10.0,10.0,0.1346317082643509,0.4236995577812195,0.017349883913993835,-0.29654061794281006,109,52
0.0033686161041259766,positive,10.0,10.0,0.18998020887374878,0.6182399988174438,-0.01682795025408268,-0.5763709545135498,109,59
0.0034155845642089844,positive,10.0,10.0,0.20234501361846924,0.42335793375968933,-0.028355369344353676,-0.28903642296791077,109,60
0.0035240650177001953,positive,10.0,10.0,0.22318962216377258,0.4242447316646576,-0.04594661295413971,-0.3087882101535797,109,62
0.003771543502807617,positive,10.0,10.0,0.24940940737724304,0.4272250533103943,-0.06081346794962883,-0.3748640716075897,109,66
0.0038220882415771484,positive,10.0,10.0,0.2579539120197296,0.23301728069782257,-0.06831075251102448,-0.10195902734994888,109,67
0.003932952880859375,positive,10.0,10.0,0.26339301466941833,0.2349921464920044,-0.06698165088891983,-0.14560645818710327,109,69
0.004042148590087891,positive,10.0,10.0,0.27671295404434204,0.23693829774856567,-0.079066701233387,-0.18878702819347382,109,71
0.004151105880737305,positive,10.0,10.0,0.2823123633861542,-0.1508113443851471,-0.0812835767865181,0.3433823585510254,109,73
0.00420069694519043,positive,10.0,10.0,0.2792961299419403,-0.3446885049343109,-0.07441592961549759,0.6093668341636658,109,74
0.004309654235839844,positive,10.0,10.0,0.2616284489631653,-0.34278571605682373,-0.044674310833215714,0.5661345720291138,109,76
0.004359722137451172,positive,10.0,10.0,0.25477272272109985,-0.5372533798217773,-0.03335161879658699,0.8444151878356934,109,77
0.004407167434692383,positive,10.0,10.0,0.24402767419815063,-0.34169259667396545,-0.01646331511437893,0.541433572769165,109,78
0.00445556640625,positive,10.0,10.0,0.23719380795955658,-0.5365793108940125,-0.005634643137454987,0.8288840651512146,109,79
0.004626750946044922,positive,10.0,10.0,0.208901509642601,-0.34183523058891296,0.03824262693524361,0.5447431802749634,109,82
0.0046749114990234375,positive,10.0,10.0,0.20206481218338013,-0.5374730825424194,0.04913749173283577,0.8492260575294495,109,83
0.005391359329223633,positive,10.0,10.0,0.20405733585357666,0.6163595914840698,0.09119760245084763,-0.5374347567558289,109,95
0.005678653717041016,positive,10.0,10.0,0.26546356081962585,0.41615480184555054,0.04262197017669678,-0.13023321330547333,109,100
0.0058405399322509766,positive,10.0,10.0,0.2864951491355896,0.6094481348991394,0.041444841772317886,-0.3828473389148712,109,103
0.005885601043701172,positive,10.0,10.0,0.29868412017822266,0.4137629568576813,0.03378789499402046,-0.07739037275314331,109,104
0.0063517093658447266,positive,10.0,10.0,0.35689693689346313,-0.3687555491924286,0.03717520460486412,1.138580083847046,109,112
0.006462574005126953,positive,10.0,10.0,0.33823496103286743,-0.7601499557495117,0.08880053460597992,1.7534822225570679,109,114
0.0001819133758544922,positive,10.0,10.0,0.022064926102757454,-0.002185478573665023,0.0013641132973134518,0.014498257078230381,110,0
0.0006186962127685547,positive,10.0,10.0,0.0569419302046299,-0.0008356967591680586,-0.04997049272060394,-0.015289032831788063,110,6
0.0007874965667724609,positive,10.0,10.0,0.06083642691373825,0.19648237526416779,-0.0576804056763649,-0.35692858695983887,110,9
0.0009465217590332031,positive,10.0,10.0,0.06877487897872925,0.004095418844372034,-0.07438623160123825,-0.12438090890645981,110,12
0.0009922981262207031,positive,10.0,10.0,0.06885678321123123,-0.18988639116287231,-0.07687384635210037,0.14393775165081024,110,13
0.0010387897491455078,positive,10.0,10.0,0.06505905836820602,-0.3838280439376831,-0.07399509102106094,0.41141241788864136,110,14
0.0010867118835449219,positive,10.0,10.0,0.0573824979364872,-0.5778272747993469,-0.0657668486237526,0.6798803210258484,110,15
0.0011322498321533203,positive,10.0,10.0,0.04582595080137253,-0.38185644149780273,-0.05216924101114273,0.36723798513412476,110,16
0.001234292984008789,positive,10.0,10.0,0.02666482888162136,-0.38048264384269714,-0.03196396678686142,0.3365707993507385,110,18
0.0015108585357666016,positive,10.0,10.0,-0.01912097819149494,-0.5745970606803894,0.011906270869076252,0.6068297624588013,110,23
0.0016727447509765625,positive,10.0,10.0,-0.057512491941452026,-0.38058599829673767,0.054471828043460846,0.33907976746559143,110,26
0.001720428466796875,positive,10.0,10.0,-0.06512421369552612,-0.5764390230178833,0.061253421008586884,0.648430347442627,110,27
0.001828908920288086,positive,10.0,10.0,-0.08429742604494095,-0.5783149003982544,0.08173498511314392,0.6907791495323181,110,29
0.0024156570434570312,negative,10.0,-10.0,-0.1271330863237381,0.18607722222805023,0.13766205310821533,-0.12817682325839996,110,39
0.0031461715698242188,positive,10.0,10.0,-0.03802146390080452,0.5564236044883728,0.08900720626115799,-0.2745850384235382,110,51
0.003196239471435547,positive,10.0,10.0,-0.026892993599176407,0.7501702904701233,0.08351550251245499,-0.537921130657196,110,52
0.0032470226287841797,positive,10.0,10.0,-0.011889588087797165,0.5539796352386475,0.07275708019733429,-0.22013576328754425,110,53
0.0032958984375,positive,10.0,10.0,-0.000809995923191309,0.7479902505874634,0.06835436820983887,-0.4890100359916687,110,54
0.003345489501953125,positive,10.0,10.0,0.014149808324873447,0.5519738793373108,0.058574166148900986,-0.1755915880203247,110,55
0.0034685134887695312,positive,10.0,10.0,0.040113501250743866,0.5503549575805664,0.046077609062194824,-0.1397177129983902,110,57
0.0035889148712158203,positive,10.0,10.0,0.06601635366678238,0.549079954624176,0.034932948648929596,-0.11150728166103363,110,59
0.003706216812133789,positive,10.0,10.0,0.09187164157629013,0.548114001750946,0.024843450635671616,-0.09015597403049469,110,61
0.003751516342163086,positive,10.0,10.0,0.10283391922712326,0.7428712248802185,0.02304033190011978,-0.37489840388298035,110,62
0.0037958621978759766,positive,10.0,10.0,0.11769134551286697,0.5474296808242798,0.015542362816631794,-0.07504069060087204,110,63
0.0038390159606933594,positive,10.0,10.0,0.12863993644714355,0.7423254251480103,0.014041549526154995,-0.3627797067165375,110,64
0.003999233245849609,positive,10.0,10.0,0.1692671924829483,0.9370744824409485,-0.0016528284177184105,-0.647189199924469,110,67
0.004114389419555664,positive,10.0,10.0,0.20284819602966309,0.5470641851425171,-0.021697156131267548,-0.06698248535394669,110,69
0.004159688949584961,positive,10.0,10.0,0.21378947794437408,0.7424903512001038,-0.023036805912852287,-0.36643123626708984,110,70
0.004203081130981445,positive,10.0,10.0,0.22863928973674774,0.5477032661437988,-0.03036542981863022,-0.08110027760267258,110,71
0.0042476654052734375,positive,10.0,10.0,0.23959335684776306,0.7432470321655273,-0.03198743611574173,-0.3832068145275116,110,72
0.004354953765869141,positive,10.0,10.0,0.26543015241622925,0.3540615737438202,-0.0416671447455883,0.17913542687892914,110,74
0.004403829574584961,positive,10.0,10.0,0.27251139283180237,0.54975426197052,-0.03808443620800972,-0.12639540433883667,110,75
0.004819631576538086,positive,10.0,10.0,0.36926645040512085,0.36052000522613525,-0.09123791009187698,0.036673404276371,110,82
0.004869699478149414,positive,10.0,10.0,0.37647685408592224,0.166816845536232,-0.09050444513559341,0.29923292994499207,110,83
0.0050394535064697266,positive,10.0,10.0,0.37486010789871216,-0.41479435563087463,-0.056739456951618195,1.0957255363464355,110,86
0.0051500797271728516,positive,10.0,10.0,0.3543817400932312,-0.8037944436073303,-0.007423349190503359,1.6516705751419067,110,88
0.005261421203613281,positive,10.0,10.0,0.3183292746543884,-0.8039892315864563,0.0644506961107254,1.6573965549468994,110,90
0.0054857730865478516,negative,10.0,-10.0,0.26948967576026917,-0.8090130686759949,0.1768854409456253,1.7890187501907349,110,94
0.00041961669921875,positive,10.0,10.0,-0.04459301009774208,0.18184074759483337,0.018072713166475296,-0.27640873193740845,111,3
0.00047659873962402344,positive,10.0,10.0,-0.04095619544386864,0.3767002522945404,0.012544538825750351,-0.5633371472358704,111,4
0.0007348060607910156,positive,10.0,10.0,-0.030068811029195786,0.18144428730010986,-0.0035296378191560507,-0.2676030993461609,111,7
0.0007879734039306641,positive,10.0,10.0,-0.026439925655722618,-0.013627119362354279,-0.008881700225174427,0.02396445907652378,111,8
0.0009610652923583984,positive,10.0,10.0,-0.015542808920145035,0.18193669617176056,-0.0251691322773695,-0.2785354554653168,111,11
0.0010755062103271484,positive,10.0,10.0,-0.004355904646217823,0.1827305257320404,-0.04232082888484001,-0.2962063252925873,111,13
0.0011267662048339844,positive,10.0,10.0,-0.0007012941059656441,-0.011763354763388634,-0.04824495315551758,-0.01716533489525318,111,14
0.0013666152954101562,positive,10.0,10.0,0.0062458328902721405,-0.008797201327979565,-0.06318042427301407,-0.08273836225271225,111,18
0.0014798641204833984,positive,10.0,10.0,0.002010704018175602,-0.006972533650696278,-0.06104797497391701,-0.12304967641830444,111,20
0.0015306472778320312,positive,10.0,10.0,0.001871253247372806,0.1889684945344925,-0.06350896507501602,-0.4343506693840027,111,21
0.0016522407531738281,positive,10.0,10.0,0.005546632222831249,-0.19921767711639404,-0.07544288039207458,0.10671704262495041,111,23
0.0018966197967529297,positive,10.0,10.0,-0.025869479402899742,-0.585545539855957,-0.04633326083421707,0.6062400341033936,111,27
0.0020034313201904297,positive,10.0,10.0,-0.04537653923034668,-0.5844254493713379,-0.028221843764185905,0.5810317993164062,111,29
0.002170562744140625,positive,10.0,10.0,-0.06871473789215088,0.001713218865916133,-0.011374905705451965,-0.3144146502017975,111,32
0.0023415088653564453,positive,10.0,10.0,-0.07250285148620605,-0.19273269176483154,-0.0246408861130476,-0.0366457961499691,111,35
0.0024445056915283203,positive,10.0,10.0,-0.07630283385515213,-0.192018061876297,-0.032113805413246155,-0.052425555884838104,111,37
0.0025539398193359375,positive,10.0,10.0,-0.08007220923900604,-0.1910858303308487,-0.040263619273900986,-0.07302093505859375,111,39
0.0026099681854248047,positive,10.0,10.0,-0.08389392495155334,0.004589525517076254,-0.04172403737902641,-0.37813040614128113,111,40
0.00267791748046875,positive,10.0,10.0,-0.08380213379859924,-0.18991579115390778,-0.04928664490580559,-0.09888965636491776,111,41
0.002749204635620117,positive,10.0,10.0,-0.08760044723749161,0.005876614712178707,-0.051264438778162,-0.4067060351371765,111,42
0.0032138824462890625,positive,10.0,10.0,-0.09834663569927216,-0.3785226345062256,-0.08817333728075027,0.050403840839862823,111,48
0.0033240318298339844,positive,10.0,10.0,-0.1173626258969307,-0.3760283887386322,-0.08088492602109909,-0.004832535516470671,111,50
0.0034477710723876953,positive,10.0,10.0,-0.13628125190734863,-0.763780951499939,-0.07575609534978867,0.5273556709289551,111,52
0.0035986900329589844,positive,10.0,10.0,-0.17071206867694855,-0.7618064284324646,-0.049304213374853134,0.48277518153190613,111,54
0.003828287124633789,positive,10.0,10.0,-0.212479829788208,-0.5649433135986328,-0.02705160342156887,0.15103097259998322,111,57
0.0038955211639404297,positive,10.0,10.0,-0.22377869486808777,-0.759667694568634,-0.024030983448028564,0.43505844473838806,111,58
0.003962039947509766,positive,10.0,10.0,-0.23897205293178558,-0.9544413685798645,-0.0153298145160079,0.7200701236724854,111,59
0.004023313522338867,positive,10.0,10.0,-0.25806087255477905,-0.759110689163208,-0.0009284113766625524,0.4226017892360687,111,60
0.004191875457763672,positive,10.0,10.0,-0.29970669746398926,-0.564227283000946,0.01860961690545082,0.13519659638404846,111,63
0.004238128662109375,positive,10.0,10.0,-0.31099122762680054,-0.7596108317375183,0.02131354995071888,0.43369200825691223,111,64
0.0044100284576416016,positive,10.0,10.0,-0.3526861071586609,-0.5656943917274475,0.04193933308124542,0.16767457127571106,111,67
0.004456758499145508,positive,10.0,10.0,-0.36399999260902405,-0.761390745639801,0.045292824506759644,0.47328758239746094,111,68
0.004504680633544922,positive,10.0,10.0,-0.37922778725624084,-0.9571221470832825,0.05475857853889465,0.7798950672149658,111,69
0.004550933837890625,positive,10.0,10.0,-0.39837023615837097,-1.1529524326324463,0.07035648077726364,1.0892912149429321,111,70
0.004779815673828125,negative,10.0,-10.0,-0.4985397756099701,-1.5480867624282837,0.17239020764827728,1.8022416830062866,111,74
0.00035500526428222656,positive,10.0,10.0,-0.0034690173342823982,0.009661504998803139,-0.0291249118745327,-0.012397801503539085,112,2
0.0004119873046875,positive,10.0,10.0,-0.0032757872249931097,0.2051887810230255,-0.029372869059443474,-0.31412583589553833,112,3
0.0004661083221435547,positive,10.0,10.0,0.00082798843504861,0.010497293435037136,-0.03565538674592972,-0.030848966911435127,112,4
0.0005900859832763672,positive,10.0,10.0,0.005160172935575247,0.011524495668709278,-0.0429636612534523,-0.05353746563196182,112,6
0.0006458759307861328,positive,10.0,10.0,0.005390663165599108,0.20723530650138855,-0.04403441399335861,-0.3594602346420288,112,7
0.0008287429809570312,positive,10.0,10.0,0.01396236103028059,0.01424983236938715,-0.060630738735198975,-0.11381017416715622,112,10
0.0011188983917236328,positive,10.0,10.0,0.0233744066208601,-0.17574821412563324,-0.0877804309129715,0.06631945073604584,112,15
0.0011665821075439453,positive,10.0,10.0,0.019859442487359047,-0.36950913071632385,-0.08645404130220413,0.3300674855709076,112,16
0.0012123584747314453,positive,10.0,10.0,0.012469259090721607,-0.5633008480072021,-0.07985269278287888,0.5942835211753845,112,17
0.0012564659118652344,positive,10.0,10.0,0.0012032424565404654,-0.7572196125984192,-0.06796702742576599,0.8607831001281738,112,18
0.0013005733489990234,positive,10.0,10.0,-0.013941150158643723,-0.5612411499023438,-0.05075136199593544,0.5475271940231323,112,19
0.0013442039489746094,positive,10.0,10.0,-0.025165973231196404,-0.3654443323612213,-0.039800819009542465,0.2392956018447876,112,20
0.0013885498046875,positive,10.0,10.0,-0.032474860548973083,-0.1697770655155182,-0.03501490503549576,-0.06567120552062988,112,21
0.0014331340789794922,positive,10.0,10.0,-0.03587040305137634,0.025828944519162178,-0.036328330636024475,-0.3691926598548889,112,22
0.0015380382537841797,positive,10.0,10.0,-0.0387289933860302,0.026961861178278923,-0.045475829392671585,-0.39432966709136963,112,24
0.0017044544219970703,positive,10.0,10.0,-0.04097232222557068,0.22422276437282562,-0.06419598311185837,-0.7350594401359558,112,27
0.0018346309661865234,positive,10.0,10.0,-0.035886991769075394,-0.1638798862695694,-0.08816219866275787,-0.196442648768425,112,29
0.0019481182098388672,positive,10.0,10.0,-0.046317338943481445,-0.5513266324996948,-0.09074747562408447,0.3294449746608734,112,31
0.0021209716796875,positive,10.0,10.0,-0.09102275222539902,-0.7428679466247559,-0.0551704540848732,0.5427020192146301,112,34
0.0022962093353271484,positive,10.0,10.0,-0.13164997100830078,-0.5458199977874756,-0.02942243218421936,0.20662976801395416,112,37
0.0024178028106689453,positive,10.0,10.0,-0.15737655758857727,-0.545039713382721,-0.015492074191570282,0.18934333324432373,112,39
0.002539396286010742,positive,10.0,10.0,-0.18307608366012573,-0.5446513891220093,-0.0021632243879139423,0.18075008690357208,112,41
0.0025970935821533203,positive,10.0,10.0,-0.19396911561489105,-0.7397422790527344,0.0014517772942781448,0.472749799489975,112,42
0.0027184486389160156,positive,10.0,10.0,-0.22746165096759796,-0.7399146556854248,0.026224572211503983,0.47665876150131226,112,44
0.0027642250061035156,positive,10.0,10.0,-0.2422599494457245,-0.9353968501091003,0.035757746547460556,0.7774904370307922,112,45
0.002868175506591797,positive,10.0,10.0,-0.27578356862068176,-0.5464220643043518,0.06123293563723564,0.22018684446811676,112,47
0.0029718875885009766,positive,10.0,10.0,-0.3015592694282532,-0.5482231378555298,0.07626745849847794,0.26023921370506287,112,49
0.0030193328857421875,positive,10.0,10.0,-0.312523752450943,-0.3542681038379669,0.0814722403883934,-0.007446734234690666,112,50
0.0030646324157714844,positive,10.0,10.0,-0.3196091055870056,-0.16040335595607758,0.0813233032822609,-0.2733529210090637,112,51
0.003110647201538086,positive,10.0,10.0,-0.3228171765804291,0.033469751477241516,0.07585624605417252,-0.5393187403678894,112,52
0.003155231475830078,positive,10.0,10.0,-0.32214778661727905,-0.16263200342655182,0.06506986916065216,-0.2237316519021988,112,53
0.0032575130462646484,positive,10.0,10.0,-0.32477036118507385,-0.1644192934036255,0.050691235810518265,-0.18405269086360931,112,55
0.003304004669189453,positive,10.0,10.0,-0.32805874943733215,0.029942074790596962,0.047010183334350586,-0.46032339334487915,112,56
0.003407001495361328,positive,10.0,10.0,-0.3307761549949646,0.02874910458922386,0.03473969176411629,-0.43372228741645813,112,58
0.003518819808959961,positive,10.0,10.0,-0.33353811502456665,0.027892036363482475,0.02345937117934227,-0.41464075446128845,112,60
0.003567934036254883,positive,10.0,10.0,-0.33298027515411377,0.22267375886440277,0.01516655646264553,-0.6998365521430969,112,61
0.0036182403564453125,positive,10.0,10.0,-0.3285267949104309,0.02734486572444439,0.0011698257876560092,-0.4024180769920349,112,62
0.003670215606689453,positive,10.0,10.0,-0.3279798924922943,-0.1677936613559723,-0.006878535728901625,-0.10936656594276428,112,63
0.0037200450897216797,positive,10.0,10.0,-0.33133575320243835,0.027426183223724365,-0.009065867401659489,-0.4042116701602936,112,64
0.0037696361541748047,positive,10.0,10.0,-0.3307872414588928,-0.16756603121757507,-0.01715010032057762,-0.1144006997346878,112,65
0.0038814544677734375,positive,10.0,10.0,-0.3335826098918915,-0.16704368591308594,-0.027687007561326027,-0.12595267593860626,112,67
0.003930091857910156,positive,10.0,10.0,-0.3369234800338745,0.02846374548971653,-0.030206061899662018,-0.42724037170410156,112,68
0.004044055938720703,positive,10.0,10.0,-0.339678555727005,0.029437212273478508,-0.041635483503341675,-0.4488825798034668,112,70
0.00409388542175293,positive,10.0,10.0,-0.3390898108482361,-0.16507184505462646,-0.05061313509941101,-0.16960914433002472,112,71
0.0041425228118896484,positive,10.0,10.0,-0.3423912525177002,0.03073664754629135,-0.05400531738996506,-0.47781968116760254,112,72
0.0005354881286621094,positive,10.0,10.0,0.027814200147986412,0.21785412728786469,0.018862100318074226,-0.2980884909629822,113,3
0.00060272216796875,positive,10.0,10.0,0.032171282917261124,0.022468453273177147,0.012900330126285553,0.00048301168135367334,113,4
0.0006673336029052734,positive,10.0,10.0,0.03262064978480339,0.21740303933620453,0.01290999073535204,-0.2881019413471222,113,5
0.0008976459503173828,positive,10.0,10.0,0.04175306111574173,0.41213488578796387,0.0016845513600856066,-0.5721597075462341,113,8
0.0009632110595703125,positive,10.0,10.0,0.04999575763940811,0.21698933839797974,-0.009758642874658108,-0.27894654870033264,113,9
0.001127004623413086,positive,10.0,10.0,0.06258052587509155,0.21734552085399628,-0.026831399649381638,-0.2868793308734894,113,11
0.001191854476928711,positive,10.0,10.0,0.06692744046449661,0.022616295143961906,-0.03256898745894432,-0.0027781131211668253,113,12
0.0012562274932861328,positive,10.0,10.0,0.06737976521253586,0.21818983554840088,-0.03262455016374588,-0.30555641651153564,113,13
0.0013229846954345703,positive,10.0,10.0,0.07174356281757355,0.023547612130641937,-0.03873567655682564,-0.023338381201028824,113,14
0.0013904571533203125,positive,10.0,10.0,0.0722145140171051,0.21920304000377655,-0.03920244425535202,-0.32798680663108826,113,15
0.0015454292297363281,positive,10.0,10.0,0.07709178328514099,0.22040773928165436,-0.04672057554125786,-0.3546826243400574,113,17
0.0017786026000976562,positive,10.0,10.0,0.08645615726709366,0.027536403387784958,-0.06308112293481827,-0.11152596771717072,113,20
0.0020096302032470703,positive,10.0,10.0,0.09206422418355942,0.22546063363552094,-0.07682064175605774,-0.4670415222644806,113,23
0.002077817916870117,positive,10.0,10.0,0.09657343477010727,0.031503330916166306,-0.08616147190332413,-0.19952666759490967,113,24
0.00255584716796875,positive,10.0,10.0,0.08125736564397812,-0.7400618195533752,-0.08990680426359177,0.778906524181366,113,30
0.0027060508728027344,positive,10.0,10.0,0.047779329121112823,-0.7378138899803162,-0.05348861217498779,0.7269430756568909,113,32
0.002771139144897461,positive,10.0,10.0,0.03302305191755295,-0.5419948101043701,-0.03894975036382675,0.41791635751724243,113,33
0.0028352737426757812,positive,10.0,10.0,0.02218315564095974,-0.34634315967559814,-0.03059142269194126,0.11321315914392471,113,34
0.0029032230377197266,positive,10.0,10.0,0.01525629311800003,-0.1507965326309204,-0.028327159583568573,-0.18896202743053436,113,35
0.0030527114868164062,positive,10.0,10.0,0.005330322310328484,-0.14993494749069214,-0.030213361606001854,-0.20798513293266296,113,37
0.003526926040649414,positive,10.0,10.0,-0.0007911780849099159,-0.14591370522975922,-0.07637585699558258,-0.2974097430706024,113,43
0.003593921661376953,positive,10.0,10.0,-0.0037094519939273596,-0.3398685157299042,-0.08232405036687851,-0.02975831739604473,113,44
0.003741025924682617,positive,10.0,10.0,-0.02118120901286602,-0.7275646924972534,-0.07820207625627518,0.501275897026062,113,46
0.00404810905456543,positive,10.0,10.0,-0.07926645874977112,-0.7241536378860474,-0.04078732430934906,0.4247220754623413,113,50
0.0042760372161865234,positive,10.0,10.0,-0.11878155916929245,-0.5275900959968567,-0.021867826581001282,0.09982878714799881,113,53
0.004341602325439453,positive,10.0,10.0,-0.12933336198329926,-0.33216166496276855,-0.01987125165760517,-0.1996723860502243,113,54
0.0044879913330078125,positive,10.0,10.0,-0.1387118250131607,-0.33153870701789856,-0.03383583948016167,-0.21348944306373596,113,56
0.004551887512207031,positive,10.0,10.0,-0.14534258842468262,-0.1359497606754303,-0.03810562565922737,-0.5166507959365845,113,57
0.0047016143798828125,positive,10.0,10.0,-0.15467189252376556,-0.13473568856716156,-0.053162943571805954,-0.5437750220298767,113,59
0.004767179489135742,positive,10.0,10.0,-0.15736660361289978,-0.3290718197822571,-0.06403844803571701,-0.268305242061615,113,60
0.004831075668334961,positive,10.0,10.0,-0.16394804418087006,-0.13309718668460846,-0.06940454989671707,-0.580479085445404,113,61
0.0049784183502197266,positive,10.0,10.0,-0.1731536090373993,-0.521061360836029,-0.08722297102212906,-0.04436824843287468,113,63
0.0055425167083740234,positive,10.0,10.0,-0.3041327893733978,-0.7095066905021667,-0.016592958942055702,0.10126431286334991,113,70
0.0056073665618896484,positive,10.0,10.0,-0.31832292675971985,-0.9043869972229004,-0.014567673206329346,0.3886663615703583,113,71
0.005753755569458008,positive,10.0,10.0,-0.35059189796447754,-0.9040852189064026,-0.004965821746736765,0.3819577991962433,113,73
0.005821704864501953,positive,10.0,10.0,-0.3686735928058624,-1.0991363525390625,0.002673334674909711,0.6730709075927734,113,74
0.005969524383544922,positive,10.0,10.0,-0.4165422320365906,-1.0993937253952026,0.03546663746237755,0.6790233850479126,113,76
0.006763935089111328,negative,10.0,-10.0,-0.6100953817367554,-0.7235961556434631,0.152553990483284,0.4165864884853363,113,86
0.006913423538208008,negative,10.0,-10.0,-0.6351858377456665,-0.7279430031776428,0.16439807415008545,0.5144205093383789,113,88
0.006978034973144531,negative,10.0,-10.0,-0.6497447490692139,-0.535471498966217,0.1746864914894104,0.2777214050292969,113,89
0.007127046585083008,negative,10.0,-10.0,-0.6751061677932739,-0.5403913259506226,0.19264110922813416,0.3890730142593384,113,91
0.007193326950073242,negative,10.0,-10.0,-0.6859139800071716,-0.34845080971717834,0.20042257010936737,0.16277480125427246,113,92
0.0003437995910644531,positive,10.0,10.0,-0.01002785935997963,0.22694790363311768,-0.005268352571874857,-0.29929089546203613,114,1
0.0006074905395507812,positive,10.0,10.0,-0.0003072127001360059,0.032225608825683594,-0.01750938408076763,-0.015426866710186005,114,4
0.0008342266082763672,positive,10.0,10.0,0.005543795879930258,0.22818955779075623,-0.02462099865078926,-0.3267565369606018,114,7
0.0008985996246337891,positive,10.0,10.0,0.010107587091624737,0.033426642417907715,-0.031156130135059357,-0.041938550770282745,114,8
0.0009641647338867188,positive,10.0,10.0,0.01077611930668354,0.22898118197917938,-0.03199490159749985,-0.3442864418029785,114,9
0.001028299331665039,positive,10.0,10.0,0.01535574346780777,0.034328654408454895,-0.03888062760233879,-0.06186196208000183,114,10
0.0012598037719726562,positive,10.0,10.0,0.02135116048157215,0.2312251329421997,-0.04918466508388519,-0.3940534293651581,114,13
0.0015692710876464844,positive,10.0,10.0,0.03213672339916229,0.23451903462409973,-0.07103970646858215,-0.4673478305339813,114,17
0.0016345977783203125,positive,10.0,10.0,0.03682710602879524,0.040468886494636536,-0.08038666099309921,-0.19787488877773285,114,18
0.0017902851104736328,positive,10.0,10.0,0.034568145871162415,-0.3472345471382141,-0.08297603577375412,0.3333315849304199,114,20
0.0018546581268310547,positive,10.0,10.0,0.027623455971479416,-0.5410835146903992,-0.07630940526723862,0.5987376570701599,114,21
0.0022554397583007812,positive,10.0,10.0,-0.018504532054066658,0.04779379814863205,-0.032111573964357376,-0.358956515789032,114,26
0.0023233890533447266,positive,10.0,10.0,-0.017548656091094017,-0.14685729146003723,-0.03929070383310318,-0.0765695795416832,114,27
0.002552509307861328,positive,10.0,10.0,-0.02242397703230381,0.05006761848926544,-0.05048676207661629,-0.4094144403934479,114,30
0.002945423126220703,positive,10.0,10.0,-0.03286503255367279,0.2492540329694748,-0.07157029211521149,-0.792942464351654,114,35
0.003821849822998047,positive,10.0,10.0,-0.11286764591932297,-1.0982412099838257,-0.07916104048490524,0.8560022711753845,114,46
0.0038874149322509766,positive,10.0,10.0,-0.1348324716091156,-1.2922003269195557,-0.06204099953174591,1.1227809190750122,114,47
0.004114627838134766,positive,10.0,10.0,-0.20061653852462769,-0.705237865447998,-0.013230690732598305,0.20648188889026642,114,50
0.004179716110229492,positive,10.0,10.0,-0.21472129225730896,-0.9001681804656982,-0.009101052768528461,0.49496200680732727,114,51
0.004245281219482422,positive,10.0,10.0,-0.23272466659545898,-0.7049190402030945,0.0007981873350217938,0.19942480325698853,114,52
0.0043942928314208984,positive,10.0,10.0,-0.2648240923881531,-0.7049983143806458,0.014633871614933014,0.20118887722492218,114,54
0.004459381103515625,positive,10.0,10.0,-0.27892404794692993,-0.9003264307975769,0.01865764893591404,0.49845194816589355,114,55
0.004689216613769531,positive,10.0,10.0,-0.3290598690509796,-0.706347644329071,0.043126437813043594,0.23113156855106354,114,58
0.004918575286865234,positive,10.0,10.0,-0.3753807842731476,-0.9035453200340271,0.06368780136108398,0.5703796148300171,114,61
0.005463838577270508,negative,10.0,-10.0,-0.5374928712844849,-1.1094882488250732,0.20803125202655792,1.1225367784500122,114,68
0.00023865699768066406,positive,10.0,10.0,0.033137064427137375,-0.04337466135621071,-0.04406280070543289,-0.03706275671720505,115,0
0.0003342628479003906,positive,10.0,10.0,0.03226957470178604,0.1523505449295044,-0.044804055243730545,-0.34331589937210083,115,1
0.0007059574127197266,positive,10.0,10.0,0.02893318049609661,0.15517251193523407,-0.0507163405418396,-0.40571677684783936,115,5
0.0008540153503417969,positive,10.0,10.0,0.039056140929460526,0.15671531856060028,-0.07310963422060013,-0.44034790992736816,115,7
0.0010843276977539062,positive,10.0,10.0,0.03682125359773636,-0.42496126890182495,-0.08346453309059143,0.3587627708911896,115,10
0.0012390613555908203,positive,10.0,10.0,0.02374686673283577,-0.032629791647195816,-0.07546982914209366,-0.27477163076400757,115,12
0.0013043880462646484,positive,10.0,10.0,0.02309427224099636,-0.2265983670949936,-0.08096526563167572,-0.006814032327383757,115,13
0.0013687610626220703,positive,10.0,10.0,0.018562303856015205,-0.4204714298248291,-0.08110154420137405,0.25926512479782104,115,14
0.0015981197357177734,positive,10.0,10.0,-0.018300551921129227,-0.6123677492141724,-0.04954744502902031,0.4806116819381714,115,17
0.0016634464263916016,positive,10.0,10.0,-0.03054790571331978,-0.4165826737880707,-0.03993521258234978,0.17273351550102234,115,18
0.00180816650390625,positive,10.0,10.0,-0.04329781234264374,-0.025287587195634842,-0.03912604972720146,-0.43624061346054077,115,20
0.0021202564239501953,positive,10.0,10.0,-0.06085357069969177,-0.022644242271780968,-0.05229740962386131,-0.4948466718196869,115,24
0.0024247169494628906,positive,10.0,10.0,-0.07037030160427094,-0.40910324454307556,-0.08238565921783447,0.007627937942743301,115,28
0.0026540756225585938,positive,10.0,10.0,-0.10654764622449875,-0.9907746911048889,-0.0659911036491394,0.8064181804656982,115,31
0.0028798580169677734,positive,10.0,10.0,-0.15423990786075592,-0.7935525178909302,-0.03627302125096321,0.46556222438812256,115,34
0.002944469451904297,positive,10.0,10.0,-0.17011095583438873,-0.597937285900116,-0.026961777359247208,0.1616704910993576,115,35
0.0031723976135253906,positive,10.0,10.0,-0.20986723899841309,-0.7921203374862671,-0.011900622397661209,0.4336329400539398,115,38
0.0032367706298828125,positive,10.0,10.0,-0.22570964694023132,-0.5968319177627563,-0.0032279635779559612,0.13722237944602966,115,39
0.003542184829711914,positive,10.0,10.0,-0.28126031160354614,-0.5970485210418701,0.01944069191813469,0.14202134311199188,115,43
0.0036063194274902344,positive,10.0,10.0,-0.2932012975215912,-0.7924433946609497,0.022281119599938393,0.44077351689338684,115,44
0.00366973876953125,positive,10.0,10.0,-0.30905014276504517,-0.5976437330245972,0.03109659068286419,0.1551966667175293,115,45
0.0038137435913085938,positive,10.0,10.0,-0.33686697483062744,-0.5985746383666992,0.043351031839847565,0.17581582069396973,115,47
0.0038793087005615234,positive,10.0,10.0,-0.3488384485244751,-0.7942893505096436,0.04686734825372696,0.4818532466888428,115,48
0.0039446353912353516,positive,10.0,10.0,-0.3647242486476898,-0.9900403618812561,0.05650441348552704,0.7889313697814941,115,49
0.004091024398803711,positive,10.0,10.0,-0.4004398286342621,-0.9917996525764465,0.08257397264242172,0.8291035890579224,115,51
0.0008313655853271484,positive,10.0,10.0,-0.03699994832277298,-0.1980450302362442,-0.040233202278614044,0.20937001705169678,116,7
0.0009849071502685547,positive,10.0,10.0,-0.04100828245282173,0.1932479590177536,-0.03796036168932915,-0.39956188201904297,116,9
0.0013740062713623047,positive,10.0,10.0,-0.029362060129642487,0.001689037075266242,-0.06900623440742493,-0.18566229939460754,116,14
0.00152587890625,positive,10.0,10.0,-0.02537374012172222,0.3937947750091553,-0.0827053040266037,-0.8139761686325073,116,16
0.0020084381103515625,negative,10.0,-10.0,0.010587084107100964,0.7925835251808167,-0.17221704125404358,-1.6053221225738525,116,22
0.0020761489868164062,negative,10.0,-10.0,0.026438754051923752,0.9892733097076416,-0.20432348549365997,-1.9463742971420288,116,23
0.0005197525024414062,positive,10.0,10.0,0.043167274445295334,0.24438540637493134,-0.0406862311065197,-0.28256955742836,117,3
0.0006699562072753906,positive,10.0,10.0,0.056856248527765274,0.24561992287635803,-0.058093663305044174,-0.3100683093070984,117,5
0.0007345676422119141,positive,10.0,10.0,0.06176864728331566,0.05137171223759651,-0.06429503113031387,-0.03625747188925743,117,6
0.0008802413940429688,positive,10.0,10.0,0.06774315983057022,0.05321410670876503,-0.07199043780565262,-0.07702118158340454,117,8
0.0012028217315673828,positive,10.0,10.0,0.04871777072548866,-0.3329711854457855,-0.045861370861530304,0.4195611774921417,117,12
0.0013501644134521484,positive,10.0,10.0,0.031510062515735626,-0.3317933678627014,-0.023521333932876587,0.3932015597820282,117,14
0.001417398452758789,positive,10.0,10.0,0.024874193593859673,-0.5265737771987915,-0.015657301992177963,0.6783767342567444,117,15
0.002045154571533203,positive,10.0,10.0,-0.051646262407302856,-0.13967455923557281,0.08283165842294693,0.16715313494205475,117,23
0.0021109580993652344,positive,10.0,10.0,-0.05443975329399109,0.05417004972696304,0.08617471903562546,-0.09829220175743103,117,24
0.002344369888305664,positive,10.0,10.0,-0.039561424404382706,0.2456815242767334,0.06440547108650208,-0.3116859197616577,117,27
0.0024099349975585938,positive,10.0,10.0,-0.03464779257774353,0.43982961773872375,0.05817175284028053,-0.5833821296691895,117,28
0.002557992935180664,positive,10.0,10.0,-0.013169393874704838,0.43836677074432373,0.02936035580933094,-0.5502522587776184,117,30
0.0026242733001708984,positive,10.0,10.0,-0.004402058199048042,0.24284499883651733,0.018355311825871468,-0.24846529960632324,117,31
0.0027704238891601562,positive,10.0,10.0,0.009208843111991882,0.24239246547222137,0.0026799547486007214,-0.23843199014663696,117,33
0.002914905548095703,positive,10.0,10.0,0.022806214168667793,0.24238352477550507,-0.012694052420556545,-0.23824432492256165,117,35
0.0029783248901367188,positive,10.0,10.0,0.027653884142637253,0.4376845061779022,-0.01745893992483616,-0.5349041223526001,117,36
0.0032014846801757812,positive,10.0,10.0,0.05003031715750694,0.2436833381652832,-0.04409654065966606,-0.26713377237319946,117,39
0.0032682418823242188,positive,10.0,10.0,0.05490398406982422,0.43940597772598267,-0.049439214169979095,-0.5733925104141235,117,40
0.0033330917358398438,positive,10.0,10.0,0.063692107796669,0.24501079320907593,-0.060907065868377686,-0.29668524861335754,117,41
0.0034792423248291016,positive,10.0,10.0,0.06960847228765488,0.24682126939296722,-0.06731709837913513,-0.3368167281150818,117,43
0.003542184829711914,positive,10.0,10.0,0.07454489916563034,0.44283339381217957,-0.07405342906713486,-0.6499452590942383,117,44
0.003605365753173828,positive,10.0,10.0,0.08340156823396683,0.2488168179988861,-0.08705233782529831,-0.38146981596946716,117,45
0.0040857791900634766,positive,10.0,10.0,0.0785532221198082,-0.5231336951255798,-0.089147187769413,0.6050820350646973,117,51
0.004152059555053711,positive,10.0,10.0,0.06809055060148239,-0.7169033288955688,-0.07704555243253708,0.8684077262878418,117,52
0.004483222961425781,positive,10.0,10.0,0.05375248193740845,-0.5208224654197693,-0.05967739596962929,0.5525299310684204,117,53
0.004635334014892578,positive,10.0,10.0,0.03683772310614586,-0.12913380563259125,-0.04379364103078842,-0.0659581795334816,117,55
0.004700660705566406,positive,10.0,10.0,0.034255046397447586,0.06658777594566345,-0.04511280730366707,-0.37213027477264404,117,56
0.004767179489135742,positive,10.0,10.0,0.035586804151535034,-0.12786522507667542,-0.05255541205406189,-0.09400620311498642,117,57
0.004834651947021484,positive,10.0,10.0,0.033029500395059586,-0.3221960663795471,-0.05443553626537323,0.18164339661598206,117,58
0.004899740219116211,positive,10.0,10.0,0.026585577055811882,-0.1263391375541687,-0.05080266669392586,-0.1277029663324356,117,59
0.005047798156738281,positive,10.0,10.0,0.02544824220240116,-0.12485524266958237,-0.0620761439204216,-0.16057367622852325,117,61
0.0051114559173583984,positive,10.0,10.0,0.022951139137148857,0.0710979476571083,-0.06528761982917786,-0.4721759855747223,117,62
0.005348920822143555,positive,10.0,10.0,0.01557177398353815,-0.5109319090843201,-0.07739762216806412,0.33427590131759644,117,65
0.005414724349975586,positive,10.0,10.0,0.005353136453777552,-0.31479859352111816,-0.07071210443973541,0.018224526196718216,117,66
0.005480289459228516,positive,10.0,10.0,-0.0009428354678675532,-0.11873754858970642,-0.0703476145863533,-0.29590412974357605,117,67
0.005710124969482422,positive,10.0,10.0,-0.01190661545842886,-0.31061190366744995,-0.08362887799739838,-0.0744343027472496,117,70
0.005858898162841797,positive,10.0,10.0,-0.0282076857984066,-0.6982492208480835,-0.08130285143852234,0.4554004967212677,117,72
0.00592350959777832,positive,10.0,10.0,-0.04217267036437988,-0.8921331763267517,-0.07219483703374863,0.7213890552520752,117,73
0.006231546401977539,positive,10.0,10.0,-0.12904690206050873,-0.8896133899688721,0.006536436732858419,0.6635381579399109,117,77
0.006776571273803711,positive,10.0,10.0,-0.21859800815582275,-0.6973924040794373,0.04956715553998947,0.4352966248989105,117,84
0.007002115249633789,positive,10.0,10.0,-0.25658419728279114,-0.5047090649604797,0.0708284080028534,0.19642385840415955,117,87
0.007066488265991211,positive,10.0,10.0,-0.2666783928871155,-0.7007688879966736,0.07475688308477402,0.5105823874473572,117,88
0.007292032241821289,positive,10.0,10.0,-0.29708853363990784,-0.1192365288734436,0.08936867117881775,-0.285404235124588,117,91
0.007356166839599609,positive,10.0,10.0,-0.29947325587272644,0.07450472563505173,0.08366058766841888,-0.5486169457435608,117,92
0.0074193477630615234,positive,10.0,10.0,-0.29798316955566406,-0.1216866672039032,0.07268825173377991,-0.2307915836572647,117,93
0.007807493209838867,positive,10.0,10.0,-0.30253875255584717,0.06915906816720963,0.042131081223487854,-0.4289625585079193,117,98
0.007874011993408203,positive,10.0,10.0,-0.30115556716918945,-0.1265334188938141,0.03355183079838753,-0.1233014166355133,117,99
0.007938385009765625,positive,10.0,10.0,-0.3036862313747406,-0.3221195936203003,0.031085800379514694,0.17977510392665863,117,100
0.00808572769165039,positive,10.0,10.0,-0.3126777410507202,-0.3230573236942291,0.03262247145175934,0.20047834515571594,117,102
0.008548974990844727,positive,10.0,10.0,-0.32427164912223816,0.06461777538061142,0.018863212317228317,-0.32839688658714294,117,108
0.008853912353515625,positive,10.0,10.0,-0.3269333243370056,0.06393448263406754,0.00488158967345953,-0.3132523000240326,117,112
0.00892019271850586,positive,10.0,10.0,-0.32565465569496155,-0.13125666975975037,-0.001383456401526928,-0.01903388649225235,117,113
0.009066581726074219,positive,10.0,10.0,-0.32700207829475403,-0.13121168315410614,-0.00800719391554594,-0.020026937127113342,117,115
0.009131193161010742,positive,10.0,10.0,-0.32962632179260254,0.0640241801738739,-0.008407732471823692,-0.31522542238235474,117,116
0.00920557975769043,positive,10.0,10.0,-0.3283458352088928,-0.13097700476646423,-0.014712241478264332,-0.025205839425325394,117,117
0.009269952774047852,positive,10.0,10.0,-0.3309653699398041,0.06435281038284302,-0.015216358006000519,-0.3224940896034241,117,118
0.009417533874511719,positive,10.0,10.0,-0.33228930830955505,0.06487665325403214,-0.022359207272529602,-0.33408769965171814,117,120
0.009881973266601562,positive,10.0,10.0,-0.33608847856521606,0.06774675846099854,-0.047605033963918686,-0.397723525762558,117,126
0.01010584831237793,positive,10.0,10.0,-0.33588284254074097,-0.12505170702934265,-0.066569983959198,-0.1562420129776001,117,129
0.010169744491577148,positive,10.0,10.0,-0.33838388323783875,0.07095708698034286,-0.06969481706619263,-0.46916109323501587,117,130
0.010397911071777344,positive,10.0,10.0,-0.34576746821403503,-0.5108606815338135,-0.08171285688877106,0.3328566253185272,117,133
0.01046609878540039,positive,10.0,10.0,-0.3559846580028534,-0.31467652320861816,-0.07505572587251663,0.015565428882837296,117,134
0.010531902313232422,positive,10.0,10.0,-0.36227819323539734,-0.5086463093757629,-0.07474441826343536,0.2836553156375885,117,135
0.010680198669433594,positive,10.0,10.0,-0.37870198488235474,-0.5066092014312744,-0.06970398873090744,0.23848162591457367,117,137
0.010746955871582031,positive,10.0,10.0,-0.388834148645401,-0.7006697058677673,-0.06493435800075531,0.5083891749382019,117,138
0.010812520980834961,positive,10.0,10.0,-0.402847558259964,-0.5046958923339844,-0.05476657301187515,0.19597060978412628,117,139
0.010878562927246094,positive,10.0,10.0,-0.41294145584106445,-0.698993444442749,-0.05084716156125069,0.47088661789894104,117,140
0.011026382446289062,positive,10.0,10.0,-0.4447885751724243,-1.087888240814209,-0.026487035676836967,1.026482343673706,117,142
0.01109004020690918,positive,10.0,10.0,-0.46654632687568665,-1.282647728919983,-0.0059573897160589695,1.3107328414916992,117,143
0.011157035827636719,positive,10.0,10.0,-0.4921993017196655,-1.477693796157837,0.020257266238331795,1.6015450954437256,117,144
0.011220216751098633,positive,10.0,10.0,-0.521753191947937,-1.6730495691299438,0.05228817090392113,1.9004740715026855,117,145
0.00041556358337402344,positive,10.0,10.0,0.031898997724056244,-0.00799656379967928,0.005415532737970352,0.00415789382532239,118,2
0.0004830360412597656,positive,10.0,10.0,0.03173906356096268,0.1870473027229309,0.005498690530657768,-0.2868114709854126,118,3
0.0007245540618896484,positive,10.0,10.0,0.03905641287565231,0.38209590315818787,-0.005788670852780342,-0.5778671503067017,118,6
0.0008726119995117188,positive,10.0,10.0,0.050439443439245224,-0.007814785465598106,-0.02308628149330616,0.00014867576828692108,118,8
0.001020193099975586,positive,10.0,10.0,0.05403575673699379,-0.007154931779950857,-0.029077865183353424,-0.014413474127650261,118,10
0.0010979175567626953,positive,10.0,10.0,0.05389265716075897,0.1883717030286789,-0.029366135597229004,-0.31612712144851685,118,11
0.0011668205261230469,positive,10.0,10.0,0.057660091668367386,0.38389936089515686,-0.03568867966532707,-0.6179245710372925,118,12
0.0015552043914794922,positive,10.0,10.0,0.0727660208940506,0.19243627786636353,-0.06524097919464111,-0.4064466059207916,118,17
0.0016217231750488281,positive,10.0,10.0,0.07661474496126175,-0.0017028081929311156,-0.07336991280317307,-0.13502474129199982,118,18
0.0016906261444091797,positive,10.0,10.0,0.07658068835735321,-0.19570133090019226,-0.0760704055428505,0.13363873958587646,118,19
0.0017573833465576172,positive,10.0,10.0,0.07266666740179062,0.0004231749044265598,-0.07339762896299362,-0.18204036355018616,118,20
0.0019893646240234375,positive,10.0,10.0,0.061053331941366196,-0.581488847732544,-0.06822548061609268,0.6220511794090271,118,23
0.0022192001342773438,positive,10.0,10.0,0.030118508264422417,-0.3839878439903259,-0.03794543072581291,0.27537721395492554,118,26
0.002445697784423828,positive,10.0,10.0,0.01881636120378971,-0.1874106526374817,-0.039653778076171875,-0.04967610910534859,118,29
0.0027551651000976562,positive,10.0,10.0,0.011698164977133274,0.20529359579086304,-0.05688674375414848,-0.690155029296875,118,33
0.0029823780059814453,positive,10.0,10.0,0.012363194487988949,-0.37695419788360596,-0.08193450421094894,0.1204255223274231,118,36
0.003047943115234375,positive,10.0,10.0,0.004824111238121986,-0.570812463760376,-0.07952599227428436,0.38617563247680664,118,37
0.003196239471435547,positive,10.0,10.0,-0.02188655361533165,-0.9587731957435608,-0.058747224509716034,0.9219996333122253,118,39
0.003423452377319336,positive,10.0,10.0,-0.06766513735055923,-0.3717367351055145,-0.021951327100396156,0.004942957311868668,118,42
0.003488779067993164,positive,10.0,10.0,-0.0750998705625534,-0.17630697786808014,-0.021852469071745872,-0.2945842444896698,118,43
0.0037147998809814453,positive,10.0,10.0,-0.08956027030944824,-0.370315283536911,-0.03412517532706261,-0.026430271565914154,118,46
0.0041046142578125,positive,10.0,10.0,-0.11087951809167862,-0.17235131561756134,-0.06246494874358177,-0.3824525475502014,118,51
0.0041692256927490234,positive,10.0,10.0,-0.11432654410600662,-0.3665332794189453,-0.07011400163173676,-0.1101003959774971,118,52
0.004315376281738281,positive,10.0,10.0,-0.1250668168067932,-0.3645073473453522,-0.08079708367586136,-0.1550164818763733,118,54
0.004380702972412109,positive,10.0,10.0,-0.13235695660114288,-0.5583850741386414,-0.0838974118232727,0.11112286895513535,118,55
0.004609107971191406,positive,10.0,10.0,-0.17749054729938507,-1.1400978565216064,-0.061309799551963806,0.9104971885681152,118,58
0.0046732425689697266,positive,10.0,10.0,-0.20029251277446747,-0.9442021250724792,-0.04309985786676407,0.5991920232772827,118,59
0.004830360412597656,positive,10.0,10.0,-0.23414663970470428,-0.5529530644416809,-0.025251002982258797,-0.0090811001136899,118,61
0.004897117614746094,positive,10.0,10.0,-0.24520570039749146,-0.7477039694786072,-0.02543262578547001,0.27552908658981323,118,62
0.004961729049682617,positive,10.0,10.0,-0.26015979051589966,-0.9424539804458618,-0.0199220422655344,0.560083270072937,118,63
0.0051081180572509766,positive,10.0,10.0,-0.29395002126693726,-0.9420545697212219,-0.003496556542813778,0.5511107444763184,118,65
0.005175590515136719,positive,10.0,10.0,-0.312791109085083,-0.7468836903572083,0.00752565823495388,0.25732821226119995,118,66
0.00540471076965332,positive,10.0,10.0,-0.36151444911956787,-0.9426229000091553,0.028993964195251465,0.5637807250022888,118,69
0.005550861358642578,positive,10.0,10.0,-0.4031296968460083,-1.3337856531143188,0.057578686624765396,1.1705228090286255,118,71
0.005617380142211914,positive,10.0,10.0,-0.4298053979873657,-1.1394578218460083,0.08098914474248886,0.8964328765869141,118,72
0.0060122013092041016,negative,10.0,-10.0,-0.5284112095832825,-0.9518507122993469,0.1533203274011612,0.7753987312316895,118,77
0.006079435348510742,negative,10.0,-10.0,-0.5474482178688049,-1.1487116813659668,0.16882829368114471,1.1121259927749634,118,78
0.006145477294921875,negative,10.0,-10.0,-0.5704224705696106,-0.9561601877212524,0.1910708099603653,0.8768053650856018,118,79
0.000499725341796875,positive,10.0,10.0,-0.012453563511371613,0.15873853862285614,-0.020907146856188774,-0.3178165555000305,119,3
0.0005664825439453125,positive,10.0,10.0,-0.009278792887926102,-0.03607948496937752,-0.027263477444648743,-0.03179963305592537,119,4
0.0007143020629882812,positive,10.0,10.0,-0.0068119303323328495,-0.03529135882854462,-0.03455863520503044,-0.04920236021280289,119,6
0.0008599758148193359,positive,10.0,10.0,-0.004311584401875734,-0.03429032117128372,-0.042594391852617264,-0.07131864875555038,119,8
0.0010843276977539062,positive,10.0,10.0,-0.0024301675148308277,0.1627671718597412,-0.05353628471493721,-0.4071406126022339,119,11
0.0012290477752685547,positive,10.0,10.0,0.00019404778140597045,0.164392352104187,-0.06431519985198975,-0.44329142570495605,119,13
0.001293182373046875,positive,10.0,10.0,0.00348189496435225,-0.029763398692011833,-0.07318102568387985,-0.1715555489063263,119,14
0.0013575553894042969,positive,10.0,10.0,0.0028866268694400787,-0.2237657755613327,-0.07661213725805283,0.09717311710119247,119,15
0.0015172958374023438,positive,10.0,10.0,-0.009942905977368355,-0.6116966605186462,-0.06737396121025085,0.6329711079597473,119,17
0.0018336772918701172,positive,10.0,10.0,-0.06658493727445602,-0.6091394424438477,-0.007248899433761835,0.5748903751373291,119,21
0.0019006729125976562,positive,10.0,10.0,-0.07876772433519363,-0.4139166474342346,0.0042489077895879745,0.2799326777458191,119,22
0.0020465850830078125,positive,10.0,10.0,-0.09922803193330765,-0.41411644220352173,0.021326614543795586,0.2843882143497467,119,24
0.002114534378051758,positive,10.0,10.0,-0.10751036554574966,-0.21930503845214844,0.02701437845826149,-0.001492879819124937,119,25
0.0021796226501464844,positive,10.0,10.0,-0.11189646273851395,-0.02458072081208229,0.026984520256519318,-0.28553152084350586,119,26
0.002665996551513672,positive,10.0,10.0,-0.1110156774520874,-0.025205465033650398,-0.011538013815879822,-0.271634042263031,119,32
0.0029714107513427734,positive,10.0,10.0,-0.10519994050264359,-0.023916633799672127,-0.04558480530977249,-0.30032646656036377,119,36
0.0030367374420166016,positive,10.0,10.0,-0.1056782677769661,-0.21836020052433014,-0.051591333001852036,-0.022361375391483307,119,37
0.003103494644165039,positive,10.0,10.0,-0.11004547774791718,-0.022537797689437866,-0.052038561552762985,-0.3308652937412262,119,38
0.0032520294189453125,positive,10.0,10.0,-0.11483386904001236,-0.020970070734620094,-0.05975659191608429,-0.365633487701416,119,40
0.0033178329467773438,positive,10.0,10.0,-0.1152532696723938,-0.21519416570663452,-0.06706926226615906,-0.09237533807754517,119,41
0.0033833980560302734,positive,10.0,10.0,-0.11955714970827103,-0.019178204238414764,-0.06891676783561707,-0.4054418206214905,119,42
0.0035338401794433594,positive,10.0,10.0,-0.12420588731765747,-0.40719762444496155,-0.07973076403141022,0.1321650594472885,119,44
0.0036008358001708984,positive,10.0,10.0,-0.13234984874725342,-0.6010923385620117,-0.07708746194839478,0.3986671268939972,119,45
0.003990888595581055,positive,10.0,10.0,-0.1610465794801712,-0.40079259872436523,-0.0884615108370781,-0.009592130780220032,119,50
0.004219770431518555,positive,10.0,10.0,-0.19671913981437683,-0.982145369052887,-0.07322736829519272,0.7825981974601746,119,53
0.004285097122192383,positive,10.0,10.0,-0.21636205911636353,-1.176188588142395,-0.05757540091872215,1.0513733625411987,119,54
0.0043506622314453125,positive,10.0,10.0,-0.2398858219385147,-0.9803522825241089,-0.036547932773828506,0.7411878705024719,119,55
0.004663944244384766,positive,10.0,10.0,-0.30265936255455017,-0.9792320132255554,-0.001697183819487691,0.7157819271087646,119,59
0.004811763763427734,positive,10.0,10.0,-0.3379257321357727,-0.5891457200050354,0.021069759503006935,0.13388685882091522,119,61
0.004877805709838867,positive,10.0,10.0,-0.3497086465358734,-0.7845630049705505,0.02374749630689621,0.433141827583313,119,62
0.004941463470458984,positive,10.0,10.0,-0.36539989709854126,-0.9800130128860474,0.032410331070423126,0.7332152724266052,119,63
0.005007266998291016,positive,10.0,10.0,-0.38500016927719116,-1.175567388534546,0.047074638307094574,1.0359197854995728,119,64
0.005722999572753906,negative,10.0,-10.0,-0.5663335919380188,-0.9954931139945984,0.208708718419075,1.0959179401397705,119,73
